piece,phase,frame,time_ms,landing_frame,x,y,velocity_x,velocity_y,speed,angular_velocity,angle,sleeping,ground_contact,mass,inertia,com_offset_px,footprint_width_px,bottom_width_1px,bottom_width_2px,bottom_width_4px,bottom_width_8px,contact_width_px,contact_center_offset_px,contact_points,contact_parts,aspect_ratio,physics_parts,triangles,regions,raw_regions,contour_vertices
1,falling,0,0.0,,195.000,97.029,0.00000,0.55000,0.55000,0.000000,0.000000,0,0,4.34800,1775.255,7.415,3.000,3.000,11.000,12.000,12.000,0.000,0.000,0,0,1.0110,88,176,88,91,83
1,falling,1,12.0,,195.000,97.565,0.00000,0.74406,0.74406,0.000000,0.000000,0,0,4.34800,1775.255,7.415,3.000,3.000,11.000,12.000,12.000,0.000,0.000,0,0,1.0110,88,176,88,91,83
1,falling,2,17.0,,195.000,97.812,0.00000,0.82405,0.82405,0.000000,0.000000,0,0,4.34800,1775.255,7.415,3.000,3.000,11.000,12.000,12.000,0.000,0.000,0,0,1.0110,88,176,88,91,83
1,falling,3,34.0,,195.000,98.929,0.00000,1.09477,1.09477,0.000000,0.000000,0,0,4.34800,1775.255,7.415,3.000,3.000,11.000,12.000,12.000,0.000,0.000,0,0,1.0110,88,176,88,91,83
1,falling,4,50.0,,195.000,100.220,0.00000,1.34567,1.34567,0.000000,0.000000,0,0,4.34800,1775.255,7.415,3.000,3.000,11.000,12.000,12.000,0.000,0.000,0,0,1.0110,88,176,88,91,83
1,falling,5,67.0,,195.000,101.861,0.00000,1.60842,1.60842,0.000000,0.000000,0,0,4.34800,1775.255,7.415,3.000,3.000,11.000,12.000,12.000,0.000,0.000,0,0,1.0110,88,176,88,91,83
1,falling,6,84.0,,195.000,103.766,0.00000,1.86714,1.86714,0.000000,0.000000,0,0,4.34800,1775.255,7.415,3.000,3.000,11.000,12.000,12.000,0.000,0.000,0,0,1.0110,88,176,88,91,83
1,falling,7,100.0,,195.000,105.788,0.00000,2.10692,2.10692,0.000000,0.000000,0,0,4.34800,1775.255,7.415,3.000,3.000,11.000,12.000,12.000,0.000,0.000,0,0,1.0110,88,176,88,91,83
1,falling,8,117.0,,195.000,108.193,0.00000,2.35802,2.35802,0.000000,0.000000,0,0,4.34800,1775.255,7.415,3.000,3.000,11.000,12.000,12.000,0.000,0.000,0,0,1.0110,88,176,88,91,83
1,falling,9,134.0,,195.000,110.851,0.00000,2.60527,2.60527,0.000000,0.000000,0,0,4.34800,1775.255,7.415,3.000,3.000,11.000,12.000,12.000,0.000,0.000,0,0,1.0110,88,176,88,91,83
1,falling,10,150.0,,195.000,113.572,0.00000,2.83443,2.83443,0.000000,0.000000,0,0,4.34800,1775.255,7.415,3.000,3.000,11.000,12.000,12.000,0.000,0.000,0,0,1.0110,88,176,88,91,83
1,falling,11,167.0,,195.000,116.708,0.00000,3.07439,3.07439,0.000000,0.000000,0,0,4.34800,1775.255,7.415,3.000,3.000,11.000,12.000,12.000,0.000,0.000,0,0,1.0110,88,176,88,91,83
1,falling,12,184.0,,195.000,120.085,0.00000,3.31069,3.31069,0.000000,0.000000,0,0,4.34800,1775.255,7.415,3.000,3.000,11.000,12.000,12.000,0.000,0.000,0,0,1.0110,88,176,88,91,83
1,falling,13,202.0,,195.000,123.473,0.00000,3.52968,3.52968,0.000000,0.000000,0,0,4.34800,1775.255,7.415,3.000,3.000,11.000,12.000,12.000,0.000,0.000,0,0,1.0110,88,176,88,91,83
1,falling,14,217.0,,195.000,127.307,0.00000,3.75901,3.75901,0.000000,0.000000,0,0,4.34800,1775.255,7.415,3.000,3.000,11.000,12.000,12.000,0.000,0.000,0,0,1.0110,88,176,88,91,83
1,falling,15,234.0,,195.000,131.372,0.00000,3.98483,3.98483,0.000000,0.000000,0,0,4.34800,1775.255,7.415,3.000,3.000,11.000,12.000,12.000,0.000,0.000,0,0,1.0110,88,176,88,91,83
1,falling,16,251.0,,195.000,135.398,0.00000,4.19411,4.19411,0.000000,0.000000,0,0,4.34800,1775.255,7.415,3.000,3.000,11.000,12.000,12.000,0.000,0.000,0,0,1.0110,88,176,88,91,83
1,falling,17,267.0,,195.000,139.900,0.00000,4.41328,4.41328,0.000000,0.000000,0,0,4.34800,1775.255,7.415,3.000,3.000,11.000,12.000,12.000,0.000,0.000,0,0,1.0110,88,176,88,91,83
1,falling,18,284.0,,195.000,144.621,0.00000,4.62909,4.62909,0.000000,0.000000,0,0,4.34800,1775.255,7.415,3.000,3.000,11.000,12.000,12.000,0.000,0.000,0,0,1.0110,88,176,88,91,83
1,falling,19,301.0,,195.000,149.257,0.00000,4.82910,4.82910,0.000000,0.000000,0,0,4.34800,1775.255,7.415,3.000,3.000,11.000,12.000,12.000,0.000,0.000,0,0,1.0110,88,176,88,91,83
1,falling,20,317.0,,195.000,154.397,0.00000,5.03854,5.03854,0.000000,0.000000,0,0,4.34800,1775.255,7.415,3.000,3.000,11.000,12.000,12.000,0.000,0.000,0,0,1.0110,88,176,88,91,83
1,falling,21,334.0,,195.000,159.746,0.00000,5.24479,5.24479,0.000000,0.000000,0,0,4.34800,1775.255,7.415,3.000,3.000,11.000,12.000,12.000,0.000,0.000,0,0,1.0110,88,176,88,91,83
1,falling,22,351.0,,195.000,164.965,0.00000,5.43593,5.43593,0.000000,0.000000,0,0,4.34800,1775.255,7.415,3.000,3.000,11.000,12.000,12.000,0.000,0.000,0,0,1.0110,88,176,88,91,83
1,falling,23,367.0,,195.000,170.714,0.00000,5.63609,5.63609,0.000000,0.000000,0,0,4.34800,1775.255,7.415,3.000,3.000,11.000,12.000,12.000,0.000,0.000,0,0,1.0110,88,176,88,91,83
1,falling,24,384.0,,195.000,176.663,0.00000,5.83319,5.83319,0.000000,0.000000,0,0,4.34800,1775.255,7.415,3.000,3.000,11.000,12.000,12.000,0.000,0.000,0,0,1.0110,88,176,88,91,83
1,falling,25,401.0,,195.000,182.439,0.00000,6.01586,6.01586,0.000000,0.000000,0,0,4.34800,1775.255,7.415,3.000,3.000,11.000,12.000,12.000,0.000,0.000,0,0,1.0110,88,176,88,91,83
1,falling,26,418.0,,195.000,188.770,0.00000,6.20715,6.20715,0.000000,0.000000,0,0,4.34800,1775.255,7.415,3.000,3.000,11.000,12.000,12.000,0.000,0.000,0,0,1.0110,88,176,88,91,83
1,falling,27,434.0,,195.000,195.293,0.00000,6.39552,6.39552,0.000000,0.000000,0,0,4.34800,1775.255,7.415,3.000,3.000,11.000,12.000,12.000,0.000,0.000,0,0,1.0110,88,176,88,91,83
1,falling,28,451.0,,195.000,201.601,0.00000,6.57009,6.57009,0.000000,0.000000,0,0,4.34800,1775.255,7.415,3.000,3.000,11.000,12.000,12.000,0.000,0.000,0,0,1.0110,88,176,88,91,83
1,falling,29,467.0,,195.000,208.489,0.00000,6.75290,6.75290,0.000000,0.000000,0,0,4.34800,1775.255,7.415,3.000,1.000,3.000,12.000,12.000,0.000,0.000,0,0,1.0110,88,176,88,91,83
1,falling,30,484.0,,195.000,215.560,0.00000,6.93291,6.93291,0.000000,0.000000,0,0,4.34800,1775.255,7.415,3.000,1.000,3.000,12.000,12.000,0.000,0.000,0,0,1.0110,88,176,88,91,83
1,falling,31,501.0,,195.000,222.376,0.00000,7.09975,7.09975,0.000000,0.000000,0,0,4.34800,1775.255,7.415,3.000,1.000,3.000,12.000,12.000,0.000,0.000,0,0,1.0110,88,176,88,91,83
1,falling,32,517.0,,195.000,229.796,0.00000,7.27445,7.27445,0.000000,0.000000,0,0,4.34800,1775.255,7.415,3.000,1.000,3.000,12.000,12.000,0.000,0.000,0,0,1.0110,88,176,88,91,83
1,falling,33,534.0,,195.000,237.391,0.00000,7.44649,7.44649,0.000000,0.000000,0,0,4.34800,1775.255,7.415,3.000,1.000,3.000,12.000,12.000,0.000,0.000,0,0,1.0110,88,176,88,91,83
1,falling,34,551.0,,195.000,244.693,0.00000,7.60592,7.60592,0.000000,0.000000,0,0,4.34800,1775.255,7.415,3.000,1.000,3.000,12.000,12.000,0.000,0.000,0,0,1.0110,88,176,88,91,83
1,falling,35,567.0,,195.000,252.621,0.00000,7.77289,7.77289,0.000000,0.000000,0,0,4.34800,1775.255,7.415,3.000,1.000,3.000,12.000,12.000,0.000,0.000,0,0,1.0110,88,176,88,91,83
1,falling,36,584.0,,195.000,260.717,0.00000,7.93730,7.93730,0.000000,0.000000,0,0,4.34800,1775.255,7.415,3.000,1.000,3.000,12.000,12.000,0.000,0.000,0,0,1.0110,88,176,88,91,83
1,falling,37,601.0,,195.000,268.483,0.00000,8.08967,8.08967,0.000000,0.000000,0,0,4.34800,1775.255,7.415,3.000,1.000,3.000,12.000,12.000,0.000,0.000,0,0,1.0110,88,176,88,91,83
1,falling,38,618.0,,195.000,276.898,0.00000,8.24923,8.24923,0.000000,0.000000,0,0,4.34800,1775.255,7.415,3.000,1.000,3.000,12.000,12.000,0.000,0.000,0,0,1.0110,88,176,88,91,83
1,falling,39,634.0,,195.000,285.472,0.00000,8.40635,8.40635,0.000000,0.000000,0,0,4.34800,1775.255,7.415,3.000,1.000,3.000,12.000,12.000,0.000,0.000,0,0,1.0110,88,176,88,91,83
1,falling,40,651.0,,195.000,293.682,0.00000,8.55196,8.55196,0.000000,0.000000,0,0,4.34800,1775.255,7.415,3.000,1.000,3.000,12.000,12.000,0.000,0.000,0,0,1.0110,88,176,88,91,83
1,falling,41,667.0,,195.000,302.561,0.00000,8.70445,8.70445,0.000000,0.000000,0,0,4.34800,1775.255,7.415,3.000,1.000,3.000,12.000,12.000,0.000,0.000,0,0,1.0110,88,176,88,91,83
1,falling,42,684.0,,195.000,311.592,0.00000,8.85461,8.85461,0.000000,0.000000,0,0,4.34800,1775.255,7.415,3.000,1.000,3.000,12.000,12.000,0.000,0.000,0,0,1.0110,88,176,88,91,83
1,falling,43,701.0,,195.000,320.226,0.00000,8.99377,8.99377,0.000000,0.000000,0,0,4.34800,1775.255,7.415,3.000,1.000,3.000,12.000,12.000,0.000,0.000,0,0,1.0110,88,176,88,91,83
1,falling,44,718.0,,195.000,329.549,0.00000,9.13949,9.13949,0.000000,0.000000,0,0,4.34800,1775.255,7.415,3.000,1.000,3.000,12.000,12.000,0.000,0.000,0,0,1.0110,88,176,88,91,83
1,falling,45,734.0,,195.000,339.017,0.00000,9.28299,9.28299,0.000000,0.000000,0,0,4.34800,1775.255,7.415,3.000,1.000,3.000,12.000,12.000,0.000,0.000,0,0,1.0110,88,176,88,91,83
1,falling,46,751.0,,195.000,348.057,0.00000,9.41599,9.41599,0.000000,0.000000,0,0,4.34800,1775.255,7.415,3.000,1.000,3.000,12.000,12.000,0.000,0.000,0,0,1.0110,88,176,88,91,83
1,falling,47,767.0,,195.000,357.803,0.00000,9.55525,9.55525,0.000000,0.000000,0,0,4.34800,1775.255,7.415,3.000,1.000,3.000,12.000,12.000,0.000,0.000,0,0,1.0110,88,176,88,91,83
1,falling,48,784.0,,195.000,367.689,0.00000,9.69239,9.69239,0.000000,0.000000,0,0,4.34800,1775.255,7.415,3.000,1.000,3.000,12.000,12.000,0.000,0.000,0,0,1.0110,88,176,88,91,83
1,falling,49,801.0,,195.000,377.116,0.00000,9.81949,9.81949,0.000000,0.000000,0,0,4.34800,1775.255,7.415,3.000,1.000,3.000,12.000,12.000,0.000,0.000,0,0,1.0110,88,176,88,91,83
1,falling,50,817.0,,195.000,387.268,0.00000,9.95258,9.95258,0.000000,0.000000,0,0,4.34800,1775.255,7.415,3.000,1.000,3.000,12.000,12.000,0.000,0.000,0,0,1.0110,88,176,88,91,83
1,falling,51,834.0,,195.000,397.553,0.00000,10.08364,10.08364,0.000000,0.000000,0,0,4.34800,1775.255,7.415,3.000,1.000,3.000,12.000,12.000,0.000,0.000,0,0,1.0110,88,176,88,91,83
1,falling,52,851.0,,195.000,407.350,0.00000,10.20510,10.20510,0.000000,0.000000,0,0,4.34800,1775.255,7.415,3.000,1.000,3.000,12.000,12.000,0.000,0.000,0,0,1.0110,88,176,88,91,83
1,falling,53,867.0,,195.000,417.889,0.00000,10.33230,10.33230,0.000000,0.000000,0,0,4.34800,1775.255,7.415,3.000,1.000,3.000,12.000,12.000,0.000,0.000,0,0,1.0110,88,176,88,91,83
1,falling,54,884.0,,195.000,428.555,0.00000,10.45755,10.45755,0.000000,0.000000,0,0,4.34800,1775.255,7.415,3.000,1.000,3.000,12.000,12.000,0.000,0.000,0,0,1.0110,88,176,88,91,83
1,falling,55,901.0,,195.000,438.706,0.00000,10.57363,10.57363,0.000000,0.000000,0,0,4.34800,1775.255,7.415,3.000,1.000,3.000,12.000,12.000,0.000,0.000,0,0,1.0110,88,176,88,91,83
1,falling,56,917.0,,195.000,449.615,0.00000,10.69518,10.69518,0.000000,0.000000,0,0,4.34800,1775.255,7.415,3.000,1.000,3.000,12.000,12.000,0.000,0.000,0,0,1.0110,88,176,88,91,83
1,falling,57,934.0,,195.000,460.646,0.00000,10.81488,10.81488,0.000000,0.000000,0,0,4.34800,1775.255,7.415,3.000,1.000,3.000,12.000,12.000,0.000,0.000,0,0,1.0110,88,176,88,91,83
1,falling,58,951.0,,195.000,471.135,0.00000,10.92581,10.92581,0.000000,0.000000,0,0,4.34800,1775.255,7.415,3.000,1.000,3.000,12.000,12.000,0.000,0.000,0,0,1.0110,88,176,88,91,83
1,post_landing,59,968.0,59,195.000,475.677,1.03669,-0.14661,1.04701,-0.059822,0.000000,0,1,4.34800,1775.255,7.415,3.000,1.000,3.000,12.000,12.000,0.000,0.000,0,10,1.0110,88,176,88,91,83
1,post_landing,60,984.0,59,196.041,474.532,-0.51295,-0.29913,0.59380,0.039353,-0.060085,0,1,4.34800,1775.255,7.415,3.000,2.056,6.049,12.038,12.279,0.000,0.000,0,7,1.0110,88,176,88,91,83
1,post_landing,61,1001.0,59,195.526,473.150,-0.33393,0.00000,0.33393,0.007319,-0.020559,0,1,4.34800,1775.255,7.415,3.000,2.020,6.019,12.018,12.100,0.000,0.000,0,2,1.0110,88,176,88,91,83
1,post_landing,62,1017.0,59,195.210,472.662,-0.49227,0.00000,0.49227,0.012755,-0.013634,0,1,4.34800,1775.255,7.415,3.000,2.013,6.013,12.013,12.067,0.000,0.000,0,1,1.0110,88,176,88,91,83
1,post_landing,63,1034.0,59,194.716,472.676,-0.62779,-0.01348,0.62794,0.014628,-0.000823,0,1,4.34800,1775.255,7.415,3.000,2.001,6.001,12.001,12.004,0.000,0.000,0,1,1.0110,88,176,88,91,83
1,post_landing,64,1051.0,59,194.122,472.683,-0.60787,-0.03180,0.60870,0.007915,0.013017,0,1,4.34800,1775.255,7.415,3.000,2.013,8.012,12.025,12.077,0.000,0.000,0,1,1.0110,88,176,88,91,83
1,post_landing,65,1068.0,59,193.511,472.694,-0.61660,-0.05045,0.61866,0.012629,0.020967,0,1,4.34800,1775.255,7.415,3.000,2.021,8.019,12.039,12.123,0.000,0.000,0,1,1.0110,88,176,88,91,83
1,post_landing,66,1084.0,59,192.892,472.714,-0.57073,-0.06895,0.57488,0.011496,0.033652,0,1,4.34800,1775.255,7.415,3.000,2.033,8.029,12.060,12.195,0.000,0.000,0,1,1.0110,88,176,88,91,83
1,post_landing,67,1101.0,59,192.352,472.736,-0.52876,-0.07223,0.53367,0.010877,0.044529,0,1,4.34800,1775.255,7.415,3.000,2.043,8.037,12.077,12.255,0.000,0.000,0,1,1.0110,88,176,88,91,83
1,post_landing,68,1118.0,59,191.821,472.767,-0.50332,-0.09464,0.51214,0.012456,0.055454,0,1,4.34800,1775.255,7.415,3.000,2.052,8.043,12.092,12.314,0.000,0.000,0,1,1.0110,88,176,88,91,83
1,post_landing,69,1134.0,59,191.315,472.808,-0.46589,-0.10857,0.47837,0.012748,0.067965,0,1,4.34800,1775.255,7.415,3.000,2.063,8.049,12.108,12.380,0.000,0.000,0,1,1.0110,88,176,88,91,83
1,post_landing,70,1151.0,59,190.847,472.858,-0.43123,-0.12034,0.44771,0.013472,0.080769,0,1,4.34800,1775.255,7.415,3.000,2.074,8.055,12.122,12.445,0.000,0.000,0,1,1.0110,88,176,88,91,83
1,post_landing,71,1168.0,59,190.439,472.913,-0.39952,-0.11036,0.41448,0.013987,0.093516,0,1,4.34800,1775.255,7.415,3.000,2.085,8.058,12.134,12.508,0.000,0.000,0,1,1.0110,88,176,88,91,83
1,post_landing,72,1184.0,59,190.038,472.987,-0.36980,-0.13701,0.39437,0.015688,0.107564,0,1,4.34800,1775.255,7.415,3.000,2.096,8.061,12.145,12.575,0.000,0.000,0,1,1.0110,88,176,88,91,83
1,post_landing,73,1201.0,59,189.688,473.075,-0.50309,-0.05271,0.50584,0.030398,0.122407,0,1,4.34800,1775.255,7.415,3.000,2.107,8.062,12.154,12.643,0.000,0.000,0,1,1.0110,88,176,88,91,83
1,post_landing,74,1218.0,59,189.183,473.287,-0.37886,-0.12912,0.40026,0.021738,0.152939,0,1,4.34800,1775.255,7.415,3.000,2.129,9.200,12.317,12.774,0.000,0.000,0,1,1.0110,88,176,88,91,83
1,post_landing,75,1234.0,59,188.802,473.463,-0.35328,-0.12597,0.37507,0.023346,0.174772,0,1,4.34800,1775.255,7.415,3.000,7.241,9.211,12.339,12.860,0.000,0.000,0,1,1.0110,88,176,88,91,83
1,post_landing,76,1251.0,59,188.468,473.612,-0.34819,0.14251,0.37623,0.023009,0.196861,0,0,4.34800,1775.255,7.415,3.000,7.256,9.217,12.355,12.942,0.000,0.000,0,0,1.0110,88,176,88,91,83
1,post_landing,77,1268.0,59,188.118,473.916,0.36002,-0.46855,0.59089,-0.011468,0.219971,0,1,4.34800,1775.255,7.415,3.000,7.268,9.220,12.365,13.020,0.000,0.000,0,1,1.0110,88,176,88,91,83
1,post_landing,78,1284.0,59,188.480,473.780,0.49796,-0.39851,0.63779,-0.007477,0.208453,0,1,4.34800,1775.255,7.415,3.000,7.262,9.219,12.361,12.982,0.000,0.000,0,1,1.0110,88,176,88,91,83
1,post_landing,79,1301.0,59,188.951,473.659,0.49079,-0.12610,0.50673,-0.007369,0.201378,0,0,4.34800,1775.255,7.415,3.000,7.259,9.218,12.358,12.958,0.000,0.000,0,0,1.0110,88,176,88,91,83
1,post_landing,80,1318.0,59,189.444,473.640,0.52724,0.06048,0.53069,-0.006826,0.193977,0,1,4.34800,1775.255,7.415,3.000,7.254,9.217,12.353,12.932,0.000,0.000,0,1,1.0110,88,176,88,91,83
1,post_landing,81,1334.0,59,189.973,473.575,0.56097,0.13030,0.57590,-0.006606,0.187121,0,1,4.34800,1775.255,7.415,3.000,7.250,9.215,12.349,12.907,0.000,0.000,0,1,1.0110,88,176,88,91,83
1,post_landing,82,1351.0,59,190.504,473.516,0.59723,0.12179,0.60952,-0.006056,0.180870,0,1,4.34800,1775.255,7.415,3.000,7.246,9.213,12.344,12.884,0.000,0.000,0,1,1.0110,88,176,88,91,83
1,post_landing,83,1368.0,59,191.104,473.464,0.62576,0.13664,0.64050,-0.005907,0.174787,0,1,4.34800,1775.255,7.415,3.000,7.241,9.211,12.339,12.861,0.000,0.000,0,1,1.0110,88,176,88,91,83
1,post_landing,84,1384.0,59,191.733,473.413,0.65216,0.13611,0.66621,-0.005723,0.168855,0,1,4.34800,1775.255,7.415,3.000,7.237,9.208,12.333,12.838,0.000,0.000,0,1,1.0110,88,176,88,91,83
1,post_landing,85,1401.0,59,192.350,473.366,0.68171,0.11571,0.69146,-0.005599,0.163440,0,1,4.34800,1775.255,7.415,3.000,7.232,9.205,12.328,12.816,0.000,0.000,0,1,1.0110,88,176,88,91,83
1,post_landing,86,1418.0,59,193.034,473.323,0.70396,0.26712,0.75293,-0.010541,0.157816,0,1,4.34800,1775.255,7.415,3.000,2.132,9.202,12.322,12.794,0.000,0.000,0,1,1.0110,88,176,88,91,83
1,post_landing,87,1434.0,59,193.741,473.242,0.72455,0.26109,0.77015,-0.012100,0.147229,0,1,4.34800,1775.255,7.415,3.000,2.125,9.196,12.310,12.750,0.000,0.000,0,1,1.0110,88,176,88,91,83
1,post_landing,88,1451.0,59,194.427,473.159,0.74878,0.20221,0.77560,-0.013287,0.135780,0,1,4.34800,1775.255,7.415,3.000,2.117,8.062,12.160,12.702,0.000,0.000,0,1,1.0110,88,176,88,91,83
1,post_landing,89,1468.0,59,195.179,473.074,0.76603,0.21538,0.79573,-0.014869,0.122435,0,1,4.34800,1775.255,7.415,3.000,2.107,8.062,12.154,12.643,0.000,0.000,0,1,1.0110,88,176,88,91,83
1,post_landing,90,1484.0,59,195.948,472.987,0.78200,0.19045,0.80486,-0.015911,0.107501,0,1,4.34800,1775.255,7.415,3.000,2.096,8.061,12.145,12.574,0.000,0.000,0,1,1.0110,88,176,88,91,83
1,post_landing,91,1501.0,59,196.688,472.908,0.80201,0.13347,0.81304,-0.017237,0.092446,0,1,4.34800,1775.255,7.415,3.000,2.084,8.058,12.133,12.503,0.000,0.000,0,1,1.0110,88,176,88,91,83
1,post_landing,92,1518.0,59,197.494,472.835,0.81530,0.13112,0.82578,-0.018537,0.075134,0,1,4.34800,1775.255,7.415,3.000,2.069,8.052,12.116,12.417,0.000,0.000,0,1,1.0110,88,176,88,91,83
1,post_landing,93,1534.0,59,198.313,472.770,0.82761,0.10702,0.83450,-0.019804,0.056516,0,1,4.34800,1775.255,7.415,3.000,2.053,8.044,12.094,12.320,0.000,0.000,0,1,1.0110,88,176,88,91,83
1,post_landing,94,1551.0,59,199.096,472.720,0.84426,0.06181,0.84652,-0.021652,0.037778,0,1,4.34800,1775.255,7.415,3.000,2.036,8.032,12.067,12.218,0.000,0.000,0,1,1.0110,88,176,88,91,83
1,post_landing,95,1567.0,59,199.944,472.688,0.85441,0.04365,0.85553,-0.023214,0.016031,0,1,4.34800,1775.255,7.415,3.000,2.016,8.015,12.031,12.095,0.000,0.000,0,1,1.0110,88,176,88,91,83
1,post_landing,96,1584.0,59,200.802,472.669,0.86381,0.01207,0.86389,-0.025026,-0.007285,0,1,4.34800,1775.255,7.415,3.000,2.007,6.007,12.007,12.036,0.000,0.000,0,1,1.0110,88,176,88,91,83
1,post_landing,97,1601.0,59,201.619,472.658,0.22309,0.00000,0.22309,0.036894,-0.030964,0,1,4.34800,1775.255,7.415,3.000,2.030,6.028,12.025,12.149,0.000,0.000,0,1,1.0110,88,176,88,91,83
1,post_landing,98,1617.0,59,201.843,472.680,0.14370,-0.01353,0.14433,0.034922,0.006092,0,1,4.34800,1775.255,7.415,3.000,2.006,8.006,12.012,12.036,0.000,0.000,0,1,1.0110,88,176,88,91,83
1,post_landing,99,1634.0,59,201.988,472.730,0.56961,0.08916,0.57655,-0.015358,0.041167,0,1,4.34800,1775.255,7.415,3.000,2.039,8.034,12.072,12.237,0.000,0.000,0,1,1.0110,88,176,88,91,83
1,post_landing,100,1651.0,59,202.527,472.700,0.15173,-0.02876,0.15443,0.026597,0.026636,0,1,4.34800,1775.255,7.415,3.000,2.026,8.024,12.049,12.156,0.000,0.000,0,1,1.0110,88,176,88,91,83
1,post_landing,101,1668.0,59,202.679,472.761,0.03483,-0.04377,0.05594,0.032827,0.053350,0,1,4.34800,1775.255,7.415,3.000,2.050,8.042,12.090,12.303,0.000,0.000,0,1,1.0110,88,176,88,91,83
1,post_landing,102,1684.0,59,202.714,472.882,0.45965,0.15911,0.48641,-0.016282,0.086321,0,1,4.34800,1775.255,7.415,3.000,2.079,8.056,12.128,12.473,0.000,0.000,0,1,1.0110,88,176,88,91,83
1,post_landing,103,1701.0,59,203.149,472.817,-0.05217,-0.01996,0.05586,0.037955,0.070916,0,1,4.34800,1775.255,7.415,3.000,2.066,8.051,12.112,12.395,0.000,0.000,0,1,1.0110,88,176,88,91,83
1,post_landing,104,1718.0,59,203.097,472.996,0.42674,0.18254,0.46414,-0.016874,0.109037,0,1,4.34800,1775.255,7.415,3.000,2.097,8.061,12.146,12.582,0.000,0.000,0,1,1.0110,88,176,88,91,83
1,post_landing,105,1734.0,59,203.525,472.908,0.06750,-0.08819,0.11106,0.025310,0.092089,0,1,4.34800,1775.255,7.415,3.000,2.083,8.058,12.133,12.501,0.000,0.000,0,1,1.0110,88,176,88,91,83
1,post_landing,106,1751.0,59,203.589,473.037,-0.08093,-0.02823,0.08572,0.036056,0.116036,0,1,4.34800,1775.255,7.415,3.000,2.102,8.062,12.151,12.614,0.000,0.000,0,1,1.0110,88,176,88,91,83
1,post_landing,107,1767.0,59,203.508,473.281,-0.00826,-0.09773,0.09808,0.027530,0.152251,0,1,4.34800,1775.255,7.415,3.000,2.129,9.199,12.316,12.771,0.000,0.000,0,1,1.0110,88,176,88,91,83
1,post_landing,108,1784.0,59,203.499,473.507,-0.07142,-0.06833,0.09885,0.032623,0.179901,0,1,4.34800,1775.255,7.415,3.000,7.245,9.213,12.343,12.880,0.000,0.000,0,1,1.0110,88,176,88,91,83
1,post_landing,109,1801.0,59,203.432,473.725,-0.07040,0.19932,0.21138,0.032153,0.210768,0,0,4.34800,1775.255,7.415,3.000,7.264,9.219,12.362,12.990,0.000,0.000,0,0,1.0110,88,176,88,91,83
1,post_landing,110,1818.0,59,203.361,474.173,0.73254,-0.48889,0.88070,-0.010846,0.243063,0,1,4.34800,1775.255,7.415,3.000,7.276,9.217,12.369,13.091,0.000,0.000,0,1,1.0110,88,176,88,91,83
1,post_landing,111,1834.0,59,204.097,473.971,0.72133,-0.19808,0.74803,-0.010680,0.232169,0,0,4.34800,1775.255,7.415,3.000,7.272,9.219,12.368,13.059,0.000,0.000,0,0,1.0110,88,176,88,91,83
1,post_landing,112,1851.0,59,204.779,473.934,0.35380,-0.07094,0.36084,0.014051,0.222064,0,1,4.34800,1775.255,7.415,3.000,7.269,9.219,12.366,13.027,0.000,0.000,0,1,1.0110,88,176,88,91,83
1,post_landing,113,1868.0,59,205.135,474.092,0.12857,-0.02528,0.13103,0.019129,0.236177,0,1,4.34800,1775.255,7.415,3.000,7.274,9.218,12.369,13.071,0.000,0.000,0,1,1.0110,88,176,88,91,83
1,post_landing,114,1884.0,59,205.264,474.321,1.04288,0.09126,1.04687,-0.039100,0.255390,0,1,4.34800,1775.255,7.415,3.000,7.278,9.213,12.369,41.524,0.000,0.000,0,1,1.0110,88,176,88,91,83
1,post_landing,115,1901.0,59,206.251,474.357,0.65714,0.03394,0.65802,0.001796,0.218394,0,1,4.34800,1775.255,7.415,3.000,7.267,9.220,12.365,13.015,0.000,0.000,0,3,1.0110,88,176,88,91,83
1,post_landing,116,1918.0,59,206.911,474.374,0.79434,-0.56462,0.97456,0.003609,0.220197,0,1,4.34800,1775.255,7.415,3.000,7.268,9.220,12.366,13.021,0.000,0.000,0,3,1.0110,88,176,88,91,83
1,post_landing,117,1934.0,59,207.709,473.958,-0.19369,-0.14995,0.24495,0.049376,0.223822,0,1,4.34800,1775.255,7.415,3.000,7.269,9.219,12.367,13.032,0.000,0.000,0,1,1.0110,88,176,88,91,83
1,post_landing,118,1951.0,59,207.525,473.961,-0.19090,0.11887,0.22488,0.048665,0.270540,0,0,4.34800,1775.255,7.415,3.000,7.280,9.474,12.365,41.590,0.000,0.000,0,0,1.0110,88,176,88,91,83
2,falling,0,22.0,,195.000,97.029,0.00000,0.55000,0.55000,0.000000,0.000000,0,0,4.14400,971.803,3.723,6.000,6.000,6.000,7.000,10.000,0.000,0.000,0,0,1.3076,83,166,83,90,76
2,falling,1,26.0,,195.000,97.137,0.00000,0.59851,0.59851,0.000000,0.000000,0,0,4.14400,971.803,3.723,6.000,6.000,6.000,7.000,10.000,0.000,0.000,0,0,1.3076,83,166,83,90,76
2,falling,2,42.0,,195.000,98.027,0.00000,0.87269,0.87269,0.000000,0.000000,0,0,4.14400,971.803,3.723,6.000,6.000,6.000,7.000,10.000,0.000,0.000,0,0,1.3076,83,166,83,90,76
2,falling,3,59.0,,195.000,99.192,0.00000,1.14267,1.14267,0.000000,0.000000,0,0,4.14400,971.803,3.723,6.000,6.000,6.000,7.000,10.000,0.000,0.000,0,0,1.3076,83,166,83,90,76
2,falling,4,75.0,,195.000,100.530,0.00000,1.39288,1.39288,0.000000,0.000000,0,0,4.14400,971.803,3.723,6.000,6.000,6.000,7.000,10.000,0.000,0.000,0,0,1.3076,83,166,83,90,76
2,falling,5,92.0,,195.000,102.218,0.00000,1.65491,1.65491,0.000000,0.000000,0,0,4.14400,971.803,3.723,6.000,6.000,6.000,7.000,10.000,0.000,0.000,0,0,1.3076,83,166,83,90,76
2,falling,6,109.0,,195.000,104.169,0.00000,1.91292,1.91292,0.000000,0.000000,0,0,4.14400,971.803,3.723,6.000,6.000,6.000,7.000,10.000,0.000,0.000,0,0,1.3076,83,166,83,90,76
2,falling,7,125.0,,195.000,106.235,0.00000,2.15204,2.15204,0.000000,0.000000,0,0,4.14400,971.803,3.723,6.000,6.000,6.000,7.000,10.000,0.000,0.000,0,0,1.3076,83,166,83,90,76
2,falling,8,142.0,,195.000,108.685,0.00000,2.40245,2.40245,0.000000,0.000000,0,0,4.14400,971.803,3.723,6.000,6.000,6.000,7.000,10.000,0.000,0.000,0,0,1.3076,83,166,83,90,76
2,falling,9,159.0,,195.000,111.387,0.00000,2.64902,2.64902,0.000000,0.000000,0,0,4.14400,971.803,3.723,6.000,6.000,6.000,7.000,10.000,0.000,0.000,0,0,1.3076,83,166,83,90,76
2,falling,10,176.0,,195.000,114.150,0.00000,2.87754,2.87754,0.000000,0.000000,0,0,4.14400,971.803,3.723,6.000,6.000,6.000,7.000,10.000,0.000,0.000,0,0,1.3076,83,166,83,90,76
2,falling,11,192.0,,195.000,117.329,0.00000,3.11685,3.11685,0.000000,0.000000,0,0,4.14400,971.803,3.723,6.000,6.000,6.000,7.000,10.000,0.000,0.000,0,0,1.3076,83,166,83,90,76
2,falling,12,209.0,,195.000,120.748,0.00000,3.35250,3.35250,0.000000,0.000000,0,0,4.14400,971.803,3.723,6.000,6.000,6.000,7.000,10.000,0.000,0.000,0,0,1.3076,83,166,83,90,76
2,falling,13,226.0,,195.000,124.176,0.00000,3.57089,3.57089,0.000000,0.000000,0,0,4.14400,971.803,3.723,6.000,6.000,6.000,7.000,10.000,0.000,0.000,0,0,1.3076,83,166,83,90,76
2,falling,14,242.0,,195.000,128.052,0.00000,3.79959,3.79959,0.000000,0.000000,0,0,4.14400,971.803,3.723,6.000,6.000,6.000,7.000,10.000,0.000,0.000,0,0,1.3076,83,166,83,90,76
2,falling,15,259.0,,195.000,132.157,0.00000,4.02479,4.02479,0.000000,0.000000,0,0,4.14400,971.803,3.723,6.000,6.000,6.000,7.000,10.000,0.000,0.000,0,0,1.3076,83,166,83,90,76
2,falling,16,276.0,,195.000,136.221,0.00000,4.23350,4.23350,0.000000,0.000000,0,0,4.14400,971.803,3.723,6.000,6.000,6.000,7.000,10.000,0.000,0.000,0,0,1.3076,83,166,83,90,76
2,falling,17,292.0,,195.000,140.763,0.00000,4.45206,4.45206,0.000000,0.000000,0,0,4.14400,971.803,3.723,6.000,6.000,6.000,7.000,10.000,0.000,0.000,0,0,1.3076,83,166,83,90,76
2,falling,18,309.0,,195.000,145.523,0.00000,4.66727,4.66727,0.000000,0.000000,0,0,4.14400,971.803,3.723,6.000,6.000,6.000,7.000,10.000,0.000,0.000,0,0,1.3076,83,166,83,90,76
2,falling,19,326.0,,195.000,150.195,0.00000,4.86673,4.86673,0.000000,0.000000,0,0,4.14400,971.803,3.723,6.000,6.000,6.000,7.000,10.000,0.000,0.000,0,0,1.3076,83,166,83,90,76
2,falling,20,342.0,,195.000,155.372,0.00000,5.07560,5.07560,0.000000,0.000000,0,0,4.14400,971.803,3.723,6.000,6.000,6.000,7.000,10.000,0.000,0.000,0,0,1.3076,83,166,83,90,76
2,falling,21,359.0,,195.000,160.759,0.00000,5.28128,5.28128,0.000000,0.000000,0,0,4.14400,971.803,3.723,6.000,6.000,6.000,7.000,10.000,0.000,0.000,0,0,1.3076,83,166,83,90,76
2,falling,22,376.0,,195.000,166.012,0.00000,5.47190,5.47190,0.000000,0.000000,0,0,4.14400,971.803,3.723,6.000,6.000,6.000,7.000,10.000,0.000,0.000,0,0,1.3076,83,166,83,90,76
2,falling,23,392.0,,195.000,171.797,0.00000,5.67151,5.67151,0.000000,0.000000,0,0,4.14400,971.803,3.723,6.000,6.000,6.000,7.000,10.000,0.000,0.000,0,0,1.3076,83,166,83,90,76
2,falling,24,409.0,,195.000,177.783,0.00000,5.86807,5.86807,0.000000,0.000000,0,0,4.14400,971.803,3.723,6.000,6.000,6.000,7.000,10.000,0.000,0.000,0,0,1.3076,83,166,83,90,76
2,falling,25,426.0,,195.000,183.591,0.00000,6.05024,6.05024,0.000000,0.000000,0,0,4.14400,971.803,3.723,6.000,6.000,6.000,7.000,10.000,0.000,0.000,0,0,1.3076,83,166,83,90,76
2,falling,26,442.0,,195.000,189.957,0.00000,6.24100,6.24100,0.000000,0.000000,0,0,4.14400,971.803,3.723,6.000,6.000,6.000,7.000,10.000,0.000,0.000,0,0,1.3076,83,166,83,90,76
2,falling,27,459.0,,195.000,196.514,0.00000,6.42885,6.42885,0.000000,0.000000,0,0,4.14400,971.803,3.723,6.000,6.000,6.000,7.000,10.000,0.000,0.000,0,0,1.3076,83,166,83,90,76
2,falling,28,476.0,,195.000,202.853,0.00000,6.60294,6.60294,0.000000,0.000000,0,0,4.14400,971.803,3.723,6.000,6.000,6.000,7.000,10.000,0.000,0.000,0,0,1.3076,83,166,83,90,76
2,falling,29,492.0,,195.000,209.774,0.00000,6.78525,6.78525,0.000000,0.000000,0,0,4.14400,971.803,3.723,6.000,6.000,6.000,7.000,10.000,0.000,0.000,0,0,1.3076,83,166,83,90,76
2,falling,30,509.0,,195.000,216.878,0.00000,6.96476,6.96476,0.000000,0.000000,0,0,4.14400,971.803,3.723,6.000,6.000,6.000,7.000,10.000,0.000,0.000,0,0,1.3076,83,166,83,90,76
2,falling,31,526.0,,195.000,223.724,0.00000,7.13114,7.13114,0.000000,0.000000,0,0,4.14400,971.803,3.723,6.000,6.000,6.000,7.000,10.000,0.000,0.000,0,0,1.3076,83,166,83,90,76
2,falling,32,542.0,,195.000,231.175,0.00000,7.30537,7.30537,0.000000,0.000000,0,0,4.14400,971.803,3.723,6.000,6.000,6.000,7.000,10.000,0.000,0.000,0,0,1.3076,83,166,83,90,76
2,falling,33,559.0,,195.000,238.802,0.00000,7.47693,7.47693,0.000000,0.000000,0,0,4.14400,971.803,3.723,6.000,6.000,6.000,7.000,10.000,0.000,0.000,0,0,1.3076,83,166,83,90,76
2,falling,34,576.0,,195.000,246.132,0.00000,7.63593,7.63593,0.000000,0.000000,0,0,4.14400,971.803,3.723,6.000,6.000,6.000,7.000,10.000,0.000,0.000,0,0,1.3076,83,166,83,90,76
2,falling,35,592.0,,195.000,254.091,0.00000,7.80243,7.80243,0.000000,0.000000,0,0,4.14400,971.803,3.723,6.000,6.000,6.000,7.000,10.000,0.000,0.000,0,0,1.3076,83,166,83,90,76
2,falling,36,609.0,,195.000,262.216,0.00000,7.96639,7.96639,0.000000,0.000000,0,0,4.14400,971.803,3.723,6.000,6.000,6.000,7.000,10.000,0.000,0.000,0,0,1.3076,83,166,83,90,76
2,falling,37,626.0,,195.000,270.010,0.00000,8.11834,8.11834,0.000000,0.000000,0,0,4.14400,971.803,3.723,6.000,6.000,6.000,7.000,10.000,0.000,0.000,0,0,1.3076,83,166,83,90,76
2,falling,38,642.0,,195.000,278.453,0.00000,8.27746,8.27746,0.000000,0.000000,0,0,4.14400,971.803,3.723,6.000,6.000,6.000,7.000,10.000,0.000,0.000,0,0,1.3076,83,166,83,90,76
2,falling,39,659.0,,195.000,287.056,0.00000,8.43415,8.43415,0.000000,0.000000,0,0,4.14400,971.803,3.723,6.000,6.000,6.000,7.000,10.000,0.000,0.000,0,0,1.3076,83,166,83,90,76
2,falling,40,676.0,,195.000,295.292,0.00000,8.57936,8.57936,0.000000,0.000000,0,0,4.14400,971.803,3.723,6.000,6.000,6.000,7.000,10.000,0.000,0.000,0,0,1.3076,83,166,83,90,76
2,falling,41,692.0,,195.000,304.198,0.00000,8.73143,8.73143,0.000000,0.000000,0,0,4.14400,971.803,3.723,6.000,6.000,6.000,7.000,10.000,0.000,0.000,0,0,1.3076,83,166,83,90,76
2,falling,42,709.0,,195.000,313.257,0.00000,8.88117,8.88117,0.000000,0.000000,0,0,4.14400,971.803,3.723,6.000,6.000,6.000,7.000,10.000,0.000,0.000,0,0,1.3076,83,166,83,90,76
2,falling,43,726.0,,195.000,321.916,0.00000,9.01995,9.01995,0.000000,0.000000,0,0,4.14400,971.803,3.723,6.000,6.000,6.000,7.000,10.000,0.000,0.000,0,0,1.3076,83,166,83,90,76
2,falling,44,742.0,,195.000,331.265,0.00000,9.16528,9.16528,0.000000,0.000000,0,0,4.14400,971.803,3.723,6.000,6.000,6.000,7.000,10.000,0.000,0.000,0,0,1.3076,83,166,83,90,76
2,falling,45,759.0,,195.000,340.759,0.00000,9.30838,9.30838,0.000000,0.000000,0,0,4.14400,971.803,3.723,6.000,6.000,6.000,7.000,10.000,0.000,0.000,0,0,1.3076,83,166,83,90,76
2,falling,46,777.0,,195.000,349.823,0.00000,9.44101,9.44101,0.000000,0.000000,0,0,4.14400,971.803,3.723,6.000,6.000,6.000,7.000,10.000,0.000,0.000,0,0,1.3076,83,166,83,90,76
2,falling,47,792.0,,195.000,359.594,0.00000,9.57990,9.57990,0.000000,0.000000,0,0,4.14400,971.803,3.723,6.000,6.000,6.000,7.000,10.000,0.000,0.000,0,0,1.3076,83,166,83,90,76
2,falling,48,809.0,,195.000,369.505,0.00000,9.71666,9.71666,0.000000,0.000000,0,0,4.14400,971.803,3.723,6.000,6.000,6.000,7.000,10.000,0.000,0.000,0,0,1.3076,83,166,83,90,76
2,falling,49,826.0,,195.000,378.955,0.00000,9.84340,9.84340,0.000000,0.000000,0,0,4.14400,971.803,3.723,6.000,6.000,6.000,7.000,10.000,0.000,0.000,0,0,1.3076,83,166,83,90,76
2,falling,50,842.0,,195.000,389.130,0.00000,9.97613,9.97613,0.000000,0.000000,0,0,4.14400,971.803,3.723,6.000,6.000,6.000,7.000,10.000,0.000,0.000,0,0,1.3076,83,166,83,90,76
2,falling,51,859.0,,195.000,399.439,0.00000,10.10683,10.10683,0.000000,0.000000,0,0,4.14400,971.803,3.723,6.000,6.000,6.000,7.000,10.000,0.000,0.000,0,0,1.3076,83,166,83,90,76
2,falling,52,876.0,,195.000,409.258,0.00000,10.22796,10.22796,0.000000,0.000000,0,0,4.14400,971.803,3.723,6.000,6.000,6.000,7.000,10.000,0.000,0.000,0,0,1.3076,83,166,83,90,76
2,falling,53,893.0,,195.000,419.820,0.00000,10.35481,10.35481,0.000000,0.000000,0,0,4.14400,971.803,3.723,6.000,6.000,6.000,7.000,10.000,0.000,0.000,0,0,1.3076,83,166,83,90,76
2,falling,54,909.0,,195.000,430.509,0.00000,10.47971,10.47971,0.000000,0.000000,0,0,4.14400,971.803,3.723,6.000,6.000,6.000,7.000,10.000,0.000,0.000,0,0,1.3076,83,166,83,90,76
2,falling,55,926.0,,195.000,441.324,0.00000,10.60270,10.60270,0.000000,0.000000,0,0,4.14400,971.803,3.723,6.000,6.000,6.000,7.000,10.000,0.000,0.000,0,0,1.3076,83,166,83,90,76
2,falling,56,942.0,,195.000,451.612,0.00000,10.71669,10.71669,0.000000,0.000000,0,0,4.14400,971.803,3.723,6.000,6.000,6.000,7.000,10.000,0.000,0.000,0,0,1.3076,83,166,83,90,76
2,falling,57,959.0,,195.000,462.665,0.00000,10.83606,10.83606,0.000000,0.000000,0,0,4.14400,971.803,3.723,6.000,6.000,6.000,7.000,10.000,0.000,0.000,0,0,1.3076,83,166,83,90,76
2,falling,58,976.0,,195.000,473.174,0.00000,10.94669,10.94669,0.000000,0.000000,0,0,4.14400,971.803,3.723,6.000,6.000,6.000,7.000,9.000,0.000,0.000,0,0,1.3076,83,166,83,90,76
2,post_landing,59,993.0,59,195.000,480.605,0.68026,-0.10033,0.68762,0.069894,0.000000,0,1,4.14400,971.803,3.723,6.000,6.000,6.000,7.000,9.000,0.000,0.000,0,6,1.3076,83,166,83,90,76
2,post_landing,60,1009.0,59,195.683,478.112,1.03259,0.07012,1.03497,0.018516,0.070201,0,1,4.14400,971.803,3.723,6.000,5.058,5.985,6.196,8.767,0.000,0.000,0,3,1.3076,83,166,83,90,76
2,post_landing,61,1026.0,59,196.660,476.983,2.24404,0.08941,2.24582,-0.098592,0.087721,0,1,4.14400,971.803,3.723,6.000,5.068,5.977,6.240,8.703,0.000,0.000,0,2,1.3076,83,166,83,90,76
2,post_landing,62,1043.0,59,198.914,476.906,1.68073,0.01822,1.68083,-0.010015,-0.011305,0,1,4.14400,971.803,3.723,6.000,4.011,6.000,7.033,10.078,0.000,0.000,0,2,1.3076,83,166,83,90,76
2,post_landing,63,1059.0,59,200.602,476.393,1.55571,-0.04395,1.55633,-0.005070,-0.021364,0,1,4.14400,971.803,3.723,6.000,4.020,5.999,7.062,10.147,0.000,0.000,0,1,1.3076,83,166,83,90,76
2,post_landing,64,1076.0,59,202.074,476.384,1.44131,-0.04917,1.44215,-0.002980,-0.026161,0,1,4.14400,971.803,3.723,6.000,4.025,5.998,7.076,10.180,0.000,0.000,0,1,1.3076,83,166,83,90,76
2,post_landing,65,1093.0,59,203.522,476.382,1.33410,-0.06223,1.33555,-0.004264,-0.029154,0,1,4.14400,971.803,3.723,6.000,4.027,5.997,7.084,10.200,0.000,0.000,0,1,1.3076,83,166,83,90,76
2,post_landing,66,1109.0,59,204.862,476.377,1.23487,-0.06770,1.23672,-0.005454,-0.033437,0,1,4.14400,971.803,3.723,6.000,4.031,5.997,7.096,10.228,0.000,0.000,0,1,1.3076,83,166,83,90,76
2,post_landing,67,1126.0,59,206.030,476.370,1.14406,-0.06485,1.14590,-0.006442,-0.038597,0,1,4.14400,971.803,3.723,6.000,4.036,5.996,7.111,10.263,0.000,0.000,0,1,1.3076,83,166,83,90,76
2,post_landing,68,1142.0,59,207.179,476.367,1.05896,-0.08158,1.06210,-0.007903,-0.045068,0,1,4.14400,971.803,3.723,6.000,4.041,5.994,7.128,10.305,0.000,0.000,0,1,1.3076,83,166,83,90,76
2,post_landing,69,1159.0,59,208.243,476.364,0.98020,-0.09031,0.98435,-0.009452,-0.053006,0,1,4.14400,971.803,3.723,6.000,4.047,5.992,7.149,10.357,0.000,0.000,0,1,1.3076,83,166,83,90,76
2,post_landing,70,1176.0,59,209.170,476.362,0.90812,-0.08570,0.91215,-0.010780,-0.061949,0,1,4.14400,971.803,3.723,6.000,4.054,5.988,7.172,10.414,0.000,0.000,0,1,1.3076,83,166,83,90,76
2,post_landing,71,1192.0,59,210.083,476.368,0.84057,-0.10753,0.84742,-0.013067,-0.072777,0,1,4.14400,971.803,3.723,6.000,4.062,5.984,7.200,10.483,0.000,0.000,0,1,1.3076,83,166,83,90,76
2,post_landing,72,1209.0,59,210.927,476.392,0.86605,-0.05207,0.86762,-0.025072,-0.085902,0,1,4.14400,971.803,3.723,6.000,4.071,5.978,7.232,10.564,0.000,0.000,0,1,1.3076,83,166,83,90,76
2,post_landing,73,1226.0,59,211.746,476.433,0.80237,-0.08360,0.80671,-0.022088,-0.109624,0,1,4.14400,971.803,3.723,6.000,4.085,5.964,7.286,10.706,0.000,0.000,0,1,1.3076,83,166,83,90,76
2,post_landing,74,1242.0,59,212.552,476.495,0.80866,-0.11428,0.81669,-0.031845,-0.131809,0,1,4.14400,971.803,3.723,6.000,4.097,5.948,7.334,10.833,0.000,0.000,0,1,1.3076,83,166,83,90,76
2,post_landing,75,1259.0,59,213.364,476.617,0.74851,-0.15220,0.76382,-0.031478,-0.163794,0,1,4.14400,971.803,3.723,6.000,4.110,5.920,7.395,11.008,0.000,0.000,0,1,1.3076,83,166,83,90,76
2,post_landing,76,1276.0,59,214.073,476.768,0.69347,-0.14024,0.70750,-0.031662,-0.193578,0,1,4.14400,971.803,3.723,6.000,4.118,5.888,7.446,11.352,0.000,0.000,0,1,1.3076,83,166,83,90,76
2,post_landing,77,1292.0,59,214.769,476.948,0.68286,0.14523,0.69813,-0.031177,-0.225378,0,0,4.14400,971.803,3.723,6.000,4.122,4.122,7.493,11.535,0.000,0.000,0,0,1.3076,83,166,83,90,76
2,post_landing,78,1309.0,59,215.455,477.253,0.62207,-0.12942,0.63539,-0.022509,-0.256692,0,1,4.14400,971.803,3.723,6.000,4.123,4.123,7.532,11.703,0.000,0.000,0,1,1.3076,83,166,83,90,76
2,post_landing,79,1326.0,59,216.043,477.387,0.61311,0.13911,0.62870,-0.022185,-0.277990,0,0,4.14400,971.803,3.723,6.000,4.121,4.121,8.791,13.048,0.000,0.000,0,0,1.3076,83,166,83,90,76
2,post_landing,80,1342.0,59,216.659,477.678,0.57663,-0.11159,0.58733,-0.021892,-0.300272,0,1,4.14400,971.803,3.723,6.000,4.117,4.117,8.825,13.170,0.000,0.000,0,1,1.3076,83,166,83,90,76
2,post_landing,81,1359.0,59,217.238,477.855,0.56781,0.17345,0.59371,-0.021557,-0.322260,0,0,4.14400,971.803,3.723,6.000,4.111,4.111,8.855,13.284,0.000,0.000,0,0,1.3076,83,166,83,90,76
2,post_landing,82,1376.0,59,217.776,478.167,0.46250,-0.09570,0.47229,-0.017473,-0.342656,0,1,4.14400,971.803,3.723,6.000,1.278,4.103,8.879,13.384,0.000,0.000,0,1,1.3076,83,166,83,90,76
2,post_landing,83,1392.0,59,218.240,478.385,0.15392,0.07186,0.16987,0.015060,-0.360205,0,1,4.14400,971.803,3.723,6.000,1.288,4.096,8.896,13.466,0.000,0.000,0,1,1.3076,83,166,83,90,76
2,post_landing,84,1409.0,59,218.395,478.511,-0.85501,-1.05203,1.35565,0.042737,-0.345080,0,1,4.14400,971.803,3.723,6.000,1.279,4.102,8.881,13.396,0.000,0.000,0,2,1.3076,83,166,83,90,76
2,post_landing,85,1426.0,59,217.586,477.717,-0.70425,-1.32825,1.50340,-0.021696,-0.304643,0,1,4.14400,971.803,3.723,6.000,4.116,4.116,8.831,13.193,0.000,0.000,0,1,1.3076,83,166,83,90,76
2,post_landing,86,1442.0,59,216.879,476.628,-0.69347,-1.02459,1.23721,-0.021364,-0.326434,0,0,4.14400,971.803,3.723,6.000,4.109,4.109,8.860,13.305,0.000,0.000,0,0,1.3076,83,166,83,90,76
2,post_landing,87,1459.0,59,216.182,475.852,-0.68286,-0.72559,0.99638,-0.021037,-0.347891,0,0,4.14400,971.803,3.723,6.000,1.281,4.101,8.884,13.409,0.000,0.000,0,0,1.3076,83,166,83,90,76
2,post_landing,88,1476.0,59,215.536,475.393,-0.67303,-0.44847,0.80876,-0.020734,-0.367796,0,0,4.14400,971.803,3.723,6.000,1.293,4.092,8.903,13.500,0.000,0.000,0,0,1.3076,83,166,83,90,76
2,post_landing,89,1492.0,59,214.860,475.209,-0.66273,-0.15828,0.68137,-0.020417,-0.388621,0,0,4.14400,971.803,3.723,6.000,1.304,4.081,8.919,13.969,0.000,0.000,0,0,1.3076,83,166,83,90,76
2,post_landing,90,1509.0,59,214.194,475.321,-0.65259,0.12748,0.66493,-0.020104,-0.409127,0,0,4.14400,971.803,3.723,6.000,1.315,4.068,8.931,14.070,0.000,0.000,0,0,1.3076,83,166,83,90,76
2,post_landing,91,1526.0,59,213.577,475.698,-0.64320,0.39231,0.75340,-0.019815,-0.428149,0,0,4.14400,971.803,3.723,6.000,1.325,4.054,8.939,14.159,0.000,0.000,0,0,1.3076,83,166,83,90,76
2,post_landing,92,1542.0,59,212.931,476.381,-0.63335,0.66964,0.92171,-0.019512,-0.448051,0,0,4.14400,971.803,3.723,6.000,1.335,4.038,8.943,15.581,0.000,0.000,0,0,1.3076,83,166,83,90,76
2,post_landing,93,1559.0,59,212.295,477.343,-0.62366,0.94273,1.13035,-0.019213,-0.467649,0,0,4.14400,971.803,3.723,6.000,1.343,4.021,8.944,15.670,0.000,0.000,0,0,1.3076,83,166,83,90,76
2,post_landing,94,1576.0,59,211.705,478.491,-0.61468,1.19582,1.34455,-0.018936,-0.485827,0,0,4.14400,971.803,3.723,6.000,1.351,4.004,8.942,15.748,0.000,0.000,0,0,1.3076,83,166,83,90,76
2,post_landing,95,1592.0,59,211.087,479.981,-0.60528,1.46086,1.58129,-0.018647,-0.504847,0,0,4.14400,971.803,3.723,6.000,1.359,3.985,8.937,16.307,0.000,0.000,0,0,1.3076,83,166,83,90,76
2,post_landing,96,1609.0,59,210.479,481.331,-1.33348,0.02634,1.33374,-0.004071,-0.523576,0,1,4.14400,971.803,3.723,6.000,1.366,3.964,8.928,16.392,0.000,0.000,0,2,1.3076,83,166,83,90,76
2,post_landing,97,1626.0,59,209.217,481.390,-1.33448,-0.54123,1.44006,-0.036117,-0.527428,0,1,4.14400,971.803,3.723,6.000,1.367,3.960,8.926,16.409,0.000,0.000,0,2,1.3076,83,166,83,90,76
2,post_landing,98,1642.0,59,207.877,481.136,-1.31406,-0.24962,1.33756,-0.035564,-0.563704,0,0,4.14400,971.803,3.723,6.000,1.380,3.915,10.813,19.314,0.000,0.000,0,0,1.3076,83,166,83,90,76
2,post_landing,99,1659.0,59,206.557,481.174,-1.29396,0.03754,1.29450,-0.035020,-0.599424,0,0,4.14400,971.803,3.723,6.000,1.390,3.867,12.206,20.847,0.000,0.000,0,0,1.3076,83,166,83,90,76
2,post_landing,100,1676.0,59,205.333,481.466,-1.27532,0.30366,1.31098,-0.034516,-0.632560,0,0,4.14400,971.803,3.723,6.000,1.398,3.817,12.204,20.966,0.000,0.000,0,0,1.3076,83,166,83,90,76
2,post_landing,101,1692.0,59,204.052,482.060,-1.25581,0.58235,1.38427,-0.033988,-0.667227,0,0,4.14400,971.803,3.723,6.000,1.404,6.403,12.806,21.065,0.000,0.000,0,0,1.3076,83,166,83,90,76
2,post_landing,102,1709.0,59,202.791,482.933,-1.23660,0.85677,1.50440,-0.033468,-0.701365,0,0,4.14400,971.803,3.723,6.000,1.409,7.810,14.211,21.138,0.000,0.000,0,0,1.3076,83,166,83,90,76
2,post_landing,103,1726.0,59,201.621,484.000,-1.21879,1.11110,1.64924,-0.032986,-0.733031,0,0,4.14400,971.803,3.723,6.000,1.412,5.575,13.380,21.184,0.000,0.000,0,0,1.3076,83,166,83,90,76
2,post_landing,104,1742.0,59,200.397,485.405,-1.20014,1.37744,1.82693,-0.032481,-0.766162,0,0,4.14400,971.803,3.723,6.000,1.414,5.629,15.526,21.209,0.000,0.000,0,0,1.3076,83,166,83,90,76
2,post_landing,105,1759.0,59,199.191,487.078,-1.18178,1.63970,2.02119,-0.031984,-0.798786,0,0,4.14400,971.803,3.723,6.000,1.414,5.675,15.574,50.964,0.000,0.000,0,0,1.3076,83,166,83,90,76
2,post_landing,106,1776.0,59,198.073,488.885,-1.16476,1.88275,2.21392,-0.031524,-0.829049,0,0,4.14400,971.803,3.723,6.000,1.413,9.276,20.579,52.523,0.000,0.000,0,0,1.3076,83,166,83,90,76
2,post_landing,107,1792.0,59,196.903,490.493,-1.51337,0.53330,1.60458,-0.021761,-0.860711,0,1,4.14400,971.803,3.723,6.000,1.410,9.326,20.608,54.120,0.000,0.000,0,4,1.3076,83,166,83,90,76
2,post_landing,108,1809.0,59,195.383,490.642,-1.55977,0.14734,1.56671,-0.023177,-0.882568,0,1,4.14400,971.803,3.723,6.000,5.767,11.535,50.585,55.717,0.000,0.000,0,2,1.3076,83,166,83,90,76
2,post_landing,109,1826.0,59,193.907,491.038,-1.53731,0.41189,1.59153,-0.022844,-0.904498,0,0,4.14400,971.803,3.723,6.000,5.785,11.570,51.391,55.772,0.000,0.000,0,0,1.3076,83,166,83,90,76
2,post_landing,110,1842.0,59,192.363,491.740,-1.51379,0.68892,1.66318,-0.022494,-0.927442,0,0,4.14400,971.803,3.723,6.000,9.400,48.800,53.000,55.800,0.000,0.000,0,0,1.3076,83,166,83,90,76
2,post_landing,111,1859.0,59,190.843,492.757,-1.21715,0.36545,1.27083,-0.019223,-0.950035,0,1,4.14400,971.803,3.723,6.000,48.824,50.451,54.636,55.799,0.000,0.000,0,1,1.3076,83,166,83,90,76
2,post_landing,112,1876.0,59,189.691,493.305,-0.46490,-0.11431,0.47874,-0.051867,-0.968223,0,1,4.14400,971.803,3.723,6.000,49.648,51.296,55.468,55.778,0.000,0.000,0,2,1.3076,83,166,83,90,76
2,post_landing,113,1893.0,59,189.224,492.825,-0.42355,-0.16379,0.45411,-0.011668,-1.020318,0,1,4.14400,971.803,3.723,6.000,0.852,3.603,53.851,55.750,0.000,0.000,0,2,1.3076,83,166,83,90,76
2,post_landing,114,1909.0,59,188.799,492.681,-0.23553,-0.16203,0.28588,-0.004080,-1.032037,0,1,4.14400,971.803,3.723,6.000,0.858,3.601,53.850,55.567,0.000,0.000,0,2,1.3076,83,166,83,90,76
2,post_landing,115,1926.0,59,188.576,492.405,-0.21048,-0.15833,0.26338,0.006111,-1.035898,0,1,4.14400,971.803,3.723,6.000,0.860,3.600,53.848,55.568,0.000,0.000,0,1,1.3076,83,166,83,90,76
2,post_landing,116,1942.0,59,188.365,492.457,-0.19181,-0.12924,0.23129,0.010025,-1.029760,0,1,4.14400,971.803,3.723,6.000,0.857,3.602,53.851,55.565,0.000,0.000,0,1,1.3076,83,166,83,90,76
2,post_landing,117,1959.0,59,188.172,492.574,-0.15675,-0.11295,0.19321,0.020140,-1.019691,0,1,4.14400,971.803,3.723,6.000,0.852,3.603,53.851,55.750,0.000,0.000,0,1,1.3076,83,166,83,90,76
2,post_landing,118,1976.0,59,188.024,492.723,-0.15449,0.15534,0.21909,0.019850,-1.000635,0,0,4.14400,971.803,3.723,6.000,0.842,51.311,53.837,55.758,0.000,0.000,0,0,1.3076,83,166,83,90,76
3,falling,0,22.0,,195.000,97.029,0.00000,0.55000,0.55000,0.000000,0.000000,0,0,6.21800,2680.781,8.535,8.000,8.000,60.000,61.000,61.000,0.000,0.000,0,0,1.1111,89,178,89,93,68
3,falling,1,24.0,,195.000,97.099,0.00000,0.58234,0.58234,0.000000,0.000000,0,0,6.21800,2680.781,8.535,8.000,8.000,60.000,61.000,61.000,0.000,0.000,0,0,1.1111,89,178,89,93,68
3,falling,2,40.0,,195.000,97.906,0.00000,0.84062,0.84062,0.000000,0.000000,0,0,6.21800,2680.781,8.535,8.000,8.000,60.000,61.000,61.000,0.000,0.000,0,0,1.1111,89,178,89,93,68
3,falling,3,57.0,,195.000,99.039,0.00000,1.11110,1.11110,0.000000,0.000000,0,0,6.21800,2680.781,8.535,8.000,8.000,60.000,61.000,61.000,0.000,0.000,0,0,1.1111,89,178,89,93,68
3,falling,4,73.0,,195.000,100.346,0.00000,1.36176,1.36176,0.000000,0.000000,0,0,6.21800,2680.781,8.535,8.000,8.000,60.000,61.000,61.000,0.000,0.000,0,0,1.1111,89,178,89,93,68
3,falling,5,90.0,,195.000,102.003,0.00000,1.62426,1.62426,0.000000,0.000000,0,0,6.21800,2680.781,8.535,8.000,8.000,60.000,61.000,61.000,0.000,0.000,0,0,1.1111,89,178,89,93,68
3,falling,6,107.0,,195.000,103.924,0.00000,1.88274,1.88274,0.000000,0.000000,0,0,6.21800,2680.781,8.535,8.000,8.000,60.000,61.000,61.000,0.000,0.000,0,0,1.1111,89,178,89,93,68
3,falling,7,123.0,,195.000,105.961,0.00000,2.12230,2.12230,0.000000,0.000000,0,0,6.21800,2680.781,8.535,8.000,8.000,60.000,61.000,61.000,0.000,0.000,0,0,1.1111,89,178,89,93,68
3,falling,8,141.0,,195.000,108.382,0.00000,2.37316,2.37316,0.000000,0.000000,0,0,6.21800,2680.781,8.535,8.000,8.000,60.000,61.000,61.000,0.000,0.000,0,0,1.1111,89,178,89,93,68
3,falling,9,157.0,,195.000,111.054,0.00000,2.62018,2.62018,0.000000,0.000000,0,0,6.21800,2680.781,8.535,8.000,8.000,60.000,61.000,61.000,0.000,0.000,0,0,1.1111,89,178,89,93,68
3,falling,10,174.0,,195.000,113.789,0.00000,2.84912,2.84912,0.000000,0.000000,0,0,6.21800,2680.781,8.535,8.000,8.000,60.000,61.000,61.000,0.000,0.000,0,0,1.1111,89,178,89,93,68
3,falling,11,190.0,,195.000,116.940,0.00000,3.08886,3.08886,0.000000,0.000000,0,0,6.21800,2680.781,8.535,8.000,8.000,60.000,61.000,61.000,0.000,0.000,0,0,1.1111,89,178,89,93,68
3,falling,12,207.0,,195.000,120.331,0.00000,3.32494,3.32494,0.000000,0.000000,0,0,6.21800,2680.781,8.535,8.000,8.000,60.000,61.000,61.000,0.000,0.000,0,0,1.1111,89,178,89,93,68
3,falling,13,223.0,,195.000,123.733,0.00000,3.54372,3.54372,0.000000,0.000000,0,0,6.21800,2680.781,8.535,8.000,8.000,60.000,61.000,61.000,0.000,0.000,0,0,1.1111,89,178,89,93,68
3,falling,14,240.0,,195.000,127.582,0.00000,3.77284,3.77284,0.000000,0.000000,0,0,6.21800,2680.781,8.535,8.000,8.000,60.000,61.000,61.000,0.000,0.000,0,0,1.1111,89,178,89,93,68
3,falling,15,257.0,,195.000,131.660,0.00000,3.99845,3.99845,0.000000,0.000000,0,0,6.21800,2680.781,8.535,8.000,8.000,60.000,61.000,61.000,0.000,0.000,0,0,1.1111,89,178,89,93,68
3,falling,16,274.0,,195.000,135.699,0.00000,4.20754,4.20754,0.000000,0.000000,0,0,6.21800,2680.781,8.535,8.000,8.000,60.000,61.000,61.000,0.000,0.000,0,0,1.1111,89,178,89,93,68
3,falling,17,290.0,,195.000,140.214,0.00000,4.42649,4.42649,0.000000,0.000000,0,0,6.21800,2680.781,8.535,8.000,8.000,60.000,61.000,61.000,0.000,0.000,0,0,1.1111,89,178,89,93,68
3,falling,18,307.0,,195.000,144.949,0.00000,4.64210,4.64210,0.000000,0.000000,0,0,6.21800,2680.781,8.535,8.000,8.000,60.000,61.000,61.000,0.000,0.000,0,0,1.1111,89,178,89,93,68
3,falling,19,324.0,,195.000,149.598,0.00000,4.84192,4.84192,0.000000,0.000000,0,0,6.21800,2680.781,8.535,8.000,8.000,60.000,61.000,61.000,0.000,0.000,0,0,1.1111,89,178,89,93,68
3,falling,20,340.0,,195.000,154.750,0.00000,5.05117,5.05117,0.000000,0.000000,0,0,6.21800,2680.781,8.535,8.000,8.000,60.000,61.000,61.000,0.000,0.000,0,0,1.1111,89,178,89,93,68
3,falling,21,357.0,,195.000,160.112,0.00000,5.25722,5.25722,0.000000,0.000000,0,0,6.21800,2680.781,8.535,8.000,8.000,60.000,61.000,61.000,0.000,0.000,0,0,1.1111,89,178,89,93,68
3,falling,22,374.0,,195.000,165.342,0.00000,5.44819,5.44819,0.000000,0.000000,0,0,6.21800,2680.781,8.535,8.000,8.000,60.000,61.000,61.000,0.000,0.000,0,0,1.1111,89,178,89,93,68
3,falling,23,390.0,,195.000,171.104,0.00000,5.64816,5.64816,0.000000,0.000000,0,0,6.21800,2680.781,8.535,8.000,8.000,60.000,61.000,61.000,0.000,0.000,0,0,1.1111,89,178,89,93,68
3,falling,24,407.0,,195.000,177.066,0.00000,5.84508,5.84508,0.000000,0.000000,0,0,6.21800,2680.781,8.535,8.000,8.000,60.000,61.000,61.000,0.000,0.000,0,0,1.1111,89,178,89,93,68
3,falling,25,424.0,,195.000,182.852,0.00000,6.02758,6.02758,0.000000,0.000000,0,0,6.21800,2680.781,8.535,8.000,8.000,60.000,61.000,61.000,0.000,0.000,0,0,1.1111,89,178,89,93,68
3,falling,26,440.0,,195.000,189.195,0.00000,6.21869,6.21869,0.000000,0.000000,0,0,6.21800,2680.781,8.535,8.000,8.000,60.000,61.000,61.000,0.000,0.000,0,0,1.1111,89,178,89,93,68
3,falling,27,457.0,,195.000,195.730,0.00000,6.40688,6.40688,0.000000,0.000000,0,0,6.21800,2680.781,8.535,8.000,8.000,60.000,61.000,61.000,0.000,0.000,0,0,1.1111,89,178,89,93,68
3,falling,28,473.0,,195.000,202.048,0.00000,6.58128,6.58128,0.000000,0.000000,0,0,6.21800,2680.781,8.535,8.000,8.000,60.000,61.000,61.000,0.000,0.000,0,0,1.1111,89,178,89,93,68
3,falling,29,490.0,,195.000,208.947,0.00000,6.76392,6.76392,0.000000,0.000000,0,0,6.21800,2680.781,8.535,8.000,8.000,60.000,61.000,61.000,0.000,0.000,0,0,1.1111,89,178,89,93,68
3,falling,30,507.0,,195.000,216.030,0.00000,6.94377,6.94377,0.000000,0.000000,0,0,6.21800,2680.781,8.535,8.000,8.000,60.000,61.000,61.000,0.000,0.000,0,0,1.1111,89,178,89,93,68
3,falling,31,524.0,,195.000,222.856,0.00000,7.11045,7.11045,0.000000,0.000000,0,0,6.21800,2680.781,8.535,8.000,8.000,60.000,61.000,61.000,0.000,0.000,0,0,1.1111,89,178,89,93,68
3,falling,32,540.0,,195.000,230.287,0.00000,7.28499,7.28499,0.000000,0.000000,0,0,6.21800,2680.781,8.535,8.000,8.000,60.000,61.000,61.000,0.000,0.000,0,0,1.1111,89,178,89,93,68
3,falling,33,557.0,,195.000,237.893,0.00000,7.45686,7.45686,0.000000,0.000000,0,0,6.21800,2680.781,8.535,8.000,8.000,60.000,61.000,61.000,0.000,0.000,0,0,1.1111,89,178,89,93,68
3,falling,34,574.0,,195.000,245.204,0.00000,7.61615,7.61615,0.000000,0.000000,0,0,6.21800,2680.781,8.535,8.000,8.000,60.000,61.000,61.000,0.000,0.000,0,0,1.1111,89,178,89,93,68
3,falling,35,590.0,,195.000,253.143,0.00000,7.78296,7.78296,0.000000,0.000000,0,0,6.21800,2680.781,8.535,8.000,8.000,60.000,61.000,61.000,0.000,0.000,0,0,1.1111,89,178,89,93,68
3,falling,36,607.0,,195.000,261.249,0.00000,7.94721,7.94721,0.000000,0.000000,0,0,6.21800,2680.781,8.535,8.000,8.000,60.000,61.000,61.000,0.000,0.000,0,0,1.1111,89,178,89,93,68
3,falling,37,624.0,,195.000,269.024,0.00000,8.09944,8.09944,0.000000,0.000000,0,0,6.21800,2680.781,8.535,8.000,8.000,60.000,61.000,61.000,0.000,0.000,0,0,1.1111,89,178,89,93,68
3,falling,38,640.0,,195.000,277.448,0.00000,8.25885,8.25885,0.000000,0.000000,0,0,6.21800,2680.781,8.535,8.000,8.000,60.000,61.000,61.000,0.000,0.000,0,0,1.1111,89,178,89,93,68
3,falling,39,657.0,,195.000,286.033,0.00000,8.41582,8.41582,0.000000,0.000000,0,0,6.21800,2680.781,8.535,8.000,8.000,60.000,61.000,61.000,0.000,0.000,0,0,1.1111,89,178,89,93,68
3,falling,40,674.0,,195.000,294.251,0.00000,8.56130,8.56130,0.000000,0.000000,0,0,6.21800,2680.781,8.535,8.000,8.000,60.000,61.000,61.000,0.000,0.000,0,0,1.1111,89,178,89,93,68
3,falling,41,690.0,,195.000,303.139,0.00000,8.71365,8.71365,0.000000,0.000000,0,0,6.21800,2680.781,8.535,8.000,8.000,60.000,61.000,61.000,0.000,0.000,0,0,1.1111,89,178,89,93,68
3,falling,42,707.0,,195.000,312.180,0.00000,8.86366,8.86366,0.000000,0.000000,0,0,6.21800,2680.781,8.535,8.000,8.000,60.000,61.000,61.000,0.000,0.000,0,0,1.1111,89,178,89,93,68
3,falling,43,724.0,,195.000,320.823,0.00000,9.00269,9.00269,0.000000,0.000000,0,0,6.21800,2680.781,8.535,8.000,8.000,60.000,61.000,61.000,0.000,0.000,0,0,1.1111,89,178,89,93,68
3,falling,44,740.0,,195.000,330.154,0.00000,9.14828,9.14828,0.000000,0.000000,0,0,6.21800,2680.781,8.535,8.000,8.000,60.000,61.000,61.000,0.000,0.000,0,0,1.1111,89,178,89,93,68
3,falling,45,757.0,,195.000,339.632,0.00000,9.29165,9.29165,0.000000,0.000000,0,0,6.21800,2680.781,8.535,8.000,8.000,60.000,61.000,61.000,0.000,0.000,0,0,1.1111,89,178,89,93,68
3,falling,46,774.0,,195.000,348.679,0.00000,9.42451,9.42451,0.000000,0.000000,0,0,6.21800,2680.781,8.535,8.000,8.000,60.000,61.000,61.000,0.000,0.000,0,0,1.1111,89,178,89,93,68
3,falling,47,790.0,,195.000,358.434,0.00000,9.56365,9.56365,0.000000,0.000000,0,0,6.21800,2680.781,8.535,8.000,8.000,60.000,61.000,61.000,0.000,0.000,0,0,1.1111,89,178,89,93,68
3,falling,48,807.0,,195.000,368.329,0.00000,9.70066,9.70066,0.000000,0.000000,0,0,6.21800,2680.781,8.535,8.000,8.000,60.000,61.000,61.000,0.000,0.000,0,0,1.1111,89,178,89,93,68
3,falling,49,824.0,,195.000,377.763,0.00000,9.82764,9.82764,0.000000,0.000000,0,0,6.21800,2680.781,8.535,8.000,8.000,60.000,61.000,61.000,0.000,0.000,0,0,1.1111,89,178,89,93,68
3,falling,50,840.0,,195.000,387.923,0.00000,9.96061,9.96061,0.000000,0.000000,0,0,6.21800,2680.781,8.535,8.000,8.000,60.000,61.000,61.000,0.000,0.000,0,0,1.1111,89,178,89,93,68
3,falling,51,857.0,,195.000,398.216,0.00000,10.09155,10.09155,0.000000,0.000000,0,0,6.21800,2680.781,8.535,8.000,8.000,60.000,61.000,61.000,0.000,0.000,0,0,1.1111,89,178,89,93,68
3,falling,52,874.0,,195.000,408.021,0.00000,10.21289,10.21289,0.000000,0.000000,0,0,6.21800,2680.781,8.535,8.000,8.000,60.000,61.000,61.000,0.000,0.000,0,0,1.1111,89,178,89,93,68
3,falling,53,890.0,,195.000,418.568,0.00000,10.33997,10.33997,0.000000,0.000000,0,0,6.21800,2680.781,8.535,8.000,8.000,60.000,61.000,61.000,0.000,0.000,0,0,1.1111,89,178,89,93,68
3,falling,54,907.0,,195.000,429.242,0.00000,10.46510,10.46510,0.000000,0.000000,0,0,6.21800,2680.781,8.535,8.000,8.000,60.000,61.000,61.000,0.000,0.000,0,0,1.1111,89,178,89,93,68
3,falling,55,924.0,,195.000,439.400,0.00000,10.58107,10.58107,0.000000,0.000000,0,0,6.21800,2680.781,8.535,8.000,8.000,60.000,61.000,61.000,0.000,0.000,0,0,1.1111,89,178,89,93,68
3,falling,56,940.0,,195.000,450.316,0.00000,10.70251,10.70251,0.000000,0.000000,0,0,6.21800,2680.781,8.535,8.000,8.000,60.000,61.000,61.000,0.000,0.000,0,0,1.1111,89,178,89,93,68
3,falling,57,957.0,,195.000,461.355,0.00000,10.82210,10.82210,0.000000,0.000000,0,0,6.21800,2680.781,8.535,8.000,8.000,60.000,61.000,61.000,0.000,0.000,0,0,1.1111,89,178,89,93,68
3,falling,58,974.0,,195.000,471.851,0.00000,10.93293,10.93293,0.000000,0.000000,0,0,6.21800,2680.781,8.535,8.000,8.000,60.000,61.000,61.000,0.000,0.000,0,0,1.1111,89,178,89,93,68
3,falling,59,990.0,,195.000,483.121,0.00000,11.04899,11.04899,0.000000,0.000000,0,0,6.21800,2680.781,8.535,8.000,8.000,60.000,61.000,61.000,0.000,0.000,0,0,1.1111,89,178,89,93,68
3,post_landing,60,1007.0,60,195.000,491.020,0.04108,0.00000,0.04108,0.000000,0.000000,0,1,6.21800,2680.781,8.535,8.000,8.000,60.000,61.000,61.000,0.000,0.000,0,11,1.1111,89,178,89,93,68
3,post_landing,61,1024.0,60,195.039,489.579,0.02588,0.00000,0.02588,0.001942,0.000000,0,1,6.21800,2680.781,8.535,8.000,8.000,60.000,61.000,61.000,0.000,0.000,0,6,1.1111,89,178,89,93,68
3,post_landing,62,1040.0,60,195.065,488.985,0.09843,-0.02864,0.10251,-0.003195,0.001951,0,1,6.21800,2680.781,8.535,8.000,7.002,9.002,61.002,61.008,0.000,0.000,0,4,1.1111,89,178,89,93,68
3,post_landing,63,1057.0,60,195.164,488.262,0.10864,-0.09002,0.14109,-0.008153,-0.001259,0,1,6.21800,2680.781,8.535,8.000,8.001,59.002,61.002,61.008,0.000,0.000,0,2,1.1111,89,178,89,93,68
3,post_landing,64,1074.0,60,195.267,487.857,-0.28611,0.03759,0.28857,0.008647,-0.008973,0,1,6.21800,2680.781,8.535,8.000,8.009,59.016,61.015,61.051,0.000,0.000,0,1,1.1111,89,178,89,93,68
3,post_landing,65,1090.0,60,194.979,487.751,-0.46878,0.07775,0.47519,0.008898,-0.000288,0,1,6.21800,2680.781,8.535,8.000,8.000,59.001,61.001,61.002,0.000,0.000,0,1,1.1111,89,178,89,93,68
3,post_landing,66,1107.0,60,194.508,487.581,-0.56842,0.16716,0.59249,0.012021,0.008649,0,1,6.21800,2680.781,8.535,8.000,7.008,9.008,61.006,61.032,0.000,0.000,0,1,1.1111,89,178,89,93,68
3,post_landing,67,1124.0,60,193.970,487.365,-0.43836,0.06614,0.44332,-0.004562,0.020024,0,1,6.21800,2680.781,8.535,8.000,7.019,9.018,60.028,61.068,0.000,0.000,0,1,1.1111,89,178,89,93,68
3,post_landing,68,1140.0,60,193.530,487.453,-0.31967,-0.03183,0.32125,-0.019394,0.015441,0,1,6.21800,2680.781,8.535,8.000,7.015,9.014,61.008,61.054,0.000,0.000,0,1,1.1111,89,178,89,93,68
3,post_landing,69,1157.0,60,193.209,487.710,-0.31478,0.25199,0.40321,-0.019097,-0.004038,0,0,6.21800,2680.781,8.535,8.000,8.004,59.008,61.008,61.024,0.000,0.000,0,0,1.1111,89,178,89,93,68
3,post_landing,70,1174.0,60,192.911,488.025,-0.38307,0.02124,0.38366,-0.011379,-0.022107,0,1,6.21800,2680.781,8.535,8.000,59.030,60.052,61.051,61.140,0.000,0.000,0,1,1.1111,89,178,89,93,68
3,post_landing,71,1190.0,60,192.527,488.190,-0.31554,-0.03607,0.31760,-0.010871,-0.033536,0,1,6.21800,2680.781,8.535,8.000,59.034,60.067,61.066,61.200,0.000,0.000,0,1,1.1111,89,178,89,93,68
3,post_landing,72,1207.0,60,192.210,488.171,-0.07284,-0.03779,0.08206,-0.001114,-0.044455,0,1,6.21800,2680.781,8.535,8.000,60.074,60.118,61.117,61.295,0.000,0.000,0,2,1.1111,89,178,89,93,68
3,post_landing,73,1224.0,60,192.136,488.157,0.04199,0.00000,0.04199,0.000000,-0.045574,0,1,6.21800,2680.781,8.535,8.000,60.074,60.120,61.119,61.301,0.000,0.000,0,2,1.1111,89,178,89,93,68
3,post_landing,74,1240.0,60,192.176,488.155,0.03531,0.00000,0.03531,0.000000,-0.045574,0,1,6.21800,2680.781,8.535,8.000,60.074,60.120,61.119,61.301,0.000,0.000,0,2,1.1111,89,178,89,93,68
3,post_landing,75,1257.0,60,192.212,488.157,0.00621,0.00000,0.00621,0.000000,-0.045574,0,1,6.21800,2680.781,8.535,8.000,60.074,60.120,61.119,61.301,0.000,0.000,0,2,1.1111,89,178,89,93,68
3,post_landing,76,1274.0,60,192.218,488.155,-0.00342,0.00000,0.00342,0.000000,-0.045574,0,1,6.21800,2680.781,8.535,8.000,60.074,60.120,61.119,61.301,0.000,0.000,0,2,1.1111,89,178,89,93,68
3,post_landing,77,1290.0,60,192.214,488.157,-0.00375,0.00000,0.00375,0.000000,-0.045574,0,1,6.21800,2680.781,8.535,8.000,60.074,60.120,61.119,61.301,0.000,0.000,0,2,1.1111,89,178,89,93,68
3,post_landing,78,1307.0,60,192.210,488.157,-0.00097,0.00000,0.00097,0.000000,-0.045574,0,1,6.21800,2680.781,8.535,8.000,60.074,60.120,61.119,61.301,0.000,0.000,0,2,1.1111,89,178,89,93,68
3,post_landing,79,1324.0,60,192.209,488.155,0.00152,0.00000,0.00152,0.000000,-0.045574,0,1,6.21800,2680.781,8.535,8.000,60.074,60.120,61.119,61.301,0.000,0.000,0,2,1.1111,89,178,89,93,68
3,post_landing,80,1340.0,60,192.211,488.157,-0.00030,0.00000,0.00030,0.000000,-0.045574,0,1,6.21800,2680.781,8.535,8.000,60.074,60.120,61.119,61.301,0.000,0.000,0,2,1.1111,89,178,89,93,68
3,post_landing,81,1357.0,60,192.211,488.157,-0.00041,0.00000,0.00041,0.000000,-0.045574,0,1,6.21800,2680.781,8.535,8.000,60.074,60.120,61.119,61.301,0.000,0.000,0,2,1.1111,89,178,89,93,68
3,post_landing,82,1374.0,60,192.210,488.155,0.00106,0.00000,0.00106,0.000000,-0.045574,0,1,6.21800,2680.781,8.535,8.000,60.074,60.120,61.119,61.301,0.000,0.000,0,2,1.1111,89,178,89,93,68
3,post_landing,83,1390.0,60,192.211,488.157,-0.00061,0.00000,0.00061,0.000000,-0.045574,0,1,6.21800,2680.781,8.535,8.000,60.074,60.120,61.119,61.301,0.000,0.000,0,2,1.1111,89,178,89,93,68
3,post_landing,84,1408.0,60,192.211,488.157,-0.00045,0.00000,0.00045,0.000000,-0.045574,0,1,6.21800,2680.781,8.535,8.000,60.074,60.120,61.119,61.301,0.000,0.000,0,2,1.1111,89,178,89,93,68
3,post_landing,85,1423.0,60,192.210,488.155,0.00109,0.00000,0.00109,0.000000,-0.045574,0,1,6.21800,2680.781,8.535,8.000,60.074,60.120,61.119,61.301,0.000,0.000,0,2,1.1111,89,178,89,93,68
3,post_landing,86,1440.0,60,192.211,488.157,-0.00058,0.00000,0.00058,0.000000,-0.045574,0,1,6.21800,2680.781,8.535,8.000,60.074,60.120,61.119,61.301,0.000,0.000,0,2,1.1111,89,178,89,93,68
3,post_landing,87,1457.0,60,192.211,488.155,0.00072,0.00000,0.00072,0.000000,-0.045574,0,1,6.21800,2680.781,8.535,8.000,60.074,60.120,61.119,61.301,0.000,0.000,0,2,1.1111,89,178,89,93,68
3,post_landing,88,1473.0,60,192.212,488.157,-0.00073,0.00000,0.00073,0.000000,-0.045574,0,1,6.21800,2680.781,8.535,8.000,60.074,60.120,61.119,61.301,0.000,0.000,0,2,1.1111,89,178,89,93,68
3,post_landing,89,1490.0,60,192.211,488.157,-0.00044,0.00000,0.00044,0.000000,-0.045574,0,1,6.21800,2680.781,8.535,8.000,60.074,60.120,61.119,61.301,0.000,0.000,0,2,1.1111,89,178,89,93,68
3,post_landing,90,1507.0,60,192.210,488.155,0.00112,0.00000,0.00112,0.000000,-0.045574,0,1,6.21800,2680.781,8.535,8.000,60.074,60.120,61.119,61.301,0.000,0.000,0,2,1.1111,89,178,89,93,68
3,post_landing,91,1523.0,60,192.212,488.157,-0.00057,0.00000,0.00057,0.000000,-0.045574,0,1,6.21800,2680.781,8.535,8.000,60.074,60.120,61.119,61.301,0.000,0.000,0,2,1.1111,89,178,89,93,68
3,post_landing,92,1540.0,60,192.211,488.157,-0.00045,0.00000,0.00045,0.000000,-0.045574,0,1,6.21800,2680.781,8.535,8.000,60.074,60.120,61.119,61.301,0.000,0.000,0,2,1.1111,89,178,89,93,68
3,post_landing,93,1557.0,60,192.211,488.155,0.00109,0.00000,0.00109,0.000000,-0.045574,0,1,6.21800,2680.781,8.535,8.000,60.074,60.120,61.119,61.301,0.000,0.000,0,2,1.1111,89,178,89,93,68
3,post_landing,94,1574.0,60,192.212,488.157,-0.00059,0.00000,0.00059,0.000000,-0.045574,0,1,6.21800,2680.781,8.535,8.000,60.074,60.120,61.119,61.301,0.000,0.000,0,2,1.1111,89,178,89,93,68
3,post_landing,95,1590.0,60,192.211,488.157,-0.00045,0.00000,0.00045,0.000000,-0.045574,0,1,6.21800,2680.781,8.535,8.000,60.074,60.120,61.119,61.301,0.000,0.000,0,2,1.1111,89,178,89,93,68
3,post_landing,96,1607.0,60,192.211,488.155,0.00109,0.00000,0.00109,0.000000,-0.045574,0,1,6.21800,2680.781,8.535,8.000,60.074,60.120,61.119,61.301,0.000,0.000,0,2,1.1111,89,178,89,93,68
3,post_landing,97,1624.0,60,192.212,488.157,-0.00058,0.00000,0.00058,0.000000,-0.045574,0,1,6.21800,2680.781,8.535,8.000,60.074,60.120,61.119,61.301,0.000,0.000,0,2,1.1111,89,178,89,93,68
3,post_landing,98,1640.0,60,192.211,488.157,-0.00045,0.00000,0.00045,0.000000,-0.045574,0,1,6.21800,2680.781,8.535,8.000,60.074,60.120,61.119,61.301,0.000,0.000,0,2,1.1111,89,178,89,93,68
3,post_landing,99,1657.0,60,192.211,488.155,0.00109,0.00000,0.00109,0.000000,-0.045574,0,1,6.21800,2680.781,8.535,8.000,60.074,60.120,61.119,61.301,0.000,0.000,0,2,1.1111,89,178,89,93,68
3,post_landing,100,1673.0,60,192.212,488.157,-0.00058,0.00000,0.00058,0.000000,-0.045574,0,1,6.21800,2680.781,8.535,8.000,60.074,60.120,61.119,61.301,0.000,0.000,0,2,1.1111,89,178,89,93,68
3,post_landing,101,1690.0,60,192.211,488.157,-0.00045,0.00000,0.00045,0.000000,-0.045574,0,1,6.21800,2680.781,8.535,8.000,60.074,60.120,61.119,61.301,0.000,0.000,0,2,1.1111,89,178,89,93,68
3,post_landing,102,1707.0,60,192.211,488.155,0.00109,0.00000,0.00109,0.000000,-0.045574,0,1,6.21800,2680.781,8.535,8.000,60.074,60.120,61.119,61.301,0.000,0.000,0,2,1.1111,89,178,89,93,68
3,post_landing,103,1723.0,60,192.212,488.157,-0.00058,0.00000,0.00058,0.000000,-0.045574,0,1,6.21800,2680.781,8.535,8.000,60.074,60.120,61.119,61.301,0.000,0.000,0,2,1.1111,89,178,89,93,68
3,post_landing,104,1740.0,60,192.211,488.157,-0.00045,0.00000,0.00045,0.000000,-0.045574,0,1,6.21800,2680.781,8.535,8.000,60.074,60.120,61.119,61.301,0.000,0.000,0,2,1.1111,89,178,89,93,68
3,post_landing,105,1757.0,60,192.211,488.155,0.00109,0.00000,0.00109,0.000000,-0.045574,0,1,6.21800,2680.781,8.535,8.000,60.074,60.120,61.119,61.301,0.000,0.000,0,2,1.1111,89,178,89,93,68
3,post_landing,106,1773.0,60,192.212,488.157,-0.00058,0.00000,0.00058,0.000000,-0.045574,0,1,6.21800,2680.781,8.535,8.000,60.074,60.120,61.119,61.301,0.000,0.000,0,2,1.1111,89,178,89,93,68
3,post_landing,107,1790.0,60,192.211,488.157,-0.00045,0.00000,0.00045,0.000000,-0.045574,0,1,6.21800,2680.781,8.535,8.000,60.074,60.120,61.119,61.301,0.000,0.000,0,2,1.1111,89,178,89,93,68
3,post_landing,108,1807.0,60,192.211,488.155,0.00109,0.00000,0.00109,0.000000,-0.045574,0,1,6.21800,2680.781,8.535,8.000,60.074,60.120,61.119,61.301,0.000,0.000,0,2,1.1111,89,178,89,93,68
3,post_landing,109,1823.0,60,192.212,488.157,-0.00058,0.00000,0.00058,0.000000,-0.045574,0,1,6.21800,2680.781,8.535,8.000,60.074,60.120,61.119,61.301,0.000,0.000,0,2,1.1111,89,178,89,93,68
3,post_landing,110,1840.0,60,192.211,488.157,-0.00045,0.00000,0.00045,0.000000,-0.045574,0,1,6.21800,2680.781,8.535,8.000,60.074,60.120,61.119,61.301,0.000,0.000,0,2,1.1111,89,178,89,93,68
3,post_landing,111,1857.0,60,192.211,488.155,0.00109,0.00000,0.00109,0.000000,-0.045574,0,1,6.21800,2680.781,8.535,8.000,60.074,60.120,61.119,61.301,0.000,0.000,0,2,1.1111,89,178,89,93,68
3,post_landing,112,1873.0,60,192.212,488.157,-0.00058,0.00000,0.00058,0.000000,-0.045574,0,1,6.21800,2680.781,8.535,8.000,60.074,60.120,61.119,61.301,0.000,0.000,0,2,1.1111,89,178,89,93,68
3,post_landing,113,1890.0,60,192.212,488.157,-0.00045,0.00000,0.00045,0.000000,-0.045574,0,1,6.21800,2680.781,8.535,8.000,60.074,60.120,61.119,61.301,0.000,0.000,0,2,1.1111,89,178,89,93,68
3,post_landing,114,1907.0,60,192.211,488.155,0.00109,0.00000,0.00109,0.000000,-0.045574,0,1,6.21800,2680.781,8.535,8.000,60.074,60.120,61.119,61.301,0.000,0.000,0,2,1.1111,89,178,89,93,68
3,post_landing,115,1923.0,60,192.212,488.157,-0.00058,0.00000,0.00058,0.000000,-0.045574,0,1,6.21800,2680.781,8.535,8.000,60.074,60.120,61.119,61.301,0.000,0.000,0,2,1.1111,89,178,89,93,68
3,post_landing,116,1940.0,60,192.212,488.157,-0.00045,0.00000,0.00045,0.000000,-0.045574,0,1,6.21800,2680.781,8.535,8.000,60.074,60.120,61.119,61.301,0.000,0.000,0,2,1.1111,89,178,89,93,68
3,post_landing,117,1957.0,60,192.211,488.155,0.00109,0.00000,0.00109,0.000000,-0.045574,0,1,6.21800,2680.781,8.535,8.000,60.074,60.120,61.119,61.301,0.000,0.000,0,2,1.1111,89,178,89,93,68
3,post_landing,118,1973.0,60,192.212,488.157,-0.00058,0.00000,0.00058,0.000000,-0.045574,0,1,6.21800,2680.781,8.535,8.000,60.074,60.120,61.119,61.301,0.000,0.000,0,2,1.1111,89,178,89,93,68
3,post_landing,119,1990.0,60,192.212,488.157,-0.00045,0.00000,0.00045,0.000000,-0.045574,0,1,6.21800,2680.781,8.535,8.000,60.074,60.120,61.119,61.301,0.000,0.000,0,2,1.1111,89,178,89,93,68
4,falling,0,25.0,,195.000,97.029,0.00000,0.55000,0.55000,0.000000,0.000000,0,0,2.63600,378.793,10.821,9.000,9.000,10.000,11.000,11.000,0.000,0.000,0,0,1.8861,54,108,54,54,62
4,falling,1,41.0,,195.000,97.805,0.00000,0.80875,0.80875,0.000000,0.000000,0,0,2.63600,378.793,10.821,9.000,9.000,10.000,11.000,11.000,0.000,0.000,0,0,1.8861,54,108,54,54,62
4,falling,2,57.0,,195.000,98.827,0.00000,1.06377,1.06377,0.000000,0.000000,0,0,2.63600,378.793,10.821,9.000,9.000,10.000,11.000,11.000,0.000,0.000,0,0,1.8861,54,108,54,54,62
4,falling,3,74.0,,195.000,100.184,0.00000,1.33083,1.33083,0.000000,0.000000,0,0,2.63600,378.793,10.821,9.000,9.000,10.000,11.000,11.000,0.000,0.000,0,0,1.8861,54,108,54,54,62
4,falling,4,91.0,,195.000,101.810,0.00000,1.59380,1.59380,0.000000,0.000000,0,0,2.63600,378.793,10.821,9.000,9.000,10.000,11.000,11.000,0.000,0.000,0,0,1.8861,54,108,54,54,62
4,falling,5,108.0,,195.000,103.574,0.00000,1.83751,1.83751,0.000000,0.000000,0,0,2.63600,378.793,10.821,9.000,9.000,10.000,11.000,11.000,0.000,0.000,0,0,1.8861,54,108,54,54,62
4,falling,6,124.0,,195.000,105.708,0.00000,2.09273,2.09273,0.000000,0.000000,0,0,2.63600,378.793,10.821,9.000,9.000,10.000,11.000,11.000,0.000,0.000,0,0,1.8861,54,108,54,54,62
4,falling,7,141.0,,195.000,108.099,0.00000,2.34405,2.34405,0.000000,0.000000,0,0,2.63600,378.793,10.821,9.000,9.000,10.000,11.000,11.000,0.000,0.000,0,0,1.8861,54,108,54,54,62
4,falling,8,157.0,,195.000,110.573,0.00000,2.57696,2.57696,0.000000,0.000000,0,0,2.63600,378.793,10.821,9.000,9.000,10.000,11.000,11.000,0.000,0.000,0,0,1.8861,54,108,54,54,62
4,falling,9,174.0,,195.000,113.450,0.00000,2.82086,2.82086,0.000000,0.000000,0,0,2.63600,378.793,10.821,9.000,9.000,10.000,11.000,11.000,0.000,0.000,0,0,1.8861,54,108,54,54,62
4,falling,10,191.0,,195.000,116.573,0.00000,3.06104,3.06104,0.000000,0.000000,0,0,2.63600,378.793,10.821,9.000,9.000,10.000,11.000,11.000,0.000,0.000,0,0,1.8861,54,108,54,54,62
4,falling,11,207.0,,195.000,119.725,0.00000,3.28363,3.28363,0.000000,0.000000,0,0,2.63600,378.793,10.821,9.000,9.000,10.000,11.000,11.000,0.000,0.000,0,0,1.8861,54,108,54,54,62
4,falling,12,224.0,,195.000,123.312,0.00000,3.51672,3.51672,0.000000,0.000000,0,0,2.63600,378.793,10.821,9.000,9.000,10.000,11.000,11.000,0.000,0.000,0,0,1.8861,54,108,54,54,62
4,falling,13,241.0,,195.000,126.895,0.00000,3.73275,3.73275,0.000000,0.000000,0,0,2.63600,378.793,10.821,9.000,9.000,10.000,11.000,11.000,0.000,0.000,0,0,1.8861,54,108,54,54,62
4,falling,14,257.0,,195.000,130.934,0.00000,3.95897,3.95897,0.000000,0.000000,0,0,2.63600,378.793,10.821,9.000,9.000,10.000,11.000,11.000,0.000,0.000,0,0,1.8861,54,108,54,54,62
4,falling,15,274.0,,195.000,135.199,0.00000,4.18173,4.18173,0.000000,0.000000,0,0,2.63600,378.793,10.821,9.000,9.000,10.000,11.000,11.000,0.000,0.000,0,0,1.8861,54,108,54,54,62
4,falling,16,291.0,,195.000,139.412,0.00000,4.38818,4.38818,0.000000,0.000000,0,0,2.63600,378.793,10.821,9.000,9.000,10.000,11.000,11.000,0.000,0.000,0,0,1.8861,54,108,54,54,62
4,falling,17,307.0,,195.000,144.108,0.00000,4.60437,4.60437,0.000000,0.000000,0,0,2.63600,378.793,10.821,9.000,9.000,10.000,11.000,11.000,0.000,0.000,0,0,1.8861,54,108,54,54,62
4,falling,18,324.0,,195.000,149.022,0.00000,4.81726,4.81726,0.000000,0.000000,0,0,2.63600,378.793,10.821,9.000,9.000,10.000,11.000,11.000,0.000,0.000,0,0,1.8861,54,108,54,54,62
4,falling,19,341.0,,195.000,153.836,0.00000,5.01456,5.01456,0.000000,0.000000,0,0,2.63600,378.793,10.821,9.000,9.000,10.000,11.000,11.000,0.000,0.000,0,0,1.8861,54,108,54,54,62
4,falling,20,357.0,,195.000,159.161,0.00000,5.22117,5.22117,0.000000,0.000000,0,0,2.63600,378.793,10.821,9.000,9.000,10.000,11.000,11.000,0.000,0.000,0,0,1.8861,54,108,54,54,62
4,falling,21,374.0,,195.000,164.694,0.00000,5.42462,5.42462,0.000000,0.000000,0,0,2.63600,378.793,10.821,9.000,9.000,10.000,11.000,11.000,0.000,0.000,0,0,1.8861,54,108,54,54,62
4,falling,22,391.0,,195.000,170.083,0.00000,5.61317,5.61317,0.000000,0.000000,0,0,2.63600,378.793,10.821,9.000,9.000,10.000,11.000,11.000,0.000,0.000,0,0,1.8861,54,108,54,54,62
4,falling,23,407.0,,195.000,176.010,0.00000,5.81062,5.81062,0.000000,0.000000,0,0,2.63600,378.793,10.821,9.000,9.000,10.000,11.000,11.000,0.000,0.000,0,0,1.8861,54,108,54,54,62
4,falling,24,424.0,,195.000,182.135,0.00000,6.00505,6.00505,0.000000,0.000000,0,0,2.63600,378.793,10.821,9.000,9.000,10.000,11.000,11.000,0.000,0.000,0,0,1.8861,54,108,54,54,62
4,falling,25,441.0,,195.000,188.073,0.00000,6.18525,6.18525,0.000000,0.000000,0,0,2.63600,378.793,10.821,9.000,9.000,10.000,11.000,11.000,0.000,0.000,0,0,1.8861,54,108,54,54,62
4,falling,26,457.0,,195.000,194.574,0.00000,6.37395,6.37395,0.000000,0.000000,0,0,2.63600,378.793,10.821,9.000,9.000,10.000,11.000,11.000,0.000,0.000,0,0,1.8861,54,108,54,54,62
4,falling,27,474.0,,195.000,201.265,0.00000,6.55976,6.55976,0.000000,0.000000,0,0,2.63600,378.793,10.821,9.000,9.000,10.000,11.000,11.000,0.000,0.000,0,0,1.8861,54,108,54,54,62
4,falling,28,491.0,,195.000,207.728,0.00000,6.73196,6.73196,0.000000,0.000000,0,0,2.63600,378.793,10.821,9.000,9.000,10.000,11.000,11.000,0.000,0.000,0,0,1.8861,54,108,54,54,62
4,falling,29,507.0,,195.000,214.778,0.00000,6.91230,6.91230,0.000000,0.000000,0,0,2.63600,378.793,10.821,9.000,9.000,10.000,11.000,11.000,0.000,0.000,0,0,1.8861,54,108,54,54,62
4,falling,30,524.0,,195.000,222.010,0.00000,7.08987,7.08987,0.000000,0.000000,0,0,2.63600,378.793,10.821,9.000,9.000,10.000,11.000,11.000,0.000,0.000,0,0,1.8861,54,108,54,54,62
4,falling,31,541.0,,195.000,228.974,0.00000,7.25445,7.25445,0.000000,0.000000,0,0,2.63600,378.793,10.821,9.000,9.000,10.000,11.000,11.000,0.000,0.000,0,0,1.8861,54,108,54,54,62
4,falling,32,557.0,,195.000,236.550,0.00000,7.42679,7.42679,0.000000,0.000000,0,0,2.63600,378.793,10.821,9.000,9.000,10.000,11.000,11.000,0.000,0.000,0,0,1.8861,54,108,54,54,62
4,falling,33,574.0,,195.000,244.298,0.00000,7.59649,7.59649,0.000000,0.000000,0,0,2.63600,378.793,10.821,9.000,9.000,10.000,11.000,11.000,0.000,0.000,0,0,1.8861,54,108,54,54,62
4,falling,34,591.0,,195.000,251.742,0.00000,7.75377,7.75377,0.000000,0.000000,0,0,2.63600,378.793,10.821,9.000,9.000,10.000,11.000,11.000,0.000,0.000,0,0,1.8861,54,108,54,54,62
4,falling,35,607.0,,195.000,259.819,0.00000,7.91847,7.91847,0.000000,0.000000,0,0,2.63600,378.793,10.821,9.000,9.000,10.000,11.000,11.000,0.000,0.000,0,0,1.8861,54,108,54,54,62
4,falling,36,624.0,,195.000,268.061,0.00000,8.08065,8.08065,0.000000,0.000000,0,0,2.63600,378.793,10.821,9.000,9.000,10.000,11.000,11.000,0.000,0.000,0,0,1.8861,54,108,54,54,62
4,falling,37,641.0,,195.000,275.963,0.00000,8.23095,8.23095,0.000000,0.000000,0,0,2.63600,378.793,10.821,9.000,9.000,10.000,11.000,11.000,0.000,0.000,0,0,1.8861,54,108,54,54,62
4,falling,38,657.0,,195.000,284.519,0.00000,8.38835,8.38835,0.000000,0.000000,0,0,2.63600,378.793,10.821,9.000,9.000,10.000,11.000,11.000,0.000,0.000,0,0,1.8861,54,108,54,54,62
4,falling,39,674.0,,195.000,293.233,0.00000,8.54335,8.54335,0.000000,0.000000,0,0,2.63600,378.793,10.821,9.000,9.000,10.000,11.000,11.000,0.000,0.000,0,0,1.8861,54,108,54,54,62
4,falling,40,691.0,,195.000,301.572,0.00000,8.68699,8.68699,0.000000,0.000000,0,0,2.63600,378.793,10.821,9.000,9.000,10.000,11.000,11.000,0.000,0.000,0,0,1.8861,54,108,54,54,62
4,falling,41,707.0,,195.000,310.587,0.00000,8.83741,8.83741,0.000000,0.000000,0,0,2.63600,378.793,10.821,9.000,9.000,10.000,11.000,11.000,0.000,0.000,0,0,1.8861,54,108,54,54,62
4,falling,42,724.0,,195.000,319.752,0.00000,8.98553,8.98553,0.000000,0.000000,0,0,2.63600,378.793,10.821,9.000,9.000,10.000,11.000,11.000,0.000,0.000,0,0,1.8861,54,108,54,54,62
4,falling,43,741.0,,195.000,328.510,0.00000,9.12281,9.12281,0.000000,0.000000,0,0,2.63600,378.793,10.821,9.000,9.000,10.000,11.000,11.000,0.000,0.000,0,0,1.8861,54,108,54,54,62
4,falling,44,757.0,,195.000,337.962,0.00000,9.26656,9.26656,0.000000,0.000000,0,0,2.63600,378.793,10.821,9.000,9.000,10.000,11.000,11.000,0.000,0.000,0,0,1.8861,54,108,54,54,62
4,falling,45,774.0,,195.000,347.558,0.00000,9.40812,9.40812,0.000000,0.000000,0,0,2.63600,378.793,10.821,9.000,9.000,10.000,11.000,11.000,0.000,0.000,0,0,1.8861,54,108,54,54,62
4,falling,46,790.0,,195.000,356.716,0.00000,9.53931,9.53931,0.000000,0.000000,0,0,2.63600,378.793,10.821,9.000,9.000,10.000,11.000,11.000,0.000,0.000,0,0,1.8861,54,108,54,54,62
4,falling,47,807.0,,195.000,366.586,0.00000,9.67669,9.67669,0.000000,0.000000,0,0,2.63600,378.793,10.821,9.000,9.000,10.000,11.000,11.000,0.000,0.000,0,0,1.8861,54,108,54,54,62
4,falling,48,824.0,,195.000,376.594,0.00000,9.81197,9.81197,0.000000,0.000000,0,0,2.63600,378.793,10.821,9.000,9.000,10.000,11.000,11.000,0.000,0.000,0,0,1.8861,54,108,54,54,62
4,falling,49,840.0,,195.000,386.134,0.00000,9.93734,9.93734,0.000000,0.000000,0,0,2.63600,378.793,10.821,9.000,9.000,10.000,11.000,11.000,0.000,0.000,0,0,1.8861,54,108,54,54,62
4,falling,50,857.0,,195.000,396.404,0.00000,10.06863,10.06863,0.000000,0.000000,0,0,2.63600,378.793,10.821,9.000,9.000,10.000,11.000,11.000,0.000,0.000,0,0,1.8861,54,108,54,54,62
4,falling,51,874.0,,195.000,406.806,0.00000,10.19792,10.19792,0.000000,0.000000,0,0,2.63600,378.793,10.821,9.000,9.000,10.000,11.000,11.000,0.000,0.000,0,0,1.8861,54,108,54,54,62
4,falling,52,891.0,,195.000,416.711,0.00000,10.31773,10.31773,0.000000,0.000000,0,0,2.63600,378.793,10.821,9.000,9.000,10.000,11.000,11.000,0.000,0.000,0,0,1.8861,54,108,54,54,62
4,falling,53,907.0,,195.000,427.363,0.00000,10.44321,10.44321,0.000000,0.000000,0,0,2.63600,378.793,10.821,9.000,9.000,10.000,11.000,11.000,0.000,0.000,0,0,1.8861,54,108,54,54,62
4,falling,54,924.0,,195.000,438.141,0.00000,10.56676,10.56676,0.000000,0.000000,0,0,2.63600,378.793,10.821,9.000,9.000,10.000,11.000,11.000,0.000,0.000,0,0,1.8861,54,108,54,54,62
4,falling,55,940.0,,195.000,448.395,0.00000,10.68126,10.68126,0.000000,0.000000,0,0,2.63600,378.793,10.821,9.000,9.000,10.000,11.000,11.000,0.000,0.000,0,0,1.8861,54,108,54,54,62
4,falling,56,957.0,,195.000,459.412,0.00000,10.80117,10.80117,0.000000,0.000000,0,0,2.63600,378.793,10.821,9.000,9.000,10.000,11.000,11.000,0.000,0.000,0,0,1.8861,54,108,54,54,62
4,falling,57,974.0,,195.000,469.888,0.00000,10.91230,10.91230,0.000000,0.000000,0,0,2.63600,378.793,10.821,9.000,9.000,10.000,11.000,11.000,0.000,0.000,0,0,1.8861,54,108,54,54,62
4,post_landing,58,991.0,58,195.000,478.555,0.80688,-0.03446,0.80761,0.056995,0.000000,0,1,2.63600,378.793,10.821,9.000,9.000,10.000,11.000,11.000,0.000,0.000,0,6,1.8861,54,108,54,54,62
4,post_landing,59,1007.0,58,195.810,477.057,1.16445,-1.31935,1.75972,0.030017,0.057245,0,1,2.63600,378.793,10.821,9.000,6.047,9.042,11.039,11.039,0.000,0.000,0,3,1.8861,54,108,54,54,62
4,post_landing,60,1024.0,58,196.980,476.021,1.14663,-1.01583,1.53189,0.029558,0.087394,0,0,2.63600,378.793,10.821,9.000,6.064,9.053,11.045,11.045,0.000,0.000,0,0,1.8861,54,108,54,54,62
4,post_landing,61,1040.0,58,198.065,475.315,1.13012,-0.73453,1.34785,0.029132,0.115361,0,0,2.63600,378.793,10.821,9.000,6.075,9.055,10.164,11.042,0.000,0.000,0,0,1.8861,54,108,54,54,62
4,post_landing,62,1057.0,58,199.200,474.867,1.11283,-0.43996,1.19664,0.028686,0.144621,0,0,2.63600,378.793,10.821,9.000,6.081,6.226,10.184,11.029,0.000,0.000,0,0,1.8861,54,108,54,54,62
4,post_landing,63,1074.0,58,200.318,474.714,1.09580,-0.14990,1.10601,0.028247,0.173433,0,0,2.63600,378.793,10.821,9.000,6.083,6.255,10.195,11.008,0.000,0.000,0,0,1.8861,54,108,54,54,62
4,post_landing,64,1090.0,58,201.355,474.828,1.08002,0.11893,1.08655,0.027841,0.200160,0,0,2.63600,378.793,10.821,9.000,6.079,6.278,10.198,10.979,0.000,0.000,0,0,1.8861,54,108,54,54,62
4,post_landing,65,1107.0,58,202.439,475.236,1.06350,0.40044,1.13639,0.027415,0.228123,0,0,2.63600,378.793,10.821,9.000,1.200,6.297,10.193,10.941,0.000,0.000,0,0,1.8861,54,108,54,54,62
4,post_landing,66,1124.0,58,203.446,475.871,1.04818,0.66134,1.23938,0.027020,0.254062,0,0,2.63600,378.793,10.821,9.000,1.219,6.310,9.465,10.898,0.000,0.000,0,0,1.8861,54,108,54,54,62
4,post_landing,67,1140.0,58,204.498,476.824,1.03215,0.93456,1.39238,0.026606,0.281200,0,0,2.63600,378.793,10.821,9.000,1.238,6.319,9.479,10.845,0.000,0.000,0,0,1.8861,54,108,54,54,62
4,post_landing,68,1157.0,58,205.535,478.006,1.24011,0.27975,1.27127,-0.009202,0.307924,0,1,2.63600,378.793,10.821,9.000,1.256,6.324,9.486,10.786,0.000,0.000,0,1,1.8861,54,108,54,54,62
4,post_landing,69,1174.0,58,206.708,478.239,1.25989,-0.78847,1.48627,0.045155,0.299217,0,1,2.63600,378.793,10.821,9.000,1.250,6.323,9.484,10.806,0.000,0.000,0,2,1.8861,54,108,54,54,62
4,post_landing,70,1190.0,58,207.974,477.737,1.24061,-0.49308,1.33501,0.044464,0.344571,0,0,2.63600,378.793,10.821,9.000,1.279,6.323,9.484,10.691,0.000,0.000,0,0,1.8861,54,108,54,54,62
4,post_landing,71,1207.0,58,209.220,477.530,1.22163,-0.20220,1.23825,0.043784,0.389230,0,0,2.63600,378.793,10.821,9.000,1.305,6.310,9.465,10.557,0.000,0.000,0,0,1.8861,54,108,54,54,62
4,post_landing,72,1224.0,58,210.376,477.595,1.20404,0.06738,1.20592,0.043153,0.430658,0,0,2.63600,378.793,10.821,9.000,1.326,1.744,7.122,10.413,0.000,0.000,0,0,1.8861,54,108,54,54,62
4,post_landing,73,1240.0,58,211.585,477.952,1.18562,0.34968,1.23611,0.042493,0.474001,0,0,2.63600,378.793,10.821,9.000,1.346,1.803,7.164,10.244,0.000,0.000,0,0,1.8861,54,108,54,54,62
4,post_landing,74,1257.0,58,212.776,478.592,1.16748,0.62766,1.32550,0.041843,0.516681,0,0,2.63600,378.793,10.821,9.000,1.363,1.857,7.193,19.721,0.000,0.000,0,0,1.8861,54,108,54,54,62
4,post_landing,75,1274.0,58,213.881,479.442,1.15066,0.88529,1.45182,0.041241,0.556272,0,0,2.63600,378.793,10.821,9.000,1.377,1.905,7.207,21.094,0.000,0.000,0,0,1.8861,54,108,54,54,62
4,post_landing,76,1290.0,58,215.036,480.620,1.13306,1.15508,1.61803,0.040610,0.597693,0,0,2.63600,378.793,10.821,9.000,1.389,2.515,7.211,21.368,0.000,0.000,0,0,1.8861,54,108,54,54,62
4,post_landing,77,1307.0,58,216.174,482.069,1.11572,1.42074,1.80647,0.039988,0.638481,0,0,2.63600,378.793,10.821,9.000,1.399,2.591,7.202,21.399,0.000,0.000,0,0,1.8861,54,108,54,54,62
4,post_landing,78,1324.0,58,217.230,483.669,1.09966,1.66695,1.99699,0.039412,0.676317,0,0,2.63600,378.793,10.821,9.000,2.032,2.658,7.183,21.395,0.000,0.000,0,0,1.8861,54,108,54,54,62
4,post_landing,79,1341.0,58,218.334,485.633,1.08283,1.92478,2.20846,0.038809,0.715903,0,0,2.63600,378.793,10.821,9.000,2.067,2.723,7.152,21.358,0.000,0.000,0,0,1.8861,54,108,54,54,62
4,post_landing,80,1357.0,58,219.422,487.894,1.27053,0.64618,1.42541,0.030924,0.754883,0,1,2.63600,378.793,10.821,9.000,2.099,2.784,7.111,21.290,0.000,0.000,0,1,1.8861,54,108,54,54,62
4,post_landing,81,1374.0,58,220.624,488.799,1.35947,0.24258,1.38094,0.018836,0.784142,0,1,2.63600,378.793,10.821,9.000,2.120,2.827,7.073,21.217,0.000,0.000,0,2,1.8861,54,108,54,54,62
4,post_landing,82,1390.0,58,221.990,489.374,1.16988,0.19844,1.18659,0.016503,0.803061,0,1,2.63600,378.793,10.821,9.000,2.133,2.853,19.101,21.210,0.000,0.000,0,1,1.8861,54,108,54,54,62
4,post_landing,83,1407.0,58,223.165,489.887,1.00465,0.18192,1.02099,0.014404,0.819636,0,1,2.63600,378.793,10.821,9.000,2.144,2.875,19.105,21.201,0.000,0.000,0,1,1.8861,54,108,54,54,62
4,post_landing,84,1424.0,58,224.115,490.313,0.86204,0.16947,0.87854,0.012531,0.833265,0,1,2.63600,378.793,10.821,9.000,2.153,2.893,19.104,21.189,0.000,0.000,0,1,1.8861,54,108,54,54,62
4,post_landing,85,1440.0,58,224.981,490.756,0.73744,0.17108,0.75703,0.010887,0.845851,0,1,2.63600,378.793,10.821,9.000,2.160,3.657,19.100,21.174,0.000,0.000,0,2,1.8861,54,108,54,54,62
4,post_landing,86,1457.0,58,225.722,491.120,0.62993,0.35240,0.72180,0.017480,0.856786,0,1,2.63600,378.793,10.821,9.000,2.166,3.678,19.849,21.159,0.000,0.000,0,2,1.8861,54,108,54,54,62
4,post_landing,87,1474.0,58,226.318,491.663,0.56817,0.47891,0.74309,0.016063,0.873325,0,1,2.63600,378.793,10.821,9.000,2.175,3.708,19.847,21.131,0.000,0.000,0,2,1.8861,54,108,54,54,62
4,post_landing,88,1490.0,58,226.888,492.221,0.54642,0.55631,0.77978,0.016464,0.889459,0,1,2.63600,378.793,10.821,9.000,2.183,3.737,16.690,21.098,0.000,0.000,0,2,1.8861,54,108,54,54,62
4,post_landing,89,1507.0,58,227.437,492.790,0.56213,0.59230,0.81658,0.016583,0.905995,0,1,2.63600,378.793,10.821,9.000,2.191,3.765,16.741,21.059,0.000,0.000,0,2,1.8861,54,108,54,54,62
4,post_landing,90,1524.0,58,227.969,493.330,0.58297,0.60114,0.83739,0.017517,0.921685,0,1,2.63600,378.793,10.821,9.000,2.198,3.791,16.785,21.016,0.000,0.000,0,2,1.8861,54,108,54,54,62
4,post_landing,91,1540.0,58,228.555,493.949,0.59516,0.62674,0.86430,0.018191,0.939279,0,1,2.63600,378.793,10.821,9.000,2.205,3.819,16.830,20.963,0.000,0.000,0,2,1.8861,54,108,54,54,62
4,post_landing,92,1557.0,58,229.152,494.598,0.60255,0.65142,0.88737,0.018475,0.957551,0,1,2.63600,378.793,10.821,9.000,2.211,16.053,17.113,68.241,0.000,0.000,0,2,1.8861,54,108,54,54,62
4,post_landing,93,1574.0,58,229.723,495.224,0.60083,0.66541,0.89653,0.018536,0.975032,0,1,2.63600,378.793,10.821,9.000,2.217,16.077,17.172,69.892,0.000,0.000,0,2,1.8861,54,108,54,54,62
4,post_landing,94,1592.0,58,230.326,495.907,0.59046,0.69163,0.90939,0.019355,0.993649,0,1,2.63600,378.793,10.821,9.000,2.222,16.935,17.228,70.723,0.000,0.000,0,2,1.8861,54,108,54,54,62
4,post_landing,95,1607.0,58,230.919,496.625,0.58189,0.71383,0.92095,0.019587,1.013088,0,1,2.63600,378.793,10.821,9.000,16.113,16.961,17.280,70.700,0.000,0.000,0,2,1.8861,54,108,54,54,62
4,post_landing,96,1624.0,58,231.470,497.314,0.57110,0.72205,0.92060,0.019557,1.031621,0,1,2.63600,378.793,10.821,9.000,16.121,16.979,65.688,70.654,0.000,0.000,0,2,1.8861,54,108,54,54,62
4,post_landing,97,1640.0,58,232.043,498.168,0.68538,0.57904,0.89723,0.025297,1.051264,0,1,2.63600,378.793,10.821,9.000,16.993,64.870,67.474,70.578,0.000,0.000,0,4,1.8861,54,108,54,54,62
4,post_landing,98,1657.0,58,232.732,498.877,0.17714,-0.02687,0.17917,-0.000930,1.076673,0,1,2.63600,378.793,10.821,9.000,65.764,67.525,67.525,70.439,0.000,0.000,0,3,1.8861,54,108,54,54,62
4,post_landing,99,1674.0,58,232.899,498.870,0.04547,-0.02877,0.05381,0.001495,1.075793,0,1,2.63600,378.793,10.821,9.000,65.764,67.524,67.524,70.444,0.000,0.000,0,3,1.8861,54,108,54,54,62
4,post_landing,100,1690.0,58,232.945,498.890,-0.00965,0.00000,0.00965,0.000000,1.077295,0,1,2.63600,378.793,10.821,9.000,65.765,67.526,67.526,70.435,0.000,0.000,0,3,1.8861,54,108,54,54,62
4,post_landing,101,1707.0,58,232.935,498.893,-0.00010,0.00000,0.00010,0.000000,1.077295,0,1,2.63600,378.793,10.821,9.000,65.765,67.526,67.526,70.435,0.000,0.000,0,3,1.8861,54,108,54,54,62
4,post_landing,102,1724.0,58,232.935,498.889,-0.00048,0.00000,0.00048,0.000000,1.077295,0,1,2.63600,378.793,10.821,9.000,65.765,67.526,67.526,70.435,0.000,0.000,0,3,1.8861,54,108,54,54,62
4,post_landing,103,1740.0,58,232.935,498.893,0.00151,0.00000,0.00151,0.000000,1.077295,0,1,2.63600,378.793,10.821,9.000,65.765,67.526,67.526,70.435,0.000,0.000,0,3,1.8861,54,108,54,54,62
4,post_landing,104,1757.0,58,232.936,498.893,0.00054,0.00000,0.00054,0.000000,1.077295,0,1,2.63600,378.793,10.821,9.000,65.765,67.526,67.526,70.435,0.000,0.000,0,3,1.8861,54,108,54,54,62
4,post_landing,105,1774.0,58,232.937,498.889,-0.00178,0.00000,0.00178,0.000000,1.077295,0,1,2.63600,378.793,10.821,9.000,65.765,67.526,67.526,70.435,0.000,0.000,0,3,1.8861,54,108,54,54,62
4,post_landing,106,1790.0,58,232.935,498.893,0.00108,0.00000,0.00108,0.000000,1.077295,0,1,2.63600,378.793,10.821,9.000,65.765,67.526,67.526,70.435,0.000,0.000,0,3,1.8861,54,108,54,54,62
4,post_landing,107,1807.0,58,232.936,498.893,0.00057,0.00000,0.00057,0.000000,1.077295,0,1,2.63600,378.793,10.821,9.000,65.765,67.526,67.526,70.435,0.000,0.000,0,3,1.8861,54,108,54,54,62
4,post_landing,108,1824.0,58,232.937,498.889,-0.00172,0.00000,0.00172,0.000000,1.077295,0,1,2.63600,378.793,10.821,9.000,65.765,67.526,67.526,70.435,0.000,0.000,0,3,1.8861,54,108,54,54,62
4,post_landing,109,1840.0,58,232.935,498.893,0.00110,0.00000,0.00110,0.000000,1.077295,0,1,2.63600,378.793,10.821,9.000,65.765,67.526,67.526,70.435,0.000,0.000,0,3,1.8861,54,108,54,54,62
4,post_landing,110,1857.0,58,232.936,498.893,0.00057,0.00000,0.00057,0.000000,1.077295,0,1,2.63600,378.793,10.821,9.000,65.765,67.526,67.526,70.435,0.000,0.000,0,3,1.8861,54,108,54,54,62
4,post_landing,111,1874.0,58,232.936,498.889,-0.00172,0.00000,0.00172,0.000000,1.077295,0,1,2.63600,378.793,10.821,9.000,65.765,67.526,67.526,70.435,0.000,0.000,0,3,1.8861,54,108,54,54,62
4,post_landing,112,1890.0,58,232.935,498.893,0.00110,0.00000,0.00110,0.000000,1.077295,0,1,2.63600,378.793,10.821,9.000,65.765,67.526,67.526,70.435,0.000,0.000,0,3,1.8861,54,108,54,54,62
4,post_landing,113,1907.0,58,232.936,498.893,0.00057,0.00000,0.00057,0.000000,1.077295,0,1,2.63600,378.793,10.821,9.000,65.765,67.526,67.526,70.435,0.000,0.000,0,3,1.8861,54,108,54,54,62
4,post_landing,114,1924.0,58,232.936,498.889,-0.00172,0.00000,0.00172,0.000000,1.077295,0,1,2.63600,378.793,10.821,9.000,65.765,67.526,67.526,70.435,0.000,0.000,0,3,1.8861,54,108,54,54,62
4,post_landing,115,1940.0,58,232.935,498.893,0.00110,0.00000,0.00110,0.000000,1.077295,0,1,2.63600,378.793,10.821,9.000,65.765,67.526,67.526,70.435,0.000,0.000,0,3,1.8861,54,108,54,54,62
4,post_landing,116,1957.0,58,232.936,498.893,0.00057,0.00000,0.00057,0.000000,1.077295,0,1,2.63600,378.793,10.821,9.000,65.765,67.526,67.526,70.435,0.000,0.000,0,3,1.8861,54,108,54,54,62
4,post_landing,117,1974.0,58,232.936,498.889,-0.00172,0.00000,0.00172,0.000000,1.077295,0,1,2.63600,378.793,10.821,9.000,65.765,67.526,67.526,70.435,0.000,0.000,0,3,1.8861,54,108,54,54,62
5,falling,0,14.0,,195.000,97.029,0.00000,0.55000,0.55000,0.000000,0.000000,0,0,4.20200,918.333,0.519,9.000,9.000,11.000,12.000,16.000,0.000,0.000,0,0,1.6043,84,168,84,91,85
5,falling,1,24.0,,195.000,97.405,0.00000,0.69555,0.69555,0.000000,0.000000,0,0,4.20200,918.333,0.519,9.000,9.000,11.000,12.000,16.000,0.000,0.000,0,0,1.6043,84,168,84,91,85
5,falling,2,40.0,,195.000,98.392,0.00000,0.96824,0.96824,0.000000,0.000000,0,0,4.20200,918.333,0.519,9.000,9.000,11.000,12.000,16.000,0.000,0.000,0,0,1.6043,84,168,84,91,85
5,falling,3,57.0,,195.000,99.654,0.00000,1.23676,1.23676,0.000000,0.000000,0,0,4.20200,918.333,0.519,9.000,9.000,11.000,12.000,16.000,0.000,0.000,0,0,1.6043,84,168,84,91,85
5,falling,4,73.0,,195.000,101.080,0.00000,1.48561,1.48561,0.000000,0.000000,0,0,4.20200,918.333,0.519,9.000,9.000,11.000,12.000,16.000,0.000,0.000,0,0,1.6043,84,168,84,91,85
5,falling,5,90.0,,195.000,102.861,0.00000,1.74622,1.74622,0.000000,0.000000,0,0,4.20200,918.333,0.519,9.000,9.000,11.000,12.000,16.000,0.000,0.000,0,0,1.6043,84,168,84,91,85
5,falling,6,107.0,,195.000,104.904,0.00000,2.00283,2.00283,0.000000,0.000000,0,0,4.20200,918.333,0.519,9.000,9.000,11.000,12.000,16.000,0.000,0.000,0,0,1.6043,84,168,84,91,85
5,falling,7,124.0,,195.000,107.055,0.00000,2.24066,2.24066,0.000000,0.000000,0,0,4.20200,918.333,0.519,9.000,9.000,11.000,12.000,16.000,0.000,0.000,0,0,1.6043,84,168,84,91,85
5,falling,8,140.0,,195.000,109.594,0.00000,2.48971,2.48971,0.000000,0.000000,0,0,4.20200,918.333,0.519,9.000,9.000,11.000,12.000,16.000,0.000,0.000,0,0,1.6043,84,168,84,91,85
5,falling,9,157.0,,195.000,112.384,0.00000,2.73495,2.73495,0.000000,0.000000,0,0,4.20200,918.333,0.519,9.000,9.000,11.000,12.000,16.000,0.000,0.000,0,0,1.6043,84,168,84,91,85
5,falling,10,174.0,,195.000,115.228,0.00000,2.96223,2.96223,0.000000,0.000000,0,0,4.20200,918.333,0.519,9.000,9.000,11.000,12.000,16.000,0.000,0.000,0,0,1.6043,84,168,84,91,85
5,falling,11,190.0,,195.000,118.492,0.00000,3.20025,3.20025,0.000000,0.000000,0,0,4.20200,918.333,0.519,9.000,9.000,11.000,12.000,16.000,0.000,0.000,0,0,1.6043,84,168,84,91,85
5,falling,12,207.0,,195.000,121.995,0.00000,3.43461,3.43461,0.000000,0.000000,0,0,4.20200,918.333,0.519,9.000,9.000,11.000,12.000,16.000,0.000,0.000,0,0,1.6043,84,168,84,91,85
5,falling,13,224.0,,195.000,125.501,0.00000,3.65182,3.65182,0.000000,0.000000,0,0,4.20200,918.333,0.519,9.000,9.000,11.000,12.000,16.000,0.000,0.000,0,0,1.6043,84,168,84,91,85
5,falling,14,240.0,,195.000,129.458,0.00000,3.87928,3.87928,0.000000,0.000000,0,0,4.20200,918.333,0.519,9.000,9.000,11.000,12.000,16.000,0.000,0.000,0,0,1.6043,84,168,84,91,85
5,falling,15,257.0,,195.000,133.643,0.00000,4.10326,4.10326,0.000000,0.000000,0,0,4.20200,918.333,0.519,9.000,9.000,11.000,12.000,16.000,0.000,0.000,0,0,1.6043,84,168,84,91,85
5,falling,16,274.0,,195.000,137.782,0.00000,4.31084,4.31084,0.000000,0.000000,0,0,4.20200,918.333,0.519,9.000,9.000,11.000,12.000,16.000,0.000,0.000,0,0,1.6043,84,168,84,91,85
5,falling,17,290.0,,195.000,142.401,0.00000,4.52822,4.52822,0.000000,0.000000,0,0,4.20200,918.333,0.519,9.000,9.000,11.000,12.000,16.000,0.000,0.000,0,0,1.6043,84,168,84,91,85
5,falling,18,307.0,,195.000,147.238,0.00000,4.74227,4.74227,0.000000,0.000000,0,0,4.20200,918.333,0.519,9.000,9.000,11.000,12.000,16.000,0.000,0.000,0,0,1.6043,84,168,84,91,85
5,falling,19,324.0,,195.000,151.981,0.00000,4.94065,4.94065,0.000000,0.000000,0,0,4.20200,918.333,0.519,9.000,9.000,11.000,12.000,16.000,0.000,0.000,0,0,1.6043,84,168,84,91,85
5,falling,20,340.0,,195.000,157.232,0.00000,5.14839,5.14839,0.000000,0.000000,0,0,4.20200,918.333,0.519,9.000,9.000,11.000,12.000,16.000,0.000,0.000,0,0,1.6043,84,168,84,91,85
5,falling,21,357.0,,195.000,162.692,0.00000,5.35295,5.35295,0.000000,0.000000,0,0,4.20200,918.333,0.519,9.000,9.000,11.000,12.000,16.000,0.000,0.000,0,0,1.6043,84,168,84,91,85
5,falling,22,374.0,,195.000,168.013,0.00000,5.54254,5.54254,0.000000,0.000000,0,0,4.20200,918.333,0.519,9.000,9.000,11.000,12.000,16.000,0.000,0.000,0,0,1.6043,84,168,84,91,85
5,falling,23,390.0,,195.000,173.869,0.00000,5.74107,5.74107,0.000000,0.000000,0,0,4.20200,918.333,0.519,9.000,9.000,11.000,12.000,16.000,0.000,0.000,0,0,1.6043,84,168,84,91,85
5,falling,24,407.0,,195.000,179.924,0.00000,5.93657,5.93657,0.000000,0.000000,0,0,4.20200,918.333,0.519,9.000,9.000,11.000,12.000,16.000,0.000,0.000,0,0,1.6043,84,168,84,91,85
5,falling,25,424.0,,195.000,185.797,0.00000,6.11775,6.11775,0.000000,0.000000,0,0,4.20200,918.333,0.519,9.000,9.000,11.000,12.000,16.000,0.000,0.000,0,0,1.6043,84,168,84,91,85
5,falling,26,440.0,,195.000,192.231,0.00000,6.30748,6.30748,0.000000,0.000000,0,0,4.20200,918.333,0.519,9.000,9.000,11.000,12.000,16.000,0.000,0.000,0,0,1.6043,84,168,84,91,85
5,falling,27,457.0,,195.000,198.855,0.00000,6.49431,6.49431,0.000000,0.000000,0,0,4.20200,918.333,0.519,9.000,9.000,11.000,12.000,16.000,0.000,0.000,0,0,1.6043,84,168,84,91,85
5,falling,28,474.0,,195.000,205.256,0.00000,6.66746,6.66746,0.000000,0.000000,0,0,4.20200,918.333,0.519,9.000,9.000,11.000,12.000,16.000,0.000,0.000,0,0,1.6043,84,168,84,91,85
5,falling,29,490.0,,195.000,212.241,0.00000,6.84878,6.84878,0.000000,0.000000,0,0,4.20200,918.333,0.519,9.000,9.000,11.000,12.000,16.000,0.000,0.000,0,0,1.6043,84,168,84,91,85
5,falling,30,507.0,,195.000,219.409,0.00000,7.02732,7.02732,0.000000,0.000000,0,0,4.20200,918.333,0.519,9.000,9.000,11.000,12.000,16.000,0.000,0.000,0,0,1.6043,84,168,84,91,85
5,falling,31,524.0,,195.000,226.314,0.00000,7.19280,7.19280,0.000000,0.000000,0,0,4.20200,918.333,0.519,9.000,9.000,11.000,12.000,16.000,0.000,0.000,0,0,1.6043,84,168,84,91,85
5,falling,32,540.0,,195.000,233.828,0.00000,7.36608,7.36608,0.000000,0.000000,0,0,4.20200,918.333,0.519,9.000,9.000,11.000,12.000,16.000,0.000,0.000,0,0,1.6043,84,168,84,91,85
5,falling,33,557.0,,195.000,241.053,0.00000,7.52668,7.52668,0.000000,0.000000,0,0,4.20200,918.333,0.519,9.000,9.000,11.000,12.000,16.000,0.000,0.000,0,0,1.6043,84,168,84,91,85
5,falling,34,573.0,,195.000,248.902,0.00000,7.69485,7.69485,0.000000,0.000000,0,0,4.20200,918.333,0.519,9.000,9.000,11.000,12.000,16.000,0.000,0.000,0,0,1.6043,84,168,84,91,85
5,falling,35,590.0,,195.000,256.920,0.00000,7.86045,7.86045,0.000000,0.000000,0,0,4.20200,918.333,0.519,9.000,9.000,11.000,12.000,16.000,0.000,0.000,0,0,1.6043,84,168,84,91,85
5,falling,36,607.0,,195.000,264.613,0.00000,8.01393,8.01393,0.000000,0.000000,0,0,4.20200,918.333,0.519,9.000,9.000,11.000,12.000,16.000,0.000,0.000,0,0,1.6043,84,168,84,91,85
5,falling,37,623.0,,195.000,272.951,0.00000,8.17465,8.17465,0.000000,0.000000,0,0,4.20200,918.333,0.519,9.000,9.000,11.000,12.000,16.000,0.000,0.000,0,0,1.6043,84,168,84,91,85
5,falling,38,640.0,,195.000,281.451,0.00000,8.33291,8.33291,0.000000,0.000000,0,0,4.20200,918.333,0.519,9.000,9.000,11.000,12.000,16.000,0.000,0.000,0,0,1.6043,84,168,84,91,85
5,falling,39,657.0,,195.000,289.591,0.00000,8.47958,8.47958,0.000000,0.000000,0,0,4.20200,918.333,0.519,9.000,9.000,11.000,12.000,16.000,0.000,0.000,0,0,1.6043,84,168,84,91,85
5,falling,40,673.0,,195.000,298.397,0.00000,8.63318,8.63318,0.000000,0.000000,0,0,4.20200,918.333,0.519,9.000,9.000,11.000,12.000,16.000,0.000,0.000,0,0,1.6043,84,168,84,91,85
5,falling,41,690.0,,195.000,307.357,0.00000,8.78442,8.78442,0.000000,0.000000,0,0,4.20200,918.333,0.519,9.000,9.000,11.000,12.000,16.000,0.000,0.000,0,0,1.6043,84,168,84,91,85
5,falling,42,707.0,,195.000,315.925,0.00000,8.92460,8.92460,0.000000,0.000000,0,0,4.20200,918.333,0.519,9.000,9.000,11.000,12.000,16.000,0.000,0.000,0,0,1.6043,84,168,84,91,85
5,falling,43,723.0,,195.000,325.178,0.00000,9.07138,9.07138,0.000000,0.000000,0,0,4.20200,918.333,0.519,9.000,9.000,11.000,12.000,16.000,0.000,0.000,0,0,1.6043,84,168,84,91,85
5,falling,44,740.0,,195.000,334.578,0.00000,9.21592,9.21592,0.000000,0.000000,0,0,4.20200,918.333,0.519,9.000,9.000,11.000,12.000,16.000,0.000,0.000,0,0,1.6043,84,168,84,91,85
5,falling,45,757.0,,195.000,343.554,0.00000,9.34988,9.34988,0.000000,0.000000,0,0,4.20200,918.333,0.519,9.000,9.000,11.000,12.000,16.000,0.000,0.000,0,0,1.6043,84,168,84,91,85
5,falling,46,773.0,,195.000,353.234,0.00000,9.49016,9.49016,0.000000,0.000000,0,0,4.20200,918.333,0.519,9.000,9.000,11.000,12.000,16.000,0.000,0.000,0,0,1.6043,84,168,84,91,85
5,falling,47,790.0,,195.000,363.055,0.00000,9.62830,9.62830,0.000000,0.000000,0,0,4.20200,918.333,0.519,9.000,9.000,11.000,12.000,16.000,0.000,0.000,0,0,1.6043,84,168,84,91,85
5,falling,48,807.0,,195.000,372.421,0.00000,9.75631,9.75631,0.000000,0.000000,0,0,4.20200,918.333,0.519,9.000,9.000,11.000,12.000,16.000,0.000,0.000,0,0,1.6043,84,168,84,91,85
5,falling,49,823.0,,195.000,382.509,0.00000,9.89038,9.89038,0.000000,0.000000,0,0,4.20200,918.333,0.519,9.000,9.000,11.000,12.000,16.000,0.000,0.000,0,0,1.6043,84,168,84,91,85
5,falling,50,840.0,,195.000,392.732,0.00000,10.02239,10.02239,0.000000,0.000000,0,0,4.20200,918.333,0.519,9.000,9.000,11.000,12.000,16.000,0.000,0.000,0,0,1.6043,84,168,84,91,85
5,falling,51,857.0,,195.000,402.471,0.00000,10.14473,10.14473,0.000000,0.000000,0,0,4.20200,918.333,0.519,9.000,9.000,11.000,12.000,16.000,0.000,0.000,0,0,1.6043,84,168,84,91,85
5,falling,52,873.0,,195.000,412.949,0.00000,10.27285,10.27285,0.000000,0.000000,0,0,4.20200,918.333,0.519,9.000,9.000,11.000,12.000,16.000,0.000,0.000,0,0,1.6043,84,168,84,91,85
5,falling,53,890.0,,195.000,423.556,0.00000,10.39901,10.39901,0.000000,0.000000,0,0,4.20200,918.333,0.519,9.000,9.000,11.000,12.000,16.000,0.000,0.000,0,0,1.6043,84,168,84,91,85
5,falling,54,907.0,,195.000,433.651,0.00000,10.51593,10.51593,0.000000,0.000000,0,0,4.20200,918.333,0.519,9.000,9.000,11.000,12.000,16.000,0.000,0.000,0,0,1.6043,84,168,84,91,85
5,falling,55,923.0,,195.000,444.502,0.00000,10.63837,10.63837,0.000000,0.000000,0,0,4.20200,918.333,0.519,9.000,9.000,11.000,12.000,16.000,0.000,0.000,0,0,1.6043,84,168,84,91,85
5,falling,56,940.0,,195.000,455.477,0.00000,10.75894,10.75894,0.000000,0.000000,0,0,4.20200,918.333,0.519,9.000,9.000,11.000,12.000,16.000,0.000,0.000,0,0,1.6043,84,168,84,91,85
5,falling,57,957.0,,195.000,465.912,0.00000,10.87067,10.87067,0.000000,0.000000,0,0,4.20200,918.333,0.519,9.000,9.000,11.000,12.000,16.000,0.000,0.000,0,0,1.6043,84,168,84,91,85
5,falling,58,973.0,,195.000,477.120,0.00000,10.98769,10.98769,0.000000,0.000000,0,0,4.20200,918.333,0.519,9.000,9.000,11.000,12.000,16.000,0.000,0.000,0,0,1.6043,84,168,84,91,85
5,post_landing,59,990.0,59,195.000,483.981,-2.57110,-0.67391,2.65795,0.037910,0.000000,0,1,4.20200,918.333,0.519,9.000,9.000,11.000,12.000,16.000,0.000,0.000,0,7,1.6043,84,168,84,91,85
5,post_landing,60,1007.0,59,192.567,480.996,-3.30010,-1.03045,3.45724,0.065513,0.035869,0,1,4.20200,918.333,0.519,9.000,8.031,10.029,11.065,16.026,0.000,0.000,0,3,1.6043,84,168,84,91,85
5,post_landing,61,1024.0,59,189.253,479.618,-2.38422,-0.40224,2.41792,-0.029334,0.101670,0,1,4.20200,918.333,0.519,9.000,8.060,10.050,11.146,16.019,0.000,0.000,0,1,1.6043,84,168,84,91,85
5,post_landing,62,1040.0,59,186.858,478.997,-2.34775,-0.11275,2.35045,-0.028886,0.072207,0,0,4.20200,918.333,0.519,9.000,8.051,10.046,11.116,16.030,0.000,0.000,0,0,1.6043,84,168,84,91,85
5,post_landing,63,1057.0,59,184.637,478.742,-2.31394,0.15554,2.31916,-0.028470,0.044876,0,0,4.20200,918.333,0.519,9.000,8.037,10.035,11.079,16.029,0.000,0.000,0,0,1.6043,84,168,84,91,85
5,post_landing,64,1074.0,59,182.312,479.187,-2.27854,0.43649,2.31997,-0.028034,0.016281,0,0,4.20200,918.333,0.519,9.000,8.015,10.015,11.031,16.014,0.000,0.000,0,0,1.6043,84,168,84,91,85
5,post_landing,65,1090.0,59,180.024,479.915,-2.24367,0.71315,2.35428,-0.027605,-0.011876,0,0,4.20200,918.333,0.519,9.000,6.011,10.011,12.023,15.999,0.000,0.000,0,0,1.6043,84,168,84,91,85
5,post_landing,66,1107.0,59,177.901,480.623,-2.10510,0.22202,2.11677,-0.013993,-0.037996,0,1,4.20200,918.333,0.519,9.000,6.034,10.031,12.067,15.988,0.000,0.000,0,1,1.6043,84,168,84,91,85
5,post_landing,67,1124.0,59,175.787,480.719,-2.14940,0.15659,2.15510,0.009355,-0.052050,0,1,4.20200,918.333,0.519,9.000,6.044,10.038,12.088,15.978,0.000,0.000,0,1,1.6043,84,168,84,91,85
5,post_landing,68,1140.0,59,173.628,480.655,-2.26037,0.15277,2.26552,0.025643,-0.042655,0,1,4.20200,918.333,0.519,9.000,6.037,10.034,12.074,15.985,0.000,0.000,0,1,1.6043,84,168,84,91,85
5,post_landing,69,1157.0,59,171.489,480.505,-1.70881,0.08000,1.71069,-0.024318,-0.018392,0,1,4.20200,918.333,0.519,9.000,6.017,10.017,12.035,15.997,0.000,0.000,0,1,1.6043,84,168,84,91,85
5,post_landing,70,1174.0,59,169.773,480.656,-1.72467,-0.22615,1.73943,-0.012063,-0.042817,0,1,4.20200,918.333,0.519,9.000,6.037,10.034,12.075,15.985,0.000,0.000,0,1,1.6043,84,168,84,91,85
5,post_landing,71,1190.0,59,168.041,480.738,-1.69120,0.02305,1.69135,0.002825,-0.054933,0,1,4.20200,918.333,0.519,9.000,6.046,10.040,12.092,15.976,0.000,0.000,0,1,1.6043,84,168,84,91,85
5,post_landing,72,1207.0,59,166.440,480.718,-1.95934,0.22572,1.97230,0.061932,-0.052260,0,1,4.20200,918.333,0.519,9.000,6.044,10.039,12.088,15.978,0.000,0.000,0,1,1.6043,84,168,84,91,85
5,post_landing,73,1224.0,59,164.472,480.314,-1.46953,0.38010,1.51790,-0.006183,0.009944,0,1,4.20200,918.333,0.519,9.000,8.010,10.009,11.019,16.009,0.000,0.000,0,1,1.6043,84,168,84,91,85
5,post_landing,74,1240.0,59,162.996,480.373,-1.37290,0.32375,1.41055,-0.006881,0.003734,0,1,4.20200,918.333,0.519,9.000,8.004,10.004,11.007,16.004,0.000,0.000,0,1,1.6043,84,168,84,91,85
5,post_landing,75,1257.0,59,161.697,480.422,-1.29822,0.28294,1.32869,-0.005206,-0.002777,0,1,4.20200,918.333,0.519,9.000,6.003,10.003,12.006,16.000,0.000,0.000,0,1,1.6043,84,168,84,91,85
5,post_landing,76,1274.0,59,160.394,480.450,-1.24693,0.31031,1.28496,0.000000,-0.008006,0,1,4.20200,918.333,0.519,9.000,6.008,10.008,12.016,15.999,0.000,0.000,0,1,1.6043,84,168,84,91,85
5,post_landing,77,1290.0,59,159.141,480.450,-1.15531,0.32341,1.19973,-0.003059,-0.008006,0,1,4.20200,918.333,0.519,9.000,6.008,10.008,12.016,15.999,0.000,0.000,0,1,1.6043,84,168,84,91,85
5,post_landing,78,1307.0,59,158.048,480.464,-1.09485,0.29126,1.13293,-0.002600,-0.010900,0,1,4.20200,918.333,0.519,9.000,6.011,10.010,12.021,15.999,0.000,0.000,0,1,1.6043,84,168,84,91,85
5,post_landing,79,1324.0,59,156.948,480.480,-1.08400,0.30182,1.12523,0.005328,-0.013512,0,1,4.20200,918.333,0.519,9.000,6.013,10.013,12.026,15.999,0.000,0.000,0,1,1.6043,84,168,84,91,85
5,post_landing,80,1340.0,59,155.860,480.451,-1.00337,0.31087,1.05042,0.000000,-0.008161,0,1,4.20200,918.333,0.519,9.000,6.008,10.008,12.016,15.999,0.000,0.000,0,1,1.6043,84,168,84,91,85
5,post_landing,81,1357.0,59,154.852,480.451,-0.98680,0.29713,1.03057,0.005077,-0.008161,0,1,4.20200,918.333,0.519,9.000,6.008,10.008,12.016,15.999,0.000,0.000,0,1,1.6043,84,168,84,91,85
5,post_landing,82,1374.0,59,153.918,480.425,-0.91424,0.26952,0.95314,0.000000,-0.003357,0,1,4.20200,918.333,0.519,9.000,6.003,10.003,12.007,16.000,0.000,0.000,0,1,1.6043,84,168,84,91,85
5,post_landing,83,1390.0,59,153.000,480.427,-0.95299,0.26481,0.98910,0.012722,-0.003357,0,1,4.20200,918.333,0.519,9.000,6.003,10.003,12.007,16.000,0.000,0.000,0,1,1.6043,84,168,84,91,85
5,post_landing,84,1407.0,59,152.043,480.319,-0.88210,0.26483,0.92100,0.006493,0.009421,0,1,4.20200,918.333,0.519,9.000,8.009,10.009,11.018,16.009,0.000,0.000,0,1,1.6043,84,168,84,91,85
5,post_landing,85,1424.0,59,151.208,480.259,-0.82300,0.23357,0.85550,0.002428,0.015565,0,1,4.20200,918.333,0.519,9.000,8.015,10.014,11.030,16.014,0.000,0.000,0,1,1.6043,84,168,84,91,85
5,post_landing,86,1440.0,59,150.381,480.239,-0.87377,0.22846,0.90315,0.015931,0.018003,0,1,4.20200,918.333,0.519,9.000,8.017,10.016,11.034,16.015,0.000,0.000,0,1,1.6043,84,168,84,91,85
5,post_landing,87,1457.0,59,149.504,480.098,-0.80878,0.21695,0.83737,0.009369,0.034004,0,1,4.20200,918.333,0.519,9.000,8.029,10.028,11.062,16.025,0.000,0.000,0,1,1.6043,84,168,84,91,85
5,post_landing,88,1474.0,59,148.739,480.022,-0.74930,0.18152,0.77098,0.004437,0.042869,0,1,4.20200,918.333,0.519,9.000,8.036,10.034,11.076,16.028,0.000,0.000,0,1,1.6043,84,168,84,91,85
5,post_landing,89,1490.0,59,147.986,479.988,-0.80841,0.18016,0.82824,0.018807,0.047326,0,1,4.20200,918.333,0.519,9.000,8.038,10.036,11.082,16.029,0.000,0.000,0,1,1.6043,84,168,84,91,85
5,post_landing,90,1507.0,59,147.174,479.846,-0.74828,0.15248,0.76365,0.012387,0.066216,0,1,4.20200,918.333,0.519,9.000,8.049,10.044,11.108,16.031,0.000,0.000,0,1,1.6043,84,168,84,91,85
5,post_landing,91,1524.0,59,146.466,479.763,-0.69325,0.11016,0.70195,0.007854,0.077936,0,1,4.20200,918.333,0.519,9.000,8.054,10.048,11.122,16.029,0.000,0.000,0,1,1.6043,84,168,84,91,85
5,post_landing,92,1540.0,59,145.770,479.713,-0.71760,0.10936,0.72589,0.016621,0.085825,0,1,4.20200,918.333,0.519,9.000,8.056,10.049,11.131,16.027,0.000,0.000,0,1,1.6043,84,168,84,91,85
5,post_landing,93,1557.0,59,145.049,479.613,-0.66423,0.07021,0.66793,0.012025,0.102519,0,1,4.20200,918.333,0.519,9.000,8.060,10.050,11.147,16.018,0.000,0.000,0,1,1.6043,84,168,84,91,85
5,post_landing,94,1574.0,59,144.420,479.576,-0.75697,0.19180,0.78089,0.029887,0.113896,0,1,4.20200,918.333,0.519,9.000,8.062,10.049,11.156,16.010,0.000,0.000,0,1,1.6043,84,168,84,91,85
5,post_landing,95,1590.0,59,143.660,479.719,-0.57111,0.36831,0.67958,0.000000,0.143915,0,1,4.20200,918.333,0.519,9.000,8.061,10.040,11.173,16.265,0.000,0.000,0,2,1.6043,84,168,84,91,85
5,post_landing,96,1607.0,59,143.087,479.694,-0.36527,-0.16715,0.40170,-0.034728,0.143915,0,1,4.20200,918.333,0.519,9.000,8.061,10.040,11.173,16.265,0.000,0.000,0,2,1.6043,84,168,84,91,85
5,post_landing,97,1624.0,59,142.741,479.580,-0.66008,0.07950,0.66485,0.023967,0.111056,0,1,4.20200,918.333,0.519,9.000,8.062,10.049,11.154,16.012,0.000,0.000,0,1,1.6043,84,168,84,91,85
5,post_landing,98,1640.0,59,142.078,479.485,-0.64967,0.23571,0.69111,0.023605,0.135128,0,1,4.20200,918.333,0.519,9.000,8.062,10.044,11.169,16.258,0.000,0.000,0,1,1.6043,84,168,84,91,85
5,post_landing,99,1657.0,59,141.425,479.643,-0.22089,-0.08909,0.23818,-0.051061,0.158836,0,1,4.20200,918.333,0.519,9.000,8.057,10.032,13.311,16.273,0.000,0.000,0,2,1.6043,84,168,84,91,85
5,post_landing,100,1674.0,59,141.216,479.584,-0.67224,0.13951,0.68657,0.034390,0.110523,0,1,4.20200,918.333,0.519,9.000,8.061,10.049,11.153,16.013,0.000,0.000,0,1,1.6043,84,168,84,91,85
5,post_landing,101,1691.0,59,140.541,479.710,-0.39810,-0.20743,0.44890,-0.026535,0.145064,0,1,4.20200,918.333,0.519,9.000,8.061,10.040,11.174,16.266,0.000,0.000,0,2,1.6043,84,168,84,91,85
5,post_landing,102,1707.0,59,140.141,479.546,-0.18804,-0.08181,0.20507,-0.052897,0.118413,0,1,4.20200,918.333,0.519,9.000,8.062,10.048,11.159,16.006,0.000,0.000,0,1,1.6043,84,168,84,91,85
5,post_landing,103,1724.0,59,139.963,479.725,-0.18533,0.18604,0.26260,-0.052135,0.068363,0,0,4.20200,918.333,0.519,9.000,8.050,10.045,11.111,16.031,0.000,0.000,0,0,1.6043,84,168,84,91,85
5,post_landing,104,1740.0,59,139.777,480.201,-0.18250,0.46652,0.50095,-0.051337,0.015999,0,0,4.20200,918.333,0.519,9.000,8.015,10.015,11.031,16.014,0.000,0.000,0,0,1.6043,84,168,84,91,85
5,post_landing,105,1757.0,59,139.594,480.609,-0.16892,0.00000,0.16892,-0.032152,-0.035564,0,1,4.20200,918.333,0.519,9.000,6.032,10.029,12.064,15.990,0.000,0.000,0,1,1.6043,84,168,84,91,85
5,post_landing,106,1774.0,59,139.434,480.821,-0.15262,-0.10658,0.18615,-0.020304,-0.065985,0,1,4.20200,918.333,0.519,9.000,6.053,10.044,12.106,15.965,0.000,0.000,0,1,1.6043,84,168,84,91,85
5,post_landing,107,1790.0,59,139.281,480.984,-0.01518,-0.09780,0.09897,-0.024450,-0.086378,0,1,4.20200,918.333,0.519,9.000,6.064,10.049,12.128,15.117,0.000,0.000,0,1,1.6043,84,168,84,91,85
5,post_landing,108,1807.0,59,139.266,481.198,-1.21856,0.07107,1.22063,0.088023,-0.110936,0,1,4.20200,918.333,0.519,9.000,6.074,10.049,12.148,15.129,0.000,0.000,0,1,1.6043,84,168,84,91,85
5,post_landing,109,1824.0,59,138.113,481.044,-0.16221,-0.42907,0.45871,-0.065522,-0.027651,0,1,4.20200,918.333,0.519,9.000,6.025,10.024,12.051,15.994,0.000,0.000,0,2,1.6043,84,168,84,91,85
5,post_landing,110,1840.0,59,137.950,480.902,-0.15973,-0.13917,0.21186,-0.064519,-0.093461,0,0,4.20200,918.333,0.519,9.000,6.067,10.050,12.134,15.121,0.000,0.000,0,0,1.6043,84,168,84,91,85
5,post_landing,111,1857.0,59,137.789,481.052,-0.15729,0.14629,0.21480,-0.063532,-0.158263,0,0,4.20200,918.333,0.519,9.000,6.083,7.228,12.165,38.628,0.000,0.000,0,0,1.6043,84,168,84,91,85
5,post_landing,112,1874.0,59,137.641,481.446,-0.15502,0.41085,0.43912,-0.062617,-0.218376,0,0,4.20200,918.333,0.519,9.000,1.193,7.267,12.148,39.047,0.000,0.000,0,0,1.6043,84,168,84,91,85
5,post_landing,113,1890.0,59,137.485,482.148,-0.15265,0.68790,0.70463,-0.061659,-0.281268,0,0,4.20200,918.333,0.519,9.000,1.238,7.280,11.678,39.283,0.000,0.000,0,0,1.6043,84,168,84,91,85
5,post_landing,114,1907.0,59,137.332,483.128,-0.15032,0.96070,0.97239,-0.060716,-0.343198,0,0,4.20200,918.333,0.519,9.000,1.278,7.265,36.997,38.948,0.000,0.000,0,0,1.6043,84,168,84,91,85
5,post_landing,115,1924.0,59,137.189,484.293,-0.14815,1.21354,1.22255,-0.059841,-0.400646,0,0,4.20200,918.333,0.519,9.000,29.542,34.536,35.316,38.999,0.000,0.000,0,0,1.6043,84,168,84,91,85
5,post_landing,116,1940.0,59,137.040,485.576,0.07071,0.06275,0.09454,-0.021950,-0.460750,0,1,4.20200,918.333,0.519,9.000,0.445,30.409,35.332,39.353,0.000,0.000,0,1,1.6043,84,168,84,91,85
5,post_landing,117,1957.0,59,137.112,485.447,0.24785,0.07226,0.25817,-0.020491,-0.482797,0,1,4.20200,918.333,0.519,9.000,0.464,30.414,30.878,39.356,0.000,0.000,0,1,1.6043,84,168,84,91,85
5,post_landing,118,1974.0,59,137.346,485.327,0.40402,0.05703,0.40803,-0.019207,-0.502186,0,1,4.20200,918.333,0.519,9.000,0.481,3.592,30.887,38.948,0.000,0.000,0,1,1.6043,84,168,84,91,85
6,falling,0,29.0,,195.000,97.029,0.00000,0.55000,0.55000,0.000000,0.000000,0,0,4.95600,1754.612,4.805,35.000,35.000,35.000,37.000,39.000,0.000,0.000,0,0,1.5583,63,126,63,66,67
6,falling,1,35.0,,195.000,97.262,0.00000,0.64703,0.64703,0.000000,0.000000,0,0,4.95600,1754.612,4.805,35.000,35.000,35.000,37.000,39.000,0.000,0.000,0,0,1.5583,63,126,63,66,67
6,falling,2,52.0,,195.000,98.201,0.00000,0.92046,0.92046,0.000000,0.000000,0,0,4.95600,1754.612,4.805,35.000,35.000,35.000,37.000,39.000,0.000,0.000,0,0,1.5583,63,126,63,66,67
6,falling,3,69.0,,195.000,99.414,0.00000,1.18971,1.18971,0.000000,0.000000,0,0,4.95600,1754.612,4.805,35.000,35.000,35.000,37.000,39.000,0.000,0.000,0,0,1.5583,63,126,63,66,67
6,falling,4,85.0,,195.000,100.796,0.00000,1.43925,1.43925,0.000000,0.000000,0,0,4.95600,1754.612,4.805,35.000,35.000,35.000,37.000,39.000,0.000,0.000,0,0,1.5583,63,126,63,66,67
6,falling,5,102.0,,195.000,102.531,0.00000,1.70056,1.70056,0.000000,0.000000,0,0,4.95600,1754.612,4.805,35.000,35.000,35.000,37.000,39.000,0.000,0.000,0,0,1.5583,63,126,63,66,67
6,falling,6,119.0,,195.000,104.528,0.00000,1.95788,1.95788,0.000000,0.000000,0,0,4.95600,1754.612,4.805,35.000,35.000,35.000,37.000,39.000,0.000,0.000,0,0,1.5583,63,126,63,66,67
6,falling,7,136.0,,195.000,106.636,0.00000,2.19635,2.19635,0.000000,0.000000,0,0,4.95600,1754.612,4.805,35.000,35.000,35.000,37.000,39.000,0.000,0.000,0,0,1.5583,63,126,63,66,67
6,falling,8,152.0,,195.000,109.131,0.00000,2.44608,2.44608,0.000000,0.000000,0,0,4.95600,1754.612,4.805,35.000,35.000,35.000,37.000,39.000,0.000,0.000,0,0,1.5583,63,126,63,66,67
6,falling,9,169.0,,195.000,111.877,0.00000,2.69199,2.69199,0.000000,0.000000,0,0,4.95600,1754.612,4.805,35.000,35.000,35.000,37.000,39.000,0.000,0.000,0,0,1.5583,63,126,63,66,67
6,falling,10,186.0,,195.000,114.680,0.00000,2.91989,2.91989,0.000000,0.000000,0,0,4.95600,1754.612,4.805,35.000,35.000,35.000,37.000,39.000,0.000,0.000,0,0,1.5583,63,126,63,66,67
6,falling,11,202.0,,195.000,117.902,0.00000,3.15855,3.15855,0.000000,0.000000,0,0,4.95600,1754.612,4.805,35.000,35.000,35.000,37.000,39.000,0.000,0.000,0,0,1.5583,63,126,63,66,67
6,falling,12,219.0,,195.000,121.363,0.00000,3.39356,3.39356,0.000000,0.000000,0,0,4.95600,1754.612,4.805,35.000,35.000,35.000,37.000,39.000,0.000,0.000,0,0,1.5583,63,126,63,66,67
6,falling,13,236.0,,195.000,124.830,0.00000,3.61136,3.61136,0.000000,0.000000,0,0,4.95600,1754.612,4.805,35.000,35.000,35.000,37.000,39.000,0.000,0.000,0,0,1.5583,63,126,63,66,67
6,falling,14,252.0,,195.000,128.746,0.00000,3.83943,3.83943,0.000000,0.000000,0,0,4.95600,1754.612,4.805,35.000,35.000,35.000,37.000,39.000,0.000,0.000,0,0,1.5583,63,126,63,66,67
6,falling,15,269.0,,195.000,132.892,0.00000,4.06402,4.06402,0.000000,0.000000,0,0,4.95600,1754.612,4.805,35.000,35.000,35.000,37.000,39.000,0.000,0.000,0,0,1.5583,63,126,63,66,67
6,falling,16,286.0,,195.000,136.993,0.00000,4.27217,4.27217,0.000000,0.000000,0,0,4.95600,1754.612,4.805,35.000,35.000,35.000,37.000,39.000,0.000,0.000,0,0,1.5583,63,126,63,66,67
6,falling,17,302.0,,195.000,141.573,0.00000,4.49014,4.49014,0.000000,0.000000,0,0,4.95600,1754.612,4.805,35.000,35.000,35.000,37.000,39.000,0.000,0.000,0,0,1.5583,63,126,63,66,67
6,falling,18,319.0,,195.000,146.372,0.00000,4.70477,4.70477,0.000000,0.000000,0,0,4.95600,1754.612,4.805,35.000,35.000,35.000,37.000,39.000,0.000,0.000,0,0,1.5583,63,126,63,66,67
6,falling,19,336.0,,195.000,151.079,0.00000,4.90369,4.90369,0.000000,0.000000,0,0,4.95600,1754.612,4.805,35.000,35.000,35.000,37.000,39.000,0.000,0.000,0,0,1.5583,63,126,63,66,67
6,falling,20,352.0,,195.000,156.293,0.00000,5.11200,5.11200,0.000000,0.000000,0,0,4.95600,1754.612,4.805,35.000,35.000,35.000,37.000,39.000,0.000,0.000,0,0,1.5583,63,126,63,66,67
6,falling,21,369.0,,195.000,161.717,0.00000,5.31712,5.31712,0.000000,0.000000,0,0,4.95600,1754.612,4.805,35.000,35.000,35.000,37.000,39.000,0.000,0.000,0,0,1.5583,63,126,63,66,67
6,falling,22,386.0,,195.000,167.004,0.00000,5.50722,5.50722,0.000000,0.000000,0,0,4.95600,1754.612,4.805,35.000,35.000,35.000,37.000,39.000,0.000,0.000,0,0,1.5583,63,126,63,66,67
6,falling,23,402.0,,195.000,172.824,0.00000,5.70629,5.70629,0.000000,0.000000,0,0,4.95600,1754.612,4.805,35.000,35.000,35.000,37.000,39.000,0.000,0.000,0,0,1.5583,63,126,63,66,67
6,falling,24,419.0,,195.000,178.845,0.00000,5.90232,5.90232,0.000000,0.000000,0,0,4.95600,1754.612,4.805,35.000,35.000,35.000,37.000,39.000,0.000,0.000,0,0,1.5583,63,126,63,66,67
6,falling,25,436.0,,195.000,184.685,0.00000,6.08399,6.08399,0.000000,0.000000,0,0,4.95600,1754.612,4.805,35.000,35.000,35.000,37.000,39.000,0.000,0.000,0,0,1.5583,63,126,63,66,67
6,falling,26,452.0,,195.000,191.085,0.00000,6.27424,6.27424,0.000000,0.000000,0,0,4.95600,1754.612,4.805,35.000,35.000,35.000,37.000,39.000,0.000,0.000,0,0,1.5583,63,126,63,66,67
6,falling,27,469.0,,195.000,197.676,0.00000,6.46158,6.46158,0.000000,0.000000,0,0,4.95600,1754.612,4.805,35.000,35.000,35.000,37.000,39.000,0.000,0.000,0,0,1.5583,63,126,63,66,67
6,falling,28,486.0,,195.000,204.046,0.00000,6.63520,6.63520,0.000000,0.000000,0,0,4.95600,1754.612,4.805,35.000,35.000,35.000,37.000,39.000,0.000,0.000,0,0,1.5583,63,126,63,66,67
6,falling,29,502.0,,195.000,210.999,0.00000,6.81701,6.81701,0.000000,0.000000,0,0,4.95600,1754.612,4.805,35.000,35.000,35.000,37.000,39.000,0.000,0.000,0,0,1.5583,63,126,63,66,67
6,falling,30,519.0,,195.000,218.135,0.00000,6.99604,6.99604,0.000000,0.000000,0,0,4.95600,1754.612,4.805,35.000,35.000,35.000,37.000,39.000,0.000,0.000,0,0,1.5583,63,126,63,66,67
6,falling,31,536.0,,195.000,225.010,0.00000,7.16197,7.16197,0.000000,0.000000,0,0,4.95600,1754.612,4.805,35.000,35.000,35.000,37.000,39.000,0.000,0.000,0,0,1.5583,63,126,63,66,67
6,falling,32,552.0,,195.000,232.493,0.00000,7.33572,7.33572,0.000000,0.000000,0,0,4.95600,1754.612,4.805,35.000,35.000,35.000,37.000,39.000,0.000,0.000,0,0,1.5583,63,126,63,66,67
6,falling,33,569.0,,195.000,240.150,0.00000,7.50682,7.50682,0.000000,0.000000,0,0,4.95600,1754.612,4.805,35.000,35.000,35.000,37.000,39.000,0.000,0.000,0,0,1.5583,63,126,63,66,67
6,falling,34,586.0,,195.000,247.509,0.00000,7.66539,7.66539,0.000000,0.000000,0,0,4.95600,1754.612,4.805,35.000,35.000,35.000,37.000,39.000,0.000,0.000,0,0,1.5583,63,126,63,66,67
6,falling,35,602.0,,195.000,255.497,0.00000,7.83144,7.83144,0.000000,0.000000,0,0,4.95600,1754.612,4.805,35.000,35.000,35.000,37.000,39.000,0.000,0.000,0,0,1.5583,63,126,63,66,67
6,falling,36,619.0,,195.000,263.651,0.00000,7.99495,7.99495,0.000000,0.000000,0,0,4.95600,1754.612,4.805,35.000,35.000,35.000,37.000,39.000,0.000,0.000,0,0,1.5583,63,126,63,66,67
6,falling,37,636.0,,195.000,271.472,0.00000,8.14649,8.14649,0.000000,0.000000,0,0,4.95600,1754.612,4.805,35.000,35.000,35.000,37.000,39.000,0.000,0.000,0,0,1.5583,63,126,63,66,67
6,falling,38,652.0,,195.000,279.943,0.00000,8.30519,8.30519,0.000000,0.000000,0,0,4.95600,1754.612,4.805,35.000,35.000,35.000,37.000,39.000,0.000,0.000,0,0,1.5583,63,126,63,66,67
6,falling,39,669.0,,195.000,288.574,0.00000,8.46145,8.46145,0.000000,0.000000,0,0,4.95600,1754.612,4.805,35.000,35.000,35.000,37.000,39.000,0.000,0.000,0,0,1.5583,63,126,63,66,67
6,falling,40,686.0,,195.000,296.836,0.00000,8.60627,8.60627,0.000000,0.000000,0,0,4.95600,1754.612,4.805,35.000,35.000,35.000,37.000,39.000,0.000,0.000,0,0,1.5583,63,126,63,66,67
6,falling,41,702.0,,195.000,305.769,0.00000,8.75793,8.75793,0.000000,0.000000,0,0,4.95600,1754.612,4.805,35.000,35.000,35.000,37.000,39.000,0.000,0.000,0,0,1.5583,63,126,63,66,67
6,falling,42,719.0,,195.000,314.855,0.00000,8.90727,8.90727,0.000000,0.000000,0,0,4.95600,1754.612,4.805,35.000,35.000,35.000,37.000,39.000,0.000,0.000,0,0,1.5583,63,126,63,66,67
6,falling,43,736.0,,195.000,323.538,0.00000,9.04567,9.04567,0.000000,0.000000,0,0,4.95600,1754.612,4.805,35.000,35.000,35.000,37.000,39.000,0.000,0.000,0,0,1.5583,63,126,63,66,67
6,falling,44,752.0,,195.000,332.913,0.00000,9.19060,9.19060,0.000000,0.000000,0,0,4.95600,1754.612,4.805,35.000,35.000,35.000,37.000,39.000,0.000,0.000,0,0,1.5583,63,126,63,66,67
6,falling,45,769.0,,195.000,342.433,0.00000,9.33332,9.33332,0.000000,0.000000,0,0,4.95600,1754.612,4.805,35.000,35.000,35.000,37.000,39.000,0.000,0.000,0,0,1.5583,63,126,63,66,67
6,falling,46,786.0,,195.000,351.520,0.00000,9.46559,9.46559,0.000000,0.000000,0,0,4.95600,1754.612,4.805,35.000,35.000,35.000,37.000,39.000,0.000,0.000,0,0,1.5583,63,126,63,66,67
6,falling,47,802.0,,195.000,361.316,0.00000,9.60410,9.60410,0.000000,0.000000,0,0,4.95600,1754.612,4.805,35.000,35.000,35.000,37.000,39.000,0.000,0.000,0,0,1.5583,63,126,63,66,67
6,falling,48,819.0,,195.000,371.251,0.00000,9.74049,9.74049,0.000000,0.000000,0,0,4.95600,1754.612,4.805,35.000,35.000,35.000,37.000,39.000,0.000,0.000,0,0,1.5583,63,126,63,66,67
6,falling,49,836.0,,195.000,380.723,0.00000,9.86689,9.86689,0.000000,0.000000,0,0,4.95600,1754.612,4.805,35.000,35.000,35.000,37.000,39.000,0.000,0.000,0,0,1.5583,63,126,63,66,67
6,falling,50,852.0,,195.000,390.923,0.00000,9.99926,9.99926,0.000000,0.000000,0,0,4.95600,1754.612,4.805,35.000,35.000,35.000,37.000,39.000,0.000,0.000,0,0,1.5583,63,126,63,66,67
6,falling,51,869.0,,195.000,401.255,0.00000,10.12960,10.12960,0.000000,0.000000,0,0,4.95600,1754.612,4.805,35.000,35.000,35.000,37.000,39.000,0.000,0.000,0,0,1.5583,63,126,63,66,67
6,falling,52,886.0,,195.000,411.095,0.00000,10.25041,10.25041,0.000000,0.000000,0,0,4.95600,1754.612,4.805,35.000,35.000,35.000,37.000,39.000,0.000,0.000,0,0,1.5583,63,126,63,66,67
6,falling,53,902.0,,195.000,421.680,0.00000,10.37691,10.37691,0.000000,0.000000,0,0,4.95600,1754.612,4.805,35.000,35.000,35.000,37.000,39.000,0.000,0.000,0,0,1.5583,63,126,63,66,67
6,falling,54,919.0,,195.000,432.391,0.00000,10.50147,10.50147,0.000000,0.000000,0,0,4.95600,1754.612,4.805,35.000,35.000,35.000,37.000,39.000,0.000,0.000,0,0,1.5583,63,126,63,66,67
6,falling,55,936.0,,195.000,442.584,0.00000,10.61692,10.61692,0.000000,0.000000,0,0,4.95600,1754.612,4.805,35.000,35.000,35.000,37.000,39.000,0.000,0.000,0,0,1.5583,63,126,63,66,67
6,falling,56,952.0,,195.000,453.536,0.00000,10.73781,10.73781,0.000000,0.000000,0,0,4.95600,1754.612,4.805,35.000,35.000,35.000,37.000,39.000,0.000,0.000,0,0,1.5583,63,126,63,66,67
6,falling,57,969.0,,195.000,464.610,0.00000,10.85686,10.85686,0.000000,0.000000,0,0,4.95600,1754.612,4.805,35.000,35.000,35.000,37.000,39.000,0.000,0.000,0,0,1.5583,63,126,63,66,67
6,falling,58,986.0,,195.000,475.139,0.00000,10.96719,10.96719,0.000000,0.000000,0,0,4.95600,1754.612,4.805,35.000,35.000,35.000,37.000,39.000,0.000,0.000,0,0,1.5583,63,126,63,66,67
6,post_landing,59,1002.0,59,195.000,482.343,0.44259,-0.75196,0.87255,0.014041,0.000000,0,1,4.95600,1754.612,4.805,35.000,35.000,35.000,37.000,39.000,0.000,0.000,0,16,1.5583,63,126,63,66,67
6,post_landing,60,1019.0,59,195.445,480.360,3.17144,-2.70046,4.16539,-0.058023,0.014102,0,1,4.95600,1754.612,4.805,35.000,34.011,34.997,37.039,37.968,0.000,0.000,0,8,1.5583,63,126,63,66,67
6,post_landing,61,1036.0,59,198.445,477.893,2.37984,-1.31720,2.72004,0.006338,-0.040798,0,1,4.95600,1754.612,4.805,35.000,12.031,12.072,35.012,39.171,0.000,0.000,0,1,1.5583,63,126,63,66,67
6,post_landing,62,1052.0,59,200.836,476.725,2.34342,-1.01371,2.55328,0.006241,-0.034431,0,0,4.95600,1754.612,4.805,35.000,12.027,12.062,35.014,39.149,0.000,0.000,0,0,1.5583,63,126,63,66,67
6,post_landing,63,1069.0,59,203.189,475.888,2.30757,-0.71487,2.41576,0.006146,-0.028162,0,0,4.95600,1754.612,4.805,35.000,12.023,35.014,35.958,39.125,0.000,0.000,0,0,1.5583,63,126,63,66,67
6,post_landing,64,1086.0,59,205.373,475.382,2.27434,-0.43791,2.31611,0.006057,-0.022347,0,0,4.95600,1754.612,4.805,35.000,12.019,35.014,36.968,39.102,0.000,0.000,0,0,1.5583,63,126,63,66,67
6,post_landing,65,1102.0,59,207.657,475.163,2.23954,-0.14787,2.24442,0.005965,-0.016263,0,0,4.95600,1754.612,4.805,35.000,12.015,35.012,36.979,39.076,0.000,0.000,0,0,1.5583,63,126,63,66,67
6,post_landing,66,1119.0,59,209.906,475.248,2.20528,0.13772,2.20957,0.005874,-0.010272,0,0,4.95600,1754.612,4.805,35.000,12.010,35.008,36.988,39.049,0.000,0.000,0,0,1.5583,63,126,63,66,67
6,post_landing,67,1136.0,59,211.993,475.634,2.17352,0.40241,2.21046,0.005789,-0.004715,0,0,4.95600,1754.612,4.805,35.000,12.005,35.004,36.995,39.023,0.000,0.000,0,0,1.5583,63,126,63,66,67
6,post_landing,68,1152.0,59,214.176,476.328,2.14027,0.67958,2.24557,0.005700,0.001100,0,0,4.95600,1754.612,4.805,35.000,34.001,35.000,37.003,37.998,0.000,0.000,0,0,1.5583,63,126,63,66,67
6,post_landing,69,1169.0,59,216.326,477.299,2.10752,0.95252,2.31278,0.005613,0.006825,0,0,4.95600,1754.612,4.805,35.000,34.006,34.999,37.020,37.985,0.000,0.000,0,0,1.5583,63,126,63,66,67
6,post_landing,70,1186.0,59,218.320,478.456,2.07717,1.20547,2.40162,0.005532,0.012136,0,0,4.95600,1754.612,4.805,35.000,34.010,34.997,37.034,37.973,0.000,0.000,0,0,1.5583,63,126,63,66,67
6,post_landing,71,1202.0,59,220.406,479.220,1.71913,-0.31814,1.74832,-0.026999,0.017693,0,1,4.95600,1754.612,4.805,35.000,34.012,34.995,37.047,37.959,0.000,0.000,0,3,1.5583,63,126,63,66,67
6,post_landing,72,1219.0,59,222.133,478.443,0.96674,-0.01647,0.96688,0.022354,-0.009425,0,1,4.95600,1754.612,4.805,35.000,12.009,35.008,36.989,39.045,0.000,0.000,0,1,1.5583,63,126,63,66,67
6,post_landing,73,1236.0,59,223.047,478.614,0.67128,0.00000,0.67128,0.022957,0.011726,0,1,4.95600,1754.612,4.805,35.000,34.009,34.998,37.033,37.974,0.000,0.000,0,1,1.5583,63,126,63,66,67
6,post_landing,74,1252.0,59,223.722,478.803,0.43600,-0.03062,0.43708,0.022013,0.034784,0,1,4.95600,1754.612,4.805,35.000,34.014,34.979,37.082,37.907,0.000,0.000,0,1,1.5583,63,126,63,66,67
6,post_landing,75,1269.0,59,224.160,478.796,0.44125,-0.24719,0.50577,-0.004993,0.056893,0,1,4.95600,1754.612,4.805,35.000,34.002,37.054,37.168,37.168,0.000,0.000,0,2,1.5583,63,126,63,66,67
6,post_landing,76,1286.0,59,224.577,478.713,-0.14176,-0.49987,0.51958,0.010159,0.052169,0,1,4.95600,1754.612,4.805,35.000,34.006,37.054,37.158,37.844,0.000,0.000,0,1,1.5583,63,126,63,66,67
6,post_landing,77,1302.0,59,224.435,478.500,-0.13959,-0.20889,0.25124,0.010003,0.062372,0,0,4.95600,1754.612,4.805,35.000,23.018,36.117,37.177,37.177,0.000,0.000,0,0,1.5583,63,126,63,66,67
6,post_landing,78,1319.0,59,224.295,478.405,-0.39518,-0.01347,0.39541,0.016719,0.072420,0,1,4.95600,1754.612,4.805,35.000,23.012,36.123,37.192,37.192,0.000,0.000,0,1,1.5583,63,126,63,66,67
6,post_landing,79,1337.0,59,223.921,478.173,-0.63158,0.07076,0.63553,0.020133,0.088239,0,1,4.95600,1754.612,4.805,35.000,1.992,25.167,37.209,37.209,0.000,0.000,0,1,1.5583,63,126,63,66,67
6,post_landing,80,1352.0,59,223.286,477.896,-1.21485,0.11130,1.21993,0.041610,0.108460,0,1,4.95600,1754.612,4.805,35.000,1.988,25.178,37.216,37.216,0.000,0.000,0,1,1.5583,63,126,63,66,67
6,post_landing,81,1369.0,59,222.066,477.377,-1.32689,0.14415,1.33470,0.028258,0.150253,0,1,4.95600,1754.612,4.805,35.000,1.977,8.060,25.467,37.182,0.000,0.000,0,1,1.5583,63,126,63,66,67
6,post_landing,82,1386.0,59,220.811,477.083,-1.07393,0.10791,1.07934,0.001933,0.176990,0,1,4.95600,1754.612,4.805,35.000,1.969,6.082,25.490,37.126,0.000,0.000,0,1,1.5583,63,126,63,66,67
6,post_landing,83,1402.0,59,219.732,477.065,-0.64353,0.00000,0.64353,-0.023038,0.178931,0,1,4.95600,1754.612,4.805,35.000,1.968,6.082,25.491,37.121,0.000,0.000,0,1,1.5583,63,126,63,66,67
6,post_landing,84,1419.0,59,219.086,477.317,-0.44648,0.00000,0.44648,-0.040169,0.155792,0,1,4.95600,1754.612,4.805,35.000,1.976,8.058,25.473,37.173,0.000,0.000,0,1,1.5583,63,126,63,66,67
6,post_landing,85,1436.0,59,218.663,477.573,-0.44005,0.26667,0.51454,-0.039591,0.117785,0,0,4.95600,1754.612,4.805,35.000,1.986,25.179,36.338,37.214,0.000,0.000,0,0,1.5583,63,126,63,66,67
6,post_landing,86,1452.0,59,218.221,478.130,-0.43332,0.54592,0.69699,-0.038985,0.078020,0,0,4.95600,1754.612,4.805,35.000,23.008,36.124,37.199,37.199,0.000,0.000,0,0,1.5583,63,126,63,66,67
6,post_landing,87,1469.0,59,217.786,478.875,-0.67597,0.08061,0.68076,0.003211,0.038863,0,1,4.95600,1754.612,4.805,35.000,34.013,34.974,37.089,37.894,0.000,0.000,0,2,1.5583,63,126,63,66,67
6,post_landing,88,1486.0,59,217.146,478.859,-0.87448,-0.03504,0.87518,0.017689,0.041901,0,1,4.95600,1754.612,4.805,35.000,34.012,37.051,37.135,37.883,0.000,0.000,0,2,1.5583,63,126,63,66,67
6,post_landing,89,1502.0,59,216.268,478.785,-0.63291,-0.13424,0.64699,0.000000,0.059668,0,1,4.95600,1754.612,4.805,35.000,23.019,36.115,37.173,37.173,0.000,0.000,0,2,1.5583,63,126,63,66,67
6,post_landing,90,1519.0,59,215.632,478.785,-0.28779,0.05744,0.29346,-0.015702,0.059668,0,1,4.95600,1754.612,4.805,35.000,23.019,36.115,37.173,37.173,0.000,0.000,0,2,1.5583,63,126,63,66,67
6,post_landing,91,1536.0,59,215.360,478.845,-0.45589,0.07862,0.46262,0.004543,0.044811,0,1,4.95600,1754.612,4.805,35.000,34.011,37.052,37.142,37.872,0.000,0.000,0,2,1.5583,63,126,63,66,67
6,post_landing,92,1553.0,59,214.902,478.827,0.44831,-0.24947,0.51304,-0.058713,0.049373,0,1,4.95600,1754.612,4.805,35.000,34.008,37.054,37.152,37.855,0.000,0.000,0,2,1.5583,63,126,63,66,67
6,post_landing,93,1569.0,59,215.352,478.440,0.12875,-0.52747,0.54296,0.017970,-0.009597,0,1,4.95600,1754.612,4.805,35.000,12.009,35.008,36.989,39.046,0.000,0.000,0,1,1.5583,63,126,63,66,67
6,post_landing,94,1586.0,59,215.474,478.197,0.12690,-0.25321,0.28323,0.017711,0.007406,0,0,4.95600,1754.612,4.805,35.000,34.006,34.999,37.021,37.984,0.000,0.000,0,0,1.5583,63,126,63,66,67
6,post_landing,95,1602.0,59,215.602,478.232,0.12496,0.03400,0.12950,0.017440,0.025195,0,0,4.95600,1754.612,4.805,35.000,34.014,34.989,37.064,37.938,0.000,0.000,0,0,1.5583,63,126,63,66,67
6,post_landing,96,1619.0,59,215.727,478.555,0.12305,0.31681,0.33987,0.017174,0.042712,0,0,4.95600,1754.612,4.805,35.000,34.012,37.052,37.137,37.880,0.000,0.000,0,0,1.5583,63,126,63,66,67
6,post_landing,97,1636.0,59,215.844,478.785,-0.01078,-0.05060,0.05173,0.003457,0.058961,0,1,4.95600,1754.612,4.805,35.000,23.019,36.114,37.171,37.171,0.000,0.000,0,2,1.5583,63,126,63,66,67
6,post_landing,98,1653.0,59,215.833,478.774,-0.35150,-0.26355,0.43933,0.007791,0.062433,0,1,4.95600,1754.612,4.805,35.000,23.018,36.117,37.177,37.177,0.000,0.000,0,2,1.5583,63,126,63,66,67
6,post_landing,99,1669.0,59,215.480,478.437,-0.47042,0.00000,0.47042,0.011010,0.070259,0,1,4.95600,1754.612,4.805,35.000,23.013,36.122,37.190,37.190,0.000,0.000,0,1,1.5583,63,126,63,66,67
6,post_landing,100,1686.0,59,215.007,478.274,-0.80985,0.10767,0.81698,0.024767,0.081317,0,1,4.95600,1754.612,4.805,35.000,23.005,36.125,37.203,37.203,0.000,0.000,0,1,1.5583,63,126,63,66,67
6,post_landing,101,1702.0,59,214.241,477.944,-0.65810,0.13415,0.67164,0.005037,0.104751,0,1,4.95600,1754.612,4.805,35.000,1.989,25.177,37.215,37.215,0.000,0.000,0,1,1.5583,63,126,63,66,67
6,post_landing,102,1719.0,59,213.580,477.878,-0.35453,-0.07021,0.36142,-0.019679,0.109810,0,1,4.95600,1754.612,4.805,35.000,1.988,25.178,37.216,37.216,0.000,0.000,0,1,1.5583,63,126,63,66,67
6,post_landing,103,1736.0,59,213.245,478.068,-0.34943,0.19747,0.40136,-0.019396,0.091191,0,0,4.95600,1754.612,4.805,35.000,1.992,25.169,37.211,37.211,0.000,0.000,0,0,1.5583,63,126,63,66,67
6,post_landing,104,1753.0,59,212.894,478.415,-0.33290,-0.03965,0.33525,-0.016510,0.071710,0,1,4.95600,1754.612,4.805,35.000,23.013,36.122,37.192,37.192,0.000,0.000,0,1,1.5583,63,126,63,66,67
6,post_landing,105,1769.0,59,212.559,478.668,-0.34878,0.03967,0.35103,-0.007245,0.055127,0,1,4.95600,1754.612,4.805,35.000,34.003,37.054,37.164,37.832,0.000,0.000,0,1,1.5583,63,126,63,66,67
6,post_landing,106,1786.0,59,212.229,478.830,-0.56635,-0.18399,0.59549,-0.001253,0.048272,0,1,4.95600,1754.612,4.805,35.000,34.009,37.053,37.150,37.859,0.000,0.000,0,2,1.5583,63,126,63,66,67
6,post_landing,107,1803.0,59,211.660,478.837,-0.40635,0.03882,0.40820,-0.006779,0.047014,0,1,4.95600,1754.612,4.805,35.000,34.009,37.053,37.147,37.864,0.000,0.000,0,2,1.5583,63,126,63,66,67
6,post_landing,108,1819.0,59,211.252,478.869,-0.27215,-0.28824,0.39642,-0.007096,0.040204,0,1,4.95600,1754.612,4.805,35.000,34.013,37.050,37.131,37.889,0.000,0.000,0,2,1.5583,63,126,63,66,67
6,post_landing,109,1836.0,59,210.995,478.789,-0.45752,-0.11268,0.47120,0.009462,0.033490,0,1,4.95600,1754.612,4.805,35.000,34.014,34.980,37.080,37.912,0.000,0.000,0,1,1.5583,63,126,63,66,67
6,post_landing,110,1853.0,59,210.535,478.856,-0.18356,-0.06499,0.19472,-0.026178,0.042994,0,1,4.95600,1754.612,4.805,35.000,34.012,37.052,37.138,37.879,0.000,0.000,0,2,1.5583,63,126,63,66,67
6,post_landing,111,1869.0,59,210.351,478.684,-0.52085,-0.20418,0.55944,0.036623,0.016701,0,1,4.95600,1754.612,4.805,35.000,34.012,34.995,37.045,37.961,0.000,0.000,0,1,1.5583,63,126,63,66,67
6,post_landing,112,1886.0,59,209.858,478.727,-0.50349,0.04747,0.50573,0.030074,0.051353,0,1,4.95600,1754.612,4.805,35.000,34.007,37.054,37.157,37.847,0.000,0.000,0,1,1.5583,63,126,63,66,67
6,post_landing,113,1903.0,59,209.352,478.271,-0.11739,0.25746,0.28296,-0.011785,0.081559,0,1,4.95600,1754.612,4.805,35.000,23.005,36.125,37.203,37.203,0.000,0.000,0,1,1.5583,63,126,63,66,67
6,post_landing,114,1919.0,59,209.234,478.445,-0.15011,-0.08385,0.17194,-0.026026,0.069723,0,1,4.95600,1754.612,4.805,35.000,23.014,36.122,37.189,37.189,0.000,0.000,0,1,1.5583,63,126,63,66,67
6,post_landing,115,1936.0,59,209.092,478.622,-0.14795,0.18403,0.23612,-0.025651,0.045098,0,0,4.95600,1754.612,4.805,35.000,34.011,37.053,37.143,37.871,0.000,0.000,0,0,1.5583,63,126,63,66,67
6,post_landing,116,1953.0,59,208.944,478.699,0.29911,0.06514,0.30612,-0.029028,0.019334,0,1,4.95600,1754.612,4.805,35.000,34.013,34.993,37.051,37.954,0.000,0.000,0,1,1.5583,63,126,63,66,67
6,post_landing,117,1969.0,59,209.244,478.437,0.22358,-0.22075,0.31420,0.003294,-0.009822,0,1,4.95600,1754.612,4.805,35.000,12.009,35.008,36.988,39.047,0.000,0.000,0,1,1.5583,63,126,63,66,67
6,post_landing,118,1986.0,59,209.469,478.490,0.58209,0.02507,0.58263,-0.018788,-0.006513,0,1,4.95600,1754.612,4.805,35.000,12.006,35.006,36.993,39.032,0.000,0.000,0,1,1.5583,63,126,63,66,67
7,falling,0,29.0,,195.000,97.029,0.00000,0.55000,0.55000,0.000000,0.000000,0,0,4.74000,1831.832,2.853,4.000,4.000,5.000,7.000,12.000,0.000,0.000,0,0,1.2705,102,204,102,107,84
7,falling,1,45.0,,195.000,97.805,0.00000,0.80875,0.80875,0.000000,0.000000,0,0,4.74000,1831.832,2.853,4.000,4.000,5.000,7.000,12.000,0.000,0.000,0,0,1.2705,102,204,102,107,84
7,falling,2,62.0,,195.000,98.827,0.00000,1.06377,1.06377,0.000000,0.000000,0,0,4.74000,1831.832,2.853,4.000,4.000,5.000,7.000,12.000,0.000,0.000,0,0,1.2705,102,204,102,107,84
7,falling,3,78.0,,195.000,100.184,0.00000,1.33083,1.33083,0.000000,0.000000,0,0,4.74000,1831.832,2.853,4.000,4.000,5.000,7.000,12.000,0.000,0.000,0,0,1.2705,102,204,102,107,84
7,falling,4,95.0,,195.000,101.810,0.00000,1.59380,1.59380,0.000000,0.000000,0,0,4.74000,1831.832,2.853,4.000,4.000,5.000,7.000,12.000,0.000,0.000,0,0,1.2705,102,204,102,107,84
7,falling,5,112.0,,195.000,103.700,0.00000,1.85275,1.85275,0.000000,0.000000,0,0,4.74000,1831.832,2.853,4.000,4.000,5.000,7.000,12.000,0.000,0.000,0,0,1.2705,102,204,102,107,84
7,falling,6,128.0,,195.000,105.709,0.00000,2.09273,2.09273,0.000000,0.000000,0,0,4.74000,1831.832,2.853,4.000,4.000,5.000,7.000,12.000,0.000,0.000,0,0,1.2705,102,204,102,107,84
7,falling,7,145.0,,195.000,108.099,0.00000,2.34405,2.34405,0.000000,0.000000,0,0,4.74000,1831.832,2.853,4.000,4.000,5.000,7.000,12.000,0.000,0.000,0,0,1.2705,102,204,102,107,84
7,falling,8,162.0,,195.000,110.743,0.00000,2.59152,2.59152,0.000000,0.000000,0,0,4.74000,1831.832,2.853,4.000,4.000,5.000,7.000,12.000,0.000,0.000,0,0,1.2705,102,204,102,107,84
7,falling,9,178.0,,195.000,113.451,0.00000,2.82086,2.82086,0.000000,0.000000,0,0,4.74000,1831.832,2.853,4.000,4.000,5.000,7.000,12.000,0.000,0.000,0,0,1.2705,102,204,102,107,84
7,falling,10,195.0,,195.000,116.573,0.00000,3.06104,3.06104,0.000000,0.000000,0,0,4.74000,1831.832,2.853,4.000,4.000,5.000,7.000,12.000,0.000,0.000,0,0,1.2705,102,204,102,107,84
7,falling,11,212.0,,195.000,119.937,0.00000,3.29754,3.29754,0.000000,0.000000,0,0,4.74000,1831.832,2.853,4.000,4.000,5.000,7.000,12.000,0.000,0.000,0,0,1.2705,102,204,102,107,84
7,falling,12,229.0,,195.000,123.313,0.00000,3.51672,3.51672,0.000000,0.000000,0,0,4.74000,1831.832,2.853,4.000,4.000,5.000,7.000,12.000,0.000,0.000,0,0,1.2705,102,204,102,107,84
7,falling,13,245.0,,195.000,127.134,0.00000,3.74625,3.74625,0.000000,0.000000,0,0,4.74000,1831.832,2.853,4.000,4.000,5.000,7.000,12.000,0.000,0.000,0,0,1.2705,102,204,102,107,84
7,falling,14,262.0,,195.000,131.186,0.00000,3.97226,3.97226,0.000000,0.000000,0,0,4.74000,1831.832,2.853,4.000,4.000,5.000,7.000,12.000,0.000,0.000,0,0,1.2705,102,204,102,107,84
7,falling,15,279.0,,195.000,135.200,0.00000,4.18173,4.18173,0.000000,0.000000,0,0,4.74000,1831.832,2.853,4.000,4.000,5.000,7.000,12.000,0.000,0.000,0,0,1.2705,102,204,102,107,84
7,falling,16,295.0,,195.000,139.689,0.00000,4.40108,4.40108,0.000000,0.000000,0,0,4.74000,1831.832,2.853,4.000,4.000,5.000,7.000,12.000,0.000,0.000,0,0,1.2705,102,204,102,107,84
7,falling,17,312.0,,195.000,144.399,0.00000,4.61708,4.61708,0.000000,0.000000,0,0,4.74000,1831.832,2.853,4.000,4.000,5.000,7.000,12.000,0.000,0.000,0,0,1.2705,102,204,102,107,84
7,falling,18,329.0,,195.000,149.023,0.00000,4.81726,4.81726,0.000000,0.000000,0,0,4.74000,1831.832,2.853,4.000,4.000,5.000,7.000,12.000,0.000,0.000,0,0,1.2705,102,204,102,107,84
7,falling,19,345.0,,195.000,154.151,0.00000,5.02689,5.02689,0.000000,0.000000,0,0,4.74000,1831.832,2.853,4.000,4.000,5.000,7.000,12.000,0.000,0.000,0,0,1.2705,102,204,102,107,84
7,falling,20,362.0,,195.000,159.488,0.00000,5.23331,5.23331,0.000000,0.000000,0,0,4.74000,1831.832,2.853,4.000,4.000,5.000,7.000,12.000,0.000,0.000,0,0,1.2705,102,204,102,107,84
7,falling,21,379.0,,195.000,164.696,0.00000,5.42462,5.42462,0.000000,0.000000,0,0,4.74000,1831.832,2.853,4.000,4.000,5.000,7.000,12.000,0.000,0.000,0,0,1.2705,102,204,102,107,84
7,falling,22,395.0,,195.000,170.434,0.00000,5.62496,5.62496,0.000000,0.000000,0,0,4.74000,1831.832,2.853,4.000,4.000,5.000,7.000,12.000,0.000,0.000,0,0,1.2705,102,204,102,107,84
7,falling,23,412.0,,195.000,176.372,0.00000,5.82223,5.82223,0.000000,0.000000,0,0,4.74000,1831.832,2.853,4.000,4.000,5.000,7.000,12.000,0.000,0.000,0,0,1.2705,102,204,102,107,84
7,falling,24,429.0,,195.000,182.137,0.00000,6.00505,6.00505,0.000000,0.000000,0,0,4.74000,1831.832,2.853,4.000,4.000,5.000,7.000,12.000,0.000,0.000,0,0,1.2705,102,204,102,107,84
7,falling,25,445.0,,195.000,188.458,0.00000,6.19651,6.19651,0.000000,0.000000,0,0,4.74000,1831.832,2.853,4.000,4.000,5.000,7.000,12.000,0.000,0.000,0,0,1.2705,102,204,102,107,84
7,falling,26,462.0,,195.000,194.970,0.00000,6.38504,6.38504,0.000000,0.000000,0,0,4.74000,1831.832,2.853,4.000,4.000,5.000,7.000,12.000,0.000,0.000,0,0,1.2705,102,204,102,107,84
7,falling,27,479.0,,195.000,201.268,0.00000,6.55976,6.55976,0.000000,0.000000,0,0,4.74000,1831.832,2.853,4.000,4.000,5.000,7.000,12.000,0.000,0.000,0,0,1.2705,102,204,102,107,84
7,falling,28,495.0,,195.000,208.145,0.00000,6.74273,6.74273,0.000000,0.000000,0,0,4.74000,1831.832,2.853,4.000,4.000,5.000,7.000,12.000,0.000,0.000,0,0,1.2705,102,204,102,107,84
7,falling,29,512.0,,195.000,215.207,0.00000,6.92290,6.92290,0.000000,0.000000,0,0,4.74000,1831.832,2.853,4.000,4.000,5.000,7.000,12.000,0.000,0.000,0,0,1.2705,102,204,102,107,84
7,falling,30,529.0,,195.000,222.013,0.00000,7.08987,7.08987,0.000000,0.000000,0,0,4.74000,1831.832,2.853,4.000,4.000,5.000,7.000,12.000,0.000,0.000,0,0,1.2705,102,204,102,107,84
7,falling,31,545.0,,195.000,229.423,0.00000,7.26473,7.26473,0.000000,0.000000,0,0,4.74000,1831.832,2.853,4.000,4.000,5.000,7.000,12.000,0.000,0.000,0,0,1.2705,102,204,102,107,84
7,falling,32,562.0,,195.000,237.009,0.00000,7.43691,7.43691,0.000000,0.000000,0,0,4.74000,1831.832,2.853,4.000,4.000,5.000,7.000,12.000,0.000,0.000,0,0,1.2705,102,204,102,107,84
7,falling,33,579.0,,195.000,244.301,0.00000,7.59649,7.59649,0.000000,0.000000,0,0,4.74000,1831.832,2.853,4.000,4.000,5.000,7.000,12.000,0.000,0.000,0,0,1.2705,102,204,102,107,84
7,falling,34,595.0,,195.000,252.220,0.00000,7.76360,7.76360,0.000000,0.000000,0,0,4.74000,1831.832,2.853,4.000,4.000,5.000,7.000,12.000,0.000,0.000,0,0,1.2705,102,204,102,107,84
7,falling,35,612.0,,195.000,260.307,0.00000,7.92815,7.92815,0.000000,0.000000,0,0,4.74000,1831.832,2.853,4.000,4.000,5.000,7.000,12.000,0.000,0.000,0,0,1.2705,102,204,102,107,84
7,falling,36,629.0,,195.000,268.064,0.00000,8.08065,8.08065,0.000000,0.000000,0,0,4.74000,1831.832,2.853,4.000,4.000,5.000,7.000,12.000,0.000,0.000,0,0,1.2705,102,204,102,107,84
7,falling,37,645.0,,195.000,276.469,0.00000,8.24035,8.24035,0.000000,0.000000,0,0,4.74000,1831.832,2.853,4.000,4.000,5.000,7.000,12.000,0.000,0.000,0,0,1.2705,102,204,102,107,84
7,falling,38,662.0,,195.000,285.035,0.00000,8.39760,8.39760,0.000000,0.000000,0,0,4.74000,1831.832,2.853,4.000,4.000,5.000,7.000,12.000,0.000,0.000,0,0,1.2705,102,204,102,107,84
7,falling,39,679.0,,195.000,293.237,0.00000,8.54335,8.54335,0.000000,0.000000,0,0,4.74000,1831.832,2.853,4.000,4.000,5.000,7.000,12.000,0.000,0.000,0,0,1.2705,102,204,102,107,84
7,falling,40,695.0,,195.000,302.106,0.00000,8.69597,8.69597,0.000000,0.000000,0,0,4.74000,1831.832,2.853,4.000,4.000,5.000,7.000,12.000,0.000,0.000,0,0,1.2705,102,204,102,107,84
7,falling,41,712.0,,195.000,311.130,0.00000,8.84625,8.84625,0.000000,0.000000,0,0,4.74000,1831.832,2.853,4.000,4.000,5.000,7.000,12.000,0.000,0.000,0,0,1.2705,102,204,102,107,84
7,falling,42,728.0,,195.000,319.756,0.00000,8.98553,8.98553,0.000000,0.000000,0,0,4.74000,1831.832,2.853,4.000,4.000,5.000,7.000,12.000,0.000,0.000,0,0,1.2705,102,204,102,107,84
7,falling,43,745.0,,195.000,329.070,0.00000,9.13139,9.13139,0.000000,0.000000,0,0,4.74000,1831.832,2.853,4.000,4.000,5.000,7.000,12.000,0.000,0.000,0,0,1.2705,102,204,102,107,84
7,falling,44,762.0,,195.000,338.530,0.00000,9.27501,9.27501,0.000000,0.000000,0,0,4.74000,1831.832,2.853,4.000,4.000,5.000,7.000,12.000,0.000,0.000,0,0,1.2705,102,204,102,107,84
7,falling,45,779.0,,195.000,347.562,0.00000,9.40812,9.40812,0.000000,0.000000,0,0,4.74000,1831.832,2.853,4.000,4.000,5.000,7.000,12.000,0.000,0.000,0,0,1.2705,102,204,102,107,84
7,falling,46,795.0,,195.000,357.300,0.00000,9.54750,9.54750,0.000000,0.000000,0,0,4.74000,1831.832,2.853,4.000,4.000,5.000,7.000,12.000,0.000,0.000,0,0,1.2705,102,204,102,107,84
7,falling,47,812.0,,195.000,367.179,0.00000,9.68476,9.68476,0.000000,0.000000,0,0,4.74000,1831.832,2.853,4.000,4.000,5.000,7.000,12.000,0.000,0.000,0,0,1.2705,102,204,102,107,84
7,falling,48,829.0,,195.000,376.598,0.00000,9.81197,9.81197,0.000000,0.000000,0,0,4.74000,1831.832,2.853,4.000,4.000,5.000,7.000,12.000,0.000,0.000,0,0,1.2705,102,204,102,107,84
7,falling,49,845.0,,195.000,386.742,0.00000,9.94518,9.94518,0.000000,0.000000,0,0,4.74000,1831.832,2.853,4.000,4.000,5.000,7.000,12.000,0.000,0.000,0,0,1.2705,102,204,102,107,84
7,falling,50,862.0,,195.000,396.408,0.00000,10.06863,10.06863,0.000000,0.000000,0,0,4.74000,1831.832,2.853,4.000,4.000,5.000,7.000,12.000,0.000,0.000,0,0,1.2705,102,204,102,107,84
7,falling,51,878.0,,195.000,406.810,0.00000,10.19792,10.19792,0.000000,0.000000,0,0,4.74000,1831.832,2.853,4.000,4.000,5.000,7.000,12.000,0.000,0.000,0,0,1.2705,102,204,102,107,84
7,falling,52,895.0,,195.000,417.342,0.00000,10.32522,10.32522,0.000000,0.000000,0,0,4.74000,1831.832,2.853,4.000,4.000,5.000,7.000,12.000,0.000,0.000,0,0,1.2705,102,204,102,107,84
7,falling,53,912.0,,195.000,427.367,0.00000,10.44321,10.44321,0.000000,0.000000,0,0,4.74000,1831.832,2.853,4.000,4.000,5.000,7.000,12.000,0.000,0.000,0,0,1.2705,102,204,102,107,84
7,falling,54,929.0,,195.000,438.146,0.00000,10.56676,10.56676,0.000000,0.000000,0,0,4.74000,1831.832,2.853,4.000,4.000,5.000,7.000,12.000,0.000,0.000,0,0,1.2705,102,204,102,107,84
7,falling,55,945.0,,195.000,449.048,0.00000,10.68842,10.68842,0.000000,0.000000,0,0,4.74000,1831.832,2.853,4.000,4.000,5.000,7.000,12.000,0.000,0.000,0,0,1.2705,102,204,102,107,84
7,falling,56,962.0,,195.000,459.417,0.00000,10.80117,10.80117,0.000000,0.000000,0,0,4.74000,1831.832,2.853,4.000,4.000,5.000,7.000,12.000,0.000,0.000,0,0,1.2705,102,204,102,107,84
7,falling,57,979.0,,195.000,470.554,0.00000,10.91925,10.91925,0.000000,0.000000,0,0,4.74000,1831.832,2.853,4.000,4.000,5.000,7.000,12.000,0.000,0.000,0,0,1.2705,102,204,102,107,84
7,post_landing,58,995.0,58,195.000,479.261,2.55148,-0.26072,2.56477,0.003601,0.000000,0,1,4.74000,1831.832,2.853,4.000,4.000,5.000,7.000,12.000,0.000,0.000,0,5,1.2705,102,204,102,107,84
7,post_landing,59,1012.0,58,197.414,478.297,2.07447,0.00000,2.07447,0.017526,0.003407,0,1,4.74000,1831.832,2.853,4.000,3.003,5.003,7.010,12.024,0.000,0.000,0,3,1.2705,102,204,102,107,84
7,post_landing,60,1029.0,58,199.498,478.014,1.91170,0.04072,1.91214,0.009708,0.021010,0,1,4.74000,1831.832,2.853,4.000,3.020,5.020,7.061,12.144,0.000,0.000,0,2,1.2705,102,204,102,107,84
7,post_landing,61,1045.0,58,201.418,477.654,1.60196,0.12290,1.60667,0.012415,0.030760,0,1,4.74000,1831.832,2.853,4.000,3.029,5.028,7.089,12.210,0.000,0.000,0,1,1.2705,102,204,102,107,84
7,post_landing,62,1062.0,58,202.934,477.813,1.41645,0.00000,1.41645,0.014905,0.042507,0,1,4.74000,1831.832,2.853,4.000,3.040,5.038,7.121,12.287,0.000,0.000,0,1,1.2705,102,204,102,107,84
7,post_landing,63,1079.0,58,204.356,478.029,1.25693,-0.03440,1.25740,0.014710,0.057478,0,1,4.74000,1831.832,2.853,4.000,3.052,5.049,7.161,12.382,0.000,0.000,0,1,1.2705,102,204,102,107,84
7,post_landing,64,1095.0,58,205.619,478.251,1.45021,0.19457,1.46321,-0.015056,0.072253,0,1,4.74000,1831.832,2.853,4.000,3.064,5.059,7.198,12.474,0.000,0.000,0,1,1.2705,102,204,102,107,84
7,post_landing,65,1112.0,58,206.991,478.034,1.01405,0.06065,1.01586,0.030828,0.058007,0,1,4.74000,1831.832,2.853,4.000,3.053,5.050,7.162,12.386,0.000,0.000,0,1,1.2705,102,204,102,107,84
7,post_landing,66,1129.0,58,208.009,478.384,0.99853,0.34306,1.05582,0.030356,0.088971,0,0,4.74000,1831.832,2.853,4.000,3.077,5.069,7.239,42.722,0.000,0.000,0,0,1.2705,102,204,102,107,84
7,post_landing,67,1145.0,58,209.012,479.016,1.20934,-0.05672,1.21067,0.012267,0.119460,0,1,4.74000,1831.832,2.853,4.000,3.098,5.084,7.308,43.012,0.000,0.000,0,1,1.2705,102,204,102,107,84
7,post_landing,68,1162.0,58,210.157,479.216,1.09118,0.06616,1.09319,0.007197,0.131067,0,1,4.74000,1831.832,2.853,4.000,3.105,5.088,7.332,43.208,0.000,0.000,0,1,1.2705,102,204,102,107,84
7,post_landing,69,1179.0,58,211.253,479.363,0.90837,0.10629,0.91456,0.009225,0.138296,0,1,4.74000,1831.832,2.853,4.000,3.109,5.090,7.347,43.253,0.000,0.000,0,1,1.2705,102,204,102,107,84
7,post_landing,70,1195.0,58,212.165,479.533,0.75238,0.01831,0.75260,0.014860,0.147561,0,1,4.74000,1831.832,2.853,4.000,3.114,5.093,7.365,43.308,0.000,0.000,0,1,1.2705,102,204,102,107,84
7,post_landing,71,1212.0,58,212.877,479.779,0.68017,0.10490,0.68821,0.007135,0.161621,0,1,4.74000,1831.832,2.853,4.000,3.122,5.096,7.392,43.384,0.000,0.000,0,1,1.2705,102,204,102,107,84
7,post_landing,72,1229.0,58,213.560,479.934,0.61095,-0.01407,0.61112,0.012477,0.168788,0,1,4.74000,1831.832,2.853,4.000,3.125,5.097,7.404,43.419,0.000,0.000,0,1,1.2705,102,204,102,107,84
7,post_landing,73,1245.0,58,214.174,480.165,0.53519,0.00000,0.53519,0.023229,0.181320,0,1,4.74000,1831.832,2.853,4.000,3.131,5.098,43.115,43.475,0.000,0.000,0,1,1.2705,102,204,102,107,84
7,post_landing,74,1263.0,58,214.680,480.421,0.52749,0.26667,0.59106,0.022895,0.203299,0,0,4.74000,1831.832,2.853,4.000,3.140,5.099,43.356,43.558,0.000,0.000,0,0,1.2705,102,204,102,107,84
7,post_landing,75,1279.0,58,215.210,480.977,0.51942,0.54592,0.75354,0.022544,0.226294,0,0,4.74000,1831.832,2.853,4.000,3.148,43.173,43.622,43.622,0.000,0.000,0,0,1.2705,102,204,102,107,84
7,post_landing,76,1295.0,58,215.731,481.608,0.53242,0.18531,0.56375,0.015123,0.248938,0,1,4.74000,1831.832,2.853,4.000,3.154,43.169,43.662,43.662,0.000,0.000,0,1,1.2705,102,204,102,107,84
7,post_landing,77,1312.0,58,216.235,481.925,0.54414,0.05414,0.54682,0.011656,0.263247,0,1,4.74000,1831.832,2.853,4.000,42.450,43.415,43.676,43.676,0.000,0.000,0,1,1.2705,102,204,102,107,84
7,post_landing,78,1329.0,58,216.782,482.196,0.46362,-0.12714,0.48074,-0.002221,0.274954,0,1,4.74000,1831.832,2.853,4.000,42.718,43.680,43.680,43.680,0.000,0.000,0,2,1.2705,102,204,102,107,84
7,post_landing,79,1345.0,58,217.247,482.196,0.28746,-0.03848,0.29002,0.001221,0.272723,0,1,4.74000,1831.832,2.853,4.000,42.448,43.411,43.680,43.680,0.000,0.000,0,2,1.2705,102,204,102,107,84
7,post_landing,80,1362.0,58,217.519,482.201,0.32960,-0.14250,0.35908,-0.005835,0.273879,0,1,4.74000,1831.832,2.853,4.000,42.447,43.680,43.680,43.680,0.000,0.000,0,2,1.2705,102,204,102,107,84
7,post_landing,81,1379.0,58,217.850,482.181,0.23578,-0.13036,0.26942,0.000000,0.268019,0,1,4.74000,1831.832,2.853,4.000,42.449,43.414,43.678,43.678,0.000,0.000,0,2,1.2705,102,204,102,107,84
7,post_landing,82,1395.0,58,218.087,482.181,0.14085,-0.13137,0.19261,0.015868,0.268019,0,1,4.74000,1831.832,2.853,4.000,42.449,43.414,43.678,43.678,0.000,0.000,0,2,1.2705,102,204,102,107,84
7,post_landing,83,1412.0,58,218.221,482.070,0.21398,-0.08067,0.22868,-0.004341,0.283033,0,1,4.74000,1831.832,2.853,4.000,42.720,42.999,43.680,43.680,0.000,0.000,0,1,1.2705,102,204,102,107,84
7,post_landing,84,1429.0,58,218.435,482.208,0.16769,0.06013,0.17815,0.000000,0.278673,0,1,4.74000,1831.832,2.853,4.000,42.719,43.681,43.681,43.681,0.000,0.000,0,2,1.2705,102,204,102,107,84
7,post_landing,85,1445.0,58,218.604,482.228,0.43708,-0.08429,0.44513,-0.016921,0.278673,0,1,4.74000,1831.832,2.853,4.000,42.719,43.681,43.681,43.681,0.000,0.000,0,2,1.2705,102,204,102,107,84
7,post_landing,86,1462.0,58,219.017,482.152,0.27383,-0.01441,0.27420,-0.006993,0.262663,0,1,4.74000,1831.832,2.853,4.000,42.450,43.416,43.675,43.675,0.000,0.000,0,2,1.2705,102,204,102,107,84
7,post_landing,87,1479.0,58,219.292,482.102,0.41953,0.05866,0.42361,-0.010156,0.255639,0,1,4.74000,1831.832,2.853,4.000,42.449,43.417,43.669,43.669,0.000,0.000,0,2,1.2705,102,204,102,107,84
7,post_landing,88,1495.0,58,219.714,481.878,-0.03439,-0.02696,0.04370,0.046185,0.245438,0,1,4.74000,1831.832,2.853,4.000,3.153,43.171,43.657,43.657,0.000,0.000,0,2,1.2705,102,204,102,107,84
7,post_landing,89,1512.0,58,219.681,481.962,-0.04737,-0.04350,0.06432,0.026222,0.289137,0,1,4.74000,1831.832,2.853,4.000,40.803,43.005,43.678,43.678,0.000,0.000,0,1,1.2705,102,204,102,107,84
7,post_landing,90,1529.0,58,219.634,481.580,-0.16263,-0.05588,0.17196,0.019588,0.315474,0,1,4.74000,1831.832,2.853,4.000,3.162,41.109,43.650,43.650,0.000,0.000,0,1,1.2705,102,204,102,107,84
7,post_landing,91,1545.0,58,219.470,481.278,-0.29806,-0.01967,0.29871,0.019865,0.335148,0,1,4.74000,1831.832,2.853,4.000,3.162,3.491,42.995,43.610,0.000,0.000,0,1,1.2705,102,204,102,107,84
7,post_landing,92,1562.0,58,219.188,481.007,-0.50293,0.07858,0.50903,0.030687,0.353944,0,1,4.74000,1831.832,2.853,4.000,0.347,3.507,42.964,43.556,0.000,0.000,0,1,1.2705,102,204,102,107,84
7,post_landing,93,1579.0,58,218.683,480.618,-0.44260,0.10341,0.45452,0.015765,0.384767,0,1,4.74000,1831.832,2.853,4.000,0.375,3.531,5.010,43.433,0.000,0.000,0,1,1.2705,102,204,102,107,84
7,post_landing,94,1595.0,58,218.239,480.412,-0.89726,0.17622,0.91440,0.050848,0.400601,0,1,4.74000,1831.832,2.853,4.000,0.390,3.542,4.994,43.354,0.000,0.000,0,1,1.2705,102,204,102,107,84
7,post_landing,95,1612.0,58,217.390,480.287,0.39804,0.34347,0.52574,-0.067351,0.448712,0,1,4.74000,1831.832,2.853,4.000,0.434,3.571,4.939,42.581,0.000,0.000,0,2,1.2705,102,204,102,107,84
7,post_landing,96,1629.0,58,217.789,480.631,-0.04907,0.07543,0.08999,-0.029009,0.381065,0,1,4.74000,1831.832,2.853,4.000,0.372,3.529,5.013,43.450,0.000,0.000,0,1,1.2705,102,204,102,107,84
7,post_landing,97,1645.0,58,217.740,480.999,-0.52642,0.15446,0.54861,0.014591,0.351929,0,1,4.74000,1831.832,2.853,4.000,0.345,3.506,42.968,43.562,0.000,0.000,0,1,1.2705,102,204,102,107,84
7,post_landing,98,1662.0,58,217.242,480.849,-0.58707,0.06605,0.59077,0.010769,0.365735,0,1,4.74000,1831.832,2.853,4.000,0.358,3.517,41.070,43.514,0.000,0.000,0,1,1.2705,102,204,102,107,84
7,post_landing,99,1679.0,58,216.652,480.705,-0.39681,-0.03308,0.39818,-0.015122,0.376551,0,1,4.74000,1831.832,2.853,4.000,0.368,3.525,5.017,43.470,0.000,0.000,0,1,1.2705,102,204,102,107,84
7,post_landing,100,1695.0,58,216.254,480.875,-0.72284,0.16522,0.74148,0.017993,0.361363,0,1,4.74000,1831.832,2.853,4.000,0.354,3.513,41.077,43.530,0.000,0.000,0,1,1.2705,102,204,102,107,84
7,post_landing,101,1712.0,58,215.570,480.686,-0.39768,-0.05076,0.40091,-0.023331,0.378387,0,1,4.74000,1831.832,2.853,4.000,0.369,3.527,5.016,43.462,0.000,0.000,0,1,1.2705,102,204,102,107,84
7,post_landing,102,1729.0,58,215.171,480.955,-0.51237,-0.62887,0.81117,-0.043915,0.354954,0,1,4.74000,1831.832,2.853,4.000,0.348,3.508,42.962,43.552,0.000,0.000,0,1,1.2705,102,204,102,107,84
7,post_landing,103,1745.0,58,214.656,480.636,-0.50453,-0.33592,0.60613,-0.043244,0.310845,0,0,4.74000,1831.832,2.853,4.000,3.162,41.107,43.658,43.658,0.000,0.000,0,0,1.2705,102,204,102,107,84
7,post_landing,104,1762.0,58,214.179,480.575,-0.49726,-0.06441,0.50142,-0.042621,0.269929,0,0,4.74000,1831.832,2.853,4.000,42.449,43.412,43.679,43.679,0.000,0.000,0,0,1.2705,102,204,102,107,84
7,post_landing,105,1778.0,58,213.679,480.799,-0.48966,0.21991,0.53677,-0.041969,0.227121,0,0,4.74000,1831.832,2.853,4.000,3.148,43.173,43.623,43.623,0.000,0.000,0,0,1.2705,102,204,102,107,84
7,post_landing,106,1795.0,58,213.187,480.633,0.16948,-0.39679,0.43147,-0.017775,0.184968,0,1,4.74000,1831.832,2.853,4.000,3.133,5.099,43.123,43.491,0.000,0.000,0,2,1.2705,102,204,102,107,84
7,post_landing,107,1812.0,58,213.348,479.902,0.29164,-0.06843,0.29956,-0.013746,0.168150,0,1,4.74000,1831.832,2.853,4.000,3.125,5.097,7.403,43.416,0.000,0.000,0,1,1.2705,102,204,102,107,84
7,post_landing,108,1828.0,58,213.641,479.642,0.46249,0.02991,0.46345,-0.011931,0.154343,0,1,4.74000,1831.832,2.853,4.000,3.118,5.094,7.378,43.346,0.000,0.000,0,1,1.2705,102,204,102,107,84
7,post_landing,109,1845.0,58,214.105,479.421,0.61637,0.05271,0.61862,-0.010331,0.142361,0,1,4.74000,1831.832,2.853,4.000,3.112,5.091,7.355,43.278,0.000,0.000,0,1,1.2705,102,204,102,107,84
7,post_landing,110,1862.0,58,214.688,479.243,0.72315,0.08455,0.72807,-0.009645,0.132585,0,1,4.74000,1831.832,2.853,4.000,3.106,5.088,7.335,43.218,0.000,0.000,0,1,1.2705,102,204,102,107,84
7,post_landing,111,1878.0,58,215.415,479.075,0.82142,0.07953,0.82526,-0.008225,0.122898,0,1,4.74000,1831.832,2.853,4.000,3.100,5.085,7.315,43.032,0.000,0.000,0,1,1.2705,102,204,102,107,84
7,post_landing,112,1895.0,58,216.240,478.933,0.91074,0.19569,0.93153,-0.015928,0.114637,0,1,4.74000,1831.832,2.853,4.000,3.095,5.082,7.297,42.983,0.000,0.000,0,1,1.2705,102,204,102,107,84
7,post_landing,113,1912.0,58,217.101,478.679,1.01031,0.27532,1.04715,-0.023752,0.099566,0,1,4.74000,1831.832,2.853,4.000,3.085,5.075,7.264,42.786,0.000,0.000,0,1,1.2705,102,204,102,107,84
7,post_landing,114,1929.0,58,218.116,478.763,0.50715,0.05550,0.51018,0.035458,0.075709,0,1,4.74000,1831.832,2.853,4.000,3.067,5.061,7.207,12.495,0.000,0.000,0,2,1.2705,102,204,102,107,84
7,post_landing,115,1945.0,58,218.625,478.877,0.81012,0.15716,0.82522,0.001340,0.111323,0,1,4.74000,1831.832,2.853,4.000,3.093,5.080,7.290,42.962,0.000,0.000,0,1,1.2705,102,204,102,107,84
7,post_landing,116,1962.0,58,219.392,478.896,0.76149,-0.05677,0.76360,0.018972,0.112591,0,1,4.74000,1831.832,2.853,4.000,3.093,5.081,7.293,42.970,0.000,0.000,0,1,1.2705,102,204,102,107,84
7,post_landing,117,1978.0,58,220.157,479.128,0.74984,0.22743,0.78357,0.018682,0.131647,0,0,4.74000,1831.832,2.853,4.000,3.105,5.088,7.333,43.212,0.000,0.000,0,0,1.2705,102,204,102,107,84
8,falling,0,26.0,,195.000,97.029,0.00000,0.55000,0.55000,0.000000,0.000000,0,0,5.50800,2566.696,2.475,5.000,5.000,6.000,10.000,22.000,0.000,0.000,0,0,1.4251,68,136,68,69,57
8,falling,1,34.0,,195.000,97.355,0.00000,0.67937,0.67937,0.000000,0.000000,0,0,5.50800,2566.696,2.475,5.000,5.000,6.000,10.000,22.000,0.000,0.000,0,0,1.4251,68,136,68,69,57
8,falling,2,51.0,,195.000,98.326,0.00000,0.95231,0.95231,0.000000,0.000000,0,0,5.50800,2566.696,2.475,5.000,5.000,6.000,10.000,22.000,0.000,0.000,0,0,1.4251,68,136,68,69,57
8,falling,3,67.0,,195.000,99.484,0.00000,1.20527,1.20527,0.000000,0.000000,0,0,5.50800,2566.696,2.475,5.000,5.000,6.000,10.000,22.000,0.000,0.000,0,0,1.4251,68,136,68,69,57
8,falling,4,84.0,,195.000,100.983,0.00000,1.47016,1.47016,0.000000,0.000000,0,0,5.50800,2566.696,2.475,5.000,5.000,6.000,10.000,22.000,0.000,0.000,0,0,1.4251,68,136,68,69,57
8,falling,5,101.0,,195.000,102.749,0.00000,1.73100,1.73100,0.000000,0.000000,0,0,5.50800,2566.696,2.475,5.000,5.000,6.000,10.000,22.000,0.000,0.000,0,0,1.4251,68,136,68,69,57
8,falling,6,118.0,,195.000,104.643,0.00000,1.97274,1.97274,0.000000,0.000000,0,0,5.50800,2566.696,2.475,5.000,5.000,6.000,10.000,22.000,0.000,0.000,0,0,1.4251,68,136,68,69,57
8,falling,7,134.0,,195.000,106.913,0.00000,2.22589,2.22589,0.000000,0.000000,0,0,5.50800,2566.696,2.475,5.000,5.000,6.000,10.000,22.000,0.000,0.000,0,0,1.4251,68,136,68,69,57
8,falling,8,151.0,,195.000,109.438,0.00000,2.47517,2.47517,0.000000,0.000000,0,0,5.50800,2566.696,2.475,5.000,5.000,6.000,10.000,22.000,0.000,0.000,0,0,1.4251,68,136,68,69,57
8,falling,9,168.0,,195.000,112.036,0.00000,2.70619,2.70619,0.000000,0.000000,0,0,5.50800,2566.696,2.475,5.000,5.000,6.000,10.000,22.000,0.000,0.000,0,0,1.4251,68,136,68,69,57
8,falling,10,184.0,,195.000,115.043,0.00000,2.94812,2.94812,0.000000,0.000000,0,0,5.50800,2566.696,2.475,5.000,5.000,6.000,10.000,22.000,0.000,0.000,0,0,1.4251,68,136,68,69,57
8,falling,11,201.0,,195.000,118.293,0.00000,3.18635,3.18635,0.000000,0.000000,0,0,5.50800,2566.696,2.475,5.000,5.000,6.000,10.000,22.000,0.000,0.000,0,0,1.4251,68,136,68,69,57
8,falling,12,218.0,,195.000,121.564,0.00000,3.40713,3.40713,0.000000,0.000000,0,0,5.50800,2566.696,2.475,5.000,5.000,6.000,10.000,22.000,0.000,0.000,0,0,1.4251,68,136,68,69,57
8,falling,13,234.0,,195.000,125.275,0.00000,3.63833,3.63833,0.000000,0.000000,0,0,5.50800,2566.696,2.475,5.000,5.000,6.000,10.000,22.000,0.000,0.000,0,0,1.4251,68,136,68,69,57
8,falling,14,251.0,,195.000,129.218,0.00000,3.86600,3.86600,0.000000,0.000000,0,0,5.50800,2566.696,2.475,5.000,5.000,6.000,10.000,22.000,0.000,0.000,0,0,1.4251,68,136,68,69,57
8,falling,15,268.0,,195.000,133.132,0.00000,4.07700,4.07700,0.000000,0.000000,0,0,5.50800,2566.696,2.475,5.000,5.000,6.000,10.000,22.000,0.000,0.000,0,0,1.4251,68,136,68,69,57
8,falling,16,284.0,,195.000,137.516,0.00000,4.29795,4.29795,0.000000,0.000000,0,0,5.50800,2566.696,2.475,5.000,5.000,6.000,10.000,22.000,0.000,0.000,0,0,1.4251,68,136,68,69,57
8,falling,17,301.0,,195.000,142.122,0.00000,4.51553,4.51553,0.000000,0.000000,0,0,5.50800,2566.696,2.475,5.000,5.000,6.000,10.000,22.000,0.000,0.000,0,0,1.4251,68,136,68,69,57
8,falling,18,318.0,,195.000,146.650,0.00000,4.71717,4.71717,0.000000,0.000000,0,0,5.50800,2566.696,2.475,5.000,5.000,6.000,10.000,22.000,0.000,0.000,0,0,1.4251,68,136,68,69,57
8,falling,19,334.0,,195.000,151.677,0.00000,4.92833,4.92833,0.000000,0.000000,0,0,5.50800,2566.696,2.475,5.000,5.000,6.000,10.000,22.000,0.000,0.000,0,0,1.4251,68,136,68,69,57
8,falling,20,351.0,,195.000,156.916,0.00000,5.13626,5.13626,0.000000,0.000000,0,0,5.50800,2566.696,2.475,5.000,5.000,6.000,10.000,22.000,0.000,0.000,0,0,1.4251,68,136,68,69,57
8,falling,21,368.0,,195.000,162.032,0.00000,5.32896,5.32896,0.000000,0.000000,0,0,5.50800,2566.696,2.475,5.000,5.000,6.000,10.000,22.000,0.000,0.000,0,0,1.4251,68,136,68,69,57
8,falling,22,384.0,,195.000,167.673,0.00000,5.53077,5.53077,0.000000,0.000000,0,0,5.50800,2566.696,2.475,5.000,5.000,6.000,10.000,22.000,0.000,0.000,0,0,1.4251,68,136,68,69,57
8,falling,23,401.0,,195.000,173.517,0.00000,5.72948,5.72948,0.000000,0.000000,0,0,5.50800,2566.696,2.475,5.000,5.000,6.000,10.000,22.000,0.000,0.000,0,0,1.4251,68,136,68,69,57
8,falling,24,418.0,,195.000,179.194,0.00000,5.91364,5.91364,0.000000,0.000000,0,0,5.50800,2566.696,2.475,5.000,5.000,6.000,10.000,22.000,0.000,0.000,0,0,1.4251,68,136,68,69,57
8,falling,25,434.0,,195.000,185.423,0.00000,6.10649,6.10649,0.000000,0.000000,0,0,5.50800,2566.696,2.475,5.000,5.000,6.000,10.000,22.000,0.000,0.000,0,0,1.4251,68,136,68,69,57
8,falling,26,451.0,,195.000,191.845,0.00000,6.29640,6.29640,0.000000,0.000000,0,0,5.50800,2566.696,2.475,5.000,5.000,6.000,10.000,22.000,0.000,0.000,0,0,1.4251,68,136,68,69,57
8,falling,27,468.0,,195.000,198.059,0.00000,6.47240,6.47240,0.000000,0.000000,0,0,5.50800,2566.696,2.475,5.000,5.000,6.000,10.000,22.000,0.000,0.000,0,0,1.4251,68,136,68,69,57
8,falling,28,484.0,,195.000,204.849,0.00000,6.65670,6.65670,0.000000,0.000000,0,0,5.50800,2566.696,2.475,5.000,5.000,6.000,10.000,22.000,0.000,0.000,0,0,1.4251,68,136,68,69,57
8,falling,29,501.0,,195.000,211.824,0.00000,6.83819,6.83819,0.000000,0.000000,0,0,5.50800,2566.696,2.475,5.000,5.000,6.000,10.000,22.000,0.000,0.000,0,0,1.4251,68,136,68,69,57
8,falling,30,518.0,,195.000,218.550,0.00000,7.00639,7.00639,0.000000,0.000000,0,0,5.50800,2566.696,2.475,5.000,5.000,6.000,10.000,22.000,0.000,0.000,0,0,1.4251,68,136,68,69,57
8,falling,31,534.0,,195.000,225.876,0.00000,7.18252,7.18252,0.000000,0.000000,0,0,5.50800,2566.696,2.475,5.000,5.000,6.000,10.000,22.000,0.000,0.000,0,0,1.4251,68,136,68,69,57
8,falling,32,551.0,,195.000,233.379,0.00000,7.35596,7.35596,0.000000,0.000000,0,0,5.50800,2566.696,2.475,5.000,5.000,6.000,10.000,22.000,0.000,0.000,0,0,1.4251,68,136,68,69,57
8,falling,33,568.0,,195.000,240.595,0.00000,7.51670,7.51670,0.000000,0.000000,0,0,5.50800,2566.696,2.475,5.000,5.000,6.000,10.000,22.000,0.000,0.000,0,0,1.4251,68,136,68,69,57
8,falling,34,584.0,,195.000,248.434,0.00000,7.68503,7.68503,0.000000,0.000000,0,0,5.50800,2566.696,2.475,5.000,5.000,6.000,10.000,22.000,0.000,0.000,0,0,1.4251,68,136,68,69,57
8,falling,35,601.0,,195.000,256.442,0.00000,7.85078,7.85078,0.000000,0.000000,0,0,5.50800,2566.696,2.475,5.000,5.000,6.000,10.000,22.000,0.000,0.000,0,0,1.4251,68,136,68,69,57
8,falling,36,617.0,,195.000,264.126,0.00000,8.00440,8.00440,0.000000,0.000000,0,0,5.50800,2566.696,2.475,5.000,5.000,6.000,10.000,22.000,0.000,0.000,0,0,1.4251,68,136,68,69,57
8,falling,37,634.0,,195.000,272.454,0.00000,8.16526,8.16526,0.000000,0.000000,0,0,5.50800,2566.696,2.475,5.000,5.000,6.000,10.000,22.000,0.000,0.000,0,0,1.4251,68,136,68,69,57
8,falling,38,651.0,,195.000,280.944,0.00000,8.32367,8.32367,0.000000,0.000000,0,0,5.50800,2566.696,2.475,5.000,5.000,6.000,10.000,22.000,0.000,0.000,0,0,1.4251,68,136,68,69,57
8,falling,39,667.0,,195.000,289.076,0.00000,8.47047,8.47047,0.000000,0.000000,0,0,5.50800,2566.696,2.475,5.000,5.000,6.000,10.000,22.000,0.000,0.000,0,0,1.4251,68,136,68,69,57
8,falling,40,684.0,,195.000,297.873,0.00000,8.62421,8.62421,0.000000,0.000000,0,0,5.50800,2566.696,2.475,5.000,5.000,6.000,10.000,22.000,0.000,0.000,0,0,1.4251,68,136,68,69,57
8,falling,41,701.0,,195.000,306.824,0.00000,8.77559,8.77559,0.000000,0.000000,0,0,5.50800,2566.696,2.475,5.000,5.000,6.000,10.000,22.000,0.000,0.000,0,0,1.4251,68,136,68,69,57
8,falling,42,718.0,,195.000,315.383,0.00000,8.91589,8.91589,0.000000,0.000000,0,0,5.50800,2566.696,2.475,5.000,5.000,6.000,10.000,22.000,0.000,0.000,0,0,1.4251,68,136,68,69,57
8,falling,43,734.0,,195.000,324.627,0.00000,9.06281,9.06281,0.000000,0.000000,0,0,5.50800,2566.696,2.475,5.000,5.000,6.000,10.000,22.000,0.000,0.000,0,0,1.4251,68,136,68,69,57
8,falling,44,751.0,,195.000,334.019,0.00000,9.20748,9.20748,0.000000,0.000000,0,0,5.50800,2566.696,2.475,5.000,5.000,6.000,10.000,22.000,0.000,0.000,0,0,1.4251,68,136,68,69,57
8,falling,45,767.0,,195.000,342.987,0.00000,9.34156,9.34156,0.000000,0.000000,0,0,5.50800,2566.696,2.475,5.000,5.000,6.000,10.000,22.000,0.000,0.000,0,0,1.4251,68,136,68,69,57
8,falling,46,784.0,,195.000,352.658,0.00000,9.48197,9.48197,0.000000,0.000000,0,0,5.50800,2566.696,2.475,5.000,5.000,6.000,10.000,22.000,0.000,0.000,0,0,1.4251,68,136,68,69,57
8,falling,47,801.0,,195.000,362.471,0.00000,9.62023,9.62023,0.000000,0.000000,0,0,5.50800,2566.696,2.475,5.000,5.000,6.000,10.000,22.000,0.000,0.000,0,0,1.4251,68,136,68,69,57
8,falling,48,817.0,,195.000,371.829,0.00000,9.74836,9.74836,0.000000,0.000000,0,0,5.50800,2566.696,2.475,5.000,5.000,6.000,10.000,22.000,0.000,0.000,0,0,1.4251,68,136,68,69,57
8,falling,49,834.0,,195.000,381.910,0.00000,9.88255,9.88255,0.000000,0.000000,0,0,5.50800,2566.696,2.475,5.000,5.000,6.000,10.000,22.000,0.000,0.000,0,0,1.4251,68,136,68,69,57
8,falling,50,851.0,,195.000,392.125,0.00000,10.01468,10.01468,0.000000,0.000000,0,0,5.50800,2566.696,2.475,5.000,5.000,6.000,10.000,22.000,0.000,0.000,0,0,1.4251,68,136,68,69,57
8,falling,51,867.0,,195.000,401.856,0.00000,10.13713,10.13713,0.000000,0.000000,0,0,5.50800,2566.696,2.475,5.000,5.000,6.000,10.000,22.000,0.000,0.000,0,0,1.4251,68,136,68,69,57
8,falling,52,884.0,,195.000,412.327,0.00000,10.26537,10.26537,0.000000,0.000000,0,0,5.50800,2566.696,2.475,5.000,5.000,6.000,10.000,22.000,0.000,0.000,0,0,1.4251,68,136,68,69,57
8,falling,53,902.0,,195.000,422.296,0.00000,10.38421,10.38421,0.000000,0.000000,0,0,5.50800,2566.696,2.475,5.000,5.000,6.000,10.000,22.000,0.000,0.000,0,0,1.4251,68,136,68,69,57
8,falling,54,917.0,,195.000,433.015,0.00000,10.50867,10.50867,0.000000,0.000000,0,0,5.50800,2566.696,2.475,5.000,5.000,6.000,10.000,22.000,0.000,0.000,0,0,1.4251,68,136,68,69,57
8,falling,55,934.0,,195.000,443.858,0.00000,10.63122,10.63122,0.000000,0.000000,0,0,5.50800,2566.696,2.475,5.000,5.000,6.000,10.000,22.000,0.000,0.000,0,0,1.4251,68,136,68,69,57
8,falling,56,951.0,,195.000,454.173,0.00000,10.74480,10.74480,0.000000,0.000000,0,0,5.50800,2566.696,2.475,5.000,5.000,6.000,10.000,22.000,0.000,0.000,0,0,1.4251,68,136,68,69,57
8,falling,57,967.0,,195.000,465.254,0.00000,10.86373,10.86373,0.000000,0.000000,0,0,5.50800,2566.696,2.475,5.000,5.000,6.000,10.000,22.000,0.000,0.000,0,0,1.4251,68,136,68,69,57
8,falling,58,984.0,,195.000,476.455,0.00000,10.98085,10.98085,0.000000,0.000000,0,0,5.50800,2566.696,2.475,5.000,5.000,6.000,10.000,22.000,0.000,0.000,0,0,1.4251,68,136,68,69,57
8,post_landing,59,1001.0,59,195.000,483.361,2.98739,0.39519,3.01341,0.030299,0.000000,0,1,5.50800,2566.696,2.475,5.000,5.000,6.000,10.000,22.000,0.000,0.000,0,8,1.4251,68,136,68,69,57
8,post_landing,60,1017.0,59,198.001,482.057,2.39563,0.25554,2.40922,0.025733,0.030432,0,1,5.50800,2566.696,2.475,5.000,4.029,6.028,9.026,22.020,0.000,0.000,0,4,1.4251,68,136,68,69,57
8,post_landing,61,1034.0,59,200.407,481.747,1.94324,0.20329,1.95384,0.020920,0.056278,0,1,5.50800,2566.696,2.475,5.000,4.050,6.047,9.042,22.021,0.000,0.000,0,2,1.4251,68,136,68,69,57
8,post_landing,62,1051.0,59,202.245,481.840,1.55856,0.17747,1.56864,0.017731,0.076072,0,1,5.50800,2566.696,2.475,5.000,4.064,6.059,9.050,24.083,0.000,0.000,0,1,1.4251,68,136,68,69,57
8,post_landing,63,1067.0,59,203.811,482.336,1.25191,0.17407,1.26396,0.014412,0.093881,0,1,5.50800,2566.696,2.475,5.000,4.076,6.067,9.054,29.154,0.000,0.000,0,1,1.4251,68,136,68,69,57
8,post_landing,64,1084.0,59,205.068,482.756,1.00247,0.17280,1.01726,0.011701,0.108356,0,1,5.50800,2566.696,2.475,5.000,4.085,6.073,9.055,29.154,0.000,0.000,0,1,1.4251,68,136,68,69,57
8,post_landing,65,1101.0,59,206.017,483.077,0.80244,0.34085,0.87182,0.017538,0.119427,0,1,5.50800,2566.696,2.475,5.000,4.091,6.076,9.055,32.249,0.000,0.000,0,1,1.4251,68,136,68,69,57
8,post_landing,66,1117.0,59,206.823,483.600,0.72247,0.47390,0.86403,0.015393,0.137042,0,1,5.50800,2566.696,2.475,5.000,4.099,6.080,9.052,36.346,0.000,0.000,0,1,1.4251,68,136,68,69,57
8,post_landing,67,1134.0,59,207.548,484.058,0.67711,0.48777,0.83451,0.017742,0.152503,0,1,5.50800,2566.696,2.475,5.000,4.105,6.082,9.047,36.342,0.000,0.000,0,1,1.4251,68,136,68,69,57
8,post_landing,68,1151.0,59,208.189,484.586,0.65510,0.47576,0.80963,0.018981,0.169290,0,1,5.50800,2566.696,2.475,5.000,4.111,6.083,10.194,36.665,0.000,0.000,0,1,1.4251,68,136,68,69,57
8,post_landing,69,1167.0,59,208.847,485.185,0.63596,0.48621,0.80052,0.019516,0.188355,0,1,5.50800,2566.696,2.475,5.000,4.116,6.081,15.296,36.674,0.000,0.000,0,1,1.4251,68,136,68,69,57
8,post_landing,70,1184.0,59,209.486,485.813,0.61672,0.50099,0.79456,0.019734,0.207957,0,1,5.50800,2566.696,2.475,5.000,4.120,6.077,15.296,36.876,0.000,0.000,0,1,1.4251,68,136,68,69,57
8,post_landing,71,1201.0,59,210.069,486.421,0.59600,0.51065,0.78484,0.019511,0.226629,0,1,5.50800,2566.696,2.475,5.000,4.122,6.071,17.464,38.076,0.000,0.000,0,1,1.4251,68,136,68,69,57
8,post_landing,72,1217.0,59,210.668,487.080,0.57372,0.52869,0.78017,0.019777,0.246225,0,1,5.50800,2566.696,2.475,5.000,4.123,7.276,17.462,40.261,0.000,0.000,0,1,1.4251,68,136,68,69,57
8,post_landing,73,1234.0,59,211.244,487.757,0.55128,0.54461,0.77493,0.020084,0.266089,0,1,5.50800,2566.696,2.475,5.000,4.122,7.280,34.205,41.485,0.000,0.000,0,1,1.4251,68,136,68,69,57
8,post_landing,74,1251.0,59,211.766,488.413,0.52794,0.55372,0.76506,0.019930,0.285091,0,1,5.50800,2566.696,2.475,5.000,4.120,7.280,33.802,56.320,0.000,0.000,0,1,1.4251,68,136,68,69,57
8,post_landing,75,1267.0,59,212.296,489.125,0.50258,0.57231,0.76166,0.020185,0.305109,0,1,5.50800,2566.696,2.475,5.000,4.116,7.277,35.081,58.821,0.000,0.000,0,1,1.4251,68,136,68,69,57
8,post_landing,76,1284.0,59,212.801,489.856,0.47637,0.58911,0.75761,0.020458,0.325383,0,1,5.50800,2566.696,2.475,5.000,5.377,7.272,35.424,60.083,0.000,0.000,0,1,1.4251,68,136,68,69,57
8,post_landing,77,1301.0,59,213.251,490.561,0.44929,0.59760,0.74765,0.020314,0.344740,0,1,5.50800,2566.696,2.475,5.000,5.382,33.835,38.951,60.405,0.000,0.000,0,1,1.4251,68,136,68,69,57
8,post_landing,78,1317.0,59,213.703,491.325,0.42001,0.61593,0.74551,0.020547,0.365143,0,1,5.50800,2566.696,2.475,5.000,33.241,34.532,56.428,60.384,0.000,0.000,0,1,1.4251,68,136,68,69,57
8,post_landing,79,1334.0,59,214.125,492.187,0.55562,0.57835,0.80200,0.016105,0.385780,0,1,5.50800,2566.696,2.475,5.000,34.540,34.916,59.062,61.465,0.000,0.000,0,2,1.4251,68,136,68,69,57
8,post_landing,80,1351.0,59,214.650,492.730,0.57463,0.09849,0.58301,0.016387,0.401018,0,1,5.50800,2566.696,2.475,5.000,32.695,54.621,59.084,61.316,0.000,0.000,0,4,1.4251,68,136,68,69,57
8,post_landing,81,1367.0,59,215.227,492.809,0.52807,0.11856,0.54122,0.015256,0.417477,0,1,5.50800,2566.696,2.475,5.000,32.694,55.945,59.499,61.327,0.000,0.000,0,2,1.4251,68,136,68,69,57
8,post_landing,82,1384.0,59,215.758,492.920,0.50374,0.09530,0.51267,0.014119,0.432800,0,1,5.50800,2566.696,2.475,5.000,5.378,54.128,59.506,61.322,0.000,0.000,0,2,1.4251,68,136,68,69,57
8,post_landing,83,1401.0,59,216.234,493.016,0.46439,0.09945,0.47492,0.013768,0.446158,0,1,5.50800,2566.696,2.475,5.000,25.495,55.462,59.502,62.169,0.000,0.000,0,2,1.4251,68,136,68,69,57
8,post_landing,84,1417.0,59,216.701,493.269,0.05995,-0.18547,0.19492,0.014875,0.459986,0,1,5.50800,2566.696,2.475,5.000,26.833,32.645,59.033,62.166,0.000,0.000,0,4,1.4251,68,136,68,69,57
8,post_landing,85,1434.0,59,216.761,493.180,-0.49275,-0.23239,0.54480,0.027440,0.474927,0,1,5.50800,2566.696,2.475,5.000,26.831,32.650,59.023,61.742,0.000,0.000,0,3,1.4251,68,136,68,69,57
8,post_landing,86,1451.0,59,216.295,492.977,-1.51111,-0.83937,1.72858,0.043965,0.500890,0,1,5.50800,2566.696,2.475,5.000,24.183,32.641,57.220,61.773,0.000,0.000,0,2,1.4251,68,136,68,69,57
8,post_landing,87,1467.0,59,214.777,492.441,-0.97981,-0.29876,1.02435,0.012430,0.545049,0,1,5.50800,2566.696,2.475,5.000,4.976,26.071,33.093,61.393,0.000,0.000,0,1,1.4251,68,136,68,69,57
8,post_landing,88,1484.0,59,213.793,492.326,-0.75712,-0.01270,0.75722,0.001681,0.557533,0,1,5.50800,2566.696,2.475,5.000,6.359,26.076,33.074,61.376,0.000,0.000,0,1,1.4251,68,136,68,69,57
8,post_landing,89,1501.0,59,213.077,492.478,-0.46413,0.10180,0.47517,-0.012411,0.559123,0,1,5.50800,2566.696,2.475,5.000,6.360,26.076,33.071,61.373,0.000,0.000,0,3,1.4251,68,136,68,69,57
8,post_landing,90,1517.0,59,212.610,492.618,-0.44796,0.10327,0.45971,-0.011916,0.546658,0,1,5.50800,2566.696,2.475,5.000,4.977,26.072,33.091,61.391,0.000,0.000,0,3,1.4251,68,136,68,69,57
8,post_landing,91,1534.0,59,212.161,492.740,-0.58321,0.14158,0.60015,-0.003993,0.534690,0,1,5.50800,2566.696,2.475,5.000,4.970,26.063,33.106,61.750,0.000,0.000,0,3,1.4251,68,136,68,69,57
8,post_landing,92,1551.0,59,211.609,492.782,-0.47483,0.08642,0.48263,-0.010692,0.530912,0,1,5.50800,2566.696,2.475,5.000,24.185,26.060,33.109,61.756,0.000,0.000,0,3,1.4251,68,136,68,69,57
8,post_landing,93,1567.0,59,211.132,492.890,-0.44339,0.12108,0.45963,-0.011156,0.520173,0,1,5.50800,2566.696,2.475,5.000,24.187,30.017,33.117,61.769,0.000,0.000,0,3,1.4251,68,136,68,69,57
8,post_landing,94,1584.0,59,210.686,493.012,-0.34076,0.06096,0.34617,-0.018397,0.508967,0,1,5.50800,2566.696,2.475,5.000,24.186,29.526,42.442,61.774,0.000,0.000,0,3,1.4251,68,136,68,69,57
8,post_landing,95,1601.0,59,210.364,493.113,-0.89806,-0.12284,0.90642,0.006198,0.491560,0,1,5.50800,2566.696,2.475,5.000,24.178,32.646,57.234,61.766,0.000,0.000,0,3,1.4251,68,136,68,69,57
8,post_landing,96,1617.0,59,209.462,493.090,-0.57121,-0.20048,0.60536,-0.006597,0.497786,0,1,5.50800,2566.696,2.475,5.000,24.181,32.643,57.225,61.771,0.000,0.000,0,3,1.4251,68,136,68,69,57
8,post_landing,97,1634.0,59,208.888,493.106,-0.38735,-0.05087,0.39067,-0.009108,0.491160,0,1,5.50800,2566.696,2.475,5.000,24.177,32.647,57.234,61.766,0.000,0.000,0,3,1.4251,68,136,68,69,57
8,post_landing,98,1651.0,59,208.522,493.145,-0.26216,-0.05233,0.26733,-0.006849,0.482542,0,1,5.50800,2566.696,2.475,5.000,28.178,32.649,59.013,61.755,0.000,0.000,0,3,1.4251,68,136,68,69,57
8,post_landing,99,1667.0,59,208.258,493.178,-0.15868,-0.03451,0.16239,-0.004802,0.475664,0,1,5.50800,2566.696,2.475,5.000,26.831,32.650,59.023,61.743,0.000,0.000,0,3,1.4251,68,136,68,69,57
8,post_landing,100,1684.0,59,208.099,493.256,-0.08796,-0.01506,0.08924,-0.002300,0.470841,0,1,5.50800,2566.696,2.475,5.000,26.832,32.649,59.027,61.733,0.000,0.000,0,4,1.4251,68,136,68,69,57
8,post_landing,101,1701.0,59,208.016,493.261,0.03808,-0.02741,0.04692,-0.005034,0.468665,0,1,5.50800,2566.696,2.475,5.000,26.832,32.648,59.029,61.728,0.000,0.000,0,4,1.4251,68,136,68,69,57
8,post_landing,102,1717.0,59,208.054,493.272,-0.02488,0.01294,0.02804,0.001437,0.463608,0,1,5.50800,2566.696,2.475,5.000,26.833,32.647,59.032,61.715,0.000,0.000,0,4,1.4251,68,136,68,69,57
8,post_landing,103,1734.0,59,208.029,493.273,0.01133,0.00000,0.01133,0.000000,0.465052,0,1,5.50800,2566.696,2.475,5.000,26.833,32.647,59.032,61.719,0.000,0.000,0,4,1.4251,68,136,68,69,57
8,post_landing,104,1751.0,59,208.040,493.268,-0.00033,0.00000,0.00033,0.000000,0.465052,0,1,5.50800,2566.696,2.475,5.000,26.833,32.647,59.032,61.719,0.000,0.000,0,4,1.4251,68,136,68,69,57
8,post_landing,105,1767.0,59,208.040,493.272,-0.00227,0.00000,0.00227,0.000000,0.465052,0,1,5.50800,2566.696,2.475,5.000,26.833,32.647,59.032,61.719,0.000,0.000,0,4,1.4251,68,136,68,69,57
8,post_landing,106,1784.0,59,208.037,493.272,0.00014,0.00000,0.00014,0.000000,0.465052,0,1,5.50800,2566.696,2.475,5.000,26.833,32.647,59.032,61.719,0.000,0.000,0,4,1.4251,68,136,68,69,57
8,post_landing,107,1801.0,59,208.037,493.268,0.00211,0.00000,0.00211,0.000000,0.465052,0,1,5.50800,2566.696,2.475,5.000,26.833,32.647,59.032,61.719,0.000,0.000,0,4,1.4251,68,136,68,69,57
8,post_landing,108,1817.0,59,208.039,493.272,-0.00231,0.00000,0.00231,0.000000,0.465052,0,1,5.50800,2566.696,2.475,5.000,26.833,32.647,59.032,61.719,0.000,0.000,0,4,1.4251,68,136,68,69,57
8,post_landing,109,1834.0,59,208.037,493.272,0.00012,0.00000,0.00012,0.000000,0.465052,0,1,5.50800,2566.696,2.475,5.000,26.833,32.647,59.032,61.719,0.000,0.000,0,4,1.4251,68,136,68,69,57
8,post_landing,110,1851.0,59,208.037,493.268,0.00207,0.00000,0.00207,0.000000,0.465052,0,1,5.50800,2566.696,2.475,5.000,26.833,32.647,59.032,61.719,0.000,0.000,0,4,1.4251,68,136,68,69,57
8,post_landing,111,1867.0,59,208.039,493.272,-0.00230,0.00000,0.00230,0.000000,0.465052,0,1,5.50800,2566.696,2.475,5.000,26.833,32.647,59.032,61.719,0.000,0.000,0,4,1.4251,68,136,68,69,57
8,post_landing,112,1884.0,59,208.037,493.272,0.00012,0.00000,0.00012,0.000000,0.465052,0,1,5.50800,2566.696,2.475,5.000,26.833,32.647,59.032,61.719,0.000,0.000,0,4,1.4251,68,136,68,69,57
8,post_landing,113,1901.0,59,208.037,493.268,0.00207,0.00000,0.00207,0.000000,0.465052,0,1,5.50800,2566.696,2.475,5.000,26.833,32.647,59.032,61.719,0.000,0.000,0,4,1.4251,68,136,68,69,57
8,post_landing,114,1917.0,59,208.039,493.272,-0.00230,0.00000,0.00230,0.000000,0.465052,0,1,5.50800,2566.696,2.475,5.000,26.833,32.647,59.032,61.719,0.000,0.000,0,4,1.4251,68,136,68,69,57
8,post_landing,115,1934.0,59,208.037,493.272,0.00012,0.00000,0.00012,0.000000,0.465052,0,1,5.50800,2566.696,2.475,5.000,26.833,32.647,59.032,61.719,0.000,0.000,0,4,1.4251,68,136,68,69,57
8,post_landing,116,1950.0,59,208.037,493.268,0.00207,0.00000,0.00207,0.000000,0.465052,0,1,5.50800,2566.696,2.475,5.000,26.833,32.647,59.032,61.719,0.000,0.000,0,4,1.4251,68,136,68,69,57
8,post_landing,117,1967.0,59,208.039,493.272,-0.00230,0.00000,0.00230,0.000000,0.465052,0,1,5.50800,2566.696,2.475,5.000,26.833,32.647,59.032,61.719,0.000,0.000,0,4,1.4251,68,136,68,69,57
8,post_landing,118,1984.0,59,208.037,493.268,0.00247,0.00000,0.00247,0.000000,0.465052,0,1,5.50800,2566.696,2.475,5.000,26.833,32.647,59.032,61.719,0.000,0.000,0,4,1.4251,68,136,68,69,57
9,falling,0,26.0,,195.000,97.029,0.00000,0.55000,0.55000,0.000000,0.000000,0,0,5.03800,2670.843,2.201,5.000,5.000,7.000,9.000,37.000,0.000,0.000,0,0,1.0585,78,156,78,82,79
9,falling,1,28.0,,195.000,97.099,0.00000,0.58234,0.58234,0.000000,0.000000,0,0,5.03800,2670.843,2.201,5.000,5.000,7.000,9.000,37.000,0.000,0.000,0,0,1.0585,78,156,78,82,79
9,falling,2,44.0,,195.000,97.973,0.00000,0.85677,0.85677,0.000000,0.000000,0,0,5.03800,2670.843,2.201,5.000,5.000,7.000,9.000,37.000,0.000,0.000,0,0,1.0585,78,156,78,82,79
9,falling,3,61.0,,195.000,99.122,0.00000,1.12699,1.12699,0.000000,0.000000,0,0,5.03800,2670.843,2.201,5.000,5.000,7.000,9.000,37.000,0.000,0.000,0,0,1.0585,78,156,78,82,79
9,falling,4,78.0,,195.000,100.445,0.00000,1.37743,1.37743,0.000000,0.000000,0,0,5.03800,2670.843,2.201,5.000,5.000,7.000,9.000,37.000,0.000,0.000,0,0,1.0585,78,156,78,82,79
9,falling,5,94.0,,195.000,102.117,0.00000,1.63969,1.63969,0.000000,0.000000,0,0,5.03800,2670.843,2.201,5.000,5.000,7.000,9.000,37.000,0.000,0.000,0,0,1.0585,78,156,78,82,79
9,falling,6,111.0,,195.000,104.053,0.00000,1.89793,1.89793,0.000000,0.000000,0,0,5.03800,2670.843,2.201,5.000,5.000,7.000,9.000,37.000,0.000,0.000,0,0,1.0585,78,156,78,82,79
9,falling,7,128.0,,195.000,106.248,0.00000,2.15223,2.15223,0.000000,0.000000,0,0,5.03800,2670.843,2.201,5.000,5.000,7.000,9.000,37.000,0.000,0.000,0,0,1.0585,78,156,78,82,79
9,falling,8,145.0,,195.000,108.541,0.00000,2.38790,2.38790,0.000000,0.000000,0,0,5.03800,2670.843,2.201,5.000,5.000,7.000,9.000,37.000,0.000,0.000,0,0,1.0585,78,156,78,82,79
9,falling,9,161.0,,195.000,111.228,0.00000,2.63470,2.63470,0.000000,0.000000,0,0,5.03800,2670.843,2.201,5.000,5.000,7.000,9.000,37.000,0.000,0.000,0,0,1.0585,78,156,78,82,79
9,falling,10,178.0,,195.000,113.977,0.00000,2.86343,2.86343,0.000000,0.000000,0,0,5.03800,2670.843,2.201,5.000,5.000,7.000,9.000,37.000,0.000,0.000,0,0,1.0585,78,156,78,82,79
9,falling,11,194.0,,195.000,117.142,0.00000,3.10295,3.10295,0.000000,0.000000,0,0,5.03800,2670.843,2.201,5.000,5.000,7.000,9.000,37.000,0.000,0.000,0,0,1.0585,78,156,78,82,79
9,falling,12,211.0,,195.000,120.548,0.00000,3.33881,3.33881,0.000000,0.000000,0,0,5.03800,2670.843,2.201,5.000,5.000,7.000,9.000,37.000,0.000,0.000,0,0,1.0585,78,156,78,82,79
9,falling,13,228.0,,195.000,123.963,0.00000,3.55740,3.55740,0.000000,0.000000,0,0,5.03800,2670.843,2.201,5.000,5.000,7.000,9.000,37.000,0.000,0.000,0,0,1.0585,78,156,78,82,79
9,falling,14,244.0,,195.000,127.825,0.00000,3.78630,3.78630,0.000000,0.000000,0,0,5.03800,2670.843,2.201,5.000,5.000,7.000,9.000,37.000,0.000,0.000,0,0,1.0585,78,156,78,82,79
9,falling,15,261.0,,195.000,131.917,0.00000,4.01171,4.01171,0.000000,0.000000,0,0,5.03800,2670.843,2.201,5.000,5.000,7.000,9.000,37.000,0.000,0.000,0,0,1.0585,78,156,78,82,79
9,falling,16,278.0,,195.000,135.968,0.00000,4.22060,4.22060,0.000000,0.000000,0,0,5.03800,2670.843,2.201,5.000,5.000,7.000,9.000,37.000,0.000,0.000,0,0,1.0585,78,156,78,82,79
9,falling,17,294.0,,195.000,140.497,0.00000,4.43936,4.43936,0.000000,0.000000,0,0,5.03800,2670.843,2.201,5.000,5.000,7.000,9.000,37.000,0.000,0.000,0,0,1.0585,78,156,78,82,79
9,falling,18,311.0,,195.000,145.244,0.00000,4.65477,4.65477,0.000000,0.000000,0,0,5.03800,2670.843,2.201,5.000,5.000,7.000,9.000,37.000,0.000,0.000,0,0,1.0585,78,156,78,82,79
9,falling,19,328.0,,195.000,149.905,0.00000,4.85441,4.85441,0.000000,0.000000,0,0,5.03800,2670.843,2.201,5.000,5.000,7.000,9.000,37.000,0.000,0.000,0,0,1.0585,78,156,78,82,79
9,falling,20,344.0,,195.000,155.069,0.00000,5.06347,5.06347,0.000000,0.000000,0,0,5.03800,2670.843,2.201,5.000,5.000,7.000,9.000,37.000,0.000,0.000,0,0,1.0585,78,156,78,82,79
9,falling,21,361.0,,195.000,160.444,0.00000,5.26933,5.26933,0.000000,0.000000,0,0,5.03800,2670.843,2.201,5.000,5.000,7.000,9.000,37.000,0.000,0.000,0,0,1.0585,78,156,78,82,79
9,falling,22,378.0,,195.000,165.686,0.00000,5.46012,5.46012,0.000000,0.000000,0,0,5.03800,2670.843,2.201,5.000,5.000,7.000,9.000,37.000,0.000,0.000,0,0,1.0585,78,156,78,82,79
9,falling,23,394.0,,195.000,171.459,0.00000,5.65992,5.65992,0.000000,0.000000,0,0,5.03800,2670.843,2.201,5.000,5.000,7.000,9.000,37.000,0.000,0.000,0,0,1.0585,78,156,78,82,79
9,falling,24,411.0,,195.000,177.433,0.00000,5.85665,5.85665,0.000000,0.000000,0,0,5.03800,2670.843,2.201,5.000,5.000,7.000,9.000,37.000,0.000,0.000,0,0,1.0585,78,156,78,82,79
9,falling,25,428.0,,195.000,183.230,0.00000,6.03898,6.03898,0.000000,0.000000,0,0,5.03800,2670.843,2.201,5.000,5.000,7.000,9.000,37.000,0.000,0.000,0,0,1.0585,78,156,78,82,79
9,falling,26,444.0,,195.000,189.585,0.00000,6.22992,6.22992,0.000000,0.000000,0,0,5.03800,2670.843,2.201,5.000,5.000,7.000,9.000,37.000,0.000,0.000,0,0,1.0585,78,156,78,82,79
9,falling,27,461.0,,195.000,196.131,0.00000,6.41794,6.41794,0.000000,0.000000,0,0,5.03800,2670.843,2.201,5.000,5.000,7.000,9.000,37.000,0.000,0.000,0,0,1.0585,78,156,78,82,79
9,falling,28,478.0,,195.000,202.459,0.00000,6.59218,6.59218,0.000000,0.000000,0,0,5.03800,2670.843,2.201,5.000,5.000,7.000,9.000,37.000,0.000,0.000,0,0,1.0585,78,156,78,82,79
9,falling,29,494.0,,195.000,209.370,0.00000,6.77466,6.77466,0.000000,0.000000,0,0,5.03800,2670.843,2.201,5.000,5.000,7.000,9.000,37.000,0.000,0.000,0,0,1.0585,78,156,78,82,79
9,falling,30,511.0,,195.000,216.463,0.00000,6.95434,6.95434,0.000000,0.000000,0,0,5.03800,2670.843,2.201,5.000,5.000,7.000,9.000,37.000,0.000,0.000,0,0,1.0585,78,156,78,82,79
9,falling,31,528.0,,195.000,223.299,0.00000,7.12086,7.12086,0.000000,0.000000,0,0,5.03800,2670.843,2.201,5.000,5.000,7.000,9.000,37.000,0.000,0.000,0,0,1.0585,78,156,78,82,79
9,falling,32,544.0,,195.000,230.740,0.00000,7.29525,7.29525,0.000000,0.000000,0,0,5.03800,2670.843,2.201,5.000,5.000,7.000,9.000,37.000,0.000,0.000,0,0,1.0585,78,156,78,82,79
9,falling,33,561.0,,195.000,238.357,0.00000,7.46696,7.46696,0.000000,0.000000,0,0,5.03800,2670.843,2.201,5.000,5.000,7.000,9.000,37.000,0.000,0.000,0,0,1.0585,78,156,78,82,79
9,falling,34,578.0,,195.000,245.678,0.00000,7.62611,7.62611,0.000000,0.000000,0,0,5.03800,2670.843,2.201,5.000,5.000,7.000,9.000,37.000,0.000,0.000,0,0,1.0585,78,156,78,82,79
9,falling,35,594.0,,195.000,253.626,0.00000,7.79276,7.79276,0.000000,0.000000,0,0,5.03800,2670.843,2.201,5.000,5.000,7.000,9.000,37.000,0.000,0.000,0,0,1.0585,78,156,78,82,79
9,falling,36,611.0,,195.000,261.742,0.00000,7.95686,7.95686,0.000000,0.000000,0,0,5.03800,2670.843,2.201,5.000,5.000,7.000,9.000,37.000,0.000,0.000,0,0,1.0585,78,156,78,82,79
9,falling,37,628.0,,195.000,269.527,0.00000,8.10895,8.10895,0.000000,0.000000,0,0,5.03800,2670.843,2.201,5.000,5.000,7.000,9.000,37.000,0.000,0.000,0,0,1.0585,78,156,78,82,79
9,falling,38,644.0,,195.000,277.960,0.00000,8.26822,8.26822,0.000000,0.000000,0,0,5.03800,2670.843,2.201,5.000,5.000,7.000,9.000,37.000,0.000,0.000,0,0,1.0585,78,156,78,82,79
9,falling,39,661.0,,195.000,286.554,0.00000,8.42505,8.42505,0.000000,0.000000,0,0,5.03800,2670.843,2.201,5.000,5.000,7.000,9.000,37.000,0.000,0.000,0,0,1.0585,78,156,78,82,79
9,falling,40,678.0,,195.000,294.782,0.00000,8.57039,8.57039,0.000000,0.000000,0,0,5.03800,2670.843,2.201,5.000,5.000,7.000,9.000,37.000,0.000,0.000,0,0,1.0585,78,156,78,82,79
9,falling,41,694.0,,195.000,303.679,0.00000,8.72260,8.72260,0.000000,0.000000,0,0,5.03800,2670.843,2.201,5.000,5.000,7.000,9.000,37.000,0.000,0.000,0,0,1.0585,78,156,78,82,79
9,falling,42,711.0,,195.000,312.729,0.00000,8.87248,8.87248,0.000000,0.000000,0,0,5.03800,2670.843,2.201,5.000,5.000,7.000,9.000,37.000,0.000,0.000,0,0,1.0585,78,156,78,82,79
9,falling,43,728.0,,195.000,321.379,0.00000,9.01138,9.01138,0.000000,0.000000,0,0,5.03800,2670.843,2.201,5.000,5.000,7.000,9.000,37.000,0.000,0.000,0,0,1.0585,78,156,78,82,79
9,falling,44,744.0,,195.000,330.719,0.00000,9.15684,9.15684,0.000000,0.000000,0,0,5.03800,2670.843,2.201,5.000,5.000,7.000,9.000,37.000,0.000,0.000,0,0,1.0585,78,156,78,82,79
9,falling,45,761.0,,195.000,340.205,0.00000,9.30007,9.30007,0.000000,0.000000,0,0,5.03800,2670.843,2.201,5.000,5.000,7.000,9.000,37.000,0.000,0.000,0,0,1.0585,78,156,78,82,79
9,falling,46,778.0,,195.000,349.261,0.00000,9.43282,9.43282,0.000000,0.000000,0,0,5.03800,2670.843,2.201,5.000,5.000,7.000,9.000,37.000,0.000,0.000,0,0,1.0585,78,156,78,82,79
9,falling,47,794.0,,195.000,359.024,0.00000,9.57183,9.57183,0.000000,0.000000,0,0,5.03800,2670.843,2.201,5.000,5.000,7.000,9.000,37.000,0.000,0.000,0,0,1.0585,78,156,78,82,79
9,falling,48,811.0,,195.000,368.927,0.00000,9.70871,9.70871,0.000000,0.000000,0,0,5.03800,2670.843,2.201,5.000,5.000,7.000,9.000,37.000,0.000,0.000,0,0,1.0585,78,156,78,82,79
9,falling,49,828.0,,195.000,378.369,0.00000,9.83558,9.83558,0.000000,0.000000,0,0,5.03800,2670.843,2.201,5.000,5.000,7.000,9.000,37.000,0.000,0.000,0,0,1.0585,78,156,78,82,79
9,falling,50,844.0,,195.000,388.537,0.00000,9.96842,9.96842,0.000000,0.000000,0,0,5.03800,2670.843,2.201,5.000,5.000,7.000,9.000,37.000,0.000,0.000,0,0,1.0585,78,156,78,82,79
9,falling,51,861.0,,195.000,398.838,0.00000,10.09924,10.09924,0.000000,0.000000,0,0,5.03800,2670.843,2.201,5.000,5.000,7.000,9.000,37.000,0.000,0.000,0,0,1.0585,78,156,78,82,79
9,falling,52,878.0,,195.000,408.650,0.00000,10.22048,10.22048,0.000000,0.000000,0,0,5.03800,2670.843,2.201,5.000,5.000,7.000,9.000,37.000,0.000,0.000,0,0,1.0585,78,156,78,82,79
9,falling,53,894.0,,195.000,419.204,0.00000,10.34744,10.34744,0.000000,0.000000,0,0,5.03800,2670.843,2.201,5.000,5.000,7.000,9.000,37.000,0.000,0.000,0,0,1.0585,78,156,78,82,79
9,falling,54,911.0,,195.000,429.886,0.00000,10.47246,10.47246,0.000000,0.000000,0,0,5.03800,2670.843,2.201,5.000,5.000,7.000,9.000,37.000,0.000,0.000,0,0,1.0585,78,156,78,82,79
9,falling,55,928.0,,195.000,440.051,0.00000,10.58832,10.58832,0.000000,0.000000,0,0,5.03800,2670.843,2.201,5.000,5.000,7.000,9.000,37.000,0.000,0.000,0,0,1.0585,78,156,78,82,79
9,falling,56,944.0,,195.000,450.975,0.00000,10.70965,10.70965,0.000000,0.000000,0,0,5.03800,2670.843,2.201,5.000,5.000,7.000,9.000,37.000,0.000,0.000,0,0,1.0585,78,156,78,82,79
9,falling,57,961.0,,195.000,462.021,0.00000,10.82913,10.82913,0.000000,0.000000,0,0,5.03800,2670.843,2.201,5.000,5.000,7.000,9.000,37.000,0.000,0.000,0,0,1.0585,78,156,78,82,79
9,falling,58,978.0,,195.000,472.523,0.00000,10.93985,10.93985,0.000000,0.000000,0,0,5.03800,2670.843,2.201,5.000,5.000,7.000,9.000,37.000,0.000,0.000,0,0,1.0585,78,156,78,82,79
9,post_landing,59,997.0,59,195.000,482.709,2.61189,0.03295,2.61210,0.027417,0.000000,0,1,5.03800,2670.843,2.201,5.000,5.000,7.000,9.000,37.000,0.000,0.000,0,9,1.0585,78,156,78,82,79
9,post_landing,60,1011.0,59,197.166,480.997,2.07968,0.10103,2.08213,0.022302,0.022740,0,1,5.03800,2670.843,2.201,5.000,4.022,5.021,9.043,37.127,0.000,0.000,0,4,1.0585,78,156,78,82,79
9,post_landing,61,1028.0,59,199.134,480.681,1.66079,0.13917,1.66661,0.018007,0.043842,0,1,5.03800,2670.843,2.201,5.000,4.040,5.039,9.079,37.227,0.000,0.000,0,2,1.0585,78,156,78,82,79
9,post_landing,62,1044.0,59,200.802,480.799,1.32257,0.15974,1.33218,0.014713,0.061929,0,1,5.03800,2670.843,2.201,5.000,4.054,5.052,9.107,37.300,0.000,0.000,0,1,1.0585,78,156,78,82,79
9,post_landing,63,1062.0,59,202.131,481.292,1.05270,0.16744,1.06593,0.011831,0.076706,0,1,5.03800,2670.843,2.201,5.000,4.065,5.062,9.127,38.501,0.000,0.000,0,1,1.0585,78,156,78,82,79
9,post_landing,64,1078.0,59,203.127,481.678,0.83674,0.16404,0.85267,0.009495,0.087901,0,1,5.03800,2670.843,2.201,5.000,4.072,5.068,9.141,38.556,0.000,0.000,0,1,1.0585,78,156,78,82,79
9,post_landing,65,1094.0,59,203.967,482.013,0.66321,0.34700,0.74850,0.014094,0.097438,0,1,5.03800,2670.843,2.201,5.000,4.078,5.074,9.152,38.695,0.000,0.000,0,1,1.0585,78,156,78,82,79
9,post_landing,66,1111.0,59,204.633,482.509,0.60765,0.46121,0.76286,0.012948,0.111594,0,1,5.03800,2670.843,2.201,5.000,4.086,5.080,36.333,38.766,0.000,0.000,0,1,1.0585,78,156,78,82,79
9,post_landing,67,1128.0,59,205.208,482.949,0.61019,0.49346,0.78475,0.011784,0.123845,0,1,5.03800,2670.843,2.201,5.000,4.093,5.085,36.342,38.821,0.000,0.000,0,1,1.0585,78,156,78,82,79
9,post_landing,68,1144.0,59,205.821,483.357,0.58242,0.50470,0.77067,0.014525,0.135681,0,1,5.03800,2670.843,2.201,5.000,4.099,5.089,37.472,38.868,0.000,0.000,0,1,1.0585,78,156,78,82,79
9,post_landing,69,1161.0,59,206.406,483.906,0.56065,0.50449,0.75421,0.017103,0.150270,0,1,5.03800,2670.843,2.201,5.000,4.105,5.093,37.481,38.919,0.000,0.000,0,1,1.0585,78,156,78,82,79
9,post_landing,70,1178.0,59,206.936,484.495,0.54240,0.51408,0.74731,0.017577,0.166452,0,1,5.03800,2670.843,2.201,5.000,4.110,34.524,37.483,38.966,0.000,0.000,0,1,1.0585,78,156,78,82,79
9,post_landing,71,1194.0,59,207.481,485.160,0.52269,0.53596,0.74864,0.018050,0.184106,0,1,5.03800,2670.843,2.201,5.000,4.115,34.524,38.822,39.005,0.000,0.000,0,1,1.0585,78,156,78,82,79
9,post_landing,72,1211.0,59,208.006,485.852,0.50250,0.55473,0.74849,0.018497,0.202236,0,1,5.03800,2670.843,2.201,5.000,33.733,35.693,38.832,39.033,0.000,0.000,0,1,1.0585,78,156,78,82,79
9,post_landing,73,1228.0,59,208.482,486.527,0.48118,0.56527,0.74234,0.018484,0.219738,0,1,5.03800,2670.843,2.201,5.000,33.732,35.684,39.048,39.048,0.000,0.000,0,1,1.0585,78,156,78,82,79
9,post_landing,74,1244.0,59,208.965,487.133,0.60467,0.13220,0.61895,0.014613,0.238303,0,1,5.03800,2670.843,2.201,5.000,34.928,34.928,39.051,39.051,0.000,0.000,0,2,1.0585,78,156,78,82,79
9,post_landing,75,1261.0,59,209.572,487.141,0.40282,0.02867,0.40384,0.024807,0.252980,0,1,5.03800,2670.843,2.201,5.000,32.016,34.920,37.357,39.043,0.000,0.000,0,1,1.0585,78,156,78,82,79
9,post_landing,76,1278.0,59,209.953,487.346,0.73994,0.18817,0.76349,0.000000,0.276452,0,1,5.03800,2670.843,2.201,5.000,1.235,32.006,37.363,39.014,0.000,0.000,0,1,1.0585,78,156,78,82,79
9,post_landing,77,1294.0,59,210.697,487.375,0.62311,0.08322,0.62864,0.008727,0.276452,0,1,5.03800,2670.843,2.201,5.000,1.235,32.006,37.363,39.014,0.000,0.000,0,1,1.0585,78,156,78,82,79
9,post_landing,78,1311.0,59,211.322,487.455,0.55716,0.11833,0.56959,0.011052,0.285217,0,1,5.03800,2670.843,2.201,5.000,1.241,31.999,37.359,38.997,0.000,0.000,0,1,1.0585,78,156,78,82,79
9,post_landing,79,1328.0,59,211.850,487.563,0.52489,0.14183,0.54372,0.011274,0.295674,0,1,5.03800,2670.843,2.201,5.000,1.248,1.248,36.686,38.973,0.000,0.000,0,1,1.0585,78,156,78,82,79
9,post_landing,80,1344.0,59,212.377,487.693,0.60001,0.16488,0.62225,0.006210,0.306998,0,1,5.03800,2670.843,2.201,5.000,1.255,1.255,36.688,38.943,0.000,0.000,0,1,1.0585,78,156,78,82,79
9,post_landing,81,1361.0,59,212.979,487.770,0.53060,0.12089,0.54419,0.010979,0.313235,0,1,5.03800,2670.843,2.201,5.000,1.259,1.259,36.686,38.924,0.000,0.000,0,1,1.0585,78,156,78,82,79
9,post_landing,82,1378.0,59,213.481,487.880,0.38662,0.06617,0.39224,0.019137,0.323623,0,1,5.03800,2670.843,2.201,5.000,1.266,1.266,36.681,38.889,0.000,0.000,0,1,1.0585,78,156,78,82,79
9,post_landing,83,1394.0,59,213.870,488.107,0.26371,0.04349,0.26727,0.024930,0.342845,0,1,5.03800,2670.843,2.201,5.000,1.278,1.278,33.836,67.065,0.000,0.000,0,1,1.0585,78,156,78,82,79
9,post_landing,84,1411.0,59,214.135,488.421,0.35115,0.00000,0.35115,0.020196,0.367884,0,1,5.03800,2670.843,2.201,5.000,1.293,1.293,12.636,65.550,0.000,0.000,0,1,1.0585,78,156,78,82,79
9,post_landing,85,1428.0,59,214.467,488.678,0.34976,0.02112,0.35039,0.019196,0.386993,0,1,5.03800,2670.843,2.201,5.000,1.303,1.303,12.622,65.547,0.000,0.000,0,1,1.0585,78,156,78,82,79
9,post_landing,86,1444.0,59,214.818,488.957,0.32470,0.01961,0.32529,0.020665,0.406273,0,1,5.03800,2670.843,2.201,5.000,1.314,3.023,12.604,65.519,0.000,0.000,0,1,1.0585,78,156,78,82,79
9,post_landing,87,1461.0,59,215.144,489.263,0.28993,0.04802,0.29388,0.021793,0.427029,0,1,5.03800,2670.843,2.201,5.000,1.324,3.063,3.477,66.209,0.000,0.000,0,1,1.0585,78,156,78,82,79
9,post_landing,88,1478.0,59,215.419,489.580,0.28954,0.07671,0.29953,0.020755,0.447649,0,1,5.03800,2670.843,2.201,5.000,1.334,3.101,3.534,66.208,0.000,0.000,0,1,1.0585,78,156,78,82,79
9,post_landing,89,1494.0,59,215.709,489.923,0.28377,0.07176,0.29271,0.021655,0.468495,0,1,5.03800,2670.843,2.201,5.000,1.344,3.139,32.219,63.501,0.000,0.000,0,1,1.0585,78,156,78,82,79
9,post_landing,90,1511.0,59,215.995,490.287,0.27538,0.09199,0.29034,0.021989,0.490245,0,1,5.03800,2670.843,2.201,5.000,1.353,3.177,32.295,63.470,0.000,0.000,0,1,1.0585,78,156,78,82,79
9,post_landing,91,1528.0,59,216.255,490.648,0.28508,0.11890,0.30888,0.020851,0.511050,0,1,5.03800,2670.843,2.201,5.000,1.361,3.212,32.354,43.033,0.000,0.000,0,1,1.0585,78,156,78,82,79
9,post_landing,92,1544.0,59,216.541,491.034,0.25895,0.13208,0.29069,0.022520,0.531993,0,1,5.03800,2670.843,2.201,5.000,1.369,32.399,32.399,43.046,0.000,0.000,0,1,1.0585,78,156,78,82,79
9,post_landing,93,1561.0,59,216.801,491.456,0.29536,0.15832,0.33511,0.020639,0.554611,0,1,5.03800,2670.843,2.201,5.000,1.377,32.432,34.012,61.584,0.000,0.000,0,1,1.0585,78,156,78,82,79
9,post_landing,94,1578.0,59,217.081,491.835,0.32977,0.19649,0.38387,0.018251,0.574140,0,1,5.03800,2670.843,2.201,5.000,32.447,32.447,34.076,62.671,0.000,0.000,0,1,1.0585,78,156,78,82,79
9,post_landing,95,1594.0,59,217.412,492.209,0.23917,-0.05960,0.24648,0.006429,0.592471,0,1,5.03800,2670.843,2.201,5.000,32.450,32.450,34.125,62.682,0.000,0.000,0,3,1.0585,78,156,78,82,79
9,post_landing,96,1611.0,59,217.652,492.213,0.13286,-0.03226,0.13672,0.003737,0.598927,0,1,5.03800,2670.843,2.201,5.000,32.448,32.448,34.139,62.680,0.000,0.000,0,3,1.0585,78,156,78,82,79
9,post_landing,97,1628.0,59,217.778,492.210,-0.02221,-0.04216,0.04765,0.004601,0.602463,0,1,5.03800,2670.843,2.201,5.000,32.447,32.447,34.147,62.679,0.000,0.000,0,3,1.0585,78,156,78,82,79
9,post_landing,98,1644.0,59,217.756,492.212,-2.14177,-0.66311,2.24207,0.077470,0.607085,0,1,5.03800,2670.843,2.201,5.000,32.444,32.444,34.155,62.675,0.000,0.000,0,3,1.0585,78,156,78,82,79
9,post_landing,99,1661.0,59,215.605,491.335,-0.48145,-0.20330,0.52262,-0.009867,0.684896,0,1,5.03800,2670.843,2.201,5.000,2.182,2.182,53.262,55.018,0.000,0.000,0,2,1.0585,78,156,78,82,79
9,post_landing,100,1678.0,59,215.149,491.131,-0.36505,0.05171,0.36869,-0.011377,0.675560,0,1,5.03800,2670.843,2.201,5.000,2.186,2.186,53.256,54.977,0.000,0.000,0,1,1.0585,78,156,78,82,79
9,post_landing,101,1694.0,59,214.782,491.271,-0.27642,0.06107,0.28309,-0.015413,0.664132,0,1,5.03800,2670.843,2.201,5.000,2.191,2.191,53.242,54.920,0.000,0.000,0,1,1.0585,78,156,78,82,79
9,post_landing,102,1711.0,59,214.505,491.430,-0.23112,-0.01403,0.23154,-0.018724,0.648652,0,1,5.03800,2670.843,2.201,5.000,2.198,32.390,34.203,54.421,0.000,0.000,0,1,1.0585,78,156,78,82,79
9,post_landing,103,1728.0,59,214.286,491.610,-0.17038,0.02445,0.17213,-0.020025,0.630936,0,1,5.03800,2670.843,2.201,5.000,2.205,32.420,34.190,62.418,0.000,0.000,0,1,1.0585,78,156,78,82,79
9,post_landing,104,1744.0,59,214.115,491.843,-0.16201,0.00000,0.16201,-0.020282,0.610823,0,1,5.03800,2670.843,2.201,5.000,32.442,32.442,34.162,62.671,0.000,0.000,0,1,1.0585,78,156,78,82,79
9,post_landing,105,1761.0,59,213.952,492.121,-0.12669,-0.06631,0.14299,-0.004663,0.590452,0,1,5.03800,2670.843,2.201,5.000,32.450,32.450,34.120,62.682,0.000,0.000,0,2,1.0585,78,156,78,82,79
9,post_landing,106,1778.0,59,213.832,492.193,-0.02914,-0.01308,0.03194,-0.000971,0.586040,0,1,5.03800,2670.843,2.201,5.000,32.450,32.450,34.109,62.680,0.000,0.000,0,3,1.0585,78,156,78,82,79
9,post_landing,107,1794.0,59,213.803,492.254,0.00923,0.00000,0.00923,0.000000,0.585065,0,1,5.03800,2670.843,2.201,5.000,32.450,32.450,34.107,62.680,0.000,0.000,0,4,1.0585,78,156,78,82,79
9,post_landing,108,1811.0,59,213.812,492.259,0.00987,0.00000,0.00987,0.000000,0.585065,0,1,5.03800,2670.843,2.201,5.000,32.450,32.450,34.107,62.680,0.000,0.000,0,4,1.0585,78,156,78,82,79
9,post_landing,109,1828.0,59,213.822,492.255,0.00565,0.00000,0.00565,0.000000,0.585065,0,1,5.03800,2670.843,2.201,5.000,32.450,32.450,34.107,62.680,0.000,0.000,0,4,1.0585,78,156,78,82,79
9,post_landing,110,1844.0,59,213.827,492.259,-0.00166,0.00000,0.00166,0.000000,0.585065,0,1,5.03800,2670.843,2.201,5.000,32.450,32.450,34.107,62.680,0.000,0.000,0,4,1.0585,78,156,78,82,79
9,post_landing,111,1861.0,59,213.826,492.259,-0.00192,0.00000,0.00192,0.000000,0.585065,0,1,5.03800,2670.843,2.201,5.000,32.450,32.450,34.107,62.680,0.000,0.000,0,4,1.0585,78,156,78,82,79
9,post_landing,112,1878.0,59,213.824,492.255,0.00189,0.00000,0.00189,0.000000,0.585065,0,1,5.03800,2670.843,2.201,5.000,32.450,32.450,34.107,62.680,0.000,0.000,0,4,1.0585,78,156,78,82,79
9,post_landing,113,1894.0,59,213.826,492.259,-0.00112,0.00000,0.00112,0.000000,0.585065,0,1,5.03800,2670.843,2.201,5.000,32.450,32.450,34.107,62.680,0.000,0.000,0,4,1.0585,78,156,78,82,79
9,post_landing,114,1911.0,59,213.825,492.259,-0.00092,0.00000,0.00092,0.000000,0.585065,0,1,5.03800,2670.843,2.201,5.000,32.450,32.450,34.107,62.680,0.000,0.000,0,4,1.0585,78,156,78,82,79
9,post_landing,115,1928.0,59,213.824,492.255,0.00228,0.00000,0.00228,0.000000,0.585065,0,1,5.03800,2670.843,2.201,5.000,32.450,32.450,34.107,62.680,0.000,0.000,0,4,1.0585,78,156,78,82,79
9,post_landing,116,1944.0,59,213.826,492.259,-0.00112,0.00000,0.00112,0.000000,0.585065,0,1,5.03800,2670.843,2.201,5.000,32.450,32.450,34.107,62.680,0.000,0.000,0,4,1.0585,78,156,78,82,79
9,post_landing,117,1961.0,59,213.825,492.259,-0.00100,0.00000,0.00100,0.000000,0.585065,0,1,5.03800,2670.843,2.201,5.000,32.450,32.450,34.107,62.680,0.000,0.000,0,4,1.0585,78,156,78,82,79
9,post_landing,118,1978.0,59,213.824,492.255,0.00224,0.00000,0.00224,0.000000,0.585065,0,1,5.03800,2670.843,2.201,5.000,32.450,32.450,34.107,62.680,0.000,0.000,0,4,1.0585,78,156,78,82,79
10,falling,0,26.0,,195.000,97.029,0.00000,0.55000,0.55000,0.000000,0.000000,0,0,6.51000,5147.624,3.157,50.000,50.000,52.000,53.000,55.000,0.000,0.000,0,0,1.0852,97,194,97,102,84
10,falling,1,30.0,,195.000,97.177,0.00000,0.61469,0.61469,0.000000,0.000000,0,0,6.51000,5147.624,3.157,50.000,50.000,52.000,53.000,55.000,0.000,0.000,0,0,1.0852,97,194,97,102,84
10,falling,2,47.0,,195.000,98.083,0.00000,0.88862,0.88862,0.000000,0.000000,0,0,6.51000,5147.624,3.157,50.000,50.000,52.000,53.000,55.000,0.000,0.000,0,0,1.0852,97,194,97,102,84
10,falling,3,63.0,,195.000,99.180,0.00000,1.14249,1.14249,0.000000,0.000000,0,0,6.51000,5147.624,3.157,50.000,50.000,52.000,53.000,55.000,0.000,0.000,0,0,1.0852,97,194,97,102,84
10,falling,4,80.0,,195.000,100.616,0.00000,1.40834,1.40834,0.000000,0.000000,0,0,6.51000,5147.624,3.157,50.000,50.000,52.000,53.000,55.000,0.000,0.000,0,0,1.0852,97,194,97,102,84
10,falling,5,97.0,,195.000,102.320,0.00000,1.67012,1.67012,0.000000,0.000000,0,0,6.51000,5147.624,3.157,50.000,50.000,52.000,53.000,55.000,0.000,0.000,0,0,1.0852,97,194,97,102,84
10,falling,6,113.0,,195.000,104.156,0.00000,1.91274,1.91274,0.000000,0.000000,0,0,6.51000,5147.624,3.157,50.000,50.000,52.000,53.000,55.000,0.000,0.000,0,0,1.0852,97,194,97,102,84
10,falling,7,130.0,,195.000,106.366,0.00000,2.16681,2.16681,0.000000,0.000000,0,0,6.51000,5147.624,3.157,50.000,50.000,52.000,53.000,55.000,0.000,0.000,0,0,1.0852,97,194,97,102,84
10,falling,8,147.0,,195.000,108.831,0.00000,2.41699,2.41699,0.000000,0.000000,0,0,6.51000,5147.624,3.157,50.000,50.000,52.000,53.000,55.000,0.000,0.000,0,0,1.0852,97,194,97,102,84
10,falling,9,163.0,,195.000,111.374,0.00000,2.64885,2.64885,0.000000,0.000000,0,0,6.51000,5147.624,3.157,50.000,50.000,52.000,53.000,55.000,0.000,0.000,0,0,1.0852,97,194,97,102,84
10,falling,10,180.0,,195.000,114.324,0.00000,2.89166,2.89166,0.000000,0.000000,0,0,6.51000,5147.624,3.157,50.000,50.000,52.000,53.000,55.000,0.000,0.000,0,0,1.0852,97,194,97,102,84
10,falling,11,197.0,,195.000,117.517,0.00000,3.13075,3.13075,0.000000,0.000000,0,0,6.51000,5147.624,3.157,50.000,50.000,52.000,53.000,55.000,0.000,0.000,0,0,1.0852,97,194,97,102,84
10,falling,12,214.0,,195.000,120.735,0.00000,3.35233,3.35233,0.000000,0.000000,0,0,6.51000,5147.624,3.157,50.000,50.000,52.000,53.000,55.000,0.000,0.000,0,0,1.0852,97,194,97,102,84
10,falling,13,230.0,,195.000,124.392,0.00000,3.58438,3.58438,0.000000,0.000000,0,0,6.51000,5147.624,3.157,50.000,50.000,52.000,53.000,55.000,0.000,0.000,0,0,1.0852,97,194,97,102,84
10,falling,14,247.0,,195.000,128.281,0.00000,3.81287,3.81287,0.000000,0.000000,0,0,6.51000,5147.624,3.157,50.000,50.000,52.000,53.000,55.000,0.000,0.000,0,0,1.0852,97,194,97,102,84
10,falling,15,264.0,,195.000,132.144,0.00000,4.02463,4.02463,0.000000,0.000000,0,0,6.51000,5147.624,3.157,50.000,50.000,52.000,53.000,55.000,0.000,0.000,0,0,1.0852,97,194,97,102,84
10,falling,16,280.0,,195.000,136.476,0.00000,4.24639,4.24639,0.000000,0.000000,0,0,6.51000,5147.624,3.157,50.000,50.000,52.000,53.000,55.000,0.000,0.000,0,0,1.0852,97,194,97,102,84
10,falling,17,297.0,,195.000,141.030,0.00000,4.46475,4.46475,0.000000,0.000000,0,0,6.51000,5147.624,3.157,50.000,50.000,52.000,53.000,55.000,0.000,0.000,0,0,1.0852,97,194,97,102,84
10,falling,18,314.0,,195.000,145.510,0.00000,4.66712,4.66712,0.000000,0.000000,0,0,6.51000,5147.624,3.157,50.000,50.000,52.000,53.000,55.000,0.000,0.000,0,0,1.0852,97,194,97,102,84
10,falling,19,330.0,,195.000,150.487,0.00000,4.87905,4.87905,0.000000,0.000000,0,0,6.51000,5147.624,3.157,50.000,50.000,52.000,53.000,55.000,0.000,0.000,0,0,1.0852,97,194,97,102,84
10,falling,20,347.0,,195.000,155.676,0.00000,5.08773,5.08773,0.000000,0.000000,0,0,6.51000,5147.624,3.157,50.000,50.000,52.000,53.000,55.000,0.000,0.000,0,0,1.0852,97,194,97,102,84
10,falling,21,364.0,,195.000,160.746,0.00000,5.28114,5.28114,0.000000,0.000000,0,0,6.51000,5147.624,3.157,50.000,50.000,52.000,53.000,55.000,0.000,0.000,0,0,1.0852,97,194,97,102,84
10,falling,22,380.0,,195.000,166.339,0.00000,5.48367,5.48367,0.000000,0.000000,0,0,6.51000,5147.624,3.157,50.000,50.000,52.000,53.000,55.000,0.000,0.000,0,0,1.0852,97,194,97,102,84
10,falling,23,397.0,,195.000,172.136,0.00000,5.68310,5.68310,0.000000,0.000000,0,0,6.51000,5147.624,3.157,50.000,50.000,52.000,53.000,55.000,0.000,0.000,0,0,1.0852,97,194,97,102,84
10,falling,24,414.0,,195.000,177.769,0.00000,5.86793,5.86793,0.000000,0.000000,0,0,6.51000,5147.624,3.157,50.000,50.000,52.000,53.000,55.000,0.000,0.000,0,0,1.0852,97,194,97,102,84
10,falling,25,430.0,,195.000,183.952,0.00000,6.06149,6.06149,0.000000,0.000000,0,0,6.51000,5147.624,3.157,50.000,50.000,52.000,53.000,55.000,0.000,0.000,0,0,1.0852,97,194,97,102,84
10,falling,26,447.0,,195.000,190.329,0.00000,6.25208,6.25208,0.000000,0.000000,0,0,6.51000,5147.624,3.157,50.000,50.000,52.000,53.000,55.000,0.000,0.000,0,0,1.0852,97,194,97,102,84
10,falling,27,464.0,,195.000,196.501,0.00000,6.42872,6.42872,0.000000,0.000000,0,0,6.51000,5147.624,3.157,50.000,50.000,52.000,53.000,55.000,0.000,0.000,0,0,1.0852,97,194,97,102,84
10,falling,28,480.0,,195.000,203.247,0.00000,6.61369,6.61369,0.000000,0.000000,0,0,6.51000,5147.624,3.157,50.000,50.000,52.000,53.000,55.000,0.000,0.000,0,0,1.0852,97,194,97,102,84
10,falling,29,497.0,,195.000,210.179,0.00000,6.79583,6.79583,0.000000,0.000000,0,0,6.51000,5147.624,3.157,50.000,50.000,52.000,53.000,55.000,0.000,0.000,0,0,1.0852,97,194,97,102,84
10,falling,30,514.0,,195.000,216.865,0.00000,6.96464,6.96464,0.000000,0.000000,0,0,6.51000,5147.624,3.157,50.000,50.000,52.000,53.000,55.000,0.000,0.000,0,0,1.0852,97,194,97,102,84
10,falling,31,530.0,,195.000,224.149,0.00000,7.14142,7.14142,0.000000,0.000000,0,0,6.51000,5147.624,3.157,50.000,50.000,52.000,53.000,55.000,0.000,0.000,0,0,1.0852,97,194,97,102,84
10,falling,32,547.0,,195.000,231.611,0.00000,7.31549,7.31549,0.000000,0.000000,0,0,6.51000,5147.624,3.157,50.000,50.000,52.000,53.000,55.000,0.000,0.000,0,0,1.0852,97,194,97,102,84
10,falling,33,564.0,,195.000,238.788,0.00000,7.47681,7.47681,0.000000,0.000000,0,0,6.51000,5147.624,3.157,50.000,50.000,52.000,53.000,55.000,0.000,0.000,0,0,1.0852,97,194,97,102,84
10,falling,34,580.0,,195.000,246.587,0.00000,7.64575,7.64575,0.000000,0.000000,0,0,6.51000,5147.624,3.157,50.000,50.000,52.000,53.000,55.000,0.000,0.000,0,0,1.0852,97,194,97,102,84
10,falling,35,597.0,,195.000,254.555,0.00000,7.81210,7.81210,0.000000,0.000000,0,0,6.51000,5147.624,3.157,50.000,50.000,52.000,53.000,55.000,0.000,0.000,0,0,1.0852,97,194,97,102,84
10,falling,36,614.0,,195.000,262.203,0.00000,7.96627,7.96627,0.000000,0.000000,0,0,6.51000,5147.624,3.157,50.000,50.000,52.000,53.000,55.000,0.000,0.000,0,0,1.0852,97,194,97,102,84
10,falling,37,630.0,,195.000,270.493,0.00000,8.12772,8.12772,0.000000,0.000000,0,0,6.51000,5147.624,3.157,50.000,50.000,52.000,53.000,55.000,0.000,0.000,0,0,1.0852,97,194,97,102,84
10,falling,38,647.0,,195.000,278.946,0.00000,8.28670,8.28670,0.000000,0.000000,0,0,6.51000,5147.624,3.157,50.000,50.000,52.000,53.000,55.000,0.000,0.000,0,0,1.0852,97,194,97,102,84
10,falling,39,664.0,,195.000,287.042,0.00000,8.43404,8.43404,0.000000,0.000000,0,0,6.51000,5147.624,3.157,50.000,50.000,52.000,53.000,55.000,0.000,0.000,0,0,1.0852,97,194,97,102,84
10,falling,40,680.0,,195.000,295.802,0.00000,8.58833,8.58833,0.000000,0.000000,0,0,6.51000,5147.624,3.157,50.000,50.000,52.000,53.000,55.000,0.000,0.000,0,0,1.0852,97,194,97,102,84
10,falling,41,697.0,,195.000,304.718,0.00000,8.74026,8.74026,0.000000,0.000000,0,0,6.51000,5147.624,3.157,50.000,50.000,52.000,53.000,55.000,0.000,0.000,0,0,1.0852,97,194,97,102,84
10,falling,42,714.0,,195.000,313.243,0.00000,8.88107,8.88107,0.000000,0.000000,0,0,6.51000,5147.624,3.157,50.000,50.000,52.000,53.000,55.000,0.000,0.000,0,0,1.0852,97,194,97,102,84
10,falling,43,730.0,,195.000,322.452,0.00000,9.02852,9.02852,0.000000,0.000000,0,0,6.51000,5147.624,3.157,50.000,50.000,52.000,53.000,55.000,0.000,0.000,0,0,1.0852,97,194,97,102,84
10,falling,44,747.0,,195.000,331.810,0.00000,9.17372,9.17372,0.000000,0.000000,0,0,6.51000,5147.624,3.157,50.000,50.000,52.000,53.000,55.000,0.000,0.000,0,0,1.0852,97,194,97,102,84
10,falling,45,764.0,,195.000,340.746,0.00000,9.30829,9.30829,0.000000,0.000000,0,0,6.51000,5147.624,3.157,50.000,50.000,52.000,53.000,55.000,0.000,0.000,0,0,1.0852,97,194,97,102,84
10,falling,46,780.0,,195.000,350.384,0.00000,9.44920,9.44920,0.000000,0.000000,0,0,6.51000,5147.624,3.157,50.000,50.000,52.000,53.000,55.000,0.000,0.000,0,0,1.0852,97,194,97,102,84
10,falling,47,797.0,,195.000,360.164,0.00000,9.58796,9.58796,0.000000,0.000000,0,0,6.51000,5147.624,3.157,50.000,50.000,52.000,53.000,55.000,0.000,0.000,0,0,1.0852,97,194,97,102,84
10,falling,48,814.0,,195.000,369.491,0.00000,9.71656,9.71656,0.000000,0.000000,0,0,6.51000,5147.624,3.157,50.000,50.000,52.000,53.000,55.000,0.000,0.000,0,0,1.0852,97,194,97,102,84
10,falling,49,830.0,,195.000,379.540,0.00000,9.85123,9.85123,0.000000,0.000000,0,0,6.51000,5147.624,3.157,50.000,50.000,52.000,53.000,55.000,0.000,0.000,0,0,1.0852,97,194,97,102,84
10,falling,50,847.0,,195.000,389.723,0.00000,9.98384,9.98384,0.000000,0.000000,0,0,6.51000,5147.624,3.157,50.000,50.000,52.000,53.000,55.000,0.000,0.000,0,0,1.0852,97,194,97,102,84
10,falling,51,864.0,,195.000,399.426,0.00000,10.10674,10.10674,0.000000,0.000000,0,0,6.51000,5147.624,3.157,50.000,50.000,52.000,53.000,55.000,0.000,0.000,0,0,1.0852,97,194,97,102,84
10,falling,52,880.0,,195.000,409.866,0.00000,10.23544,10.23544,0.000000,0.000000,0,0,6.51000,5147.624,3.157,50.000,50.000,52.000,53.000,55.000,0.000,0.000,0,0,1.0852,97,194,97,102,84
10,falling,53,897.0,,195.000,420.435,0.00000,10.36217,10.36217,0.000000,0.000000,0,0,6.51000,5147.624,3.157,50.000,50.000,52.000,53.000,55.000,0.000,0.000,0,0,1.0852,97,194,97,102,84
10,falling,54,915.0,,195.000,430.496,0.00000,10.47962,10.47962,0.000000,0.000000,0,0,6.51000,5147.624,3.157,50.000,50.000,52.000,53.000,55.000,0.000,0.000,0,0,1.0852,97,194,97,102,84
10,falling,55,930.0,,195.000,441.310,0.00000,10.60262,10.60262,0.000000,0.000000,0,0,6.51000,5147.624,3.157,50.000,50.000,52.000,53.000,55.000,0.000,0.000,0,0,1.0852,97,194,97,102,84
10,falling,56,947.0,,195.000,452.249,0.00000,10.72373,10.72373,0.000000,0.000000,0,0,6.51000,5147.624,3.157,50.000,50.000,52.000,53.000,55.000,0.000,0.000,0,0,1.0852,97,194,97,102,84
10,falling,57,964.0,,195.000,462.651,0.00000,10.83598,10.83598,0.000000,0.000000,0,0,6.51000,5147.624,3.157,50.000,50.000,52.000,53.000,55.000,0.000,0.000,0,0,1.0852,97,194,97,102,84
10,falling,58,980.0,,195.000,473.824,0.00000,10.95352,10.95352,0.000000,0.000000,0,0,6.51000,5147.624,3.157,50.000,50.000,52.000,53.000,55.000,0.000,0.000,0,0,1.0852,97,194,97,102,84
10,falling,59,997.0,,195.000,485.114,0.00000,11.06926,11.06926,0.000000,0.000000,0,0,6.51000,5147.624,3.157,50.000,50.000,52.000,53.000,55.000,0.000,0.000,0,0,1.0852,97,194,97,102,84
10,post_landing,60,1014.0,60,195.000,491.358,1.41106,-0.77308,1.60896,0.017661,0.000000,0,1,6.51000,5147.624,3.157,50.000,50.000,52.000,53.000,55.000,0.000,0.000,0,19,1.0852,97,194,97,102,84
10,post_landing,61,1031.0,60,196.417,488.261,0.83692,-0.41769,0.93536,0.010416,0.017739,0,1,6.51000,5147.624,3.157,50.000,10.016,51.010,53.009,55.009,0.000,0.000,0,9,1.0852,97,194,97,102,84
10,post_landing,62,1047.0,60,197.258,486.703,0.48535,-0.21444,0.53061,0.005504,0.028200,0,1,6.51000,5147.624,3.157,50.000,10.024,14.023,52.036,54.035,0.000,0.000,0,4,1.0852,97,194,97,102,84
10,post_landing,63,1064.0,60,197.717,485.778,0.31258,-0.13567,0.34076,0.000971,0.033409,0,1,6.51000,5147.624,3.157,50.000,10.028,14.026,52.038,54.037,0.000,0.000,0,2,1.0852,97,194,97,102,84
10,post_landing,64,1080.0,60,198.031,485.288,0.09032,-0.03216,0.09587,0.001625,0.034384,0,1,6.51000,5147.624,3.157,50.000,10.028,14.026,52.038,54.037,0.000,0.000,0,1,1.0852,97,194,97,102,84
10,post_landing,65,1097.0,60,198.122,485.246,-0.12674,0.03071,0.13040,0.002599,0.036015,0,1,6.51000,5147.624,3.157,50.000,10.030,14.027,52.038,54.037,0.000,0.000,0,1,1.0852,97,194,97,102,84
10,post_landing,66,1114.0,60,198.002,485.180,-0.21212,0.10283,0.23573,0.001593,0.038474,0,1,6.51000,5147.624,3.157,50.000,10.031,14.028,52.038,54.037,0.000,0.000,0,1,1.0852,97,194,97,102,84
10,post_landing,67,1130.0,60,197.789,485.141,-0.28989,0.14186,0.32274,0.000000,0.040074,0,1,6.51000,5147.624,3.157,50.000,10.032,14.029,52.038,53.158,0.000,0.000,0,1,1.0852,97,194,97,102,84
10,post_landing,68,1147.0,60,197.498,485.141,-0.31363,0.15067,0.34794,-0.002570,0.040074,0,1,6.51000,5147.624,3.157,50.000,10.032,14.029,52.038,53.158,0.000,0.000,0,1,1.0852,97,194,97,102,84
10,post_landing,69,1164.0,60,197.201,485.202,-0.29571,0.12283,0.32020,-0.006322,0.037643,0,1,6.51000,5147.624,3.157,50.000,10.031,14.028,52.038,54.037,0.000,0.000,0,1,1.0852,97,194,97,102,84
10,post_landing,70,1180.0,60,196.904,485.369,-0.31339,0.13308,0.34048,-0.007542,0.031294,0,1,6.51000,5147.624,3.157,50.000,10.026,14.024,52.037,54.036,0.000,0.000,0,1,1.0852,97,194,97,102,84
10,post_landing,71,1197.0,60,196.589,485.567,-0.34013,0.14648,0.37033,-0.008034,0.023719,0,1,6.51000,5147.624,3.157,50.000,10.021,44.011,52.033,54.032,0.000,0.000,0,1,1.0852,97,194,97,102,84
10,post_landing,72,1214.0,60,196.267,485.766,-0.35823,0.15651,0.39093,-0.008446,0.016117,0,1,6.51000,5147.624,3.157,50.000,10.015,51.009,53.009,55.009,0.000,0.000,0,1,1.0852,97,194,97,102,84
10,post_landing,73,1230.0,60,195.907,485.995,-0.37702,0.16939,0.41332,-0.008926,0.007634,0,1,6.51000,5147.624,3.157,50.000,10.007,51.006,53.006,55.006,0.000,0.000,0,1,1.0852,97,194,97,102,84
10,post_landing,74,1247.0,60,195.529,486.227,-0.39358,0.18028,0.43290,-0.009379,-0.001331,0,1,6.51000,5147.624,3.157,50.000,48.001,51.001,53.001,55.008,0.000,0.000,0,1,1.0852,97,194,97,102,84
10,post_landing,75,1264.0,60,195.156,486.397,-0.40401,0.18847,0.44581,-0.009686,-0.010205,0,1,6.51000,5147.624,3.157,50.000,48.008,51.008,53.007,55.058,0.000,0.000,0,1,1.0852,97,194,97,102,84
10,post_landing,76,1280.0,60,194.751,486.692,-0.16179,-0.05469,0.17078,-0.003804,-0.019934,0,1,6.51000,5147.624,3.157,50.000,48.010,51.010,53.009,68.126,0.000,0.000,0,2,1.0852,97,194,97,102,84
10,post_landing,77,1297.0,60,194.588,486.692,-0.04939,-0.01851,0.05275,-0.001331,-0.023755,0,1,6.51000,5147.624,3.157,50.000,48.010,51.009,53.009,68.147,0.000,0.000,0,2,1.0852,97,194,97,102,84
10,post_landing,78,1314.0,60,194.541,486.690,0.00794,0.00000,0.00794,0.000000,-0.025014,0,1,6.51000,5147.624,3.157,50.000,49.035,52.034,53.008,68.154,0.000,0.000,0,2,1.0852,97,194,97,102,84
10,post_landing,79,1330.0,60,194.549,486.692,0.00382,0.00000,0.00382,0.000000,-0.025014,0,1,6.51000,5147.624,3.157,50.000,49.035,52.034,53.008,68.154,0.000,0.000,0,2,1.0852,97,194,97,102,84
10,post_landing,80,1347.0,60,194.553,486.692,0.00037,0.00000,0.00037,0.000000,-0.025014,0,1,6.51000,5147.624,3.157,50.000,49.035,52.034,53.008,68.154,0.000,0.000,0,2,1.0852,97,194,97,102,84
10,post_landing,81,1364.0,60,194.554,486.690,0.00112,0.00000,0.00112,0.000000,-0.025014,0,1,6.51000,5147.624,3.157,50.000,49.035,52.034,53.008,68.154,0.000,0.000,0,2,1.0852,97,194,97,102,84
10,post_landing,82,1380.0,60,194.555,486.692,-0.00028,0.00000,0.00028,0.000000,-0.025014,0,1,6.51000,5147.624,3.157,50.000,49.035,52.034,53.008,68.154,0.000,0.000,0,2,1.0852,97,194,97,102,84
10,post_landing,83,1397.0,60,194.554,486.692,-0.00004,0.00000,0.00004,0.000000,-0.025014,0,1,6.51000,5147.624,3.157,50.000,49.035,52.034,53.008,68.154,0.000,0.000,0,2,1.0852,97,194,97,102,84
10,post_landing,84,1414.0,60,194.554,486.690,0.00038,0.00000,0.00038,0.000000,-0.025014,0,1,6.51000,5147.624,3.157,50.000,49.035,52.034,53.008,68.154,0.000,0.000,0,2,1.0852,97,194,97,102,84
10,post_landing,85,1430.0,60,194.555,486.692,-0.00031,0.00000,0.00031,0.000000,-0.025014,0,1,6.51000,5147.624,3.157,50.000,49.035,52.034,53.008,68.154,0.000,0.000,0,2,1.0852,97,194,97,102,84
10,post_landing,86,1447.0,60,194.554,486.692,-0.00003,0.00000,0.00003,0.000000,-0.025014,0,1,6.51000,5147.624,3.157,50.000,49.035,52.034,53.008,68.154,0.000,0.000,0,2,1.0852,97,194,97,102,84
10,post_landing,87,1464.0,60,194.554,486.690,0.00036,0.00000,0.00036,0.000000,-0.025014,0,1,6.51000,5147.624,3.157,50.000,49.035,52.034,53.008,68.154,0.000,0.000,0,2,1.0852,97,194,97,102,84
10,post_landing,88,1480.0,60,194.555,486.692,-0.00031,0.00000,0.00031,0.000000,-0.025014,0,1,6.51000,5147.624,3.157,50.000,49.035,52.034,53.008,68.154,0.000,0.000,0,2,1.0852,97,194,97,102,84
10,post_landing,89,1497.0,60,194.554,486.692,-0.00003,0.00000,0.00003,0.000000,-0.025014,0,1,6.51000,5147.624,3.157,50.000,49.035,52.034,53.008,68.154,0.000,0.000,0,2,1.0852,97,194,97,102,84
10,post_landing,90,1514.0,60,194.554,486.690,0.00036,0.00000,0.00036,0.000000,-0.025014,0,1,6.51000,5147.624,3.157,50.000,49.035,52.034,53.008,68.154,0.000,0.000,0,2,1.0852,97,194,97,102,84
10,post_landing,91,1530.0,60,194.555,486.692,-0.00031,0.00000,0.00031,0.000000,-0.025014,0,1,6.51000,5147.624,3.157,50.000,49.035,52.034,53.008,68.154,0.000,0.000,0,2,1.0852,97,194,97,102,84
10,post_landing,92,1547.0,60,194.554,486.692,-0.00003,0.00000,0.00003,0.000000,-0.025014,0,1,6.51000,5147.624,3.157,50.000,49.035,52.034,53.008,68.154,0.000,0.000,0,2,1.0852,97,194,97,102,84
10,post_landing,93,1564.0,60,194.554,486.690,0.00036,0.00000,0.00036,0.000000,-0.025014,0,1,6.51000,5147.624,3.157,50.000,49.035,52.034,53.008,68.154,0.000,0.000,0,2,1.0852,97,194,97,102,84
10,post_landing,94,1580.0,60,194.555,486.692,-0.00031,0.00000,0.00031,0.000000,-0.025014,0,1,6.51000,5147.624,3.157,50.000,49.035,52.034,53.008,68.154,0.000,0.000,0,2,1.0852,97,194,97,102,84
10,post_landing,95,1597.0,60,194.554,486.692,-0.00003,0.00000,0.00003,0.000000,-0.025014,0,1,6.51000,5147.624,3.157,50.000,49.035,52.034,53.008,68.154,0.000,0.000,0,2,1.0852,97,194,97,102,84
10,post_landing,96,1614.0,60,194.554,486.690,0.00036,0.00000,0.00036,0.000000,-0.025014,0,1,6.51000,5147.624,3.157,50.000,49.035,52.034,53.008,68.154,0.000,0.000,0,2,1.0852,97,194,97,102,84
10,post_landing,97,1630.0,60,194.555,486.692,-0.00031,0.00000,0.00031,0.000000,-0.025014,0,1,6.51000,5147.624,3.157,50.000,49.035,52.034,53.008,68.154,0.000,0.000,0,2,1.0852,97,194,97,102,84
10,post_landing,98,1647.0,60,194.555,486.692,-0.00003,0.00000,0.00003,0.000000,-0.025014,0,1,6.51000,5147.624,3.157,50.000,49.035,52.034,53.008,68.154,0.000,0.000,0,2,1.0852,97,194,97,102,84
10,post_landing,99,1664.0,60,194.554,486.690,0.00036,0.00000,0.00036,0.000000,-0.025014,0,1,6.51000,5147.624,3.157,50.000,49.035,52.034,53.008,68.154,0.000,0.000,0,2,1.0852,97,194,97,102,84
10,post_landing,100,1680.0,60,194.555,486.692,-0.00031,0.00000,0.00031,0.000000,-0.025014,0,1,6.51000,5147.624,3.157,50.000,49.035,52.034,53.008,68.154,0.000,0.000,0,2,1.0852,97,194,97,102,84
10,post_landing,101,1697.0,60,194.555,486.692,-0.00003,0.00000,0.00003,0.000000,-0.025014,0,1,6.51000,5147.624,3.157,50.000,49.035,52.034,53.008,68.154,0.000,0.000,0,2,1.0852,97,194,97,102,84
10,post_landing,102,1714.0,60,194.555,486.690,0.00036,0.00000,0.00036,0.000000,-0.025014,0,1,6.51000,5147.624,3.157,50.000,49.035,52.034,53.008,68.154,0.000,0.000,0,2,1.0852,97,194,97,102,84
10,post_landing,103,1730.0,60,194.555,486.692,-0.00031,0.00000,0.00031,0.000000,-0.025014,0,1,6.51000,5147.624,3.157,50.000,49.035,52.034,53.008,68.154,0.000,0.000,0,2,1.0852,97,194,97,102,84
10,post_landing,104,1747.0,60,194.555,486.692,-0.00003,0.00000,0.00003,0.000000,-0.025014,0,1,6.51000,5147.624,3.157,50.000,49.035,52.034,53.008,68.154,0.000,0.000,0,2,1.0852,97,194,97,102,84
10,post_landing,105,1764.0,60,194.555,486.690,0.00036,0.00000,0.00036,0.000000,-0.025014,0,1,6.51000,5147.624,3.157,50.000,49.035,52.034,53.008,68.154,0.000,0.000,0,2,1.0852,97,194,97,102,84
10,post_landing,106,1780.0,60,194.555,486.692,-0.00031,0.00000,0.00031,0.000000,-0.025014,0,1,6.51000,5147.624,3.157,50.000,49.035,52.034,53.008,68.154,0.000,0.000,0,2,1.0852,97,194,97,102,84
10,post_landing,107,1797.0,60,194.555,486.692,-0.00003,0.00000,0.00003,0.000000,-0.025014,0,1,6.51000,5147.624,3.157,50.000,49.035,52.034,53.008,68.154,0.000,0.000,0,2,1.0852,97,194,97,102,84
10,post_landing,108,1814.0,60,194.555,486.690,0.00036,0.00000,0.00036,0.000000,-0.025014,0,1,6.51000,5147.624,3.157,50.000,49.035,52.034,53.008,68.154,0.000,0.000,0,2,1.0852,97,194,97,102,84
10,post_landing,109,1830.0,60,194.555,486.692,-0.00031,0.00000,0.00031,0.000000,-0.025014,0,1,6.51000,5147.624,3.157,50.000,49.035,52.034,53.008,68.154,0.000,0.000,0,2,1.0852,97,194,97,102,84
10,post_landing,110,1847.0,60,194.555,486.692,-0.00003,0.00000,0.00003,0.000000,-0.025014,0,1,6.51000,5147.624,3.157,50.000,49.035,52.034,53.008,68.154,0.000,0.000,0,2,1.0852,97,194,97,102,84
10,post_landing,111,1864.0,60,194.555,486.690,0.00036,0.00000,0.00036,0.000000,-0.025014,0,1,6.51000,5147.624,3.157,50.000,49.035,52.034,53.008,68.154,0.000,0.000,0,2,1.0852,97,194,97,102,84
10,post_landing,112,1880.0,60,194.555,486.692,-0.00031,0.00000,0.00031,0.000000,-0.025014,0,1,6.51000,5147.624,3.157,50.000,49.035,52.034,53.008,68.154,0.000,0.000,0,2,1.0852,97,194,97,102,84
10,post_landing,113,1897.0,60,194.555,486.692,-0.00003,0.00000,0.00003,0.000000,-0.025014,0,1,6.51000,5147.624,3.157,50.000,49.035,52.034,53.008,68.154,0.000,0.000,0,2,1.0852,97,194,97,102,84
10,post_landing,114,1914.0,60,194.555,486.690,0.00036,0.00000,0.00036,0.000000,-0.025014,0,1,6.51000,5147.624,3.157,50.000,49.035,52.034,53.008,68.154,0.000,0.000,0,2,1.0852,97,194,97,102,84
10,post_landing,115,1930.0,60,194.555,486.692,-0.00031,0.00000,0.00031,0.000000,-0.025014,0,1,6.51000,5147.624,3.157,50.000,49.035,52.034,53.008,68.154,0.000,0.000,0,2,1.0852,97,194,97,102,84
10,post_landing,116,1947.0,60,194.555,486.692,-0.00003,0.00000,0.00003,0.000000,-0.025014,0,1,6.51000,5147.624,3.157,50.000,49.035,52.034,53.008,68.154,0.000,0.000,0,2,1.0852,97,194,97,102,84
10,post_landing,117,1964.0,60,194.555,486.690,0.00036,0.00000,0.00036,0.000000,-0.025014,0,1,6.51000,5147.624,3.157,50.000,49.035,52.034,53.008,68.154,0.000,0.000,0,2,1.0852,97,194,97,102,84
10,post_landing,118,1980.0,60,194.555,486.692,-0.00031,0.00000,0.00031,0.000000,-0.025014,0,1,6.51000,5147.624,3.157,50.000,49.035,52.034,53.008,68.154,0.000,0.000,0,2,1.0852,97,194,97,102,84
10,post_landing,119,1997.0,60,194.555,486.692,-0.00003,0.00000,0.00003,0.000000,-0.025014,0,1,6.51000,5147.624,3.157,50.000,49.035,52.034,53.008,68.154,0.000,0.000,0,2,1.0852,97,194,97,102,84
11,falling,0,44.0,,195.000,97.029,0.00000,0.55000,0.55000,0.000000,0.000000,0,0,7.92000,8547.864,7.191,25.000,25.000,28.000,31.000,47.000,0.000,0.000,0,0,1.0428,78,156,78,80,67
11,falling,1,46.0,,195.000,97.099,0.00000,0.58234,0.58234,0.000000,0.000000,0,0,7.92000,8547.864,7.191,25.000,25.000,28.000,31.000,47.000,0.000,0.000,0,0,1.0428,78,156,78,80,67
11,falling,2,62.0,,195.000,97.906,0.00000,0.84062,0.84062,0.000000,0.000000,0,0,7.92000,8547.864,7.191,25.000,25.000,28.000,31.000,47.000,0.000,0.000,0,0,1.0428,78,156,78,80,67
11,falling,3,79.0,,195.000,99.039,0.00000,1.11110,1.11110,0.000000,0.000000,0,0,7.92000,8547.864,7.191,25.000,25.000,28.000,31.000,47.000,0.000,0.000,0,0,1.0428,78,156,78,80,67
11,falling,4,95.0,,195.000,100.346,0.00000,1.36176,1.36176,0.000000,0.000000,0,0,7.92000,8547.864,7.191,25.000,25.000,28.000,31.000,47.000,0.000,0.000,0,0,1.0428,78,156,78,80,67
11,falling,5,112.0,,195.000,102.003,0.00000,1.62426,1.62426,0.000000,0.000000,0,0,7.92000,8547.864,7.191,25.000,25.000,28.000,31.000,47.000,0.000,0.000,0,0,1.0428,78,156,78,80,67
11,falling,6,129.0,,195.000,103.924,0.00000,1.88274,1.88274,0.000000,0.000000,0,0,7.92000,8547.864,7.191,25.000,25.000,28.000,31.000,47.000,0.000,0.000,0,0,1.0428,78,156,78,80,67
11,falling,7,145.0,,195.000,105.961,0.00000,2.12230,2.12230,0.000000,0.000000,0,0,7.92000,8547.864,7.191,25.000,25.000,28.000,31.000,47.000,0.000,0.000,0,0,1.0428,78,156,78,80,67
11,falling,8,162.0,,195.000,108.382,0.00000,2.37316,2.37316,0.000000,0.000000,0,0,7.92000,8547.864,7.191,25.000,25.000,28.000,31.000,47.000,0.000,0.000,0,0,1.0428,78,156,78,80,67
11,falling,9,179.0,,195.000,111.054,0.00000,2.62018,2.62018,0.000000,0.000000,0,0,7.92000,8547.864,7.191,25.000,25.000,28.000,31.000,47.000,0.000,0.000,0,0,1.0428,78,156,78,80,67
11,falling,10,195.0,,195.000,113.789,0.00000,2.84912,2.84912,0.000000,0.000000,0,0,7.92000,8547.864,7.191,25.000,25.000,28.000,31.000,47.000,0.000,0.000,0,0,1.0428,78,156,78,80,67
11,falling,11,212.0,,195.000,116.940,0.00000,3.08886,3.08886,0.000000,0.000000,0,0,7.92000,8547.864,7.191,25.000,25.000,28.000,31.000,47.000,0.000,0.000,0,0,1.0428,78,156,78,80,67
11,falling,12,229.0,,195.000,120.331,0.00000,3.32494,3.32494,0.000000,0.000000,0,0,7.92000,8547.864,7.191,25.000,25.000,28.000,31.000,47.000,0.000,0.000,0,0,1.0428,78,156,78,80,67
11,falling,13,246.0,,195.000,123.733,0.00000,3.54372,3.54372,0.000000,0.000000,0,0,7.92000,8547.864,7.191,25.000,25.000,28.000,31.000,47.000,0.000,0.000,0,0,1.0428,78,156,78,80,67
11,falling,14,262.0,,195.000,127.582,0.00000,3.77284,3.77284,0.000000,0.000000,0,0,7.92000,8547.864,7.191,25.000,25.000,28.000,31.000,47.000,0.000,0.000,0,0,1.0428,78,156,78,80,67
11,falling,15,279.0,,195.000,131.660,0.00000,3.99845,3.99845,0.000000,0.000000,0,0,7.92000,8547.864,7.191,25.000,25.000,28.000,31.000,47.000,0.000,0.000,0,0,1.0428,78,156,78,80,67
11,falling,16,296.0,,195.000,135.699,0.00000,4.20754,4.20754,0.000000,0.000000,0,0,7.92000,8547.864,7.191,25.000,25.000,28.000,31.000,47.000,0.000,0.000,0,0,1.0428,78,156,78,80,67
11,falling,17,312.0,,195.000,140.214,0.00000,4.42649,4.42649,0.000000,0.000000,0,0,7.92000,8547.864,7.191,25.000,25.000,28.000,31.000,47.000,0.000,0.000,0,0,1.0428,78,156,78,80,67
11,falling,18,329.0,,195.000,144.949,0.00000,4.64210,4.64210,0.000000,0.000000,0,0,7.92000,8547.864,7.191,25.000,25.000,28.000,31.000,47.000,0.000,0.000,0,0,1.0428,78,156,78,80,67
11,falling,19,346.0,,195.000,149.598,0.00000,4.84192,4.84192,0.000000,0.000000,0,0,7.92000,8547.864,7.191,25.000,25.000,28.000,31.000,47.000,0.000,0.000,0,0,1.0428,78,156,78,80,67
11,falling,20,362.0,,195.000,154.750,0.00000,5.05117,5.05117,0.000000,0.000000,0,0,7.92000,8547.864,7.191,25.000,25.000,28.000,31.000,47.000,0.000,0.000,0,0,1.0428,78,156,78,80,67
11,falling,21,379.0,,195.000,160.112,0.00000,5.25722,5.25722,0.000000,0.000000,0,0,7.92000,8547.864,7.191,25.000,25.000,28.000,31.000,47.000,0.000,0.000,0,0,1.0428,78,156,78,80,67
11,falling,22,395.0,,195.000,165.342,0.00000,5.44819,5.44819,0.000000,0.000000,0,0,7.92000,8547.864,7.191,25.000,25.000,28.000,31.000,47.000,0.000,0.000,0,0,1.0428,78,156,78,80,67
11,falling,23,412.0,,195.000,171.104,0.00000,5.64816,5.64816,0.000000,0.000000,0,0,7.92000,8547.864,7.191,25.000,25.000,28.000,31.000,47.000,0.000,0.000,0,0,1.0428,78,156,78,80,67
11,falling,24,429.0,,195.000,177.066,0.00000,5.84508,5.84508,0.000000,0.000000,0,0,7.92000,8547.864,7.191,25.000,25.000,28.000,31.000,47.000,0.000,0.000,0,0,1.0428,78,156,78,80,67
11,falling,25,446.0,,195.000,182.852,0.00000,6.02758,6.02758,0.000000,0.000000,0,0,7.92000,8547.864,7.191,25.000,25.000,28.000,31.000,47.000,0.000,0.000,0,0,1.0428,78,156,78,80,67
11,falling,26,462.0,,195.000,189.195,0.00000,6.21869,6.21869,0.000000,0.000000,0,0,7.92000,8547.864,7.191,25.000,25.000,28.000,31.000,47.000,0.000,0.000,0,0,1.0428,78,156,78,80,67
11,falling,27,480.0,,195.000,195.730,0.00000,6.40688,6.40688,0.000000,0.000000,0,0,7.92000,8547.864,7.191,25.000,25.000,28.000,31.000,47.000,0.000,0.000,0,0,1.0428,78,156,78,80,67
11,falling,28,496.0,,195.000,202.048,0.00000,6.58128,6.58128,0.000000,0.000000,0,0,7.92000,8547.864,7.191,25.000,25.000,28.000,31.000,47.000,0.000,0.000,0,0,1.0428,78,156,78,80,67
11,falling,29,512.0,,195.000,208.947,0.00000,6.76392,6.76392,0.000000,0.000000,0,0,7.92000,8547.864,7.191,25.000,25.000,28.000,31.000,47.000,0.000,0.000,0,0,1.0428,78,156,78,80,67
11,falling,30,529.0,,195.000,216.030,0.00000,6.94377,6.94377,0.000000,0.000000,0,0,7.92000,8547.864,7.191,25.000,25.000,28.000,31.000,47.000,0.000,0.000,0,0,1.0428,78,156,78,80,67
11,falling,31,546.0,,195.000,222.856,0.00000,7.11045,7.11045,0.000000,0.000000,0,0,7.92000,8547.864,7.191,25.000,25.000,28.000,31.000,47.000,0.000,0.000,0,0,1.0428,78,156,78,80,67
11,falling,32,562.0,,195.000,230.287,0.00000,7.28499,7.28499,0.000000,0.000000,0,0,7.92000,8547.864,7.191,25.000,25.000,28.000,31.000,47.000,0.000,0.000,0,0,1.0428,78,156,78,80,67
11,falling,33,579.0,,195.000,237.893,0.00000,7.45686,7.45686,0.000000,0.000000,0,0,7.92000,8547.864,7.191,25.000,25.000,28.000,31.000,47.000,0.000,0.000,0,0,1.0428,78,156,78,80,67
11,falling,34,595.0,,195.000,245.204,0.00000,7.61615,7.61615,0.000000,0.000000,0,0,7.92000,8547.864,7.191,25.000,25.000,28.000,31.000,47.000,0.000,0.000,0,0,1.0428,78,156,78,80,67
11,falling,35,612.0,,195.000,253.143,0.00000,7.78296,7.78296,0.000000,0.000000,0,0,7.92000,8547.864,7.191,25.000,25.000,28.000,31.000,47.000,0.000,0.000,0,0,1.0428,78,156,78,80,67
11,falling,36,629.0,,195.000,261.249,0.00000,7.94721,7.94721,0.000000,0.000000,0,0,7.92000,8547.864,7.191,25.000,25.000,28.000,31.000,47.000,0.000,0.000,0,0,1.0428,78,156,78,80,67
11,falling,37,645.0,,195.000,269.024,0.00000,8.09944,8.09944,0.000000,0.000000,0,0,7.92000,8547.864,7.191,25.000,25.000,28.000,31.000,47.000,0.000,0.000,0,0,1.0428,78,156,78,80,67
11,falling,38,662.0,,195.000,277.448,0.00000,8.25885,8.25885,0.000000,0.000000,0,0,7.92000,8547.864,7.191,25.000,25.000,28.000,31.000,47.000,0.000,0.000,0,0,1.0428,78,156,78,80,67
11,falling,39,679.0,,195.000,286.033,0.00000,8.41582,8.41582,0.000000,0.000000,0,0,7.92000,8547.864,7.191,25.000,25.000,28.000,31.000,47.000,0.000,0.000,0,0,1.0428,78,156,78,80,67
11,falling,40,695.0,,195.000,294.251,0.00000,8.56130,8.56130,0.000000,0.000000,0,0,7.92000,8547.864,7.191,25.000,25.000,28.000,31.000,47.000,0.000,0.000,0,0,1.0428,78,156,78,80,67
11,falling,41,712.0,,195.000,303.139,0.00000,8.71365,8.71365,0.000000,0.000000,0,0,7.92000,8547.864,7.191,25.000,25.000,28.000,31.000,47.000,0.000,0.000,0,0,1.0428,78,156,78,80,67
11,falling,42,729.0,,195.000,312.180,0.00000,8.86366,8.86366,0.000000,0.000000,0,0,7.92000,8547.864,7.191,25.000,25.000,28.000,31.000,47.000,0.000,0.000,0,0,1.0428,78,156,78,80,67
11,falling,43,745.0,,195.000,320.823,0.00000,9.00269,9.00269,0.000000,0.000000,0,0,7.92000,8547.864,7.191,25.000,25.000,28.000,31.000,47.000,0.000,0.000,0,0,1.0428,78,156,78,80,67
11,falling,44,762.0,,195.000,330.154,0.00000,9.14828,9.14828,0.000000,0.000000,0,0,7.92000,8547.864,7.191,25.000,25.000,28.000,31.000,47.000,0.000,0.000,0,0,1.0428,78,156,78,80,67
11,falling,45,779.0,,195.000,339.632,0.00000,9.29165,9.29165,0.000000,0.000000,0,0,7.92000,8547.864,7.191,25.000,25.000,28.000,31.000,47.000,0.000,0.000,0,0,1.0428,78,156,78,80,67
11,falling,46,795.0,,195.000,348.679,0.00000,9.42451,9.42451,0.000000,0.000000,0,0,7.92000,8547.864,7.191,25.000,25.000,28.000,31.000,47.000,0.000,0.000,0,0,1.0428,78,156,78,80,67
11,falling,47,812.0,,195.000,358.434,0.00000,9.56365,9.56365,0.000000,0.000000,0,0,7.92000,8547.864,7.191,25.000,25.000,28.000,31.000,47.000,0.000,0.000,0,0,1.0428,78,156,78,80,67
11,falling,48,829.0,,195.000,368.329,0.00000,9.70066,9.70066,0.000000,0.000000,0,0,7.92000,8547.864,7.191,25.000,25.000,28.000,31.000,47.000,0.000,0.000,0,0,1.0428,78,156,78,80,67
11,falling,49,846.0,,195.000,377.763,0.00000,9.82764,9.82764,0.000000,0.000000,0,0,7.92000,8547.864,7.191,25.000,25.000,28.000,31.000,47.000,0.000,0.000,0,0,1.0428,78,156,78,80,67
11,falling,50,862.0,,195.000,387.923,0.00000,9.96061,9.96061,0.000000,0.000000,0,0,7.92000,8547.864,7.191,25.000,25.000,28.000,31.000,47.000,0.000,0.000,0,0,1.0428,78,156,78,80,67
11,falling,51,879.0,,195.000,398.216,0.00000,10.09155,10.09155,0.000000,0.000000,0,0,7.92000,8547.864,7.191,25.000,25.000,28.000,31.000,47.000,0.000,0.000,0,0,1.0428,78,156,78,80,67
11,falling,52,895.0,,195.000,408.021,0.00000,10.21289,10.21289,0.000000,0.000000,0,0,7.92000,8547.864,7.191,25.000,25.000,28.000,31.000,47.000,0.000,0.000,0,0,1.0428,78,156,78,80,67
11,falling,53,912.0,,195.000,418.568,0.00000,10.33997,10.33997,0.000000,0.000000,0,0,7.92000,8547.864,7.191,25.000,25.000,28.000,31.000,47.000,0.000,0.000,0,0,1.0428,78,156,78,80,67
11,falling,54,929.0,,195.000,429.242,0.00000,10.46510,10.46510,0.000000,0.000000,0,0,7.92000,8547.864,7.191,25.000,25.000,28.000,31.000,47.000,0.000,0.000,0,0,1.0428,78,156,78,80,67
11,falling,55,945.0,,195.000,439.400,0.00000,10.58107,10.58107,0.000000,0.000000,0,0,7.92000,8547.864,7.191,25.000,25.000,28.000,31.000,47.000,0.000,0.000,0,0,1.0428,78,156,78,80,67
11,falling,56,962.0,,195.000,450.316,0.00000,10.70251,10.70251,0.000000,0.000000,0,0,7.92000,8547.864,7.191,25.000,25.000,28.000,31.000,47.000,0.000,0.000,0,0,1.0428,78,156,78,80,67
11,falling,57,979.0,,195.000,461.355,0.00000,10.82210,10.82210,0.000000,0.000000,0,0,7.92000,8547.864,7.191,25.000,25.000,28.000,31.000,47.000,0.000,0.000,0,0,1.0428,78,156,78,80,67
11,falling,58,996.0,,195.000,471.851,0.00000,10.93293,10.93293,0.000000,0.000000,0,0,7.92000,8547.864,7.191,25.000,25.000,28.000,31.000,47.000,0.000,0.000,0,0,1.0428,78,156,78,80,67
11,falling,59,1012.0,,195.000,483.121,0.00000,11.04899,11.04899,0.000000,0.000000,0,0,7.92000,8547.864,7.191,25.000,25.000,28.000,31.000,47.000,0.000,0.000,0,0,1.0428,78,156,78,80,67
11,post_landing,60,1029.0,60,195.000,490.035,-0.16297,-0.05083,0.17072,-0.001941,0.000000,0,1,7.92000,8547.864,7.191,25.000,25.000,28.000,31.000,47.000,0.000,0.000,0,14,1.0428,78,156,78,80,67
11,post_landing,61,1046.0,60,194.846,487.151,-0.05240,0.00000,0.05240,0.000000,-0.001836,0,1,7.92000,8547.864,7.191,25.000,20.002,28.002,31.005,45.002,0.000,0.000,0,6,1.0428,78,156,78,80,67
11,post_landing,62,1062.0,60,194.793,485.659,-0.03277,0.00000,0.03277,0.000000,-0.001836,0,1,7.92000,8547.864,7.191,25.000,20.002,28.002,31.005,45.002,0.000,0.000,0,3,1.0428,78,156,78,80,67
11,post_landing,63,1079.0,60,194.760,485.162,0.01352,0.00000,0.01352,0.000000,-0.001836,0,1,7.92000,8547.864,7.191,25.000,20.002,28.002,31.005,45.002,0.000,0.000,0,2,1.0428,78,156,78,80,67
11,post_landing,64,1096.0,60,194.773,484.663,0.04721,0.00000,0.04721,0.000000,-0.001836,0,1,7.92000,8547.864,7.191,25.000,20.002,28.002,31.005,45.002,0.000,0.000,0,1,1.0428,78,156,78,80,67
11,post_landing,65,1112.0,60,194.820,484.665,0.04243,0.00000,0.04243,0.000000,-0.001836,0,1,7.92000,8547.864,7.191,25.000,20.002,28.002,31.005,45.002,0.000,0.000,0,1,1.0428,78,156,78,80,67
11,post_landing,66,1129.0,60,194.863,484.665,0.06992,0.00000,0.06992,-0.001312,-0.001836,0,1,7.92000,8547.864,7.191,25.000,20.002,28.002,31.005,45.002,0.000,0.000,0,1,1.0428,78,156,78,80,67
11,post_landing,67,1146.0,60,194.929,484.655,0.09780,0.00000,0.09780,-0.002349,-0.003078,0,1,7.92000,8547.864,7.191,25.000,20.003,28.003,31.009,45.003,0.000,0.000,0,1,1.0428,78,156,78,80,67
11,post_landing,68,1162.0,60,195.027,484.641,-0.02969,0.00000,0.02969,0.001263,-0.005437,0,1,7.92000,8547.864,7.191,25.000,20.005,28.005,31.016,45.005,0.000,0.000,0,1,1.0428,78,156,78,80,67
11,post_landing,69,1179.0,60,194.999,484.647,-0.07351,0.00000,0.07351,0.001862,-0.004242,0,1,7.92000,8547.864,7.191,25.000,20.004,28.004,31.012,45.004,0.000,0.000,0,1,1.0428,78,156,78,80,67
11,post_landing,70,1196.0,60,194.926,484.662,-0.02785,0.00000,0.02785,0.000000,-0.002372,0,1,7.92000,8547.864,7.191,25.000,20.002,28.002,31.007,45.002,0.000,0.000,0,1,1.0428,78,156,78,80,67
11,post_landing,71,1212.0,60,194.898,484.662,0.03329,0.00000,0.03329,-0.001818,-0.002372,0,1,7.92000,8547.864,7.191,25.000,20.002,28.002,31.007,45.002,0.000,0.000,0,1,1.0428,78,156,78,80,67
11,post_landing,72,1229.0,60,194.931,484.649,0.05952,0.00000,0.05952,-0.002186,-0.004198,0,1,7.92000,8547.864,7.191,25.000,20.004,28.004,31.012,45.004,0.000,0.000,0,1,1.0428,78,156,78,80,67
11,post_landing,73,1246.0,60,194.987,484.633,0.08343,0.00000,0.08343,-0.002353,-0.006266,0,1,7.92000,8547.864,7.191,25.000,20.006,28.006,31.018,45.005,0.000,0.000,0,1,1.0428,78,156,78,80,67
11,post_landing,74,1262.0,60,195.071,484.619,-0.01940,0.00000,0.01940,0.001044,-0.008630,0,1,7.92000,8547.864,7.191,25.000,20.008,28.008,31.025,45.007,0.000,0.000,0,1,1.0428,78,156,78,80,67
11,post_landing,75,1279.0,60,195.052,484.626,-0.04422,0.00000,0.04422,0.001488,-0.007581,0,1,7.92000,8547.864,7.191,25.000,20.007,28.007,31.022,45.006,0.000,0.000,0,1,1.0428,78,156,78,80,67
11,post_landing,76,1296.0,60,195.010,484.634,-0.00844,0.00000,0.00844,0.000000,-0.006173,0,1,7.92000,8547.864,7.191,25.000,20.006,28.006,31.018,45.005,0.000,0.000,0,1,1.0428,78,156,78,80,67
11,post_landing,77,1312.0,60,195.001,484.636,0.03810,0.00000,0.03810,-0.001366,-0.006173,0,1,7.92000,8547.864,7.191,25.000,20.006,28.006,31.018,45.005,0.000,0.000,0,1,1.0428,78,156,78,80,67
11,post_landing,78,1329.0,60,195.037,484.625,0.05332,0.00000,0.05332,-0.001565,-0.007466,0,1,7.92000,8547.864,7.191,25.000,20.007,28.007,31.022,45.006,0.000,0.000,0,1,1.0428,78,156,78,80,67
11,post_landing,79,1346.0,60,195.091,484.616,-0.01739,0.00000,0.01739,0.000000,-0.009038,0,1,7.92000,8547.864,7.191,25.000,20.008,28.008,31.026,45.007,0.000,0.000,0,1,1.0428,78,156,78,80,67
11,post_landing,80,1362.0,60,195.073,484.616,-0.05120,0.00000,0.05120,0.001035,-0.009038,0,1,7.92000,8547.864,7.191,25.000,20.008,28.008,31.026,45.007,0.000,0.000,0,1,1.0428,78,156,78,80,67
11,post_landing,81,1379.0,60,195.025,484.621,-0.01278,0.00000,0.01278,0.000000,-0.008059,0,1,7.92000,8547.864,7.191,25.000,20.007,28.007,31.023,45.007,0.000,0.000,0,1,1.0428,78,156,78,80,67
11,post_landing,82,1396.0,60,195.012,484.623,0.03512,0.00000,0.03512,-0.001261,-0.008059,0,1,7.92000,8547.864,7.191,25.000,20.007,28.007,31.023,45.007,0.000,0.000,0,1,1.0428,78,156,78,80,67
11,post_landing,83,1412.0,60,195.047,484.614,0.04386,0.00000,0.04386,-0.001212,-0.009325,0,1,7.92000,8547.864,7.191,25.000,20.008,28.008,31.027,45.007,0.000,0.000,0,1,1.0428,78,156,78,80,67
11,post_landing,84,1429.0,60,195.089,484.605,0.05203,0.00000,0.05203,-0.001226,-0.010472,0,1,7.92000,8547.864,7.191,25.000,20.009,28.009,31.030,45.008,0.000,0.000,0,1,1.0428,78,156,78,80,67
11,post_landing,85,1446.0,60,195.141,484.599,-0.01612,0.00000,0.01612,0.000865,-0.011703,0,1,7.92000,8547.864,7.191,25.000,20.010,28.010,31.033,45.009,0.000,0.000,0,1,1.0428,78,156,78,80,67
11,post_landing,86,1462.0,60,195.125,484.604,-0.03856,0.00000,0.03856,0.001217,-0.010835,0,1,7.92000,8547.864,7.191,25.000,20.010,28.009,31.031,45.008,0.000,0.000,0,1,1.0428,78,156,78,80,67
11,post_landing,87,1479.0,60,195.086,484.612,-0.07684,0.00000,0.07684,0.002010,-0.009612,0,1,7.92000,8547.864,7.191,25.000,20.009,28.008,31.027,45.008,0.000,0.000,0,1,1.0428,78,156,78,80,67
11,post_landing,88,1496.0,60,195.014,484.623,-0.01099,0.00000,0.01099,0.000000,-0.007710,0,1,7.92000,8547.864,7.191,25.000,20.007,28.007,31.022,45.006,0.000,0.000,0,1,1.0428,78,156,78,80,67
11,post_landing,89,1512.0,60,195.003,484.625,0.04214,0.00000,0.04214,-0.001513,-0.007710,0,1,7.92000,8547.864,7.191,25.000,20.007,28.007,31.022,45.006,0.000,0.000,0,1,1.0428,78,156,78,80,67
11,post_landing,90,1529.0,60,195.045,484.615,0.05854,0.00000,0.05854,-0.001714,-0.009230,0,1,7.92000,8547.864,7.191,25.000,20.008,28.008,31.026,45.007,0.000,0.000,0,1,1.0428,78,156,78,80,67
11,post_landing,91,1546.0,60,195.100,484.602,0.08300,0.00000,0.08300,-0.002104,-0.010851,0,1,7.92000,8547.864,7.191,25.000,20.010,28.009,31.031,45.008,0.000,0.000,0,1,1.0428,78,156,78,80,67
11,post_landing,92,1562.0,60,195.184,484.590,-0.01539,0.00000,0.01539,0.000997,-0.012964,0,1,7.92000,8547.864,7.191,25.000,20.011,28.011,31.036,45.009,0.000,0.000,0,1,1.0428,78,156,78,80,67
11,post_landing,93,1579.0,60,195.169,484.595,-0.04000,0.00000,0.04000,0.001349,-0.012021,0,1,7.92000,8547.864,7.191,25.000,20.011,28.010,31.034,45.009,0.000,0.000,0,1,1.0428,78,156,78,80,67
11,post_landing,94,1596.0,60,195.129,484.605,-0.00581,0.00000,0.00581,0.000000,-0.010666,0,1,7.92000,8547.864,7.191,25.000,20.010,28.009,31.030,45.008,0.000,0.000,0,1,1.0428,78,156,78,80,67
11,post_landing,95,1612.0,60,195.123,484.605,0.04641,0.00000,0.04641,-0.001615,-0.010666,0,1,7.92000,8547.864,7.191,25.000,20.010,28.009,31.030,45.008,0.000,0.000,0,1,1.0428,78,156,78,80,67
11,post_landing,96,1629.0,60,195.170,484.595,0.06259,0.00000,0.06259,-0.001891,-0.012288,0,1,7.92000,8547.864,7.191,25.000,20.011,28.010,31.035,45.009,0.000,0.000,0,1,1.0428,78,156,78,80,67
11,post_landing,97,1646.0,60,195.229,484.581,0.07796,0.00000,0.07796,-0.002033,-0.014077,0,1,7.92000,8547.864,7.191,25.000,20.012,28.011,31.039,45.010,0.000,0.000,0,1,1.0428,78,156,78,80,67
11,post_landing,98,1662.0,60,195.307,484.570,-0.02648,0.00000,0.02648,0.001208,-0.016119,0,1,7.92000,8547.864,7.191,25.000,20.014,28.012,31.044,45.010,0.000,0.000,0,1,1.0428,78,156,78,80,67
11,post_landing,99,1679.0,60,195.282,484.575,-0.04353,0.00000,0.04353,0.001320,-0.014976,0,1,7.92000,8547.864,7.191,25.000,20.013,28.012,31.041,45.010,0.000,0.000,0,1,1.0428,78,156,78,80,67
11,post_landing,100,1695.0,60,195.238,484.586,0.00206,0.00000,0.00206,0.000000,-0.013650,0,1,7.92000,8547.864,7.191,25.000,20.012,28.011,31.038,45.009,0.000,0.000,0,1,1.0428,78,156,78,80,67
11,post_landing,101,1712.0,60,195.240,484.586,0.06316,0.00000,0.06316,-0.001880,-0.013650,0,1,7.92000,8547.864,7.191,25.000,20.012,28.011,31.038,45.009,0.000,0.000,0,1,1.0428,78,156,78,80,67
11,post_landing,102,1729.0,60,195.300,484.572,0.09004,0.00000,0.09004,-0.002392,-0.015429,0,1,7.92000,8547.864,7.191,25.000,20.013,28.012,31.043,45.010,0.000,0.000,0,1,1.0428,78,156,78,80,67
11,post_landing,103,1746.0,60,195.391,484.559,-0.02154,0.00000,0.02154,0.001089,-0.017832,0,1,7.92000,8547.864,7.191,25.000,20.015,28.013,31.049,45.011,0.000,0.000,0,1,1.0428,78,156,78,80,67
11,post_landing,104,1762.0,60,195.369,484.566,-0.05023,0.00000,0.05023,0.001512,-0.016738,0,1,7.92000,8547.864,7.191,25.000,20.014,28.013,31.046,45.010,0.000,0.000,0,1,1.0428,78,156,78,80,67
11,post_landing,105,1779.0,60,195.322,484.573,-0.01002,0.00000,0.01002,0.000000,-0.015307,0,1,7.92000,8547.864,7.191,25.000,20.013,28.012,31.042,45.010,0.000,0.000,0,1,1.0428,78,156,78,80,67
11,post_landing,106,1796.0,60,195.311,484.575,0.04137,0.00000,0.04137,-0.001564,-0.015307,0,1,7.92000,8547.864,7.191,25.000,20.013,28.012,31.042,45.010,0.000,0.000,0,1,1.0428,78,156,78,80,67
11,post_landing,107,1812.0,60,195.353,484.565,0.05913,0.00000,0.05913,-0.001854,-0.016878,0,1,7.92000,8547.864,7.191,25.000,20.014,28.013,31.046,45.010,0.000,0.000,0,1,1.0428,78,156,78,80,67
11,post_landing,108,1829.0,60,195.409,484.552,0.08545,0.00000,0.08545,-0.002294,-0.018632,0,1,7.92000,8547.864,7.191,25.000,20.015,28.014,31.051,45.011,0.000,0.000,0,1,1.0428,78,156,78,80,67
11,post_landing,109,1846.0,60,195.495,484.540,-0.01849,0.00000,0.01849,0.000999,-0.020936,0,1,7.92000,8547.864,7.191,25.000,20.017,28.015,31.056,45.011,0.000,0.000,0,1,1.0428,78,156,78,80,67
11,post_landing,110,1862.0,60,195.476,484.546,-0.04743,0.00000,0.04743,0.001478,-0.019932,0,1,7.92000,8547.864,7.191,25.000,20.016,28.014,31.054,45.011,0.000,0.000,0,1,1.0428,78,156,78,80,67
11,post_landing,111,1879.0,60,195.431,484.553,-0.00836,0.00000,0.00836,0.000000,-0.018534,0,1,7.92000,8547.864,7.191,25.000,20.015,28.014,31.050,45.011,0.000,0.000,0,1,1.0428,78,156,78,80,67
11,post_landing,112,1896.0,60,195.423,484.555,0.04137,0.00000,0.04137,-0.001511,-0.018534,0,1,7.92000,8547.864,7.191,25.000,20.015,28.014,31.050,45.011,0.000,0.000,0,1,1.0428,78,156,78,80,67
11,post_landing,113,1912.0,60,195.464,484.545,0.05590,0.00000,0.05590,-0.001719,-0.020052,0,1,7.92000,8547.864,7.191,25.000,20.016,28.014,31.054,45.011,0.000,0.000,0,1,1.0428,78,156,78,80,67
11,post_landing,114,1929.0,60,195.521,484.534,0.05238,0.00000,0.05238,-0.001385,-0.021778,0,1,7.92000,8547.864,7.191,25.000,20.017,28.015,31.058,45.011,0.000,0.000,0,1,1.0428,78,156,78,80,67
11,post_landing,115,1946.0,60,195.570,484.542,0.01573,0.00000,0.01573,0.001030,-0.023089,0,1,7.92000,8547.864,7.191,25.000,20.018,28.016,31.061,45.011,0.000,0.000,0,1,1.0428,78,156,78,80,67
11,post_landing,116,1962.0,60,195.586,484.553,0.09338,0.01314,0.09430,0.000000,-0.022054,0,1,7.92000,8547.864,7.191,25.000,20.017,28.015,31.059,45.011,0.000,0.000,0,1,1.0428,78,156,78,80,67
11,post_landing,117,1979.0,60,195.680,484.533,0.11672,0.00000,0.11672,-0.000925,-0.022054,0,1,7.92000,8547.864,7.191,25.000,20.017,28.015,31.059,45.011,0.000,0.000,0,1,1.0428,78,156,78,80,67
11,post_landing,118,1996.0,60,195.790,484.543,0.10008,0.00000,0.10008,0.000000,-0.022930,0,1,7.92000,8547.864,7.191,25.000,20.018,28.016,31.061,45.011,0.000,0.000,0,1,1.0428,78,156,78,80,67
11,post_landing,119,2012.0,60,195.891,484.548,0.09774,0.01368,0.09869,0.001040,-0.022930,0,1,7.92000,8547.864,7.191,25.000,20.018,28.016,31.061,45.011,0.000,0.000,0,1,1.0428,78,156,78,80,67
12,falling,0,26.0,,195.000,97.029,0.00000,0.55000,0.55000,0.000000,0.000000,0,0,3.71800,2601.283,4.837,6.000,6.000,8.000,11.000,15.000,0.000,0.000,0,0,1.1923,65,130,65,66,71
12,falling,1,34.0,,195.000,97.355,0.00000,0.67937,0.67937,0.000000,0.000000,0,0,3.71800,2601.283,4.837,6.000,6.000,8.000,11.000,15.000,0.000,0.000,0,0,1.1923,65,130,65,66,71
12,falling,2,51.0,,195.000,98.254,0.00000,0.93626,0.93626,0.000000,0.000000,0,0,3.71800,2601.283,4.837,6.000,6.000,8.000,11.000,15.000,0.000,0.000,0,0,1.1923,65,130,65,66,71
12,falling,3,67.0,,195.000,99.483,0.00000,1.20527,1.20527,0.000000,0.000000,0,0,3.71800,2601.283,4.837,6.000,6.000,8.000,11.000,15.000,0.000,0.000,0,0,1.1923,65,130,65,66,71
12,falling,4,84.0,,195.000,100.983,0.00000,1.47016,1.47016,0.000000,0.000000,0,0,3.71800,2601.283,4.837,6.000,6.000,8.000,11.000,15.000,0.000,0.000,0,0,1.1923,65,130,65,66,71
12,falling,5,101.0,,195.000,102.630,0.00000,1.71565,1.71565,0.000000,0.000000,0,0,3.71800,2601.283,4.837,6.000,6.000,8.000,11.000,15.000,0.000,0.000,0,0,1.1923,65,130,65,66,71
12,falling,6,117.0,,195.000,104.642,0.00000,1.97274,1.97274,0.000000,0.000000,0,0,3.71800,2601.283,4.837,6.000,6.000,8.000,11.000,15.000,0.000,0.000,0,0,1.1923,65,130,65,66,71
12,falling,7,134.0,,195.000,106.912,0.00000,2.22589,2.22589,0.000000,0.000000,0,0,3.71800,2601.283,4.837,6.000,6.000,8.000,11.000,15.000,0.000,0.000,0,0,1.1923,65,130,65,66,71
12,falling,8,151.0,,195.000,109.275,0.00000,2.46050,2.46050,0.000000,0.000000,0,0,3.71800,2601.283,4.837,6.000,6.000,8.000,11.000,15.000,0.000,0.000,0,0,1.1923,65,130,65,66,71
12,falling,9,168.0,,195.000,112.035,0.00000,2.70619,2.70619,0.000000,0.000000,0,0,3.71800,2601.283,4.837,6.000,6.000,8.000,11.000,15.000,0.000,0.000,0,0,1.1923,65,130,65,66,71
12,falling,10,184.0,,195.000,115.042,0.00000,2.94812,2.94812,0.000000,0.000000,0,0,3.71800,2601.283,4.837,6.000,6.000,8.000,11.000,15.000,0.000,0.000,0,0,1.1923,65,130,65,66,71
12,falling,11,201.0,,195.000,118.087,0.00000,3.17233,3.17233,0.000000,0.000000,0,0,3.71800,2601.283,4.837,6.000,6.000,8.000,11.000,15.000,0.000,0.000,0,0,1.1923,65,130,65,66,71
12,falling,12,217.0,,195.000,121.563,0.00000,3.40713,3.40713,0.000000,0.000000,0,0,3.71800,2601.283,4.837,6.000,6.000,8.000,11.000,15.000,0.000,0.000,0,0,1.1923,65,130,65,66,71
12,falling,13,234.0,,195.000,125.274,0.00000,3.63833,3.63833,0.000000,0.000000,0,0,3.71800,2601.283,4.837,6.000,6.000,8.000,11.000,15.000,0.000,0.000,0,0,1.1923,65,130,65,66,71
12,falling,14,251.0,,195.000,128.972,0.00000,3.85261,3.85261,0.000000,0.000000,0,0,3.71800,2601.283,4.837,6.000,6.000,8.000,11.000,15.000,0.000,0.000,0,0,1.1923,65,130,65,66,71
12,falling,15,267.0,,195.000,133.131,0.00000,4.07700,4.07700,0.000000,0.000000,0,0,3.71800,2601.283,4.837,6.000,6.000,8.000,11.000,15.000,0.000,0.000,0,0,1.1923,65,130,65,66,71
12,falling,16,284.0,,195.000,137.515,0.00000,4.29795,4.29795,0.000000,0.000000,0,0,3.71800,2601.283,4.837,6.000,6.000,8.000,11.000,15.000,0.000,0.000,0,0,1.1923,65,130,65,66,71
12,falling,17,301.0,,195.000,141.837,0.00000,4.50273,4.50273,0.000000,0.000000,0,0,3.71800,2601.283,4.837,6.000,6.000,8.000,11.000,15.000,0.000,0.000,0,0,1.1923,65,130,65,66,71
12,falling,18,317.0,,195.000,146.649,0.00000,4.71717,4.71717,0.000000,0.000000,0,0,3.71800,2601.283,4.837,6.000,6.000,8.000,11.000,15.000,0.000,0.000,0,0,1.1923,65,130,65,66,71
12,falling,19,334.0,,195.000,151.676,0.00000,4.92833,4.92833,0.000000,0.000000,0,0,3.71800,2601.283,4.837,6.000,6.000,8.000,11.000,15.000,0.000,0.000,0,0,1.1923,65,130,65,66,71
12,falling,20,351.0,,195.000,156.595,0.00000,5.12403,5.12403,0.000000,0.000000,0,0,3.71800,2601.283,4.837,6.000,6.000,8.000,11.000,15.000,0.000,0.000,0,0,1.1923,65,130,65,66,71
12,falling,21,367.0,,195.000,162.030,0.00000,5.32896,5.32896,0.000000,0.000000,0,0,3.71800,2601.283,4.837,6.000,6.000,8.000,11.000,15.000,0.000,0.000,0,0,1.1923,65,130,65,66,71
12,falling,22,384.0,,195.000,167.672,0.00000,5.53077,5.53077,0.000000,0.000000,0,0,3.71800,2601.283,4.837,6.000,6.000,8.000,11.000,15.000,0.000,0.000,0,0,1.1923,65,130,65,66,71
12,falling,23,401.0,,195.000,173.161,0.00000,5.71779,5.71779,0.000000,0.000000,0,0,3.71800,2601.283,4.837,6.000,6.000,8.000,11.000,15.000,0.000,0.000,0,0,1.1923,65,130,65,66,71
12,falling,24,417.0,,195.000,179.193,0.00000,5.91364,5.91364,0.000000,0.000000,0,0,3.71800,2601.283,4.837,6.000,6.000,8.000,11.000,15.000,0.000,0.000,0,0,1.1923,65,130,65,66,71
12,falling,25,434.0,,195.000,185.421,0.00000,6.10649,6.10649,0.000000,0.000000,0,0,3.71800,2601.283,4.837,6.000,6.000,8.000,11.000,15.000,0.000,0.000,0,0,1.1923,65,130,65,66,71
12,falling,26,451.0,,195.000,191.455,0.00000,6.28523,6.28523,0.000000,0.000000,0,0,3.71800,2601.283,4.837,6.000,6.000,8.000,11.000,15.000,0.000,0.000,0,0,1.1923,65,130,65,66,71
12,falling,27,467.0,,195.000,198.057,0.00000,6.47240,6.47240,0.000000,0.000000,0,0,3.71800,2601.283,4.837,6.000,6.000,8.000,11.000,15.000,0.000,0.000,0,0,1.1923,65,130,65,66,71
12,falling,28,484.0,,195.000,204.847,0.00000,6.65670,6.65670,0.000000,0.000000,0,0,3.71800,2601.283,4.837,6.000,6.000,8.000,11.000,15.000,0.000,0.000,0,0,1.1923,65,130,65,66,71
12,falling,29,501.0,,195.000,211.401,0.00000,6.82751,6.82751,0.000000,0.000000,0,0,3.71800,2601.283,4.837,6.000,6.000,8.000,11.000,15.000,0.000,0.000,0,0,1.1923,65,130,65,66,71
12,falling,30,517.0,,195.000,218.548,0.00000,7.00639,7.00639,0.000000,0.000000,0,0,3.71800,2601.283,4.837,6.000,6.000,8.000,11.000,15.000,0.000,0.000,0,0,1.1923,65,130,65,66,71
12,falling,31,534.0,,195.000,225.874,0.00000,7.18252,7.18252,0.000000,0.000000,0,0,3.71800,2601.283,4.837,6.000,6.000,8.000,11.000,15.000,0.000,0.000,0,0,1.1923,65,130,65,66,71
12,falling,32,551.0,,195.000,232.926,0.00000,7.34576,7.34576,0.000000,0.000000,0,0,3.71800,2601.283,4.837,6.000,6.000,8.000,11.000,15.000,0.000,0.000,0,0,1.1923,65,130,65,66,71
12,falling,33,567.0,,195.000,240.593,0.00000,7.51670,7.51670,0.000000,0.000000,0,0,3.71800,2601.283,4.837,6.000,6.000,8.000,11.000,15.000,0.000,0.000,0,0,1.1923,65,130,65,66,71
12,falling,34,584.0,,195.000,248.432,0.00000,7.68503,7.68503,0.000000,0.000000,0,0,3.71800,2601.283,4.837,6.000,6.000,8.000,11.000,15.000,0.000,0.000,0,0,1.1923,65,130,65,66,71
12,falling,35,601.0,,195.000,255.959,0.00000,7.84103,7.84103,0.000000,0.000000,0,0,3.71800,2601.283,4.837,6.000,6.000,8.000,11.000,15.000,0.000,0.000,0,0,1.1923,65,130,65,66,71
12,falling,36,617.0,,195.000,264.124,0.00000,8.00440,8.00440,0.000000,0.000000,0,0,3.71800,2601.283,4.837,6.000,6.000,8.000,11.000,15.000,0.000,0.000,0,0,1.1923,65,130,65,66,71
12,falling,37,634.0,,195.000,272.452,0.00000,8.16526,8.16526,0.000000,0.000000,0,0,3.71800,2601.283,4.837,6.000,6.000,8.000,11.000,15.000,0.000,0.000,0,0,1.1923,65,130,65,66,71
12,falling,38,651.0,,195.000,280.434,0.00000,8.31435,8.31435,0.000000,0.000000,0,0,3.71800,2601.283,4.837,6.000,6.000,8.000,11.000,15.000,0.000,0.000,0,0,1.1923,65,130,65,66,71
12,falling,39,667.0,,195.000,289.074,0.00000,8.47047,8.47047,0.000000,0.000000,0,0,3.71800,2601.283,4.837,6.000,6.000,8.000,11.000,15.000,0.000,0.000,0,0,1.1923,65,130,65,66,71
12,falling,40,684.0,,195.000,297.870,0.00000,8.62421,8.62421,0.000000,0.000000,0,0,3.71800,2601.283,4.837,6.000,6.000,8.000,11.000,15.000,0.000,0.000,0,0,1.1923,65,130,65,66,71
12,falling,41,701.0,,195.000,306.286,0.00000,8.76669,8.76669,0.000000,0.000000,0,0,3.71800,2601.283,4.837,6.000,6.000,8.000,11.000,15.000,0.000,0.000,0,0,1.1923,65,130,65,66,71
12,falling,42,717.0,,195.000,315.381,0.00000,8.91589,8.91589,0.000000,0.000000,0,0,3.71800,2601.283,4.837,6.000,6.000,8.000,11.000,15.000,0.000,0.000,0,0,1.1923,65,130,65,66,71
12,falling,43,734.0,,195.000,324.625,0.00000,9.06281,9.06281,0.000000,0.000000,0,0,3.71800,2601.283,4.837,6.000,6.000,8.000,11.000,15.000,0.000,0.000,0,0,1.1923,65,130,65,66,71
12,falling,44,751.0,,195.000,333.456,0.00000,9.19897,9.19897,0.000000,0.000000,0,0,3.71800,2601.283,4.837,6.000,6.000,8.000,11.000,15.000,0.000,0.000,0,0,1.1923,65,130,65,66,71
12,falling,45,767.0,,195.000,342.984,0.00000,9.34156,9.34156,0.000000,0.000000,0,0,3.71800,2601.283,4.837,6.000,6.000,8.000,11.000,15.000,0.000,0.000,0,0,1.1923,65,130,65,66,71
12,falling,46,784.0,,195.000,352.656,0.00000,9.48197,9.48197,0.000000,0.000000,0,0,3.71800,2601.283,4.837,6.000,6.000,8.000,11.000,15.000,0.000,0.000,0,0,1.1923,65,130,65,66,71
12,falling,47,801.0,,195.000,361.883,0.00000,9.61210,9.61210,0.000000,0.000000,0,0,3.71800,2601.283,4.837,6.000,6.000,8.000,11.000,15.000,0.000,0.000,0,0,1.1923,65,130,65,66,71
12,falling,48,817.0,,195.000,371.827,0.00000,9.74836,9.74836,0.000000,0.000000,0,0,3.71800,2601.283,4.837,6.000,6.000,8.000,11.000,15.000,0.000,0.000,0,0,1.1923,65,130,65,66,71
12,falling,49,834.0,,195.000,381.907,0.00000,9.88255,9.88255,0.000000,0.000000,0,0,3.71800,2601.283,4.837,6.000,6.000,8.000,11.000,15.000,0.000,0.000,0,0,1.1923,65,130,65,66,71
12,falling,50,851.0,,195.000,391.514,0.00000,10.00691,10.00691,0.000000,0.000000,0,0,3.71800,2601.283,4.837,6.000,6.000,8.000,11.000,15.000,0.000,0.000,0,0,1.1923,65,130,65,66,71
12,falling,51,867.0,,195.000,401.853,0.00000,10.13713,10.13713,0.000000,0.000000,0,0,3.71800,2601.283,4.837,6.000,6.000,8.000,11.000,15.000,0.000,0.000,0,0,1.1923,65,130,65,66,71
12,falling,52,884.0,,195.000,412.324,0.00000,10.26537,10.26537,0.000000,0.000000,0,0,3.71800,2601.283,4.837,6.000,6.000,8.000,11.000,15.000,0.000,0.000,0,0,1.1923,65,130,65,66,71
12,falling,53,901.0,,195.000,422.293,0.00000,10.38421,10.38421,0.000000,0.000000,0,0,3.71800,2601.283,4.837,6.000,6.000,8.000,11.000,15.000,0.000,0.000,0,0,1.1923,65,130,65,66,71
12,falling,54,917.0,,195.000,433.012,0.00000,10.50867,10.50867,0.000000,0.000000,0,0,3.71800,2601.283,4.837,6.000,6.000,8.000,11.000,15.000,0.000,0.000,0,0,1.1923,65,130,65,66,71
12,falling,55,934.0,,195.000,443.856,0.00000,10.63122,10.63122,0.000000,0.000000,0,0,3.71800,2601.283,4.837,6.000,6.000,8.000,11.000,15.000,0.000,0.000,0,0,1.1923,65,130,65,66,71
12,falling,56,951.0,,195.000,454.171,0.00000,10.74480,10.74480,0.000000,0.000000,0,0,3.71800,2601.283,4.837,6.000,6.000,8.000,11.000,15.000,0.000,0.000,0,0,1.1923,65,130,65,66,71
12,falling,57,967.0,,195.000,465.252,0.00000,10.86373,10.86373,0.000000,0.000000,0,0,3.71800,2601.283,4.837,6.000,6.000,8.000,11.000,15.000,0.000,0.000,0,0,1.1923,65,130,65,66,71
12,falling,58,984.0,,195.000,476.452,0.00000,10.98085,10.98085,0.000000,0.000000,0,0,3.71800,2601.283,4.837,6.000,6.000,8.000,11.000,15.000,0.000,0.000,0,0,1.1923,65,130,65,66,71
12,falling,59,1001.0,,195.000,487.098,0.00000,11.08940,11.08940,0.000000,0.000000,0,0,3.71800,2601.283,4.837,6.000,6.000,8.000,11.000,15.000,0.000,0.000,0,0,1.1923,65,130,65,66,71
12,post_landing,60,1018.0,60,195.000,495.049,2.36977,0.29387,2.38793,0.035332,0.000000,0,1,3.71800,2601.283,4.837,6.000,6.000,8.000,11.000,15.000,0.000,0.000,0,8,1.1923,65,130,65,66,71
12,post_landing,61,1034.0,60,197.380,493.554,1.61588,0.21763,1.63047,0.024605,0.035487,0,1,3.71800,2601.283,4.837,6.000,5.032,8.030,11.029,15.097,0.000,0.000,0,4,1.1923,65,130,65,66,71
12,post_landing,62,1051.0,60,198.909,492.992,1.10473,0.18284,1.11975,0.017281,0.058768,0,1,3.71800,2601.283,4.837,6.000,5.050,8.045,11.040,15.150,0.000,0.000,0,2,1.1923,65,130,65,66,71
12,post_landing,63,1067.0,60,200.019,492.831,0.75300,0.17608,0.77332,0.011977,0.076125,0,1,3.71800,2601.283,4.837,6.000,5.062,8.053,11.044,15.185,0.000,0.000,0,1,1.1923,65,130,65,66,71
12,post_landing,64,1084.0,60,200.775,493.066,0.55981,0.14252,0.57766,0.008302,0.088155,0,1,3.71800,2601.283,4.837,6.000,5.069,8.057,11.045,15.206,0.000,0.000,0,1,1.1923,65,130,65,66,71
12,post_landing,65,1101.0,60,201.305,493.209,0.41511,0.11130,0.42977,0.006546,0.096011,0,1,3.71800,2601.283,4.837,6.000,5.073,8.059,11.045,15.219,0.000,0.000,0,1,1.1923,65,130,65,66,71
12,post_landing,66,1117.0,60,201.722,493.335,0.33431,0.18665,0.38288,0.009867,0.102585,0,1,3.71800,2601.283,4.837,6.000,5.076,8.060,11.045,15.228,0.000,0.000,0,1,1.1923,65,130,65,66,71
12,post_landing,67,1134.0,60,202.057,493.523,0.32115,0.19459,0.37550,0.011792,0.112496,0,1,3.71800,2601.283,4.837,6.000,5.081,8.062,11.043,16.348,0.000,0.000,0,1,1.1923,65,130,65,66,71
12,post_landing,68,1151.0,60,202.361,493.730,0.31451,0.20252,0.37407,0.012780,0.123653,0,1,3.71800,2601.283,4.837,6.000,5.085,8.062,11.039,16.371,0.000,0.000,0,1,1.1923,65,130,65,66,71
12,post_landing,69,1167.0,60,202.677,493.981,0.31172,0.21352,0.37784,0.013720,0.136489,0,1,3.71800,2601.283,4.837,6.000,5.090,8.062,11.034,16.395,0.000,0.000,0,1,1.1923,65,130,65,66,71
12,post_landing,70,1184.0,60,202.990,494.253,0.31058,0.22495,0.38349,0.014404,0.150269,0,1,3.71800,2601.283,4.837,6.000,5.093,8.060,11.026,16.419,0.000,0.000,0,1,1.1923,65,130,65,66,71
12,post_landing,71,1201.0,60,203.284,494.524,0.30913,0.23386,0.38763,0.014674,0.163898,0,1,3.71800,2601.283,4.837,6.000,5.096,8.056,12.166,16.438,0.000,0.000,0,1,1.1923,65,130,65,66,71
12,post_landing,72,1217.0,60,203.595,494.829,0.30757,0.24572,0.39367,0.015191,0.178636,0,1,3.71800,2601.283,4.837,6.000,5.098,8.050,11.536,52.143,0.000,0.000,0,1,1.1923,65,130,65,66,71
12,post_landing,73,1234.0,60,203.903,495.149,0.30555,0.25755,0.39962,0.015619,0.193894,0,1,3.71800,2601.283,4.837,6.000,5.099,8.043,11.565,52.164,0.000,0.000,0,1,1.1923,65,130,65,66,71
12,post_landing,74,1251.0,60,204.193,495.459,0.30231,0.26610,0.40274,0.015722,0.208672,0,1,3.71800,2601.283,4.837,6.000,5.099,7.262,11.590,53.358,0.000,0.000,0,1,1.1923,65,130,65,66,71
12,post_landing,75,1267.0,60,204.496,495.806,0.29820,0.27821,0.40783,0.016132,0.224464,0,1,3.71800,2601.283,4.837,6.000,5.097,7.270,11.614,54.564,0.000,0.000,0,1,1.1923,65,130,65,66,71
12,post_landing,76,1284.0,60,204.796,496.164,0.29324,0.29017,0.41254,0.016489,0.240666,0,1,3.71800,2601.283,4.837,6.000,5.094,8.484,11.636,54.571,0.000,0.000,0,1,1.1923,65,130,65,66,71
12,post_landing,77,1301.0,60,205.073,496.511,0.28707,0.29823,0.41395,0.016536,0.256267,0,1,3.71800,2601.283,4.837,6.000,1.221,8.499,11.655,58.227,0.000,0.000,0,1,1.1923,65,130,65,66,71
12,post_landing,78,1317.0,60,205.362,496.895,0.27978,0.31055,0.41799,0.016903,0.272876,0,1,3.71800,2601.283,4.837,6.000,1.233,8.513,51.230,60.436,0.000,0.000,0,1,1.1923,65,130,65,66,71
12,post_landing,79,1334.0,60,205.643,497.290,0.27149,0.32264,0.42166,0.017228,0.289853,0,1,3.71800,2601.283,4.837,6.000,1.244,8.524,52.487,60.439,0.000,0.000,0,1,1.1923,65,130,65,66,71
12,post_landing,80,1351.0,60,205.899,497.672,0.26209,0.33018,0.42156,0.017248,0.306154,0,1,3.71800,2601.283,4.837,6.000,1.255,50.590,53.752,61.029,0.000,0.000,0,1,1.1923,65,130,65,66,71
12,post_landing,81,1367.0,60,206.163,498.093,0.25138,0.34267,0.42499,0.017588,0.323478,0,1,3.71800,2601.283,4.837,6.000,3.480,51.862,53.759,61.349,0.000,0.000,0,1,1.1923,65,130,65,66,71
12,post_landing,82,1384.0,60,206.415,498.526,0.23951,0.35482,0.42810,0.017892,0.341143,0,1,3.71800,2601.283,4.837,6.000,48.094,53.141,59.799,62.626,0.000,0.000,0,1,1.1923,65,130,65,66,71
12,post_landing,83,1401.0,60,206.642,498.855,0.04270,-0.02462,0.04929,0.001609,0.358072,0,1,3.71800,2601.283,4.837,6.000,48.104,53.137,59.808,62.968,0.000,0.000,0,3,1.1923,65,130,65,66,71
12,post_landing,84,1417.0,60,206.685,498.847,-0.00019,0.00000,0.00019,0.000000,0.359688,0,1,3.71800,2601.283,4.837,6.000,48.104,53.136,59.808,62.968,0.000,0.000,0,3,1.1923,65,130,65,66,71
12,post_landing,85,1434.0,60,206.684,498.848,-0.00005,0.00000,0.00005,0.000000,0.359688,0,1,3.71800,2601.283,4.837,6.000,48.104,53.136,59.808,62.968,0.000,0.000,0,3,1.1923,65,130,65,66,71
12,post_landing,86,1451.0,60,206.684,498.844,-0.00000,0.00000,0.00000,0.000000,0.359688,0,1,3.71800,2601.283,4.837,6.000,48.104,53.136,59.808,62.968,0.000,0.000,0,3,1.1923,65,130,65,66,71
12,post_landing,87,1467.0,60,206.684,498.848,0.00000,0.00000,0.00000,0.000000,0.359688,0,1,3.71800,2601.283,4.837,6.000,48.104,53.136,59.808,62.968,0.000,0.000,0,3,1.1923,65,130,65,66,71
12,post_landing,88,1484.0,60,206.684,498.848,0.00000,0.00000,0.00000,0.000000,0.359688,0,1,3.71800,2601.283,4.837,6.000,48.104,53.136,59.808,62.968,0.000,0.000,0,3,1.1923,65,130,65,66,71
12,post_landing,89,1501.0,60,206.684,498.844,-0.00000,0.00000,0.00000,0.000000,0.359688,0,1,3.71800,2601.283,4.837,6.000,48.104,53.136,59.808,62.968,0.000,0.000,0,3,1.1923,65,130,65,66,71
12,post_landing,90,1517.0,60,206.684,498.848,0.00000,0.00000,0.00000,0.000000,0.359688,0,1,3.71800,2601.283,4.837,6.000,48.104,53.136,59.808,62.968,0.000,0.000,0,3,1.1923,65,130,65,66,71
12,post_landing,91,1534.0,60,206.684,498.848,0.00000,0.00000,0.00000,0.000000,0.359688,0,1,3.71800,2601.283,4.837,6.000,48.104,53.136,59.808,62.968,0.000,0.000,0,3,1.1923,65,130,65,66,71
12,post_landing,92,1551.0,60,206.684,498.844,-0.00000,0.00000,0.00000,0.000000,0.359688,0,1,3.71800,2601.283,4.837,6.000,48.104,53.136,59.808,62.968,0.000,0.000,0,3,1.1923,65,130,65,66,71
12,post_landing,93,1567.0,60,206.684,498.848,0.00000,0.00000,0.00000,0.000000,0.359688,0,1,3.71800,2601.283,4.837,6.000,48.104,53.136,59.808,62.968,0.000,0.000,0,3,1.1923,65,130,65,66,71
12,post_landing,94,1584.0,60,206.684,498.848,0.00000,0.00000,0.00000,0.000000,0.359688,0,1,3.71800,2601.283,4.837,6.000,48.104,53.136,59.808,62.968,0.000,0.000,0,3,1.1923,65,130,65,66,71
12,post_landing,95,1601.0,60,206.684,498.844,-0.00000,0.00000,0.00000,0.000000,0.359688,0,1,3.71800,2601.283,4.837,6.000,48.104,53.136,59.808,62.968,0.000,0.000,0,3,1.1923,65,130,65,66,71
12,post_landing,96,1617.0,60,206.684,498.848,0.00000,0.00000,0.00000,0.000000,0.359688,0,1,3.71800,2601.283,4.837,6.000,48.104,53.136,59.808,62.968,0.000,0.000,0,3,1.1923,65,130,65,66,71
12,post_landing,97,1634.0,60,206.684,498.848,0.00000,0.00000,0.00000,0.000000,0.359688,0,1,3.71800,2601.283,4.837,6.000,48.104,53.136,59.808,62.968,0.000,0.000,0,3,1.1923,65,130,65,66,71
12,post_landing,98,1651.0,60,206.684,498.844,-0.00000,0.00000,0.00000,0.000000,0.359688,0,1,3.71800,2601.283,4.837,6.000,48.104,53.136,59.808,62.968,0.000,0.000,0,3,1.1923,65,130,65,66,71
12,post_landing,99,1667.0,60,206.684,498.848,0.00000,0.00000,0.00000,0.000000,0.359688,0,1,3.71800,2601.283,4.837,6.000,48.104,53.136,59.808,62.968,0.000,0.000,0,3,1.1923,65,130,65,66,71
12,post_landing,100,1684.0,60,206.684,498.848,0.00000,0.00000,0.00000,0.000000,0.359688,0,1,3.71800,2601.283,4.837,6.000,48.104,53.136,59.808,62.968,0.000,0.000,0,3,1.1923,65,130,65,66,71
12,post_landing,101,1701.0,60,206.684,498.844,-0.00000,0.00000,0.00000,0.000000,0.359688,0,1,3.71800,2601.283,4.837,6.000,48.104,53.136,59.808,62.968,0.000,0.000,0,3,1.1923,65,130,65,66,71
12,post_landing,102,1717.0,60,206.684,498.848,0.00000,0.00000,0.00000,0.000000,0.359688,0,1,3.71800,2601.283,4.837,6.000,48.104,53.136,59.808,62.968,0.000,0.000,0,3,1.1923,65,130,65,66,71
12,post_landing,103,1734.0,60,206.684,498.848,0.00000,0.00000,0.00000,0.000000,0.359688,0,1,3.71800,2601.283,4.837,6.000,48.104,53.136,59.808,62.968,0.000,0.000,0,3,1.1923,65,130,65,66,71
12,post_landing,104,1751.0,60,206.684,498.844,-0.00000,0.00000,0.00000,0.000000,0.359688,0,1,3.71800,2601.283,4.837,6.000,48.104,53.136,59.808,62.968,0.000,0.000,0,3,1.1923,65,130,65,66,71
12,post_landing,105,1767.0,60,206.684,498.848,0.00000,0.00000,0.00000,0.000000,0.359688,0,1,3.71800,2601.283,4.837,6.000,48.104,53.136,59.808,62.968,0.000,0.000,0,3,1.1923,65,130,65,66,71
12,post_landing,106,1784.0,60,206.684,498.848,0.00000,0.00000,0.00000,0.000000,0.359688,0,1,3.71800,2601.283,4.837,6.000,48.104,53.136,59.808,62.968,0.000,0.000,0,3,1.1923,65,130,65,66,71
12,post_landing,107,1801.0,60,206.684,498.844,-0.00000,0.00000,0.00000,0.000000,0.359688,0,1,3.71800,2601.283,4.837,6.000,48.104,53.136,59.808,62.968,0.000,0.000,0,3,1.1923,65,130,65,66,71
12,post_landing,108,1817.0,60,206.684,498.848,0.00000,0.00000,0.00000,0.000000,0.359688,0,1,3.71800,2601.283,4.837,6.000,48.104,53.136,59.808,62.968,0.000,0.000,0,3,1.1923,65,130,65,66,71
12,post_landing,109,1834.0,60,206.684,498.848,0.00000,0.00000,0.00000,0.000000,0.359688,0,1,3.71800,2601.283,4.837,6.000,48.104,53.136,59.808,62.968,0.000,0.000,0,3,1.1923,65,130,65,66,71
12,post_landing,110,1851.0,60,206.684,498.844,-0.00000,0.00000,0.00000,0.000000,0.359688,0,1,3.71800,2601.283,4.837,6.000,48.104,53.136,59.808,62.968,0.000,0.000,0,3,1.1923,65,130,65,66,71
12,post_landing,111,1867.0,60,206.684,498.848,0.00000,0.00000,0.00000,0.000000,0.359688,0,1,3.71800,2601.283,4.837,6.000,48.104,53.136,59.808,62.968,0.000,0.000,0,3,1.1923,65,130,65,66,71
12,post_landing,112,1884.0,60,206.684,498.848,0.00000,0.00000,0.00000,0.000000,0.359688,0,1,3.71800,2601.283,4.837,6.000,48.104,53.136,59.808,62.968,0.000,0.000,0,3,1.1923,65,130,65,66,71
12,post_landing,113,1901.0,60,206.684,498.844,-0.00000,0.00000,0.00000,0.000000,0.359688,0,1,3.71800,2601.283,4.837,6.000,48.104,53.136,59.808,62.968,0.000,0.000,0,3,1.1923,65,130,65,66,71
12,post_landing,114,1917.0,60,206.684,498.848,0.00000,0.00000,0.00000,0.000000,0.359688,0,1,3.71800,2601.283,4.837,6.000,48.104,53.136,59.808,62.968,0.000,0.000,0,3,1.1923,65,130,65,66,71
12,post_landing,115,1934.0,60,206.684,498.848,0.00000,0.00000,0.00000,0.000000,0.359688,0,1,3.71800,2601.283,4.837,6.000,48.104,53.136,59.808,62.968,0.000,0.000,0,3,1.1923,65,130,65,66,71
12,post_landing,116,1951.0,60,206.684,498.844,-0.00000,0.00000,0.00000,0.000000,0.359688,0,1,3.71800,2601.283,4.837,6.000,48.104,53.136,59.808,62.968,0.000,0.000,0,3,1.1923,65,130,65,66,71
12,post_landing,117,1967.0,60,206.684,498.848,0.00000,0.00000,0.00000,0.000000,0.359688,0,1,3.71800,2601.283,4.837,6.000,48.104,53.136,59.808,62.968,0.000,0.000,0,3,1.1923,65,130,65,66,71
12,post_landing,118,1984.0,60,206.684,498.848,0.00000,0.00000,0.00000,0.000000,0.359688,0,1,3.71800,2601.283,4.837,6.000,48.104,53.136,59.808,62.968,0.000,0.000,0,3,1.1923,65,130,65,66,71
12,post_landing,119,2001.0,60,206.684,498.844,-0.00000,0.00000,0.00000,0.000000,0.359688,0,1,3.71800,2601.283,4.837,6.000,48.104,53.136,59.808,62.968,0.000,0.000,0,3,1.1923,65,130,65,66,71
13,falling,0,17.0,,195.000,96.901,0.00000,0.51667,0.51667,0.000000,0.000000,0,0,4.53600,3981.248,4.575,14.000,14.000,25.000,41.000,75.000,0.000,0.000,0,0,1.6000,57,114,57,60,65
13,falling,1,20.0,,195.000,97.003,0.00000,0.56527,0.56527,0.000000,0.000000,0,0,4.53600,3981.248,4.575,14.000,14.000,25.000,41.000,75.000,0.000,0.000,0,0,1.6000,57,114,57,60,65
13,falling,2,36.0,,195.000,97.794,0.00000,0.82380,0.82380,0.000000,0.000000,0,0,4.53600,3981.248,4.575,14.000,14.000,25.000,41.000,75.000,0.000,0.000,0,0,1.6000,57,114,57,60,65
13,falling,3,53.0,,195.000,98.910,0.00000,1.09453,1.09453,0.000000,0.000000,0,0,4.53600,3981.248,4.575,14.000,14.000,25.000,41.000,75.000,0.000,0.000,0,0,1.6000,57,114,57,60,65
13,falling,4,70.0,,195.000,100.298,0.00000,1.36111,1.36111,0.000000,0.000000,0,0,4.53600,3981.248,4.575,14.000,14.000,25.000,41.000,75.000,0.000,0.000,0,0,1.6000,57,114,57,60,65
13,falling,5,87.0,,195.000,101.842,0.00000,1.60818,1.60818,0.000000,0.000000,0,0,4.53600,3981.248,4.575,14.000,14.000,25.000,41.000,75.000,0.000,0.000,0,0,1.6000,57,114,57,60,65
13,falling,6,103.0,,195.000,103.746,0.00000,1.86691,1.86691,0.000000,0.000000,0,0,4.53600,3981.248,4.575,14.000,14.000,25.000,41.000,75.000,0.000,0.000,0,0,1.6000,57,114,57,60,65
13,falling,7,120.0,,195.000,105.911,0.00000,2.12168,2.12168,0.000000,0.000000,0,0,4.53600,3981.248,4.575,14.000,14.000,14.000,27.000,72.000,0.000,0.000,0,0,1.6000,57,114,57,60,65
13,falling,8,137.0,,195.000,108.174,0.00000,2.35779,2.35779,0.000000,0.000000,0,0,4.53600,3981.248,4.575,14.000,14.000,14.000,27.000,72.000,0.000,0.000,0,0,1.6000,57,114,57,60,65
13,falling,9,153.0,,195.000,110.831,0.00000,2.60505,2.60505,0.000000,0.000000,0,0,4.53600,3981.248,4.575,14.000,14.000,14.000,27.000,72.000,0.000,0.000,0,0,1.6000,57,114,57,60,65
13,falling,10,170.0,,195.000,113.737,0.00000,2.84853,2.84853,0.000000,0.000000,0,0,4.53600,3981.248,4.575,14.000,14.000,14.000,27.000,72.000,0.000,0.000,0,0,1.6000,57,114,57,60,65
13,falling,11,186.0,,195.000,116.688,0.00000,3.07418,3.07418,0.000000,0.000000,0,0,4.53600,3981.248,4.575,14.000,14.000,14.000,27.000,72.000,0.000,0.000,0,0,1.6000,57,114,57,60,65
13,falling,12,203.0,,195.000,120.065,0.00000,3.31047,3.31047,0.000000,0.000000,0,0,4.53600,3981.248,4.575,14.000,14.000,14.000,27.000,72.000,0.000,0.000,0,0,1.6000,57,114,57,60,65
13,falling,13,220.0,,195.000,123.679,0.00000,3.54316,3.54316,0.000000,0.000000,0,0,4.53600,3981.248,4.575,14.000,14.000,14.000,27.000,72.000,0.000,0.000,0,0,1.6000,57,114,57,60,65
13,falling,14,236.0,,195.000,127.287,0.00000,3.75880,3.75880,0.000000,0.000000,0,0,4.53600,3981.248,4.575,14.000,14.000,14.000,27.000,72.000,0.000,0.000,0,0,1.6000,57,114,57,60,65
13,falling,15,253.0,,195.000,131.351,0.00000,3.98463,3.98463,0.000000,0.000000,0,0,4.53600,3981.248,4.575,14.000,14.000,14.000,27.000,72.000,0.000,0.000,0,0,1.6000,57,114,57,60,65
13,falling,16,270.0,,195.000,135.643,0.00000,4.20700,4.20700,0.000000,0.000000,0,0,4.53600,3981.248,4.575,14.000,14.000,14.000,27.000,72.000,0.000,0.000,0,0,1.6000,57,114,57,60,65
13,falling,17,286.0,,195.000,139.879,0.00000,4.41308,4.41308,0.000000,0.000000,0,0,4.53600,3981.248,4.575,14.000,14.000,14.000,27.000,72.000,0.000,0.000,0,0,1.6000,57,114,57,60,65
13,falling,18,303.0,,195.000,144.601,0.00000,4.62889,4.62889,0.000000,0.000000,0,0,4.53600,3981.248,4.575,14.000,14.000,14.000,27.000,72.000,0.000,0.000,0,0,1.6000,57,114,57,60,65
13,falling,19,320.0,,195.000,149.539,0.00000,4.84141,4.84141,0.000000,0.000000,0,0,4.53600,3981.248,4.575,14.000,14.000,14.000,27.000,72.000,0.000,0.000,0,0,1.6000,57,114,57,60,65
13,falling,20,336.0,,195.000,154.376,0.00000,5.03836,5.03836,0.000000,0.000000,0,0,4.53600,3981.248,4.575,14.000,14.000,14.000,27.000,72.000,0.000,0.000,0,0,1.6000,57,114,57,60,65
13,falling,21,353.0,,195.000,159.725,0.00000,5.24460,5.24460,0.000000,0.000000,0,0,4.53600,3981.248,4.575,14.000,14.000,14.000,27.000,72.000,0.000,0.000,0,0,1.6000,57,114,57,60,65
13,falling,22,370.0,,195.000,165.282,0.00000,5.44769,5.44769,0.000000,0.000000,0,0,4.53600,3981.248,4.575,14.000,14.000,14.000,27.000,72.000,0.000,0.000,0,0,1.6000,57,114,57,60,65
13,falling,23,386.0,,195.000,170.692,0.00000,5.63591,5.63591,0.000000,0.000000,0,0,4.53600,3981.248,4.575,14.000,14.000,14.000,27.000,72.000,0.000,0.000,0,0,1.6000,57,114,57,60,65
13,falling,24,403.0,,195.000,176.642,0.00000,5.83302,5.83302,0.000000,0.000000,0,0,4.53600,3981.248,4.575,14.000,14.000,14.000,27.000,72.000,0.000,0.000,0,0,1.6000,57,114,57,60,65
13,falling,25,420.0,,195.000,182.790,0.00000,6.02711,6.02711,0.000000,0.000000,0,0,4.53600,3981.248,4.575,14.000,14.000,14.000,27.000,72.000,0.000,0.000,0,0,1.6000,57,114,57,60,65
13,falling,26,436.0,,195.000,188.748,0.00000,6.20698,6.20698,0.000000,0.000000,0,0,4.53600,3981.248,4.575,14.000,14.000,14.000,27.000,72.000,0.000,0.000,0,0,1.6000,57,114,57,60,65
13,falling,27,453.0,,195.000,195.272,0.00000,6.39535,6.39535,0.000000,0.000000,0,0,4.53600,3981.248,4.575,14.000,14.000,14.000,27.000,72.000,0.000,0.000,0,0,1.6000,57,114,57,60,65
13,falling,28,470.0,,195.000,201.984,0.00000,6.58083,6.58083,0.000000,0.000000,0,0,4.53600,3981.248,4.575,14.000,14.000,14.000,27.000,72.000,0.000,0.000,0,0,1.6000,57,114,57,60,65
13,falling,29,487.0,,195.000,208.467,0.00000,6.75274,6.75274,0.000000,0.000000,0,0,4.53600,3981.248,4.575,14.000,14.000,14.000,27.000,72.000,0.000,0.000,0,0,1.6000,57,114,57,60,65
13,falling,30,503.0,,195.000,215.538,0.00000,6.93275,6.93275,0.000000,0.000000,0,0,4.53600,3981.248,4.575,14.000,14.000,14.000,27.000,72.000,0.000,0.000,0,0,1.6000,57,114,57,60,65
13,falling,31,520.0,,195.000,222.790,0.00000,7.11001,7.11001,0.000000,0.000000,0,0,4.53600,3981.248,4.575,14.000,14.000,14.000,27.000,72.000,0.000,0.000,0,0,1.6000,57,114,57,60,65
13,falling,32,536.0,,195.000,229.774,0.00000,7.27430,7.27430,0.000000,0.000000,0,0,4.53600,3981.248,4.575,14.000,14.000,14.000,27.000,72.000,0.000,0.000,0,0,1.6000,57,114,57,60,65
13,falling,33,553.0,,195.000,237.369,0.00000,7.44633,7.44633,0.000000,0.000000,0,0,4.53600,3981.248,4.575,14.000,14.000,25.000,41.000,72.000,0.000,0.000,0,0,1.6000,57,114,57,60,65
13,falling,34,570.0,,195.000,244.670,0.00000,7.60577,7.60577,0.000000,0.000000,0,0,4.53600,3981.248,4.575,14.000,14.000,25.000,41.000,72.000,0.000,0.000,0,0,1.6000,57,114,57,60,65
13,falling,35,586.0,,195.000,252.599,0.00000,7.77274,7.77274,0.000000,0.000000,0,0,4.53600,3981.248,4.575,14.000,14.000,25.000,41.000,72.000,0.000,0.000,0,0,1.6000,57,114,57,60,65
13,falling,36,603.0,,195.000,260.694,0.00000,7.93715,7.93715,0.000000,0.000000,0,0,4.53600,3981.248,4.575,14.000,14.000,25.000,41.000,72.000,0.000,0.000,0,0,1.6000,57,114,57,60,65
13,falling,37,620.0,,195.000,268.955,0.00000,8.09904,8.09904,0.000000,0.000000,0,0,4.53600,3981.248,4.575,14.000,14.000,25.000,41.000,72.000,0.000,0.000,0,0,1.6000,57,114,57,60,65
13,falling,38,636.0,,195.000,276.875,0.00000,8.24908,8.24908,0.000000,0.000000,0,0,4.53600,3981.248,4.575,14.000,14.000,25.000,41.000,72.000,0.000,0.000,0,0,1.6000,57,114,57,60,65
13,falling,39,653.0,,195.000,285.449,0.00000,8.40621,8.40621,0.000000,0.000000,0,0,4.53600,3981.248,4.575,14.000,14.000,25.000,41.000,72.000,0.000,0.000,0,0,1.6000,57,114,57,60,65
13,falling,40,670.0,,195.000,293.659,0.00000,8.55182,8.55182,0.000000,0.000000,0,0,4.53600,3981.248,4.575,14.000,14.000,25.000,41.000,72.000,0.000,0.000,0,0,1.6000,57,114,57,60,65
13,falling,41,686.0,,195.000,302.537,0.00000,8.70431,8.70431,0.000000,0.000000,0,0,4.53600,3981.248,4.575,14.000,14.000,25.000,41.000,72.000,0.000,0.000,0,0,1.6000,57,114,57,60,65
13,falling,42,703.0,,195.000,311.569,0.00000,8.85447,8.85447,0.000000,0.000000,0,0,4.53600,3981.248,4.575,14.000,14.000,25.000,41.000,72.000,0.000,0.000,0,0,1.6000,57,114,57,60,65
13,falling,43,720.0,,195.000,320.202,0.00000,8.99363,8.99363,0.000000,0.000000,0,0,4.53600,3981.248,4.575,14.000,14.000,25.000,41.000,72.000,0.000,0.000,0,0,1.6000,57,114,57,60,65
13,falling,44,736.0,,195.000,329.525,0.00000,9.13936,9.13936,0.000000,0.000000,0,0,4.53600,3981.248,4.575,14.000,14.000,25.000,41.000,72.000,0.000,0.000,0,0,1.6000,57,114,57,60,65
13,falling,45,753.0,,195.000,338.993,0.00000,9.28287,9.28287,0.000000,0.000000,0,0,4.53600,3981.248,4.575,14.000,14.000,25.000,41.000,72.000,0.000,0.000,0,0,1.6000,57,114,57,60,65
13,falling,46,770.0,,195.000,348.606,0.00000,9.42417,9.42417,0.000000,0.000000,0,0,4.53600,3981.248,4.575,14.000,14.000,25.000,41.000,72.000,0.000,0.000,0,0,1.6000,57,114,57,60,65
13,falling,47,786.0,,195.000,357.779,0.00000,9.55513,9.55513,0.000000,0.000000,0,0,4.53600,3981.248,4.575,14.000,14.000,25.000,41.000,72.000,0.000,0.000,0,0,1.6000,57,114,57,60,65
13,falling,48,803.0,,195.000,367.665,0.00000,9.69227,9.69227,0.000000,0.000000,0,0,4.53600,3981.248,4.575,14.000,14.000,25.000,41.000,72.000,0.000,0.000,0,0,1.6000,57,114,57,60,65
13,falling,49,820.0,,195.000,377.091,0.00000,9.81937,9.81937,0.000000,0.000000,0,0,4.53600,3981.248,4.575,14.000,14.000,25.000,41.000,72.000,0.000,0.000,0,0,1.6000,57,114,57,60,65
13,falling,50,836.0,,195.000,387.243,0.00000,9.95246,9.95246,0.000000,0.000000,0,0,4.53600,3981.248,4.575,14.000,14.000,25.000,41.000,72.000,0.000,0.000,0,0,1.6000,57,114,57,60,65
13,falling,51,853.0,,195.000,397.528,0.00000,10.08352,10.08352,0.000000,0.000000,0,0,4.53600,3981.248,4.575,14.000,14.000,25.000,41.000,72.000,0.000,0.000,0,0,1.6000,57,114,57,60,65
13,falling,52,870.0,,195.000,407.325,0.00000,10.20499,10.20499,0.000000,0.000000,0,0,4.53600,3981.248,4.575,14.000,14.000,25.000,41.000,72.000,0.000,0.000,0,0,1.6000,57,114,57,60,65
13,falling,53,886.0,,195.000,417.864,0.00000,10.33219,10.33219,0.000000,0.000000,0,0,4.53600,3981.248,4.575,14.000,14.000,25.000,41.000,72.000,0.000,0.000,0,0,1.6000,57,114,57,60,65
13,falling,54,903.0,,195.000,428.530,0.00000,10.45744,10.45744,0.000000,0.000000,0,0,4.53600,3981.248,4.575,14.000,14.000,25.000,41.000,72.000,0.000,0.000,0,0,1.6000,57,114,57,60,65
13,falling,55,920.0,,195.000,439.323,0.00000,10.58077,10.58077,0.000000,0.000000,0,0,4.53600,3981.248,4.575,14.000,14.000,25.000,41.000,72.000,0.000,0.000,0,0,1.6000,57,114,57,60,65
13,falling,56,936.0,,195.000,449.590,0.00000,10.69507,10.69507,0.000000,0.000000,0,0,4.53600,3981.248,4.575,14.000,14.000,25.000,41.000,72.000,0.000,0.000,0,0,1.6000,57,114,57,60,65
13,falling,57,953.0,,195.000,460.621,0.00000,10.81477,10.81477,0.000000,0.000000,0,0,4.53600,3981.248,4.575,14.000,14.000,25.000,41.000,72.000,0.000,0.000,0,0,1.6000,57,114,57,60,65
13,falling,58,970.0,,195.000,471.110,0.00000,10.92571,10.92571,0.000000,0.000000,0,0,4.53600,3981.248,4.575,14.000,14.000,25.000,41.000,72.000,0.000,0.000,0,0,1.6000,57,114,57,60,65
13,falling,59,986.0,,195.000,482.372,0.00000,11.04188,11.04188,0.000000,0.000000,0,0,4.53600,3981.248,4.575,14.000,14.000,25.000,41.000,72.000,0.000,0.000,0,0,1.6000,57,114,57,60,65
13,falling,60,1003.0,,195.000,493.752,0.00000,11.15627,11.15627,0.000000,0.000000,0,0,4.53600,3981.248,4.575,14.000,14.000,25.000,41.000,75.000,0.000,0.000,0,0,1.6000,57,114,57,60,65
13,post_landing,61,1020.0,61,195.000,501.406,-0.00160,0.00000,0.00160,0.000000,0.000000,0,1,4.53600,3981.248,4.575,14.000,14.000,25.000,41.000,75.000,0.000,0.000,0,13,1.6000,57,114,57,60,65
13,post_landing,62,1037.0,61,194.998,499.561,0.00135,0.00000,0.00135,0.000000,0.000000,0,1,4.53600,3981.248,4.575,14.000,14.000,25.000,41.000,75.000,0.000,0.000,0,7,1.6000,57,114,57,60,65
13,post_landing,63,1053.0,61,195.000,498.311,-0.00739,0.00000,0.00739,0.000000,0.000000,0,1,4.53600,3981.248,4.575,14.000,14.000,25.000,41.000,75.000,0.000,0.000,0,4,1.6000,57,114,57,60,65
13,post_landing,64,1070.0,61,194.993,497.893,-0.01012,0.00000,0.01012,0.000000,0.000000,0,1,4.53600,3981.248,4.575,14.000,14.000,25.000,41.000,75.000,0.000,0.000,0,3,1.6000,57,114,57,60,65
13,post_landing,65,1086.0,61,194.983,497.561,-0.00735,0.00000,0.00735,0.000000,0.000000,0,1,4.53600,3981.248,4.575,14.000,14.000,25.000,41.000,75.000,0.000,0.000,0,2,1.6000,57,114,57,60,65
13,post_landing,66,1103.0,61,194.975,497.561,-0.00633,0.00000,0.00633,0.000000,0.000000,0,1,4.53600,3981.248,4.575,14.000,14.000,25.000,41.000,75.000,0.000,0.000,0,2,1.6000,57,114,57,60,65
13,post_landing,67,1120.0,61,194.969,497.559,-0.00569,0.00000,0.00569,0.000000,0.000000,0,1,4.53600,3981.248,4.575,14.000,14.000,25.000,41.000,75.000,0.000,0.000,0,2,1.6000,57,114,57,60,65
13,post_landing,68,1137.0,61,194.964,497.561,-0.00567,0.00000,0.00567,0.000000,0.000000,0,1,4.53600,3981.248,4.575,14.000,14.000,25.000,41.000,75.000,0.000,0.000,0,2,1.6000,57,114,57,60,65
13,post_landing,69,1153.0,61,194.958,497.561,-0.00563,0.00000,0.00563,0.000000,0.000000,0,1,4.53600,3981.248,4.575,14.000,14.000,25.000,41.000,75.000,0.000,0.000,0,2,1.6000,57,114,57,60,65
13,post_landing,70,1170.0,61,194.952,497.559,-0.00535,0.00000,0.00535,0.000000,0.000000,0,1,4.53600,3981.248,4.575,14.000,14.000,25.000,41.000,75.000,0.000,0.000,0,2,1.6000,57,114,57,60,65
13,post_landing,71,1186.0,61,194.947,497.561,-0.00546,0.00000,0.00546,0.000000,0.000000,0,1,4.53600,3981.248,4.575,14.000,14.000,25.000,41.000,75.000,0.000,0.000,0,2,1.6000,57,114,57,60,65
13,post_landing,72,1203.0,61,194.942,497.561,-0.00547,0.00000,0.00547,0.000000,0.000000,0,1,4.53600,3981.248,4.575,14.000,14.000,25.000,41.000,75.000,0.000,0.000,0,2,1.6000,57,114,57,60,65
13,post_landing,73,1220.0,61,194.936,497.559,-0.00519,0.00000,0.00519,0.000000,0.000000,0,1,4.53600,3981.248,4.575,14.000,14.000,25.000,41.000,75.000,0.000,0.000,0,2,1.6000,57,114,57,60,65
13,post_landing,74,1236.0,61,194.931,497.561,-0.00532,0.00000,0.00532,0.000000,0.000000,0,1,4.53600,3981.248,4.575,14.000,14.000,25.000,41.000,75.000,0.000,0.000,0,2,1.6000,57,114,57,60,65
13,post_landing,75,1253.0,61,194.926,497.561,-0.00533,0.00000,0.00533,0.000000,0.000000,0,1,4.53600,3981.248,4.575,14.000,14.000,25.000,41.000,75.000,0.000,0.000,0,2,1.6000,57,114,57,60,65
13,post_landing,76,1270.0,61,194.921,497.559,-0.00505,0.00000,0.00505,0.000000,0.000000,0,1,4.53600,3981.248,4.575,14.000,14.000,25.000,41.000,75.000,0.000,0.000,0,2,1.6000,57,114,57,60,65
13,post_landing,77,1286.0,61,194.916,497.561,-0.00518,0.00000,0.00518,0.000000,0.000000,0,1,4.53600,3981.248,4.575,14.000,14.000,25.000,41.000,75.000,0.000,0.000,0,2,1.6000,57,114,57,60,65
13,post_landing,78,1303.0,61,194.911,497.561,-0.00520,0.00000,0.00520,0.000000,0.000000,0,1,4.53600,3981.248,4.575,14.000,14.000,25.000,41.000,75.000,0.000,0.000,0,2,1.6000,57,114,57,60,65
13,post_landing,79,1320.0,61,194.906,497.559,-0.00491,0.00000,0.00491,0.000000,0.000000,0,1,4.53600,3981.248,4.575,14.000,14.000,25.000,41.000,75.000,0.000,0.000,0,2,1.6000,57,114,57,60,65
13,post_landing,80,1337.0,61,194.901,497.561,-0.00505,0.00000,0.00505,0.000000,0.000000,0,1,4.53600,3981.248,4.575,14.000,14.000,25.000,41.000,75.000,0.000,0.000,0,2,1.6000,57,114,57,60,65
13,post_landing,81,1353.0,61,194.896,497.561,-0.00507,0.00000,0.00507,0.000000,0.000000,0,1,4.53600,3981.248,4.575,14.000,14.000,25.000,41.000,75.000,0.000,0.000,0,2,1.6000,57,114,57,60,65
13,post_landing,82,1370.0,61,194.891,497.559,-0.00478,0.00000,0.00478,0.000000,0.000000,0,1,4.53600,3981.248,4.575,14.000,14.000,25.000,41.000,75.000,0.000,0.000,0,2,1.6000,57,114,57,60,65
13,post_landing,83,1386.0,61,194.886,497.561,-0.00492,0.00000,0.00492,0.000000,0.000000,0,1,4.53600,3981.248,4.575,14.000,14.000,25.000,41.000,75.000,0.000,0.000,0,2,1.6000,57,114,57,60,65
13,post_landing,84,1403.0,61,194.881,497.561,-0.00494,0.00000,0.00494,0.000000,0.000000,0,1,4.53600,3981.248,4.575,14.000,14.000,25.000,41.000,75.000,0.000,0.000,0,2,1.6000,57,114,57,60,65
13,post_landing,85,1420.0,61,194.876,497.559,-0.00465,0.00000,0.00465,0.000000,0.000000,0,1,4.53600,3981.248,4.575,14.000,14.000,25.000,41.000,75.000,0.000,0.000,0,2,1.6000,57,114,57,60,65
13,post_landing,86,1437.0,61,194.872,497.561,-0.00479,0.00000,0.00479,0.000000,0.000000,0,1,4.53600,3981.248,4.575,14.000,14.000,25.000,41.000,75.000,0.000,0.000,0,2,1.6000,57,114,57,60,65
13,post_landing,87,1453.0,61,194.867,497.561,-0.00482,0.00000,0.00482,0.000000,0.000000,0,1,4.53600,3981.248,4.575,14.000,14.000,25.000,41.000,75.000,0.000,0.000,0,2,1.6000,57,114,57,60,65
13,post_landing,88,1470.0,61,194.862,497.559,-0.00452,0.00000,0.00452,0.000000,0.000000,0,1,4.53600,3981.248,4.575,14.000,14.000,25.000,41.000,75.000,0.000,0.000,0,2,1.6000,57,114,57,60,65
13,post_landing,89,1487.0,61,194.858,497.561,-0.00467,0.00000,0.00467,0.000000,0.000000,0,1,4.53600,3981.248,4.575,14.000,14.000,25.000,41.000,75.000,0.000,0.000,0,2,1.6000,57,114,57,60,65
13,post_landing,90,1503.0,61,194.853,497.561,-0.00470,0.00000,0.00470,0.000000,0.000000,0,1,4.53600,3981.248,4.575,14.000,14.000,25.000,41.000,75.000,0.000,0.000,0,2,1.6000,57,114,57,60,65
13,post_landing,91,1520.0,61,194.849,497.559,-0.00440,0.00000,0.00440,0.000000,0.000000,0,1,4.53600,3981.248,4.575,14.000,14.000,25.000,41.000,75.000,0.000,0.000,0,2,1.6000,57,114,57,60,65
13,post_landing,92,1536.0,61,194.844,497.561,-0.00455,0.00000,0.00455,0.000000,0.000000,0,1,4.53600,3981.248,4.575,14.000,14.000,25.000,41.000,75.000,0.000,0.000,0,2,1.6000,57,114,57,60,65
13,post_landing,93,1553.0,61,194.840,497.561,-0.00458,0.00000,0.00458,0.000000,0.000000,0,1,4.53600,3981.248,4.575,14.000,14.000,25.000,41.000,75.000,0.000,0.000,0,2,1.6000,57,114,57,60,65
13,post_landing,94,1570.0,61,194.835,497.559,-0.00428,0.00000,0.00428,0.000000,0.000000,0,1,4.53600,3981.248,4.575,14.000,14.000,25.000,41.000,75.000,0.000,0.000,0,2,1.6000,57,114,57,60,65
13,post_landing,95,1586.0,61,194.831,497.561,-0.00444,0.00000,0.00444,0.000000,0.000000,0,1,4.53600,3981.248,4.575,14.000,14.000,25.000,41.000,75.000,0.000,0.000,0,2,1.6000,57,114,57,60,65
13,post_landing,96,1603.0,61,194.827,497.561,-0.00447,0.00000,0.00447,0.000000,0.000000,0,1,4.53600,3981.248,4.575,14.000,14.000,25.000,41.000,75.000,0.000,0.000,0,2,1.6000,57,114,57,60,65
13,post_landing,97,1620.0,61,194.822,497.559,-0.00416,0.00000,0.00416,0.000000,0.000000,0,1,4.53600,3981.248,4.575,14.000,14.000,25.000,41.000,75.000,0.000,0.000,0,2,1.6000,57,114,57,60,65
13,post_landing,98,1636.0,61,194.818,497.561,-0.00432,0.00000,0.00432,0.000000,0.000000,0,1,4.53600,3981.248,4.575,14.000,14.000,25.000,41.000,75.000,0.000,0.000,0,2,1.6000,57,114,57,60,65
13,post_landing,99,1653.0,61,194.814,497.561,-0.00436,0.00000,0.00436,0.000000,0.000000,0,1,4.53600,3981.248,4.575,14.000,14.000,25.000,41.000,75.000,0.000,0.000,0,2,1.6000,57,114,57,60,65
13,post_landing,100,1670.0,61,194.810,497.559,-0.00405,0.00000,0.00405,0.000000,0.000000,0,1,4.53600,3981.248,4.575,14.000,14.000,25.000,41.000,75.000,0.000,0.000,0,2,1.6000,57,114,57,60,65
13,post_landing,101,1686.0,61,194.806,497.561,-0.00421,0.00000,0.00421,0.000000,0.000000,0,1,4.53600,3981.248,4.575,14.000,14.000,25.000,41.000,75.000,0.000,0.000,0,2,1.6000,57,114,57,60,65
13,post_landing,102,1703.0,61,194.801,497.561,-0.00425,0.00000,0.00425,0.000000,0.000000,0,1,4.53600,3981.248,4.575,14.000,14.000,25.000,41.000,75.000,0.000,0.000,0,2,1.6000,57,114,57,60,65
13,post_landing,103,1720.0,61,194.797,497.559,-0.00394,0.00000,0.00394,0.000000,0.000000,0,1,4.53600,3981.248,4.575,14.000,14.000,25.000,41.000,75.000,0.000,0.000,0,2,1.6000,57,114,57,60,65
13,post_landing,104,1736.0,61,194.793,497.561,-0.00411,0.00000,0.00411,0.000000,0.000000,0,1,4.53600,3981.248,4.575,14.000,14.000,25.000,41.000,75.000,0.000,0.000,0,2,1.6000,57,114,57,60,65
13,post_landing,105,1753.0,61,194.789,497.561,-0.00414,0.00000,0.00414,0.000000,0.000000,0,1,4.53600,3981.248,4.575,14.000,14.000,25.000,41.000,75.000,0.000,0.000,0,2,1.6000,57,114,57,60,65
13,post_landing,106,1770.0,61,194.785,497.559,-0.00383,0.00000,0.00383,0.000000,0.000000,0,1,4.53600,3981.248,4.575,14.000,14.000,25.000,41.000,75.000,0.000,0.000,0,2,1.6000,57,114,57,60,65
13,post_landing,107,1786.0,61,194.782,497.561,-0.00400,0.00000,0.00400,0.000000,0.000000,0,1,4.53600,3981.248,4.575,14.000,14.000,25.000,41.000,75.000,0.000,0.000,0,2,1.6000,57,114,57,60,65
13,post_landing,108,1803.0,61,194.778,497.561,-0.00404,0.00000,0.00404,0.000000,0.000000,0,1,4.53600,3981.248,4.575,14.000,14.000,25.000,41.000,75.000,0.000,0.000,0,2,1.6000,57,114,57,60,65
13,post_landing,109,1820.0,61,194.774,497.559,-0.00373,0.00000,0.00373,0.000000,0.000000,0,1,4.53600,3981.248,4.575,14.000,14.000,25.000,41.000,75.000,0.000,0.000,0,2,1.6000,57,114,57,60,65
13,post_landing,110,1836.0,61,194.770,497.561,-0.00390,0.00000,0.00390,0.000000,0.000000,0,1,4.53600,3981.248,4.575,14.000,14.000,25.000,41.000,75.000,0.000,0.000,0,2,1.6000,57,114,57,60,65
13,post_landing,111,1853.0,61,194.766,497.561,-0.00394,0.00000,0.00394,0.000000,0.000000,0,1,4.53600,3981.248,4.575,14.000,14.000,25.000,41.000,75.000,0.000,0.000,0,2,1.6000,57,114,57,60,65
13,post_landing,112,1870.0,61,194.762,497.559,-0.00362,0.00000,0.00362,0.000000,0.000000,0,1,4.53600,3981.248,4.575,14.000,14.000,25.000,41.000,75.000,0.000,0.000,0,2,1.6000,57,114,57,60,65
13,post_landing,113,1886.0,61,194.759,497.561,-0.00380,0.00000,0.00380,0.000000,0.000000,0,1,4.53600,3981.248,4.575,14.000,14.000,25.000,41.000,75.000,0.000,0.000,0,2,1.6000,57,114,57,60,65
13,post_landing,114,1903.0,61,194.755,497.561,-0.00384,0.00000,0.00384,0.000000,0.000000,0,1,4.53600,3981.248,4.575,14.000,14.000,25.000,41.000,75.000,0.000,0.000,0,2,1.6000,57,114,57,60,65
13,post_landing,115,1920.0,61,194.751,497.559,-0.00352,0.00000,0.00352,0.000000,0.000000,0,1,4.53600,3981.248,4.575,14.000,14.000,25.000,41.000,75.000,0.000,0.000,0,2,1.6000,57,114,57,60,65
13,post_landing,116,1936.0,61,194.748,497.561,-0.00370,0.00000,0.00370,0.000000,0.000000,0,1,4.53600,3981.248,4.575,14.000,14.000,25.000,41.000,75.000,0.000,0.000,0,2,1.6000,57,114,57,60,65
13,post_landing,117,1953.0,61,194.744,497.561,-0.00375,0.00000,0.00375,0.000000,0.000000,0,1,4.53600,3981.248,4.575,14.000,14.000,25.000,41.000,75.000,0.000,0.000,0,2,1.6000,57,114,57,60,65
13,post_landing,118,1970.0,61,194.740,497.559,-0.00343,0.00000,0.00343,0.000000,0.000000,0,1,4.53600,3981.248,4.575,14.000,14.000,25.000,41.000,75.000,0.000,0.000,0,2,1.6000,57,114,57,60,65
13,post_landing,119,1986.0,61,194.737,497.561,-0.00361,0.00000,0.00361,0.000000,0.000000,0,1,4.53600,3981.248,4.575,14.000,14.000,25.000,41.000,75.000,0.000,0.000,0,2,1.6000,57,114,57,60,65
13,post_landing,120,2003.0,61,194.733,497.561,-0.00366,0.00000,0.00366,0.000000,0.000000,0,1,4.53600,3981.248,4.575,14.000,14.000,25.000,41.000,75.000,0.000,0.000,0,2,1.6000,57,114,57,60,65
14,falling,0,44.0,,195.000,97.029,0.00000,0.55000,0.55000,0.000000,0.000000,0,0,7.56600,7101.376,6.276,25.000,25.000,30.000,43.000,64.000,0.000,0.000,0,0,1.0779,71,142,71,80,78
14,falling,1,47.0,,195.000,97.137,0.00000,0.59851,0.59851,0.000000,0.000000,0,0,7.56600,7101.376,6.276,25.000,25.000,30.000,43.000,64.000,0.000,0.000,0,0,1.0779,71,142,71,80,78
14,falling,2,64.0,,195.000,98.027,0.00000,0.87269,0.87269,0.000000,0.000000,0,0,7.56600,7101.376,6.276,25.000,25.000,30.000,43.000,64.000,0.000,0.000,0,0,1.0779,71,142,71,80,78
14,falling,3,81.0,,195.000,99.192,0.00000,1.14267,1.14267,0.000000,0.000000,0,0,7.56600,7101.376,6.276,25.000,25.000,30.000,43.000,64.000,0.000,0.000,0,0,1.0779,71,142,71,80,78
14,falling,4,98.0,,195.000,100.530,0.00000,1.39288,1.39288,0.000000,0.000000,0,0,7.56600,7101.376,6.276,25.000,25.000,30.000,43.000,64.000,0.000,0.000,0,0,1.0779,71,142,71,80,78
14,falling,5,114.0,,195.000,102.218,0.00000,1.65491,1.65491,0.000000,0.000000,0,0,7.56600,7101.376,6.276,25.000,25.000,30.000,43.000,64.000,0.000,0.000,0,0,1.0779,71,142,71,80,78
14,falling,6,131.0,,195.000,104.169,0.00000,1.91292,1.91292,0.000000,0.000000,0,0,7.56600,7101.376,6.276,25.000,25.000,30.000,43.000,64.000,0.000,0.000,0,0,1.0779,71,142,71,80,78
14,falling,7,148.0,,195.000,106.235,0.00000,2.15204,2.15204,0.000000,0.000000,0,0,7.56600,7101.376,6.276,25.000,25.000,30.000,43.000,64.000,0.000,0.000,0,0,1.0779,71,142,71,80,78
14,falling,8,164.0,,195.000,108.685,0.00000,2.40245,2.40245,0.000000,0.000000,0,0,7.56600,7101.376,6.276,25.000,25.000,30.000,43.000,64.000,0.000,0.000,0,0,1.0779,71,142,71,80,78
14,falling,9,181.0,,195.000,111.387,0.00000,2.64902,2.64902,0.000000,0.000000,0,0,7.56600,7101.376,6.276,25.000,25.000,30.000,43.000,64.000,0.000,0.000,0,0,1.0779,71,142,71,80,78
14,falling,10,197.0,,195.000,114.150,0.00000,2.87754,2.87754,0.000000,0.000000,0,0,7.56600,7101.376,6.276,25.000,25.000,30.000,43.000,64.000,0.000,0.000,0,0,1.0779,71,142,71,80,78
14,falling,11,214.0,,195.000,117.329,0.00000,3.11685,3.11685,0.000000,0.000000,0,0,7.56600,7101.376,6.276,25.000,25.000,30.000,43.000,64.000,0.000,0.000,0,0,1.0779,71,142,71,80,78
14,falling,12,231.0,,195.000,120.748,0.00000,3.35250,3.35250,0.000000,0.000000,0,0,7.56600,7101.376,6.276,25.000,25.000,30.000,43.000,64.000,0.000,0.000,0,0,1.0779,71,142,71,80,78
14,falling,13,248.0,,195.000,124.176,0.00000,3.57089,3.57089,0.000000,0.000000,0,0,7.56600,7101.376,6.276,25.000,25.000,30.000,43.000,64.000,0.000,0.000,0,0,1.0779,71,142,71,80,78
14,falling,14,264.0,,195.000,128.052,0.00000,3.79959,3.79959,0.000000,0.000000,0,0,7.56600,7101.376,6.276,25.000,25.000,30.000,43.000,64.000,0.000,0.000,0,0,1.0779,71,142,71,80,78
14,falling,15,281.0,,195.000,132.157,0.00000,4.02479,4.02479,0.000000,0.000000,0,0,7.56600,7101.376,6.276,25.000,25.000,30.000,43.000,64.000,0.000,0.000,0,0,1.0779,71,142,71,80,78
14,falling,16,298.0,,195.000,136.221,0.00000,4.23350,4.23350,0.000000,0.000000,0,0,7.56600,7101.376,6.276,25.000,25.000,30.000,43.000,64.000,0.000,0.000,0,0,1.0779,71,142,71,80,78
14,falling,17,314.0,,195.000,140.763,0.00000,4.45206,4.45206,0.000000,0.000000,0,0,7.56600,7101.376,6.276,25.000,25.000,30.000,43.000,64.000,0.000,0.000,0,0,1.0779,71,142,71,80,78
14,falling,18,331.0,,195.000,145.523,0.00000,4.66727,4.66727,0.000000,0.000000,0,0,7.56600,7101.376,6.276,25.000,25.000,30.000,43.000,64.000,0.000,0.000,0,0,1.0779,71,142,71,80,78
14,falling,19,348.0,,195.000,150.195,0.00000,4.86673,4.86673,0.000000,0.000000,0,0,7.56600,7101.376,6.276,25.000,25.000,30.000,43.000,64.000,0.000,0.000,0,0,1.0779,71,142,71,80,78
14,falling,20,364.0,,195.000,155.372,0.00000,5.07560,5.07560,0.000000,0.000000,0,0,7.56600,7101.376,6.276,25.000,25.000,30.000,43.000,64.000,0.000,0.000,0,0,1.0779,71,142,71,80,78
14,falling,21,381.0,,195.000,160.759,0.00000,5.28128,5.28128,0.000000,0.000000,0,0,7.56600,7101.376,6.276,25.000,25.000,30.000,43.000,64.000,0.000,0.000,0,0,1.0779,71,142,71,80,78
14,falling,22,398.0,,195.000,166.012,0.00000,5.47190,5.47190,0.000000,0.000000,0,0,7.56600,7101.376,6.276,25.000,25.000,30.000,43.000,64.000,0.000,0.000,0,0,1.0779,71,142,71,80,78
14,falling,23,414.0,,195.000,171.797,0.00000,5.67151,5.67151,0.000000,0.000000,0,0,7.56600,7101.376,6.276,25.000,25.000,30.000,43.000,64.000,0.000,0.000,0,0,1.0779,71,142,71,80,78
14,falling,24,431.0,,195.000,177.783,0.00000,5.86807,5.86807,0.000000,0.000000,0,0,7.56600,7101.376,6.276,25.000,25.000,30.000,43.000,64.000,0.000,0.000,0,0,1.0779,71,142,71,80,78
14,falling,25,448.0,,195.000,183.591,0.00000,6.05024,6.05024,0.000000,0.000000,0,0,7.56600,7101.376,6.276,25.000,25.000,30.000,43.000,64.000,0.000,0.000,0,0,1.0779,71,142,71,80,78
14,falling,26,464.0,,195.000,189.957,0.00000,6.24100,6.24100,0.000000,0.000000,0,0,7.56600,7101.376,6.276,25.000,25.000,30.000,43.000,64.000,0.000,0.000,0,0,1.0779,71,142,71,80,78
14,falling,27,481.0,,195.000,196.514,0.00000,6.42885,6.42885,0.000000,0.000000,0,0,7.56600,7101.376,6.276,25.000,25.000,30.000,43.000,64.000,0.000,0.000,0,0,1.0779,71,142,71,80,78
14,falling,28,498.0,,195.000,202.853,0.00000,6.60294,6.60294,0.000000,0.000000,0,0,7.56600,7101.376,6.276,25.000,25.000,30.000,43.000,64.000,0.000,0.000,0,0,1.0779,71,142,71,80,78
14,falling,29,514.0,,195.000,209.774,0.00000,6.78525,6.78525,0.000000,0.000000,0,0,7.56600,7101.376,6.276,25.000,25.000,30.000,43.000,64.000,0.000,0.000,0,0,1.0779,71,142,71,80,78
14,falling,30,531.0,,195.000,216.878,0.00000,6.96476,6.96476,0.000000,0.000000,0,0,7.56600,7101.376,6.276,25.000,25.000,30.000,43.000,64.000,0.000,0.000,0,0,1.0779,71,142,71,80,78
14,falling,31,548.0,,195.000,223.724,0.00000,7.13114,7.13114,0.000000,0.000000,0,0,7.56600,7101.376,6.276,25.000,25.000,30.000,43.000,64.000,0.000,0.000,0,0,1.0779,71,142,71,80,78
14,falling,32,564.0,,195.000,231.175,0.00000,7.30537,7.30537,0.000000,0.000000,0,0,7.56600,7101.376,6.276,25.000,25.000,30.000,43.000,64.000,0.000,0.000,0,0,1.0779,71,142,71,80,78
14,falling,33,581.0,,195.000,238.802,0.00000,7.47693,7.47693,0.000000,0.000000,0,0,7.56600,7101.376,6.276,25.000,25.000,30.000,43.000,64.000,0.000,0.000,0,0,1.0779,71,142,71,80,78
14,falling,34,598.0,,195.000,246.132,0.00000,7.63593,7.63593,0.000000,0.000000,0,0,7.56600,7101.376,6.276,25.000,25.000,30.000,43.000,64.000,0.000,0.000,0,0,1.0779,71,142,71,80,78
14,falling,35,614.0,,195.000,254.091,0.00000,7.80243,7.80243,0.000000,0.000000,0,0,7.56600,7101.376,6.276,25.000,25.000,30.000,43.000,64.000,0.000,0.000,0,0,1.0779,71,142,71,80,78
14,falling,36,631.0,,195.000,262.216,0.00000,7.96639,7.96639,0.000000,0.000000,0,0,7.56600,7101.376,6.276,25.000,25.000,30.000,43.000,64.000,0.000,0.000,0,0,1.0779,71,142,71,80,78
14,falling,37,648.0,,195.000,270.010,0.00000,8.11834,8.11834,0.000000,0.000000,0,0,7.56600,7101.376,6.276,25.000,25.000,30.000,43.000,64.000,0.000,0.000,0,0,1.0779,71,142,71,80,78
14,falling,38,664.0,,195.000,278.453,0.00000,8.27746,8.27746,0.000000,0.000000,0,0,7.56600,7101.376,6.276,25.000,25.000,30.000,43.000,64.000,0.000,0.000,0,0,1.0779,71,142,71,80,78
14,falling,39,681.0,,195.000,287.056,0.00000,8.43415,8.43415,0.000000,0.000000,0,0,7.56600,7101.376,6.276,25.000,25.000,30.000,43.000,64.000,0.000,0.000,0,0,1.0779,71,142,71,80,78
14,falling,40,698.0,,195.000,295.292,0.00000,8.57936,8.57936,0.000000,0.000000,0,0,7.56600,7101.376,6.276,25.000,25.000,30.000,43.000,64.000,0.000,0.000,0,0,1.0779,71,142,71,80,78
14,falling,41,714.0,,195.000,304.198,0.00000,8.73143,8.73143,0.000000,0.000000,0,0,7.56600,7101.376,6.276,25.000,25.000,30.000,43.000,64.000,0.000,0.000,0,0,1.0779,71,142,71,80,78
14,falling,42,731.0,,195.000,313.257,0.00000,8.88117,8.88117,0.000000,0.000000,0,0,7.56600,7101.376,6.276,25.000,25.000,30.000,43.000,64.000,0.000,0.000,0,0,1.0779,71,142,71,80,78
14,falling,43,748.0,,195.000,321.916,0.00000,9.01995,9.01995,0.000000,0.000000,0,0,7.56600,7101.376,6.276,25.000,25.000,30.000,43.000,64.000,0.000,0.000,0,0,1.0779,71,142,71,80,78
14,falling,44,764.0,,195.000,331.265,0.00000,9.16528,9.16528,0.000000,0.000000,0,0,7.56600,7101.376,6.276,25.000,25.000,30.000,43.000,64.000,0.000,0.000,0,0,1.0779,71,142,71,80,78
14,falling,45,781.0,,195.000,340.759,0.00000,9.30838,9.30838,0.000000,0.000000,0,0,7.56600,7101.376,6.276,25.000,25.000,30.000,43.000,64.000,0.000,0.000,0,0,1.0779,71,142,71,80,78
14,falling,46,798.0,,195.000,349.823,0.00000,9.44101,9.44101,0.000000,0.000000,0,0,7.56600,7101.376,6.276,25.000,25.000,30.000,43.000,64.000,0.000,0.000,0,0,1.0779,71,142,71,80,78
14,falling,47,814.0,,195.000,359.594,0.00000,9.57990,9.57990,0.000000,0.000000,0,0,7.56600,7101.376,6.276,25.000,25.000,30.000,43.000,64.000,0.000,0.000,0,0,1.0779,71,142,71,80,78
14,falling,48,831.0,,195.000,369.505,0.00000,9.71666,9.71666,0.000000,0.000000,0,0,7.56600,7101.376,6.276,25.000,25.000,30.000,43.000,64.000,0.000,0.000,0,0,1.0779,71,142,71,80,78
14,falling,49,848.0,,195.000,378.955,0.00000,9.84340,9.84340,0.000000,0.000000,0,0,7.56600,7101.376,6.276,25.000,25.000,30.000,43.000,64.000,0.000,0.000,0,0,1.0779,71,142,71,80,78
14,falling,50,864.0,,195.000,389.130,0.00000,9.97613,9.97613,0.000000,0.000000,0,0,7.56600,7101.376,6.276,25.000,25.000,30.000,43.000,64.000,0.000,0.000,0,0,1.0779,71,142,71,80,78
14,falling,51,881.0,,195.000,399.439,0.00000,10.10683,10.10683,0.000000,0.000000,0,0,7.56600,7101.376,6.276,25.000,25.000,30.000,43.000,64.000,0.000,0.000,0,0,1.0779,71,142,71,80,78
14,falling,52,898.0,,195.000,409.258,0.00000,10.22796,10.22796,0.000000,0.000000,0,0,7.56600,7101.376,6.276,25.000,25.000,30.000,43.000,64.000,0.000,0.000,0,0,1.0779,71,142,71,80,78
14,falling,53,914.0,,195.000,419.820,0.00000,10.35481,10.35481,0.000000,0.000000,0,0,7.56600,7101.376,6.276,25.000,25.000,30.000,43.000,64.000,0.000,0.000,0,0,1.0779,71,142,71,80,78
14,falling,54,931.0,,195.000,430.509,0.00000,10.47971,10.47971,0.000000,0.000000,0,0,7.56600,7101.376,6.276,25.000,25.000,30.000,43.000,64.000,0.000,0.000,0,0,1.0779,71,142,71,80,78
14,falling,55,948.0,,195.000,440.681,0.00000,10.59547,10.59547,0.000000,0.000000,0,0,7.56600,7101.376,6.276,25.000,25.000,30.000,43.000,64.000,0.000,0.000,0,0,1.0779,71,142,71,80,78
14,falling,56,964.0,,195.000,451.612,0.00000,10.71669,10.71669,0.000000,0.000000,0,0,7.56600,7101.376,6.276,25.000,25.000,30.000,43.000,64.000,0.000,0.000,0,0,1.0779,71,142,71,80,78
14,falling,57,981.0,,195.000,462.665,0.00000,10.83606,10.83606,0.000000,0.000000,0,0,7.56600,7101.376,6.276,25.000,25.000,30.000,43.000,64.000,0.000,0.000,0,0,1.0779,71,142,71,80,78
14,falling,58,998.0,,195.000,473.174,0.00000,10.94669,10.94669,0.000000,0.000000,0,0,7.56600,7101.376,6.276,25.000,25.000,30.000,43.000,64.000,0.000,0.000,0,0,1.0779,71,142,71,80,78
14,falling,59,1014.0,,195.000,484.457,0.00000,11.06254,11.06254,0.000000,0.000000,0,0,7.56600,7101.376,6.276,25.000,25.000,30.000,43.000,64.000,0.000,0.000,0,0,1.0779,71,142,71,80,78
14,post_landing,60,1031.0,60,195.000,491.036,0.11310,-0.03828,0.11940,0.001431,0.000000,0,1,7.56600,7101.376,6.276,25.000,25.000,30.000,43.000,64.000,0.000,0.000,0,12,1.0779,71,142,71,80,78
14,post_landing,61,1048.0,60,195.107,488.601,0.01416,0.00000,0.01416,0.000000,0.001354,0,1,7.56600,7101.376,6.276,25.000,22.001,28.001,41.001,63.001,0.000,0.000,0,6,1.0779,71,142,71,80,78
14,post_landing,62,1064.0,60,195.121,487.110,0.04016,0.00000,0.04016,0.000000,0.001354,0,1,7.56600,7101.376,6.276,25.000,22.001,28.001,41.001,63.001,0.000,0.000,0,3,1.0779,71,142,71,80,78
14,post_landing,63,1081.0,60,195.162,486.612,0.01991,0.00000,0.01991,0.000000,0.001354,0,1,7.56600,7101.376,6.276,25.000,22.001,28.001,41.001,63.001,0.000,0.000,0,2,1.0779,71,142,71,80,78
14,post_landing,64,1098.0,60,195.180,486.111,0.02668,0.00000,0.02668,0.000000,0.001354,0,1,7.56600,7101.376,6.276,25.000,22.001,28.001,41.001,63.001,0.000,0.000,0,1,1.0779,71,142,71,80,78
14,post_landing,65,1114.0,60,195.207,486.113,0.04650,0.00000,0.04650,0.000000,0.001354,0,1,7.56600,7101.376,6.276,25.000,22.001,28.001,41.001,63.001,0.000,0.000,0,1,1.0779,71,142,71,80,78
14,post_landing,66,1131.0,60,195.254,486.113,0.06365,0.00000,0.06365,-0.000930,0.001354,0,1,7.56600,7101.376,6.276,25.000,22.001,28.001,41.001,63.001,0.000,0.000,0,1,1.0779,71,142,71,80,78
14,post_landing,67,1148.0,60,195.318,486.118,0.01397,0.00000,0.01397,0.000000,0.000420,0,1,7.56600,7101.376,6.276,25.000,22.000,28.000,41.000,63.000,0.000,0.000,0,1,1.0779,71,142,71,80,78
14,post_landing,68,1165.0,60,195.331,486.116,-0.04150,0.00000,0.04150,0.001277,0.000420,0,1,7.56600,7101.376,6.276,25.000,22.000,28.000,41.000,63.000,0.000,0.000,0,1,1.0779,71,142,71,80,78
14,post_landing,69,1181.0,60,195.289,486.112,-0.05803,0.00000,0.05803,0.001407,0.001703,0,1,7.56600,7101.376,6.276,25.000,22.002,28.002,41.002,63.002,0.000,0.000,0,1,1.0779,71,142,71,80,78
14,post_landing,70,1198.0,60,195.234,486.104,-0.07388,0.00000,0.07388,0.001582,0.003034,0,1,7.56600,7101.376,6.276,25.000,22.003,28.003,41.003,63.003,0.000,0.000,0,1,1.0779,71,142,71,80,78
14,post_landing,71,1214.0,60,195.160,486.099,-0.00509,0.00000,0.00509,0.000000,0.004623,0,1,7.56600,7101.376,6.276,25.000,22.004,28.004,41.004,63.004,0.000,0.000,0,1,1.0779,71,142,71,80,78
14,post_landing,72,1231.0,60,195.155,486.099,0.04171,0.00000,0.04171,-0.001342,0.004623,0,1,7.56600,7101.376,6.276,25.000,22.004,28.004,41.004,63.004,0.000,0.000,0,1,1.0779,71,142,71,80,78
14,post_landing,73,1248.0,60,195.195,486.103,0.02687,0.00000,0.02687,0.000000,0.003353,0,1,7.56600,7101.376,6.276,25.000,22.003,28.003,41.003,63.003,0.000,0.000,0,1,1.0779,71,142,71,80,78
14,post_landing,74,1264.0,60,195.222,486.105,0.01284,0.00000,0.01284,0.000000,0.003353,0,1,7.56600,7101.376,6.276,25.000,22.003,28.003,41.003,63.003,0.000,0.000,0,1,1.0779,71,142,71,80,78
14,post_landing,75,1281.0,60,195.234,486.105,-0.00884,0.00000,0.00884,0.000000,0.003353,0,1,7.56600,7101.376,6.276,25.000,22.003,28.003,41.003,63.003,0.000,0.000,0,1,1.0779,71,142,71,80,78
14,post_landing,76,1298.0,60,195.226,486.103,-0.04456,0.00000,0.04456,0.001069,0.003353,0,1,7.56600,7101.376,6.276,25.000,22.003,28.003,41.003,63.003,0.000,0.000,0,1,1.0779,71,142,71,80,78
14,post_landing,77,1314.0,60,195.181,486.100,-0.06612,0.00000,0.06612,0.001730,0.004426,0,1,7.56600,7101.376,6.276,25.000,22.004,28.004,41.004,63.004,0.000,0.000,0,1,1.0779,71,142,71,80,78
14,post_landing,78,1331.0,60,195.115,486.093,-0.08015,0.00000,0.08015,0.002075,0.006164,0,1,7.56600,7101.376,6.276,25.000,22.006,28.006,41.005,63.005,0.000,0.000,0,1,1.0779,71,142,71,80,78
14,post_landing,79,1348.0,60,195.039,486.083,-0.08405,0.00000,0.08405,0.001928,0.008127,0,1,7.56600,7101.376,6.276,25.000,22.007,28.007,41.007,63.006,0.000,0.000,0,1,1.0779,71,142,71,80,78
14,post_landing,80,1364.0,60,194.955,486.077,0.01649,0.00000,0.01649,-0.001291,0.010063,0,1,7.56600,7101.376,6.276,25.000,22.009,28.009,41.008,63.007,0.000,0.000,0,1,1.0779,71,142,71,80,78
14,post_landing,81,1381.0,60,194.971,486.082,0.02315,0.00000,0.02315,0.000000,0.008767,0,1,7.56600,7101.376,6.276,25.000,22.008,28.008,41.007,63.006,0.000,0.000,0,1,1.0779,71,142,71,80,78
14,post_landing,82,1398.0,60,194.993,486.080,0.02807,0.00000,0.02807,0.000000,0.008767,0,1,7.56600,7101.376,6.276,25.000,22.008,28.008,41.007,63.006,0.000,0.000,0,1,1.0779,71,142,71,80,78
14,post_landing,83,1414.0,60,195.021,486.082,0.01927,0.00000,0.01927,0.000000,0.008767,0,1,7.56600,7101.376,6.276,25.000,22.008,28.008,41.007,63.006,0.000,0.000,0,1,1.0779,71,142,71,80,78
14,post_landing,84,1431.0,60,195.041,486.082,0.01124,0.00000,0.01124,0.000000,0.008767,0,1,7.56600,7101.376,6.276,25.000,22.008,28.008,41.007,63.006,0.000,0.000,0,1,1.0779,71,142,71,80,78
14,post_landing,85,1448.0,60,195.052,486.082,0.00519,0.00000,0.00519,0.000000,0.008767,0,1,7.56600,7101.376,6.276,25.000,22.008,28.008,41.007,63.006,0.000,0.000,0,1,1.0779,71,142,71,80,78
14,post_landing,86,1465.0,60,195.057,486.080,-0.00469,0.00000,0.00469,0.000000,0.008767,0,1,7.56600,7101.376,6.276,25.000,22.008,28.008,41.007,63.006,0.000,0.000,0,1,1.0779,71,142,71,80,78
14,post_landing,87,1481.0,60,195.052,486.082,-0.01175,0.00000,0.01175,0.000000,0.008767,0,1,7.56600,7101.376,6.276,25.000,22.008,28.008,41.007,63.006,0.000,0.000,0,1,1.0779,71,142,71,80,78
14,post_landing,88,1498.0,60,195.041,486.080,-0.03609,0.00000,0.03609,0.000000,0.008767,0,1,7.56600,7101.376,6.276,25.000,22.008,28.008,41.007,63.006,0.000,0.000,0,1,1.0779,71,142,71,80,78
14,post_landing,89,1514.0,60,195.005,486.082,-0.05508,0.00000,0.05508,0.001054,0.008767,0,1,7.56600,7101.376,6.276,25.000,22.008,28.008,41.007,63.006,0.000,0.000,0,1,1.0779,71,142,71,80,78
14,post_landing,90,1531.0,60,194.950,486.078,-0.07362,0.00000,0.07362,0.001910,0.009825,0,1,7.56600,7101.376,6.276,25.000,22.009,28.008,41.008,63.007,0.000,0.000,0,1,1.0779,71,142,71,80,78
14,post_landing,91,1548.0,60,194.880,486.069,-0.08438,0.00000,0.08438,0.002132,0.011632,0,1,7.56600,7101.376,6.276,25.000,22.010,28.010,41.009,63.007,0.000,0.000,0,1,1.0779,71,142,71,80,78
14,post_landing,92,1565.0,60,194.795,486.062,-0.08681,0.00000,0.08681,0.002060,0.013773,0,1,7.56600,7101.376,6.276,25.000,22.012,28.011,41.010,63.008,0.000,0.000,0,1,1.0779,71,142,71,80,78
14,post_landing,93,1581.0,60,194.708,486.054,-0.09541,0.00000,0.09541,0.002129,0.015842,0,1,7.56600,7101.376,6.276,25.000,22.013,28.012,41.011,63.008,0.000,0.000,0,1,1.0779,71,142,71,80,78
14,post_landing,94,1598.0,60,194.618,486.063,-0.07604,0.00000,0.07604,0.000000,0.017856,0,1,7.56600,7101.376,6.276,25.000,22.014,28.013,41.011,63.008,0.000,0.000,0,1,1.0779,71,142,71,80,78
14,post_landing,95,1615.0,60,194.541,486.067,-0.07646,0.00000,0.07646,0.000000,0.017856,0,1,7.56600,7101.376,6.276,25.000,22.014,28.013,41.011,63.008,0.000,0.000,0,1,1.0779,71,142,71,80,78
14,post_landing,96,1631.0,60,194.464,486.046,-0.08943,0.00000,0.08943,0.001093,0.017856,0,1,7.56600,7101.376,6.276,25.000,22.014,28.013,41.011,63.008,0.000,0.000,0,1,1.0779,71,142,71,80,78
14,post_landing,97,1648.0,60,194.380,486.058,-0.01833,0.00000,0.01833,-0.001980,0.018891,0,1,7.56600,7101.376,6.276,25.000,22.015,28.014,41.012,63.008,0.000,0.000,0,1,1.0779,71,142,71,80,78
14,post_landing,98,1665.0,60,194.361,486.050,0.02148,0.00000,0.02148,-0.001965,0.016902,0,1,7.56600,7101.376,6.276,25.000,22.014,28.013,41.011,63.008,0.000,0.000,0,1,1.0779,71,142,71,80,78
14,post_landing,99,1681.0,60,194.383,486.058,0.03275,0.00000,0.03275,-0.001066,0.014929,0,1,7.56600,7101.376,6.276,25.000,22.012,28.012,41.010,63.008,0.000,0.000,0,1,1.0779,71,142,71,80,78
14,post_landing,100,1698.0,60,194.414,486.059,0.04287,0.00000,0.04287,0.000000,0.013920,0,1,7.56600,7101.376,6.276,25.000,22.012,28.011,41.010,63.008,0.000,0.000,0,1,1.0779,71,142,71,80,78
14,post_landing,101,1715.0,60,194.457,486.061,0.03848,0.00000,0.03848,0.000000,0.013920,0,1,7.56600,7101.376,6.276,25.000,22.012,28.011,41.010,63.008,0.000,0.000,0,1,1.0779,71,142,71,80,78
14,post_landing,102,1731.0,60,194.496,486.061,0.04214,0.00000,0.04214,0.000000,0.013920,0,1,7.56600,7101.376,6.276,25.000,22.012,28.011,41.010,63.008,0.000,0.000,0,1,1.0779,71,142,71,80,78
14,post_landing,103,1748.0,60,194.536,486.059,0.04084,0.00000,0.04084,0.000000,0.013920,0,1,7.56600,7101.376,6.276,25.000,22.012,28.011,41.010,63.008,0.000,0.000,0,1,1.0779,71,142,71,80,78
14,post_landing,104,1765.0,60,194.577,486.061,0.00073,0.00000,0.00073,0.000000,0.013920,0,1,7.56600,7101.376,6.276,25.000,22.012,28.011,41.010,63.008,0.000,0.000,0,1,1.0779,71,142,71,80,78
14,post_landing,105,1781.0,60,194.577,486.061,-0.03906,0.00000,0.03906,0.000891,0.013920,0,1,7.56600,7101.376,6.276,25.000,22.012,28.011,41.010,63.008,0.000,0.000,0,1,1.0779,71,142,71,80,78
14,post_landing,106,1798.0,60,194.540,486.056,-0.06361,0.00000,0.06361,0.001312,0.014764,0,1,7.56600,7101.376,6.276,25.000,22.012,28.012,41.010,63.008,0.000,0.000,0,1,1.0779,71,142,71,80,78
14,post_landing,107,1815.0,60,194.476,486.053,-0.07405,0.00000,0.07405,0.001596,0.016082,0,1,7.56600,7101.376,6.276,25.000,22.013,28.012,41.011,63.008,0.000,0.000,0,1,1.0779,71,142,71,80,78
14,post_landing,108,1831.0,60,194.402,486.067,-0.05504,0.00000,0.05504,0.000000,0.017685,0,1,7.56600,7101.376,6.276,25.000,22.014,28.013,41.011,63.008,0.000,0.000,0,1,1.0779,71,142,71,80,78
14,post_landing,109,1848.0,60,194.350,486.064,-0.04182,0.00000,0.04182,-0.001108,0.017685,0,1,7.56600,7101.376,6.276,25.000,22.014,28.013,41.011,63.008,0.000,0.000,0,1,1.0779,71,142,71,80,78
14,post_landing,110,1865.0,60,194.308,486.051,0.01192,0.00000,0.01192,-0.001932,0.016572,0,1,7.56600,7101.376,6.276,25.000,22.014,28.013,41.011,63.008,0.000,0.000,0,1,1.0779,71,142,71,80,78
14,post_landing,111,1881.0,60,194.320,486.059,0.02170,0.00000,0.02170,-0.001062,0.014632,0,1,7.56600,7101.376,6.276,25.000,22.012,28.012,41.010,63.008,0.000,0.000,0,1,1.0779,71,142,71,80,78
14,post_landing,112,1898.0,60,194.341,486.061,0.04147,0.00000,0.04147,-0.000989,0.013627,0,1,7.56600,7101.376,6.276,25.000,22.012,28.011,41.010,63.008,0.000,0.000,0,1,1.0779,71,142,71,80,78
14,post_landing,113,1914.0,60,194.382,486.067,0.03178,0.00000,0.03178,0.000000,0.012633,0,1,7.56600,7101.376,6.276,25.000,22.011,28.010,41.009,63.008,0.000,0.000,0,1,1.0779,71,142,71,80,78
14,post_landing,114,1931.0,60,194.414,486.067,0.01542,0.00000,0.01542,0.000000,0.012633,0,1,7.56600,7101.376,6.276,25.000,22.011,28.010,41.009,63.008,0.000,0.000,0,1,1.0779,71,142,71,80,78
14,post_landing,115,1948.0,60,194.429,486.065,-0.01963,0.00000,0.01963,0.000886,0.012633,0,1,7.56600,7101.376,6.276,25.000,22.011,28.010,41.009,63.008,0.000,0.000,0,1,1.0779,71,142,71,80,78
14,post_landing,116,1965.0,60,194.409,486.063,-0.05371,0.00000,0.05371,0.001765,0.013524,0,1,7.56600,7101.376,6.276,25.000,22.012,28.011,41.010,63.008,0.000,0.000,0,1,1.0779,71,142,71,80,78
14,post_landing,117,1981.0,60,194.355,486.056,-0.05928,0.00000,0.05928,0.001626,0.015297,0,1,7.56600,7101.376,6.276,25.000,22.013,28.012,41.010,63.008,0.000,0.000,0,1,1.0779,71,142,71,80,78
14,post_landing,118,1998.0,60,194.299,486.066,0.00011,0.00000,0.00011,-0.001299,0.016835,0,1,7.56600,7101.376,6.276,25.000,22.014,28.013,41.011,63.008,0.000,0.000,0,1,1.0779,71,142,71,80,78
14,post_landing,119,2014.0,60,194.299,486.055,0.02116,0.00000,0.02116,-0.001352,0.015530,0,1,7.56600,7101.376,6.276,25.000,22.013,28.012,41.011,63.008,0.000,0.000,0,1,1.0779,71,142,71,80,78
15,falling,0,39.0,,195.000,97.029,0.00000,0.55000,0.55000,0.000000,0.000000,0,0,5.81400,3593.304,4.465,13.000,13.000,13.000,15.000,25.000,0.000,0.000,0,0,1.5162,55,110,55,55,49
15,falling,1,41.0,,195.000,97.099,0.00000,0.58234,0.58234,0.000000,0.000000,0,0,5.81400,3593.304,4.465,13.000,13.000,13.000,15.000,25.000,0.000,0.000,0,0,1.5162,55,110,55,55,49
15,falling,2,57.0,,195.000,97.906,0.00000,0.84062,0.84062,0.000000,0.000000,0,0,5.81400,3593.304,4.465,13.000,13.000,13.000,15.000,25.000,0.000,0.000,0,0,1.5162,55,110,55,55,49
15,falling,3,73.0,,195.000,98.957,0.00000,1.09519,1.09519,0.000000,0.000000,0,0,5.81400,3593.304,4.465,13.000,13.000,13.000,15.000,27.000,0.000,0.000,0,0,1.5162,55,110,55,55,49
15,falling,4,90.0,,195.000,100.346,0.00000,1.36176,1.36176,0.000000,0.000000,0,0,5.81400,3593.304,4.465,13.000,13.000,13.000,15.000,27.000,0.000,0.000,0,0,1.5162,55,110,55,55,49
15,falling,5,107.0,,195.000,102.003,0.00000,1.62426,1.62426,0.000000,0.000000,0,0,5.81400,3593.304,4.465,13.000,13.000,13.000,15.000,27.000,0.000,0.000,0,0,1.5162,55,110,55,55,49
15,falling,6,123.0,,195.000,103.796,0.00000,1.86754,1.86754,0.000000,0.000000,0,0,5.81400,3593.304,4.465,13.000,13.000,13.000,15.000,27.000,0.000,0.000,0,0,1.5162,55,110,55,55,49
15,falling,7,140.0,,195.000,105.961,0.00000,2.12230,2.12230,0.000000,0.000000,0,0,5.81400,3593.304,4.465,13.000,13.000,13.000,15.000,27.000,0.000,0.000,0,0,1.5162,55,110,55,55,49
15,falling,8,157.0,,195.000,108.381,0.00000,2.37316,2.37316,0.000000,0.000000,0,0,5.81400,3593.304,4.465,13.000,13.000,13.000,15.000,27.000,0.000,0.000,0,0,1.5162,55,110,55,55,49
15,falling,9,173.0,,195.000,110.883,0.00000,2.60565,2.60565,0.000000,0.000000,0,0,5.81400,3593.304,4.465,13.000,13.000,13.000,15.000,27.000,0.000,0.000,0,0,1.5162,55,110,55,55,49
15,falling,10,190.0,,195.000,113.789,0.00000,2.84912,2.84912,0.000000,0.000000,0,0,5.81400,3593.304,4.465,13.000,13.000,13.000,15.000,27.000,0.000,0.000,0,0,1.5162,55,110,55,55,49
15,falling,11,207.0,,195.000,116.939,0.00000,3.08886,3.08886,0.000000,0.000000,0,0,5.81400,3593.304,4.465,13.000,13.000,13.000,15.000,27.000,0.000,0.000,0,0,1.5162,55,110,55,55,49
15,falling,12,224.0,,195.000,120.118,0.00000,3.31105,3.31105,0.000000,0.000000,0,0,5.81400,3593.304,4.465,13.000,13.000,13.000,15.000,27.000,0.000,0.000,0,0,1.5162,55,110,55,55,49
15,falling,13,240.0,,195.000,123.733,0.00000,3.54372,3.54372,0.000000,0.000000,0,0,5.81400,3593.304,4.465,13.000,13.000,13.000,15.000,27.000,0.000,0.000,0,0,1.5162,55,110,55,55,49
15,falling,14,257.0,,195.000,127.581,0.00000,3.77284,3.77284,0.000000,0.000000,0,0,5.81400,3593.304,4.465,13.000,13.000,13.000,15.000,27.000,0.000,0.000,0,0,1.5162,55,110,55,55,49
15,falling,15,273.0,,195.000,131.407,0.00000,3.98518,3.98518,0.000000,0.000000,0,0,5.81400,3593.304,4.465,13.000,13.000,13.000,15.000,27.000,0.000,0.000,0,0,1.5162,55,110,55,55,49
15,falling,16,290.0,,195.000,135.698,0.00000,4.20754,4.20754,0.000000,0.000000,0,0,5.81400,3593.304,4.465,13.000,13.000,13.000,15.000,27.000,0.000,0.000,0,0,1.5162,55,110,55,55,49
15,falling,17,307.0,,195.000,140.213,0.00000,4.42649,4.42649,0.000000,0.000000,0,0,5.81400,3593.304,4.465,13.000,13.000,13.000,15.000,27.000,0.000,0.000,0,0,1.5162,55,110,55,55,49
15,falling,18,323.0,,195.000,144.658,0.00000,4.62942,4.62942,0.000000,0.000000,0,0,5.81400,3593.304,4.465,13.000,13.000,13.000,15.000,27.000,0.000,0.000,0,0,1.5162,55,110,55,55,49
15,falling,19,340.0,,195.000,149.596,0.00000,4.84192,4.84192,0.000000,0.000000,0,0,5.81400,3593.304,4.465,13.000,13.000,13.000,15.000,27.000,0.000,0.000,0,0,1.5162,55,110,55,55,49
15,falling,20,357.0,,195.000,154.749,0.00000,5.05117,5.05117,0.000000,0.000000,0,0,5.81400,3593.304,4.465,13.000,13.000,13.000,15.000,27.000,0.000,0.000,0,0,1.5162,55,110,55,55,49
15,falling,21,373.0,,195.000,159.784,0.00000,5.24510,5.24510,0.000000,0.000000,0,0,5.81400,3593.304,4.465,13.000,13.000,13.000,15.000,27.000,0.000,0.000,0,0,1.5162,55,110,55,55,49
15,falling,22,390.0,,195.000,165.341,0.00000,5.44819,5.44819,0.000000,0.000000,0,0,5.81400,3593.304,4.465,13.000,13.000,13.000,15.000,27.000,0.000,0.000,0,0,1.5162,55,110,55,55,49
15,falling,23,407.0,,195.000,171.102,0.00000,5.64816,5.64816,0.000000,0.000000,0,0,5.81400,3593.304,4.465,13.000,13.000,13.000,15.000,27.000,0.000,0.000,0,0,1.5162,55,110,55,55,49
15,falling,24,423.0,,195.000,176.702,0.00000,5.83350,5.83350,0.000000,0.000000,0,0,5.81400,3593.304,4.465,13.000,13.000,13.000,15.000,27.000,0.000,0.000,0,0,1.5162,55,110,55,55,49
15,falling,25,440.0,,195.000,182.850,0.00000,6.02758,6.02758,0.000000,0.000000,0,0,5.81400,3593.304,4.465,13.000,13.000,13.000,15.000,27.000,0.000,0.000,0,0,1.5162,55,110,55,55,49
15,falling,26,457.0,,195.000,189.193,0.00000,6.21869,6.21869,0.000000,0.000000,0,0,5.81400,3593.304,4.465,13.000,13.000,13.000,15.000,27.000,0.000,0.000,0,0,1.5162,55,110,55,55,49
15,falling,27,473.0,,195.000,195.333,0.00000,6.39581,6.39581,0.000000,0.000000,0,0,5.81400,3593.304,4.465,13.000,13.000,13.000,15.000,27.000,0.000,0.000,0,0,1.5162,55,110,55,55,49
15,falling,28,490.0,,195.000,202.046,0.00000,6.58128,6.58128,0.000000,0.000000,0,0,5.81400,3593.304,4.465,13.000,13.000,13.000,15.000,27.000,0.000,0.000,0,0,1.5162,55,110,55,55,49
15,falling,29,507.0,,195.000,208.946,0.00000,6.76392,6.76392,0.000000,0.000000,0,0,5.81400,3593.304,4.465,13.000,13.000,13.000,15.000,27.000,0.000,0.000,0,0,1.5162,55,110,55,55,49
15,falling,30,523.0,,195.000,215.601,0.00000,6.93319,6.93319,0.000000,0.000000,0,0,5.81400,3593.304,4.465,13.000,13.000,13.000,15.000,27.000,0.000,0.000,0,0,1.5162,55,110,55,55,49
15,falling,31,540.0,,195.000,222.854,0.00000,7.11045,7.11045,0.000000,0.000000,0,0,5.81400,3593.304,4.465,13.000,13.000,13.000,15.000,25.000,0.000,0.000,0,0,1.5162,55,110,55,55,49
15,falling,32,557.0,,195.000,230.285,0.00000,7.28499,7.28499,0.000000,0.000000,0,0,5.81400,3593.304,4.465,13.000,13.000,13.000,15.000,27.000,0.000,0.000,0,0,1.5162,55,110,55,55,49
15,falling,33,573.0,,195.000,237.434,0.00000,7.44675,7.44675,0.000000,0.000000,0,0,5.81400,3593.304,4.465,13.000,13.000,13.000,15.000,27.000,0.000,0.000,0,0,1.5162,55,110,55,55,49
15,falling,34,590.0,,195.000,245.202,0.00000,7.61615,7.61615,0.000000,0.000000,0,0,5.81400,3593.304,4.465,13.000,13.000,13.000,15.000,27.000,0.000,0.000,0,0,1.5162,55,110,55,55,49
15,falling,35,607.0,,195.000,253.141,0.00000,7.78296,7.78296,0.000000,0.000000,0,0,5.81400,3593.304,4.465,13.000,13.000,13.000,15.000,27.000,0.000,0.000,0,0,1.5162,55,110,55,55,49
15,falling,36,623.0,,195.000,260.761,0.00000,7.93755,7.93755,0.000000,0.000000,0,0,5.81400,3593.304,4.465,13.000,13.000,13.000,15.000,27.000,0.000,0.000,0,0,1.5162,55,110,55,55,49
15,falling,37,640.0,,195.000,269.022,0.00000,8.09944,8.09944,0.000000,0.000000,0,0,5.81400,3593.304,4.465,13.000,13.000,13.000,15.000,27.000,0.000,0.000,0,0,1.5162,55,110,55,55,49
15,falling,38,657.0,,195.000,276.942,0.00000,8.24947,8.24947,0.000000,0.000000,0,0,5.81400,3593.304,4.465,13.000,13.000,13.000,15.000,27.000,0.000,0.000,0,0,1.5162,55,110,55,55,49
15,falling,39,673.0,,195.000,285.516,0.00000,8.40659,8.40659,0.000000,0.000000,0,0,5.81400,3593.304,4.465,13.000,13.000,13.000,15.000,27.000,0.000,0.000,0,0,1.5162,55,110,55,55,49
15,falling,40,690.0,,195.000,294.249,0.00000,8.56130,8.56130,0.000000,0.000000,0,0,5.81400,3593.304,4.465,13.000,13.000,13.000,15.000,27.000,0.000,0.000,0,0,1.5162,55,110,55,55,49
15,falling,41,707.0,,195.000,303.137,0.00000,8.71365,8.71365,0.000000,0.000000,0,0,5.81400,3593.304,4.465,13.000,13.000,13.000,15.000,27.000,0.000,0.000,0,0,1.5162,55,110,55,55,49
15,falling,42,723.0,,195.000,311.638,0.00000,8.85484,8.85484,0.000000,0.000000,0,0,5.81400,3593.304,4.465,13.000,13.000,13.000,15.000,27.000,0.000,0.000,0,0,1.5162,55,110,55,55,49
15,falling,43,740.0,,195.000,320.820,0.00000,9.00269,9.00269,0.000000,0.000000,0,0,5.81400,3593.304,4.465,13.000,13.000,13.000,15.000,27.000,0.000,0.000,0,0,1.5162,55,110,55,55,49
15,falling,44,757.0,,195.000,329.594,0.00000,9.13972,9.13972,0.000000,0.000000,0,0,5.81400,3593.304,4.465,13.000,13.000,13.000,15.000,27.000,0.000,0.000,0,0,1.5162,55,110,55,55,49
15,falling,45,773.0,,195.000,339.063,0.00000,9.28321,9.28321,0.000000,0.000000,0,0,5.81400,3593.304,4.465,13.000,13.000,13.000,15.000,27.000,0.000,0.000,0,0,1.5162,55,110,55,55,49
15,falling,46,790.0,,195.000,348.676,0.00000,9.42451,9.42451,0.000000,0.000000,0,0,5.81400,3593.304,4.465,13.000,13.000,13.000,15.000,27.000,0.000,0.000,0,0,1.5162,55,110,55,55,49
15,falling,47,807.0,,195.000,357.850,0.00000,9.55547,9.55547,0.000000,0.000000,0,0,5.81400,3593.304,4.465,13.000,13.000,13.000,15.000,27.000,0.000,0.000,0,0,1.5162,55,110,55,55,49
15,falling,48,823.0,,195.000,367.736,0.00000,9.69260,9.69260,0.000000,0.000000,0,0,5.81400,3593.304,4.465,13.000,13.000,13.000,15.000,27.000,0.000,0.000,0,0,1.5162,55,110,55,55,49
15,falling,49,840.0,,195.000,377.760,0.00000,9.82764,9.82764,0.000000,0.000000,0,0,5.81400,3593.304,4.465,13.000,13.000,13.000,15.000,27.000,0.000,0.000,0,0,1.5162,55,110,55,55,49
15,falling,50,857.0,,195.000,387.315,0.00000,9.95279,9.95279,0.000000,0.000000,0,0,5.81400,3593.304,4.465,13.000,13.000,13.000,15.000,27.000,0.000,0.000,0,0,1.5162,55,110,55,55,49
15,falling,51,873.0,,195.000,397.600,0.00000,10.08384,10.08384,0.000000,0.000000,0,0,5.81400,3593.304,4.465,13.000,13.000,13.000,15.000,27.000,0.000,0.000,0,0,1.5162,55,110,55,55,49
15,falling,52,890.0,,195.000,408.018,0.00000,10.21289,10.21289,0.000000,0.000000,0,0,5.81400,3593.304,4.465,13.000,13.000,13.000,15.000,27.000,0.000,0.000,0,0,1.5162,55,110,55,55,49
15,falling,53,907.0,,195.000,417.937,0.00000,10.33249,10.33249,0.000000,0.000000,0,0,5.81400,3593.304,4.465,13.000,13.000,13.000,15.000,27.000,0.000,0.000,0,0,1.5162,55,110,55,55,49
15,falling,54,923.0,,195.000,428.604,0.00000,10.45774,10.45774,0.000000,0.000000,0,0,5.81400,3593.304,4.465,13.000,13.000,13.000,15.000,27.000,0.000,0.000,0,0,1.5162,55,110,55,55,49
15,falling,55,940.0,,195.000,439.396,0.00000,10.58107,10.58107,0.000000,0.000000,0,0,5.81400,3593.304,4.465,13.000,13.000,13.000,15.000,27.000,0.000,0.000,0,0,1.5162,55,110,55,55,49
15,falling,56,957.0,,195.000,449.664,0.00000,10.69537,10.69537,0.000000,0.000000,0,0,5.81400,3593.304,4.465,13.000,13.000,13.000,15.000,27.000,0.000,0.000,0,0,1.5162,55,110,55,55,49
15,falling,57,973.0,,195.000,460.695,0.00000,10.81506,10.81506,0.000000,0.000000,0,0,5.81400,3593.304,4.465,13.000,13.000,13.000,15.000,27.000,0.000,0.000,0,0,1.5162,55,110,55,55,49
15,falling,58,990.0,,195.000,471.847,0.00000,10.93293,10.93293,0.000000,0.000000,0,0,5.81400,3593.304,4.465,13.000,13.000,13.000,15.000,27.000,0.000,0.000,0,0,1.5162,55,110,55,55,49
15,falling,59,1007.0,,195.000,482.447,0.00000,11.04216,11.04216,0.000000,0.000000,0,0,5.81400,3593.304,4.465,13.000,13.000,13.000,15.000,27.000,0.000,0.000,0,0,1.5162,55,110,55,55,49
15,post_landing,60,1023.0,60,195.000,488.618,-0.11260,-0.01672,0.11383,-0.011251,0.000000,0,1,5.81400,3593.304,4.465,13.000,13.000,13.000,15.000,27.000,0.000,0.000,0,10,1.5162,55,110,55,55,49
15,post_landing,61,1040.0,60,194.887,486.035,-0.16550,0.01903,0.16659,-0.004143,-0.011301,0,1,5.81400,3593.304,4.465,13.000,13.010,13.010,15.044,27.089,0.000,0.000,0,5,1.5162,55,110,55,55,49
15,post_landing,62,1057.0,60,194.730,483.791,-0.34782,0.05780,0.35259,0.001935,-0.015220,0,1,5.81400,3593.304,4.465,13.000,13.014,13.014,15.059,27.119,0.000,0.000,0,2,1.5162,55,110,55,55,49
15,post_landing,63,1073.0,60,194.381,483.264,-0.25474,0.03614,0.25729,-0.002904,-0.013277,0,1,5.81400,3593.304,4.465,13.000,13.012,13.012,15.052,27.104,0.000,0.000,0,1,1.5162,55,110,55,55,49
15,post_landing,64,1090.0,60,194.125,483.297,-0.11143,-0.02862,0.11505,-0.008291,-0.016194,0,1,5.81400,3593.304,4.465,13.000,13.014,13.014,15.063,27.126,0.000,0.000,0,1,1.5162,55,110,55,55,49
15,post_landing,65,1107.0,60,194.020,483.395,0.00238,-0.02663,0.02673,-0.008582,-0.024039,0,1,5.81400,3593.304,4.465,13.000,13.020,13.020,15.092,27.184,0.000,0.000,0,1,1.5162,55,110,55,55,49
15,post_landing,66,1123.0,60,194.022,483.501,-0.03960,0.07795,0.08743,-0.006862,-0.032659,0,1,5.81400,3593.304,4.465,13.000,13.026,13.026,15.123,27.247,0.000,0.000,0,1,1.5162,55,110,55,55,49
15,post_landing,67,1140.0,60,193.982,483.593,-0.07861,0.08676,0.11708,-0.007006,-0.039551,0,1,5.81400,3593.304,4.465,13.000,13.029,13.029,15.146,27.295,0.000,0.000,0,1,1.5162,55,110,55,55,49
15,post_landing,68,1157.0,60,193.908,483.672,-0.11012,0.09055,0.14257,-0.007236,-0.046179,0,1,5.81400,3593.304,4.465,13.000,13.032,13.032,15.169,27.341,0.000,0.000,0,1,1.5162,55,110,55,55,49
15,post_landing,69,1173.0,60,193.797,483.767,-0.13805,0.09868,0.16969,-0.007713,-0.053447,0,1,5.81400,3593.304,4.465,13.000,13.035,13.035,15.192,27.389,0.000,0.000,0,1,1.5162,55,110,55,55,49
15,post_landing,70,1190.0,60,193.659,483.868,-0.16289,0.10686,0.19481,-0.008182,-0.061194,0,1,5.81400,3593.304,4.465,13.000,13.037,13.037,15.217,30.494,0.000,0.000,0,1,1.5162,55,110,55,55,49
15,post_landing,71,1207.0,60,193.505,483.966,-0.18418,0.11278,0.21597,-0.008462,-0.068935,0,1,5.81400,3593.304,4.465,13.000,13.038,13.038,15.240,30.549,0.000,0.000,0,1,1.5162,55,110,55,55,49
15,post_landing,72,1223.0,60,193.320,484.084,-0.20403,0.12216,0.23781,-0.008932,-0.077435,0,1,5.81400,3593.304,4.465,13.000,0.077,13.038,15.264,30.606,0.000,0.000,0,1,1.5162,55,110,55,55,49
15,post_landing,73,1240.0,60,193.115,484.209,-0.22221,0.13105,0.25798,-0.009369,-0.086406,0,1,5.81400,3593.304,4.465,13.000,0.086,13.038,15.289,30.665,0.000,0.000,0,1,1.5162,55,110,55,55,49
15,post_landing,74,1257.0,60,192.904,484.330,-0.23786,0.13721,0.27460,-0.009598,-0.095271,0,1,5.81400,3593.304,4.465,13.000,0.095,13.036,15.312,34.797,0.000,0.000,0,1,1.5162,55,110,55,55,49
15,post_landing,75,1273.0,60,192.665,484.473,-0.25284,0.14715,0.29255,-0.010021,-0.104911,0,1,5.81400,3593.304,4.465,13.000,0.105,13.033,15.336,34.860,0.000,0.000,0,1,1.5162,55,110,55,55,49
15,post_landing,76,1290.0,60,192.412,484.623,-0.26678,0.15653,0.30931,-0.010413,-0.114976,0,1,5.81400,3593.304,4.465,13.000,0.115,13.029,15.360,34.923,0.000,0.000,0,1,1.5162,55,110,55,55,49
15,post_landing,77,1307.0,60,192.159,484.769,-0.27869,0.16281,0.32277,-0.010591,-0.124828,0,1,5.81400,3593.304,4.465,13.000,0.125,13.023,15.381,38.082,0.000,0.000,0,1,1.5162,55,110,55,55,49
15,post_landing,78,1323.0,60,191.879,484.939,-0.29035,0.17333,0.33815,-0.010974,-0.135466,0,1,5.81400,3593.304,4.465,13.000,0.135,13.016,15.403,38.147,0.000,0.000,0,1,1.5162,55,110,55,55,49
15,post_landing,79,1340.0,60,191.588,485.115,-0.30132,0.18323,0.35266,-0.011330,-0.146488,0,1,5.81400,3593.304,4.465,13.000,0.146,13.007,15.423,42.312,0.000,0.000,0,1,1.5162,55,110,55,55,49
15,post_landing,80,1357.0,60,191.302,485.286,-0.31056,0.18966,0.36389,-0.011468,-0.157207,0,1,5.81400,3593.304,4.465,13.000,0.157,0.988,15.441,45.493,0.000,0.000,0,1,1.5162,55,110,55,55,49
15,post_landing,81,1373.0,60,190.991,485.483,-0.31979,0.20078,0.37759,-0.011819,-0.168726,0,1,5.81400,3593.304,4.465,13.000,0.168,0.986,15.459,45.558,0.000,0.000,0,1,1.5162,55,110,55,55,49
15,post_landing,82,1390.0,60,190.669,485.688,-0.32853,0.21123,0.39058,-0.012148,-0.180597,0,1,5.81400,3593.304,4.465,13.000,0.180,0.984,15.475,47.767,0.000,0.000,0,1,1.5162,55,110,55,55,49
15,post_landing,83,1407.0,60,190.358,485.886,-0.33573,0.21779,0.40019,-0.012252,-0.192091,0,1,5.81400,3593.304,4.465,13.000,0.191,0.982,15.488,47.827,0.000,0.000,0,1,1.5162,55,110,55,55,49
15,post_landing,84,1423.0,60,190.021,486.111,-0.34305,0.22950,0.41274,-0.012579,-0.204397,0,1,5.81400,3593.304,4.465,13.000,0.203,0.979,15.500,47.884,0.000,0.000,0,1,1.5162,55,110,55,55,49
15,post_landing,85,1440.0,60,189.677,486.345,-0.35001,0.24049,0.42467,-0.012884,-0.217031,0,1,5.81400,3593.304,4.465,13.000,0.215,0.977,15.509,47.936,0.000,0.000,0,1,1.5162,55,110,55,55,49
15,post_landing,86,1457.0,60,189.346,486.571,-0.35555,0.24713,0.43300,-0.012959,-0.229221,0,1,5.81400,3593.304,4.465,13.000,0.227,0.974,15.517,49.406,0.000,0.000,0,1,1.5162,55,110,55,55,49
15,post_landing,87,1473.0,60,188.988,486.826,-0.36125,0.25936,0.44471,-0.013264,-0.242237,0,1,5.81400,3593.304,4.465,13.000,0.240,0.971,25.949,49.466,0.000,0.000,0,1,1.5162,55,110,55,55,49
15,post_landing,88,1490.0,60,188.626,487.090,-0.36668,0.27081,0.45584,-0.013547,-0.255559,0,1,5.81400,3593.304,4.465,13.000,0.253,0.968,25.958,49.518,0.000,0.000,0,1,1.5162,55,110,55,55,49
15,post_landing,89,1507.0,60,188.279,487.345,-0.37076,0.27745,0.46307,-0.013595,-0.268377,0,1,5.81400,3593.304,4.465,13.000,0.265,0.964,25.961,49.560,0.000,0.000,0,1,1.5162,55,110,55,55,49
15,post_landing,90,1523.0,60,187.906,487.630,-0.37501,0.29009,0.47411,-0.013880,-0.282032,0,1,5.81400,3593.304,4.465,13.000,0.278,0.960,45.880,51.113,0.000,0.000,0,1,1.5162,55,110,55,55,49
15,post_landing,91,1540.0,60,187.530,487.925,-0.37904,0.30190,0.48458,-0.014142,-0.295973,0,1,5.81400,3593.304,4.465,13.000,0.292,0.957,48.083,52.411,0.000,0.000,0,1,1.5162,55,110,55,55,49
15,post_landing,92,1557.0,60,187.171,488.210,-0.38178,0.30843,0.49080,-0.014165,-0.309354,0,1,5.81400,3593.304,4.465,13.000,0.304,0.953,48.079,53.715,0.000,0.000,0,1,1.5162,55,110,55,55,49
15,post_landing,93,1573.0,60,186.788,488.527,-0.38467,0.32135,0.50124,-0.014430,-0.323581,0,1,5.81400,3593.304,4.465,13.000,0.318,0.948,36.369,55.030,0.000,0.000,0,1,1.5162,55,110,55,55,49
15,post_landing,94,1590.0,60,186.401,488.853,-0.38737,0.33340,0.51109,-0.014672,-0.338074,0,1,5.81400,3593.304,4.465,13.000,0.332,34.169,37.994,55.078,0.000,0.000,0,1,1.5162,55,110,55,55,49
15,post_landing,95,1607.0,60,186.035,489.168,-0.38884,0.33969,0.51631,-0.014669,-0.351956,0,1,5.81400,3593.304,4.465,13.000,0.345,36.397,38.026,55.113,0.000,0.000,0,1,1.5162,55,110,55,55,49
15,post_landing,96,1623.0,60,185.644,489.516,-0.39041,0.35275,0.52617,-0.014915,-0.366690,0,1,5.81400,3593.304,4.465,13.000,0.359,36.401,38.051,56.789,0.000,0.000,0,1,1.5162,55,110,55,55,49
15,post_landing,97,1640.0,60,185.252,489.874,-0.39183,0.36489,0.53542,-0.015136,-0.381670,0,1,5.81400,3593.304,4.465,13.000,35.840,36.396,39.742,58.126,0.000,0.000,0,1,1.5162,55,110,55,55,49
15,post_landing,98,1657.0,60,184.881,490.334,-0.22412,-0.04397,0.22840,-0.007285,-0.395992,0,1,5.81400,3593.304,4.465,13.000,35.846,38.077,41.080,58.156,0.000,0.000,0,4,1.5162,55,110,55,55,49
15,post_landing,99,1673.0,60,184.656,490.341,-0.14940,-0.03148,0.15268,-0.004013,-0.403309,0,1,5.81400,3593.304,4.465,13.000,35.847,38.079,41.096,58.167,0.000,0.000,0,4,1.5162,55,110,55,55,49
15,post_landing,100,1690.0,60,184.506,490.342,-0.01541,-0.02026,0.02546,-0.005036,-0.407340,0,1,5.81400,3593.304,4.465,13.000,35.846,38.079,41.104,59.882,0.000,0.000,0,4,1.5162,55,110,55,55,49
15,post_landing,101,1707.0,60,184.491,490.339,-0.17532,-0.18532,0.25511,0.009669,-0.412104,0,1,5.81400,3593.304,4.465,13.000,35.845,38.078,41.112,59.893,0.000,0.000,0,4,1.5162,55,110,55,55,49
15,post_landing,102,1723.0,60,184.315,490.332,-0.00514,0.00000,0.00514,0.000000,-0.402393,0,1,5.81400,3593.304,4.465,13.000,35.847,38.079,41.094,58.166,0.000,0.000,0,4,1.5162,55,110,55,55,49
15,post_landing,103,1740.0,60,184.310,490.344,-0.20848,-0.04257,0.21278,0.003766,-0.402393,0,1,5.81400,3593.304,4.465,13.000,35.847,38.079,41.094,58.166,0.000,0.000,0,4,1.5162,55,110,55,55,49
15,post_landing,104,1758.0,60,184.113,490.339,0.03908,-0.01876,0.04335,-0.004522,-0.398829,0,1,5.81400,3593.304,4.465,13.000,35.847,38.078,41.086,58.161,0.000,0.000,0,4,1.5162,55,110,55,55,49
15,post_landing,105,1773.0,60,184.152,490.343,0.23297,-0.02019,0.23385,-0.009753,-0.403371,0,1,5.81400,3593.304,4.465,13.000,35.847,38.079,41.096,58.167,0.000,0.000,0,4,1.5162,55,110,55,55,49
15,post_landing,106,1790.0,60,184.386,490.343,-0.21247,-0.04213,0.21661,0.004034,-0.413167,0,1,5.81400,3593.304,4.465,13.000,35.844,38.078,41.114,59.895,0.000,0.000,0,4,1.5162,55,110,55,55,49
15,post_landing,107,1807.0,60,184.185,490.337,-0.18747,-0.03998,0.19168,0.001303,-0.409350,0,1,5.81400,3593.304,4.465,13.000,35.846,38.078,41.107,59.887,0.000,0.000,0,4,1.5162,55,110,55,55,49
15,post_landing,108,1823.0,60,183.997,490.341,-0.01571,0.00000,0.01571,-0.002617,-0.408042,0,1,5.81400,3593.304,4.465,13.000,35.846,38.079,41.105,59.884,0.000,0.000,0,4,1.5162,55,110,55,55,49
15,post_landing,109,1840.0,60,183.981,490.344,-0.45417,-0.08894,0.46280,0.007467,-0.410671,0,1,5.81400,3593.304,4.465,13.000,35.845,38.078,41.110,59.890,0.000,0.000,0,4,1.5162,55,110,55,55,49
15,post_landing,110,1857.0,60,183.551,490.335,-0.12464,-0.02256,0.12667,-0.004030,-0.403606,0,1,5.81400,3593.304,4.465,13.000,35.847,38.079,41.096,58.167,0.000,0.000,0,4,1.5162,55,110,55,55,49
15,post_landing,111,1873.0,60,183.426,490.342,-0.12627,-0.02335,0.12841,0.000908,-0.407653,0,1,5.81400,3593.304,4.465,13.000,35.846,38.079,41.104,59.883,0.000,0.000,0,4,1.5162,55,110,55,55,49
15,post_landing,112,1890.0,60,183.299,490.342,0.39669,-0.10015,0.40913,-0.015123,-0.406741,0,1,5.81400,3593.304,4.465,13.000,35.846,38.079,41.102,59.880,0.000,0.000,0,4,1.5162,55,110,55,55,49
15,post_landing,113,1907.0,60,183.675,490.179,0.10349,0.01532,0.10462,0.001286,-0.421050,0,1,5.81400,3593.304,4.465,13.000,35.840,37.570,42.447,59.910,0.000,0.000,0,3,1.5162,55,110,55,55,49
15,post_landing,114,1923.0,60,183.779,490.189,0.27906,0.00000,0.27906,-0.004149,-0.419759,0,1,5.81400,3593.304,4.465,13.000,35.841,37.569,42.444,59.908,0.000,0.000,0,3,1.5162,55,110,55,55,49
15,post_landing,115,1940.0,60,184.059,490.158,0.54597,-0.02307,0.54646,-0.013117,-0.423926,0,1,5.81400,3593.304,4.465,13.000,35.838,37.572,42.452,59.915,0.000,0.000,0,3,1.5162,55,110,55,55,49
15,post_landing,116,1957.0,60,184.576,490.061,0.30355,0.00000,0.30355,0.000000,-0.436338,0,1,5.81400,3593.304,4.465,13.000,5.377,37.576,42.469,59.929,0.000,0.000,0,3,1.5162,55,110,55,55,49
15,post_landing,117,1973.0,60,184.880,490.060,0.08886,0.03180,0.09438,0.010068,-0.436338,0,1,5.81400,3593.304,4.465,13.000,5.377,37.576,42.469,59.929,0.000,0.000,0,3,1.5162,55,110,55,55,49
15,post_landing,118,1990.0,60,184.970,490.135,0.13931,0.03650,0.14401,0.007101,-0.426225,0,1,5.81400,3593.304,4.465,13.000,35.836,37.573,42.456,59.918,0.000,0.000,0,3,1.5162,55,110,55,55,49
15,post_landing,119,2007.0,60,185.101,490.185,0.09878,0.04738,0.10955,0.008657,-0.419507,0,1,5.81400,3593.304,4.465,13.000,35.841,37.569,42.444,59.908,0.000,0.000,0,3,1.5162,55,110,55,55,49
16,falling,0,29.0,,195.000,97.029,0.00000,0.55000,0.55000,0.000000,0.000000,0,0,3.30600,3597.108,6.323,12.000,12.000,15.000,21.000,23.000,0.000,0.000,0,0,2.0291,49,98,49,49,48
16,falling,1,42.0,,195.000,97.622,0.00000,0.76023,0.76023,0.000000,0.000000,0,0,3.30600,3597.108,6.323,12.000,12.000,15.000,21.000,23.000,0.000,0.000,0,0,2.0291,49,98,49,49,48
16,falling,2,59.0,,195.000,98.675,0.00000,1.03193,1.03193,0.000000,0.000000,0,0,3.30600,3597.108,6.323,12.000,12.000,15.000,21.000,23.000,0.000,0.000,0,0,2.0291,49,98,49,49,48
16,falling,3,76.0,,195.000,100.000,0.00000,1.29948,1.29948,0.000000,0.000000,0,0,3.30600,3597.108,6.323,12.000,12.000,15.000,21.000,23.000,0.000,0.000,0,0,2.0291,49,98,49,49,48
16,falling,4,92.0,,195.000,101.486,0.00000,1.54743,1.54743,0.000000,0.000000,0,0,3.30600,3597.108,6.323,12.000,12.000,15.000,21.000,23.000,0.000,0.000,0,0,2.0291,49,98,49,49,48
16,falling,5,109.0,,195.000,103.329,0.00000,1.80709,1.80709,0.000000,0.000000,0,0,3.30600,3597.108,6.323,12.000,12.000,15.000,21.000,23.000,0.000,0.000,0,0,2.0291,49,98,49,49,48
16,falling,6,126.0,,195.000,105.295,0.00000,2.04773,2.04773,0.000000,0.000000,0,0,3.30600,3597.108,6.323,12.000,12.000,15.000,21.000,23.000,0.000,0.000,0,0,2.0291,49,98,49,49,48
16,falling,7,142.0,,195.000,107.640,0.00000,2.29974,2.29974,0.000000,0.000000,0,0,3.30600,3597.108,6.323,12.000,12.000,15.000,21.000,23.000,0.000,0.000,0,0,2.0291,49,98,49,49,48
16,falling,8,159.0,,195.000,110.239,0.00000,2.54788,2.54788,0.000000,0.000000,0,0,3.30600,3597.108,6.323,12.000,12.000,15.000,21.000,23.000,0.000,0.000,0,0,2.0291,49,98,49,49,48
16,falling,9,176.0,,195.000,113.087,0.00000,2.79224,2.79224,0.000000,0.000000,0,0,3.30600,3597.108,6.323,12.000,12.000,15.000,21.000,23.000,0.000,0.000,0,0,2.0291,49,98,49,49,48
16,falling,10,192.0,,195.000,115.985,0.00000,3.01869,3.01869,0.000000,0.000000,0,0,3.30600,3597.108,6.323,12.000,12.000,15.000,21.000,23.000,0.000,0.000,0,0,2.0291,49,98,49,49,48
16,falling,11,209.0,,195.000,119.306,0.00000,3.25584,3.25584,0.000000,0.000000,0,0,3.30600,3597.108,6.323,12.000,12.000,15.000,21.000,23.000,0.000,0.000,0,0,2.0291,49,98,49,49,48
16,falling,12,226.0,,195.000,122.865,0.00000,3.48936,3.48936,0.000000,0.000000,0,0,3.30600,3597.108,6.323,12.000,12.000,15.000,21.000,23.000,0.000,0.000,0,0,2.0291,49,98,49,49,48
16,falling,13,242.0,,195.000,126.423,0.00000,3.70578,3.70578,0.000000,0.000000,0,0,3.30600,3597.108,6.323,12.000,12.000,15.000,21.000,23.000,0.000,0.000,0,0,2.0291,49,98,49,49,48
16,falling,14,259.0,,195.000,130.434,0.00000,3.93242,3.93242,0.000000,0.000000,0,0,3.30600,3597.108,6.323,12.000,12.000,15.000,21.000,23.000,0.000,0.000,0,0,2.0291,49,98,49,49,48
16,falling,15,276.0,,195.000,134.411,0.00000,4.14246,4.14246,0.000000,0.000000,0,0,3.30600,3597.108,6.323,12.000,12.000,15.000,21.000,23.000,0.000,0.000,0,0,2.0291,49,98,49,49,48
16,falling,16,292.0,,195.000,138.860,0.00000,4.36241,4.36241,0.000000,0.000000,0,0,3.30600,3597.108,6.323,12.000,12.000,15.000,21.000,23.000,0.000,0.000,0,0,2.0291,49,98,49,49,48
16,falling,17,309.0,,195.000,143.531,0.00000,4.57900,4.57900,0.000000,0.000000,0,0,3.30600,3597.108,6.323,12.000,12.000,15.000,21.000,23.000,0.000,0.000,0,0,2.0291,49,98,49,49,48
16,falling,18,326.0,,195.000,148.119,0.00000,4.77973,4.77973,0.000000,0.000000,0,0,3.30600,3597.108,6.323,12.000,12.000,15.000,21.000,23.000,0.000,0.000,0,0,2.0291,49,98,49,49,48
16,falling,19,342.0,,195.000,153.209,0.00000,4.98993,4.98993,0.000000,0.000000,0,0,3.30600,3597.108,6.323,12.000,12.000,15.000,21.000,23.000,0.000,0.000,0,0,2.0291,49,98,49,49,48
16,falling,20,359.0,,195.000,158.510,0.00000,5.19692,5.19692,0.000000,0.000000,0,0,3.30600,3597.108,6.323,12.000,12.000,15.000,21.000,23.000,0.000,0.000,0,0,2.0291,49,98,49,49,48
16,falling,21,376.0,,195.000,163.683,0.00000,5.38875,5.38875,0.000000,0.000000,0,0,3.30600,3597.108,6.323,12.000,12.000,15.000,21.000,23.000,0.000,0.000,0,0,2.0291,49,98,49,49,48
16,falling,22,392.0,,195.000,169.385,0.00000,5.58963,5.58963,0.000000,0.000000,0,0,3.30600,3597.108,6.323,12.000,12.000,15.000,21.000,23.000,0.000,0.000,0,0,2.0291,49,98,49,49,48
16,falling,23,409.0,,195.000,175.288,0.00000,5.78745,5.78745,0.000000,0.000000,0,0,3.30600,3597.108,6.323,12.000,12.000,15.000,21.000,23.000,0.000,0.000,0,0,2.0291,49,98,49,49,48
16,falling,24,426.0,,195.000,181.020,0.00000,5.97077,5.97077,0.000000,0.000000,0,0,3.30600,3597.108,6.323,12.000,12.000,15.000,21.000,23.000,0.000,0.000,0,0,2.0291,49,98,49,49,48
16,falling,25,442.0,,195.000,187.306,0.00000,6.16275,6.16275,0.000000,0.000000,0,0,3.30600,3597.108,6.323,12.000,12.000,15.000,21.000,23.000,0.000,0.000,0,0,2.0291,49,98,49,49,48
16,falling,26,459.0,,195.000,193.785,0.00000,6.35180,6.35180,0.000000,0.000000,0,0,3.30600,3597.108,6.323,12.000,12.000,15.000,21.000,23.000,0.000,0.000,0,0,2.0291,49,98,49,49,48
16,falling,27,476.0,,195.000,200.051,0.00000,6.52700,6.52700,0.000000,0.000000,0,0,3.30600,3597.108,6.323,12.000,12.000,15.000,21.000,23.000,0.000,0.000,0,0,2.0291,49,98,49,49,48
16,falling,28,492.0,,195.000,206.895,0.00000,6.71047,6.71047,0.000000,0.000000,0,0,3.30600,3597.108,6.323,12.000,12.000,15.000,21.000,23.000,0.000,0.000,0,0,2.0291,49,98,49,49,48
16,falling,29,509.0,,195.000,213.924,0.00000,6.89113,6.89113,0.000000,0.000000,0,0,3.30600,3597.108,6.323,12.000,12.000,15.000,21.000,23.000,0.000,0.000,0,0,2.0291,49,98,49,49,48
16,falling,30,526.0,,195.000,220.700,0.00000,7.05857,7.05857,0.000000,0.000000,0,0,3.30600,3597.108,6.323,12.000,12.000,15.000,21.000,23.000,0.000,0.000,0,0,2.0291,49,98,49,49,48
16,falling,31,542.0,,195.000,228.079,0.00000,7.23390,7.23390,0.000000,0.000000,0,0,3.30600,3597.108,6.323,12.000,12.000,15.000,21.000,23.000,0.000,0.000,0,0,2.0291,49,98,49,49,48
16,falling,32,559.0,,195.000,235.634,0.00000,7.40656,7.40656,0.000000,0.000000,0,0,3.30600,3597.108,6.323,12.000,6.000,12.000,18.000,22.000,0.000,0.000,0,0,2.0291,49,98,49,49,48
16,falling,33,576.0,,195.000,242.898,0.00000,7.56657,7.56657,0.000000,0.000000,0,0,3.30600,3597.108,6.323,12.000,6.000,12.000,18.000,22.000,0.000,0.000,0,0,2.0291,49,98,49,49,48
16,falling,34,592.0,,195.000,250.786,0.00000,7.73413,7.73413,0.000000,0.000000,0,0,3.30600,3597.108,6.323,12.000,6.000,12.000,18.000,22.000,0.000,0.000,0,0,2.0291,49,98,49,49,48
16,falling,35,609.0,,195.000,258.844,0.00000,7.89914,7.89914,0.000000,0.000000,0,0,3.30600,3597.108,6.323,12.000,6.000,12.000,18.000,22.000,0.000,0.000,0,0,2.0291,49,98,49,49,48
16,falling,36,626.0,,195.000,266.574,0.00000,8.05205,8.05205,0.000000,0.000000,0,0,3.30600,3597.108,6.323,12.000,6.000,12.000,18.000,22.000,0.000,0.000,0,0,2.0291,49,98,49,49,48
16,falling,37,642.0,,195.000,274.950,0.00000,8.21219,8.21219,0.000000,0.000000,0,0,3.30600,3597.108,6.323,12.000,6.000,12.000,18.000,22.000,0.000,0.000,0,0,2.0291,49,98,49,49,48
16,falling,38,659.0,,195.000,283.487,0.00000,8.36988,8.36988,0.000000,0.000000,0,0,3.30600,3597.108,6.323,12.000,6.000,12.000,18.000,22.000,0.000,0.000,0,0,2.0291,49,98,49,49,48
16,falling,39,676.0,,195.000,291.663,0.00000,8.51602,8.51602,0.000000,0.000000,0,0,3.30600,3597.108,6.323,12.000,6.000,12.000,18.000,22.000,0.000,0.000,0,0,2.0291,49,98,49,49,48
16,falling,40,692.0,,195.000,300.505,0.00000,8.66906,8.66906,0.000000,0.000000,0,0,3.30600,3597.108,6.323,12.000,6.000,12.000,18.000,22.000,0.000,0.000,0,0,2.0291,49,98,49,49,48
16,falling,41,709.0,,195.000,309.501,0.00000,8.81975,8.81975,0.000000,0.000000,0,0,3.30600,3597.108,6.323,12.000,6.000,12.000,18.000,22.000,0.000,0.000,0,0,2.0291,49,98,49,49,48
16,falling,42,726.0,,195.000,318.102,0.00000,8.95942,8.95942,0.000000,0.000000,0,0,3.30600,3597.108,6.323,12.000,6.000,12.000,18.000,22.000,0.000,0.000,0,0,2.0291,49,98,49,49,48
16,falling,43,742.0,,195.000,327.390,0.00000,9.10567,9.10567,0.000000,0.000000,0,0,3.30600,3597.108,6.323,12.000,6.000,12.000,18.000,22.000,0.000,0.000,0,0,2.0291,49,98,49,49,48
16,falling,44,759.0,,195.000,336.825,0.00000,9.24969,9.24969,0.000000,0.000000,0,0,3.30600,3597.108,6.323,12.000,6.000,12.000,18.000,22.000,0.000,0.000,0,0,2.0291,49,98,49,49,48
16,falling,45,776.0,,195.000,345.833,0.00000,9.38316,9.38316,0.000000,0.000000,0,0,3.30600,3597.108,6.323,12.000,12.000,15.000,21.000,23.000,0.000,0.000,0,0,2.0291,49,98,49,49,48
16,falling,46,792.0,,195.000,355.546,0.00000,9.52293,9.52293,0.000000,0.000000,0,0,3.30600,3597.108,6.323,12.000,12.000,15.000,21.000,23.000,0.000,0.000,0,0,2.0291,49,98,49,49,48
16,falling,47,809.0,,195.000,365.400,0.00000,9.66056,9.66056,0.000000,0.000000,0,0,3.30600,3597.108,6.323,12.000,12.000,15.000,21.000,23.000,0.000,0.000,0,0,2.0291,49,98,49,49,48
16,falling,48,826.0,,195.000,374.796,0.00000,9.78812,9.78812,0.000000,0.000000,0,0,3.30600,3597.108,6.323,12.000,12.000,15.000,21.000,23.000,0.000,0.000,0,0,2.0291,49,98,49,49,48
16,falling,49,842.0,,195.000,384.916,0.00000,9.92169,9.92169,0.000000,0.000000,0,0,3.30600,3597.108,6.323,12.000,12.000,15.000,21.000,23.000,0.000,0.000,0,0,2.0291,49,98,49,49,48
16,falling,50,859.0,,195.000,395.171,0.00000,10.05322,10.05322,0.000000,0.000000,0,0,3.30600,3597.108,6.323,12.000,12.000,15.000,21.000,23.000,0.000,0.000,0,0,2.0291,49,98,49,49,48
16,falling,51,876.0,,195.000,404.939,0.00000,10.17512,10.17512,0.000000,0.000000,0,0,3.30600,3597.108,6.323,12.000,12.000,15.000,21.000,23.000,0.000,0.000,0,0,2.0291,49,98,49,49,48
16,falling,52,892.0,,195.000,415.448,0.00000,10.30278,10.30278,0.000000,0.000000,0,0,3.30600,3597.108,6.323,12.000,12.000,15.000,21.000,23.000,0.000,0.000,0,0,2.0291,49,98,49,49,48
16,falling,53,909.0,,195.000,426.085,0.00000,10.42848,10.42848,0.000000,0.000000,0,0,3.30600,3597.108,6.323,12.000,12.000,15.000,21.000,23.000,0.000,0.000,0,0,2.0291,49,98,49,49,48
16,falling,54,926.0,,195.000,436.208,0.00000,10.54497,10.54497,0.000000,0.000000,0,0,3.30600,3597.108,6.323,12.000,12.000,15.000,21.000,23.000,0.000,0.000,0,0,2.0291,49,98,49,49,48
16,falling,55,942.0,,195.000,447.088,0.00000,10.66697,10.66697,0.000000,0.000000,0,0,3.30600,3597.108,6.323,12.000,12.000,15.000,21.000,23.000,0.000,0.000,0,0,2.0291,49,98,49,49,48
16,falling,56,959.0,,195.000,458.091,0.00000,10.78710,10.78710,0.000000,0.000000,0,0,3.30600,3597.108,6.323,12.000,12.000,15.000,21.000,23.000,0.000,0.000,0,0,2.0291,49,98,49,49,48
16,falling,57,976.0,,195.000,468.553,0.00000,10.89843,10.89843,0.000000,0.000000,0,0,3.30600,3597.108,6.323,12.000,12.000,15.000,21.000,23.000,0.000,0.000,0,0,2.0291,49,98,49,49,48
16,falling,58,992.0,,195.000,479.789,0.00000,11.01502,11.01502,0.000000,0.000000,0,0,3.30600,3597.108,6.323,12.000,12.000,15.000,21.000,23.000,0.000,0.000,0,0,2.0291,49,98,49,49,48
16,falling,59,1009.0,,195.000,491.141,0.00000,11.12982,11.12982,0.000000,0.000000,0,0,3.30600,3597.108,6.323,12.000,6.000,12.000,18.000,22.000,0.000,0.000,0,0,2.0291,49,98,49,49,48
16,post_landing,60,1026.0,60,195.000,500.769,-1.13818,0.08114,1.14107,-0.023596,0.000000,0,1,3.30600,3597.108,6.323,12.000,12.000,15.000,21.000,23.000,0.000,0.000,0,3,2.0291,49,98,49,49,48
16,post_landing,61,1042.0,60,193.857,500.450,-0.64232,0.06557,0.64566,-0.013682,-0.023700,0,1,3.30600,3597.108,6.323,12.000,11.021,15.019,21.065,23.159,0.000,0.000,0,2,2.0291,49,98,49,49,48
16,post_landing,62,1059.0,60,193.212,500.153,-0.37687,0.07771,0.38480,-0.008100,-0.037442,0,1,3.30600,3597.108,6.323,12.000,11.030,15.027,21.098,23.246,0.000,0.000,0,1,2.0291,49,98,49,49,48
16,post_landing,63,1076.0,60,192.855,500.233,-0.23883,0.05037,0.24409,-0.005159,-0.045106,0,1,3.30600,3597.108,6.323,12.000,11.034,15.030,21.114,23.292,0.000,0.000,0,1,2.0291,49,98,49,49,48
16,post_landing,64,1092.0,60,192.615,500.291,-0.16600,0.03548,0.16975,-0.003598,-0.050287,0,1,3.30600,3597.108,6.323,12.000,11.036,15.031,21.124,23.323,0.000,0.000,0,1,2.0291,49,98,49,49,48
16,post_landing,65,1109.0,60,192.448,500.331,-0.12660,0.02725,0.12950,-0.002750,-0.053901,0,1,3.30600,3597.108,6.323,12.000,11.038,15.032,21.131,23.344,0.000,0.000,0,1,2.0291,49,98,49,49,48
16,post_landing,66,1126.0,60,192.329,500.375,-0.10406,0.04588,0.11373,-0.004173,-0.056504,0,1,3.30600,3597.108,6.323,12.000,11.039,15.033,21.136,23.359,0.000,0.000,0,1,2.0291,49,98,49,49,48
16,post_landing,67,1142.0,60,192.224,500.426,-0.12123,0.05399,0.13271,-0.004873,-0.060695,0,1,3.30600,3597.108,6.323,12.000,11.040,15.033,21.143,57.502,0.000,0.000,0,1,2.0291,49,98,49,49,48
16,post_landing,68,1159.0,60,192.102,500.481,-0.13527,0.06095,0.14837,-0.005451,-0.065589,0,1,3.30600,3597.108,6.323,12.000,11.042,15.033,21.151,57.533,0.000,0.000,0,1,2.0291,49,98,49,49,48
16,post_landing,69,1176.0,60,191.974,500.535,-0.14467,0.06600,0.15902,-0.005847,-0.070747,0,1,3.30600,3597.108,6.323,12.000,11.043,15.033,21.230,57.564,0.000,0.000,0,1,2.0291,49,98,49,49,48
16,post_landing,70,1192.0,60,191.829,500.606,-0.15458,0.07150,0.17032,-0.006267,-0.076619,0,1,3.30600,3597.108,6.323,12.000,11.044,15.033,21.245,61.663,0.000,0.000,0,1,2.0291,49,98,49,49,48
16,post_landing,71,1209.0,60,191.674,500.678,-0.16277,0.07641,0.17981,-0.006623,-0.082914,0,1,3.30600,3597.108,6.323,12.000,11.045,15.031,21.259,61.701,0.000,0.000,0,1,2.0291,49,98,49,49,48
16,post_landing,72,1226.0,60,191.520,500.747,-0.16745,0.07976,0.18547,-0.006838,-0.089181,0,1,3.30600,3597.108,6.323,12.000,11.045,15.029,21.273,64.814,0.000,0.000,0,1,2.0291,49,98,49,49,48
16,post_landing,73,1242.0,60,191.352,500.831,-0.17358,0.08400,0.19283,-0.007116,-0.096048,0,1,3.30600,3597.108,6.323,12.000,11.045,18.109,21.287,64.856,0.000,0.000,0,1,2.0291,49,98,49,49,48
16,post_landing,74,1259.0,60,191.177,500.916,-0.17872,0.08791,0.19917,-0.007358,-0.103196,0,1,3.30600,3597.108,6.323,12.000,11.044,18.110,21.300,64.896,0.000,0.000,0,1,2.0291,49,98,49,49,48
16,post_landing,75,1276.0,60,191.008,500.996,-0.18091,0.09040,0.20224,-0.007479,-0.110157,0,1,3.30600,3597.108,6.323,12.000,11.043,18.111,21.312,65.041,0.000,0.000,0,1,2.0291,49,98,49,49,48
16,post_landing,76,1292.0,60,190.827,501.091,-0.18505,0.09405,0.20758,-0.007685,-0.117669,0,1,3.30600,3597.108,6.323,12.000,11.041,18.110,21.324,65.084,0.000,0.000,0,1,2.0291,49,98,49,49,48
16,post_landing,77,1309.0,60,190.641,501.186,-0.18858,0.09752,0.21230,-0.007869,-0.125388,0,1,3.30600,3597.108,6.323,12.000,14.140,18.109,21.335,65.248,0.000,0.000,0,1,2.0291,49,98,49,49,48
16,post_landing,78,1326.0,60,190.462,501.275,-0.18942,0.09958,0.21400,-0.007941,-0.132834,0,1,3.30600,3597.108,6.323,12.000,14.142,18.106,22.468,65.290,0.000,0.000,0,1,2.0291,49,98,49,49,48
16,post_landing,79,1342.0,60,190.272,501.514,-0.18281,0.05839,0.19191,-0.007658,-0.140810,0,1,3.30600,3597.108,6.323,12.000,14.142,21.213,57.839,65.472,0.000,0.000,0,2,2.0291,49,98,49,49,48
16,post_landing,80,1359.0,60,190.088,501.601,-0.17281,0.05676,0.18189,-0.007319,-0.148503,0,1,3.30600,3597.108,6.323,12.000,14.142,20.372,61.956,65.515,0.000,0.000,0,2,2.0291,49,98,49,49,48
16,post_landing,81,1376.0,60,189.925,501.669,-0.16427,0.05514,0.17328,-0.006989,-0.155427,0,1,3.30600,3597.108,6.323,12.000,14.141,20.378,61.967,65.705,0.000,0.000,0,2,2.0291,49,98,49,49,48
16,post_landing,82,1392.0,60,189.760,501.747,-0.15914,0.05459,0.16824,-0.006803,-0.162447,0,1,3.30600,3597.108,6.323,12.000,14.139,20.384,65.098,65.745,0.000,0.000,0,2,2.0291,49,98,49,49,48
16,post_landing,83,1409.0,60,189.600,501.820,-0.15531,0.05440,0.16456,-0.006670,-0.169279,0,1,3.30600,3597.108,6.323,12.000,8.223,20.388,65.107,65.781,0.000,0.000,0,2,2.0291,49,98,49,49,48
16,post_landing,84,1426.0,60,189.453,501.884,-0.15101,0.05391,0.16034,-0.006513,-0.175590,0,1,3.30600,3597.108,6.323,12.000,8.226,20.391,65.287,65.986,0.000,0.000,0,2,2.0291,49,98,49,49,48
16,post_landing,85,1443.0,60,189.301,501.959,-0.14931,0.05436,0.15890,-0.006470,-0.182132,0,1,3.30600,3597.108,6.323,12.000,11.361,57.066,65.296,66.021,0.000,0.000,0,2,2.0291,49,98,49,49,48
16,post_landing,86,1459.0,60,189.151,502.030,-0.14787,0.05499,0.15777,-0.006456,-0.188631,0,1,3.30600,3597.108,6.323,12.000,11.367,61.186,65.302,66.053,0.000,0.000,0,2,2.0291,49,98,49,49,48
16,post_landing,87,1476.0,60,189.012,502.094,-0.14589,0.05515,0.15597,-0.006384,-0.194740,0,1,3.30600,3597.108,6.323,12.000,11.373,64.325,65.499,66.080,0.000,0.000,0,2,2.0291,49,98,49,49,48
16,post_landing,88,1492.0,60,188.865,502.170,-0.14615,0.05621,0.15659,-0.006412,-0.201152,0,1,3.30600,3597.108,6.323,12.000,55.309,64.327,65.507,66.106,0.000,0.000,0,2,2.0291,49,98,49,49,48
16,post_landing,89,1509.0,60,188.718,502.348,-0.14300,0.03580,0.14741,-0.006235,-0.207592,0,1,3.30600,3597.108,6.323,12.000,55.314,64.327,65.717,66.130,0.000,0.000,0,3,2.0291,49,98,49,49,48
16,post_landing,90,1526.0,60,188.583,502.467,-0.00088,0.00000,0.00088,0.000000,-0.213491,0,1,3.30600,3597.108,6.323,12.000,58.460,64.536,65.725,66.149,0.000,0.000,0,5,2.0291,49,98,49,49,48
16,post_landing,91,1542.0,60,188.582,502.477,0.00008,0.00000,0.00008,0.000000,-0.213491,0,1,3.30600,3597.108,6.323,12.000,58.460,64.536,65.725,66.149,0.000,0.000,0,5,2.0291,49,98,49,49,48
16,post_landing,92,1559.0,60,188.582,502.478,0.00000,0.00000,0.00000,0.000000,-0.213491,0,1,3.30600,3597.108,6.323,12.000,58.460,64.536,65.725,66.149,0.000,0.000,0,5,2.0291,49,98,49,49,48
16,post_landing,93,1576.0,60,188.582,502.474,0.00001,0.00000,0.00001,0.000000,-0.213491,0,1,3.30600,3597.108,6.323,12.000,58.460,64.536,65.725,66.149,0.000,0.000,0,5,2.0291,49,98,49,49,48
16,post_landing,94,1592.0,60,188.582,502.478,-0.00001,0.00000,0.00001,0.000000,-0.213491,0,1,3.30600,3597.108,6.323,12.000,58.460,64.536,65.725,66.149,0.000,0.000,0,5,2.0291,49,98,49,49,48
16,post_landing,95,1609.0,60,188.582,502.478,-0.00000,0.00000,0.00000,0.000000,-0.213491,0,1,3.30600,3597.108,6.323,12.000,58.460,64.536,65.725,66.149,0.000,0.000,0,5,2.0291,49,98,49,49,48
16,post_landing,96,1626.0,60,188.582,502.474,0.00001,0.00000,0.00001,0.000000,-0.213491,0,1,3.30600,3597.108,6.323,12.000,58.460,64.536,65.725,66.149,0.000,0.000,0,5,2.0291,49,98,49,49,48
16,post_landing,97,1642.0,60,188.582,502.478,-0.00001,0.00000,0.00001,0.000000,-0.213491,0,1,3.30600,3597.108,6.323,12.000,58.460,64.536,65.725,66.149,0.000,0.000,0,5,2.0291,49,98,49,49,48
16,post_landing,98,1659.0,60,188.582,502.478,-0.00000,0.00000,0.00000,0.000000,-0.213491,0,1,3.30600,3597.108,6.323,12.000,58.460,64.536,65.725,66.149,0.000,0.000,0,5,2.0291,49,98,49,49,48
16,post_landing,99,1676.0,60,188.582,502.474,0.00001,0.00000,0.00001,0.000000,-0.213491,0,1,3.30600,3597.108,6.323,12.000,58.460,64.536,65.725,66.149,0.000,0.000,0,5,2.0291,49,98,49,49,48
16,post_landing,100,1692.0,60,188.582,502.478,-0.00001,0.00000,0.00001,0.000000,-0.213491,0,1,3.30600,3597.108,6.323,12.000,58.460,64.536,65.725,66.149,0.000,0.000,0,5,2.0291,49,98,49,49,48
16,post_landing,101,1709.0,60,188.582,502.478,-0.00000,0.00000,0.00000,0.000000,-0.213491,0,1,3.30600,3597.108,6.323,12.000,58.460,64.536,65.725,66.149,0.000,0.000,0,5,2.0291,49,98,49,49,48
16,post_landing,102,1726.0,60,188.582,502.474,0.00001,0.00000,0.00001,0.000000,-0.213491,0,1,3.30600,3597.108,6.323,12.000,58.460,64.536,65.725,66.149,0.000,0.000,0,5,2.0291,49,98,49,49,48
16,post_landing,103,1742.0,60,188.582,502.478,-0.00001,0.00000,0.00001,0.000000,-0.213491,0,1,3.30600,3597.108,6.323,12.000,58.460,64.536,65.725,66.149,0.000,0.000,0,5,2.0291,49,98,49,49,48
16,post_landing,104,1759.0,60,188.582,502.478,-0.00000,0.00000,0.00000,0.000000,-0.213491,0,1,3.30600,3597.108,6.323,12.000,58.460,64.536,65.725,66.149,0.000,0.000,0,5,2.0291,49,98,49,49,48
16,post_landing,105,1776.0,60,188.582,502.474,0.00001,0.00000,0.00001,0.000000,-0.213491,0,1,3.30600,3597.108,6.323,12.000,58.460,64.536,65.725,66.149,0.000,0.000,0,5,2.0291,49,98,49,49,48
16,post_landing,106,1792.0,60,188.582,502.478,-0.00001,0.00000,0.00001,0.000000,-0.213491,0,1,3.30600,3597.108,6.323,12.000,58.460,64.536,65.725,66.149,0.000,0.000,0,5,2.0291,49,98,49,49,48
16,post_landing,107,1809.0,60,188.582,502.478,-0.00000,0.00000,0.00000,0.000000,-0.213491,0,1,3.30600,3597.108,6.323,12.000,58.460,64.536,65.725,66.149,0.000,0.000,0,5,2.0291,49,98,49,49,48
16,post_landing,108,1826.0,60,188.582,502.474,0.00001,0.00000,0.00001,0.000000,-0.213491,0,1,3.30600,3597.108,6.323,12.000,58.460,64.536,65.725,66.149,0.000,0.000,0,5,2.0291,49,98,49,49,48
16,post_landing,109,1842.0,60,188.582,502.478,-0.00001,0.00000,0.00001,0.000000,-0.213491,0,1,3.30600,3597.108,6.323,12.000,58.460,64.536,65.725,66.149,0.000,0.000,0,5,2.0291,49,98,49,49,48
16,post_landing,110,1859.0,60,188.582,502.478,-0.00000,0.00000,0.00000,0.000000,-0.213491,0,1,3.30600,3597.108,6.323,12.000,58.460,64.536,65.725,66.149,0.000,0.000,0,5,2.0291,49,98,49,49,48
16,post_landing,111,1876.0,60,188.582,502.474,0.00001,0.00000,0.00001,0.000000,-0.213491,0,1,3.30600,3597.108,6.323,12.000,58.460,64.536,65.725,66.149,0.000,0.000,0,5,2.0291,49,98,49,49,48
16,post_landing,112,1892.0,60,188.582,502.478,-0.00001,0.00000,0.00001,0.000000,-0.213491,0,1,3.30600,3597.108,6.323,12.000,58.460,64.536,65.725,66.149,0.000,0.000,0,5,2.0291,49,98,49,49,48
16,post_landing,113,1909.0,60,188.582,502.478,-0.00000,0.00000,0.00000,0.000000,-0.213491,0,1,3.30600,3597.108,6.323,12.000,58.460,64.536,65.725,66.149,0.000,0.000,0,5,2.0291,49,98,49,49,48
16,post_landing,114,1926.0,60,188.582,502.474,0.00001,0.00000,0.00001,0.000000,-0.213491,0,1,3.30600,3597.108,6.323,12.000,58.460,64.536,65.725,66.149,0.000,0.000,0,5,2.0291,49,98,49,49,48
16,post_landing,115,1942.0,60,188.582,502.478,-0.00001,0.00000,0.00001,0.000000,-0.213491,0,1,3.30600,3597.108,6.323,12.000,58.460,64.536,65.725,66.149,0.000,0.000,0,5,2.0291,49,98,49,49,48
16,post_landing,116,1959.0,60,188.582,502.478,-0.00000,0.00000,0.00000,0.000000,-0.213491,0,1,3.30600,3597.108,6.323,12.000,58.460,64.536,65.725,66.149,0.000,0.000,0,5,2.0291,49,98,49,49,48
16,post_landing,117,1976.0,60,188.582,502.474,0.00001,0.00000,0.00001,0.000000,-0.213491,0,1,3.30600,3597.108,6.323,12.000,58.460,64.536,65.725,66.149,0.000,0.000,0,5,2.0291,49,98,49,49,48
16,post_landing,118,1992.0,60,188.582,502.478,-0.00001,0.00000,0.00001,0.000000,-0.213491,0,1,3.30600,3597.108,6.323,12.000,58.460,64.536,65.725,66.149,0.000,0.000,0,5,2.0291,49,98,49,49,48
16,post_landing,119,2009.0,60,188.582,502.478,-0.00000,0.00000,0.00000,0.000000,-0.213491,0,1,3.30600,3597.108,6.323,12.000,58.460,64.536,65.725,66.149,0.000,0.000,0,5,2.0291,49,98,49,49,48
17,falling,0,20.0,,195.000,96.840,0.00000,0.50000,0.50000,0.000000,0.000000,0,0,5.48000,5629.969,2.731,19.000,19.000,25.000,42.000,47.000,0.000,0.000,0,0,1.4452,58,116,58,59,60
17,falling,1,22.0,,195.000,96.939,0.00000,0.54865,0.54865,0.000000,0.000000,0,0,5.48000,5629.969,2.731,19.000,19.000,25.000,42.000,47.000,0.000,0.000,0,0,1.4452,58,116,58,59,60
17,falling,2,39.0,,195.000,97.779,0.00000,0.82359,0.82359,0.000000,0.000000,0,0,5.48000,5629.969,2.731,19.000,19.000,25.000,42.000,47.000,0.000,0.000,0,0,1.4452,58,116,58,59,60
17,falling,3,55.0,,195.000,98.814,0.00000,1.07840,1.07840,0.000000,0.000000,0,0,5.48000,5629.969,2.731,19.000,19.000,25.000,42.000,47.000,0.000,0.000,0,0,1.4452,58,116,58,59,60
17,falling,4,72.0,,195.000,100.186,0.00000,1.34523,1.34523,0.000000,0.000000,0,0,5.48000,5629.969,2.731,19.000,19.000,25.000,42.000,47.000,0.000,0.000,0,0,1.4452,58,116,58,59,60
17,falling,5,89.0,,195.000,101.826,0.00000,1.60798,1.60798,0.000000,0.000000,0,0,5.48000,5629.969,2.731,19.000,19.000,25.000,42.000,47.000,0.000,0.000,0,0,1.4452,58,116,58,59,60
17,falling,6,106.0,,195.000,103.604,0.00000,1.85149,1.85149,0.000000,0.000000,0,0,5.48000,5629.969,2.731,19.000,19.000,25.000,42.000,47.000,0.000,0.000,0,0,1.4452,58,116,58,59,60
17,falling,7,122.0,,195.000,105.752,0.00000,2.10650,2.10650,0.000000,0.000000,0,0,5.48000,5629.969,2.731,19.000,19.000,25.000,42.000,47.000,0.000,0.000,0,0,1.4452,58,116,58,59,60
17,falling,8,139.0,,195.000,108.157,0.00000,2.35760,2.35760,0.000000,0.000000,0,0,5.48000,5629.969,2.731,19.000,19.000,25.000,42.000,47.000,0.000,0.000,0,0,1.4452,58,116,58,59,60
17,falling,9,156.0,,195.000,110.644,0.00000,2.59032,2.59032,0.000000,0.000000,0,0,5.48000,5629.969,2.731,19.000,19.000,25.000,42.000,47.000,0.000,0.000,0,0,1.4452,58,116,58,59,60
17,falling,10,172.0,,195.000,113.535,0.00000,2.83402,2.83402,0.000000,0.000000,0,0,5.48000,5629.969,2.731,19.000,19.000,25.000,42.000,47.000,0.000,0.000,0,0,1.4452,58,116,58,59,60
17,falling,11,189.0,,195.000,116.670,0.00000,3.07399,3.07399,0.000000,0.000000,0,0,5.48000,5629.969,2.731,19.000,19.000,25.000,42.000,47.000,0.000,0.000,0,0,1.4452,58,116,58,59,60
17,falling,12,206.0,,195.000,119.835,0.00000,3.29639,3.29639,0.000000,0.000000,0,0,5.48000,5629.969,2.731,19.000,19.000,25.000,42.000,47.000,0.000,0.000,0,0,1.4452,58,116,58,59,60
17,falling,13,223.0,,195.000,123.434,0.00000,3.52929,3.52929,0.000000,0.000000,0,0,5.48000,5629.969,2.731,19.000,19.000,25.000,42.000,47.000,0.000,0.000,0,0,1.4452,58,116,58,59,60
17,falling,14,239.0,,195.000,127.268,0.00000,3.75863,3.75863,0.000000,0.000000,0,0,5.48000,5629.969,2.731,19.000,19.000,25.000,42.000,47.000,0.000,0.000,0,0,1.4452,58,116,58,59,60
17,falling,15,256.0,,195.000,131.081,0.00000,3.97117,3.97117,0.000000,0.000000,0,0,5.48000,5629.969,2.731,19.000,19.000,25.000,42.000,47.000,0.000,0.000,0,0,1.4452,58,116,58,59,60
17,falling,16,272.0,,195.000,135.358,0.00000,4.19375,4.19375,0.000000,0.000000,0,0,5.48000,5629.969,2.731,19.000,19.000,25.000,42.000,47.000,0.000,0.000,0,0,1.4452,58,116,58,59,60
17,falling,17,289.0,,195.000,139.859,0.00000,4.41291,4.41291,0.000000,0.000000,0,0,5.48000,5629.969,2.731,19.000,19.000,25.000,42.000,47.000,0.000,0.000,0,0,1.4452,58,116,58,59,60
17,falling,18,305.0,,195.000,144.291,0.00000,4.61604,4.61604,0.000000,0.000000,0,0,5.48000,5629.969,2.731,19.000,19.000,25.000,42.000,47.000,0.000,0.000,0,0,1.4452,58,116,58,59,60
17,falling,19,322.0,,195.000,149.216,0.00000,4.82874,4.82874,0.000000,0.000000,0,0,5.48000,5629.969,2.731,19.000,19.000,25.000,42.000,47.000,0.000,0.000,0,0,1.4452,58,116,58,59,60
17,falling,20,339.0,,195.000,154.355,0.00000,5.03820,5.03820,0.000000,0.000000,0,0,5.48000,5629.969,2.731,19.000,19.000,25.000,42.000,47.000,0.000,0.000,0,0,1.4452,58,116,58,59,60
17,falling,21,355.0,,195.000,159.378,0.00000,5.23231,5.23231,0.000000,0.000000,0,0,5.48000,5629.969,2.731,19.000,19.000,25.000,42.000,47.000,0.000,0.000,0,0,1.4452,58,116,58,59,60
17,falling,22,372.0,,195.000,164.922,0.00000,5.43559,5.43559,0.000000,0.000000,0,0,5.48000,5629.969,2.731,19.000,19.000,25.000,42.000,47.000,0.000,0.000,0,0,1.4452,58,116,58,59,60
17,falling,23,389.0,,195.000,170.671,0.00000,5.63576,5.63576,0.000000,0.000000,0,0,5.48000,5629.969,2.731,19.000,19.000,25.000,42.000,47.000,0.000,0.000,0,0,1.4452,58,116,58,59,60
17,falling,24,406.0,,195.000,176.259,0.00000,5.82127,5.82127,0.000000,0.000000,0,0,5.48000,5629.969,2.731,19.000,19.000,25.000,42.000,47.000,0.000,0.000,0,0,1.4452,58,116,58,59,60
17,falling,25,422.0,,195.000,182.395,0.00000,6.01554,6.01554,0.000000,0.000000,0,0,5.48000,5629.969,2.731,19.000,19.000,25.000,42.000,47.000,0.000,0.000,0,0,1.4452,58,116,58,59,60
17,falling,26,439.0,,195.000,188.726,0.00000,6.20684,6.20684,0.000000,0.000000,0,0,5.48000,5629.969,2.731,19.000,19.000,25.000,42.000,47.000,0.000,0.000,0,0,1.4452,58,116,58,59,60
17,falling,27,455.0,,195.000,194.855,0.00000,6.38412,6.38412,0.000000,0.000000,0,0,5.48000,5629.969,2.731,19.000,19.000,25.000,42.000,47.000,0.000,0.000,0,0,1.4452,58,116,58,59,60
17,falling,28,472.0,,195.000,201.556,0.00000,6.56978,6.56978,0.000000,0.000000,0,0,5.48000,5629.969,2.731,19.000,19.000,25.000,42.000,47.000,0.000,0.000,0,0,1.4452,58,116,58,59,60
17,falling,29,489.0,,195.000,208.444,0.00000,6.75260,6.75260,0.000000,0.000000,0,0,5.48000,5629.969,2.731,19.000,19.000,25.000,42.000,47.000,0.000,0.000,0,0,1.4452,58,116,58,59,60
17,falling,30,505.0,,195.000,215.089,0.00000,6.92203,6.92203,0.000000,0.000000,0,0,5.48000,5629.969,2.731,19.000,19.000,25.000,42.000,47.000,0.000,0.000,0,0,1.4452,58,116,58,59,60
17,falling,31,522.0,,195.000,222.330,0.00000,7.09945,7.09945,0.000000,0.000000,0,0,5.48000,5629.969,2.731,19.000,19.000,25.000,42.000,47.000,0.000,0.000,0,0,1.4452,58,116,58,59,60
17,falling,32,539.0,,195.000,229.750,0.00000,7.27416,7.27416,0.000000,0.000000,0,0,5.48000,5629.969,2.731,19.000,19.000,25.000,42.000,47.000,0.000,0.000,0,0,1.4452,58,116,58,59,60
17,falling,33,555.0,,195.000,236.889,0.00000,7.43608,7.43608,0.000000,0.000000,0,0,5.48000,5629.969,2.731,19.000,19.000,25.000,42.000,47.000,0.000,0.000,0,0,1.4452,58,116,58,59,60
17,falling,34,572.0,,195.000,244.646,0.00000,7.60564,7.60564,0.000000,0.000000,0,0,5.48000,5629.969,2.731,19.000,19.000,25.000,42.000,47.000,0.000,0.000,0,0,1.4452,58,116,58,59,60
17,falling,35,589.0,,195.000,252.574,0.00000,7.77261,7.77261,0.000000,0.000000,0,0,5.48000,5629.969,2.731,19.000,19.000,25.000,42.000,47.000,0.000,0.000,0,0,1.4452,58,116,58,59,60
17,falling,36,605.0,,195.000,260.185,0.00000,7.92735,7.92735,0.000000,0.000000,0,0,5.48000,5629.969,2.731,19.000,19.000,25.000,42.000,47.000,0.000,0.000,0,0,1.4452,58,116,58,59,60
17,falling,37,622.0,,195.000,268.436,0.00000,8.08940,8.08940,0.000000,0.000000,0,0,5.48000,5629.969,2.731,19.000,19.000,25.000,42.000,47.000,0.000,0.000,0,0,1.4452,58,116,58,59,60
17,falling,38,639.0,,195.000,276.850,0.00000,8.24896,8.24896,0.000000,0.000000,0,0,5.48000,5629.969,2.731,19.000,19.000,25.000,42.000,47.000,0.000,0.000,0,0,1.4452,58,116,58,59,60
17,falling,39,655.0,,195.000,284.911,0.00000,8.39684,8.39684,0.000000,0.000000,0,0,5.48000,5629.969,2.731,19.000,19.000,25.000,42.000,47.000,0.000,0.000,0,0,1.4452,58,116,58,59,60
17,falling,40,672.0,,195.000,293.633,0.00000,8.55171,8.55171,0.000000,0.000000,0,0,5.48000,5629.969,2.731,19.000,19.000,25.000,42.000,47.000,0.000,0.000,0,0,1.4452,58,116,58,59,60
17,falling,41,689.0,,195.000,302.512,0.00000,8.70420,8.70420,0.000000,0.000000,0,0,5.48000,5629.969,2.731,19.000,19.000,25.000,42.000,47.000,0.000,0.000,0,0,1.4452,58,116,58,59,60
17,falling,42,705.0,,195.000,311.003,0.00000,8.84552,8.84552,0.000000,0.000000,0,0,5.48000,5629.969,2.731,19.000,19.000,25.000,42.000,47.000,0.000,0.000,0,0,1.4452,58,116,58,59,60
17,falling,43,722.0,,195.000,320.177,0.00000,8.99352,8.99352,0.000000,0.000000,0,0,5.48000,5629.969,2.731,19.000,19.000,25.000,42.000,47.000,0.000,0.000,0,0,1.4452,58,116,58,59,60
17,falling,44,739.0,,195.000,329.499,0.00000,9.13925,9.13925,0.000000,0.000000,0,0,5.48000,5629.969,2.731,19.000,19.000,25.000,42.000,47.000,0.000,0.000,0,0,1.4452,58,116,58,59,60
17,falling,45,755.0,,195.000,338.402,0.00000,9.27431,9.27431,0.000000,0.000000,0,0,5.48000,5629.969,2.731,19.000,19.000,25.000,42.000,47.000,0.000,0.000,0,0,1.4452,58,116,58,59,60
17,falling,46,772.0,,195.000,348.006,0.00000,9.41575,9.41575,0.000000,0.000000,0,0,5.48000,5629.969,2.731,19.000,19.000,25.000,42.000,47.000,0.000,0.000,0,0,1.4452,58,116,58,59,60
17,falling,47,789.0,,195.000,357.752,0.00000,9.55502,9.55502,0.000000,0.000000,0,0,5.48000,5629.969,2.731,19.000,19.000,25.000,42.000,47.000,0.000,0.000,0,0,1.4452,58,116,58,59,60
17,falling,48,805.0,,195.000,367.049,0.00000,9.68410,9.68410,0.000000,0.000000,0,0,5.48000,5629.969,2.731,19.000,19.000,25.000,42.000,47.000,0.000,0.000,0,0,1.4452,58,116,58,59,60
17,falling,49,822.0,,195.000,377.065,0.00000,9.81926,9.81926,0.000000,0.000000,0,0,5.48000,5629.969,2.731,19.000,19.000,25.000,42.000,47.000,0.000,0.000,0,0,1.4452,58,116,58,59,60
17,falling,50,839.0,,195.000,387.216,0.00000,9.95236,9.95236,0.000000,0.000000,0,0,5.48000,5629.969,2.731,19.000,19.000,25.000,42.000,47.000,0.000,0.000,0,0,1.4452,58,116,58,59,60
17,falling,51,855.0,,195.000,396.889,0.00000,10.07572,10.07572,0.000000,0.000000,0,0,5.48000,5629.969,2.731,19.000,19.000,25.000,42.000,47.000,0.000,0.000,0,0,1.4452,58,116,58,59,60
17,falling,52,872.0,,195.000,407.298,0.00000,10.20489,10.20489,0.000000,0.000000,0,0,5.48000,5629.969,2.731,19.000,19.000,25.000,42.000,47.000,0.000,0.000,0,0,1.4452,58,116,58,59,60
17,falling,53,889.0,,195.000,417.837,0.00000,10.33209,10.33209,0.000000,0.000000,0,0,5.48000,5629.969,2.731,19.000,19.000,25.000,42.000,47.000,0.000,0.000,0,0,1.4452,58,116,58,59,60
17,falling,54,906.0,,195.000,427.869,0.00000,10.44997,10.44997,0.000000,0.000000,0,0,5.48000,5629.969,2.731,19.000,19.000,25.000,42.000,47.000,0.000,0.000,0,0,1.4452,58,116,58,59,60
17,falling,55,922.0,,195.000,438.653,0.00000,10.57342,10.57342,0.000000,0.000000,0,0,5.48000,5629.969,2.731,19.000,19.000,25.000,42.000,47.000,0.000,0.000,0,0,1.4452,58,116,58,59,60
17,falling,56,939.0,,195.000,449.562,0.00000,10.69498,10.69498,0.000000,0.000000,0,0,5.48000,5629.969,2.731,19.000,19.000,25.000,42.000,47.000,0.000,0.000,0,0,1.4452,58,116,58,59,60
17,falling,57,955.0,,195.000,459.938,0.00000,10.80764,10.80764,0.000000,0.000000,0,0,5.48000,5629.969,2.731,19.000,19.000,25.000,42.000,47.000,0.000,0.000,0,0,1.4452,58,116,58,59,60
17,falling,58,972.0,,195.000,471.082,0.00000,10.92562,10.92562,0.000000,0.000000,0,0,5.48000,5629.969,2.731,19.000,19.000,25.000,42.000,47.000,0.000,0.000,0,0,1.4452,58,116,58,59,60
17,falling,59,989.0,,195.000,482.344,0.00000,11.04179,11.04179,0.000000,0.000000,0,0,5.48000,5629.969,2.731,19.000,19.000,25.000,42.000,47.000,0.000,0.000,0,0,1.4452,58,116,58,59,60
17,falling,60,1005.0,,195.000,493.048,0.00000,11.14945,11.14945,0.000000,0.000000,0,0,5.48000,5629.969,2.731,19.000,19.000,25.000,42.000,47.000,0.000,0.000,0,0,1.4452,58,116,58,59,60
17,post_landing,61,1022.0,61,195.000,498.970,-0.00079,0.00000,0.00079,0.000000,0.000000,0,1,5.48000,5629.969,2.731,19.000,19.000,25.000,42.000,47.000,0.000,0.000,0,15,1.4452,58,116,58,59,60
17,post_landing,62,1039.0,61,194.999,497.103,0.00045,0.00000,0.00045,0.000000,0.000000,0,1,5.48000,5629.969,2.731,19.000,19.000,25.000,42.000,47.000,0.000,0.000,0,9,1.4452,58,116,58,59,60
17,post_landing,63,1056.0,61,195.000,495.901,0.00129,0.00000,0.00129,0.000000,0.000000,0,1,5.48000,5629.969,2.731,19.000,19.000,25.000,42.000,47.000,0.000,0.000,0,5,1.4452,58,116,58,59,60
17,post_landing,64,1072.0,61,195.001,495.103,-0.01743,0.00000,0.01743,0.000000,0.000000,0,1,5.48000,5629.969,2.731,19.000,19.000,25.000,42.000,47.000,0.000,0.000,0,3,1.4452,58,116,58,59,60
17,post_landing,65,1089.0,61,194.983,494.603,-0.02435,0.00000,0.02435,0.000000,0.000000,0,1,5.48000,5629.969,2.731,19.000,19.000,25.000,42.000,47.000,0.000,0.000,0,2,1.4452,58,116,58,59,60
17,post_landing,66,1106.0,61,194.960,494.101,-0.03703,0.00000,0.03703,0.000000,0.000000,0,1,5.48000,5629.969,2.731,19.000,19.000,25.000,42.000,47.000,0.000,0.000,0,1,1.4452,58,116,58,59,60
17,post_landing,67,1122.0,61,194.923,494.103,-0.04173,0.00000,0.04173,-0.001256,0.000000,0,1,5.48000,5629.969,2.731,19.000,19.000,25.000,42.000,47.000,0.000,0.000,0,1,1.4452,58,116,58,59,60
17,post_landing,68,1139.0,61,194.881,494.110,-0.05879,0.01393,0.06041,-0.001835,-0.001261,0,1,5.48000,5629.969,2.731,19.000,10.001,22.001,41.002,46.002,0.000,0.000,0,1,1.4452,58,116,58,59,60
17,post_landing,69,1156.0,61,194.826,494.117,-0.07144,0.01704,0.07344,-0.002202,-0.002997,0,1,5.48000,5629.969,2.731,19.000,10.003,22.003,41.006,46.006,0.000,0.000,0,1,1.4452,58,116,58,59,60
17,post_landing,70,1172.0,61,194.754,494.131,-0.08219,0.01976,0.08453,-0.002515,-0.005208,0,1,5.48000,5629.969,2.731,19.000,10.005,22.005,41.010,46.010,0.000,0.000,0,1,1.4452,58,116,58,59,60
17,post_landing,71,1189.0,61,194.671,494.145,-0.09043,0.01548,0.09174,-0.002792,-0.007734,0,1,5.48000,5629.969,2.731,19.000,10.007,22.007,41.014,46.014,0.000,0.000,0,1,1.4452,58,116,58,59,60
17,post_landing,72,1206.0,61,194.586,494.157,-0.09618,0.01628,0.09755,-0.002972,-0.010375,0,1,5.48000,5629.969,2.731,19.000,10.010,22.009,41.019,46.018,0.000,0.000,0,1,1.4452,58,116,58,59,60
17,post_landing,73,1222.0,61,194.489,494.176,-0.10256,0.01792,0.10411,-0.003166,-0.013360,0,1,5.48000,5629.969,2.731,19.000,10.012,22.011,41.023,46.023,0.000,0.000,0,1,1.4452,58,116,58,59,60
17,post_landing,74,1239.0,61,194.386,494.194,-0.10804,0.01903,0.10970,-0.003343,-0.016540,0,1,5.48000,5629.969,2.731,19.000,10.015,22.014,41.027,46.027,0.000,0.000,0,1,1.4452,58,116,58,59,60
17,post_landing,75,1256.0,61,194.284,494.210,-0.11166,0.01986,0.11341,-0.003459,-0.019703,0,1,5.48000,5629.969,2.731,19.000,10.018,22.015,41.031,46.030,0.000,0.000,0,1,1.4452,58,116,58,59,60
17,post_landing,76,1272.0,61,194.172,494.232,-0.11635,0.02131,0.11829,-0.003604,-0.023177,0,1,5.48000,5629.969,2.731,19.000,10.020,22.017,41.035,46.034,0.000,0.000,0,1,1.4452,58,116,58,59,60
17,post_landing,77,1289.0,61,194.055,494.254,-0.12049,0.02232,0.12254,-0.003740,-0.026797,0,1,5.48000,5629.969,2.731,19.000,10.023,22.019,41.039,46.037,0.000,0.000,0,1,1.4452,58,116,58,59,60
17,post_landing,78,1306.0,61,193.941,494.273,-0.12297,0.02304,0.12511,-0.003822,-0.030336,0,1,5.48000,5629.969,2.731,19.000,10.026,22.020,41.042,46.039,0.000,0.000,0,1,1.4452,58,116,58,59,60
17,post_landing,79,1322.0,61,193.817,494.298,-0.12677,0.02444,0.12911,-0.003941,-0.034175,0,1,5.48000,5629.969,2.731,19.000,10.028,22.021,41.044,46.041,0.000,0.000,0,1,1.4452,58,116,58,59,60
17,post_landing,80,1339.0,61,193.690,494.323,-0.13023,0.02544,0.13269,-0.004057,-0.038134,0,1,5.48000,5629.969,2.731,19.000,10.031,22.022,41.046,46.043,0.000,0.000,0,1,1.4452,58,116,58,59,60
17,post_landing,81,1356.0,61,193.567,494.345,-0.13207,0.02613,0.13463,-0.004121,-0.041972,0,1,5.48000,5629.969,2.731,19.000,10.033,38.050,41.090,46.085,0.000,0.000,0,1,1.4452,58,116,58,59,60
17,post_landing,82,1372.0,61,193.434,494.374,-0.13541,0.02755,0.13819,-0.004228,-0.046111,0,1,5.48000,5629.969,2.731,19.000,10.035,38.052,41.095,46.089,0.000,0.000,0,1,1.4452,58,116,58,59,60
17,post_landing,83,1389.0,61,193.298,494.402,-0.13852,0.02858,0.14144,-0.004333,-0.050357,0,1,5.48000,5629.969,2.731,19.000,10.038,38.053,41.099,46.093,0.000,0.000,0,1,1.4452,58,116,58,59,60
17,post_landing,84,1406.0,61,193.167,494.427,-0.14001,0.02928,0.14304,-0.004387,-0.054457,0,1,5.48000,5629.969,2.731,19.000,10.040,38.053,41.103,46.095,0.000,0.000,0,1,1.4452,58,116,58,59,60
17,post_landing,85,1422.0,61,193.027,494.459,-0.14311,0.03076,0.14638,-0.004488,-0.058863,0,1,5.48000,5629.969,2.731,19.000,10.042,38.052,41.105,46.097,0.000,0.000,0,1,1.4452,58,116,58,59,60
17,post_landing,86,1439.0,61,192.883,494.490,-0.14605,0.03186,0.14949,-0.004589,-0.063371,0,1,5.48000,5629.969,2.731,19.000,10.043,38.050,41.108,46.098,0.000,0.000,0,1,1.4452,58,116,58,59,60
17,post_landing,87,1456.0,61,192.745,494.536,-0.14838,0.03275,0.15195,-0.004620,-0.067713,0,1,5.48000,5629.969,2.731,19.000,10.045,38.048,41.109,46.098,0.000,0.000,0,1,1.4452,58,116,58,59,60
17,post_landing,88,1472.0,61,192.596,494.574,-0.15181,0.03414,0.15560,-0.004721,-0.072354,0,1,5.48000,5629.969,2.731,19.000,10.046,29.141,41.110,46.097,0.000,0.000,0,1,1.4452,58,116,58,59,60
17,post_landing,89,1489.0,61,192.443,494.609,-0.15432,0.03536,0.15831,-0.004838,-0.077095,0,1,5.48000,5629.969,2.731,19.000,10.047,29.145,41.109,46.094,0.000,0.000,0,1,1.4452,58,116,58,59,60
17,post_landing,90,1506.0,61,192.297,494.638,-0.15545,0.03625,0.15962,-0.004891,-0.081673,0,1,5.48000,5629.969,2.731,19.000,10.048,29.148,41.108,46.173,0.000,0.000,0,1,1.4452,58,116,58,59,60
17,post_landing,91,1522.0,61,192.141,494.679,-0.15939,0.03787,0.16383,-0.004978,-0.086585,0,1,5.48000,5629.969,2.731,19.000,29.151,29.237,41.192,46.174,0.000,0.000,0,1,1.4452,58,116,58,59,60
17,post_landing,92,1539.0,61,191.981,494.717,-0.16190,0.03920,0.16658,-0.005096,-0.091585,0,1,5.48000,5629.969,2.731,19.000,29.153,29.244,41.194,46.173,0.000,0.000,0,1,1.4452,58,116,58,59,60
17,post_landing,93,1556.0,61,191.828,494.751,-0.16296,0.04016,0.16784,-0.005148,-0.096407,0,1,5.48000,5629.969,2.731,19.000,29.154,29.250,41.195,46.171,0.000,0.000,0,1,1.4452,58,116,58,59,60
17,post_landing,94,1572.0,61,191.664,494.795,-0.16688,0.04191,0.17206,-0.005239,-0.101578,0,1,5.48000,5629.969,2.731,19.000,29.155,29.256,41.194,45.275,0.000,0.000,0,1,1.4452,58,116,58,59,60
17,post_landing,95,1589.0,61,191.496,494.838,-0.16945,0.04336,0.17491,-0.005359,-0.106839,0,1,5.48000,5629.969,2.731,19.000,29.155,29.261,41.193,45.277,0.000,0.000,0,1,1.4452,58,116,58,59,60
17,post_landing,96,1606.0,61,191.336,495.015,-0.06058,-0.02178,0.06438,-0.001930,-0.111910,0,1,5.48000,5629.969,2.731,19.000,29.154,29.265,41.190,45.277,0.000,0.000,0,2,1.4452,58,116,58,59,60
17,post_landing,97,1622.0,61,191.275,495.113,0.00214,0.00000,0.00214,0.000000,-0.113848,0,1,5.48000,5629.969,2.731,19.000,29.153,29.267,41.189,45.277,0.000,0.000,0,3,1.4452,58,116,58,59,60
17,post_landing,98,1639.0,61,191.277,495.100,0.00729,0.00000,0.00729,0.000000,-0.113848,0,1,5.48000,5629.969,2.731,19.000,29.153,29.267,41.189,45.277,0.000,0.000,0,3,1.4452,58,116,58,59,60
17,post_landing,99,1656.0,61,191.284,495.116,0.00275,0.00000,0.00275,0.000000,-0.113848,0,1,5.48000,5629.969,2.731,19.000,29.153,29.267,41.189,45.277,0.000,0.000,0,3,1.4452,58,116,58,59,60
17,post_landing,100,1672.0,61,191.287,495.100,-0.00106,0.00000,0.00106,0.000000,-0.113848,0,1,5.48000,5629.969,2.731,19.000,29.153,29.267,41.189,45.277,0.000,0.000,0,3,1.4452,58,116,58,59,60
17,post_landing,101,1689.0,61,191.286,495.120,0.00015,0.00000,0.00015,0.000000,-0.113848,0,1,5.48000,5629.969,2.731,19.000,29.153,29.267,41.189,45.277,0.000,0.000,0,3,1.4452,58,116,58,59,60
17,post_landing,102,1706.0,61,191.286,495.117,0.00065,0.00000,0.00065,0.000000,-0.113848,0,1,5.48000,5629.969,2.731,19.000,29.153,29.267,41.189,45.277,0.000,0.000,0,3,1.4452,58,116,58,59,60
17,post_landing,103,1722.0,61,191.287,495.100,-0.00079,0.00000,0.00079,0.000000,-0.113848,0,1,5.48000,5629.969,2.731,19.000,29.153,29.267,41.189,45.277,0.000,0.000,0,3,1.4452,58,116,58,59,60
17,post_landing,104,1739.0,61,191.286,495.120,0.00026,0.00000,0.00026,0.000000,-0.113848,0,1,5.48000,5629.969,2.731,19.000,29.153,29.267,41.189,45.277,0.000,0.000,0,3,1.4452,58,116,58,59,60
17,post_landing,105,1756.0,61,191.286,495.117,0.00066,0.00000,0.00066,0.000000,-0.113848,0,1,5.48000,5629.969,2.731,19.000,29.153,29.267,41.189,45.277,0.000,0.000,0,3,1.4452,58,116,58,59,60
17,post_landing,106,1772.0,61,191.287,495.100,-0.00074,0.00000,0.00074,0.000000,-0.113848,0,1,5.48000,5629.969,2.731,19.000,29.153,29.267,41.189,45.277,0.000,0.000,0,3,1.4452,58,116,58,59,60
17,post_landing,107,1789.0,61,191.286,495.120,0.00023,0.00000,0.00023,0.000000,-0.113848,0,1,5.48000,5629.969,2.731,19.000,29.153,29.267,41.189,45.277,0.000,0.000,0,3,1.4452,58,116,58,59,60
17,post_landing,108,1806.0,61,191.286,495.117,0.00065,0.00000,0.00065,0.000000,-0.113848,0,1,5.48000,5629.969,2.731,19.000,29.153,29.267,41.189,45.277,0.000,0.000,0,3,1.4452,58,116,58,59,60
17,post_landing,109,1822.0,61,191.287,495.100,-0.00071,0.00000,0.00071,0.000000,-0.113848,0,1,5.48000,5629.969,2.731,19.000,29.153,29.267,41.189,45.277,0.000,0.000,0,3,1.4452,58,116,58,59,60
17,post_landing,110,1839.0,61,191.286,495.120,0.00021,0.00000,0.00021,0.000000,-0.113848,0,1,5.48000,5629.969,2.731,19.000,29.153,29.267,41.189,45.277,0.000,0.000,0,3,1.4452,58,116,58,59,60
17,post_landing,111,1856.0,61,191.286,495.117,0.00065,0.00000,0.00065,0.000000,-0.113848,0,1,5.48000,5629.969,2.731,19.000,29.153,29.267,41.189,45.277,0.000,0.000,0,3,1.4452,58,116,58,59,60
17,post_landing,112,1872.0,61,191.287,495.100,-0.00070,0.00000,0.00070,0.000000,-0.113848,0,1,5.48000,5629.969,2.731,19.000,29.153,29.267,41.189,45.277,0.000,0.000,0,3,1.4452,58,116,58,59,60
17,post_landing,113,1889.0,61,191.286,495.120,0.00021,0.00000,0.00021,0.000000,-0.113848,0,1,5.48000,5629.969,2.731,19.000,29.153,29.267,41.189,45.277,0.000,0.000,0,3,1.4452,58,116,58,59,60
17,post_landing,114,1906.0,61,191.287,495.117,0.00065,0.00000,0.00065,0.000000,-0.113848,0,1,5.48000,5629.969,2.731,19.000,29.153,29.267,41.189,45.277,0.000,0.000,0,3,1.4452,58,116,58,59,60
17,post_landing,115,1922.0,61,191.287,495.100,-0.00069,0.00000,0.00069,0.000000,-0.113848,0,1,5.48000,5629.969,2.731,19.000,29.153,29.267,41.189,45.277,0.000,0.000,0,3,1.4452,58,116,58,59,60
17,post_landing,116,1939.0,61,191.287,495.120,0.00020,0.00000,0.00020,0.000000,-0.113848,0,1,5.48000,5629.969,2.731,19.000,29.153,29.267,41.189,45.277,0.000,0.000,0,3,1.4452,58,116,58,59,60
17,post_landing,117,1956.0,61,191.287,495.117,0.00064,0.00000,0.00064,0.000000,-0.113848,0,1,5.48000,5629.969,2.731,19.000,29.153,29.267,41.189,45.277,0.000,0.000,0,3,1.4452,58,116,58,59,60
17,post_landing,118,1972.0,61,191.287,495.100,-0.00068,0.00000,0.00068,0.000000,-0.113848,0,1,5.48000,5629.969,2.731,19.000,29.153,29.267,41.189,45.277,0.000,0.000,0,3,1.4452,58,116,58,59,60
17,post_landing,119,1989.0,61,191.287,495.120,0.00020,0.00000,0.00020,0.000000,-0.113848,0,1,5.48000,5629.969,2.731,19.000,29.153,29.267,41.189,45.277,0.000,0.000,0,3,1.4452,58,116,58,59,60
17,post_landing,120,2006.0,61,191.287,495.117,0.00064,0.00000,0.00064,0.000000,-0.113848,0,1,5.48000,5629.969,2.731,19.000,29.153,29.267,41.189,45.277,0.000,0.000,0,3,1.4452,58,116,58,59,60
18,falling,0,27.0,,195.000,97.029,0.00000,0.55000,0.55000,0.000000,0.000000,0,0,3.56200,630.087,1.933,18.000,18.000,18.000,19.000,21.000,0.000,0.000,0,0,2.0291,86,172,86,97,82
18,falling,1,38.0,,195.000,97.565,0.00000,0.74406,0.74406,0.000000,0.000000,0,0,3.56200,630.087,1.933,18.000,18.000,18.000,19.000,21.000,0.000,0.000,0,0,2.0291,86,172,86,97,82
18,falling,2,55.0,,195.000,98.601,0.00000,1.01601,1.01601,0.000000,0.000000,0,0,3.56200,630.087,1.933,18.000,18.000,18.000,19.000,21.000,0.000,0.000,0,0,2.0291,86,172,86,97,82
18,falling,3,71.0,,195.000,99.818,0.00000,1.26805,1.26805,0.000000,0.000000,0,0,3.56200,630.087,1.933,18.000,18.000,18.000,19.000,21.000,0.000,0.000,0,0,2.0291,86,172,86,97,82
18,falling,4,88.0,,195.000,101.381,0.00000,1.53198,1.53198,0.000000,0.000000,0,0,3.56200,630.087,1.933,18.000,18.000,18.000,19.000,21.000,0.000,0.000,0,0,2.0291,86,172,86,97,82
18,falling,5,105.0,,195.000,103.209,0.00000,1.79187,1.79187,0.000000,0.000000,0,0,3.56200,630.087,1.933,18.000,18.000,18.000,19.000,21.000,0.000,0.000,0,0,2.0291,86,172,86,97,82
18,falling,6,121.0,,195.000,105.160,0.00000,2.03274,2.03274,0.000000,0.000000,0,0,3.56200,630.087,1.933,18.000,18.000,18.000,19.000,21.000,0.000,0.000,0,0,2.0291,86,172,86,97,82
18,falling,7,138.0,,195.000,107.491,0.00000,2.28497,2.28497,0.000000,0.000000,0,0,3.56200,630.087,1.933,18.000,18.000,18.000,19.000,21.000,0.000,0.000,0,0,2.0291,86,172,86,97,82
18,falling,8,155.0,,195.000,110.075,0.00000,2.53334,2.53334,0.000000,0.000000,0,0,3.56200,630.087,1.933,18.000,18.000,18.000,19.000,21.000,0.000,0.000,0,0,2.0291,86,172,86,97,82
18,falling,9,172.0,,195.000,112.728,0.00000,2.76353,2.76353,0.000000,0.000000,0,0,3.56200,630.087,1.933,18.000,18.000,18.000,19.000,21.000,0.000,0.000,0,0,2.0291,86,172,86,97,82
18,falling,10,188.0,,195.000,115.792,0.00000,3.00458,3.00458,0.000000,0.000000,0,0,3.56200,630.087,1.933,18.000,18.000,18.000,19.000,21.000,0.000,0.000,0,0,2.0291,86,172,86,97,82
18,falling,11,205.0,,195.000,119.099,0.00000,3.24194,3.24194,0.000000,0.000000,0,0,3.56200,630.087,1.933,18.000,18.000,18.000,19.000,21.000,0.000,0.000,0,0,2.0291,86,172,86,97,82
18,falling,12,222.0,,195.000,122.423,0.00000,3.46193,3.46193,0.000000,0.000000,0,0,3.56200,630.087,1.933,18.000,18.000,18.000,19.000,21.000,0.000,0.000,0,0,2.0291,86,172,86,97,82
18,falling,13,238.0,,195.000,126.189,0.00000,3.69229,3.69229,0.000000,0.000000,0,0,3.56200,630.087,1.933,18.000,18.000,18.000,19.000,21.000,0.000,0.000,0,0,2.0291,86,172,86,97,82
18,falling,14,255.0,,195.000,130.186,0.00000,3.91913,3.91913,0.000000,0.000000,0,0,3.56200,630.087,1.933,18.000,18.000,18.000,19.000,21.000,0.000,0.000,0,0,2.0291,86,172,86,97,82
18,falling,15,272.0,,195.000,134.412,0.00000,4.14250,4.14250,0.000000,0.000000,0,0,3.56200,630.087,1.933,18.000,18.000,18.000,19.000,21.000,0.000,0.000,0,0,2.0291,86,172,86,97,82
18,falling,16,288.0,,195.000,138.587,0.00000,4.34952,4.34952,0.000000,0.000000,0,0,3.56200,630.087,1.933,18.000,18.000,18.000,19.000,21.000,0.000,0.000,0,0,2.0291,86,172,86,97,82
18,falling,17,305.0,,195.000,143.245,0.00000,4.56630,4.56630,0.000000,0.000000,0,0,3.56200,630.087,1.933,18.000,18.000,18.000,19.000,21.000,0.000,0.000,0,0,2.0291,86,172,86,97,82
18,falling,18,322.0,,195.000,148.120,0.00000,4.77977,4.77977,0.000000,0.000000,0,0,3.56200,630.087,1.933,18.000,18.000,18.000,19.000,21.000,0.000,0.000,0,0,2.0291,86,172,86,97,82
18,falling,19,338.0,,195.000,152.899,0.00000,4.97761,4.97761,0.000000,0.000000,0,0,3.56200,630.087,1.933,18.000,18.000,18.000,19.000,21.000,0.000,0.000,0,0,2.0291,86,172,86,97,82
18,falling,20,355.0,,195.000,158.187,0.00000,5.18479,5.18479,0.000000,0.000000,0,0,3.56200,630.087,1.933,18.000,18.000,18.000,19.000,21.000,0.000,0.000,0,0,2.0291,86,172,86,97,82
18,falling,21,372.0,,195.000,163.349,0.00000,5.37679,5.37679,0.000000,0.000000,0,0,3.56200,630.087,1.933,18.000,18.000,18.000,19.000,21.000,0.000,0.000,0,0,2.0291,86,172,86,97,82
18,falling,22,389.0,,195.000,169.038,0.00000,5.57786,5.57786,0.000000,0.000000,0,0,3.56200,630.087,1.933,18.000,18.000,18.000,19.000,21.000,0.000,0.000,0,0,2.0291,86,172,86,97,82
18,falling,23,405.0,,195.000,174.930,0.00000,5.77585,5.77585,0.000000,0.000000,0,0,3.56200,630.087,1.933,18.000,18.000,18.000,19.000,21.000,0.000,0.000,0,0,2.0291,86,172,86,97,82
18,falling,24,422.0,,195.000,181.020,0.00000,5.97081,5.97081,0.000000,0.000000,0,0,3.56200,630.087,1.933,18.000,18.000,18.000,19.000,21.000,0.000,0.000,0,0,2.0291,86,172,86,97,82
18,falling,25,439.0,,195.000,186.925,0.00000,6.15150,6.15150,0.000000,0.000000,0,0,3.56200,630.087,1.933,18.000,18.000,18.000,19.000,21.000,0.000,0.000,0,0,2.0291,86,172,86,97,82
18,falling,26,455.0,,195.000,193.393,0.00000,6.34072,6.34072,0.000000,0.000000,0,0,3.56200,630.087,1.933,18.000,18.000,18.000,19.000,21.000,0.000,0.000,0,0,2.0291,86,172,86,97,82
18,falling,27,472.0,,195.000,199.648,0.00000,6.51608,6.51608,0.000000,0.000000,0,0,3.56200,630.087,1.933,18.000,18.000,18.000,19.000,21.000,0.000,0.000,0,0,2.0291,86,172,86,97,82
18,falling,28,489.0,,195.000,206.482,0.00000,6.69971,6.69971,0.000000,0.000000,0,0,3.56200,630.087,1.933,18.000,18.000,18.000,19.000,21.000,0.000,0.000,0,0,2.0291,86,172,86,97,82
18,falling,29,505.0,,195.000,213.500,0.00000,6.88054,6.88054,0.000000,0.000000,0,0,3.56200,630.087,1.933,18.000,18.000,18.000,19.000,21.000,0.000,0.000,0,0,2.0291,86,172,86,97,82
18,falling,30,522.0,,195.000,220.700,0.00000,7.05860,7.05860,0.000000,0.000000,0,0,3.56200,630.087,1.933,18.000,18.000,18.000,19.000,21.000,0.000,0.000,0,0,2.0291,86,172,86,97,82
18,falling,31,539.0,,195.000,227.635,0.00000,7.22363,7.22363,0.000000,0.000000,0,0,3.56200,630.087,1.933,18.000,18.000,18.000,19.000,21.000,0.000,0.000,0,0,2.0291,86,172,86,97,82
18,falling,32,555.0,,195.000,235.179,0.00000,7.39644,7.39644,0.000000,0.000000,0,0,3.56200,630.087,1.933,18.000,18.000,18.000,19.000,21.000,0.000,0.000,0,0,2.0291,86,172,86,97,82
18,falling,33,572.0,,195.000,242.897,0.00000,7.56661,7.56661,0.000000,0.000000,0,0,3.56200,630.087,1.933,18.000,18.000,18.000,19.000,21.000,0.000,0.000,0,0,2.0291,86,172,86,97,82
18,falling,34,589.0,,195.000,250.312,0.00000,7.72431,7.72431,0.000000,0.000000,0,0,3.56200,630.087,1.933,18.000,18.000,18.000,19.000,21.000,0.000,0.000,0,0,2.0291,86,172,86,97,82
18,falling,35,605.0,,195.000,258.360,0.00000,7.88946,7.88946,0.000000,0.000000,0,0,3.56200,630.087,1.933,18.000,18.000,18.000,19.000,21.000,0.000,0.000,0,0,2.0291,86,172,86,97,82
18,falling,36,622.0,,195.000,266.573,0.00000,8.05209,8.05209,0.000000,0.000000,0,0,3.56200,630.087,1.933,18.000,18.000,18.000,19.000,21.000,0.000,0.000,0,0,2.0291,86,172,86,97,82
18,falling,37,639.0,,195.000,274.447,0.00000,8.20281,8.20281,0.000000,0.000000,0,0,3.56200,630.087,1.933,18.000,18.000,18.000,19.000,21.000,0.000,0.000,0,0,2.0291,86,172,86,97,82
18,falling,38,655.0,,195.000,282.975,0.00000,8.36064,8.36064,0.000000,0.000000,0,0,3.56200,630.087,1.933,18.000,18.000,18.000,19.000,21.000,0.000,0.000,0,0,2.0291,86,172,86,97,82
18,falling,39,672.0,,195.000,291.662,0.00000,8.51605,8.51605,0.000000,0.000000,0,0,3.56200,630.087,1.933,18.000,18.000,18.000,19.000,21.000,0.000,0.000,0,0,2.0291,86,172,86,97,82
18,falling,40,689.0,,195.000,299.975,0.00000,8.66009,8.66009,0.000000,0.000000,0,0,3.56200,630.087,1.933,18.000,18.000,18.000,19.000,21.000,0.000,0.000,0,0,2.0291,86,172,86,97,82
18,falling,41,705.0,,195.000,308.962,0.00000,8.81092,8.81092,0.000000,0.000000,0,0,3.56200,630.087,1.933,18.000,18.000,18.000,19.000,21.000,0.000,0.000,0,0,2.0291,86,172,86,97,82
18,falling,42,722.0,,195.000,318.101,0.00000,8.95945,8.95945,0.000000,0.000000,0,0,3.56200,630.087,1.933,18.000,18.000,18.000,19.000,21.000,0.000,0.000,0,0,2.0291,86,172,86,97,82
18,falling,43,739.0,,195.000,326.834,0.00000,9.09710,9.09710,0.000000,0.000000,0,0,3.56200,630.087,1.933,18.000,18.000,18.000,19.000,21.000,0.000,0.000,0,0,2.0291,86,172,86,97,82
18,falling,44,755.0,,195.000,336.260,0.00000,9.24125,9.24125,0.000000,0.000000,0,0,3.56200,630.087,1.933,18.000,18.000,18.000,19.000,21.000,0.000,0.000,0,0,2.0291,86,172,86,97,82
18,falling,45,772.0,,195.000,345.831,0.00000,9.38319,9.38319,0.000000,0.000000,0,0,3.56200,630.087,1.933,18.000,18.000,18.000,19.000,21.000,0.000,0.000,0,0,2.0291,86,172,86,97,82
18,falling,46,789.0,,195.000,354.965,0.00000,9.51474,9.51474,0.000000,0.000000,0,0,3.56200,630.087,1.933,18.000,18.000,18.000,19.000,21.000,0.000,0.000,0,0,2.0291,86,172,86,97,82
18,falling,47,805.0,,195.000,364.811,0.00000,9.65250,9.65250,0.000000,0.000000,0,0,3.56200,630.087,1.933,18.000,18.000,18.000,19.000,21.000,0.000,0.000,0,0,2.0291,86,172,86,97,82
18,falling,48,822.0,,195.000,374.795,0.00000,9.78815,9.78815,0.000000,0.000000,0,0,3.56200,630.087,1.933,18.000,18.000,18.000,19.000,21.000,0.000,0.000,0,0,2.0291,86,172,86,97,82
18,falling,49,839.0,,195.000,384.312,0.00000,9.91386,9.91386,0.000000,0.000000,0,0,3.56200,630.087,1.933,18.000,18.000,18.000,19.000,21.000,0.000,0.000,0,0,2.0291,86,172,86,97,82
18,falling,50,855.0,,195.000,394.559,0.00000,10.04551,10.04551,0.000000,0.000000,0,0,3.56200,630.087,1.933,18.000,18.000,18.000,19.000,21.000,0.000,0.000,0,0,2.0291,86,172,86,97,82
18,falling,51,872.0,,195.000,404.937,0.00000,10.17515,10.17515,0.000000,0.000000,0,0,3.56200,630.087,1.933,18.000,18.000,18.000,19.000,21.000,0.000,0.000,0,0,2.0291,86,172,86,97,82
18,falling,52,889.0,,195.000,414.821,0.00000,10.29530,10.29530,0.000000,0.000000,0,0,3.56200,630.087,1.933,18.000,18.000,18.000,19.000,21.000,0.000,0.000,0,0,2.0291,86,172,86,97,82
18,falling,53,905.0,,195.000,425.450,0.00000,10.42111,10.42111,0.000000,0.000000,0,0,3.56200,630.087,1.933,18.000,18.000,18.000,19.000,21.000,0.000,0.000,0,0,2.0291,86,172,86,97,82
18,falling,54,922.0,,195.000,436.206,0.00000,10.54500,10.54500,0.000000,0.000000,0,0,3.56200,630.087,1.933,18.000,18.000,18.000,19.000,21.000,0.000,0.000,0,0,2.0291,86,172,86,97,82
18,falling,55,939.0,,195.000,446.440,0.00000,10.65982,10.65982,0.000000,0.000000,0,0,3.56200,630.087,1.933,18.000,18.000,18.000,19.000,21.000,0.000,0.000,0,0,2.0291,86,172,86,97,82
18,falling,56,955.0,,195.000,457.435,0.00000,10.78006,10.78006,0.000000,0.000000,0,0,3.56200,630.087,1.933,18.000,18.000,18.000,19.000,21.000,0.000,0.000,0,0,2.0291,86,172,86,97,82
18,falling,57,972.0,,195.000,468.552,0.00000,10.89846,10.89846,0.000000,0.000000,0,0,3.56200,630.087,1.933,18.000,18.000,18.000,19.000,21.000,0.000,0.000,0,0,2.0291,86,172,86,97,82
18,post_landing,58,989.0,58,195.000,478.460,-0.26048,0.06184,0.26772,-0.016764,0.000000,0,1,3.56200,630.087,1.933,18.000,18.000,18.000,19.000,21.000,0.000,0.000,0,2,2.0291,86,172,86,97,82
18,post_landing,59,1005.0,58,194.738,478.369,-0.34424,-0.28914,0.44956,0.015183,-0.016837,0,1,3.56200,630.087,1.933,18.000,18.014,18.014,18.964,20.896,0.000,0.000,0,2,2.0291,86,172,86,97,82
18,post_landing,60,1022.0,58,194.393,478.368,-0.33898,-0.00138,0.33898,0.014951,-0.001587,0,0,3.56200,630.087,1.933,18.000,18.002,18.002,18.997,20.990,0.000,0.000,0,0,2.0291,86,172,86,97,82
18,post_landing,61,1039.0,58,194.072,478.462,0.46156,-0.84762,0.96514,-0.038517,0.012559,0,1,3.56200,630.087,1.933,18.000,17.999,17.999,19.036,21.086,0.000,0.000,0,2,2.0291,86,172,86,97,82
18,post_landing,62,1055.0,58,194.535,477.900,0.45450,-0.55132,0.71451,-0.037928,-0.026127,0,0,3.56200,630.087,1.933,18.000,18.020,18.020,18.941,20.836,0.000,0.000,0,0,2.0291,86,172,86,97,82
18,post_landing,63,1072.0,58,194.992,477.635,0.44755,-0.25955,0.51736,-0.037348,-0.064222,0,0,3.56200,630.087,1.933,18.000,12.039,18.027,18.027,19.702,0.000,0.000,0,0,2.0291,86,172,86,97,82
18,post_landing,64,1089.0,58,195.415,477.500,0.41464,0.00000,0.41464,-0.015460,-0.099560,0,1,3.56200,630.087,1.933,18.000,6.070,18.010,18.010,19.503,0.000,0.000,0,1,2.0291,86,172,86,97,82
18,post_landing,65,1105.0,58,195.832,477.406,0.52371,0.10767,0.53466,-0.021828,-0.115088,0,1,3.56200,630.087,1.933,18.000,6.075,12.035,17.996,19.408,0.000,0.000,0,1,2.0291,86,172,86,97,82
18,post_landing,66,1122.0,58,196.358,477.276,0.54788,0.14795,0.56751,-0.016014,-0.137011,0,1,3.56200,630.087,1.933,18.000,6.080,12.024,17.968,19.266,0.000,0.000,0,1,2.0291,86,172,86,97,82
18,post_landing,67,1139.0,58,196.876,477.185,0.59334,0.14342,0.61043,-0.015696,-0.152163,0,1,3.56200,630.087,1.933,18.000,6.082,12.013,17.944,19.163,0.000,0.000,0,1,2.0291,86,172,86,97,82
18,post_landing,68,1155.0,58,197.472,477.111,0.70581,0.12699,0.71715,-0.022898,-0.167928,0,1,3.56200,630.087,1.933,18.000,0.167,6.083,17.914,18.398,0.000,0.000,0,1,2.0291,86,172,86,97,82
18,post_landing,69,1172.0,58,198.181,477.016,0.73025,0.12513,0.74089,-0.017358,-0.190926,0,1,3.56200,630.087,1.933,18.000,0.190,6.081,17.863,18.275,0.000,0.000,0,1,2.0291,86,172,86,97,82
18,post_landing,70,1189.0,58,198.872,476.956,0.75850,0.18907,0.78171,-0.028438,-0.207350,0,1,3.56200,630.087,1.933,18.000,0.206,6.077,17.820,18.181,0.000,0.000,0,1,2.0291,86,172,86,97,82
18,post_landing,71,1205.0,58,199.634,476.901,0.72330,0.13825,0.73639,-0.024161,-0.235913,0,1,3.56200,630.087,1.933,18.000,0.234,6.068,11.901,18.006,0.000,0.000,0,1,2.0291,86,172,86,97,82
18,post_landing,72,1222.0,58,200.360,476.869,0.75136,0.04144,0.75250,-0.034664,-0.260180,0,1,3.56200,630.087,1.933,18.000,0.257,6.055,11.853,17.846,0.000,0.000,0,1,2.0291,86,172,86,97,82
18,post_landing,73,1239.0,58,201.071,476.862,0.69611,-0.04501,0.69756,-0.028211,-0.292978,0,1,3.56200,630.087,1.933,18.000,0.289,6.033,11.777,17.522,0.000,0.000,0,1,2.0291,86,172,86,97,82
18,post_landing,74,1255.0,58,201.771,476.900,0.64433,-0.12569,0.65648,-0.026125,-0.321312,0,1,3.56200,630.087,1.933,18.000,0.316,6.009,11.702,17.395,0.000,0.000,0,1,2.0291,86,172,86,97,82
18,post_landing,75,1272.0,58,202.418,476.964,0.59641,-0.18143,0.62339,-0.027231,-0.347552,0,1,3.56200,630.087,1.933,18.000,0.341,0.940,6.581,17.264,0.000,0.000,0,1,2.0291,86,172,86,97,82
18,post_landing,76,1289.0,58,202.982,477.055,0.55255,-0.18570,0.58292,-0.029293,-0.373318,0,1,3.56200,630.087,1.933,18.000,0.365,0.931,6.518,17.125,0.000,0.000,0,1,2.0291,86,172,86,97,82
18,post_landing,77,1305.0,58,203.537,477.162,0.54409,0.10047,0.55329,-0.028845,-0.402739,0,0,3.56200,630.087,1.933,18.000,0.392,0.920,6.440,16.952,0.000,0.000,0,0,2.0291,86,172,86,97,82
18,post_landing,78,1322.0,58,204.083,477.403,0.50362,-0.20202,0.54263,-0.024414,-0.431711,0,1,3.56200,630.087,1.933,18.000,0.418,0.908,6.358,16.767,0.000,0.000,0,1,2.0291,86,172,86,97,82
18,post_landing,79,1339.0,58,204.560,477.468,0.49637,0.06755,0.50095,-0.024063,-0.454811,0,0,3.56200,630.087,1.933,18.000,0.439,0.898,6.288,16.609,0.000,0.000,0,0,2.0291,86,172,86,97,82
18,post_landing,80,1355.0,58,205.059,477.776,0.45945,-0.18362,0.49478,-0.024675,-0.478979,0,1,3.56200,630.087,1.933,18.000,0.461,0.887,5.786,11.213,0.000,0.000,0,1,2.0291,86,172,86,97,82
18,post_landing,81,1372.0,58,205.520,477.880,0.45242,0.10253,0.46389,-0.024298,-0.503763,0,0,3.56200,630.087,1.933,18.000,0.483,0.876,5.737,12.620,0.000,0.000,0,0,2.0291,86,172,86,97,82
18,post_landing,82,1389.0,58,205.948,478.251,0.41915,-0.09024,0.42875,-0.024106,-0.526752,0,1,3.56200,630.087,1.933,18.000,0.503,0.864,5.689,12.666,0.000,0.000,0,1,2.0291,86,172,86,97,82
18,post_landing,83,1405.0,58,206.369,478.464,0.41274,0.19448,0.45626,-0.023738,-0.550965,0,0,3.56200,630.087,1.933,18.000,0.524,0.852,5.636,12.708,0.000,0.000,0,0,2.0291,86,172,86,97,82
18,post_landing,84,1422.0,58,206.784,478.847,0.38204,-0.03740,0.38386,-0.026790,-0.574807,0,1,3.56200,630.087,1.933,18.000,0.544,0.839,5.579,12.742,0.000,0.000,0,1,2.0291,86,172,86,97,82
18,post_landing,85,1439.0,58,207.145,479.068,0.37654,0.22981,0.44113,-0.026405,-0.600155,0,0,3.56200,630.087,1.933,18.000,0.565,0.825,5.516,12.771,0.000,0.000,0,0,2.0291,86,172,86,97,82
18,post_landing,86,1455.0,58,207.523,479.579,0.34853,0.03158,0.34996,-0.026455,-0.626676,0,1,3.56200,630.087,1.933,18.000,0.586,0.810,5.446,12.791,0.000,0.000,0,1,2.0291,86,172,86,97,82
18,post_landing,87,1472.0,58,207.873,479.899,0.34320,0.31443,0.46546,-0.026050,-0.653247,0,0,3.56200,630.087,1.933,18.000,0.608,0.794,5.372,12.803,0.000,0.000,0,0,2.0291,86,172,86,97,82
18,post_landing,88,1489.0,58,208.198,480.418,0.26531,0.06545,0.27326,-0.022125,-0.677895,0,1,3.56200,630.087,1.933,18.000,0.627,0.779,5.301,12.806,0.000,0.000,0,1,2.0291,86,172,86,97,82
18,post_landing,89,1505.0,58,208.465,480.813,-0.58722,-0.43741,0.73223,0.025706,-0.700118,0,1,3.56200,630.087,1.933,18.000,0.644,0.765,5.233,12.802,0.000,0.000,0,1,2.0291,86,172,86,97,82
18,post_landing,90,1522.0,58,207.875,480.379,-0.60687,-0.08106,0.61226,0.017140,-0.674299,0,1,3.56200,630.087,1.933,18.000,0.624,0.781,5.311,12.806,0.000,0.000,0,1,2.0291,86,172,86,97,82
18,post_landing,91,1539.0,58,207.300,480.096,-0.75426,0.00000,0.75426,0.018844,-0.658082,0,1,3.56200,630.087,1.933,18.000,0.612,0.791,5.359,12.804,0.000,0.000,0,1,2.0291,86,172,86,97,82
18,post_landing,92,1555.0,58,206.543,479.815,-0.84549,-0.08403,0.84966,0.006736,-0.639154,0,1,3.56200,630.087,1.933,18.000,0.597,0.803,5.412,12.798,0.000,0.000,0,1,2.0291,86,172,86,97,82
18,post_landing,93,1572.0,58,205.694,479.691,-0.74352,0.00000,0.74352,-0.008264,-0.632388,0,1,3.56200,630.087,1.933,18.000,0.591,0.807,5.431,12.795,0.000,0.000,0,1,2.0291,86,172,86,97,82
18,post_landing,94,1589.0,58,204.990,479.798,-1.17907,-0.37503,1.23728,0.022028,-0.640208,0,1,3.56200,630.087,1.933,18.000,0.597,0.802,5.409,12.799,0.000,0.000,0,1,2.0291,86,172,86,97,82
18,post_landing,95,1605.0,58,203.806,479.466,-0.87233,-0.04728,0.87361,-0.025828,-0.618083,0,1,3.56200,630.087,1.933,18.000,0.579,0.815,5.469,12.786,0.000,0.000,0,1,2.0291,86,172,86,97,82
18,post_landing,96,1622.0,58,202.930,479.512,-0.85898,0.23678,0.89102,-0.025433,-0.644025,0,0,3.56200,630.087,1.933,18.000,0.600,0.800,5.399,12.800,0.000,0.000,0,0,2.0291,86,172,86,97,82
18,post_landing,97,1639.0,58,202.117,479.992,-0.84661,0.50003,0.98325,-0.025066,-0.668088,0,0,3.56200,630.087,1.933,18.000,0.619,0.785,5.330,12.806,0.000,0.000,0,0,2.0291,86,172,86,97,82
18,post_landing,98,1655.0,58,201.267,480.697,-1.11382,-0.07728,1.11650,-0.016007,-0.693265,0,1,3.56200,630.087,1.933,18.000,0.639,0.769,5.254,12.804,0.000,0.000,0,1,2.0291,86,172,86,97,82
18,post_landing,99,1673.0,58,200.148,480.908,-1.09678,0.20723,1.11619,-0.015762,-0.709342,0,0,3.56200,630.087,1.933,18.000,0.651,0.759,5.204,12.799,0.000,0.000,0,0,2.0291,86,172,86,97,82
18,post_landing,100,1689.0,58,199.110,481.274,-1.23238,0.12315,1.23852,0.008473,-0.724256,0,1,3.56200,630.087,1.933,18.000,0.663,0.749,5.157,12.791,0.000,0.000,0,1,2.0291,86,172,86,97,82
18,post_landing,101,1705.0,58,197.872,481.147,-1.27469,0.10852,1.27931,0.011661,-0.715746,0,1,3.56200,630.087,1.933,18.000,0.656,0.755,5.184,12.795,0.000,0.000,0,1,2.0291,86,172,86,97,82
18,post_landing,102,1722.0,58,196.592,480.933,-1.30641,0.10583,1.31069,0.012752,-0.704034,0,1,3.56200,630.087,1.933,18.000,0.647,0.762,5.221,12.801,0.000,0.000,0,1,2.0291,86,172,86,97,82
18,post_landing,103,1739.0,58,195.356,480.708,-1.30413,0.11694,1.30936,0.012141,-0.691968,0,1,3.56200,630.087,1.933,18.000,0.638,0.770,5.258,12.804,0.000,0.000,0,1,2.0291,86,172,86,97,82
18,post_landing,104,1755.0,58,194.046,480.496,-1.35685,0.09194,1.35996,0.013864,-0.679774,0,1,3.56200,630.087,1.933,18.000,0.629,0.778,5.295,12.806,0.000,0.000,0,1,2.0291,86,172,86,97,82
18,post_landing,105,1772.0,58,192.683,480.257,-1.41598,0.10209,1.41966,0.018009,-0.665849,0,1,3.56200,630.087,1.933,18.000,0.618,0.786,5.336,12.806,0.000,0.000,0,1,2.0291,86,172,86,97,82
18,post_landing,106,1789.0,58,191.344,479.973,-1.28602,0.23630,1.30755,0.004250,-0.648809,0,1,3.56200,630.087,1.933,18.000,0.604,0.797,5.385,12.802,0.000,0.000,0,1,2.0291,86,172,86,97,82
18,post_landing,107,1805.0,58,190.052,479.903,-1.56338,0.40250,1.61436,0.075341,-0.644540,0,1,3.56200,630.087,1.933,18.000,0.601,0.799,5.397,12.800,0.000,0.000,0,1,2.0291,86,172,86,97,82
18,post_landing,108,1822.0,58,188.482,479.452,-0.96205,-0.48379,1.07685,-0.120704,-0.568867,0,1,3.56200,630.087,1.933,18.000,0.539,0.843,5.594,12.735,0.000,0.000,0,2,2.0291,86,172,86,97,82
18,post_landing,109,1839.0,58,187.571,479.250,-0.94820,-0.21016,0.97121,-0.118966,-0.683075,0,0,3.56200,630.087,1.933,18.000,0.631,0.776,5.285,12.806,0.000,0.000,0,0,2.0291,86,172,86,97,82
18,post_landing,110,1855.0,58,186.619,479.328,-0.93369,0.07639,0.93681,-0.117146,-0.802563,0,0,3.56200,630.087,1.933,18.000,0.719,0.719,0.768,12.726,0.000,0.000,0,0,2.0291,86,172,86,97,82
18,post_landing,111,1872.0,58,185.681,479.694,-0.91941,0.35856,0.98685,-0.115353,-0.920223,0,0,3.56200,630.087,1.933,18.000,0.796,0.796,1.176,18.978,0.000,0.000,0,0,2.0291,86,172,86,97,82
18,post_landing,112,1889.0,58,184.811,480.289,-0.90617,0.62006,1.09800,-0.113692,-1.029368,0,0,3.56200,630.087,1.933,18.000,0.857,1.199,2.397,24.007,0.000,0.000,0,0,2.0291,86,172,86,97,82
18,post_landing,113,1905.0,58,183.901,481.201,-0.89230,0.89391,1.26304,-0.111953,-1.143560,0,0,3.56200,630.087,1.933,18.000,0.910,1.406,2.812,26.482,0.000,0.000,0,0,2.0291,86,172,86,97,82
18,post_landing,114,1922.0,58,183.057,482.302,-0.87945,1.14770,1.44591,-0.110341,-1.249486,0,0,3.56200,630.087,1.933,18.000,0.949,1.582,23.086,28.145,0.000,0.000,0,0,2.0291,86,172,86,97,82
18,post_landing,115,1938.0,58,182.174,483.744,-0.86600,1.41347,1.65767,-0.108652,-1.360312,0,0,3.56200,630.087,1.933,18.000,23.328,23.328,51.337,61.952,0.000,0.000,0,0,2.0291,86,172,86,97,82
18,post_landing,116,1955.0,58,181.304,485.453,-0.85275,1.67518,1.87974,-0.106990,-1.469442,0,0,3.56200,630.087,1.933,18.000,40.199,43.184,61.193,62.778,0.000,0.000,0,0,2.0291,86,172,86,97,82
18,post_landing,117,1972.0,58,180.497,487.294,-0.84047,1.91773,2.09381,-0.105449,-1.570673,0,0,3.56200,630.087,1.933,18.000,7.000,11.000,45.000,63.000,0.000,0.000,0,0,2.0291,86,172,86,97,82
19,falling,0,29.0,,195.000,97.029,0.00000,0.55000,0.55000,0.000000,0.000000,0,0,4.00600,1049.179,2.425,8.000,8.000,9.000,11.000,12.000,0.000,0.000,0,0,1.8824,72,144,72,73,59
19,falling,1,32.0,,195.000,97.099,0.00000,0.58234,0.58234,0.000000,0.000000,0,0,4.00600,1049.179,2.425,8.000,8.000,9.000,11.000,12.000,0.000,0.000,0,0,1.8824,72,144,72,73,59
19,falling,2,48.0,,195.000,97.973,0.00000,0.85677,0.85677,0.000000,0.000000,0,0,4.00600,1049.179,2.425,8.000,8.000,9.000,11.000,12.000,0.000,0.000,0,0,1.8824,72,144,72,73,59
19,falling,3,65.0,,195.000,99.122,0.00000,1.12699,1.12699,0.000000,0.000000,0,0,4.00600,1049.179,2.425,8.000,8.000,9.000,11.000,12.000,0.000,0.000,0,0,1.8824,72,144,72,73,59
19,falling,4,82.0,,195.000,100.445,0.00000,1.37743,1.37743,0.000000,0.000000,0,0,4.00600,1049.179,2.425,8.000,8.000,9.000,11.000,12.000,0.000,0.000,0,0,1.8824,72,144,72,73,59
19,falling,5,98.0,,195.000,102.117,0.00000,1.63969,1.63969,0.000000,0.000000,0,0,4.00600,1049.179,2.425,8.000,8.000,9.000,11.000,12.000,0.000,0.000,0,0,1.8824,72,144,72,73,59
19,falling,6,115.0,,195.000,104.053,0.00000,1.89793,1.89793,0.000000,0.000000,0,0,4.00600,1049.179,2.425,8.000,8.000,9.000,11.000,12.000,0.000,0.000,0,0,1.8824,72,144,72,73,59
19,falling,7,132.0,,195.000,106.105,0.00000,2.13727,2.13727,0.000000,0.000000,0,0,4.00600,1049.179,2.425,8.000,8.000,9.000,11.000,12.000,0.000,0.000,0,0,1.8824,72,144,72,73,59
19,falling,8,148.0,,195.000,108.540,0.00000,2.38790,2.38790,0.000000,0.000000,0,0,4.00600,1049.179,2.425,8.000,8.000,9.000,11.000,12.000,0.000,0.000,0,0,1.8824,72,144,72,73,59
19,falling,9,165.0,,195.000,111.228,0.00000,2.63470,2.63470,0.000000,0.000000,0,0,4.00600,1049.179,2.425,8.000,8.000,9.000,11.000,12.000,0.000,0.000,0,0,1.8824,72,144,72,73,59
19,falling,10,182.0,,195.000,113.977,0.00000,2.86343,2.86343,0.000000,0.000000,0,0,4.00600,1049.179,2.425,8.000,8.000,9.000,11.000,12.000,0.000,0.000,0,0,1.8824,72,144,72,73,59
19,falling,11,198.0,,195.000,117.142,0.00000,3.10295,3.10295,0.000000,0.000000,0,0,4.00600,1049.179,2.425,8.000,8.000,9.000,11.000,12.000,0.000,0.000,0,0,1.8824,72,144,72,73,59
19,falling,12,215.0,,195.000,120.547,0.00000,3.33881,3.33881,0.000000,0.000000,0,0,4.00600,1049.179,2.425,8.000,8.000,9.000,11.000,12.000,0.000,0.000,0,0,1.8824,72,144,72,73,59
19,falling,13,232.0,,195.000,123.962,0.00000,3.55740,3.55740,0.000000,0.000000,0,0,4.00600,1049.179,2.425,8.000,8.000,9.000,11.000,12.000,0.000,0.000,0,0,1.8824,72,144,72,73,59
19,falling,14,248.0,,195.000,127.824,0.00000,3.78630,3.78630,0.000000,0.000000,0,0,4.00600,1049.179,2.425,8.000,8.000,9.000,11.000,12.000,0.000,0.000,0,0,1.8824,72,144,72,73,59
19,falling,15,265.0,,195.000,131.916,0.00000,4.01171,4.01171,0.000000,0.000000,0,0,4.00600,1049.179,2.425,8.000,8.000,9.000,11.000,12.000,0.000,0.000,0,0,1.8824,72,144,72,73,59
19,falling,16,282.0,,195.000,135.968,0.00000,4.22060,4.22060,0.000000,0.000000,0,0,4.00600,1049.179,2.425,8.000,8.000,9.000,11.000,12.000,0.000,0.000,0,0,1.8824,72,144,72,73,59
19,falling,17,299.0,,195.000,140.496,0.00000,4.43936,4.43936,0.000000,0.000000,0,0,4.00600,1049.179,2.425,8.000,8.000,9.000,11.000,12.000,0.000,0.000,0,0,1.8824,72,144,72,73,59
19,falling,18,315.0,,195.000,145.244,0.00000,4.65477,4.65477,0.000000,0.000000,0,0,4.00600,1049.179,2.425,8.000,8.000,9.000,11.000,12.000,0.000,0.000,0,0,1.8824,72,144,72,73,59
19,falling,19,332.0,,195.000,149.904,0.00000,4.85441,4.85441,0.000000,0.000000,0,0,4.00600,1049.179,2.425,8.000,8.000,9.000,11.000,12.000,0.000,0.000,0,0,1.8824,72,144,72,73,59
19,falling,20,348.0,,195.000,155.069,0.00000,5.06347,5.06347,0.000000,0.000000,0,0,4.00600,1049.179,2.425,8.000,8.000,9.000,11.000,12.000,0.000,0.000,0,0,1.8824,72,144,72,73,59
19,falling,21,365.0,,195.000,160.444,0.00000,5.26933,5.26933,0.000000,0.000000,0,0,4.00600,1049.179,2.425,8.000,8.000,9.000,11.000,12.000,0.000,0.000,0,0,1.8824,72,144,72,73,59
19,falling,22,382.0,,195.000,165.686,0.00000,5.46012,5.46012,0.000000,0.000000,0,0,4.00600,1049.179,2.425,8.000,8.000,9.000,11.000,12.000,0.000,0.000,0,0,1.8824,72,144,72,73,59
19,falling,23,398.0,,195.000,171.459,0.00000,5.65992,5.65992,0.000000,0.000000,0,0,4.00600,1049.179,2.425,8.000,8.000,9.000,11.000,12.000,0.000,0.000,0,0,1.8824,72,144,72,73,59
19,falling,24,415.0,,195.000,177.433,0.00000,5.85665,5.85665,0.000000,0.000000,0,0,4.00600,1049.179,2.425,8.000,8.000,9.000,11.000,12.000,0.000,0.000,0,0,1.8824,72,144,72,73,59
19,falling,25,432.0,,195.000,183.230,0.00000,6.03898,6.03898,0.000000,0.000000,0,0,4.00600,1049.179,2.425,8.000,8.000,9.000,11.000,12.000,0.000,0.000,0,0,1.8824,72,144,72,73,59
19,falling,26,448.0,,195.000,189.584,0.00000,6.22992,6.22992,0.000000,0.000000,0,0,4.00600,1049.179,2.425,8.000,8.000,9.000,11.000,12.000,0.000,0.000,0,0,1.8824,72,144,72,73,59
19,falling,27,465.0,,195.000,196.131,0.00000,6.41794,6.41794,0.000000,0.000000,0,0,4.00600,1049.179,2.425,8.000,8.000,9.000,11.000,12.000,0.000,0.000,0,0,1.8824,72,144,72,73,59
19,falling,28,482.0,,195.000,202.459,0.00000,6.59218,6.59218,0.000000,0.000000,0,0,4.00600,1049.179,2.425,8.000,8.000,9.000,11.000,12.000,0.000,0.000,0,0,1.8824,72,144,72,73,59
19,falling,29,498.0,,195.000,209.369,0.00000,6.77466,6.77466,0.000000,0.000000,0,0,4.00600,1049.179,2.425,8.000,8.000,9.000,11.000,12.000,0.000,0.000,0,0,1.8824,72,144,72,73,59
19,falling,30,515.0,,195.000,216.463,0.00000,6.95434,6.95434,0.000000,0.000000,0,0,4.00600,1049.179,2.425,8.000,8.000,9.000,11.000,12.000,0.000,0.000,0,0,1.8824,72,144,72,73,59
19,falling,31,532.0,,195.000,223.299,0.00000,7.12086,7.12086,0.000000,0.000000,0,0,4.00600,1049.179,2.425,8.000,8.000,9.000,11.000,12.000,0.000,0.000,0,0,1.8824,72,144,72,73,59
19,falling,32,548.0,,195.000,230.740,0.00000,7.29525,7.29525,0.000000,0.000000,0,0,4.00600,1049.179,2.425,8.000,8.000,9.000,11.000,12.000,0.000,0.000,0,0,1.8824,72,144,72,73,59
19,falling,33,565.0,,195.000,238.356,0.00000,7.46696,7.46696,0.000000,0.000000,0,0,4.00600,1049.179,2.425,8.000,8.000,9.000,11.000,12.000,0.000,0.000,0,0,1.8824,72,144,72,73,59
19,falling,34,582.0,,195.000,245.677,0.00000,7.62611,7.62611,0.000000,0.000000,0,0,4.00600,1049.179,2.425,8.000,8.000,9.000,11.000,12.000,0.000,0.000,0,0,1.8824,72,144,72,73,59
19,falling,35,598.0,,195.000,253.626,0.00000,7.79276,7.79276,0.000000,0.000000,0,0,4.00600,1049.179,2.425,8.000,8.000,9.000,11.000,12.000,0.000,0.000,0,0,1.8824,72,144,72,73,59
19,falling,36,615.0,,195.000,261.742,0.00000,7.95686,7.95686,0.000000,0.000000,0,0,4.00600,1049.179,2.425,8.000,8.000,9.000,11.000,12.000,0.000,0.000,0,0,1.8824,72,144,72,73,59
19,falling,37,632.0,,195.000,269.527,0.00000,8.10895,8.10895,0.000000,0.000000,0,0,4.00600,1049.179,2.425,8.000,8.000,9.000,11.000,12.000,0.000,0.000,0,0,1.8824,72,144,72,73,59
19,falling,38,648.0,,195.000,277.960,0.00000,8.26822,8.26822,0.000000,0.000000,0,0,4.00600,1049.179,2.425,8.000,8.000,9.000,11.000,12.000,0.000,0.000,0,0,1.8824,72,144,72,73,59
19,falling,39,665.0,,195.000,286.554,0.00000,8.42505,8.42505,0.000000,0.000000,0,0,4.00600,1049.179,2.425,8.000,8.000,9.000,11.000,12.000,0.000,0.000,0,0,1.8824,72,144,72,73,59
19,falling,40,682.0,,195.000,294.781,0.00000,8.57039,8.57039,0.000000,0.000000,0,0,4.00600,1049.179,2.425,8.000,8.000,9.000,11.000,12.000,0.000,0.000,0,0,1.8824,72,144,72,73,59
19,falling,41,699.0,,195.000,303.678,0.00000,8.72260,8.72260,0.000000,0.000000,0,0,4.00600,1049.179,2.425,8.000,8.000,9.000,11.000,12.000,0.000,0.000,0,0,1.8824,72,144,72,73,59
19,falling,42,715.0,,195.000,312.728,0.00000,8.87248,8.87248,0.000000,0.000000,0,0,4.00600,1049.179,2.425,8.000,8.000,9.000,11.000,12.000,0.000,0.000,0,0,1.8824,72,144,72,73,59
19,falling,43,732.0,,195.000,321.379,0.00000,9.01138,9.01138,0.000000,0.000000,0,0,4.00600,1049.179,2.425,8.000,8.000,9.000,11.000,12.000,0.000,0.000,0,0,1.8824,72,144,72,73,59
19,falling,44,748.0,,195.000,330.719,0.00000,9.15684,9.15684,0.000000,0.000000,0,0,4.00600,1049.179,2.425,8.000,8.000,9.000,11.000,12.000,0.000,0.000,0,0,1.8824,72,144,72,73,59
19,falling,45,765.0,,195.000,340.205,0.00000,9.30007,9.30007,0.000000,0.000000,0,0,4.00600,1049.179,2.425,8.000,8.000,9.000,11.000,12.000,0.000,0.000,0,0,1.8824,72,144,72,73,59
19,falling,46,782.0,,195.000,349.261,0.00000,9.43282,9.43282,0.000000,0.000000,0,0,4.00600,1049.179,2.425,8.000,8.000,9.000,11.000,12.000,0.000,0.000,0,0,1.8824,72,144,72,73,59
19,falling,47,798.0,,195.000,359.024,0.00000,9.57183,9.57183,0.000000,0.000000,0,0,4.00600,1049.179,2.425,8.000,8.000,9.000,11.000,12.000,0.000,0.000,0,0,1.8824,72,144,72,73,59
19,falling,48,815.0,,195.000,368.927,0.00000,9.70871,9.70871,0.000000,0.000000,0,0,4.00600,1049.179,2.425,8.000,8.000,9.000,11.000,12.000,0.000,0.000,0,0,1.8824,72,144,72,73,59
19,falling,49,832.0,,195.000,378.369,0.00000,9.83558,9.83558,0.000000,0.000000,0,0,4.00600,1049.179,2.425,8.000,8.000,9.000,11.000,12.000,0.000,0.000,0,0,1.8824,72,144,72,73,59
19,falling,50,848.0,,195.000,388.537,0.00000,9.96842,9.96842,0.000000,0.000000,0,0,4.00600,1049.179,2.425,8.000,8.000,9.000,11.000,12.000,0.000,0.000,0,0,1.8824,72,144,72,73,59
19,falling,51,865.0,,195.000,398.838,0.00000,10.09924,10.09924,0.000000,0.000000,0,0,4.00600,1049.179,2.425,8.000,8.000,9.000,11.000,12.000,0.000,0.000,0,0,1.8824,72,144,72,73,59
19,falling,52,882.0,,195.000,408.650,0.00000,10.22048,10.22048,0.000000,0.000000,0,0,4.00600,1049.179,2.425,8.000,8.000,9.000,11.000,12.000,0.000,0.000,0,0,1.8824,72,144,72,73,59
19,falling,53,899.0,,195.000,419.204,0.00000,10.34744,10.34744,0.000000,0.000000,0,0,4.00600,1049.179,2.425,8.000,8.000,9.000,11.000,12.000,0.000,0.000,0,0,1.8824,72,144,72,73,59
19,falling,54,915.0,,195.000,429.886,0.00000,10.47246,10.47246,0.000000,0.000000,0,0,4.00600,1049.179,2.425,8.000,8.000,9.000,11.000,12.000,0.000,0.000,0,0,1.8824,72,144,72,73,59
19,falling,55,932.0,,195.000,440.051,0.00000,10.58832,10.58832,0.000000,0.000000,0,0,4.00600,1049.179,2.425,8.000,8.000,9.000,11.000,12.000,0.000,0.000,0,0,1.8824,72,144,72,73,59
19,falling,56,948.0,,195.000,450.975,0.00000,10.70965,10.70965,0.000000,0.000000,0,0,4.00600,1049.179,2.425,8.000,8.000,9.000,11.000,12.000,0.000,0.000,0,0,1.8824,72,144,72,73,59
19,falling,57,965.0,,195.000,462.020,0.00000,10.82913,10.82913,0.000000,0.000000,0,0,4.00600,1049.179,2.425,8.000,8.000,9.000,11.000,12.000,0.000,0.000,0,0,1.8824,72,144,72,73,59
19,falling,58,982.0,,195.000,472.523,0.00000,10.93985,10.93985,0.000000,0.000000,0,0,4.00600,1049.179,2.425,8.000,8.000,9.000,11.000,12.000,0.000,0.000,0,0,1.8824,72,144,72,73,59
19,post_landing,59,999.0,59,195.000,481.384,-2.38976,-0.55438,2.45322,0.015795,0.000000,0,1,4.00600,1049.179,2.425,8.000,8.000,9.000,11.000,12.000,0.000,0.000,0,5,1.8824,72,144,72,73,59
19,post_landing,60,1015.0,59,192.600,479.662,-2.17526,-0.58100,2.25151,-0.013801,0.015864,0,1,4.00600,1049.179,2.425,8.000,7.015,8.015,9.983,11.951,0.000,0.000,0,2,1.8824,72,144,72,73,59
19,post_landing,61,1032.0,59,190.542,479.342,-1.76030,-0.16828,1.76833,-0.023851,0.002807,0,1,4.00600,1049.179,2.425,8.000,7.003,8.003,9.997,11.992,0.000,0.000,0,1,1.8824,72,144,72,73,59
19,post_landing,62,1048.0,59,188.774,479.441,-1.73337,0.11763,1.73736,-0.023486,-0.021149,0,0,4.00600,1049.179,2.425,8.000,8.019,9.040,11.082,12.166,0.000,0.000,0,0,1.8824,72,144,72,73,59
19,post_landing,63,1065.0,59,187.033,479.760,-1.50845,0.12932,1.51398,-0.017343,-0.044738,0,1,4.00600,1049.179,2.425,8.000,8.037,9.080,11.168,12.346,0.000,0.000,0,1,1.8824,72,144,72,73,59
19,post_landing,64,1082.0,59,185.605,479.924,-1.13817,0.04707,1.13914,-0.029657,-0.061148,0,1,4.00600,1049.179,2.425,8.000,8.046,9.105,11.224,12.466,0.000,0.000,0,1,1.8824,72,144,72,73,59
19,post_landing,65,1099.0,59,184.462,480.224,-1.52996,0.12528,1.53508,0.020921,-0.090935,0,1,4.00600,1049.179,2.425,8.000,8.058,9.144,11.318,20.735,0.000,0.000,0,1,1.8824,72,144,72,73,59
19,post_landing,66,1115.0,59,182.925,479.998,-1.19229,-0.06830,1.19425,-0.017915,-0.069922,0,1,4.00600,1049.179,2.425,8.000,8.050,9.118,11.253,12.530,0.000,0.000,0,1,1.8824,72,144,72,73,59
19,post_landing,67,1132.0,59,181.797,480.176,-1.93170,-0.68384,2.04917,0.024994,-0.086873,0,1,4.00600,1049.179,2.425,8.000,8.057,9.140,11.306,20.705,0.000,0.000,0,1,1.8824,72,144,72,73,59
19,post_landing,68,1148.0,59,179.857,479.778,-1.90215,-0.39005,1.94172,0.024612,-0.061769,0,0,4.00600,1049.179,2.425,8.000,8.046,9.106,11.226,12.471,0.000,0.000,0,0,1.8824,72,144,72,73,59
19,post_landing,69,1165.0,59,177.947,479.683,-2.02324,-0.05541,2.02400,0.028709,-0.037049,0,1,4.00600,1049.179,2.425,8.000,8.032,9.068,11.141,12.288,0.000,0.000,0,1,1.8824,72,144,72,73,59
19,post_landing,70,1182.0,59,176.032,479.456,-1.87878,-0.32819,1.90723,-0.006897,-0.009885,0,1,4.00600,1049.179,2.425,8.000,8.009,9.019,11.039,12.078,0.000,0.000,0,1,1.8824,72,144,72,73,59
19,post_landing,71,1198.0,59,174.145,479.416,-1.85004,-0.03984,1.85047,-0.006792,-0.016813,0,0,4.00600,1049.179,2.425,8.000,8.016,9.032,11.066,12.133,0.000,0.000,0,0,1.8824,72,144,72,73,59
19,post_landing,72,1215.0,59,172.287,479.575,-1.50788,0.09276,1.51073,-0.017284,-0.023634,0,1,4.00600,1049.179,2.425,8.000,8.021,9.045,11.091,12.186,0.000,0.000,0,1,1.8824,72,144,72,73,59
19,post_landing,73,1232.0,59,170.860,479.723,-1.22423,0.00000,1.22423,-0.024780,-0.039988,0,1,4.00600,1049.179,2.425,8.000,8.034,9.073,11.151,12.310,0.000,0.000,0,1,1.8824,72,144,72,73,59
19,post_landing,74,1248.0,59,169.631,479.951,-1.41777,-0.30754,1.45075,-0.003826,-0.064877,0,1,4.00600,1049.179,2.425,8.000,8.048,9.111,11.236,12.493,0.000,0.000,0,1,1.8824,72,144,72,73,59
19,post_landing,75,1265.0,59,168.207,479.931,-1.39608,-0.01950,1.39622,-0.003767,-0.068719,0,0,4.00600,1049.179,2.425,8.000,8.050,9.116,11.249,12.521,0.000,0.000,0,0,1.8824,72,144,72,73,59
19,post_landing,76,1282.0,59,166.886,480.030,-1.44261,-0.27377,1.46836,-0.003452,-0.072284,0,1,4.00600,1049.179,2.425,8.000,8.051,9.121,11.260,12.546,0.000,0.000,0,1,1.8824,72,144,72,73,59
19,post_landing,77,1300.0,59,165.269,480.064,-1.14062,0.01703,1.14075,-0.014914,-0.076152,0,1,4.00600,1049.179,2.425,8.000,8.053,9.126,11.272,20.627,0.000,0.000,0,1,1.8824,72,144,72,73,59
19,post_landing,78,1316.0,59,164.190,480.221,-1.37980,-0.33499,1.41989,0.000000,-0.090263,0,1,4.00600,1049.179,2.425,8.000,8.058,9.144,11.316,20.730,0.000,0.000,0,1,1.8824,72,144,72,73,59
19,post_landing,79,1332.0,59,162.885,480.160,-1.35993,-0.06350,1.36142,0.000000,-0.090263,0,0,4.00600,1049.179,2.425,8.000,8.058,9.144,11.316,20.730,0.000,0.000,0,0,1.8824,72,144,72,73,59
19,post_landing,80,1349.0,59,161.598,480.222,-1.16919,0.00000,1.16919,-0.009402,-0.090263,0,1,4.00600,1049.179,2.425,8.000,8.058,9.144,11.316,20.730,0.000,0.000,0,1,1.8824,72,144,72,73,59
19,post_landing,81,1365.0,59,160.424,480.334,-1.12079,-0.57980,1.26188,-0.025752,-0.099706,0,1,4.00600,1049.179,2.425,8.000,8.060,9.154,11.344,20.797,0.000,0.000,0,1,1.8824,72,144,72,73,59
19,post_landing,82,1382.0,59,159.298,480.040,-1.10364,-0.28760,1.14050,-0.025358,-0.125572,0,0,4.00600,1049.179,2.425,8.000,8.062,9.180,11.414,20.970,0.000,0.000,0,0,1.8824,72,144,72,73,59
19,post_landing,83,1398.0,59,158.254,480.024,-1.08775,-0.01679,1.08788,-0.024993,-0.149566,0,0,4.00600,1049.179,2.425,8.000,1.138,9.198,11.473,21.267,0.000,0.000,0,0,1.8824,72,144,72,73,59
19,post_landing,84,1415.0,59,157.161,480.296,-1.07111,0.26680,1.10384,-0.024611,-0.174669,0,0,4.00600,1049.179,2.425,8.000,1.159,9.211,11.528,21.434,0.000,0.000,0,0,1.8824,72,144,72,73,59
19,post_landing,85,1432.0,59,156.085,480.853,-1.05472,0.54605,1.18769,-0.024234,-0.199388,0,0,4.00600,1049.179,2.425,8.000,1.178,9.218,12.753,21.584,0.000,0.000,0,0,1.8824,72,144,72,73,59
19,post_landing,86,1448.0,59,155.087,481.626,-1.03953,0.80485,1.31469,-0.023885,-0.222318,0,0,4.00600,1049.179,2.425,8.000,1.196,9.219,12.807,21.933,0.000,0.000,0,0,1.8824,72,144,72,73,59
19,post_landing,87,1465.0,59,154.043,482.449,-1.35214,0.19989,1.36683,0.000000,-0.246308,0,1,4.00600,1049.179,2.425,8.000,1.214,9.216,12.857,22.078,0.000,0.000,0,1,1.8824,72,144,72,73,59
19,post_landing,88,1483.0,59,152.685,482.464,-1.11274,0.04292,1.11357,-0.019317,-0.246308,0,1,4.00600,1049.179,2.425,8.000,1.214,9.216,12.857,22.078,0.000,0.000,0,1,1.8824,72,144,72,73,59
19,post_landing,89,1499.0,59,151.632,482.750,-1.03528,0.01949,1.03546,-0.015138,-0.264585,0,1,4.00600,1049.179,2.425,8.000,1.227,9.210,12.890,22.181,0.000,0.000,0,1,1.8824,72,144,72,73,59
19,post_landing,90,1515.0,59,150.592,483.031,-1.12921,0.11496,1.13505,0.004827,-0.279790,0,1,4.00600,1049.179,2.425,8.000,1.237,9.202,12.914,22.536,0.000,0.000,0,1,1.8824,72,144,72,73,59
19,post_landing,91,1532.0,59,149.524,482.973,-1.10000,0.14063,1.10895,0.005206,-0.275223,0,1,4.00600,1049.179,2.425,8.000,1.234,9.205,12.907,22.237,0.000,0.000,0,1,1.8824,72,144,72,73,59
19,post_landing,92,1549.0,59,148.419,482.887,-1.12591,0.12867,1.13324,0.006748,-0.269994,0,1,4.00600,1049.179,2.425,8.000,1.230,9.207,12.899,22.209,0.000,0.000,0,1,1.8824,72,144,72,73,59
19,post_landing,93,1565.0,59,147.288,482.766,-1.14584,0.27065,1.17737,0.014407,-0.263216,0,1,4.00600,1049.179,2.425,8.000,1.226,9.210,12.888,22.173,0.000,0.000,0,1,1.8824,72,144,72,73,59
19,post_landing,94,1582.0,59,146.204,482.875,-1.05216,-0.07773,1.05503,-0.021756,-0.249585,0,1,4.00600,1049.179,2.425,8.000,1.216,9.215,12.863,22.097,0.000,0.000,0,2,1.8824,72,144,72,73,59
19,post_landing,95,1599.0,59,145.147,482.890,-1.13260,0.16130,1.14403,0.002485,-0.271437,0,1,4.00600,1049.179,2.425,8.000,1.232,9.207,12.901,22.217,0.000,0.000,0,1,1.8824,72,144,72,73,59
19,post_landing,96,1615.0,59,144.010,482.865,-1.16707,0.27855,1.19985,0.011690,-0.268941,0,1,4.00600,1049.179,2.425,8.000,1.230,9.208,12.897,22.204,0.000,0.000,0,1,1.8824,72,144,72,73,59
19,post_landing,97,1632.0,59,142.838,483.007,-0.86514,0.17528,0.88272,-0.034602,-0.257200,0,1,4.00600,1049.179,2.425,8.000,1.221,9.213,12.877,22.140,0.000,0.000,0,2,1.8824,72,144,72,73,59
19,post_landing,98,1649.0,59,142.019,483.232,-1.76827,-0.27087,1.78889,0.036712,-0.289939,0,1,4.00600,1049.179,2.425,8.000,1.244,2.488,12.929,22.596,0.000,0.000,0,1,1.8824,72,144,72,73,59
19,post_landing,99,1665.0,59,140.243,482.929,-1.76664,0.01295,1.76669,0.042890,-0.253066,0,1,4.00600,1049.179,2.425,8.000,1.219,9.214,12.870,22.117,0.000,0.000,0,2,1.8824,72,144,72,73,59
19,post_landing,100,1682.0,59,138.571,482.248,-1.52176,-0.88099,1.75838,-0.071842,-0.212485,0,1,4.00600,1049.179,2.425,8.000,1.188,9.219,12.785,21.659,0.000,0.000,0,2,1.8824,72,144,72,73,59
19,post_landing,101,1698.0,59,137.043,481.652,-1.49848,-0.58418,1.60832,-0.070743,-0.284642,0,0,4.00600,1049.179,2.425,8.000,1.241,9.199,12.921,22.565,0.000,0.000,0,0,1.8824,72,144,72,73,59
19,post_landing,102,1715.0,59,135.538,481.355,-1.47555,-0.29190,1.50415,-0.069660,-0.355696,0,0,4.00600,1049.179,2.425,8.000,1.286,3.857,21.882,26.436,0.000,0.000,0,0,1.8824,72,144,72,73,59
19,post_landing,103,1732.0,59,134.142,481.335,-1.45431,-0.02103,1.45446,-0.068657,-0.421607,0,0,4.00600,1049.179,2.425,8.000,1.322,3.965,22.341,29.358,0.000,0.000,0,0,1.8824,72,144,72,73,59
19,post_landing,104,1748.0,59,132.681,481.602,-1.43206,0.26262,1.45594,-0.067607,-0.490565,0,0,4.00600,1049.179,2.425,8.000,2.706,15.707,22.824,31.885,0.000,0.000,0,0,1.8824,72,144,72,73,59
19,post_landing,105,1765.0,59,131.243,482.155,-1.41015,0.54194,1.51070,-0.066572,-0.558469,0,0,4.00600,1049.179,2.425,8.000,15.794,16.324,28.302,36.781,0.000,0.000,0,0,1.8824,72,144,72,73,59
19,post_landing,106,1782.0,59,129.908,482.924,-1.38984,0.80080,1.60404,-0.065614,-0.621458,0,0,4.00600,1049.179,2.425,8.000,16.392,16.974,25.928,43.132,0.000,0.000,0,0,1.8824,72,144,72,73,59
19,post_landing,107,1799.0,59,128.513,484.017,-1.36857,1.07188,1.73837,-0.064610,-0.687360,0,0,4.00600,1049.179,2.425,8.000,0.634,21.250,26.741,44.680,0.000,0.000,0,0,1.8824,72,144,72,73,59
19,post_landing,108,1815.0,59,127.138,485.383,-1.34764,1.33881,1.89962,-0.063621,-0.752254,0,0,4.00600,1049.179,2.425,8.000,0.683,9.894,29.682,46.007,0.000,0.000,0,0,1.8824,72,144,72,73,59
19,post_landing,109,1832.0,59,125.863,486.906,-1.32823,1.58620,2.06887,-0.062705,-0.812451,0,0,4.00600,1049.179,2.425,8.000,0.726,12.036,39.622,41.074,0.000,0.000,0,0,1.8824,72,144,72,73,59
19,post_landing,110,1849.0,59,124.529,488.788,-1.30791,1.84527,2.26178,-0.061746,-0.875432,0,0,4.00600,1049.179,2.425,8.000,8.578,23.431,38.283,45.067,0.000,0.000,0,0,1.8824,72,144,72,73,59
19,post_landing,111,1865.0,59,123.215,490.930,-1.28790,2.10037,2.46378,-0.060801,-0.937449,0,0,4.00600,1049.179,2.425,8.000,24.407,27.203,27.203,45.212,0.000,0.000,0,0,1.8824,72,144,72,73,59
19,post_landing,112,1882.0,59,121.997,493.173,-1.26935,2.33679,2.65929,-0.059925,-0.994977,0,0,4.00600,1049.179,2.425,8.000,15.804,26.076,27.165,48.546,0.000,0.000,0,0,1.8824,72,144,72,73,59
19,post_landing,113,1899.0,59,120.722,495.810,-1.24993,2.58437,2.87076,-0.059009,-1.055166,0,0,4.00600,1049.179,2.425,8.000,3.596,18.851,30.393,43.037,0.000,0.000,0,0,1.8824,72,144,72,73,59
19,post_landing,114,1915.0,59,119.466,498.178,-0.45360,0.00000,0.45360,-0.056705,-1.114434,0,1,4.00600,1049.179,2.425,8.000,5.370,11.621,30.406,35.335,0.000,0.000,0,5,1.8824,72,144,72,73,59
19,post_landing,115,1932.0,59,119.037,498.083,-0.59472,0.06458,0.59821,-0.017350,-1.168087,0,1,4.00600,1049.179,2.425,8.000,5.384,5.384,23.239,40.839,0.000,0.000,0,2,1.8824,72,144,72,73,59
19,post_landing,116,1949.0,59,118.440,498.171,-0.61287,0.05531,0.61536,-0.006132,-1.185513,0,1,4.00600,1049.179,2.425,8.000,5.385,5.385,22.467,40.852,0.000,0.000,0,2,1.8824,72,144,72,73,59
19,post_landing,117,1965.0,59,117.824,498.208,-0.52328,0.03138,0.52422,-0.006110,-1.191673,0,1,4.00600,1049.179,2.425,8.000,5.385,5.385,22.470,41.782,0.000,0.000,0,2,1.8824,72,144,72,73,59
19,post_landing,118,1982.0,59,117.329,498.235,-0.41715,0.03342,0.41849,-0.006760,-1.197454,0,1,4.00600,1049.179,2.425,8.000,5.385,5.385,22.471,41.784,0.000,0.000,0,2,1.8824,72,144,72,73,59
20,falling,0,19.0,,195.000,97.029,0.00000,0.55000,0.55000,0.000000,0.000000,0,0,4.24600,1052.603,1.069,5.000,5.000,5.000,6.000,27.000,0.000,0.000,0,0,1.7356,122,244,122,127,82
20,falling,1,29.0,,195.000,97.456,0.00000,0.71172,0.71172,0.000000,0.000000,0,0,4.24600,1052.603,1.069,5.000,5.000,5.000,6.000,27.000,0.000,0.000,0,0,1.7356,122,244,122,127,82
20,falling,2,46.0,,195.000,98.385,0.00000,0.96813,0.96813,0.000000,0.000000,0,0,4.24600,1052.603,1.069,5.000,5.000,5.000,6.000,27.000,0.000,0.000,0,0,1.7356,122,244,122,127,82
20,falling,3,62.0,,195.000,99.647,0.00000,1.23666,1.23666,0.000000,0.000000,0,0,4.24600,1052.603,1.069,5.000,5.000,5.000,6.000,27.000,0.000,0.000,0,0,1.7356,122,244,122,127,82
20,falling,4,79.0,,195.000,101.178,0.00000,1.50107,1.50107,0.000000,0.000000,0,0,4.24600,1052.603,1.069,5.000,5.000,5.000,6.000,27.000,0.000,0.000,0,0,1.7356,122,244,122,127,82
20,falling,5,96.0,,195.000,102.854,0.00000,1.74612,1.74612,0.000000,0.000000,0,0,4.24600,1052.603,1.069,5.000,5.000,5.000,6.000,27.000,0.000,0.000,0,0,1.7356,122,244,122,127,82
20,falling,6,112.0,,195.000,104.897,0.00000,2.00274,2.00274,0.000000,0.000000,0,0,4.24600,1052.603,1.069,5.000,5.000,5.000,6.000,27.000,0.000,0.000,0,0,1.7356,122,244,122,127,82
20,falling,7,129.0,,195.000,107.198,0.00000,2.25543,2.25543,0.000000,0.000000,0,0,4.24600,1052.603,1.069,5.000,5.000,5.000,6.000,27.000,0.000,0.000,0,0,1.7356,122,244,122,127,82
20,falling,8,146.0,,195.000,109.752,0.00000,2.50425,2.50425,0.000000,0.000000,0,0,4.24600,1052.603,1.069,5.000,5.000,5.000,6.000,27.000,0.000,0.000,0,0,1.7356,122,244,122,127,82
20,falling,9,162.0,,195.000,112.377,0.00000,2.73486,2.73486,0.000000,0.000000,0,0,4.24600,1052.603,1.069,5.000,5.000,5.000,6.000,27.000,0.000,0.000,0,0,1.7356,122,244,122,127,82
20,falling,10,179.0,,195.000,115.413,0.00000,2.97635,2.97635,0.000000,0.000000,0,0,4.24600,1052.603,1.069,5.000,5.000,5.000,6.000,27.000,0.000,0.000,0,0,1.7356,122,244,122,127,82
20,falling,11,196.0,,195.000,118.485,0.00000,3.20016,3.20016,0.000000,0.000000,0,0,4.24600,1052.603,1.069,5.000,5.000,5.000,6.000,27.000,0.000,0.000,0,0,1.7356,122,244,122,127,82
20,falling,12,212.0,,195.000,121.989,0.00000,3.43453,3.43453,0.000000,0.000000,0,0,4.24600,1052.603,1.069,5.000,5.000,5.000,6.000,27.000,0.000,0.000,0,0,1.7356,122,244,122,127,82
20,falling,13,229.0,,195.000,125.727,0.00000,3.66531,3.66531,0.000000,0.000000,0,0,4.24600,1052.603,1.069,5.000,5.000,5.000,6.000,27.000,0.000,0.000,0,0,1.7356,122,244,122,127,82
20,falling,14,246.0,,195.000,129.698,0.00000,3.89257,3.89257,0.000000,0.000000,0,0,4.24600,1052.603,1.069,5.000,5.000,5.000,6.000,27.000,0.000,0.000,0,0,1.7356,122,244,122,127,82
20,falling,15,262.0,,195.000,133.637,0.00000,4.10318,4.10318,0.000000,0.000000,0,0,4.24600,1052.603,1.069,5.000,5.000,5.000,6.000,27.000,0.000,0.000,0,0,1.7356,122,244,122,127,82
20,falling,16,279.0,,195.000,138.047,0.00000,4.32373,4.32373,0.000000,0.000000,0,0,4.24600,1052.603,1.069,5.000,5.000,5.000,6.000,27.000,0.000,0.000,0,0,1.7356,122,244,122,127,82
20,falling,17,296.0,,195.000,142.679,0.00000,4.54092,4.54092,0.000000,0.000000,0,0,4.24600,1052.603,1.069,5.000,5.000,5.000,6.000,27.000,0.000,0.000,0,0,1.7356,122,244,122,127,82
20,falling,18,313.0,,195.000,147.231,0.00000,4.74219,4.74219,0.000000,0.000000,0,0,4.24600,1052.603,1.069,5.000,5.000,5.000,6.000,27.000,0.000,0.000,0,0,1.7356,122,244,122,127,82
20,falling,19,329.0,,195.000,152.283,0.00000,4.95297,4.95297,0.000000,0.000000,0,0,4.24600,1052.603,1.069,5.000,5.000,5.000,6.000,27.000,0.000,0.000,0,0,1.7356,122,244,122,127,82
20,falling,20,346.0,,195.000,157.547,0.00000,5.16052,5.16052,0.000000,0.000000,0,0,4.24600,1052.603,1.069,5.000,5.000,5.000,6.000,27.000,0.000,0.000,0,0,1.7356,122,244,122,127,82
20,falling,21,363.0,,195.000,162.686,0.00000,5.35288,5.35288,0.000000,0.000000,0,0,4.24600,1052.603,1.069,5.000,5.000,5.000,6.000,27.000,0.000,0.000,0,0,1.7356,122,244,122,127,82
20,falling,22,379.0,,195.000,168.351,0.00000,5.55431,5.55431,0.000000,0.000000,0,0,4.24600,1052.603,1.069,5.000,5.000,5.000,6.000,27.000,0.000,0.000,0,0,1.7356,122,244,122,127,82
20,falling,23,396.0,,195.000,174.219,0.00000,5.75266,5.75266,0.000000,0.000000,0,0,4.24600,1052.603,1.069,5.000,5.000,5.000,6.000,27.000,0.000,0.000,0,0,1.7356,122,244,122,127,82
20,falling,24,413.0,,195.000,179.918,0.00000,5.93649,5.93649,0.000000,0.000000,0,0,4.24600,1052.603,1.069,5.000,5.000,5.000,6.000,27.000,0.000,0.000,0,0,1.7356,122,244,122,127,82
20,falling,25,429.0,,195.000,186.169,0.00000,6.12900,6.12900,0.000000,0.000000,0,0,4.24600,1052.603,1.069,5.000,5.000,5.000,6.000,27.000,0.000,0.000,0,0,1.7356,122,244,122,127,82
20,falling,26,446.0,,195.000,192.614,0.00000,6.31856,6.31856,0.000000,0.000000,0,0,4.24600,1052.603,1.069,5.000,5.000,5.000,6.000,27.000,0.000,0.000,0,0,1.7356,122,244,122,127,82
20,falling,27,463.0,,195.000,198.849,0.00000,6.49424,6.49424,0.000000,0.000000,0,0,4.24600,1052.603,1.069,5.000,5.000,5.000,6.000,27.000,0.000,0.000,0,0,1.7356,122,244,122,127,82
20,falling,28,479.0,,195.000,205.661,0.00000,6.67821,6.67821,0.000000,0.000000,0,0,4.24600,1052.603,1.069,5.000,5.000,5.000,6.000,27.000,0.000,0.000,0,0,1.7356,122,244,122,127,82
20,falling,29,496.0,,195.000,212.657,0.00000,6.85937,6.85937,0.000000,0.000000,0,0,4.24600,1052.603,1.069,5.000,5.000,5.000,6.000,27.000,0.000,0.000,0,0,1.7356,122,244,122,127,82
20,falling,30,513.0,,195.000,219.403,0.00000,7.02726,7.02726,0.000000,0.000000,0,0,4.24600,1052.603,1.069,5.000,5.000,5.000,6.000,27.000,0.000,0.000,0,0,1.7356,122,244,122,127,82
20,falling,31,529.0,,195.000,226.750,0.00000,7.20307,7.20307,0.000000,0.000000,0,0,4.24600,1052.603,1.069,5.000,5.000,5.000,6.000,27.000,0.000,0.000,0,0,1.7356,122,244,122,127,82
20,falling,32,546.0,,195.000,234.274,0.00000,7.37620,7.37620,0.000000,0.000000,0,0,4.24600,1052.603,1.069,5.000,5.000,5.000,6.000,27.000,0.000,0.000,0,0,1.7356,122,244,122,127,82
20,falling,33,563.0,,195.000,241.509,0.00000,7.53665,7.53665,0.000000,0.000000,0,0,4.24600,1052.603,1.069,5.000,5.000,5.000,6.000,27.000,0.000,0.000,0,0,1.7356,122,244,122,127,82
20,falling,34,579.0,,195.000,249.368,0.00000,7.70467,7.70467,0.000000,0.000000,0,0,4.24600,1052.603,1.069,5.000,5.000,5.000,6.000,27.000,0.000,0.000,0,0,1.7356,122,244,122,127,82
20,falling,35,596.0,,195.000,257.396,0.00000,7.87012,7.87012,0.000000,0.000000,0,0,4.24600,1052.603,1.069,5.000,5.000,5.000,6.000,27.000,0.000,0.000,0,0,1.7356,122,244,122,127,82
20,falling,36,613.0,,195.000,265.098,0.00000,8.02346,8.02346,0.000000,0.000000,0,0,4.24600,1052.603,1.069,5.000,5.000,5.000,6.000,27.000,0.000,0.000,0,0,1.7356,122,244,122,127,82
20,falling,37,629.0,,195.000,273.446,0.00000,8.18404,8.18404,0.000000,0.000000,0,0,4.24600,1052.603,1.069,5.000,5.000,5.000,6.000,27.000,0.000,0.000,0,0,1.7356,122,244,122,127,82
20,falling,38,646.0,,195.000,281.955,0.00000,8.34215,8.34215,0.000000,0.000000,0,0,4.24600,1052.603,1.069,5.000,5.000,5.000,6.000,27.000,0.000,0.000,0,0,1.7356,122,244,122,127,82
20,falling,39,663.0,,195.000,290.104,0.00000,8.48869,8.48869,0.000000,0.000000,0,0,4.24600,1052.603,1.069,5.000,5.000,5.000,6.000,27.000,0.000,0.000,0,0,1.7356,122,244,122,127,82
20,falling,40,679.0,,195.000,298.919,0.00000,8.64215,8.64215,0.000000,0.000000,0,0,4.24600,1052.603,1.069,5.000,5.000,5.000,6.000,27.000,0.000,0.000,0,0,1.7356,122,244,122,127,82
20,falling,41,696.0,,195.000,307.888,0.00000,8.79326,8.79326,0.000000,0.000000,0,0,4.24600,1052.603,1.069,5.000,5.000,5.000,6.000,27.000,0.000,0.000,0,0,1.7356,122,244,122,127,82
20,falling,42,712.0,,195.000,316.464,0.00000,8.93330,8.93330,0.000000,0.000000,0,0,4.24600,1052.603,1.069,5.000,5.000,5.000,6.000,27.000,0.000,0.000,0,0,1.7356,122,244,122,127,82
20,falling,43,729.0,,195.000,325.726,0.00000,9.07995,9.07995,0.000000,0.000000,0,0,4.24600,1052.603,1.069,5.000,5.000,5.000,6.000,27.000,0.000,0.000,0,0,1.7356,122,244,122,127,82
20,falling,44,746.0,,195.000,334.573,0.00000,9.21587,9.21587,0.000000,0.000000,0,0,4.24600,1052.603,1.069,5.000,5.000,5.000,6.000,27.000,0.000,0.000,0,0,1.7356,122,244,122,127,82
20,falling,45,762.0,,195.000,344.118,0.00000,9.35820,9.35820,0.000000,0.000000,0,0,4.24600,1052.603,1.069,5.000,5.000,5.000,6.000,27.000,0.000,0.000,0,0,1.7356,122,244,122,127,82
20,falling,46,779.0,,195.000,353.807,0.00000,9.49835,9.49835,0.000000,0.000000,0,0,4.24600,1052.603,1.069,5.000,5.000,5.000,6.000,27.000,0.000,0.000,0,0,1.7356,122,244,122,127,82
20,falling,47,796.0,,195.000,363.050,0.00000,9.62824,9.62824,0.000000,0.000000,0,0,4.24600,1052.603,1.069,5.000,5.000,5.000,6.000,27.000,0.000,0.000,0,0,1.7356,122,244,122,127,82
20,falling,48,812.0,,195.000,373.009,0.00000,9.76427,9.76427,0.000000,0.000000,0,0,4.24600,1052.603,1.069,5.000,5.000,5.000,6.000,27.000,0.000,0.000,0,0,1.7356,122,244,122,127,82
20,falling,49,829.0,,195.000,383.105,0.00000,9.89821,9.89821,0.000000,0.000000,0,0,4.24600,1052.603,1.069,5.000,5.000,5.000,6.000,27.000,0.000,0.000,0,0,1.7356,122,244,122,127,82
20,falling,50,846.0,,195.000,392.727,0.00000,10.02234,10.02234,0.000000,0.000000,0,0,4.24600,1052.603,1.069,5.000,5.000,5.000,6.000,27.000,0.000,0.000,0,0,1.7356,122,244,122,127,82
20,falling,51,862.0,,195.000,403.082,0.00000,10.15233,10.15233,0.000000,0.000000,0,0,4.24600,1052.603,1.069,5.000,5.000,5.000,6.000,27.000,0.000,0.000,0,0,1.7356,122,244,122,127,82
20,falling,52,879.0,,195.000,413.568,0.00000,10.28033,10.28033,0.000000,0.000000,0,0,4.24600,1052.603,1.069,5.000,5.000,5.000,6.000,27.000,0.000,0.000,0,0,1.7356,122,244,122,127,82
20,falling,53,896.0,,195.000,423.551,0.00000,10.39896,10.39896,0.000000,0.000000,0,0,4.24600,1052.603,1.069,5.000,5.000,5.000,6.000,27.000,0.000,0.000,0,0,1.7356,122,244,122,127,82
20,falling,54,912.0,,195.000,434.285,0.00000,10.52319,10.52319,0.000000,0.000000,0,0,4.24600,1052.603,1.069,5.000,5.000,5.000,6.000,27.000,0.000,0.000,0,0,1.7356,122,244,122,127,82
20,falling,55,929.0,,195.000,445.143,0.00000,10.64552,10.64552,0.000000,0.000000,0,0,4.24600,1052.603,1.069,5.000,5.000,5.000,6.000,27.000,0.000,0.000,0,0,1.7356,122,244,122,127,82
20,falling,56,946.0,,195.000,455.472,0.00000,10.75889,10.75889,0.000000,0.000000,0,0,4.24600,1052.603,1.069,5.000,5.000,5.000,6.000,27.000,0.000,0.000,0,0,1.7356,122,244,122,127,82
20,falling,57,962.0,,195.000,466.567,0.00000,10.87761,10.87761,0.000000,0.000000,0,0,4.24600,1052.603,1.069,5.000,5.000,5.000,6.000,27.000,0.000,0.000,0,0,1.7356,122,244,122,127,82
20,falling,58,979.0,,195.000,477.781,0.00000,10.99452,10.99452,0.000000,0.000000,0,0,4.24600,1052.603,1.069,5.000,5.000,5.000,6.000,27.000,0.000,0.000,0,0,1.7356,122,244,122,127,82
20,post_landing,59,996.0,59,195.000,484.488,1.02047,-1.36018,1.70042,0.184690,0.000000,0,1,4.24600,1052.603,1.069,5.000,5.000,5.000,6.000,27.000,0.000,0.000,0,10,1.7356,122,244,122,127,82
20,post_landing,60,1013.0,59,196.025,480.341,1.66759,-0.58082,1.76584,0.040098,0.185502,0,1,4.24600,1052.603,1.069,5.000,5.099,5.099,5.897,6.327,0.000,0.000,0,3,1.7356,122,244,122,127,82
20,post_landing,61,1029.0,59,197.700,479.537,1.43502,-0.15873,1.44377,0.026930,0.225776,0,1,4.24600,1052.603,1.069,5.000,5.097,5.097,5.545,6.151,0.000,0.000,0,2,1.7356,122,244,122,127,82
20,post_landing,62,1046.0,59,199.058,479.457,1.48186,0.04188,1.48245,0.000000,0.251257,0,1,4.24600,1052.603,1.069,5.000,5.092,5.092,5.589,6.034,0.000,0.000,0,1,1.7356,122,244,122,127,82
20,post_landing,63,1062.0,59,200.546,479.497,0.98155,0.06164,0.98348,0.031212,0.251257,0,1,4.24600,1052.603,1.069,5.000,5.092,5.092,5.589,6.034,0.000,0.000,0,1,1.7356,122,244,122,127,82
20,post_landing,64,1079.0,59,201.532,479.730,0.77285,-0.02628,0.77329,0.028660,0.282605,0,1,4.24600,1052.603,1.069,5.000,1.239,5.081,5.638,5.886,0.000,0.000,0,1,1.7356,122,244,122,127,82
20,post_landing,65,1097.0,59,202.263,479.965,2.21293,-1.10759,2.47463,-0.115567,0.309723,0,1,4.24600,1052.603,1.069,5.000,1.257,5.067,5.676,5.753,0.000,0.000,0,1,1.7356,122,244,122,127,82
20,post_landing,66,1113.0,59,204.486,479.131,1.28326,-0.44402,1.35791,0.018588,0.193648,0,1,4.24600,1052.603,1.069,5.000,5.099,5.099,5.888,6.292,0.000,0.000,0,1,1.7356,122,244,122,127,82
20,post_landing,67,1129.0,59,205.775,478.965,1.26363,-0.15389,1.27296,0.018304,0.212318,0,0,4.24600,1052.603,1.069,5.000,5.098,5.098,5.865,6.211,0.000,0.000,0,0,1.7356,122,244,122,127,82
20,post_landing,68,1146.0,59,206.970,479.068,1.24543,0.11499,1.25073,0.018040,0.229636,0,0,4.24600,1052.603,1.069,5.000,5.096,5.096,5.552,6.133,0.000,0.000,0,0,1.7356,122,244,122,127,82
20,post_landing,69,1162.0,59,208.221,479.452,1.35723,0.15069,1.36557,-0.007867,0.247755,0,1,4.24600,1052.603,1.069,5.000,5.093,5.093,5.583,6.051,0.000,0.000,0,1,1.7356,122,244,122,127,82
20,post_landing,70,1179.0,59,209.584,479.430,1.30660,0.16405,1.31686,-0.007032,0.239854,0,1,4.24600,1052.603,1.069,5.000,5.094,5.094,5.570,6.087,0.000,0.000,0,1,1.7356,122,244,122,127,82
20,post_landing,71,1196.0,59,210.821,479.384,1.26398,0.14201,1.27194,-0.006332,0.233201,0,1,4.24600,1052.603,1.069,5.000,5.096,5.096,5.558,6.117,0.000,0.000,0,1,1.7356,122,244,122,127,82
20,post_landing,72,1212.0,59,212.090,479.347,1.25819,0.14658,1.26670,-0.008863,0.226841,0,1,4.24600,1052.603,1.069,5.000,5.097,5.097,5.547,6.146,0.000,0.000,0,1,1.7356,122,244,122,127,82
20,post_landing,73,1229.0,59,213.354,479.295,1.24203,0.14058,1.24997,-0.008929,0.217939,0,1,4.24600,1052.603,1.069,5.000,5.098,5.098,5.530,6.186,0.000,0.000,0,1,1.7356,122,244,122,127,82
20,post_landing,74,1246.0,59,214.529,479.242,1.18995,0.12863,1.19688,-0.006038,0.209490,0,1,4.24600,1052.603,1.069,5.000,5.099,5.099,5.869,6.223,0.000,0.000,0,1,1.7356,122,244,122,127,82
20,post_landing,75,1262.0,59,215.724,479.212,1.21377,0.25482,1.24023,-0.019017,0.203425,0,1,4.24600,1052.603,1.069,5.000,5.099,5.099,5.876,6.250,0.000,0.000,0,1,1.7356,122,244,122,127,82
20,post_landing,76,1279.0,59,216.943,479.133,1.17125,0.21221,1.19032,-0.017679,0.184324,0,1,4.24600,1052.603,1.069,5.000,5.099,5.099,5.898,6.332,0.000,0.000,0,1,1.7356,122,244,122,127,82
20,post_landing,77,1296.0,59,218.052,479.056,0.61194,-0.01236,0.61207,0.058786,0.167597,0,1,4.24600,1052.603,1.069,5.000,5.097,5.097,5.916,6.401,0.000,0.000,0,1,1.7356,122,244,122,127,82
20,post_landing,78,1312.0,59,218.666,479.312,0.41096,0.00000,0.41096,0.072474,0.226641,0,1,4.24600,1052.603,1.069,5.000,5.097,5.097,5.546,6.147,0.000,0.000,0,1,1.7356,122,244,122,127,82
20,post_landing,79,1329.0,59,219.079,479.601,0.40467,0.28333,0.49400,0.071365,0.299433,0,0,4.24600,1052.603,1.069,5.000,1.250,5.072,5.662,5.804,0.000,0.000,0,0,1.7356,122,244,122,127,82
20,post_landing,80,1346.0,59,219.462,480.125,0.39884,0.54592,0.67609,0.070338,0.366957,0,0,4.24600,1052.603,1.069,5.000,1.292,5.026,5.743,5.886,0.000,0.000,0,0,1.7356,122,244,122,127,82
20,post_landing,81,1363.0,59,219.862,480.963,0.39274,0.82090,0.91001,0.069261,0.437604,0,0,4.24600,1052.603,1.069,5.000,1.330,4.953,5.800,6.166,0.000,0.000,0,0,1.7356,122,244,122,127,82
20,post_landing,82,1379.0,59,220.257,482.076,0.38673,1.09167,1.15815,0.068202,0.507170,0,0,4.24600,1052.603,1.069,5.000,1.360,4.856,5.828,7.868,0.000,0.000,0,0,1.7356,122,244,122,127,82
20,post_landing,83,1396.0,59,220.623,483.365,0.38116,1.34262,1.39568,0.067220,0.571701,0,0,4.24600,1052.603,1.069,5.000,1.382,2.464,5.828,19.049,0.000,0.000,0,0,1.7356,122,244,122,127,82
20,post_landing,84,1412.0,59,221.006,485.003,0.37533,1.60541,1.64870,0.066191,0.639216,0,0,4.24600,1052.603,1.069,5.000,1.399,2.592,5.803,22.777,0.000,0.000,0,0,1.7356,122,244,122,127,82
20,post_landing,85,1429.0,59,221.383,486.860,0.65180,0.62132,0.90050,0.018212,0.705698,0,1,4.24600,1052.603,1.069,5.000,1.410,2.707,5.751,26.560,0.000,0.000,0,1,1.7356,122,244,122,127,82
20,post_landing,86,1446.0,59,221.999,487.356,0.56070,0.18606,0.59077,0.026799,0.722930,0,1,4.24600,1052.603,1.069,5.000,1.411,2.735,5.734,27.303,0.000,0.000,0,2,1.7356,122,244,122,127,82
20,post_landing,87,1462.0,59,222.563,487.832,0.55212,0.46655,0.72285,0.026389,0.749846,0,0,4.24600,1052.603,1.069,5.000,1.413,2.776,5.704,28.116,0.000,0.000,0,0,1.7356,122,244,122,127,82
20,post_landing,88,1479.0,59,223.117,488.589,0.54367,0.74274,0.92046,0.025985,0.776351,0,0,4.24600,1052.603,1.069,5.000,1.414,2.816,5.669,28.245,0.000,0.000,0,0,1.7356,122,244,122,127,82
20,post_landing,89,1496.0,59,223.631,489.363,0.85406,0.21887,0.88166,0.009691,0.800937,0,1,4.24600,1052.603,1.069,5.000,1.414,2.850,21.233,29.065,0.000,0.000,0,2,1.7356,122,244,122,127,82
20,post_landing,90,1512.0,59,224.489,489.635,0.68845,0.18956,0.71407,0.009794,0.810671,0,1,4.24600,1052.603,1.069,5.000,1.414,2.863,21.242,29.832,0.000,0.000,0,2,1.7356,122,244,122,127,82
20,post_landing,91,1529.0,59,225.181,489.905,0.56499,0.17860,0.59254,0.008110,0.820508,0,1,4.24600,1052.603,1.069,5.000,1.413,2.876,21.250,29.879,0.000,0.000,0,2,1.7356,122,244,122,127,82
20,post_landing,92,1546.0,59,225.715,490.117,0.46848,0.16521,0.49676,0.006791,0.828182,0,1,4.24600,1052.603,1.069,5.000,1.413,2.886,21.254,29.913,0.000,0.000,0,2,1.7356,122,244,122,127,82
20,post_landing,93,1562.0,59,226.186,490.314,0.41612,0.15098,0.44267,0.006052,0.835002,0,1,4.24600,1052.603,1.069,5.000,1.412,2.895,24.823,30.684,0.000,0.000,0,2,1.7356,122,244,122,127,82
20,post_landing,94,1579.0,59,226.580,490.473,0.37577,0.13803,0.40032,0.005495,0.840729,0,1,4.24600,1052.603,1.069,5.000,1.412,2.902,24.828,30.711,0.000,0.000,0,2,1.7356,122,244,122,127,82
20,post_landing,95,1596.0,59,226.957,490.634,0.35379,0.27355,0.44721,0.009619,0.846248,0,1,4.24600,1052.603,1.069,5.000,1.412,2.909,24.832,30.736,0.000,0.000,0,2,1.7356,122,244,122,127,82
20,post_landing,96,1612.0,59,227.312,490.913,0.40586,0.32964,0.52286,0.011074,0.855909,0,1,4.24600,1052.603,1.069,5.000,1.411,2.921,24.837,31.534,0.000,0.000,0,2,1.7356,122,244,122,127,82
20,post_landing,97,1629.0,59,227.696,491.213,0.45120,0.36018,0.57733,0.012610,0.866387,0,1,4.24600,1052.603,1.069,5.000,1.410,2.934,27.011,31.583,0.000,0.000,0,2,1.7356,122,244,122,127,82
20,post_landing,98,1646.0,59,228.150,491.588,0.49176,0.39921,0.63340,0.013806,0.879053,0,1,4.24600,1052.603,1.069,5.000,1.408,2.948,27.017,31.638,0.000,0.000,0,2,1.7356,122,244,122,127,82
20,post_landing,99,1662.0,59,228.643,492.001,0.52348,0.43419,0.68011,0.014963,0.892920,0,1,4.24600,1052.603,1.069,5.000,1.406,2.964,27.797,31.692,0.000,0.000,0,2,1.7356,122,244,122,127,82
20,post_landing,100,1679.0,59,229.139,492.423,0.54316,0.46059,0.71215,0.015623,0.907078,0,1,4.24600,1052.603,1.069,5.000,1.404,2.979,27.802,44.718,0.000,0.000,0,2,1.7356,122,244,122,127,82
20,post_landing,101,1696.0,59,229.684,492.907,0.55880,0.49454,0.74621,0.016440,0.922769,0,1,4.24600,1052.603,1.069,5.000,1.401,18.793,28.599,44.783,0.000,0.000,0,2,1.7356,122,244,122,127,82
20,post_landing,102,1712.0,59,230.246,493.420,0.57243,0.52273,0.77520,0.017128,0.939282,0,1,4.24600,1052.603,1.069,5.000,1.398,22.420,29.407,44.840,0.000,0.000,0,2,1.7356,122,244,122,127,82
20,post_landing,103,1729.0,59,230.787,493.926,0.57751,0.54046,0.79096,0.017543,0.955488,0,1,4.24600,1052.603,1.069,5.000,1.394,24.652,29.411,47.333,0.000,0.000,0,2,1.7356,122,244,122,127,82
20,post_landing,104,1746.0,59,231.367,494.492,0.58016,0.56814,0.81201,0.018030,0.973108,0,1,4.24600,1052.603,1.069,5.000,1.389,25.502,30.232,47.398,0.000,0.000,0,2,1.7356,122,244,122,127,82
20,post_landing,105,1762.0,59,231.950,495.080,0.58226,0.59071,0.82943,0.018484,0.991218,0,1,4.24600,1052.603,1.069,5.000,24.690,25.527,31.064,48.574,0.000,0.000,0,2,1.7356,122,244,122,127,82
20,post_landing,106,1779.0,59,232.501,495.733,0.66902,0.24854,0.71369,0.021981,1.008707,0,1,4.24600,1052.603,1.069,5.000,24.697,26.390,44.944,51.714,0.000,0.000,0,4,1.7356,122,244,122,127,82
20,post_landing,107,1796.0,59,233.173,496.159,0.63835,0.21839,0.67468,0.022810,1.030784,0,1,4.24600,1052.603,1.069,5.000,25.553,27.269,44.932,52.652,0.000,0.000,0,4,1.7356,122,244,122,127,82
20,post_landing,108,1812.0,59,233.814,496.499,0.63168,0.21913,0.66861,0.020861,1.053694,0,1,4.24600,1052.603,1.069,5.000,24.187,27.289,45.527,54.458,0.000,0.000,0,4,1.7356,122,244,122,127,82
20,post_landing,109,1829.0,59,234.412,496.763,0.61026,0.22224,0.64947,0.020364,1.073432,0,1,4.24600,1052.603,1.069,5.000,8.060,28.174,45.575,55.393,0.000,0.000,0,4,1.7356,122,244,122,127,82
20,post_landing,110,1846.0,59,235.025,497.120,0.59907,0.20996,0.63480,0.020469,1.093885,0,1,4.24600,1052.603,1.069,5.000,8.943,42.941,45.606,55.438,0.000,0.000,0,6,1.7356,122,244,122,127,82
20,post_landing,111,1862.0,59,235.626,497.397,0.58309,0.21775,0.62242,0.020334,1.114444,0,1,4.24600,1052.603,1.069,5.000,8.944,41.586,45.618,55.460,0.000,0.000,0,6,1.7356,122,244,122,127,82
20,post_landing,112,1879.0,59,236.178,497.613,0.65605,0.20723,0.68801,0.013763,1.133683,0,1,4.24600,1052.603,1.069,5.000,24.165,26.823,47.000,56.847,0.000,0.000,0,5,1.7356,122,244,122,127,82
20,post_landing,113,1896.0,59,236.837,497.850,0.39943,-0.06103,0.40406,0.014777,1.147507,0,1,4.24600,1052.603,1.069,5.000,24.166,29.546,50.155,56.858,0.000,0.000,0,6,1.7356,122,244,122,127,82
20,post_landing,114,1912.0,59,237.238,497.884,0.49453,-0.11326,0.50734,-0.005672,1.162349,0,1,4.24600,1052.603,1.069,5.000,24.162,29.545,51.077,56.858,0.000,0.000,0,4,1.7356,122,244,122,127,82
20,post_landing,115,1929.0,59,237.706,497.836,0.20489,-0.14549,0.25129,0.026747,1.156982,0,1,4.24600,1052.603,1.069,5.000,24.164,29.546,50.159,56.859,0.000,0.000,0,4,1.7356,122,244,122,127,82
20,post_landing,116,1946.0,59,237.912,497.924,0.27663,-0.06837,0.28495,0.010894,1.183846,0,1,4.24600,1052.603,1.069,5.000,24.147,28.229,50.695,58.310,0.000,0.000,0,2,1.7356,122,244,122,127,82
20,post_landing,117,1962.0,59,238.190,497.978,0.42365,-0.05334,0.42699,0.010414,1.194788,0,1,4.24600,1052.603,1.069,5.000,20.610,28.223,37.696,56.837,0.000,0.000,0,2,1.7356,122,244,122,127,82
20,post_landing,118,1979.0,59,238.591,497.811,0.36368,-0.02533,0.36456,0.006506,1.204641,0,1,4.24600,1052.603,1.069,5.000,20.605,26.923,36.976,56.865,0.000,0.000,0,1,1.7356,122,244,122,127,82
21,falling,0,41.0,,195.000,97.029,0.00000,0.55000,0.55000,0.000000,0.000000,0,0,8.59200,8519.244,3.325,59.000,59.000,59.000,60.000,60.000,0.000,0.000,0,0,1.3050,50,100,50,50,44
21,falling,1,43.0,,195.000,97.099,0.00000,0.58234,0.58234,0.000000,0.000000,0,0,8.59200,8519.244,3.325,59.000,59.000,59.000,60.000,60.000,0.000,0.000,0,0,1.3050,50,100,50,50,44
21,falling,2,58.0,,195.000,97.841,0.00000,0.82448,0.82448,0.000000,0.000000,0,0,8.59200,8519.244,3.325,59.000,59.000,59.000,60.000,60.000,0.000,0.000,0,0,1.3050,50,100,50,50,44
21,falling,3,75.0,,195.000,98.958,0.00000,1.09520,1.09520,0.000000,0.000000,0,0,8.59200,8519.244,3.325,59.000,59.000,59.000,60.000,60.000,0.000,0.000,0,0,1.3050,50,100,50,50,44
21,falling,4,91.0,,195.000,100.250,0.00000,1.34610,1.34610,0.000000,0.000000,0,0,8.59200,8519.244,3.325,59.000,59.000,59.000,60.000,60.000,0.000,0.000,0,0,1.3050,50,100,50,50,44
21,falling,5,108.0,,195.000,101.891,0.00000,1.60883,1.60883,0.000000,0.000000,0,0,8.59200,8519.244,3.325,59.000,59.000,59.000,60.000,60.000,0.000,0.000,0,0,1.3050,50,100,50,50,44
21,falling,6,125.0,,195.000,103.796,0.00000,1.86755,1.86755,0.000000,0.000000,0,0,8.59200,8519.244,3.325,59.000,59.000,59.000,60.000,60.000,0.000,0.000,0,0,1.3050,50,100,50,50,44
21,falling,7,141.0,,195.000,105.819,0.00000,2.10733,2.10733,0.000000,0.000000,0,0,8.59200,8519.244,3.325,59.000,59.000,59.000,60.000,60.000,0.000,0.000,0,0,1.3050,50,100,50,50,44
21,falling,8,158.0,,195.000,108.225,0.00000,2.35842,2.35842,0.000000,0.000000,0,0,8.59200,8519.244,3.325,59.000,59.000,59.000,60.000,60.000,0.000,0.000,0,0,1.3050,50,100,50,50,44
21,falling,9,175.0,,195.000,110.883,0.00000,2.60567,2.60567,0.000000,0.000000,0,0,8.59200,8519.244,3.325,59.000,59.000,59.000,60.000,60.000,0.000,0.000,0,0,1.3050,50,100,50,50,44
21,falling,10,191.0,,195.000,113.604,0.00000,2.83481,2.83481,0.000000,0.000000,0,0,8.59200,8519.244,3.325,59.000,59.000,59.000,60.000,60.000,0.000,0.000,0,0,1.3050,50,100,50,50,44
21,falling,11,208.0,,195.000,116.740,0.00000,3.07477,3.07477,0.000000,0.000000,0,0,8.59200,8519.244,3.325,59.000,59.000,59.000,60.000,60.000,0.000,0.000,0,0,1.3050,50,100,50,50,44
21,falling,12,225.0,,195.000,120.118,0.00000,3.31106,3.31106,0.000000,0.000000,0,0,8.59200,8519.244,3.325,59.000,59.000,59.000,60.000,60.000,0.000,0.000,0,0,1.3050,50,100,50,50,44
21,falling,13,242.0,,195.000,123.506,0.00000,3.53005,3.53005,0.000000,0.000000,0,0,8.59200,8519.244,3.325,59.000,59.000,59.000,60.000,60.000,0.000,0.000,0,0,1.3050,50,100,50,50,44
21,falling,14,258.0,,195.000,127.341,0.00000,3.75937,3.75937,0.000000,0.000000,0,0,8.59200,8519.244,3.325,59.000,59.000,59.000,60.000,60.000,0.000,0.000,0,0,1.3050,50,100,50,50,44
21,falling,15,275.0,,195.000,131.406,0.00000,3.98519,3.98519,0.000000,0.000000,0,0,8.59200,8519.244,3.325,59.000,59.000,59.000,60.000,60.000,0.000,0.000,0,0,1.3050,50,100,50,50,44
21,falling,16,292.0,,195.000,135.433,0.00000,4.19447,4.19447,0.000000,0.000000,0,0,8.59200,8519.244,3.325,59.000,59.000,59.000,60.000,60.000,0.000,0.000,0,0,1.3050,50,100,50,50,44
21,falling,17,308.0,,195.000,139.934,0.00000,4.41363,4.41363,0.000000,0.000000,0,0,8.59200,8519.244,3.325,59.000,59.000,59.000,60.000,60.000,0.000,0.000,0,0,1.3050,50,100,50,50,44
21,falling,18,325.0,,195.000,144.656,0.00000,4.62943,4.62943,0.000000,0.000000,0,0,8.59200,8519.244,3.325,59.000,59.000,59.000,60.000,60.000,0.000,0.000,0,0,1.3050,50,100,50,50,44
21,falling,19,342.0,,195.000,149.293,0.00000,4.82943,4.82943,0.000000,0.000000,0,0,8.59200,8519.244,3.325,59.000,59.000,59.000,60.000,60.000,0.000,0.000,0,0,1.3050,50,100,50,50,44
21,falling,20,358.0,,195.000,154.432,0.00000,5.03888,5.03888,0.000000,0.000000,0,0,8.59200,8519.244,3.325,59.000,59.000,59.000,60.000,60.000,0.000,0.000,0,0,1.3050,50,100,50,50,44
21,falling,21,375.0,,195.000,159.782,0.00000,5.24512,5.24512,0.000000,0.000000,0,0,8.59200,8519.244,3.325,59.000,59.000,59.000,60.000,60.000,0.000,0.000,0,0,1.3050,50,100,50,50,44
21,falling,22,392.0,,195.000,165.001,0.00000,5.43625,5.43625,0.000000,0.000000,0,0,8.59200,8519.244,3.325,59.000,59.000,59.000,60.000,60.000,0.000,0.000,0,0,1.3050,50,100,50,50,44
21,falling,23,408.0,,195.000,170.750,0.00000,5.63641,5.63641,0.000000,0.000000,0,0,8.59200,8519.244,3.325,59.000,59.000,59.000,60.000,60.000,0.000,0.000,0,0,1.3050,50,100,50,50,44
21,falling,24,425.0,,195.000,176.701,0.00000,5.83351,5.83351,0.000000,0.000000,0,0,8.59200,8519.244,3.325,59.000,59.000,59.000,60.000,60.000,0.000,0.000,0,0,1.3050,50,100,50,50,44
21,falling,25,442.0,,195.000,182.476,0.00000,6.01617,6.01617,0.000000,0.000000,0,0,8.59200,8519.244,3.325,59.000,59.000,59.000,60.000,60.000,0.000,0.000,0,0,1.3050,50,100,50,50,44
21,falling,26,458.0,,195.000,188.808,0.00000,6.20746,6.20746,0.000000,0.000000,0,0,8.59200,8519.244,3.325,59.000,59.000,59.000,60.000,60.000,0.000,0.000,0,0,1.3050,50,100,50,50,44
21,falling,27,475.0,,195.000,195.331,0.00000,6.39582,6.39582,0.000000,0.000000,0,0,8.59200,8519.244,3.325,59.000,59.000,59.000,60.000,60.000,0.000,0.000,0,0,1.3050,50,100,50,50,44
21,falling,28,492.0,,195.000,201.639,0.00000,6.57038,6.57038,0.000000,0.000000,0,0,8.59200,8519.244,3.325,59.000,59.000,59.000,60.000,60.000,0.000,0.000,0,0,1.3050,50,100,50,50,44
21,falling,29,508.0,,195.000,208.527,0.00000,6.75319,6.75319,0.000000,0.000000,0,0,8.59200,8519.244,3.325,59.000,59.000,59.000,60.000,60.000,0.000,0.000,0,0,1.3050,50,100,50,50,44
21,falling,30,525.0,,195.000,215.599,0.00000,6.93320,6.93320,0.000000,0.000000,0,0,8.59200,8519.244,3.325,59.000,59.000,59.000,60.000,60.000,0.000,0.000,0,0,1.3050,50,100,50,50,44
21,falling,31,542.0,,195.000,222.415,0.00000,7.10003,7.10003,0.000000,0.000000,0,0,8.59200,8519.244,3.325,59.000,59.000,59.000,60.000,60.000,0.000,0.000,0,0,1.3050,50,100,50,50,44
21,falling,32,558.0,,195.000,229.835,0.00000,7.27473,7.27473,0.000000,0.000000,0,0,8.59200,8519.244,3.325,59.000,59.000,59.000,60.000,60.000,0.000,0.000,0,0,1.3050,50,100,50,50,44
21,falling,33,575.0,,195.000,237.431,0.00000,7.44676,7.44676,0.000000,0.000000,0,0,8.59200,8519.244,3.325,59.000,59.000,59.000,60.000,60.000,0.000,0.000,0,0,1.3050,50,100,50,50,44
21,falling,34,592.0,,195.000,244.733,0.00000,7.60619,7.60619,0.000000,0.000000,0,0,8.59200,8519.244,3.325,59.000,59.000,59.000,60.000,60.000,0.000,0.000,0,0,1.3050,50,100,50,50,44
21,falling,35,608.0,,195.000,252.662,0.00000,7.77315,7.77315,0.000000,0.000000,0,0,8.59200,8519.244,3.325,59.000,59.000,59.000,60.000,60.000,0.000,0.000,0,0,1.3050,50,100,50,50,44
21,falling,36,625.0,,195.000,260.758,0.00000,7.93756,7.93756,0.000000,0.000000,0,0,8.59200,8519.244,3.325,59.000,59.000,59.000,60.000,60.000,0.000,0.000,0,0,1.3050,50,100,50,50,44
21,falling,37,642.0,,195.000,268.524,0.00000,8.08992,8.08992,0.000000,0.000000,0,0,8.59200,8519.244,3.325,59.000,59.000,59.000,60.000,60.000,0.000,0.000,0,0,1.3050,50,100,50,50,44
21,falling,38,658.0,,195.000,276.939,0.00000,8.24948,8.24948,0.000000,0.000000,0,0,8.59200,8519.244,3.325,59.000,59.000,59.000,60.000,60.000,0.000,0.000,0,0,1.3050,50,100,50,50,44
21,falling,39,675.0,,195.000,285.513,0.00000,8.40660,8.40660,0.000000,0.000000,0,0,8.59200,8519.244,3.325,59.000,59.000,59.000,60.000,60.000,0.000,0.000,0,0,1.3050,50,100,50,50,44
21,falling,40,692.0,,195.000,293.724,0.00000,8.55221,8.55221,0.000000,0.000000,0,0,8.59200,8519.244,3.325,59.000,59.000,59.000,60.000,60.000,0.000,0.000,0,0,1.3050,50,100,50,50,44
21,falling,41,708.0,,195.000,302.602,0.00000,8.70469,8.70469,0.000000,0.000000,0,0,8.59200,8519.244,3.325,59.000,59.000,59.000,60.000,60.000,0.000,0.000,0,0,1.3050,50,100,50,50,44
21,falling,42,725.0,,195.000,311.634,0.00000,8.85484,8.85484,0.000000,0.000000,0,0,8.59200,8519.244,3.325,59.000,59.000,59.000,60.000,60.000,0.000,0.000,0,0,1.3050,50,100,50,50,44
21,falling,43,742.0,,195.000,320.268,0.00000,8.99400,8.99400,0.000000,0.000000,0,0,8.59200,8519.244,3.325,59.000,59.000,59.000,60.000,60.000,0.000,0.000,0,0,1.3050,50,100,50,50,44
21,falling,44,758.0,,195.000,329.591,0.00000,9.13973,9.13973,0.000000,0.000000,0,0,8.59200,8519.244,3.325,59.000,59.000,59.000,60.000,60.000,0.000,0.000,0,0,1.3050,50,100,50,50,44
21,falling,45,775.0,,195.000,339.060,0.00000,9.28322,9.28322,0.000000,0.000000,0,0,8.59200,8519.244,3.325,59.000,59.000,59.000,60.000,60.000,0.000,0.000,0,0,1.3050,50,100,50,50,44
21,falling,46,792.0,,195.000,348.099,0.00000,9.41621,9.41621,0.000000,0.000000,0,0,8.59200,8519.244,3.325,59.000,59.000,59.000,60.000,60.000,0.000,0.000,0,0,1.3050,50,100,50,50,44
21,falling,47,808.0,,195.000,357.846,0.00000,9.55548,9.55548,0.000000,0.000000,0,0,8.59200,8519.244,3.325,59.000,59.000,59.000,60.000,60.000,0.000,0.000,0,0,1.3050,50,100,50,50,44
21,falling,48,825.0,,195.000,367.733,0.00000,9.69261,9.69261,0.000000,0.000000,0,0,8.59200,8519.244,3.325,59.000,59.000,59.000,60.000,60.000,0.000,0.000,0,0,1.3050,50,100,50,50,44
21,falling,49,842.0,,195.000,377.159,0.00000,9.81970,9.81970,0.000000,0.000000,0,0,8.59200,8519.244,3.325,59.000,59.000,59.000,60.000,60.000,0.000,0.000,0,0,1.3050,50,100,50,50,44
21,falling,50,858.0,,195.000,387.311,0.00000,9.95279,9.95279,0.000000,0.000000,0,0,8.59200,8519.244,3.325,59.000,59.000,59.000,60.000,60.000,0.000,0.000,0,0,1.3050,50,100,50,50,44
21,falling,51,875.0,,195.000,397.597,0.00000,10.08385,10.08385,0.000000,0.000000,0,0,8.59200,8519.244,3.325,59.000,59.000,59.000,60.000,60.000,0.000,0.000,0,0,1.3050,50,100,50,50,44
21,falling,52,892.0,,195.000,407.394,0.00000,10.20531,10.20531,0.000000,0.000000,0,0,8.59200,8519.244,3.325,59.000,59.000,59.000,60.000,60.000,0.000,0.000,0,0,1.3050,50,100,50,50,44
21,falling,53,908.0,,195.000,417.933,0.00000,10.33250,10.33250,0.000000,0.000000,0,0,8.59200,8519.244,3.325,59.000,59.000,59.000,60.000,60.000,0.000,0.000,0,0,1.3050,50,100,50,50,44
21,falling,54,925.0,,195.000,428.600,0.00000,10.45775,10.45775,0.000000,0.000000,0,0,8.59200,8519.244,3.325,59.000,59.000,59.000,60.000,60.000,0.000,0.000,0,0,1.3050,50,100,50,50,44
21,falling,55,942.0,,195.000,438.751,0.00000,10.57382,10.57382,0.000000,0.000000,0,0,8.59200,8519.244,3.325,59.000,59.000,59.000,60.000,60.000,0.000,0.000,0,0,1.3050,50,100,50,50,44
21,falling,56,958.0,,195.000,449.660,0.00000,10.69538,10.69538,0.000000,0.000000,0,0,8.59200,8519.244,3.325,59.000,59.000,59.000,60.000,60.000,0.000,0.000,0,0,1.3050,50,100,50,50,44
21,falling,57,975.0,,195.000,460.691,0.00000,10.81507,10.81507,0.000000,0.000000,0,0,8.59200,8519.244,3.325,59.000,59.000,59.000,60.000,60.000,0.000,0.000,0,0,1.3050,50,100,50,50,44
21,falling,58,992.0,,195.000,471.180,0.00000,10.92600,10.92600,0.000000,0.000000,0,0,8.59200,8519.244,3.325,59.000,59.000,59.000,60.000,60.000,0.000,0.000,0,0,1.3050,50,100,50,50,44
21,falling,59,1008.0,,195.000,482.443,0.00000,11.04217,11.04217,0.000000,0.000000,0,0,8.59200,8519.244,3.325,59.000,59.000,59.000,60.000,60.000,0.000,0.000,0,0,1.3050,50,100,50,50,44
21,post_landing,60,1025.0,60,195.000,486.369,-0.00008,0.00000,0.00008,0.000000,0.000000,0,1,8.59200,8519.244,3.325,59.000,59.000,59.000,60.000,60.000,0.000,0.000,0,10,1.3050,50,100,50,50,44
21,post_landing,61,1042.0,60,195.000,484.796,0.00016,0.00000,0.00016,0.000000,0.000000,0,1,8.59200,8519.244,3.325,59.000,59.000,59.000,60.000,60.000,0.000,0.000,0,7,1.3050,50,100,50,50,44
21,post_landing,62,1058.0,60,195.000,483.869,-0.00065,0.00000,0.00065,0.000000,0.000000,0,1,8.59200,8519.244,3.325,59.000,59.000,59.000,60.000,60.000,0.000,0.000,0,4,1.3050,50,100,50,50,44
21,post_landing,63,1075.0,60,194.999,483.369,-0.00230,0.00000,0.00230,0.000000,0.000000,0,1,8.59200,8519.244,3.325,59.000,59.000,59.000,60.000,60.000,0.000,0.000,0,2,1.3050,50,100,50,50,44
21,post_landing,64,1092.0,60,194.997,483.367,0.00010,0.00000,0.00010,0.000000,0.000000,0,1,8.59200,8519.244,3.325,59.000,59.000,59.000,60.000,60.000,0.000,0.000,0,2,1.3050,50,100,50,50,44
21,post_landing,65,1108.0,60,194.997,483.369,-0.00029,0.00000,0.00029,0.000000,0.000000,0,1,8.59200,8519.244,3.325,59.000,59.000,59.000,60.000,60.000,0.000,0.000,0,2,1.3050,50,100,50,50,44
21,post_landing,66,1125.0,60,194.997,483.369,-0.00006,0.00000,0.00006,0.000000,0.000000,0,1,8.59200,8519.244,3.325,59.000,59.000,59.000,60.000,60.000,0.000,0.000,0,2,1.3050,50,100,50,50,44
21,post_landing,67,1142.0,60,194.997,483.367,0.00050,0.00000,0.00050,0.000000,0.000000,0,1,8.59200,8519.244,3.325,59.000,59.000,59.000,60.000,60.000,0.000,0.000,0,2,1.3050,50,100,50,50,44
21,post_landing,68,1158.0,60,194.998,483.369,-0.00037,0.00000,0.00037,0.000000,0.000000,0,1,8.59200,8519.244,3.325,59.000,59.000,59.000,60.000,60.000,0.000,0.000,0,2,1.3050,50,100,50,50,44
21,post_landing,69,1175.0,60,194.997,483.369,-0.00010,0.00000,0.00010,0.000000,0.000000,0,1,8.59200,8519.244,3.325,59.000,59.000,59.000,60.000,60.000,0.000,0.000,0,2,1.3050,50,100,50,50,44
21,post_landing,70,1192.0,60,194.997,483.367,0.00050,0.00000,0.00050,0.000000,0.000000,0,1,8.59200,8519.244,3.325,59.000,59.000,59.000,60.000,60.000,0.000,0.000,0,2,1.3050,50,100,50,50,44
21,post_landing,71,1209.0,60,194.998,483.369,-0.00037,0.00000,0.00037,0.000000,0.000000,0,1,8.59200,8519.244,3.325,59.000,59.000,59.000,60.000,60.000,0.000,0.000,0,2,1.3050,50,100,50,50,44
21,post_landing,72,1225.0,60,194.997,483.369,-0.00010,0.00000,0.00010,0.000000,0.000000,0,1,8.59200,8519.244,3.325,59.000,59.000,59.000,60.000,60.000,0.000,0.000,0,2,1.3050,50,100,50,50,44
21,post_landing,73,1242.0,60,194.997,483.367,0.00050,0.00000,0.00050,0.000000,0.000000,0,1,8.59200,8519.244,3.325,59.000,59.000,59.000,60.000,60.000,0.000,0.000,0,2,1.3050,50,100,50,50,44
21,post_landing,74,1258.0,60,194.998,483.369,-0.00037,0.00000,0.00037,0.000000,0.000000,0,1,8.59200,8519.244,3.325,59.000,59.000,59.000,60.000,60.000,0.000,0.000,0,2,1.3050,50,100,50,50,44
21,post_landing,75,1275.0,60,194.997,483.369,-0.00010,0.00000,0.00010,0.000000,0.000000,0,1,8.59200,8519.244,3.325,59.000,59.000,59.000,60.000,60.000,0.000,0.000,0,2,1.3050,50,100,50,50,44
21,post_landing,76,1292.0,60,194.997,483.367,0.00050,0.00000,0.00050,0.000000,0.000000,0,1,8.59200,8519.244,3.325,59.000,59.000,59.000,60.000,60.000,0.000,0.000,0,2,1.3050,50,100,50,50,44
21,post_landing,77,1308.0,60,194.998,483.369,-0.00037,0.00000,0.00037,0.000000,0.000000,0,1,8.59200,8519.244,3.325,59.000,59.000,59.000,60.000,60.000,0.000,0.000,0,2,1.3050,50,100,50,50,44
21,post_landing,78,1325.0,60,194.997,483.369,-0.00010,0.00000,0.00010,0.000000,0.000000,0,1,8.59200,8519.244,3.325,59.000,59.000,59.000,60.000,60.000,0.000,0.000,0,2,1.3050,50,100,50,50,44
21,post_landing,79,1342.0,60,194.997,483.367,0.00050,0.00000,0.00050,0.000000,0.000000,0,1,8.59200,8519.244,3.325,59.000,59.000,59.000,60.000,60.000,0.000,0.000,0,2,1.3050,50,100,50,50,44
21,post_landing,80,1358.0,60,194.998,483.369,-0.00037,0.00000,0.00037,0.000000,0.000000,0,1,8.59200,8519.244,3.325,59.000,59.000,59.000,60.000,60.000,0.000,0.000,0,2,1.3050,50,100,50,50,44
21,post_landing,81,1375.0,60,194.997,483.369,-0.00010,0.00000,0.00010,0.000000,0.000000,0,1,8.59200,8519.244,3.325,59.000,59.000,59.000,60.000,60.000,0.000,0.000,0,2,1.3050,50,100,50,50,44
21,post_landing,82,1391.0,60,194.997,483.367,0.00050,0.00000,0.00050,0.000000,0.000000,0,1,8.59200,8519.244,3.325,59.000,59.000,59.000,60.000,60.000,0.000,0.000,0,2,1.3050,50,100,50,50,44
21,post_landing,83,1408.0,60,194.998,483.369,-0.00037,0.00000,0.00037,0.000000,0.000000,0,1,8.59200,8519.244,3.325,59.000,59.000,59.000,60.000,60.000,0.000,0.000,0,2,1.3050,50,100,50,50,44
21,post_landing,84,1425.0,60,194.997,483.369,-0.00010,0.00000,0.00010,0.000000,0.000000,0,1,8.59200,8519.244,3.325,59.000,59.000,59.000,60.000,60.000,0.000,0.000,0,2,1.3050,50,100,50,50,44
21,post_landing,85,1441.0,60,194.997,483.367,0.00050,0.00000,0.00050,0.000000,0.000000,0,1,8.59200,8519.244,3.325,59.000,59.000,59.000,60.000,60.000,0.000,0.000,0,2,1.3050,50,100,50,50,44
21,post_landing,86,1458.0,60,194.998,483.369,-0.00037,0.00000,0.00037,0.000000,0.000000,0,1,8.59200,8519.244,3.325,59.000,59.000,59.000,60.000,60.000,0.000,0.000,0,2,1.3050,50,100,50,50,44
21,post_landing,87,1475.0,60,194.997,483.369,-0.00010,0.00000,0.00010,0.000000,0.000000,0,1,8.59200,8519.244,3.325,59.000,59.000,59.000,60.000,60.000,0.000,0.000,0,2,1.3050,50,100,50,50,44
21,post_landing,88,1492.0,60,194.997,483.367,0.00050,0.00000,0.00050,0.000000,0.000000,0,1,8.59200,8519.244,3.325,59.000,59.000,59.000,60.000,60.000,0.000,0.000,0,2,1.3050,50,100,50,50,44
21,post_landing,89,1508.0,60,194.998,483.369,-0.00037,0.00000,0.00037,0.000000,0.000000,0,1,8.59200,8519.244,3.325,59.000,59.000,59.000,60.000,60.000,0.000,0.000,0,2,1.3050,50,100,50,50,44
21,post_landing,90,1525.0,60,194.997,483.369,-0.00010,0.00000,0.00010,0.000000,0.000000,0,1,8.59200,8519.244,3.325,59.000,59.000,59.000,60.000,60.000,0.000,0.000,0,2,1.3050,50,100,50,50,44
21,post_landing,91,1541.0,60,194.997,483.367,0.00050,0.00000,0.00050,0.000000,0.000000,0,1,8.59200,8519.244,3.325,59.000,59.000,59.000,60.000,60.000,0.000,0.000,0,2,1.3050,50,100,50,50,44
21,post_landing,92,1558.0,60,194.998,483.369,-0.00037,0.00000,0.00037,0.000000,0.000000,0,1,8.59200,8519.244,3.325,59.000,59.000,59.000,60.000,60.000,0.000,0.000,0,2,1.3050,50,100,50,50,44
21,post_landing,93,1575.0,60,194.997,483.369,-0.00010,0.00000,0.00010,0.000000,0.000000,0,1,8.59200,8519.244,3.325,59.000,59.000,59.000,60.000,60.000,0.000,0.000,0,2,1.3050,50,100,50,50,44
21,post_landing,94,1592.0,60,194.997,483.367,0.00050,0.00000,0.00050,0.000000,0.000000,0,1,8.59200,8519.244,3.325,59.000,59.000,59.000,60.000,60.000,0.000,0.000,0,2,1.3050,50,100,50,50,44
21,post_landing,95,1608.0,60,194.998,483.369,-0.00037,0.00000,0.00037,0.000000,0.000000,0,1,8.59200,8519.244,3.325,59.000,59.000,59.000,60.000,60.000,0.000,0.000,0,2,1.3050,50,100,50,50,44
21,post_landing,96,1625.0,60,194.997,483.367,0.00038,0.00000,0.00038,0.000000,0.000000,0,1,8.59200,8519.244,3.325,59.000,59.000,59.000,60.000,60.000,0.000,0.000,0,2,1.3050,50,100,50,50,44
21,post_landing,97,1641.0,60,194.998,483.369,-0.00037,0.00000,0.00037,0.000000,0.000000,0,1,8.59200,8519.244,3.325,59.000,59.000,59.000,60.000,60.000,0.000,0.000,0,2,1.3050,50,100,50,50,44
21,post_landing,98,1658.0,60,194.997,483.369,-0.00010,0.00000,0.00010,0.000000,0.000000,0,1,8.59200,8519.244,3.325,59.000,59.000,59.000,60.000,60.000,0.000,0.000,0,2,1.3050,50,100,50,50,44
21,post_landing,99,1675.0,60,194.997,483.369,0.00001,0.00000,0.00001,0.000000,0.000000,0,1,8.59200,8519.244,3.325,59.000,59.000,59.000,60.000,60.000,0.000,0.000,0,2,1.3050,50,100,50,50,44
21,post_landing,100,1691.0,60,194.997,483.367,0.00050,0.00000,0.00050,0.000000,0.000000,0,1,8.59200,8519.244,3.325,59.000,59.000,59.000,60.000,60.000,0.000,0.000,0,2,1.3050,50,100,50,50,44
21,post_landing,101,1708.0,60,194.998,483.369,-0.00037,0.00000,0.00037,0.000000,0.000000,0,1,8.59200,8519.244,3.325,59.000,59.000,59.000,60.000,60.000,0.000,0.000,0,2,1.3050,50,100,50,50,44
21,post_landing,102,1725.0,60,194.998,483.367,0.00038,0.00000,0.00038,0.000000,0.000000,0,1,8.59200,8519.244,3.325,59.000,59.000,59.000,60.000,60.000,0.000,0.000,0,2,1.3050,50,100,50,50,44
21,post_landing,103,1741.0,60,194.998,483.369,-0.00037,0.00000,0.00037,0.000000,0.000000,0,1,8.59200,8519.244,3.325,59.000,59.000,59.000,60.000,60.000,0.000,0.000,0,2,1.3050,50,100,50,50,44
21,post_landing,104,1758.0,60,194.998,483.369,-0.00010,0.00000,0.00010,0.000000,0.000000,0,1,8.59200,8519.244,3.325,59.000,59.000,59.000,60.000,60.000,0.000,0.000,0,2,1.3050,50,100,50,50,44
21,post_landing,105,1775.0,60,194.997,483.367,0.00050,0.00000,0.00050,0.000000,0.000000,0,1,8.59200,8519.244,3.325,59.000,59.000,59.000,60.000,60.000,0.000,0.000,0,2,1.3050,50,100,50,50,44
21,post_landing,106,1792.0,60,194.998,483.369,-0.00037,0.00000,0.00037,0.000000,0.000000,0,1,8.59200,8519.244,3.325,59.000,59.000,59.000,60.000,60.000,0.000,0.000,0,2,1.3050,50,100,50,50,44
21,post_landing,107,1808.0,60,194.998,483.369,-0.00010,0.00000,0.00010,0.000000,0.000000,0,1,8.59200,8519.244,3.325,59.000,59.000,59.000,60.000,60.000,0.000,0.000,0,2,1.3050,50,100,50,50,44
21,post_landing,108,1825.0,60,194.998,483.367,0.00050,0.00000,0.00050,0.000000,0.000000,0,1,8.59200,8519.244,3.325,59.000,59.000,59.000,60.000,60.000,0.000,0.000,0,2,1.3050,50,100,50,50,44
21,post_landing,109,1841.0,60,194.998,483.369,-0.00037,0.00000,0.00037,0.000000,0.000000,0,1,8.59200,8519.244,3.325,59.000,59.000,59.000,60.000,60.000,0.000,0.000,0,2,1.3050,50,100,50,50,44
21,post_landing,110,1858.0,60,194.998,483.369,-0.00010,0.00000,0.00010,0.000000,0.000000,0,1,8.59200,8519.244,3.325,59.000,59.000,59.000,60.000,60.000,0.000,0.000,0,2,1.3050,50,100,50,50,44
21,post_landing,111,1875.0,60,194.998,483.367,0.00050,0.00000,0.00050,0.000000,0.000000,0,1,8.59200,8519.244,3.325,59.000,59.000,59.000,60.000,60.000,0.000,0.000,0,2,1.3050,50,100,50,50,44
21,post_landing,112,1891.0,60,194.998,483.369,-0.00037,0.00000,0.00037,0.000000,0.000000,0,1,8.59200,8519.244,3.325,59.000,59.000,59.000,60.000,60.000,0.000,0.000,0,2,1.3050,50,100,50,50,44
21,post_landing,113,1908.0,60,194.998,483.369,-0.00010,0.00000,0.00010,0.000000,0.000000,0,1,8.59200,8519.244,3.325,59.000,59.000,59.000,60.000,60.000,0.000,0.000,0,2,1.3050,50,100,50,50,44
21,post_landing,114,1925.0,60,194.998,483.367,0.00050,0.00000,0.00050,0.000000,0.000000,0,1,8.59200,8519.244,3.325,59.000,59.000,59.000,60.000,60.000,0.000,0.000,0,2,1.3050,50,100,50,50,44
21,post_landing,115,1941.0,60,194.998,483.369,-0.00037,0.00000,0.00037,0.000000,0.000000,0,1,8.59200,8519.244,3.325,59.000,59.000,59.000,60.000,60.000,0.000,0.000,0,2,1.3050,50,100,50,50,44
21,post_landing,116,1958.0,60,194.998,483.369,-0.00010,0.00000,0.00010,0.000000,0.000000,0,1,8.59200,8519.244,3.325,59.000,59.000,59.000,60.000,60.000,0.000,0.000,0,2,1.3050,50,100,50,50,44
21,post_landing,117,1975.0,60,194.998,483.367,0.00050,0.00000,0.00050,0.000000,0.000000,0,1,8.59200,8519.244,3.325,59.000,59.000,59.000,60.000,60.000,0.000,0.000,0,2,1.3050,50,100,50,50,44
21,post_landing,118,1991.0,60,194.998,483.369,-0.00037,0.00000,0.00037,0.000000,0.000000,0,1,8.59200,8519.244,3.325,59.000,59.000,59.000,60.000,60.000,0.000,0.000,0,2,1.3050,50,100,50,50,44
21,post_landing,119,2008.0,60,194.998,483.369,-0.00010,0.00000,0.00010,0.000000,0.000000,0,1,8.59200,8519.244,3.325,59.000,59.000,59.000,60.000,60.000,0.000,0.000,0,2,1.3050,50,100,50,50,44
22,falling,0,24.0,,195.000,97.029,0.00000,0.55000,0.55000,0.000000,0.000000,0,0,3.96600,1328.128,2.502,5.000,5.000,6.000,7.000,15.000,0.000,0.000,0,0,1.3709,67,134,67,70,54
22,falling,1,34.0,,195.000,97.456,0.00000,0.71172,0.71172,0.000000,0.000000,0,0,3.96600,1328.128,2.502,5.000,5.000,6.000,7.000,15.000,0.000,0.000,0,0,1.3709,67,134,67,70,54
22,falling,2,51.0,,195.000,98.385,0.00000,0.96813,0.96813,0.000000,0.000000,0,0,3.96600,1328.128,2.502,5.000,5.000,6.000,7.000,15.000,0.000,0.000,0,0,1.3709,67,134,67,70,54
22,falling,3,67.0,,195.000,99.647,0.00000,1.23666,1.23666,0.000000,0.000000,0,0,3.96600,1328.128,2.502,5.000,5.000,6.000,7.000,15.000,0.000,0.000,0,0,1.3709,67,134,67,70,54
22,falling,4,84.0,,195.000,101.178,0.00000,1.50107,1.50107,0.000000,0.000000,0,0,3.96600,1328.128,2.502,5.000,5.000,6.000,7.000,17.000,0.000,0.000,0,0,1.3709,67,134,67,70,54
22,falling,5,101.0,,195.000,102.854,0.00000,1.74612,1.74612,0.000000,0.000000,0,0,3.96600,1328.128,2.502,5.000,5.000,6.000,7.000,17.000,0.000,0.000,0,0,1.3709,67,134,67,70,54
22,falling,6,117.0,,195.000,104.897,0.00000,2.00274,2.00274,0.000000,0.000000,0,0,3.96600,1328.128,2.502,5.000,5.000,6.000,7.000,17.000,0.000,0.000,0,0,1.3709,67,134,67,70,54
22,falling,7,134.0,,195.000,107.198,0.00000,2.25543,2.25543,0.000000,0.000000,0,0,3.96600,1328.128,2.502,5.000,5.000,6.000,7.000,17.000,0.000,0.000,0,0,1.3709,67,134,67,70,54
22,falling,8,151.0,,195.000,109.588,0.00000,2.48962,2.48962,0.000000,0.000000,0,0,3.96600,1328.128,2.502,5.000,5.000,6.000,7.000,17.000,0.000,0.000,0,0,1.3709,67,134,67,70,54
22,falling,9,167.0,,195.000,112.377,0.00000,2.73486,2.73486,0.000000,0.000000,0,0,3.96600,1328.128,2.502,5.000,5.000,6.000,7.000,17.000,0.000,0.000,0,0,1.3709,67,134,67,70,54
22,falling,10,184.0,,195.000,115.413,0.00000,2.97635,2.97635,0.000000,0.000000,0,0,3.96600,1328.128,2.502,5.000,5.000,6.000,7.000,17.000,0.000,0.000,0,0,1.3709,67,134,67,70,54
22,falling,11,201.0,,195.000,118.691,0.00000,3.21414,3.21414,0.000000,0.000000,0,0,3.96600,1328.128,2.502,5.000,5.000,6.000,7.000,17.000,0.000,0.000,0,0,1.3709,67,134,67,70,54
22,falling,12,217.0,,195.000,121.989,0.00000,3.43453,3.43453,0.000000,0.000000,0,0,3.96600,1328.128,2.502,5.000,5.000,6.000,7.000,17.000,0.000,0.000,0,0,1.3709,67,134,67,70,54
22,falling,13,234.0,,195.000,125.727,0.00000,3.66531,3.66531,0.000000,0.000000,0,0,3.96600,1328.128,2.502,5.000,5.000,6.000,7.000,17.000,0.000,0.000,0,0,1.3709,67,134,67,70,54
22,falling,14,251.0,,195.000,129.451,0.00000,3.87920,3.87920,0.000000,0.000000,0,0,3.96600,1328.128,2.502,5.000,5.000,6.000,7.000,17.000,0.000,0.000,0,0,1.3709,67,134,67,70,54
22,falling,15,268.0,,195.000,133.636,0.00000,4.10318,4.10318,0.000000,0.000000,0,0,3.96600,1328.128,2.502,5.000,5.000,6.000,7.000,17.000,0.000,0.000,0,0,1.3709,67,134,67,70,54
22,falling,16,284.0,,195.000,138.047,0.00000,4.32373,4.32373,0.000000,0.000000,0,0,3.96600,1328.128,2.502,5.000,5.000,6.000,7.000,17.000,0.000,0.000,0,0,1.3709,67,134,67,70,54
22,falling,17,301.0,,195.000,142.678,0.00000,4.54092,4.54092,0.000000,0.000000,0,0,3.96600,1328.128,2.502,5.000,5.000,6.000,7.000,17.000,0.000,0.000,0,0,1.3709,67,134,67,70,54
22,falling,18,317.0,,195.000,147.231,0.00000,4.74219,4.74219,0.000000,0.000000,0,0,3.96600,1328.128,2.502,5.000,5.000,6.000,7.000,17.000,0.000,0.000,0,0,1.3709,67,134,67,70,54
22,falling,19,334.0,,195.000,152.283,0.00000,4.95297,4.95297,0.000000,0.000000,0,0,3.96600,1328.128,2.502,5.000,5.000,6.000,7.000,17.000,0.000,0.000,0,0,1.3709,67,134,67,70,54
22,falling,20,351.0,,195.000,157.225,0.00000,5.14831,5.14831,0.000000,0.000000,0,0,3.96600,1328.128,2.502,5.000,5.000,6.000,7.000,17.000,0.000,0.000,0,0,1.3709,67,134,67,70,54
22,falling,21,367.0,,195.000,162.685,0.00000,5.35288,5.35288,0.000000,0.000000,0,0,3.96600,1328.128,2.502,5.000,5.000,6.000,7.000,17.000,0.000,0.000,0,0,1.3709,67,134,67,70,54
22,falling,22,384.0,,195.000,168.351,0.00000,5.55431,5.55431,0.000000,0.000000,0,0,3.96600,1328.128,2.502,5.000,5.000,6.000,7.000,17.000,0.000,0.000,0,0,1.3709,67,134,67,70,54
22,falling,23,401.0,,195.000,174.218,0.00000,5.75266,5.75266,0.000000,0.000000,0,0,3.96600,1328.128,2.502,5.000,5.000,6.000,7.000,17.000,0.000,0.000,0,0,1.3709,67,134,67,70,54
22,falling,24,417.0,,195.000,179.917,0.00000,5.93649,5.93649,0.000000,0.000000,0,0,3.96600,1328.128,2.502,5.000,5.000,6.000,7.000,17.000,0.000,0.000,0,0,1.3709,67,134,67,70,54
22,falling,25,434.0,,195.000,186.169,0.00000,6.12900,6.12900,0.000000,0.000000,0,0,3.96600,1328.128,2.502,5.000,5.000,6.000,7.000,17.000,0.000,0.000,0,0,1.3709,67,134,67,70,54
22,falling,26,451.0,,195.000,192.224,0.00000,6.30741,6.30741,0.000000,0.000000,0,0,3.96600,1328.128,2.502,5.000,5.000,6.000,7.000,17.000,0.000,0.000,0,0,1.3709,67,134,67,70,54
22,falling,27,467.0,,195.000,198.848,0.00000,6.49424,6.49424,0.000000,0.000000,0,0,3.96600,1328.128,2.502,5.000,5.000,6.000,7.000,17.000,0.000,0.000,0,0,1.3709,67,134,67,70,54
22,falling,28,484.0,,195.000,205.660,0.00000,6.67821,6.67821,0.000000,0.000000,0,0,3.96600,1328.128,2.502,5.000,5.000,6.000,7.000,17.000,0.000,0.000,0,0,1.3709,67,134,67,70,54
22,falling,29,501.0,,195.000,212.235,0.00000,6.84871,6.84871,0.000000,0.000000,0,0,3.96600,1328.128,2.502,5.000,5.000,6.000,7.000,17.000,0.000,0.000,0,0,1.3709,67,134,67,70,54
22,falling,30,517.0,,195.000,219.403,0.00000,7.02726,7.02726,0.000000,0.000000,0,0,3.96600,1328.128,2.502,5.000,5.000,6.000,7.000,17.000,0.000,0.000,0,0,1.3709,67,134,67,70,54
22,falling,31,534.0,,195.000,226.750,0.00000,7.20307,7.20307,0.000000,0.000000,0,0,3.96600,1328.128,2.502,5.000,5.000,6.000,7.000,17.000,0.000,0.000,0,0,1.3709,67,134,67,70,54
22,falling,32,551.0,,195.000,233.821,0.00000,7.36602,7.36602,0.000000,0.000000,0,0,3.96600,1328.128,2.502,5.000,5.000,6.000,7.000,17.000,0.000,0.000,0,0,1.3709,67,134,67,70,54
22,falling,33,567.0,,195.000,241.508,0.00000,7.53665,7.53665,0.000000,0.000000,0,0,3.96600,1328.128,2.502,5.000,5.000,6.000,7.000,17.000,0.000,0.000,0,0,1.3709,67,134,67,70,54
22,falling,34,584.0,,195.000,249.367,0.00000,7.70467,7.70467,0.000000,0.000000,0,0,3.96600,1328.128,2.502,5.000,5.000,6.000,7.000,17.000,0.000,0.000,0,0,1.3709,67,134,67,70,54
22,falling,35,601.0,,195.000,257.395,0.00000,7.87012,7.87012,0.000000,0.000000,0,0,3.96600,1328.128,2.502,5.000,5.000,6.000,7.000,17.000,0.000,0.000,0,0,1.3709,67,134,67,70,54
22,falling,36,617.0,,195.000,265.097,0.00000,8.02346,8.02346,0.000000,0.000000,0,0,3.96600,1328.128,2.502,5.000,5.000,6.000,7.000,17.000,0.000,0.000,0,0,1.3709,67,134,67,70,54
22,falling,37,634.0,,195.000,273.445,0.00000,8.18404,8.18404,0.000000,0.000000,0,0,3.96600,1328.128,2.502,5.000,5.000,6.000,7.000,17.000,0.000,0.000,0,0,1.3709,67,134,67,70,54
22,falling,38,651.0,,195.000,281.445,0.00000,8.33285,8.33285,0.000000,0.000000,0,0,3.96600,1328.128,2.502,5.000,5.000,6.000,7.000,17.000,0.000,0.000,0,0,1.3709,67,134,67,70,54
22,falling,39,667.0,,195.000,290.103,0.00000,8.48869,8.48869,0.000000,0.000000,0,0,3.96600,1328.128,2.502,5.000,5.000,6.000,7.000,17.000,0.000,0.000,0,0,1.3709,67,134,67,70,54
22,falling,40,684.0,,195.000,298.918,0.00000,8.64215,8.64215,0.000000,0.000000,0,0,3.96600,1328.128,2.502,5.000,5.000,6.000,7.000,17.000,0.000,0.000,0,0,1.3709,67,134,67,70,54
22,falling,41,701.0,,195.000,307.351,0.00000,8.78437,8.78437,0.000000,0.000000,0,0,3.96600,1328.128,2.502,5.000,5.000,6.000,7.000,17.000,0.000,0.000,0,0,1.3709,67,134,67,70,54
22,falling,42,717.0,,195.000,316.463,0.00000,8.93330,8.93330,0.000000,0.000000,0,0,3.96600,1328.128,2.502,5.000,5.000,6.000,7.000,17.000,0.000,0.000,0,0,1.3709,67,134,67,70,54
22,falling,43,734.0,,195.000,325.724,0.00000,9.07995,9.07995,0.000000,0.000000,0,0,3.96600,1328.128,2.502,5.000,5.000,6.000,7.000,17.000,0.000,0.000,0,0,1.3709,67,134,67,70,54
22,falling,44,751.0,,195.000,334.572,0.00000,9.21587,9.21587,0.000000,0.000000,0,0,3.96600,1328.128,2.502,5.000,5.000,6.000,7.000,17.000,0.000,0.000,0,0,1.3709,67,134,67,70,54
22,falling,45,768.0,,195.000,344.117,0.00000,9.35820,9.35820,0.000000,0.000000,0,0,3.96600,1328.128,2.502,5.000,5.000,6.000,7.000,17.000,0.000,0.000,0,0,1.3709,67,134,67,70,54
22,falling,46,784.0,,195.000,353.805,0.00000,9.49835,9.49835,0.000000,0.000000,0,0,3.96600,1328.128,2.502,5.000,5.000,6.000,7.000,17.000,0.000,0.000,0,0,1.3709,67,134,67,70,54
22,falling,47,801.0,,195.000,363.634,0.00000,9.63636,9.63636,0.000000,0.000000,0,0,3.96600,1328.128,2.502,5.000,5.000,6.000,7.000,17.000,0.000,0.000,0,0,1.3709,67,134,67,70,54
22,falling,48,818.0,,195.000,373.008,0.00000,9.76427,9.76427,0.000000,0.000000,0,0,3.96600,1328.128,2.502,5.000,5.000,6.000,7.000,17.000,0.000,0.000,0,0,1.3709,67,134,67,70,54
22,falling,49,834.0,,195.000,383.104,0.00000,9.89821,9.89821,0.000000,0.000000,0,0,3.96600,1328.128,2.502,5.000,5.000,6.000,7.000,17.000,0.000,0.000,0,0,1.3709,67,134,67,70,54
22,falling,50,852.0,,195.000,393.335,0.00000,10.03010,10.03010,0.000000,0.000000,0,0,3.96600,1328.128,2.502,5.000,5.000,6.000,7.000,17.000,0.000,0.000,0,0,1.3709,67,134,67,70,54
22,falling,51,868.0,,195.000,403.081,0.00000,10.15233,10.15233,0.000000,0.000000,0,0,3.96600,1328.128,2.502,5.000,5.000,6.000,7.000,17.000,0.000,0.000,0,0,1.3709,67,134,67,70,54
22,falling,52,884.0,,195.000,413.567,0.00000,10.28033,10.28033,0.000000,0.000000,0,0,3.96600,1328.128,2.502,5.000,5.000,6.000,7.000,17.000,0.000,0.000,0,0,1.3709,67,134,67,70,54
22,falling,53,901.0,,195.000,424.182,0.00000,10.40638,10.40638,0.000000,0.000000,0,0,3.96600,1328.128,2.502,5.000,5.000,6.000,7.000,17.000,0.000,0.000,0,0,1.3709,67,134,67,70,54
22,falling,54,918.0,,195.000,434.284,0.00000,10.52319,10.52319,0.000000,0.000000,0,0,3.96600,1328.128,2.502,5.000,5.000,6.000,7.000,17.000,0.000,0.000,0,0,1.3709,67,134,67,70,54
22,falling,55,934.0,,195.000,445.142,0.00000,10.64552,10.64552,0.000000,0.000000,0,0,3.96600,1328.128,2.502,5.000,5.000,6.000,7.000,17.000,0.000,0.000,0,0,1.3709,67,134,67,70,54
22,falling,56,951.0,,195.000,456.124,0.00000,10.76598,10.76598,0.000000,0.000000,0,0,3.96600,1328.128,2.502,5.000,5.000,6.000,7.000,17.000,0.000,0.000,0,0,1.3709,67,134,67,70,54
22,falling,57,967.0,,195.000,466.566,0.00000,10.87761,10.87761,0.000000,0.000000,0,0,3.96600,1328.128,2.502,5.000,5.000,6.000,7.000,17.000,0.000,0.000,0,0,1.3709,67,134,67,70,54
22,falling,58,984.0,,195.000,477.781,0.00000,10.99452,10.99452,0.000000,0.000000,0,0,3.96600,1328.128,2.502,5.000,5.000,6.000,7.000,17.000,0.000,0.000,0,0,1.3709,67,134,67,70,54
22,post_landing,59,1001.0,59,195.000,486.511,-0.91886,0.00000,0.91886,0.029441,0.000000,0,1,3.96600,1328.128,2.502,5.000,5.000,6.000,7.000,17.000,0.000,0.000,0,3,1.3709,67,134,67,70,54
22,post_landing,60,1018.0,59,194.131,485.938,-0.93023,-0.01730,0.93039,0.018150,0.027857,0,1,3.96600,1328.128,2.502,5.000,4.026,6.026,6.081,14.994,0.000,0.000,0,2,1.3709,67,134,67,70,54
22,post_landing,61,1034.0,59,193.196,485.409,-0.80586,-0.01556,0.80601,0.005081,0.046086,0,1,3.96600,1328.128,2.502,5.000,4.042,6.040,6.132,37.053,0.000,0.000,0,1,1.3709,67,134,67,70,54
22,post_landing,62,1051.0,59,192.387,485.403,-0.80778,-0.01930,0.80801,0.005953,0.051189,0,1,3.96600,1328.128,2.502,5.000,4.046,6.043,6.146,37.054,0.000,0.000,0,1,1.3709,67,134,67,70,54
22,post_landing,63,1068.0,59,191.623,485.394,-0.81410,-0.03165,0.81472,0.006724,0.056822,0,1,3.96600,1328.128,2.502,5.000,4.050,6.047,6.161,37.054,0.000,0.000,0,1,1.3709,67,134,67,70,54
22,post_landing,64,1084.0,59,190.805,485.390,-0.81541,-0.04085,0.81643,0.007035,0.063576,0,1,3.96600,1328.128,2.502,5.000,4.055,6.051,6.178,37.052,0.000,0.000,0,1,1.3709,67,134,67,70,54
22,post_landing,65,1101.0,59,189.986,485.386,-0.81661,-0.04302,0.81775,0.013450,0.070642,0,1,3.96600,1328.128,2.502,5.000,4.061,6.056,6.197,37.049,0.000,0.000,0,1,1.3709,67,134,67,70,54
22,post_landing,66,1118.0,59,189.213,485.395,-0.86980,0.00000,0.86980,0.020316,0.083368,0,1,3.96600,1328.128,2.502,5.000,4.069,6.062,6.229,34.215,0.000,0.000,0,1,1.3709,67,134,67,70,54
22,post_landing,67,1134.0,59,188.340,485.409,-0.91169,0.00000,0.91169,0.025491,0.103773,0,1,3.96600,1328.128,2.502,5.000,4.082,6.071,6.278,34.231,0.000,0.000,0,1,1.3709,67,134,67,70,54
22,post_landing,68,1151.0,59,187.424,485.436,-0.82847,-0.01357,0.82859,0.019352,0.129376,0,1,3.96600,1328.128,2.502,5.000,4.096,6.079,6.337,34.361,0.000,0.000,0,1,1.3709,67,134,67,70,54
22,post_landing,69,1168.0,59,186.640,485.466,-0.74396,-0.01384,0.74408,0.014243,0.147687,0,1,3.96600,1328.128,2.502,5.000,4.104,6.082,6.376,34.366,0.000,0.000,0,1,1.3709,67,134,67,70,54
22,post_landing,70,1184.0,59,185.893,485.505,-0.67523,-0.02055,0.67554,0.011719,0.161992,0,1,3.96600,1328.128,2.502,5.000,4.109,6.083,6.405,34.361,0.000,0.000,0,1,1.3709,67,134,67,70,54
22,post_landing,71,1201.0,59,185.215,485.539,-0.61938,-0.02051,0.61972,0.010716,0.173762,0,1,3.96600,1328.128,2.502,5.000,4.113,6.083,6.428,34.352,0.000,0.000,0,1,1.3709,67,134,67,70,54
22,post_landing,72,1218.0,59,184.629,485.569,-0.56864,-0.01887,0.56895,0.010082,0.183901,0,1,3.96600,1328.128,2.502,5.000,4.115,6.082,6.447,34.341,0.000,0.000,0,1,1.3709,67,134,67,70,54
22,post_landing,73,1234.0,59,184.057,485.610,-0.52010,-0.01812,0.52042,0.009884,0.194027,0,1,3.96600,1328.128,2.502,5.000,4.118,6.080,6.466,34.326,0.000,0.000,0,1,1.3709,67,134,67,70,54
22,post_landing,74,1251.0,59,183.535,485.651,-0.48046,-0.01815,0.48080,0.010448,0.203955,0,1,3.96600,1328.128,2.502,5.000,4.120,6.078,30.019,34.308,0.000,0.000,0,1,1.3709,67,134,67,70,54
22,post_landing,75,1268.0,59,183.080,485.690,-0.40946,-0.02817,0.41043,0.008106,0.213841,0,1,3.96600,1328.128,2.502,5.000,4.121,5.311,30.037,34.287,0.000,0.000,0,1,1.3709,67,134,67,70,54
22,post_landing,76,1284.0,59,182.669,485.732,-0.33886,-0.02431,0.33973,0.006110,0.221983,0,1,3.96600,1328.128,2.502,5.000,4.122,5.318,30.050,31.560,0.000,0.000,0,1,1.3709,67,134,67,70,54
22,post_landing,77,1301.0,59,182.329,485.763,-0.30081,-0.01587,0.30123,0.006983,0.228120,0,1,3.96600,1328.128,2.502,5.000,4.123,5.323,30.058,31.554,0.000,0.000,0,1,1.3709,67,134,67,70,54
22,post_landing,78,1318.0,59,182.044,485.794,-0.27575,0.00000,0.27575,0.008437,0.234727,0,1,3.96600,1328.128,2.502,5.000,4.123,5.328,30.065,31.545,0.000,0.000,0,1,1.3709,67,134,67,70,54
22,post_landing,79,1334.0,59,181.767,485.845,-0.24492,0.00000,0.24492,0.009526,0.243201,0,1,3.96600,1328.128,2.502,5.000,4.123,5.334,30.314,31.533,0.000,0.000,0,1,1.3709,67,134,67,70,54
22,post_landing,80,1351.0,59,181.521,485.900,-0.20452,0.00000,0.20452,0.009572,0.252768,0,1,3.96600,1328.128,2.502,5.000,0.250,5.341,30.329,31.515,0.000,0.000,0,1,1.3709,67,134,67,70,54
22,post_landing,81,1368.0,59,181.328,485.951,-0.17032,0.00000,0.17032,0.009768,0.261825,0,1,3.96600,1328.128,2.502,5.000,0.259,5.347,30.341,31.497,0.000,0.000,0,1,1.3709,67,134,67,70,54
22,post_landing,82,1384.0,59,181.157,486.017,-0.12605,0.00000,0.12605,0.009321,0.271636,0,1,3.96600,1328.128,2.502,5.000,0.268,5.353,30.351,31.473,0.000,0.000,0,1,1.3709,67,134,67,70,54
22,post_landing,83,1401.0,59,181.030,486.081,-0.09426,0.00000,0.09426,0.009831,0.280998,0,1,3.96600,1328.128,2.502,5.000,0.277,29.398,30.636,31.448,0.000,0.000,0,1,1.3709,67,134,67,70,54
22,post_landing,84,1418.0,59,180.941,486.143,-0.06643,0.00000,0.06643,0.010182,0.290299,0,1,3.96600,1328.128,2.502,5.000,0.286,29.405,30.649,31.420,0.000,0.000,0,1,1.3709,67,134,67,70,54
22,post_landing,85,1434.0,59,180.874,486.222,-0.04947,0.00000,0.04947,0.011791,0.300526,0,1,3.96600,1328.128,2.502,5.000,0.296,29.409,30.660,31.387,0.000,0.000,0,1,1.3709,67,134,67,70,54
22,post_landing,86,1451.0,59,180.824,486.314,-0.02092,0.01388,0.02510,0.011885,0.312369,0,1,3.96600,1328.128,2.502,5.000,0.307,29.411,30.670,31.344,0.000,0.000,0,1,1.3709,67,134,67,70,54
22,post_landing,87,1468.0,59,180.805,486.403,0.01179,0.01683,0.02055,0.011539,0.323615,0,1,3.96600,1328.128,2.502,5.000,25.616,29.727,30.675,31.299,0.000,0.000,0,1,1.3709,67,134,67,70,54
22,post_landing,88,1484.0,59,180.817,486.507,0.02487,0.01935,0.03151,0.013324,0.335205,0,1,3.96600,1328.128,2.502,5.000,25.625,29.731,30.676,31.248,0.000,0.000,0,1,1.3709,67,134,67,70,54
22,post_landing,89,1501.0,59,180.842,486.627,0.04631,0.03554,0.05838,0.013804,0.348587,0,1,3.96600,1328.128,2.502,5.000,25.631,29.732,30.672,31.185,0.000,0.000,0,1,1.3709,67,134,67,70,54
22,post_landing,90,1518.0,59,180.885,486.714,-0.17852,-0.14449,0.22967,0.009901,0.361648,0,1,3.96600,1328.128,2.502,5.000,25.986,30.081,30.662,31.118,0.000,0.000,0,2,1.3709,67,134,67,70,54
22,post_landing,91,1534.0,59,180.706,486.684,-0.45788,0.08176,0.46512,0.033891,0.371592,0,1,3.96600,1328.128,2.502,5.000,25.993,30.083,30.652,31.063,0.000,0.000,0,2,1.3709,67,134,67,70,54
22,post_landing,92,1551.0,59,180.246,486.458,-0.89536,-0.50573,1.02831,0.023152,0.405632,0,1,3.96600,1328.128,2.502,5.000,0.395,26.393,30.068,30.593,0.000,0.000,0,2,1.3709,67,134,67,70,54
22,post_landing,93,1568.0,59,179.399,485.727,-0.67392,-0.23723,0.71445,-0.002152,0.427537,0,1,3.96600,1328.128,2.502,5.000,0.415,26.401,30.041,30.536,0.000,0.000,0,1,1.3709,67,134,67,70,54
22,post_landing,94,1584.0,59,178.722,485.697,-0.55968,0.03879,0.56102,-0.007266,0.425376,0,1,3.96600,1328.128,2.502,5.000,0.413,26.401,30.044,30.542,0.000,0.000,0,1,1.3709,67,134,67,70,54
22,post_landing,95,1601.0,59,178.160,485.836,-0.38499,-0.01308,0.38521,-0.028398,0.418078,0,1,3.96600,1328.128,2.502,5.000,0.406,26.399,30.054,30.562,0.000,0.000,0,1,1.3709,67,134,67,70,54
22,post_landing,96,1618.0,59,177.796,486.080,-0.37945,0.25378,0.45649,-0.027989,0.391209,0,0,3.96600,1328.128,2.502,5.000,26.000,26.381,30.622,30.622,0.000,0.000,0,0,1.3709,67,134,67,70,54
22,post_landing,97,1634.0,59,177.415,486.639,-0.53284,0.00000,0.53284,-0.013954,0.363097,0,1,3.96600,1328.128,2.502,5.000,25.987,30.081,30.661,31.110,0.000,0.000,0,1,1.3709,67,134,67,70,54
22,post_landing,98,1651.0,59,176.879,486.756,-0.57113,-0.18145,0.59927,0.004745,0.349081,0,1,3.96600,1328.128,2.502,5.000,25.631,29.732,30.671,31.183,0.000,0.000,0,2,1.3709,67,134,67,70,54
22,post_landing,99,1668.0,59,176.339,486.732,-0.58126,-0.14432,0.59891,0.005603,0.353571,0,1,3.96600,1328.128,2.502,5.000,25.632,29.730,30.669,31.160,0.000,0.000,0,2,1.3709,67,134,67,70,54
22,post_landing,100,1684.0,59,175.755,486.720,-0.69100,-0.09504,0.69751,0.011759,0.359198,0,1,3.96600,1328.128,2.502,5.000,25.984,30.080,30.664,31.131,0.000,0.000,0,2,1.3709,67,134,67,70,54
22,post_landing,101,1701.0,59,175.061,486.690,-0.47515,-0.06968,0.48023,0.001270,0.371009,0,1,3.96600,1328.128,2.502,5.000,25.993,30.083,30.652,31.066,0.000,0.000,0,2,1.3709,67,134,67,70,54
22,post_landing,102,1718.0,59,174.612,486.682,-0.56430,-0.05755,0.56723,0.008548,0.372211,0,1,3.96600,1328.128,2.502,5.000,25.993,30.083,30.651,31.059,0.000,0.000,0,2,1.3709,67,134,67,70,54
22,post_landing,103,1734.0,59,174.045,486.666,-0.60419,-0.12377,0.61673,0.017496,0.380796,0,1,3.96600,1328.128,2.502,5.000,25.997,26.369,30.639,31.009,0.000,0.000,0,2,1.3709,67,134,67,70,54
22,post_landing,104,1751.0,59,173.438,486.153,-0.64894,0.12594,0.66105,0.021205,0.398369,0,1,3.96600,1328.128,2.502,5.000,0.388,26.388,30.608,30.608,0.000,0.000,0,1,1.3709,67,134,67,70,54
22,post_landing,105,1768.0,59,172.824,485.864,-0.70936,0.16780,0.72893,0.020049,0.418433,0,1,3.96600,1328.128,2.502,5.000,0.406,26.399,30.054,30.561,0.000,0.000,0,1,1.3709,67,134,67,70,54
22,post_landing,106,1784.0,59,172.111,485.597,-0.71246,0.11532,0.72173,0.011065,0.438570,0,1,3.96600,1328.128,2.502,5.000,0.425,0.849,30.021,30.502,0.000,0.000,0,1,1.3709,67,134,67,70,54
22,post_landing,107,1801.0,59,171.396,485.441,-0.84084,0.17002,0.85785,0.019183,0.449684,0,1,3.96600,1328.128,2.502,5.000,0.435,0.869,26.396,30.464,0.000,0.000,0,1,1.3709,67,134,67,70,54
22,post_landing,108,1818.0,59,170.600,485.218,-0.48864,0.09599,0.49798,-0.019879,0.467835,0,1,3.96600,1328.128,2.502,5.000,0.451,0.902,26.382,30.393,0.000,0.000,0,1,1.3709,67,134,67,70,54
22,post_landing,109,1834.0,59,170.110,485.435,-0.47022,0.17895,0.50312,-0.018136,0.447868,0,1,3.96600,1328.128,2.502,5.000,0.433,0.866,26.396,30.470,0.000,0.000,0,1,1.3709,67,134,67,70,54
22,post_landing,110,1851.0,59,169.637,485.680,-0.65647,-0.13264,0.66974,-0.016597,0.429653,0,1,3.96600,1328.128,2.502,5.000,0.417,26.401,30.037,30.530,0.000,0.000,0,1,1.3709,67,134,67,70,54
22,post_landing,111,1867.0,59,169.016,485.810,-0.64702,0.13593,0.66114,-0.016358,0.413949,0,0,3.96600,1328.128,2.502,5.000,0.402,26.397,30.060,30.573,0.000,0.000,0,0,1.3709,67,134,67,70,54
22,post_landing,112,1884.0,59,168.366,486.124,-0.88709,0.09693,0.89237,0.003689,0.397519,0,1,3.96600,1328.128,2.502,5.000,26.000,26.387,30.610,30.610,0.000,0.000,0,1,1.3709,67,134,67,70,54
22,post_landing,113,1901.0,59,167.475,486.093,-0.75545,0.11884,0.76474,-0.002742,0.401225,0,1,3.96600,1328.128,2.502,5.000,0.391,26.390,30.602,30.602,0.000,0.000,0,1,1.3709,67,134,67,70,54
22,post_landing,114,1918.0,59,166.760,486.123,-0.66980,0.10862,0.67855,-0.004333,0.398631,0,1,3.96600,1328.128,2.502,5.000,0.388,26.388,30.608,30.608,0.000,0.000,0,1,1.3709,67,134,67,70,54
22,post_landing,115,1934.0,59,166.088,486.188,-0.54960,0.09356,0.55750,-0.007736,0.394278,0,1,3.96600,1328.128,2.502,5.000,26.000,26.384,30.616,30.616,0.000,0.000,0,1,1.3709,67,134,67,70,54
22,post_landing,116,1951.0,59,165.536,486.299,-0.49689,-0.04786,0.49919,-0.012468,0.386508,0,1,3.96600,1328.128,2.502,5.000,25.999,26.376,30.630,30.975,0.000,0.000,0,1,1.3709,67,134,67,70,54
22,post_landing,117,1968.0,59,165.066,486.461,-0.45178,-0.03586,0.45320,-0.011071,0.374711,0,1,3.96600,1328.128,2.502,5.000,25.995,30.083,30.648,31.045,0.000,0.000,0,1,1.3709,67,134,67,70,54
22,post_landing,118,1984.0,59,164.612,486.696,-0.05435,-0.02068,0.05815,-0.032967,0.363592,0,1,3.96600,1328.128,2.502,5.000,25.987,30.081,30.660,31.107,0.000,0.000,0,2,1.3709,67,134,67,70,54
23,falling,0,9.0,,195.000,96.669,0.00000,0.45000,0.45000,0.000000,0.000000,0,0,3.40400,1817.289,0.999,56.000,56.000,57.000,57.000,57.000,0.000,0.000,0,0,1.1864,71,142,71,78,70
23,falling,1,15.0,,195.000,96.866,0.00000,0.54757,0.54757,0.000000,0.000000,0,0,3.40400,1817.289,0.999,56.000,56.000,57.000,57.000,57.000,0.000,0.000,0,0,1.1864,71,142,71,78,70
23,falling,2,32.0,,195.000,97.705,0.00000,0.82253,0.82253,0.000000,0.000000,0,0,3.40400,1817.289,0.999,56.000,56.000,57.000,57.000,57.000,0.000,0.000,0,0,1.1864,71,142,71,78,70
23,falling,3,49.0,,195.000,98.820,0.00000,1.09327,1.09327,0.000000,0.000000,0,0,3.40400,1817.289,0.999,56.000,56.000,57.000,57.000,57.000,0.000,0.000,0,0,1.1864,71,142,71,78,70
23,falling,4,66.0,,195.000,100.111,0.00000,1.34420,1.34420,0.000000,0.000000,0,0,3.40400,1817.289,0.999,56.000,56.000,57.000,57.000,57.000,0.000,0.000,0,0,1.1864,71,142,71,78,70
23,falling,5,82.0,,195.000,101.750,0.00000,1.60696,1.60696,0.000000,0.000000,0,0,3.40400,1817.289,0.999,56.000,56.000,57.000,57.000,57.000,0.000,0.000,0,0,1.1864,71,142,71,78,70
23,falling,6,99.0,,195.000,103.653,0.00000,1.86571,1.86571,0.000000,0.000000,0,0,3.40400,1817.289,0.999,56.000,56.000,57.000,57.000,57.000,0.000,0.000,0,0,1.1864,71,142,71,78,70
23,falling,7,116.0,,195.000,105.674,0.00000,2.10551,2.10551,0.000000,0.000000,0,0,3.40400,1817.289,0.999,56.000,56.000,57.000,57.000,57.000,0.000,0.000,0,0,1.1864,71,142,71,78,70
23,falling,8,132.0,,195.000,108.078,0.00000,2.35663,2.35663,0.000000,0.000000,0,0,3.40400,1817.289,0.999,56.000,56.000,57.000,57.000,57.000,0.000,0.000,0,0,1.1864,71,142,71,78,70
23,falling,9,149.0,,195.000,110.734,0.00000,2.60391,2.60391,0.000000,0.000000,0,0,3.40400,1817.289,0.999,56.000,56.000,57.000,57.000,57.000,0.000,0.000,0,0,1.1864,71,142,71,78,70
23,falling,10,166.0,,195.000,113.454,0.00000,2.83308,2.83308,0.000000,0.000000,0,0,3.40400,1817.289,0.999,56.000,56.000,57.000,57.000,57.000,0.000,0.000,0,0,1.1864,71,142,71,78,70
23,falling,11,182.0,,195.000,116.588,0.00000,3.07307,3.07307,0.000000,0.000000,0,0,3.40400,1817.289,0.999,56.000,56.000,57.000,57.000,57.000,0.000,0.000,0,0,1.1864,71,142,71,78,70
23,falling,12,199.0,,195.000,119.964,0.00000,3.30938,3.30938,0.000000,0.000000,0,0,3.40400,1817.289,0.999,56.000,56.000,57.000,57.000,57.000,0.000,0.000,0,0,1.1864,71,142,71,78,70
23,falling,13,216.0,,195.000,123.351,0.00000,3.52839,3.52839,0.000000,0.000000,0,0,3.40400,1817.289,0.999,56.000,56.000,57.000,57.000,57.000,0.000,0.000,0,0,1.1864,71,142,71,78,70
23,falling,14,232.0,,195.000,127.184,0.00000,3.75774,3.75774,0.000000,0.000000,0,0,3.40400,1817.289,0.999,56.000,56.000,57.000,57.000,57.000,0.000,0.000,0,0,1.1864,71,142,71,78,70
23,falling,15,249.0,,195.000,131.247,0.00000,3.98358,3.98358,0.000000,0.000000,0,0,3.40400,1817.289,0.999,56.000,56.000,57.000,57.000,57.000,0.000,0.000,0,0,1.1864,71,142,71,78,70
23,falling,16,266.0,,195.000,135.272,0.00000,4.19288,4.19288,0.000000,0.000000,0,0,3.40400,1817.289,0.999,56.000,56.000,57.000,57.000,57.000,0.000,0.000,0,0,1.1864,71,142,71,78,70
23,falling,17,282.0,,195.000,139.773,0.00000,4.41207,4.41207,0.000000,0.000000,0,0,3.40400,1817.289,0.999,56.000,56.000,57.000,57.000,57.000,0.000,0.000,0,0,1.1864,71,142,71,78,70
23,falling,18,299.0,,195.000,144.493,0.00000,4.62790,4.62790,0.000000,0.000000,0,0,3.40400,1817.289,0.999,56.000,56.000,57.000,57.000,57.000,0.000,0.000,0,0,1.1864,71,142,71,78,70
23,falling,19,316.0,,195.000,149.128,0.00000,4.82792,4.82792,0.000000,0.000000,0,0,3.40400,1817.289,0.999,56.000,56.000,57.000,57.000,57.000,0.000,0.000,0,0,1.1864,71,142,71,78,70
23,falling,20,332.0,,195.000,154.266,0.00000,5.03739,5.03739,0.000000,0.000000,0,0,3.40400,1817.289,0.999,56.000,56.000,57.000,57.000,57.000,0.000,0.000,0,0,1.1864,71,142,71,78,70
23,falling,21,349.0,,195.000,159.614,0.00000,5.24365,5.24365,0.000000,0.000000,0,0,3.40400,1817.289,0.999,56.000,56.000,57.000,57.000,57.000,0.000,0.000,0,0,1.1864,71,142,71,78,70
23,falling,22,366.0,,195.000,164.832,0.00000,5.43481,5.43481,0.000000,0.000000,0,0,3.40400,1817.289,0.999,56.000,56.000,57.000,57.000,57.000,0.000,0.000,0,0,1.1864,71,142,71,78,70
23,falling,23,382.0,,195.000,170.580,0.00000,5.63499,5.63499,0.000000,0.000000,0,0,3.40400,1817.289,0.999,56.000,56.000,57.000,57.000,57.000,0.000,0.000,0,0,1.1864,71,142,71,78,70
23,falling,24,399.0,,195.000,176.528,0.00000,5.83210,5.83210,0.000000,0.000000,0,0,3.40400,1817.289,0.999,56.000,56.000,57.000,57.000,57.000,0.000,0.000,0,0,1.1864,71,142,71,78,70
23,falling,25,416.0,,195.000,182.303,0.00000,6.01479,6.01479,0.000000,0.000000,0,0,3.40400,1817.289,0.999,56.000,56.000,57.000,57.000,57.000,0.000,0.000,0,0,1.1864,71,142,71,78,70
23,falling,26,432.0,,195.000,188.633,0.00000,6.20610,6.20610,0.000000,0.000000,0,0,3.40400,1817.289,0.999,56.000,56.000,57.000,57.000,57.000,0.000,0.000,0,0,1.1864,71,142,71,78,70
23,falling,27,449.0,,195.000,195.155,0.00000,6.39448,6.39448,0.000000,0.000000,0,0,3.40400,1817.289,0.999,56.000,56.000,57.000,57.000,57.000,0.000,0.000,0,0,1.1864,71,142,71,78,70
23,falling,28,466.0,,195.000,201.461,0.00000,6.56906,6.56906,0.000000,0.000000,0,0,3.40400,1817.289,0.999,56.000,56.000,57.000,57.000,57.000,0.000,0.000,0,0,1.1864,71,142,71,78,70
23,falling,29,482.0,,195.000,208.348,0.00000,6.75189,6.75189,0.000000,0.000000,0,0,3.40400,1817.289,0.999,56.000,56.000,57.000,57.000,57.000,0.000,0.000,0,0,1.1864,71,142,71,78,70
23,falling,30,499.0,,195.000,215.419,0.00000,6.93192,6.93192,0.000000,0.000000,0,0,3.40400,1817.289,0.999,56.000,56.000,57.000,57.000,57.000,0.000,0.000,0,0,1.1864,71,142,71,78,70
23,falling,31,516.0,,195.000,222.234,0.00000,7.09877,7.09877,0.000000,0.000000,0,0,3.40400,1817.289,0.999,56.000,56.000,57.000,57.000,57.000,0.000,0.000,0,0,1.1864,71,142,71,78,70
23,falling,32,532.0,,195.000,229.653,0.00000,7.27349,7.27349,0.000000,0.000000,0,0,3.40400,1817.289,0.999,56.000,56.000,57.000,57.000,57.000,0.000,0.000,0,0,1.1864,71,142,71,78,70
23,falling,33,549.0,,195.000,237.247,0.00000,7.44554,7.44554,0.000000,0.000000,0,0,3.40400,1817.289,0.999,56.000,56.000,57.000,57.000,57.000,0.000,0.000,0,0,1.1864,71,142,71,78,70
23,falling,34,566.0,,195.000,244.548,0.00000,7.60499,7.60499,0.000000,0.000000,0,0,3.40400,1817.289,0.999,56.000,56.000,57.000,57.000,57.000,0.000,0.000,0,0,1.1864,71,142,71,78,70
23,falling,35,582.0,,195.000,252.475,0.00000,7.77196,7.77196,0.000000,0.000000,0,0,3.40400,1817.289,0.999,56.000,56.000,57.000,57.000,57.000,0.000,0.000,0,0,1.1864,71,142,71,78,70
23,falling,36,599.0,,195.000,260.570,0.00000,7.93639,7.93639,0.000000,0.000000,0,0,3.40400,1817.289,0.999,56.000,56.000,57.000,57.000,57.000,0.000,0.000,0,0,1.1864,71,142,71,78,70
23,falling,37,616.0,,195.000,268.336,0.00000,8.08877,8.08877,0.000000,0.000000,0,0,3.40400,1817.289,0.999,56.000,56.000,57.000,57.000,57.000,0.000,0.000,0,0,1.1864,71,142,71,78,70
23,falling,38,632.0,,195.000,276.749,0.00000,8.24834,8.24834,0.000000,0.000000,0,0,3.40400,1817.289,0.999,56.000,56.000,57.000,57.000,57.000,0.000,0.000,0,0,1.1864,71,142,71,78,70
23,falling,39,649.0,,195.000,285.323,0.00000,8.40548,8.40548,0.000000,0.000000,0,0,3.40400,1817.289,0.999,56.000,56.000,57.000,57.000,57.000,0.000,0.000,0,0,1.1864,71,142,71,78,70
23,falling,40,666.0,,195.000,293.532,0.00000,8.55111,8.55111,0.000000,0.000000,0,0,3.40400,1817.289,0.999,56.000,56.000,57.000,57.000,57.000,0.000,0.000,0,0,1.1864,71,142,71,78,70
23,falling,41,682.0,,195.000,302.409,0.00000,8.70361,8.70361,0.000000,0.000000,0,0,3.40400,1817.289,0.999,56.000,56.000,57.000,57.000,57.000,0.000,0.000,0,0,1.1864,71,142,71,78,70
23,falling,42,699.0,,195.000,311.440,0.00000,8.85378,8.85378,0.000000,0.000000,0,0,3.40400,1817.289,0.999,56.000,56.000,57.000,57.000,57.000,0.000,0.000,0,0,1.1864,71,142,71,78,70
23,falling,43,716.0,,195.000,320.073,0.00000,8.99295,8.99295,0.000000,0.000000,0,0,3.40400,1817.289,0.999,56.000,56.000,57.000,57.000,57.000,0.000,0.000,0,0,1.1864,71,142,71,78,70
23,falling,44,732.0,,195.000,329.395,0.00000,9.13869,9.13869,0.000000,0.000000,0,0,3.40400,1817.289,0.999,56.000,56.000,57.000,57.000,57.000,0.000,0.000,0,0,1.1864,71,142,71,78,70
23,falling,45,749.0,,195.000,338.863,0.00000,9.28220,9.28220,0.000000,0.000000,0,0,3.40400,1817.289,0.999,56.000,56.000,57.000,57.000,57.000,0.000,0.000,0,0,1.1864,71,142,71,78,70
23,falling,46,766.0,,195.000,347.901,0.00000,9.41520,9.41520,0.000000,0.000000,0,0,3.40400,1817.289,0.999,56.000,56.000,57.000,57.000,57.000,0.000,0.000,0,0,1.1864,71,142,71,78,70
23,falling,47,782.0,,195.000,357.647,0.00000,9.55448,9.55448,0.000000,0.000000,0,0,3.40400,1817.289,0.999,56.000,56.000,57.000,57.000,57.000,0.000,0.000,0,0,1.1864,71,142,71,78,70
23,falling,48,799.0,,195.000,367.532,0.00000,9.69163,9.69163,0.000000,0.000000,0,0,3.40400,1817.289,0.999,56.000,56.000,57.000,57.000,57.000,0.000,0.000,0,0,1.1864,71,142,71,78,70
23,falling,49,816.0,,195.000,376.958,0.00000,9.81874,9.81874,0.000000,0.000000,0,0,3.40400,1817.289,0.999,56.000,56.000,57.000,57.000,57.000,0.000,0.000,0,0,1.1864,71,142,71,78,70
23,falling,50,832.0,,195.000,387.109,0.00000,9.95185,9.95185,0.000000,0.000000,0,0,3.40400,1817.289,0.999,56.000,56.000,57.000,57.000,57.000,0.000,0.000,0,0,1.1864,71,142,71,78,70
23,falling,51,849.0,,195.000,397.394,0.00000,10.08292,10.08292,0.000000,0.000000,0,0,3.40400,1817.289,0.999,56.000,56.000,57.000,57.000,57.000,0.000,0.000,0,0,1.1864,71,142,71,78,70
23,falling,52,866.0,,195.000,407.190,0.00000,10.20439,10.20439,0.000000,0.000000,0,0,3.40400,1817.289,0.999,56.000,56.000,57.000,57.000,57.000,0.000,0.000,0,0,1.1864,71,142,71,78,70
23,falling,53,882.0,,195.000,417.728,0.00000,10.33160,10.33160,0.000000,0.000000,0,0,3.40400,1817.289,0.999,56.000,56.000,57.000,57.000,57.000,0.000,0.000,0,0,1.1864,71,142,71,78,70
23,falling,54,899.0,,195.000,428.394,0.00000,10.45686,10.45686,0.000000,0.000000,0,0,3.40400,1817.289,0.999,56.000,56.000,57.000,57.000,57.000,0.000,0.000,0,0,1.1864,71,142,71,78,70
23,falling,55,916.0,,195.000,438.544,0.00000,10.57294,10.57294,0.000000,0.000000,0,0,3.40400,1817.289,0.999,56.000,56.000,57.000,57.000,57.000,0.000,0.000,0,0,1.1864,71,142,71,78,70
23,falling,56,932.0,,195.000,449.453,0.00000,10.69451,10.69451,0.000000,0.000000,0,0,3.40400,1817.289,0.999,56.000,56.000,57.000,57.000,57.000,0.000,0.000,0,0,1.1864,71,142,71,78,70
23,falling,57,949.0,,195.000,460.483,0.00000,10.81422,10.81422,0.000000,0.000000,0,0,3.40400,1817.289,0.999,56.000,56.000,57.000,57.000,57.000,0.000,0.000,0,0,1.1864,71,142,71,78,70
23,falling,58,966.0,,195.000,470.971,0.00000,10.92516,10.92516,0.000000,0.000000,0,0,3.40400,1817.289,0.999,56.000,56.000,57.000,57.000,57.000,0.000,0.000,0,0,1.1864,71,142,71,78,70
23,falling,59,983.0,,195.000,482.233,0.00000,11.04134,11.04134,0.000000,0.000000,0,0,3.40400,1817.289,0.999,56.000,56.000,57.000,57.000,57.000,0.000,0.000,0,0,1.1864,71,142,71,78,70
23,falling,60,999.0,,195.000,493.612,0.00000,11.15574,11.15574,0.000000,0.000000,0,0,3.40400,1817.289,0.999,56.000,56.000,57.000,57.000,57.000,0.000,0.000,0,0,1.1864,71,142,71,78,70
23,post_landing,61,1016.0,61,195.000,499.089,0.06710,-0.02819,0.07278,0.001087,0.000000,0,1,3.40400,1817.289,0.999,56.000,56.000,57.000,57.000,57.000,0.000,0.000,0,18,1.1864,71,142,71,78,70
23,post_landing,62,1032.0,61,195.067,496.682,0.01511,0.00000,0.01511,0.000000,0.001092,0,1,3.40400,1817.289,0.999,56.000,10.001,56.001,57.001,57.001,0.000,0.000,0,10,1.1864,71,142,71,78,70
23,post_landing,63,1049.0,61,195.083,495.477,0.00250,0.00000,0.00250,0.000000,0.001092,0,1,3.40400,1817.289,0.999,56.000,10.001,56.001,57.001,57.001,0.000,0.000,0,6,1.1864,71,142,71,78,70
23,post_landing,64,1066.0,61,195.085,494.642,-0.00024,0.00000,0.00024,0.000000,0.001092,0,1,3.40400,1817.289,0.999,56.000,10.001,56.001,57.001,57.001,0.000,0.000,0,3,1.1864,71,142,71,78,70
23,post_landing,65,1082.0,61,195.085,494.458,-0.07650,0.00000,0.07650,0.000000,0.001092,0,1,3.40400,1817.289,0.999,56.000,10.001,56.001,57.001,57.001,0.000,0.000,0,2,1.1864,71,142,71,78,70
23,post_landing,66,1099.0,61,195.008,493.959,-0.21905,0.04449,0.22352,0.002003,0.001092,0,1,3.40400,1817.289,0.999,56.000,10.001,56.001,57.001,57.001,0.000,0.000,0,1,1.1864,71,142,71,78,70
23,post_landing,67,1116.0,61,194.801,493.921,-0.25387,0.08505,0.26774,0.000000,0.002987,0,1,3.40400,1817.289,0.999,56.000,10.003,56.003,57.003,57.003,0.000,0.000,0,1,1.1864,71,142,71,78,70
23,post_landing,68,1132.0,61,194.546,493.923,-0.23638,0.07203,0.24711,-0.003884,0.002987,0,1,3.40400,1817.289,0.999,56.000,10.003,56.003,57.003,57.003,0.000,0.000,0,1,1.1864,71,142,71,78,70
23,post_landing,69,1149.0,61,194.308,493.989,-0.22070,0.06719,0.23070,-0.006791,-0.000914,0,1,3.40400,1817.289,0.999,56.000,55.001,57.001,57.003,57.003,0.000,0.000,0,1,1.1864,71,142,71,78,70
23,post_landing,70,1166.0,61,194.099,494.051,-0.23367,0.07304,0.24482,-0.007527,-0.007339,0,1,3.40400,1817.289,0.999,56.000,55.006,57.006,57.020,57.020,0.000,0.000,0,1,1.1864,71,142,71,78,70
23,post_landing,71,1182.0,61,193.865,494.287,-0.01336,0.00000,0.01336,0.000000,-0.014899,0,1,3.40400,1817.289,0.999,56.000,55.009,57.009,57.038,57.038,0.000,0.000,0,2,1.1864,71,142,71,78,70
23,post_landing,72,1199.0,61,193.851,494.287,0.02309,0.00000,0.02309,0.000000,-0.014899,0,1,3.40400,1817.289,0.999,56.000,55.009,57.009,57.038,57.038,0.000,0.000,0,2,1.1864,71,142,71,78,70
23,post_landing,73,1216.0,61,193.873,494.285,0.00509,0.00000,0.00509,0.000000,-0.014899,0,1,3.40400,1817.289,0.999,56.000,55.009,57.009,57.038,57.038,0.000,0.000,0,2,1.1864,71,142,71,78,70
23,post_landing,74,1232.0,61,193.878,494.287,-0.00006,0.00000,0.00006,0.000000,-0.014899,0,1,3.40400,1817.289,0.999,56.000,55.009,57.009,57.038,57.038,0.000,0.000,0,2,1.1864,71,142,71,78,70
23,post_landing,75,1249.0,61,193.878,494.287,-0.00005,0.00000,0.00005,0.000000,-0.014899,0,1,3.40400,1817.289,0.999,56.000,55.009,57.009,57.038,57.038,0.000,0.000,0,2,1.1864,71,142,71,78,70
23,post_landing,76,1266.0,61,193.878,494.285,0.00025,0.00000,0.00025,0.000000,-0.014899,0,1,3.40400,1817.289,0.999,56.000,55.009,57.009,57.038,57.038,0.000,0.000,0,2,1.1864,71,142,71,78,70
23,post_landing,77,1282.0,61,193.878,494.287,-0.00008,0.00000,0.00008,0.000000,-0.014899,0,1,3.40400,1817.289,0.999,56.000,55.009,57.009,57.038,57.038,0.000,0.000,0,2,1.1864,71,142,71,78,70
23,post_landing,78,1299.0,61,193.878,494.287,-0.00000,0.00000,0.00000,0.000000,-0.014899,0,1,3.40400,1817.289,0.999,56.000,55.009,57.009,57.038,57.038,0.000,0.000,0,2,1.1864,71,142,71,78,70
23,post_landing,79,1316.0,61,193.878,494.285,0.00025,0.00000,0.00025,0.000000,-0.014899,0,1,3.40400,1817.289,0.999,56.000,55.009,57.009,57.038,57.038,0.000,0.000,0,2,1.1864,71,142,71,78,70
23,post_landing,80,1332.0,61,193.878,494.287,-0.00009,0.00000,0.00009,0.000000,-0.014899,0,1,3.40400,1817.289,0.999,56.000,55.009,57.009,57.038,57.038,0.000,0.000,0,2,1.1864,71,142,71,78,70
23,post_landing,81,1349.0,61,193.878,494.287,-0.00001,0.00000,0.00001,0.000000,-0.014899,0,1,3.40400,1817.289,0.999,56.000,55.009,57.009,57.038,57.038,0.000,0.000,0,2,1.1864,71,142,71,78,70
23,post_landing,82,1366.0,61,193.878,494.285,0.00025,0.00000,0.00025,0.000000,-0.014899,0,1,3.40400,1817.289,0.999,56.000,55.009,57.009,57.038,57.038,0.000,0.000,0,2,1.1864,71,142,71,78,70
23,post_landing,83,1382.0,61,193.879,494.287,-0.00009,0.00000,0.00009,0.000000,-0.014899,0,1,3.40400,1817.289,0.999,56.000,55.009,57.009,57.038,57.038,0.000,0.000,0,2,1.1864,71,142,71,78,70
23,post_landing,84,1399.0,61,193.879,494.287,-0.00001,0.00000,0.00001,0.000000,-0.014899,0,1,3.40400,1817.289,0.999,56.000,55.009,57.009,57.038,57.038,0.000,0.000,0,2,1.1864,71,142,71,78,70
23,post_landing,85,1416.0,61,193.879,494.285,0.00025,0.00000,0.00025,0.000000,-0.014899,0,1,3.40400,1817.289,0.999,56.000,55.009,57.009,57.038,57.038,0.000,0.000,0,2,1.1864,71,142,71,78,70
23,post_landing,86,1432.0,61,193.879,494.287,-0.00009,0.00000,0.00009,0.000000,-0.014899,0,1,3.40400,1817.289,0.999,56.000,55.009,57.009,57.038,57.038,0.000,0.000,0,2,1.1864,71,142,71,78,70
23,post_landing,87,1449.0,61,193.879,494.287,-0.00001,0.00000,0.00001,0.000000,-0.014899,0,1,3.40400,1817.289,0.999,56.000,55.009,57.009,57.038,57.038,0.000,0.000,0,2,1.1864,71,142,71,78,70
23,post_landing,88,1466.0,61,193.879,494.285,0.00025,0.00000,0.00025,0.000000,-0.014899,0,1,3.40400,1817.289,0.999,56.000,55.009,57.009,57.038,57.038,0.000,0.000,0,2,1.1864,71,142,71,78,70
23,post_landing,89,1482.0,61,193.879,494.287,-0.00009,0.00000,0.00009,0.000000,-0.014899,0,1,3.40400,1817.289,0.999,56.000,55.009,57.009,57.038,57.038,0.000,0.000,0,2,1.1864,71,142,71,78,70
23,post_landing,90,1499.0,61,193.879,494.287,-0.00001,0.00000,0.00001,0.000000,-0.014899,0,1,3.40400,1817.289,0.999,56.000,55.009,57.009,57.038,57.038,0.000,0.000,0,2,1.1864,71,142,71,78,70
23,post_landing,91,1516.0,61,193.879,494.285,0.00025,0.00000,0.00025,0.000000,-0.014899,0,1,3.40400,1817.289,0.999,56.000,55.009,57.009,57.038,57.038,0.000,0.000,0,2,1.1864,71,142,71,78,70
23,post_landing,92,1532.0,61,193.879,494.287,-0.00009,0.00000,0.00009,0.000000,-0.014899,0,1,3.40400,1817.289,0.999,56.000,55.009,57.009,57.038,57.038,0.000,0.000,0,2,1.1864,71,142,71,78,70
23,post_landing,93,1549.0,61,193.879,494.287,-0.00001,0.00000,0.00001,0.000000,-0.014899,0,1,3.40400,1817.289,0.999,56.000,55.009,57.009,57.038,57.038,0.000,0.000,0,2,1.1864,71,142,71,78,70
23,post_landing,94,1566.0,61,193.879,494.285,0.00025,0.00000,0.00025,0.000000,-0.014899,0,1,3.40400,1817.289,0.999,56.000,55.009,57.009,57.038,57.038,0.000,0.000,0,2,1.1864,71,142,71,78,70
23,post_landing,95,1582.0,61,193.879,494.287,-0.00009,0.00000,0.00009,0.000000,-0.014899,0,1,3.40400,1817.289,0.999,56.000,55.009,57.009,57.038,57.038,0.000,0.000,0,2,1.1864,71,142,71,78,70
23,post_landing,96,1599.0,61,193.879,494.287,-0.00001,0.00000,0.00001,0.000000,-0.014899,0,1,3.40400,1817.289,0.999,56.000,55.009,57.009,57.038,57.038,0.000,0.000,0,2,1.1864,71,142,71,78,70
23,post_landing,97,1616.0,61,193.879,494.285,0.00025,0.00000,0.00025,0.000000,-0.014899,0,1,3.40400,1817.289,0.999,56.000,55.009,57.009,57.038,57.038,0.000,0.000,0,2,1.1864,71,142,71,78,70
23,post_landing,98,1632.0,61,193.879,494.287,-0.00009,0.00000,0.00009,0.000000,-0.014899,0,1,3.40400,1817.289,0.999,56.000,55.009,57.009,57.038,57.038,0.000,0.000,0,2,1.1864,71,142,71,78,70
23,post_landing,99,1649.0,61,193.879,494.287,-0.00001,0.00000,0.00001,0.000000,-0.014899,0,1,3.40400,1817.289,0.999,56.000,55.009,57.009,57.038,57.038,0.000,0.000,0,2,1.1864,71,142,71,78,70
23,post_landing,100,1666.0,61,193.879,494.285,0.00025,0.00000,0.00025,0.000000,-0.014899,0,1,3.40400,1817.289,0.999,56.000,55.009,57.009,57.038,57.038,0.000,0.000,0,2,1.1864,71,142,71,78,70
23,post_landing,101,1682.0,61,193.880,494.287,-0.00009,0.00000,0.00009,0.000000,-0.014899,0,1,3.40400,1817.289,0.999,56.000,55.009,57.009,57.038,57.038,0.000,0.000,0,2,1.1864,71,142,71,78,70
23,post_landing,102,1699.0,61,193.879,494.287,-0.00001,0.00000,0.00001,0.000000,-0.014899,0,1,3.40400,1817.289,0.999,56.000,55.009,57.009,57.038,57.038,0.000,0.000,0,2,1.1864,71,142,71,78,70
23,post_landing,103,1716.0,61,193.879,494.285,0.00025,0.00000,0.00025,0.000000,-0.014899,0,1,3.40400,1817.289,0.999,56.000,55.009,57.009,57.038,57.038,0.000,0.000,0,2,1.1864,71,142,71,78,70
23,post_landing,104,1732.0,61,193.880,494.287,-0.00009,0.00000,0.00009,0.000000,-0.014899,0,1,3.40400,1817.289,0.999,56.000,55.009,57.009,57.038,57.038,0.000,0.000,0,2,1.1864,71,142,71,78,70
23,post_landing,105,1749.0,61,193.880,494.287,-0.00001,0.00000,0.00001,0.000000,-0.014899,0,1,3.40400,1817.289,0.999,56.000,55.009,57.009,57.038,57.038,0.000,0.000,0,2,1.1864,71,142,71,78,70
23,post_landing,106,1766.0,61,193.880,494.285,0.00025,0.00000,0.00025,0.000000,-0.014899,0,1,3.40400,1817.289,0.999,56.000,55.009,57.009,57.038,57.038,0.000,0.000,0,2,1.1864,71,142,71,78,70
23,post_landing,107,1782.0,61,193.880,494.287,-0.00009,0.00000,0.00009,0.000000,-0.014899,0,1,3.40400,1817.289,0.999,56.000,55.009,57.009,57.038,57.038,0.000,0.000,0,2,1.1864,71,142,71,78,70
23,post_landing,108,1799.0,61,193.880,494.287,-0.00001,0.00000,0.00001,0.000000,-0.014899,0,1,3.40400,1817.289,0.999,56.000,55.009,57.009,57.038,57.038,0.000,0.000,0,2,1.1864,71,142,71,78,70
23,post_landing,109,1816.0,61,193.880,494.285,0.00025,0.00000,0.00025,0.000000,-0.014899,0,1,3.40400,1817.289,0.999,56.000,55.009,57.009,57.038,57.038,0.000,0.000,0,2,1.1864,71,142,71,78,70
23,post_landing,110,1832.0,61,193.880,494.287,-0.00009,0.00000,0.00009,0.000000,-0.014899,0,1,3.40400,1817.289,0.999,56.000,55.009,57.009,57.038,57.038,0.000,0.000,0,2,1.1864,71,142,71,78,70
23,post_landing,111,1849.0,61,193.880,494.287,-0.00001,0.00000,0.00001,0.000000,-0.014899,0,1,3.40400,1817.289,0.999,56.000,55.009,57.009,57.038,57.038,0.000,0.000,0,2,1.1864,71,142,71,78,70
23,post_landing,112,1866.0,61,193.880,494.285,0.00025,0.00000,0.00025,0.000000,-0.014899,0,1,3.40400,1817.289,0.999,56.000,55.009,57.009,57.038,57.038,0.000,0.000,0,2,1.1864,71,142,71,78,70
23,post_landing,113,1882.0,61,193.880,494.287,-0.00009,0.00000,0.00009,0.000000,-0.014899,0,1,3.40400,1817.289,0.999,56.000,55.009,57.009,57.038,57.038,0.000,0.000,0,2,1.1864,71,142,71,78,70
23,post_landing,114,1899.0,61,193.880,494.287,-0.00001,0.00000,0.00001,0.000000,-0.014899,0,1,3.40400,1817.289,0.999,56.000,55.009,57.009,57.038,57.038,0.000,0.000,0,2,1.1864,71,142,71,78,70
23,post_landing,115,1916.0,61,193.880,494.285,0.00025,0.00000,0.00025,0.000000,-0.014899,0,1,3.40400,1817.289,0.999,56.000,55.009,57.009,57.038,57.038,0.000,0.000,0,2,1.1864,71,142,71,78,70
23,post_landing,116,1932.0,61,193.880,494.287,-0.00009,0.00000,0.00009,0.000000,-0.014899,0,1,3.40400,1817.289,0.999,56.000,55.009,57.009,57.038,57.038,0.000,0.000,0,2,1.1864,71,142,71,78,70
23,post_landing,117,1949.0,61,193.880,494.287,-0.00001,0.00000,0.00001,0.000000,-0.014899,0,1,3.40400,1817.289,0.999,56.000,55.009,57.009,57.038,57.038,0.000,0.000,0,2,1.1864,71,142,71,78,70
23,post_landing,118,1966.0,61,193.880,494.285,0.00025,0.00000,0.00025,0.000000,-0.014899,0,1,3.40400,1817.289,0.999,56.000,55.009,57.009,57.038,57.038,0.000,0.000,0,2,1.1864,71,142,71,78,70
23,post_landing,119,1982.0,61,193.880,494.287,-0.00009,0.00000,0.00009,0.000000,-0.014899,0,1,3.40400,1817.289,0.999,56.000,55.009,57.009,57.038,57.038,0.000,0.000,0,2,1.1864,71,142,71,78,70
23,post_landing,120,1999.0,61,193.880,494.287,-0.00001,0.00000,0.00001,0.000000,-0.014899,0,1,3.40400,1817.289,0.999,56.000,55.009,57.009,57.038,57.038,0.000,0.000,0,2,1.1864,71,142,71,78,70
24,falling,0,8.0,,195.000,96.469,0.00000,0.38333,0.38333,0.000000,0.000000,0,0,4.05400,1448.135,12.846,7.000,7.000,9.000,11.000,26.000,0.000,0.000,0,0,1.1015,66,132,66,67,62
24,falling,1,18.0,,195.000,96.797,0.00000,0.54655,0.54655,0.000000,0.000000,0,0,4.05400,1448.135,12.846,7.000,7.000,9.000,11.000,14.000,0.000,0.000,0,0,1.1015,66,132,66,67,62
24,falling,2,35.0,,195.000,97.635,0.00000,0.82152,0.82152,0.000000,0.000000,0,0,4.05400,1448.135,12.846,7.000,7.000,9.000,11.000,14.000,0.000,0.000,0,0,1.1015,66,132,66,67,62
24,falling,3,52.0,,195.000,98.668,0.00000,1.07636,1.07636,0.000000,0.000000,0,0,4.05400,1448.135,12.846,7.000,7.000,9.000,11.000,14.000,0.000,0.000,0,0,1.1015,66,132,66,67,62
24,falling,4,68.0,,195.000,100.038,0.00000,1.34322,1.34322,0.000000,0.000000,0,0,4.05400,1448.135,12.846,7.000,7.000,9.000,11.000,14.000,0.000,0.000,0,0,1.1015,66,132,66,67,62
24,falling,5,85.0,,195.000,101.676,0.00000,1.60600,1.60600,0.000000,0.000000,0,0,4.05400,1448.135,12.846,7.000,7.000,9.000,11.000,14.000,0.000,0.000,0,0,1.1015,66,132,66,67,62
24,falling,6,102.0,,195.000,103.452,0.00000,1.84955,1.84955,0.000000,0.000000,0,0,4.05400,1448.135,12.846,7.000,7.000,9.000,11.000,14.000,0.000,0.000,0,0,1.1015,66,132,66,67,62
24,falling,7,118.0,,195.000,105.599,0.00000,2.10458,2.10458,0.000000,0.000000,0,0,4.05400,1448.135,12.846,7.000,7.000,9.000,11.000,14.000,0.000,0.000,0,0,1.1015,66,132,66,67,62
24,falling,8,135.0,,195.000,108.001,0.00000,2.35571,2.35571,0.000000,0.000000,0,0,4.05400,1448.135,12.846,7.000,7.000,9.000,11.000,14.000,0.000,0.000,0,0,1.1015,66,132,66,67,62
24,falling,9,152.0,,195.000,110.486,0.00000,2.58846,2.58846,0.000000,0.000000,0,0,4.05400,1448.135,12.846,7.000,7.000,9.000,11.000,14.000,0.000,0.000,0,0,1.1015,66,132,66,67,62
24,falling,10,168.0,,195.000,113.375,0.00000,2.83219,2.83219,0.000000,0.000000,0,0,4.05400,1448.135,12.846,7.000,7.000,9.000,11.000,14.000,0.000,0.000,0,0,1.1015,66,132,66,67,62
24,falling,11,185.0,,195.000,116.509,0.00000,3.07219,3.07219,0.000000,0.000000,0,0,4.05400,1448.135,12.846,7.000,7.000,9.000,11.000,14.000,0.000,0.000,0,0,1.1015,66,132,66,67,62
24,falling,12,202.0,,195.000,119.672,0.00000,3.29462,3.29462,0.000000,0.000000,0,0,4.05400,1448.135,12.846,7.000,7.000,9.000,11.000,14.000,0.000,0.000,0,0,1.1015,66,132,66,67,62
24,falling,13,218.0,,195.000,123.270,0.00000,3.52754,3.52754,0.000000,0.000000,0,0,4.05400,1448.135,12.846,7.000,7.000,9.000,11.000,14.000,0.000,0.000,0,0,1.1015,66,132,66,67,62
24,falling,14,235.0,,195.000,127.102,0.00000,3.75690,3.75690,0.000000,0.000000,0,0,4.05400,1448.135,12.846,7.000,7.000,9.000,11.000,14.000,0.000,0.000,0,0,1.1015,66,132,66,67,62
24,falling,15,252.0,,195.000,130.913,0.00000,3.96947,3.96947,0.000000,0.000000,0,0,4.05400,1448.135,12.846,7.000,7.000,9.000,11.000,14.000,0.000,0.000,0,0,1.1015,66,132,66,67,62
24,falling,16,268.0,,195.000,135.188,0.00000,4.19207,4.19207,0.000000,0.000000,0,0,4.05400,1448.135,12.846,7.000,7.000,9.000,11.000,14.000,0.000,0.000,0,0,1.1015,66,132,66,67,62
24,falling,17,285.0,,195.000,139.688,0.00000,4.41127,4.41127,0.000000,0.000000,0,0,4.05400,1448.135,12.846,7.000,7.000,9.000,11.000,14.000,0.000,0.000,0,0,1.1015,66,132,66,67,62
24,falling,18,302.0,,195.000,144.118,0.00000,4.61441,4.61441,0.000000,0.000000,0,0,4.05400,1448.135,12.846,7.000,7.000,9.000,11.000,14.000,0.000,0.000,0,0,1.1015,66,132,66,67,62
24,falling,19,318.0,,195.000,149.041,0.00000,4.82714,4.82714,0.000000,0.000000,0,0,4.05400,1448.135,12.846,7.000,7.000,9.000,11.000,14.000,0.000,0.000,0,0,1.1015,66,132,66,67,62
24,falling,20,335.0,,195.000,154.179,0.00000,5.03662,5.03662,0.000000,0.000000,0,0,4.05400,1448.135,12.846,7.000,7.000,9.000,11.000,14.000,0.000,0.000,0,0,1.1015,66,132,66,67,62
24,falling,21,352.0,,195.000,159.200,0.00000,5.23076,5.23076,0.000000,0.000000,0,0,4.05400,1448.135,12.846,7.000,7.000,9.000,11.000,14.000,0.000,0.000,0,0,1.1015,66,132,66,67,62
24,falling,22,368.0,,195.000,164.743,0.00000,5.43406,5.43406,0.000000,0.000000,0,0,4.05400,1448.135,12.846,7.000,7.000,9.000,11.000,14.000,0.000,0.000,0,0,1.1015,66,132,66,67,62
24,falling,23,385.0,,195.000,170.490,0.00000,5.63426,5.63426,0.000000,0.000000,0,0,4.05400,1448.135,12.846,7.000,7.000,9.000,11.000,14.000,0.000,0.000,0,0,1.1015,66,132,66,67,62
24,falling,24,402.0,,195.000,176.077,0.00000,5.81979,5.81979,0.000000,0.000000,0,0,4.05400,1448.135,12.846,7.000,7.000,9.000,11.000,14.000,0.000,0.000,0,0,1.1015,66,132,66,67,62
24,falling,25,418.0,,195.000,182.211,0.00000,6.01408,6.01408,0.000000,0.000000,0,0,4.05400,1448.135,12.846,7.000,7.000,9.000,11.000,14.000,0.000,0.000,0,0,1.1015,66,132,66,67,62
24,falling,26,435.0,,195.000,188.541,0.00000,6.20540,6.20540,0.000000,0.000000,0,0,4.05400,1448.135,12.846,7.000,7.000,9.000,11.000,14.000,0.000,0.000,0,0,1.1015,66,132,66,67,62
24,falling,27,452.0,,195.000,194.668,0.00000,6.38271,6.38271,0.000000,0.000000,0,0,4.05400,1448.135,12.846,7.000,7.000,9.000,11.000,14.000,0.000,0.000,0,0,1.1015,66,132,66,67,62
24,falling,28,468.0,,195.000,201.368,0.00000,6.56838,6.56838,0.000000,0.000000,0,0,4.05400,1448.135,12.846,7.000,7.000,9.000,11.000,14.000,0.000,0.000,0,0,1.1015,66,132,66,67,62
24,falling,29,485.0,,195.000,208.254,0.00000,6.75122,6.75122,0.000000,0.000000,0,0,4.05400,1448.135,12.846,7.000,7.000,9.000,11.000,14.000,0.000,0.000,0,0,1.1015,66,132,66,67,62
24,falling,30,502.0,,195.000,214.898,0.00000,6.92067,6.92067,0.000000,0.000000,0,0,4.05400,1448.135,12.846,7.000,7.000,9.000,11.000,14.000,0.000,0.000,0,0,1.1015,66,132,66,67,62
24,falling,31,518.0,,195.000,222.138,0.00000,7.09812,7.09812,0.000000,0.000000,0,0,4.05400,1448.135,12.846,7.000,7.000,9.000,11.000,14.000,0.000,0.000,0,0,1.1015,66,132,66,67,62
24,falling,32,535.0,,195.000,229.556,0.00000,7.27285,7.27285,0.000000,0.000000,0,0,4.05400,1448.135,12.846,7.000,7.000,9.000,11.000,14.000,0.000,0.000,0,0,1.1015,66,132,66,67,62
24,falling,33,552.0,,195.000,236.694,0.00000,7.43479,7.43479,0.000000,0.000000,0,0,4.05400,1448.135,12.846,7.000,7.000,9.000,11.000,14.000,0.000,0.000,0,0,1.1015,66,132,66,67,62
24,falling,34,568.0,,195.000,244.450,0.00000,7.60437,7.60437,0.000000,0.000000,0,0,4.05400,1448.135,12.846,7.000,7.000,9.000,11.000,14.000,0.000,0.000,0,0,1.1015,66,132,66,67,62
24,falling,35,585.0,,195.000,252.377,0.00000,7.77135,7.77135,0.000000,0.000000,0,0,4.05400,1448.135,12.846,7.000,7.000,9.000,11.000,14.000,0.000,0.000,0,0,1.1015,66,132,66,67,62
24,falling,36,602.0,,195.000,259.986,0.00000,7.92611,7.92611,0.000000,0.000000,0,0,4.05400,1448.135,12.846,7.000,7.000,9.000,11.000,14.000,0.000,0.000,0,0,1.1015,66,132,66,67,62
24,falling,37,618.0,,195.000,268.236,0.00000,8.08818,8.08818,0.000000,0.000000,0,0,4.05400,1448.135,12.846,7.000,7.000,9.000,11.000,14.000,0.000,0.000,0,0,1.1015,66,132,66,67,62
24,falling,38,635.0,,195.000,276.649,0.00000,8.24776,8.24776,0.000000,0.000000,0,0,4.05400,1448.135,12.846,7.000,7.000,9.000,11.000,14.000,0.000,0.000,0,0,1.1015,66,132,66,67,62
24,falling,39,652.0,,195.000,284.709,0.00000,8.39566,8.39566,0.000000,0.000000,0,0,4.05400,1448.135,12.846,7.000,7.000,9.000,11.000,14.000,0.000,0.000,0,0,1.1015,66,132,66,67,62
24,falling,40,668.0,,195.000,293.430,0.00000,8.55054,8.55054,0.000000,0.000000,0,0,4.05400,1448.135,12.846,7.000,7.000,9.000,11.000,14.000,0.000,0.000,0,0,1.1015,66,132,66,67,62
24,falling,41,685.0,,195.000,302.307,0.00000,8.70305,8.70305,0.000000,0.000000,0,0,4.05400,1448.135,12.846,7.000,7.000,9.000,11.000,14.000,0.000,0.000,0,0,1.1015,66,132,66,67,62
24,falling,42,702.0,,195.000,310.798,0.00000,8.84439,8.84439,0.000000,0.000000,0,0,4.05400,1448.135,12.846,7.000,7.000,9.000,11.000,14.000,0.000,0.000,0,0,1.1015,66,132,66,67,62
24,falling,43,718.0,,195.000,319.970,0.00000,8.99241,8.99241,0.000000,0.000000,0,0,4.05400,1448.135,12.846,7.000,7.000,9.000,11.000,14.000,0.000,0.000,0,0,1.1015,66,132,66,67,62
24,falling,44,735.0,,195.000,329.291,0.00000,9.13816,9.13816,0.000000,0.000000,0,0,4.05400,1448.135,12.846,7.000,7.000,9.000,11.000,14.000,0.000,0.000,0,0,1.1015,66,132,66,67,62
24,falling,45,753.0,,195.000,338.193,0.00000,9.27323,9.27323,0.000000,0.000000,0,0,4.05400,1448.135,12.846,7.000,7.000,9.000,11.000,14.000,0.000,0.000,0,0,1.1015,66,132,66,67,62
24,falling,46,768.0,,195.000,347.796,0.00000,9.41469,9.41469,0.000000,0.000000,0,0,4.05400,1448.135,12.846,7.000,7.000,9.000,11.000,14.000,0.000,0.000,0,0,1.1015,66,132,66,67,62
24,falling,47,785.0,,195.000,357.541,0.00000,9.55398,9.55398,0.000000,0.000000,0,0,4.05400,1448.135,12.846,7.000,7.000,9.000,11.000,14.000,0.000,0.000,0,0,1.1015,66,132,66,67,62
24,falling,48,802.0,,195.000,366.837,0.00000,9.68307,9.68307,0.000000,0.000000,0,0,4.05400,1448.135,12.846,7.000,7.000,9.000,11.000,14.000,0.000,0.000,0,0,1.1015,66,132,66,67,62
24,falling,49,818.0,,195.000,376.852,0.00000,9.81825,9.81825,0.000000,0.000000,0,0,4.05400,1448.135,12.846,7.000,7.000,9.000,11.000,14.000,0.000,0.000,0,0,1.1015,66,132,66,67,62
24,falling,50,835.0,,195.000,387.002,0.00000,9.95136,9.95136,0.000000,0.000000,0,0,4.05400,1448.135,12.846,7.000,7.000,9.000,11.000,14.000,0.000,0.000,0,0,1.1015,66,132,66,67,62
24,falling,51,852.0,,195.000,396.674,0.00000,10.07473,10.07473,0.000000,0.000000,0,0,4.05400,1448.135,12.846,7.000,7.000,9.000,11.000,14.000,0.000,0.000,0,0,1.1015,66,132,66,67,62
24,falling,52,868.0,,195.000,407.082,0.00000,10.20392,10.20392,0.000000,0.000000,0,0,4.05400,1448.135,12.846,7.000,7.000,9.000,11.000,14.000,0.000,0.000,0,0,1.1015,66,132,66,67,62
24,falling,53,885.0,,195.000,417.620,0.00000,10.33113,10.33113,0.000000,0.000000,0,0,4.05400,1448.135,12.846,7.000,7.000,9.000,11.000,14.000,0.000,0.000,0,0,1.1015,66,132,66,67,62
24,falling,54,902.0,,195.000,427.651,0.00000,10.44903,10.44903,0.000000,0.000000,0,0,4.05400,1448.135,12.846,7.000,7.000,9.000,11.000,14.000,0.000,0.000,0,0,1.1015,66,132,66,67,62
24,falling,55,918.0,,195.000,438.435,0.00000,10.57249,10.57249,0.000000,0.000000,0,0,4.05400,1448.135,12.846,7.000,7.000,9.000,11.000,14.000,0.000,0.000,0,0,1.1015,66,132,66,67,62
24,falling,56,935.0,,195.000,449.343,0.00000,10.69407,10.69407,0.000000,0.000000,0,0,4.05400,1448.135,12.846,7.000,7.000,9.000,11.000,14.000,0.000,0.000,0,0,1.1015,66,132,66,67,62
24,falling,57,952.0,,195.000,459.717,0.00000,10.80674,10.80674,0.000000,0.000000,0,0,4.05400,1448.135,12.846,7.000,7.000,9.000,11.000,14.000,0.000,0.000,0,0,1.1015,66,132,66,67,62
24,falling,58,968.0,,195.000,470.860,0.00000,10.92473,10.92473,0.000000,0.000000,0,0,4.05400,1448.135,12.846,7.000,7.000,9.000,11.000,14.000,0.000,0.000,0,0,1.1015,66,132,66,67,62
24,falling,59,985.0,,195.000,482.122,0.00000,11.04092,11.04092,0.000000,0.000000,0,0,4.05400,1448.135,12.846,7.000,7.000,9.000,11.000,14.000,0.000,0.000,0,0,1.1015,66,132,66,67,62
24,post_landing,60,1002.0,60,195.000,489.359,-2.08627,0.18170,2.09417,-0.060048,0.000000,0,1,4.05400,1448.135,12.846,7.000,7.000,9.000,11.000,14.000,0.000,0.000,0,10,1.1015,66,132,66,67,62
24,post_landing,61,1018.0,60,192.905,488.579,-2.44419,0.17566,2.45050,-0.004810,-0.060312,0,1,4.05400,1448.135,12.846,7.000,5.989,8.046,11.040,31.305,0.000,0.000,0,5,1.1015,66,132,66,67,62
24,post_landing,62,1035.0,60,190.450,488.027,-1.65340,0.17340,1.66247,-0.027539,-0.065143,0,1,4.05400,1448.135,12.846,7.000,5.987,8.048,11.042,31.325,0.000,0.000,0,3,1.1015,66,132,66,67,62
24,post_landing,63,1052.0,60,188.885,488.045,-1.37971,0.14628,1.38744,-0.018630,-0.091200,0,1,4.05400,1448.135,12.846,7.000,5.975,8.058,11.045,35.492,0.000,0.000,0,2,1.1015,66,132,66,67,62
24,post_landing,64,1068.0,60,187.499,488.126,-0.98940,0.11498,0.99606,-0.021730,-0.109912,0,1,4.05400,1448.135,12.846,7.000,5.964,8.061,11.043,38.648,0.000,0.000,0,1,1.1015,66,132,66,67,62
24,post_landing,65,1085.0,60,186.506,488.451,-0.76595,0.07156,0.76929,-0.018764,-0.131738,0,1,4.05400,1448.135,12.846,7.000,5.948,8.062,10.176,40.836,0.000,0.000,0,1,1.1015,66,132,66,67,62
24,post_landing,66,1102.0,60,185.781,488.718,-0.60438,0.11526,0.61527,-0.028761,-0.149492,0,1,4.05400,1448.135,12.846,7.000,5.933,7.220,10.186,40.894,0.000,0.000,0,1,1.1015,66,132,66,67,62
24,post_landing,67,1118.0,60,185.174,489.123,-0.59513,0.39683,0.71530,-0.028320,-0.178378,0,0,4.05400,1448.135,12.846,7.000,3.937,7.244,10.196,42.124,0.000,0.000,0,0,1.1015,66,132,66,67,62
24,post_landing,68,1135.0,60,184.576,489.670,-0.56028,0.18031,0.58858,-0.015420,-0.206823,0,1,4.05400,1448.135,12.846,7.000,3.915,7.262,10.198,43.569,0.000,0.000,0,1,1.1015,66,132,66,67,62
24,post_landing,69,1152.0,60,184.046,489.927,-0.47740,0.06405,0.48168,-0.013788,-0.221413,0,1,4.05400,1448.135,12.846,7.000,3.902,7.268,30.805,43.610,0.000,0.000,0,1,1.1015,66,132,66,67,62
24,post_landing,70,1168.0,60,183.567,490.174,-0.37837,0.04140,0.38063,-0.013254,-0.235262,0,1,4.05400,1448.135,12.846,7.000,3.890,7.273,38.079,43.873,0.000,0.000,0,1,1.1015,66,132,66,67,62
24,post_landing,71,1185.0,60,183.187,490.419,-0.30823,0.03224,0.30991,-0.012343,-0.248574,0,1,4.05400,1448.135,12.846,7.000,3.877,7.277,38.077,43.907,0.000,0.000,0,1,1.1015,66,132,66,67,62
24,post_landing,72,1202.0,60,182.895,490.635,-0.26139,0.03163,0.26330,-0.010842,-0.260253,0,1,4.05400,1448.135,12.846,7.000,1.933,7.279,40.260,43.931,0.000,0.000,0,1,1.1015,66,132,66,67,62
24,post_landing,73,1218.0,60,182.632,490.849,-0.21870,0.02221,0.21982,-0.011189,-0.271143,0,1,4.05400,1448.135,12.846,7.000,1.927,7.280,40.789,43.947,0.000,0.000,0,1,1.1015,66,132,66,67,62
24,post_landing,74,1235.0,60,182.413,491.068,-0.19065,0.04318,0.19548,-0.020158,-0.282381,0,1,4.05400,1448.135,12.846,7.000,1.921,7.280,40.799,43.959,0.000,0.000,0,1,1.1015,66,132,66,67,62
24,post_landing,75,1252.0,60,182.232,491.364,-0.18791,0.30922,0.36184,-0.019868,-0.301455,0,0,4.05400,1448.135,12.846,7.000,1.910,36.688,40.804,44.560,0.000,0.000,0,0,1.1015,66,132,66,67,62
24,post_landing,76,1268.0,60,182.044,491.860,-0.19647,0.15152,0.24811,-0.012029,-0.321410,0,1,4.05400,1448.135,12.846,7.000,1.898,38.896,42.374,44.904,0.000,0.000,0,1,1.1015,66,132,66,67,62
24,post_landing,77,1285.0,60,181.846,492.119,-0.21620,0.06431,0.22556,-0.010294,-0.333492,0,1,4.05400,1448.135,12.846,7.000,32.893,40.162,42.379,44.924,0.000,0.000,0,1,1.1015,66,132,66,67,62
24,post_landing,78,1302.0,60,181.642,492.320,-0.17753,0.05298,0.18527,-0.009894,-0.343232,0,1,4.05400,1448.135,12.846,7.000,35.114,38.275,42.715,45.271,0.000,0.000,0,1,1.1015,66,132,66,67,62
24,post_landing,79,1319.0,60,181.463,492.538,-0.17586,0.05442,0.18409,-0.008601,-0.353170,0,1,4.05400,1448.135,12.846,7.000,35.114,38.274,42.719,45.288,0.000,0.000,0,1,1.1015,66,132,66,67,62
24,post_landing,80,1335.0,60,181.287,492.783,-0.10748,-0.02164,0.10964,-0.001535,-0.361809,0,1,4.05400,1448.135,12.846,7.000,36.400,38.271,42.720,45.652,0.000,0.000,0,3,1.1015,66,132,66,67,62
24,post_landing,81,1352.0,60,181.185,492.834,-0.02891,0.00000,0.02891,0.000000,-0.363261,0,1,4.05400,1448.135,12.846,7.000,36.400,38.270,42.720,45.655,0.000,0.000,0,4,1.1015,66,132,66,67,62
24,post_landing,82,1368.0,60,181.156,492.843,-0.02359,0.00000,0.02359,0.000000,-0.363261,0,1,4.05400,1448.135,12.846,7.000,36.400,38.270,42.720,45.655,0.000,0.000,0,4,1.1015,66,132,66,67,62
24,post_landing,83,1385.0,60,181.132,492.843,-0.00670,0.00000,0.00670,0.000000,-0.363261,0,1,4.05400,1448.135,12.846,7.000,36.400,38.270,42.720,45.655,0.000,0.000,0,4,1.1015,66,132,66,67,62
24,post_landing,84,1402.0,60,181.126,492.839,0.01964,0.00000,0.01964,0.000000,-0.363261,0,1,4.05400,1448.135,12.846,7.000,36.400,38.270,42.720,45.655,0.000,0.000,0,4,1.1015,66,132,66,67,62
24,post_landing,85,1418.0,60,181.146,492.843,-0.02257,0.00000,0.02257,0.000000,-0.363261,0,1,4.05400,1448.135,12.846,7.000,36.400,38.270,42.720,45.655,0.000,0.000,0,4,1.1015,66,132,66,67,62
24,post_landing,86,1435.0,60,181.123,492.843,-0.00056,0.00000,0.00056,0.000000,-0.363261,0,1,4.05400,1448.135,12.846,7.000,36.400,38.270,42.720,45.655,0.000,0.000,0,4,1.1015,66,132,66,67,62
24,post_landing,87,1452.0,60,181.122,492.839,0.03659,0.00000,0.03659,0.000000,-0.363261,0,1,4.05400,1448.135,12.846,7.000,36.400,38.270,42.720,45.655,0.000,0.000,0,4,1.1015,66,132,66,67,62
24,post_landing,88,1469.0,60,181.159,492.843,-0.02571,0.00000,0.02571,0.000000,-0.363261,0,1,4.05400,1448.135,12.846,7.000,36.400,38.270,42.720,45.655,0.000,0.000,0,4,1.1015,66,132,66,67,62
24,post_landing,89,1485.0,60,181.133,492.843,-0.01330,0.00000,0.01330,0.000000,-0.363261,0,1,4.05400,1448.135,12.846,7.000,36.400,38.270,42.720,45.655,0.000,0.000,0,4,1.1015,66,132,66,67,62
24,post_landing,90,1502.0,60,181.121,492.839,0.04375,0.00000,0.04375,0.000000,-0.363261,0,1,4.05400,1448.135,12.846,7.000,36.400,38.270,42.720,45.655,0.000,0.000,0,4,1.1015,66,132,66,67,62
24,post_landing,91,1519.0,60,181.165,492.843,-0.02254,0.00000,0.02254,0.000000,-0.363261,0,1,4.05400,1448.135,12.846,7.000,36.400,38.270,42.720,45.655,0.000,0.000,0,4,1.1015,66,132,66,67,62
24,post_landing,92,1535.0,60,181.142,492.843,-0.02088,0.00000,0.02088,0.000000,-0.363261,0,1,4.05400,1448.135,12.846,7.000,36.400,38.270,42.720,45.655,0.000,0.000,0,4,1.1015,66,132,66,67,62
24,post_landing,93,1552.0,60,181.122,492.839,0.04477,0.00000,0.04477,0.000000,-0.363261,0,1,4.05400,1448.135,12.846,7.000,36.400,38.270,42.720,45.655,0.000,0.000,0,4,1.1015,66,132,66,67,62
24,post_landing,94,1568.0,60,181.167,492.843,-0.01836,0.00000,0.01836,0.000000,-0.363261,0,1,4.05400,1448.135,12.846,7.000,36.400,38.270,42.720,45.655,0.000,0.000,0,4,1.1015,66,132,66,67,62
24,post_landing,95,1585.0,60,181.149,492.843,-0.02418,0.00000,0.02418,0.000000,-0.363261,0,1,4.05400,1448.135,12.846,7.000,36.400,38.270,42.720,45.655,0.000,0.000,0,4,1.1015,66,132,66,67,62
24,post_landing,96,1602.0,60,181.126,492.839,0.04341,0.00000,0.04341,0.000000,-0.363261,0,1,4.05400,1448.135,12.846,7.000,36.400,38.270,42.720,45.655,0.000,0.000,0,4,1.1015,66,132,66,67,62
24,post_landing,97,1618.0,60,181.170,492.843,-0.01549,0.00000,0.01549,0.000000,-0.363261,0,1,4.05400,1448.135,12.846,7.000,36.400,38.270,42.720,45.655,0.000,0.000,0,4,1.1015,66,132,66,67,62
24,post_landing,98,1635.0,60,181.154,492.843,-0.02489,0.00000,0.02489,0.000000,-0.363261,0,1,4.05400,1448.135,12.846,7.000,36.400,38.270,42.720,45.655,0.000,0.000,0,4,1.1015,66,132,66,67,62
24,post_landing,99,1652.0,60,181.131,492.839,0.04173,0.00000,0.04173,0.000000,-0.363261,0,1,4.05400,1448.135,12.846,7.000,36.400,38.270,42.720,45.655,0.000,0.000,0,4,1.1015,66,132,66,67,62
24,post_landing,100,1668.0,60,181.172,492.843,-0.01416,0.00000,0.01416,0.000000,-0.363261,0,1,4.05400,1448.135,12.846,7.000,36.400,38.270,42.720,45.655,0.000,0.000,0,4,1.1015,66,132,66,67,62
24,post_landing,101,1685.0,60,181.158,492.843,-0.02444,0.00000,0.02444,0.000000,-0.363261,0,1,4.05400,1448.135,12.846,7.000,36.400,38.270,42.720,45.655,0.000,0.000,0,4,1.1015,66,132,66,67,62
24,post_landing,102,1702.0,60,181.135,492.839,0.04051,0.00000,0.04051,0.000000,-0.363261,0,1,4.05400,1448.135,12.846,7.000,36.400,38.270,42.720,45.655,0.000,0.000,0,4,1.1015,66,132,66,67,62
24,post_landing,103,1718.0,60,181.176,492.843,-0.01386,0.00000,0.01386,0.000000,-0.363261,0,1,4.05400,1448.135,12.846,7.000,36.400,38.270,42.720,45.655,0.000,0.000,0,4,1.1015,66,132,66,67,62
24,post_landing,104,1735.0,60,181.162,492.843,-0.02380,0.00000,0.02380,0.000000,-0.363261,0,1,4.05400,1448.135,12.846,7.000,36.400,38.270,42.720,45.655,0.000,0.000,0,4,1.1015,66,132,66,67,62
24,post_landing,105,1752.0,60,181.139,492.839,0.03993,0.00000,0.03993,0.000000,-0.363261,0,1,4.05400,1448.135,12.846,7.000,36.400,38.270,42.720,45.655,0.000,0.000,0,4,1.1015,66,132,66,67,62
24,post_landing,106,1769.0,60,181.179,492.843,-0.01402,0.00000,0.01402,0.000000,-0.363261,0,1,4.05400,1448.135,12.846,7.000,36.400,38.270,42.720,45.655,0.000,0.000,0,4,1.1015,66,132,66,67,62
24,post_landing,107,1785.0,60,181.165,492.843,-0.02335,0.00000,0.02335,0.000000,-0.363261,0,1,4.05400,1448.135,12.846,7.000,36.400,38.270,42.720,45.655,0.000,0.000,0,4,1.1015,66,132,66,67,62
24,post_landing,108,1802.0,60,181.143,492.839,0.03980,0.00000,0.03980,0.000000,-0.363261,0,1,4.05400,1448.135,12.846,7.000,36.400,38.270,42.720,45.655,0.000,0.000,0,4,1.1015,66,132,66,67,62
24,post_landing,109,1819.0,60,181.183,492.843,-0.01427,0.00000,0.01427,0.000000,-0.363261,0,1,4.05400,1448.135,12.846,7.000,36.400,38.270,42.720,45.655,0.000,0.000,0,4,1.1015,66,132,66,67,62
24,post_landing,110,1835.0,60,181.169,492.843,-0.02315,0.00000,0.02315,0.000000,-0.363261,0,1,4.05400,1448.135,12.846,7.000,36.400,38.270,42.720,45.655,0.000,0.000,0,4,1.1015,66,132,66,67,62
24,post_landing,111,1852.0,60,181.147,492.839,0.03986,0.00000,0.03986,0.000000,-0.363261,0,1,4.05400,1448.135,12.846,7.000,36.400,38.270,42.720,45.655,0.000,0.000,0,4,1.1015,66,132,66,67,62
24,post_landing,112,1868.0,60,181.187,492.843,-0.01444,0.00000,0.01444,0.000000,-0.363261,0,1,4.05400,1448.135,12.846,7.000,36.400,38.270,42.720,45.655,0.000,0.000,0,4,1.1015,66,132,66,67,62
24,post_landing,113,1885.0,60,181.173,492.843,-0.02311,0.00000,0.02311,0.000000,-0.363261,0,1,4.05400,1448.135,12.846,7.000,36.400,38.270,42.720,45.655,0.000,0.000,0,4,1.1015,66,132,66,67,62
24,post_landing,114,1902.0,60,181.151,492.839,0.03997,0.00000,0.03997,0.000000,-0.363261,0,1,4.05400,1448.135,12.846,7.000,36.400,38.270,42.720,45.655,0.000,0.000,0,4,1.1015,66,132,66,67,62
24,post_landing,115,1918.0,60,181.191,492.843,-0.01452,0.00000,0.01452,0.000000,-0.363261,0,1,4.05400,1448.135,12.846,7.000,36.400,38.270,42.720,45.655,0.000,0.000,0,4,1.1015,66,132,66,67,62
24,post_landing,116,1935.0,60,181.176,492.843,-0.02314,0.00000,0.02314,0.000000,-0.363261,0,1,4.05400,1448.135,12.846,7.000,36.400,38.270,42.720,45.655,0.000,0.000,0,4,1.1015,66,132,66,67,62
24,post_landing,117,1952.0,60,181.154,492.839,0.04004,0.00000,0.04004,0.000000,-0.363261,0,1,4.05400,1448.135,12.846,7.000,36.400,38.270,42.720,45.655,0.000,0.000,0,4,1.1015,66,132,66,67,62
24,post_landing,118,1968.0,60,181.195,492.843,-0.01454,0.00000,0.01454,0.000000,-0.363261,0,1,4.05400,1448.135,12.846,7.000,36.400,38.270,42.720,45.655,0.000,0.000,0,4,1.1015,66,132,66,67,62
24,post_landing,119,1985.0,60,181.180,492.843,-0.02318,0.00000,0.02318,0.000000,-0.363261,0,1,4.05400,1448.135,12.846,7.000,36.400,38.270,42.720,45.655,0.000,0.000,0,4,1.1015,66,132,66,67,62
25,falling,0,16.0,,195.000,97.029,0.00000,0.55000,0.55000,0.000000,0.000000,0,0,2.95800,422.016,3.375,16.000,16.000,16.000,16.000,17.000,0.000,0.000,0,0,1.8319,85,170,85,88,80
25,falling,1,24.0,,195.000,97.355,0.00000,0.67937,0.67937,0.000000,0.000000,0,0,2.95800,422.016,3.375,16.000,16.000,16.000,16.000,17.000,0.000,0.000,0,0,1.8319,85,170,85,88,80
25,falling,2,40.0,,195.000,98.254,0.00000,0.93626,0.93626,0.000000,0.000000,0,0,2.95800,422.016,3.375,16.000,16.000,16.000,16.000,17.000,0.000,0.000,0,0,1.8319,85,170,85,88,80
25,falling,3,57.0,,195.000,99.483,0.00000,1.20527,1.20527,0.000000,0.000000,0,0,2.95800,422.016,3.375,16.000,16.000,16.000,16.000,17.000,0.000,0.000,0,0,1.8319,85,170,85,88,80
25,falling,4,74.0,,195.000,100.983,0.00000,1.47016,1.47016,0.000000,0.000000,0,0,2.95800,422.016,3.375,16.000,16.000,16.000,16.000,17.000,0.000,0.000,0,0,1.8319,85,170,85,88,80
25,falling,5,91.0,,195.000,102.630,0.00000,1.71565,1.71565,0.000000,0.000000,0,0,2.95800,422.016,3.375,16.000,16.000,16.000,16.000,17.000,0.000,0.000,0,0,1.8319,85,170,85,88,80
25,falling,6,107.0,,195.000,104.642,0.00000,1.97274,1.97274,0.000000,0.000000,0,0,2.95800,422.016,3.375,16.000,16.000,16.000,16.000,17.000,0.000,0.000,0,0,1.8319,85,170,85,88,80
25,falling,7,124.0,,195.000,106.912,0.00000,2.22589,2.22589,0.000000,0.000000,0,0,2.95800,422.016,3.375,16.000,16.000,16.000,16.000,17.000,0.000,0.000,0,0,1.8319,85,170,85,88,80
25,falling,8,141.0,,195.000,109.275,0.00000,2.46050,2.46050,0.000000,0.000000,0,0,2.95800,422.016,3.375,16.000,16.000,16.000,16.000,17.000,0.000,0.000,0,0,1.8319,85,170,85,88,80
25,falling,9,157.0,,195.000,112.035,0.00000,2.70619,2.70619,0.000000,0.000000,0,0,2.95800,422.016,3.375,16.000,16.000,16.000,16.000,17.000,0.000,0.000,0,0,1.8319,85,170,85,88,80
25,falling,10,174.0,,195.000,115.042,0.00000,2.94812,2.94812,0.000000,0.000000,0,0,2.95800,422.016,3.375,16.000,16.000,16.000,16.000,17.000,0.000,0.000,0,0,1.8319,85,170,85,88,80
25,falling,11,191.0,,195.000,118.087,0.00000,3.17233,3.17233,0.000000,0.000000,0,0,2.95800,422.016,3.375,16.000,16.000,16.000,16.000,17.000,0.000,0.000,0,0,1.8319,85,170,85,88,80
25,falling,12,207.0,,195.000,121.563,0.00000,3.40713,3.40713,0.000000,0.000000,0,0,2.95800,422.016,3.375,16.000,16.000,16.000,16.000,17.000,0.000,0.000,0,0,1.8319,85,170,85,88,80
25,falling,13,224.0,,195.000,125.274,0.00000,3.63833,3.63833,0.000000,0.000000,0,0,2.95800,422.016,3.375,16.000,16.000,16.000,16.000,17.000,0.000,0.000,0,0,1.8319,85,170,85,88,80
25,falling,14,241.0,,195.000,128.972,0.00000,3.85261,3.85261,0.000000,0.000000,0,0,2.95800,422.016,3.375,16.000,16.000,16.000,16.000,17.000,0.000,0.000,0,0,1.8319,85,170,85,88,80
25,falling,15,257.0,,195.000,133.131,0.00000,4.07700,4.07700,0.000000,0.000000,0,0,2.95800,422.016,3.375,16.000,16.000,16.000,16.000,17.000,0.000,0.000,0,0,1.8319,85,170,85,88,80
25,falling,16,274.0,,195.000,137.515,0.00000,4.29795,4.29795,0.000000,0.000000,0,0,2.95800,422.016,3.375,16.000,16.000,16.000,16.000,17.000,0.000,0.000,0,0,1.8319,85,170,85,88,80
25,falling,17,291.0,,195.000,141.837,0.00000,4.50273,4.50273,0.000000,0.000000,0,0,2.95800,422.016,3.375,16.000,16.000,16.000,16.000,17.000,0.000,0.000,0,0,1.8319,85,170,85,88,80
25,falling,18,308.0,,195.000,146.649,0.00000,4.71717,4.71717,0.000000,0.000000,0,0,2.95800,422.016,3.375,16.000,16.000,16.000,16.000,17.000,0.000,0.000,0,0,1.8319,85,170,85,88,80
25,falling,19,324.0,,195.000,151.676,0.00000,4.92833,4.92833,0.000000,0.000000,0,0,2.95800,422.016,3.375,16.000,16.000,16.000,16.000,17.000,0.000,0.000,0,0,1.8319,85,170,85,88,80
25,falling,20,341.0,,195.000,156.595,0.00000,5.12403,5.12403,0.000000,0.000000,0,0,2.95800,422.016,3.375,16.000,16.000,16.000,16.000,17.000,0.000,0.000,0,0,1.8319,85,170,85,88,80
25,falling,21,357.0,,195.000,162.030,0.00000,5.32896,5.32896,0.000000,0.000000,0,0,2.95800,422.016,3.375,16.000,16.000,16.000,16.000,17.000,0.000,0.000,0,0,1.8319,85,170,85,88,80
25,falling,22,374.0,,195.000,167.672,0.00000,5.53077,5.53077,0.000000,0.000000,0,0,2.95800,422.016,3.375,16.000,16.000,16.000,16.000,17.000,0.000,0.000,0,0,1.8319,85,170,85,88,80
25,falling,23,391.0,,195.000,173.161,0.00000,5.71779,5.71779,0.000000,0.000000,0,0,2.95800,422.016,3.375,16.000,16.000,16.000,16.000,17.000,0.000,0.000,0,0,1.8319,85,170,85,88,80
25,falling,24,407.0,,195.000,179.193,0.00000,5.91364,5.91364,0.000000,0.000000,0,0,2.95800,422.016,3.375,16.000,16.000,16.000,16.000,17.000,0.000,0.000,0,0,1.8319,85,170,85,88,80
25,falling,25,424.0,,195.000,185.421,0.00000,6.10649,6.10649,0.000000,0.000000,0,0,2.95800,422.016,3.375,16.000,16.000,16.000,16.000,17.000,0.000,0.000,0,0,1.8319,85,170,85,88,80
25,falling,26,441.0,,195.000,191.455,0.00000,6.28523,6.28523,0.000000,0.000000,0,0,2.95800,422.016,3.375,16.000,16.000,16.000,16.000,17.000,0.000,0.000,0,0,1.8319,85,170,85,88,80
25,falling,27,457.0,,195.000,198.057,0.00000,6.47240,6.47240,0.000000,0.000000,0,0,2.95800,422.016,3.375,16.000,16.000,16.000,16.000,17.000,0.000,0.000,0,0,1.8319,85,170,85,88,80
25,falling,28,474.0,,195.000,204.847,0.00000,6.65670,6.65670,0.000000,0.000000,0,0,2.95800,422.016,3.375,16.000,16.000,16.000,16.000,17.000,0.000,0.000,0,0,1.8319,85,170,85,88,80
25,falling,29,491.0,,195.000,211.401,0.00000,6.82751,6.82751,0.000000,0.000000,0,0,2.95800,422.016,3.375,16.000,16.000,16.000,16.000,17.000,0.000,0.000,0,0,1.8319,85,170,85,88,80
25,falling,30,508.0,,195.000,218.548,0.00000,7.00639,7.00639,0.000000,0.000000,0,0,2.95800,422.016,3.375,16.000,16.000,16.000,16.000,17.000,0.000,0.000,0,0,1.8319,85,170,85,88,80
25,falling,31,524.0,,195.000,225.874,0.00000,7.18252,7.18252,0.000000,0.000000,0,0,2.95800,422.016,3.375,16.000,16.000,16.000,16.000,17.000,0.000,0.000,0,0,1.8319,85,170,85,88,80
25,falling,32,541.0,,195.000,232.926,0.00000,7.34576,7.34576,0.000000,0.000000,0,0,2.95800,422.016,3.375,16.000,16.000,16.000,16.000,17.000,0.000,0.000,0,0,1.8319,85,170,85,88,80
25,falling,33,557.0,,195.000,240.593,0.00000,7.51670,7.51670,0.000000,0.000000,0,0,2.95800,422.016,3.375,16.000,16.000,16.000,16.000,17.000,0.000,0.000,0,0,1.8319,85,170,85,88,80
25,falling,34,574.0,,195.000,248.432,0.00000,7.68503,7.68503,0.000000,0.000000,0,0,2.95800,422.016,3.375,16.000,16.000,16.000,16.000,17.000,0.000,0.000,0,0,1.8319,85,170,85,88,80
25,falling,35,591.0,,195.000,255.959,0.00000,7.84103,7.84103,0.000000,0.000000,0,0,2.95800,422.016,3.375,16.000,16.000,16.000,16.000,17.000,0.000,0.000,0,0,1.8319,85,170,85,88,80
25,falling,36,607.0,,195.000,264.124,0.00000,8.00440,8.00440,0.000000,0.000000,0,0,2.95800,422.016,3.375,16.000,16.000,16.000,16.000,17.000,0.000,0.000,0,0,1.8319,85,170,85,88,80
25,falling,37,624.0,,195.000,272.452,0.00000,8.16526,8.16526,0.000000,0.000000,0,0,2.95800,422.016,3.375,16.000,16.000,16.000,16.000,17.000,0.000,0.000,0,0,1.8319,85,170,85,88,80
25,falling,38,641.0,,195.000,280.434,0.00000,8.31435,8.31435,0.000000,0.000000,0,0,2.95800,422.016,3.375,16.000,16.000,16.000,16.000,17.000,0.000,0.000,0,0,1.8319,85,170,85,88,80
25,falling,39,657.0,,195.000,289.074,0.00000,8.47047,8.47047,0.000000,0.000000,0,0,2.95800,422.016,3.375,16.000,16.000,16.000,16.000,17.000,0.000,0.000,0,0,1.8319,85,170,85,88,80
25,falling,40,674.0,,195.000,297.870,0.00000,8.62421,8.62421,0.000000,0.000000,0,0,2.95800,422.016,3.375,16.000,16.000,16.000,16.000,17.000,0.000,0.000,0,0,1.8319,85,170,85,88,80
25,falling,41,691.0,,195.000,306.286,0.00000,8.76669,8.76669,0.000000,0.000000,0,0,2.95800,422.016,3.375,16.000,16.000,16.000,16.000,17.000,0.000,0.000,0,0,1.8319,85,170,85,88,80
25,falling,42,707.0,,195.000,315.381,0.00000,8.91589,8.91589,0.000000,0.000000,0,0,2.95800,422.016,3.375,16.000,16.000,16.000,16.000,17.000,0.000,0.000,0,0,1.8319,85,170,85,88,80
25,falling,43,724.0,,195.000,324.625,0.00000,9.06281,9.06281,0.000000,0.000000,0,0,2.95800,422.016,3.375,16.000,16.000,16.000,16.000,17.000,0.000,0.000,0,0,1.8319,85,170,85,88,80
25,falling,44,741.0,,195.000,333.456,0.00000,9.19897,9.19897,0.000000,0.000000,0,0,2.95800,422.016,3.375,16.000,16.000,16.000,16.000,17.000,0.000,0.000,0,0,1.8319,85,170,85,88,80
25,falling,45,758.0,,195.000,342.984,0.00000,9.34156,9.34156,0.000000,0.000000,0,0,2.95800,422.016,3.375,16.000,16.000,16.000,16.000,17.000,0.000,0.000,0,0,1.8319,85,170,85,88,80
25,falling,46,774.0,,195.000,352.656,0.00000,9.48197,9.48197,0.000000,0.000000,0,0,2.95800,422.016,3.375,16.000,16.000,16.000,16.000,17.000,0.000,0.000,0,0,1.8319,85,170,85,88,80
25,falling,47,791.0,,195.000,361.883,0.00000,9.61210,9.61210,0.000000,0.000000,0,0,2.95800,422.016,3.375,16.000,16.000,16.000,16.000,17.000,0.000,0.000,0,0,1.8319,85,170,85,88,80
25,falling,48,808.0,,195.000,371.827,0.00000,9.74836,9.74836,0.000000,0.000000,0,0,2.95800,422.016,3.375,16.000,16.000,16.000,16.000,17.000,0.000,0.000,0,0,1.8319,85,170,85,88,80
25,falling,49,824.0,,195.000,381.907,0.00000,9.88255,9.88255,0.000000,0.000000,0,0,2.95800,422.016,3.375,16.000,16.000,16.000,16.000,17.000,0.000,0.000,0,0,1.8319,85,170,85,88,80
25,falling,50,841.0,,195.000,391.514,0.00000,10.00691,10.00691,0.000000,0.000000,0,0,2.95800,422.016,3.375,16.000,16.000,16.000,16.000,17.000,0.000,0.000,0,0,1.8319,85,170,85,88,80
25,falling,51,857.0,,195.000,401.853,0.00000,10.13713,10.13713,0.000000,0.000000,0,0,2.95800,422.016,3.375,16.000,16.000,16.000,16.000,17.000,0.000,0.000,0,0,1.8319,85,170,85,88,80
25,falling,52,874.0,,195.000,412.324,0.00000,10.26537,10.26537,0.000000,0.000000,0,0,2.95800,422.016,3.375,16.000,16.000,16.000,16.000,17.000,0.000,0.000,0,0,1.8319,85,170,85,88,80
25,falling,53,891.0,,195.000,422.924,0.00000,10.39164,10.39164,0.000000,0.000000,0,0,2.95800,422.016,3.375,16.000,16.000,16.000,16.000,17.000,0.000,0.000,0,0,1.8319,85,170,85,88,80
25,falling,54,907.0,,195.000,433.012,0.00000,10.50867,10.50867,0.000000,0.000000,0,0,2.95800,422.016,3.375,16.000,16.000,16.000,16.000,17.000,0.000,0.000,0,0,1.8319,85,170,85,88,80
25,falling,55,924.0,,195.000,443.856,0.00000,10.63122,10.63122,0.000000,0.000000,0,0,2.95800,422.016,3.375,16.000,16.000,16.000,16.000,17.000,0.000,0.000,0,0,1.8319,85,170,85,88,80
25,falling,56,941.0,,195.000,454.823,0.00000,10.75190,10.75190,0.000000,0.000000,0,0,2.95800,422.016,3.375,16.000,16.000,16.000,16.000,17.000,0.000,0.000,0,0,1.8319,85,170,85,88,80
25,falling,57,957.0,,195.000,465.252,0.00000,10.86373,10.86373,0.000000,0.000000,0,0,2.95800,422.016,3.375,16.000,16.000,16.000,16.000,17.000,0.000,0.000,0,0,1.8319,85,170,85,88,80
25,falling,58,974.0,,195.000,476.452,0.00000,10.98085,10.98085,0.000000,0.000000,0,0,2.95800,422.016,3.375,16.000,16.000,16.000,16.000,16.000,0.000,0.000,0,0,1.8319,85,170,85,88,80
25,post_landing,59,991.0,59,195.000,482.180,2.65599,-1.74969,3.18052,0.008100,0.000000,0,1,2.95800,422.016,3.375,16.000,16.000,16.000,16.000,16.000,0.000,0.000,0,15,1.8319,85,170,85,88,80
25,post_landing,60,1008.0,59,197.513,479.369,2.53231,-1.11777,2.76804,0.026352,0.007664,0,1,2.95800,422.016,3.375,16.000,16.007,16.015,16.023,16.023,0.000,0.000,0,6,1.8319,85,170,85,88,80
25,post_landing,61,1024.0,59,200.056,478.262,2.51900,-0.59551,2.58844,-0.002022,0.034132,0,1,2.95800,422.016,3.375,16.000,16.025,16.059,16.093,16.093,0.000,0.000,0,1,1.8319,85,170,85,88,80
25,post_landing,62,1041.0,59,202.587,477.735,2.48046,-0.30307,2.49891,-0.001991,0.032102,0,0,2.95800,422.016,3.375,16.000,16.024,16.056,16.088,16.088,0.000,0.000,0,0,1.8319,85,170,85,88,80
25,post_landing,63,1058.0,59,204.934,477.530,2.44474,-0.03204,2.44495,-0.001962,0.030219,0,0,2.95800,422.016,3.375,16.000,16.023,16.053,16.083,16.083,0.000,0.000,0,0,1.8319,85,170,85,88,80
25,post_landing,64,1074.0,59,207.389,477.647,2.40734,0.25179,2.42047,-0.001932,0.028248,0,0,2.95800,422.016,3.375,16.000,16.022,16.050,16.078,16.078,0.000,0.000,0,0,1.8319,85,170,85,88,80
25,post_landing,65,1091.0,59,209.807,478.163,2.47270,-0.55837,2.53496,0.025854,0.026308,0,1,2.95800,422.016,3.375,16.000,16.021,16.047,16.073,16.073,0.000,0.000,0,1,1.8319,85,170,85,88,80
25,post_landing,66,1108.0,59,212.147,477.890,2.43709,-0.28366,2.45354,0.025482,0.050770,0,0,2.95800,422.016,3.375,16.000,16.030,16.081,16.132,16.132,0.000,0.000,0,0,1.8319,85,170,85,88,80
25,post_landing,67,1124.0,59,214.594,477.894,2.39980,0.00401,2.39981,0.025092,0.076364,0,0,2.95800,422.016,3.375,16.000,16.106,16.182,16.182,16.640,0.000,0.000,0,0,1.8319,85,170,85,88,80
25,post_landing,68,1141.0,59,217.005,478.187,2.36309,0.28729,2.38049,0.024708,0.101566,0,0,2.95800,422.016,3.375,16.000,16.120,16.222,16.222,16.830,0.000,0.000,0,0,1.8319,85,170,85,88,80
25,post_landing,69,1158.0,59,219.241,478.729,2.24343,0.10339,2.24581,0.004465,0.124944,0,1,2.95800,422.016,3.375,16.000,15.132,16.249,16.249,16.997,0.000,0.000,0,1,1.8319,85,170,85,88,80
25,post_landing,70,1174.0,59,221.494,478.740,2.07656,0.10560,2.07924,0.002451,0.129429,0,1,2.95800,422.016,3.375,16.000,15.133,16.253,16.253,17.028,0.000,0.000,0,1,1.8319,85,170,85,88,80
25,post_landing,71,1191.0,59,223.580,478.745,1.92210,0.11362,1.92545,0.001538,0.131890,0,1,2.95800,422.016,3.375,16.000,15.133,16.256,16.256,17.045,0.000,0.000,0,1,1.8319,85,170,85,88,80
25,post_landing,72,1208.0,59,225.398,478.746,1.78076,0.10404,1.78379,0.001278,0.133346,0,1,2.95800,422.016,3.375,16.000,3.106,16.257,16.257,17.055,0.000,0.000,0,1,1.8319,85,170,85,88,80
25,post_landing,73,1224.0,59,227.187,478.750,1.64830,0.11900,1.65259,0.000985,0.134629,0,1,2.95800,422.016,3.375,16.000,3.107,16.258,16.258,17.063,0.000,0.000,0,1,1.8319,85,170,85,88,80
25,post_landing,74,1241.0,59,228.842,478.752,1.52570,0.12182,1.53055,0.000919,0.135618,0,1,2.95800,422.016,3.375,16.000,3.108,16.259,16.259,17.070,0.000,0.000,0,1,1.8319,85,170,85,88,80
25,post_landing,75,1258.0,59,230.286,478.752,1.41350,0.22550,1.43138,0.001887,0.136488,0,1,2.95800,422.016,3.375,16.000,3.108,16.259,16.259,17.076,0.000,0.000,0,1,1.8319,85,170,85,88,80
25,post_landing,76,1274.0,59,231.706,478.759,1.30836,0.26686,1.33530,0.003494,0.138383,0,1,2.95800,422.016,3.375,16.000,3.109,16.261,16.261,17.089,0.000,0.000,0,1,1.8319,85,170,85,88,80
25,post_landing,77,1291.0,59,233.020,478.767,1.21104,0.28162,1.24336,0.005152,0.141893,0,1,2.95800,422.016,3.375,16.000,3.111,16.263,16.263,17.112,0.000,0.000,0,1,1.8319,85,170,85,88,80
25,post_landing,78,1308.0,59,234.166,478.777,1.12199,0.27024,1.15407,0.006822,0.146768,0,1,2.95800,422.016,3.375,16.000,3.114,16.267,16.267,17.144,0.000,0.000,0,1,1.8319,85,170,85,88,80
25,post_landing,79,1324.0,59,235.292,478.798,1.08786,0.31136,1.13154,-0.004458,0.153619,0,1,2.95800,422.016,3.375,16.000,3.118,16.271,16.271,17.189,0.000,0.000,0,1,1.8319,85,170,85,88,80
25,post_landing,80,1341.0,59,236.385,478.786,1.00695,0.30560,1.05230,0.000000,0.149142,0,1,2.95800,422.016,3.375,16.000,3.115,16.268,16.268,17.160,0.000,0.000,0,1,1.8319,85,170,85,88,80
25,post_landing,81,1358.0,59,237.338,478.784,0.93290,0.27428,0.97238,0.003246,0.149142,0,1,2.95800,422.016,3.375,16.000,3.115,16.268,16.268,17.160,0.000,0.000,0,1,1.8319,85,170,85,88,80
25,post_landing,82,1374.0,59,238.275,478.795,0.94599,0.29025,0.98951,-0.014859,0.152403,0,1,2.95800,422.016,3.375,16.000,3.117,16.270,16.270,17.181,0.000,0.000,0,1,1.8319,85,170,85,88,80
25,post_landing,83,1391.0,59,239.225,478.757,0.87562,0.25121,0.91094,-0.008369,0.137479,0,1,2.95800,422.016,3.375,16.000,3.109,16.260,16.260,17.082,0.000,0.000,0,1,1.8319,85,170,85,88,80
25,post_landing,84,1408.0,59,240.053,478.738,0.81123,0.19432,0.83418,-0.003654,0.129560,0,1,2.95800,422.016,3.375,16.000,15.133,16.253,16.253,17.029,0.000,0.000,0,1,1.8319,85,170,85,88,80
25,post_landing,85,1424.0,59,240.868,478.733,0.75333,0.20305,0.78022,-0.001342,0.125890,0,1,2.95800,422.016,3.375,16.000,15.132,16.250,16.250,17.003,0.000,0.000,0,1,1.8319,85,170,85,88,80
25,post_landing,86,1441.0,59,241.625,478.731,0.75578,0.19382,0.78023,-0.013203,0.124543,0,1,2.95800,422.016,3.375,16.000,16.125,16.249,16.249,16.994,0.000,0.000,0,1,1.8319,85,170,85,88,80
25,post_landing,87,1458.0,59,242.340,478.711,0.70020,0.12791,0.71179,-0.008260,0.112050,0,1,2.95800,422.016,3.375,16.000,16.123,16.235,16.235,16.906,0.000,0.000,0,1,1.8319,85,170,85,88,80
25,post_landing,88,1474.0,59,243.043,478.705,0.64812,0.10275,0.65621,-0.005091,0.103754,0,1,2.95800,422.016,3.375,16.000,16.121,16.225,16.225,16.846,0.000,0.000,0,1,1.8319,85,170,85,88,80
25,post_landing,89,1491.0,59,243.694,478.701,0.61383,0.07911,0.61891,-0.006396,0.098640,0,1,2.95800,422.016,3.375,16.000,16.119,16.218,16.218,16.809,0.000,0.000,0,1,1.8319,85,170,85,88,80
25,post_landing,90,1508.0,59,244.275,478.696,0.56869,0.04241,0.57027,-0.004357,0.092589,0,1,2.95800,422.016,3.375,16.000,16.116,16.209,16.209,16.764,0.000,0.000,0,1,1.8319,85,170,85,88,80
25,post_landing,91,1524.0,59,244.846,478.860,0.95435,-0.64559,1.15221,0.016738,0.088212,0,1,2.95800,422.016,3.375,16.000,16.114,16.202,16.202,16.731,0.000,0.000,0,2,1.8319,85,170,85,88,80
25,post_landing,92,1541.0,59,245.805,478.500,0.93975,-0.35238,1.00365,0.016482,0.105024,0,0,2.95800,422.016,3.375,16.000,16.122,16.226,16.226,16.855,0.000,0.000,0,0,1.8319,85,170,85,88,80
25,post_landing,93,1558.0,59,246.694,478.423,0.92622,-0.08064,0.92972,0.016245,0.120620,0,0,2.95800,422.016,3.375,16.000,16.124,16.245,16.245,16.967,0.000,0.000,0,0,1.8319,85,170,85,88,80
25,post_landing,94,1574.0,59,247.624,478.631,0.91205,0.20392,0.93457,0.015996,0.136936,0,0,2.95800,422.016,3.375,16.000,3.108,16.260,16.260,17.079,0.000,0.000,0,0,1.8319,85,170,85,88,80
25,post_landing,95,1591.0,59,248.540,478.819,1.22120,0.06974,1.22319,-0.040697,0.153003,0,1,2.95800,422.016,3.375,16.000,3.117,16.270,16.270,17.185,0.000,0.000,0,1,1.8319,85,170,85,88,80
25,post_landing,96,1608.0,59,249.696,478.714,0.77717,-0.08790,0.78212,0.033629,0.114496,0,1,2.95800,422.016,3.375,16.000,16.124,16.238,16.238,16.923,0.000,0.000,0,1,1.8319,85,170,85,88,80
25,post_landing,97,1624.0,59,250.476,478.792,0.47089,-0.06529,0.47540,0.049314,0.148273,0,1,2.95800,422.016,3.375,16.000,3.115,16.268,16.268,17.154,0.000,0.000,0,1,1.8319,85,170,85,88,80
25,post_landing,98,1641.0,59,250.949,478.973,0.43587,-0.20315,0.48088,0.028708,0.197804,0,1,2.95800,422.016,3.375,16.000,3.138,15.297,16.278,17.457,0.000,0.000,0,1,1.8319,85,170,85,88,80
25,post_landing,99,1658.0,59,251.362,479.036,0.42959,0.06644,0.43470,0.028294,0.224966,0,0,2.95800,422.016,3.375,16.000,3.147,3.371,16.266,17.604,0.000,0.000,0,0,1.8319,85,170,85,88,80
25,post_landing,100,1674.0,59,251.793,479.307,0.23625,-0.08076,0.24967,0.043204,0.253385,0,1,2.95800,422.016,3.375,16.000,3.155,3.406,16.241,17.745,0.000,0.000,0,1,1.8319,85,170,85,88,80
25,post_landing,101,1691.0,59,252.031,479.515,0.23263,0.20381,0.30928,0.042543,0.296779,0,0,2.95800,422.016,3.375,16.000,3.161,3.454,16.178,17.933,0.000,0.000,0,0,1.8319,85,170,85,88,80
25,post_landing,102,1708.0,59,252.251,479.964,0.22928,0.46754,0.52073,0.041931,0.337032,0,0,2.95800,422.016,3.375,16.000,3.162,3.493,11.986,18.076,0.000,0.000,0,0,1.8319,85,170,85,88,80
25,post_landing,103,1724.0,59,252.481,480.538,0.21223,0.06042,0.22066,0.038531,0.379147,0,1,2.95800,422.016,3.375,16.000,0.370,3.527,5.944,19.494,0.000,0.000,0,1,1.8319,85,170,85,88,80
25,post_landing,104,1741.0,59,252.694,480.888,0.20898,0.34283,0.40150,0.037941,0.417847,0,0,2.95800,422.016,3.375,16.000,0.406,3.553,5.890,19.595,0.000,0.000,0,0,1.8319,85,170,85,88,80
25,post_landing,105,1758.0,59,252.892,481.468,0.20597,0.60456,0.63868,0.037395,0.453746,0,0,2.95800,422.016,3.375,16.000,0.438,3.573,5.831,19.663,0.000,0.000,0,0,1.8319,85,170,85,88,80
25,post_landing,106,1774.0,59,253.099,482.171,0.19065,0.18784,0.26764,0.034436,0.491305,0,1,2.95800,422.016,3.375,16.000,0.472,3.589,5.762,21.060,0.000,0.000,0,1,1.8319,85,170,85,88,80
25,post_landing,107,1791.0,59,253.290,482.649,0.18773,0.46830,0.50453,0.033909,0.525892,0,0,2.95800,422.016,3.375,16.000,0.502,3.599,5.691,21.090,0.000,0.000,0,0,1.8319,85,170,85,88,80
25,post_landing,108,1808.0,59,253.468,483.358,0.21612,0.16883,0.27425,0.025207,0.557976,0,1,2.95800,422.016,3.375,16.000,0.529,3.604,3.604,21.094,0.000,0.000,0,1,1.8319,85,170,85,88,80
25,post_landing,109,1824.0,59,253.685,483.859,0.50319,-0.09926,0.51289,0.012715,0.583295,0,1,2.95800,422.016,3.375,16.000,0.551,3.606,3.606,21.082,0.000,0.000,0,1,1.8319,85,170,85,88,80
25,post_landing,110,1841.0,59,254.190,484.083,0.49549,0.18559,0.52911,0.012520,0.596066,0,0,2.95800,422.016,3.375,16.000,0.561,3.605,3.605,20.805,0.000,0.000,0,0,1.8319,85,170,85,88,80
25,post_landing,111,1858.0,59,254.659,484.382,0.73838,0.07037,0.74172,-0.010417,0.607912,0,1,2.95800,422.016,3.375,16.000,0.571,3.605,3.605,20.808,0.000,0.000,0,1,1.8319,85,170,85,88,80
25,post_landing,112,1874.0,59,255.401,484.193,0.84366,0.06623,0.84626,-0.011904,0.597450,0,1,2.95800,422.016,3.375,16.000,0.563,3.605,3.605,20.806,0.000,0.000,0,1,1.8319,85,170,85,88,80
25,post_landing,113,1891.0,59,256.248,483.951,0.92227,0.07333,0.92518,-0.012046,0.585493,0,1,2.95800,422.016,3.375,16.000,0.553,3.606,3.606,20.247,0.000,0.000,0,1,1.8319,85,170,85,88,80
25,post_landing,114,1908.0,59,257.121,483.716,0.95406,0.08567,0.95790,-0.009988,0.574095,0,1,2.95800,422.016,3.375,16.000,0.543,3.605,3.605,21.088,0.000,0.000,0,1,1.8319,85,170,85,88,80
25,post_landing,115,1924.0,59,258.079,483.521,1.03515,0.07857,1.03813,-0.012760,0.564063,0,1,2.95800,422.016,3.375,16.000,0.535,3.605,3.605,21.092,0.000,0.000,0,1,1.8319,85,170,85,88,80
25,post_landing,116,1941.0,59,259.119,483.277,1.09730,0.07995,1.10021,-0.013320,0.551247,0,1,2.95800,422.016,3.375,16.000,0.524,3.603,5.635,21.095,0.000,0.000,0,1,1.8319,85,170,85,88,80
25,post_landing,117,1958.0,59,260.157,483.035,1.11567,0.18367,1.13069,-0.020987,0.538644,0,1,2.95800,422.016,3.375,16.000,0.513,3.601,5.663,21.094,0.000,0.000,0,1,1.8319,85,170,85,88,80
25,post_landing,118,1974.0,59,261.277,483.045,1.12778,-0.40083,1.19689,0.079234,0.517565,0,1,2.95800,422.016,3.375,16.000,0.495,3.597,5.709,21.085,0.000,0.000,0,2,1.8319,85,170,85,88,80
26,falling,0,13.0,,195.000,96.964,0.00000,0.53333,0.53333,0.000000,0.000000,0,0,4.03400,1163.861,2.725,11.000,11.000,14.000,17.000,23.000,0.000,0.000,0,0,1.6257,76,152,76,82,72
26,falling,1,15.0,,195.000,97.069,0.00000,0.58189,0.58189,0.000000,0.000000,0,0,4.03400,1163.861,2.725,11.000,11.000,14.000,17.000,23.000,0.000,0.000,0,0,1.6257,76,152,76,82,72
26,falling,2,30.0,,195.000,97.810,0.00000,0.82404,0.82404,0.000000,0.000000,0,0,4.03400,1163.861,2.725,11.000,11.000,14.000,17.000,23.000,0.000,0.000,0,0,1.6257,76,152,76,82,72
26,falling,3,47.0,,195.000,98.927,0.00000,1.09476,1.09476,0.000000,0.000000,0,0,4.03400,1163.861,2.725,11.000,11.000,14.000,17.000,23.000,0.000,0.000,0,0,1.6257,76,152,76,82,72
26,falling,4,64.0,,195.000,100.219,0.00000,1.34567,1.34567,0.000000,0.000000,0,0,4.03400,1163.861,2.725,11.000,11.000,14.000,17.000,23.000,0.000,0.000,0,0,1.6257,76,152,76,82,72
26,falling,5,80.0,,195.000,101.859,0.00000,1.60841,1.60841,0.000000,0.000000,0,0,4.03400,1163.861,2.725,11.000,11.000,14.000,17.000,23.000,0.000,0.000,0,0,1.6257,76,152,76,82,72
26,falling,6,97.0,,195.000,103.764,0.00000,1.86713,1.86713,0.000000,0.000000,0,0,4.03400,1163.861,2.725,11.000,11.000,14.000,17.000,23.000,0.000,0.000,0,0,1.6257,76,152,76,82,72
26,falling,7,114.0,,195.000,105.787,0.00000,2.10691,2.10691,0.000000,0.000000,0,0,4.03400,1163.861,2.725,11.000,11.000,14.000,17.000,23.000,0.000,0.000,0,0,1.6257,76,152,76,82,72
26,falling,8,130.0,,195.000,108.192,0.00000,2.35801,2.35801,0.000000,0.000000,0,0,4.03400,1163.861,2.725,11.000,11.000,14.000,17.000,23.000,0.000,0.000,0,0,1.6257,76,152,76,82,72
26,falling,9,147.0,,195.000,110.849,0.00000,2.60527,2.60527,0.000000,0.000000,0,0,4.03400,1163.861,2.725,11.000,11.000,14.000,17.000,23.000,0.000,0.000,0,0,1.6257,76,152,76,82,72
26,falling,10,164.0,,195.000,113.570,0.00000,2.83442,2.83442,0.000000,0.000000,0,0,4.03400,1163.861,2.725,11.000,11.000,14.000,17.000,23.000,0.000,0.000,0,0,1.6257,76,152,76,82,72
26,falling,11,180.0,,195.000,116.706,0.00000,3.07439,3.07439,0.000000,0.000000,0,0,4.03400,1163.861,2.725,11.000,11.000,14.000,17.000,23.000,0.000,0.000,0,0,1.6257,76,152,76,82,72
26,falling,12,197.0,,195.000,120.083,0.00000,3.31068,3.31068,0.000000,0.000000,0,0,4.03400,1163.861,2.725,11.000,11.000,14.000,17.000,23.000,0.000,0.000,0,0,1.6257,76,152,76,82,72
26,falling,13,214.0,,195.000,123.471,0.00000,3.52967,3.52967,0.000000,0.000000,0,0,4.03400,1163.861,2.725,11.000,11.000,14.000,17.000,23.000,0.000,0.000,0,0,1.6257,76,152,76,82,72
26,falling,14,230.0,,195.000,127.306,0.00000,3.75900,3.75900,0.000000,0.000000,0,0,4.03400,1163.861,2.725,11.000,11.000,14.000,17.000,23.000,0.000,0.000,0,0,1.6257,76,152,76,82,72
26,falling,15,247.0,,195.000,131.370,0.00000,3.98482,3.98482,0.000000,0.000000,0,0,4.03400,1163.861,2.725,11.000,11.000,14.000,17.000,23.000,0.000,0.000,0,0,1.6257,76,152,76,82,72
26,falling,16,264.0,,195.000,135.396,0.00000,4.19411,4.19411,0.000000,0.000000,0,0,4.03400,1163.861,2.725,11.000,11.000,14.000,17.000,23.000,0.000,0.000,0,0,1.6257,76,152,76,82,72
26,falling,17,280.0,,195.000,139.898,0.00000,4.41327,4.41327,0.000000,0.000000,0,0,4.03400,1163.861,2.725,11.000,11.000,14.000,17.000,23.000,0.000,0.000,0,0,1.6257,76,152,76,82,72
26,falling,18,297.0,,195.000,144.620,0.00000,4.62908,4.62908,0.000000,0.000000,0,0,4.03400,1163.861,2.725,11.000,11.000,14.000,17.000,23.000,0.000,0.000,0,0,1.6257,76,152,76,82,72
26,falling,19,314.0,,195.000,149.558,0.00000,4.84159,4.84159,0.000000,0.000000,0,0,4.03400,1163.861,2.725,11.000,11.000,14.000,17.000,23.000,0.000,0.000,0,0,1.6257,76,152,76,82,72
26,falling,20,331.0,,195.000,154.395,0.00000,5.03854,5.03854,0.000000,0.000000,0,0,4.03400,1163.861,2.725,11.000,11.000,14.000,17.000,23.000,0.000,0.000,0,0,1.6257,76,152,76,82,72
26,falling,21,347.0,,195.000,159.745,0.00000,5.24478,5.24478,0.000000,0.000000,0,0,4.03400,1163.861,2.725,11.000,11.000,14.000,17.000,23.000,0.000,0.000,0,0,1.6257,76,152,76,82,72
26,falling,22,364.0,,195.000,165.302,0.00000,5.44787,5.44787,0.000000,0.000000,0,0,4.03400,1163.861,2.725,11.000,11.000,14.000,17.000,23.000,0.000,0.000,0,0,1.6257,76,152,76,82,72
26,falling,23,380.0,,195.000,170.712,0.00000,5.63609,5.63609,0.000000,0.000000,0,0,4.03400,1163.861,2.725,11.000,11.000,14.000,17.000,23.000,0.000,0.000,0,0,1.6257,76,152,76,82,72
26,falling,24,397.0,,195.000,176.662,0.00000,5.83319,5.83319,0.000000,0.000000,0,0,4.03400,1163.861,2.725,11.000,11.000,14.000,17.000,23.000,0.000,0.000,0,0,1.6257,76,152,76,82,72
26,falling,25,414.0,,195.000,182.810,0.00000,6.02727,6.02727,0.000000,0.000000,0,0,4.03400,1163.861,2.725,11.000,11.000,14.000,17.000,23.000,0.000,0.000,0,0,1.6257,76,152,76,82,72
26,falling,26,430.0,,195.000,188.769,0.00000,6.20715,6.20715,0.000000,0.000000,0,0,4.03400,1163.861,2.725,11.000,11.000,14.000,17.000,23.000,0.000,0.000,0,0,1.6257,76,152,76,82,72
26,falling,27,447.0,,195.000,195.292,0.00000,6.39551,6.39551,0.000000,0.000000,0,0,4.03400,1163.861,2.725,11.000,11.000,14.000,17.000,23.000,0.000,0.000,0,0,1.6257,76,152,76,82,72
26,falling,28,464.0,,195.000,202.005,0.00000,6.58099,6.58099,0.000000,0.000000,0,0,4.03400,1163.861,2.725,11.000,11.000,14.000,17.000,23.000,0.000,0.000,0,0,1.6257,76,152,76,82,72
26,falling,29,480.0,,195.000,208.488,0.00000,6.75289,6.75289,0.000000,0.000000,0,0,4.03400,1163.861,2.725,11.000,11.000,14.000,17.000,23.000,0.000,0.000,0,0,1.6257,76,152,76,82,72
26,falling,30,497.0,,195.000,215.559,0.00000,6.93291,6.93291,0.000000,0.000000,0,0,4.03400,1163.861,2.725,11.000,11.000,14.000,17.000,23.000,0.000,0.000,0,0,1.6257,76,152,76,82,72
26,falling,31,514.0,,195.000,222.812,0.00000,7.11017,7.11017,0.000000,0.000000,0,0,4.03400,1163.861,2.725,11.000,11.000,14.000,17.000,23.000,0.000,0.000,0,0,1.6257,76,152,76,82,72
26,falling,32,531.0,,195.000,229.795,0.00000,7.27445,7.27445,0.000000,0.000000,0,0,4.03400,1163.861,2.725,11.000,11.000,14.000,17.000,23.000,0.000,0.000,0,0,1.6257,76,152,76,82,72
26,falling,33,547.0,,195.000,237.390,0.00000,7.44648,7.44648,0.000000,0.000000,0,0,4.03400,1163.861,2.725,11.000,11.000,14.000,17.000,23.000,0.000,0.000,0,0,1.6257,76,152,76,82,72
26,falling,34,564.0,,195.000,245.159,0.00000,7.61589,7.61589,0.000000,0.000000,0,0,4.03400,1163.861,2.725,11.000,11.000,14.000,17.000,23.000,0.000,0.000,0,0,1.6257,76,152,76,82,72
26,falling,35,581.0,,195.000,252.621,0.00000,7.77288,7.77288,0.000000,0.000000,0,0,4.03400,1163.861,2.725,11.000,11.000,14.000,17.000,23.000,0.000,0.000,0,0,1.6257,76,152,76,82,72
26,falling,36,597.0,,195.000,260.717,0.00000,7.93729,7.93729,0.000000,0.000000,0,0,4.03400,1163.861,2.725,11.000,11.000,14.000,17.000,23.000,0.000,0.000,0,0,1.6257,76,152,76,82,72
26,falling,37,614.0,,195.000,268.978,0.00000,8.09918,8.09918,0.000000,0.000000,0,0,4.03400,1163.861,2.725,11.000,11.000,14.000,17.000,23.000,0.000,0.000,0,0,1.6257,76,152,76,82,72
26,falling,38,630.0,,195.000,276.897,0.00000,8.24922,8.24922,0.000000,0.000000,0,0,4.03400,1163.861,2.725,11.000,11.000,14.000,17.000,23.000,0.000,0.000,0,0,1.6257,76,152,76,82,72
26,falling,39,647.0,,195.000,285.471,0.00000,8.40634,8.40634,0.000000,0.000000,0,0,4.03400,1163.861,2.725,11.000,11.000,14.000,17.000,23.000,0.000,0.000,0,0,1.6257,76,152,76,82,72
26,falling,40,664.0,,195.000,294.204,0.00000,8.56106,8.56106,0.000000,0.000000,0,0,4.03400,1163.861,2.725,11.000,11.000,14.000,17.000,23.000,0.000,0.000,0,0,1.6257,76,152,76,82,72
26,falling,41,680.0,,195.000,302.560,0.00000,8.70445,8.70445,0.000000,0.000000,0,0,4.03400,1163.861,2.725,11.000,11.000,14.000,17.000,23.000,0.000,0.000,0,0,1.6257,76,152,76,82,72
26,falling,42,697.0,,195.000,311.592,0.00000,8.85460,8.85460,0.000000,0.000000,0,0,4.03400,1163.861,2.725,11.000,11.000,14.000,17.000,23.000,0.000,0.000,0,0,1.6257,76,152,76,82,72
26,falling,43,714.0,,195.000,320.774,0.00000,9.00246,9.00246,0.000000,0.000000,0,0,4.03400,1163.861,2.725,11.000,11.000,14.000,17.000,23.000,0.000,0.000,0,0,1.6257,76,152,76,82,72
26,falling,44,730.0,,195.000,329.548,0.00000,9.13949,9.13949,0.000000,0.000000,0,0,4.03400,1163.861,2.725,11.000,11.000,14.000,17.000,23.000,0.000,0.000,0,0,1.6257,76,152,76,82,72
26,falling,45,747.0,,195.000,339.017,0.00000,9.28299,9.28299,0.000000,0.000000,0,0,4.03400,1163.861,2.725,11.000,11.000,14.000,17.000,23.000,0.000,0.000,0,0,1.6257,76,152,76,82,72
26,falling,46,764.0,,195.000,348.630,0.00000,9.42429,9.42429,0.000000,0.000000,0,0,4.03400,1163.861,2.725,11.000,11.000,14.000,17.000,23.000,0.000,0.000,0,0,1.6257,76,152,76,82,72
26,falling,47,781.0,,195.000,357.803,0.00000,9.55525,9.55525,0.000000,0.000000,0,0,4.03400,1163.861,2.725,11.000,11.000,14.000,17.000,23.000,0.000,0.000,0,0,1.6257,76,152,76,82,72
26,falling,48,797.0,,195.000,367.689,0.00000,9.69239,9.69239,0.000000,0.000000,0,0,4.03400,1163.861,2.725,11.000,11.000,14.000,17.000,23.000,0.000,0.000,0,0,1.6257,76,152,76,82,72
26,falling,49,814.0,,195.000,377.713,0.00000,9.82743,9.82743,0.000000,0.000000,0,0,4.03400,1163.861,2.725,11.000,11.000,14.000,17.000,23.000,0.000,0.000,0,0,1.6257,76,152,76,82,72
26,falling,50,831.0,,195.000,387.267,0.00000,9.95258,9.95258,0.000000,0.000000,0,0,4.03400,1163.861,2.725,11.000,11.000,14.000,17.000,23.000,0.000,0.000,0,0,1.6257,76,152,76,82,72
26,falling,51,847.0,,195.000,397.553,0.00000,10.08364,10.08364,0.000000,0.000000,0,0,4.03400,1163.861,2.725,11.000,11.000,14.000,17.000,23.000,0.000,0.000,0,0,1.6257,76,152,76,82,72
26,falling,52,864.0,,195.000,407.970,0.00000,10.21269,10.21269,0.000000,0.000000,0,0,4.03400,1163.861,2.725,11.000,11.000,14.000,17.000,23.000,0.000,0.000,0,0,1.6257,76,152,76,82,72
26,falling,53,881.0,,195.000,417.889,0.00000,10.33230,10.33230,0.000000,0.000000,0,0,4.03400,1163.861,2.725,11.000,11.000,14.000,17.000,23.000,0.000,0.000,0,0,1.6257,76,152,76,82,72
26,falling,54,897.0,,195.000,428.555,0.00000,10.45755,10.45755,0.000000,0.000000,0,0,4.03400,1163.861,2.725,11.000,11.000,14.000,17.000,23.000,0.000,0.000,0,0,1.6257,76,152,76,82,72
26,falling,55,914.0,,195.000,439.348,0.00000,10.58088,10.58088,0.000000,0.000000,0,0,4.03400,1163.861,2.725,11.000,11.000,14.000,17.000,23.000,0.000,0.000,0,0,1.6257,76,152,76,82,72
26,falling,56,931.0,,195.000,449.615,0.00000,10.69518,10.69518,0.000000,0.000000,0,0,4.03400,1163.861,2.725,11.000,11.000,14.000,17.000,23.000,0.000,0.000,0,0,1.6257,76,152,76,82,72
26,falling,57,947.0,,195.000,460.646,0.00000,10.81488,10.81488,0.000000,0.000000,0,0,4.03400,1163.861,2.725,11.000,11.000,14.000,17.000,23.000,0.000,0.000,0,0,1.6257,76,152,76,82,72
26,falling,58,964.0,,195.000,471.798,0.00000,10.93274,10.93274,0.000000,0.000000,0,0,4.03400,1163.861,2.725,11.000,11.000,14.000,17.000,23.000,0.000,0.000,0,0,1.6257,76,152,76,82,72
26,falling,59,981.0,,195.000,482.398,0.00000,11.04198,11.04198,0.000000,0.000000,0,0,4.03400,1163.861,2.725,11.000,11.000,14.000,17.000,23.000,0.000,0.000,0,0,1.6257,76,152,76,82,72
26,post_landing,60,997.0,60,195.000,489.440,1.27605,-0.36094,1.32611,-0.051265,0.000000,0,1,4.03400,1163.861,2.725,11.000,11.000,14.000,17.000,41.000,0.000,0.000,0,14,1.6257,76,152,76,82,72
26,post_landing,61,1014.0,60,196.282,485.938,0.87330,-0.55785,1.03626,0.027884,-0.051490,0,1,4.03400,1163.861,2.725,11.000,9.040,13.034,15.032,22.970,0.000,0.000,0,8,1.6257,76,152,76,82,72
26,post_landing,62,1031.0,60,197.108,484.065,2.00590,-0.35946,2.03785,-0.044016,-0.025107,0,1,4.03400,1163.861,2.725,11.000,9.022,13.021,15.020,22.993,0.000,0.000,0,3,1.6257,76,152,76,82,72
26,post_landing,63,1047.0,60,199.123,483.216,2.06043,-0.67718,2.16886,0.000899,-0.069317,0,1,4.03400,1163.861,2.725,11.000,9.048,13.038,15.033,22.016,0.000,0.000,0,3,1.6257,76,152,76,82,72
26,post_landing,64,1064.0,60,201.192,482.508,1.25598,-0.21092,1.27356,0.039083,-0.068413,0,1,4.03400,1163.861,2.725,11.000,9.047,13.038,15.033,22.017,0.000,0.000,0,1,1.6257,76,152,76,82,72
26,post_landing,65,1081.0,60,202.381,482.312,1.23789,0.05879,1.23929,0.038521,-0.031434,0,0,4.03400,1163.861,2.725,11.000,9.027,13.025,15.024,22.989,0.000,0.000,0,0,1.6257,76,152,76,82,72
26,post_landing,66,1097.0,60,203.624,482.660,1.21895,0.34122,1.26581,0.037931,0.007256,0,0,4.03400,1163.861,2.725,11.000,6.007,12.007,17.014,41.021,0.000,0.000,0,0,1.6257,76,152,76,82,72
26,post_landing,67,1114.0,60,204.848,483.292,1.20030,0.61933,1.35066,0.037351,0.045354,0,0,4.03400,1163.861,2.725,11.000,6.039,12.033,17.073,43.137,0.000,0.000,0,0,1.6257,76,152,76,82,72
26,post_landing,68,1131.0,60,205.984,484.134,1.18302,0.87708,1.47268,0.036813,0.080695,0,0,4.03400,1163.861,2.725,11.000,6.061,12.042,17.106,44.260,0.000,0.000,0,0,1.6257,76,152,76,82,72
26,post_landing,69,1147.0,60,207.172,485.303,1.16492,1.14700,1.63482,0.036250,0.117670,0,0,4.03400,1163.861,2.725,11.000,6.076,7.186,17.117,44.400,0.000,0.000,0,0,1.6257,76,152,76,82,72
26,post_landing,70,1164.0,60,208.342,486.363,1.61389,0.22380,1.62933,0.005742,0.154079,0,1,4.03400,1163.861,2.725,11.000,6.082,7.224,40.447,44.707,0.000,0.000,0,2,1.6257,76,152,76,82,72
26,post_landing,71,1181.0,60,209.869,486.457,1.25866,0.14351,1.26682,0.017337,0.159512,0,1,4.03400,1163.861,2.725,11.000,6.083,7.229,42.579,44.712,0.000,0.000,0,2,1.6257,76,152,76,82,72
26,post_landing,72,1197.0,60,211.133,486.487,1.17955,0.16137,1.19054,0.006393,0.176925,0,1,4.03400,1163.861,2.725,11.000,6.082,7.243,42.576,44.721,0.000,0.000,0,1,1.6257,76,152,76,82,72
26,post_landing,73,1214.0,60,212.318,486.607,1.11157,0.16805,1.12420,0.001589,0.183346,0,1,4.03400,1163.861,2.725,11.000,6.082,7.247,43.738,44.721,0.000,0.000,0,1,1.6257,76,152,76,82,72
26,post_landing,74,1231.0,60,213.370,486.638,1.01672,0.16427,1.02990,0.001357,0.184849,0,1,4.03400,1163.861,2.725,11.000,6.082,7.248,43.738,44.721,0.000,0.000,0,1,1.6257,76,152,76,82,72
26,post_landing,75,1247.0,60,214.391,486.670,0.98790,0.16913,1.00227,-0.001933,0.186213,0,1,4.03400,1163.861,2.725,11.000,6.081,7.249,41.957,44.720,0.000,0.000,0,1,1.6257,76,152,76,82,72
26,post_landing,76,1264.0,60,215.383,486.637,0.95863,0.34310,1.01818,-0.005333,0.184271,0,1,4.03400,1163.861,2.725,11.000,6.082,7.248,43.738,44.721,0.000,0.000,0,1,1.6257,76,152,76,82,72
26,post_landing,77,1281.0,60,216.290,486.813,0.83074,0.13961,0.84239,0.021335,0.179225,0,1,4.03400,1163.861,2.725,11.000,6.082,7.244,42.575,44.721,0.000,0.000,0,2,1.6257,76,152,76,82,72
26,post_landing,78,1298.0,60,217.125,486.948,0.95048,0.32823,1.00556,-0.001430,0.200653,0,1,4.03400,1163.861,2.725,11.000,6.079,7.258,41.971,44.712,0.000,0.000,0,1,1.6257,76,152,76,82,72
26,post_landing,79,1314.0,60,218.079,487.216,0.74357,0.14890,0.75834,0.032726,0.199217,0,1,4.03400,1163.861,2.725,11.000,6.079,7.257,41.970,44.713,0.000,0.000,0,2,1.6257,76,152,76,82,72
26,post_landing,80,1331.0,60,218.783,487.542,0.70746,0.24143,0.74752,0.029328,0.230182,0,1,4.03400,1163.861,2.725,11.000,6.070,36.130,42.200,44.665,0.000,0.000,0,1,1.6257,76,152,76,82,72
26,post_landing,81,1347.0,60,219.493,488.073,0.69663,0.52107,0.86995,0.028879,0.259638,0,0,4.03400,1163.861,2.725,11.000,32.272,37.361,42.450,44.579,0.000,0.000,0,0,1.6257,76,152,76,82,72
26,post_landing,82,1364.0,60,220.193,488.574,1.14016,-0.07392,1.14256,-0.021024,0.288644,0,1,4.03400,1163.861,2.725,11.000,32.279,37.357,38.211,44.352,0.000,0.000,0,3,1.6257,76,152,76,82,72
26,post_landing,83,1381.0,60,221.272,488.385,0.67195,-0.04966,0.67378,0.007421,0.268752,0,1,4.03400,1163.861,2.725,11.000,32.277,37.363,42.449,44.377,0.000,0.000,0,2,1.6257,76,152,76,82,72
26,post_landing,84,1397.0,60,221.947,488.444,0.63630,-0.17588,0.66016,0.005933,0.276205,0,1,4.03400,1163.861,2.725,11.000,32.279,37.363,42.718,44.370,0.000,0.000,0,2,1.6257,76,152,76,82,72
26,post_landing,85,1414.0,60,222.586,488.295,0.21943,0.00000,0.21943,0.020198,0.282164,0,1,4.03400,1163.861,2.725,11.000,32.280,37.361,42.720,44.362,0.000,0.000,0,1,1.6257,76,152,76,82,72
26,post_landing,86,1431.0,60,222.794,488.343,0.04082,-0.02706,0.04898,0.012650,0.301275,0,1,4.03400,1163.861,2.725,11.000,32.274,33.823,38.236,44.327,0.000,0.000,0,2,1.6257,76,152,76,82,72
26,post_landing,87,1447.0,60,222.835,488.250,-0.04328,0.09513,0.10451,0.009288,0.313980,0,1,4.03400,1163.861,2.725,11.000,4.422,33.833,38.255,44.295,0.000,0.000,0,2,1.6257,76,152,76,82,72
26,post_landing,88,1464.0,60,222.791,488.184,-0.02068,0.10649,0.10848,0.001749,0.323309,0,1,4.03400,1163.861,2.725,11.000,4.428,33.837,38.265,44.267,0.000,0.000,0,2,1.6257,76,152,76,82,72
26,post_landing,89,1481.0,60,222.771,488.171,-0.27988,0.12186,0.30526,0.021459,0.324964,0,1,4.03400,1163.861,2.725,11.000,4.429,33.837,38.266,44.261,0.000,0.000,0,2,1.6257,76,152,76,82,72
26,post_landing,90,1497.0,60,222.490,488.033,-0.13724,-0.18327,0.22896,-0.007211,0.346517,0,1,4.03400,1163.861,2.725,11.000,4.441,4.781,38.275,44.180,0.000,0.000,0,2,1.6257,76,152,76,82,72
26,post_landing,91,1514.0,60,222.353,487.953,-0.40735,0.08024,0.41517,0.021156,0.339274,0,1,4.03400,1163.861,2.725,11.000,4.438,4.770,38.274,44.210,0.000,0.000,0,1,1.6257,76,152,76,82,72
26,post_landing,92,1531.0,60,221.967,487.955,-0.29250,-0.17762,0.34221,-0.002048,0.359291,0,1,4.03400,1163.861,2.725,11.000,4.448,4.799,34.528,42.601,0.000,0.000,0,2,1.6257,76,152,76,82,72
26,post_landing,93,1547.0,60,221.673,487.975,-0.21845,0.01551,0.21900,-0.007831,0.357234,0,1,4.03400,1163.861,2.725,11.000,4.447,4.797,34.526,42.608,0.000,0.000,0,2,1.6257,76,152,76,82,72
26,post_landing,94,1564.0,60,221.454,488.015,-0.09513,-0.01637,0.09653,-0.020192,0.349368,0,1,4.03400,1163.861,2.725,11.000,4.443,4.785,38.275,42.631,0.000,0.000,0,2,1.6257,76,152,76,82,72
26,post_landing,95,1581.0,60,221.364,488.143,0.02033,0.00000,0.02033,-0.031271,0.330263,0,1,4.03400,1163.861,2.725,11.000,4.432,33.838,38.270,44.243,0.000,0.000,0,2,1.6257,76,152,76,82,72
26,post_landing,96,1597.0,60,221.384,488.180,-0.41187,0.17854,0.44890,0.015604,0.298854,0,1,4.03400,1163.861,2.725,11.000,32.276,33.820,38.232,44.333,0.000,0.000,0,1,1.6257,76,152,76,82,72
26,post_landing,97,1614.0,60,220.971,488.246,-0.27109,0.00000,0.27109,-0.008781,0.314527,0,1,4.03400,1163.861,2.725,11.000,4.423,33.833,38.256,44.294,0.000,0.000,0,2,1.6257,76,152,76,82,72
26,post_landing,98,1631.0,60,220.714,488.305,-0.19513,-0.01775,0.19593,-0.017070,0.306219,0,1,4.03400,1163.861,2.725,11.000,3.162,33.827,38.244,44.316,0.000,0.000,0,2,1.6257,76,152,76,82,72
26,post_landing,99,1648.0,60,220.518,488.246,-0.03590,-0.05091,0.06229,-0.032913,0.289074,0,1,4.03400,1163.861,2.725,11.000,32.279,37.357,38.212,44.352,0.000,0.000,0,1,1.6257,76,152,76,82,72
26,post_landing,100,1664.0,60,220.482,488.308,0.10673,0.13762,0.17416,-0.035475,0.256016,0,1,4.03400,1163.861,2.725,11.000,32.269,37.359,42.449,44.592,0.000,0.000,0,2,1.6257,76,152,76,82,72
26,post_landing,101,1681.0,60,220.583,487.981,0.22959,-0.26261,0.34882,0.013482,0.222451,0,1,4.03400,1163.861,2.725,11.000,6.073,36.123,42.196,44.681,0.000,0.000,0,3,1.6257,76,152,76,82,72
26,post_landing,102,1697.0,60,220.814,487.686,0.39052,0.01930,0.39100,-0.006739,0.235992,0,1,4.03400,1163.861,2.725,11.000,33.956,36.134,42.202,44.651,0.000,0.000,0,1,1.6257,76,152,76,82,72
26,post_landing,103,1714.0,60,221.206,487.793,0.50692,0.03881,0.50841,-0.004359,0.229223,0,1,4.03400,1163.861,2.725,11.000,6.070,36.130,42.200,44.667,0.000,0.000,0,2,1.6257,76,152,76,82,72
26,post_landing,104,1731.0,60,221.686,487.720,0.31311,0.10003,0.32870,0.020997,0.225099,0,1,4.03400,1163.861,2.725,11.000,6.072,36.126,42.198,44.676,0.000,0.000,0,2,1.6257,76,152,76,82,72
26,post_landing,105,1748.0,60,222.000,487.898,0.38767,0.08069,0.39597,0.023157,0.246188,0,1,4.03400,1163.861,2.725,11.000,33.955,37.352,42.445,44.623,0.000,0.000,0,1,1.6257,76,152,76,82,72
26,post_landing,106,1764.0,60,222.389,488.268,0.38173,0.36279,0.52663,0.022803,0.269447,0,0,4.03400,1163.861,2.725,11.000,32.277,37.363,42.449,44.377,0.000,0.000,0,0,1.6257,76,152,76,82,72
26,post_landing,107,1781.0,60,222.751,488.578,0.31758,-0.14214,0.34794,0.001688,0.291023,0,1,4.03400,1163.861,2.725,11.000,32.279,37.356,38.216,44.348,0.000,0.000,0,3,1.6257,76,152,76,82,72
26,post_landing,108,1798.0,60,223.070,488.411,-0.18592,-0.14816,0.23774,0.019999,0.292719,0,1,4.03400,1163.861,2.725,11.000,32.278,37.354,38.220,44.345,0.000,0.000,0,2,1.6257,76,152,76,82,72
26,post_landing,109,1814.0,60,222.883,488.259,-0.43791,-0.13294,0.45765,0.017394,0.312805,0,1,4.03400,1163.861,2.725,11.000,4.421,33.832,38.254,44.298,0.000,0.000,0,2,1.6257,76,152,76,82,72
26,post_landing,110,1831.0,60,222.469,488.142,-0.73918,0.04444,0.74051,0.024150,0.329264,0,1,4.03400,1163.861,2.725,11.000,4.432,33.838,38.270,44.247,0.000,0.000,0,2,1.6257,76,152,76,82,72
26,post_landing,111,1848.0,60,221.726,487.991,-0.05642,0.00000,0.05642,-0.024186,0.353519,0,1,4.03400,1163.861,2.725,11.000,4.445,4.791,38.274,42.619,0.000,0.000,0,2,1.6257,76,152,76,82,72
26,post_landing,112,1864.0,60,221.669,488.144,-0.08791,-0.09278,0.12781,-0.013272,0.329227,0,1,4.03400,1163.861,2.725,11.000,4.432,33.838,38.270,44.247,0.000,0.000,0,2,1.6257,76,152,76,82,72
26,post_landing,113,1881.0,60,221.586,488.082,-0.34372,0.13667,0.36990,0.014678,0.316670,0,1,4.03400,1163.861,2.725,11.000,4.424,33.834,38.258,44.287,0.000,0.000,0,1,1.6257,76,152,76,82,72
26,post_landing,114,1898.0,60,221.241,488.129,-0.38128,0.02008,0.38181,0.009289,0.331412,0,1,4.03400,1163.861,2.725,11.000,4.433,33.838,38.271,44.239,0.000,0.000,0,2,1.6257,76,152,76,82,72
26,post_landing,115,1914.0,60,220.858,488.069,-0.50905,-0.10932,0.52066,0.011914,0.340742,0,1,4.03400,1163.861,2.725,11.000,4.438,4.773,38.275,44.204,0.000,0.000,0,2,1.6257,76,152,76,82,72
26,post_landing,116,1931.0,60,220.376,487.997,-0.49312,-0.02183,0.49360,0.007430,0.352014,0,1,4.03400,1163.861,2.725,11.000,4.444,4.789,38.275,42.623,0.000,0.000,0,2,1.6257,76,152,76,82,72
26,post_landing,117,1948.0,60,219.881,487.956,-0.43935,0.07514,0.44572,0.001129,0.359477,0,1,4.03400,1163.861,2.725,11.000,4.448,4.800,34.528,42.601,0.000,0.000,0,2,1.6257,76,152,76,82,72
26,post_landing,118,1964.0,60,219.440,487.949,-0.18803,-0.07941,0.20411,-0.027415,0.360611,0,1,4.03400,1163.861,2.725,11.000,4.448,4.801,34.529,42.597,0.000,0.000,0,2,1.6257,76,152,76,82,72
26,post_landing,119,1981.0,60,219.262,487.974,-0.32580,0.10415,0.34204,-0.007455,0.334672,0,1,4.03400,1163.861,2.725,11.000,4.435,33.838,38.273,44.227,0.000,0.000,0,1,1.6257,76,152,76,82,72
27,falling,0,12.0,,195.000,96.781,0.00000,0.48333,0.48333,0.000000,0.000000,0,0,4.88000,2744.433,3.428,6.000,6.000,9.000,12.000,12.000,0.000,0.000,0,0,1.1545,66,132,66,70,66
27,falling,1,17.0,,195.000,96.950,0.00000,0.56449,0.56449,0.000000,0.000000,0,0,4.88000,2744.433,3.428,6.000,6.000,9.000,12.000,12.000,0.000,0.000,0,0,1.1545,66,132,66,70,66
27,falling,2,34.0,,195.000,97.806,0.00000,0.83919,0.83919,0.000000,0.000000,0,0,4.88000,2744.433,3.428,6.000,6.000,9.000,12.000,12.000,0.000,0.000,0,0,1.1545,66,132,66,70,66
27,falling,3,50.0,,195.000,98.856,0.00000,1.09377,1.09377,0.000000,0.000000,0,0,4.88000,2744.433,3.428,6.000,6.000,9.000,12.000,12.000,0.000,0.000,0,0,1.1545,66,132,66,70,66
27,falling,4,67.0,,195.000,100.244,0.00000,1.36037,1.36037,0.000000,0.000000,0,0,4.88000,2744.433,3.428,6.000,6.000,9.000,12.000,12.000,0.000,0.000,0,0,1.1545,66,132,66,70,66
27,falling,5,84.0,,195.000,101.787,0.00000,1.60745,1.60745,0.000000,0.000000,0,0,4.88000,2744.433,3.428,6.000,6.000,9.000,12.000,12.000,0.000,0.000,0,0,1.1545,66,132,66,70,66
27,falling,6,100.0,,195.000,103.691,0.00000,1.86619,1.86619,0.000000,0.000000,0,0,4.88000,2744.433,3.428,6.000,6.000,9.000,12.000,12.000,0.000,0.000,0,0,1.1545,66,132,66,70,66
27,falling,7,117.0,,195.000,105.854,0.00000,2.12097,2.12097,0.000000,0.000000,0,0,4.88000,2744.433,3.428,6.000,6.000,9.000,12.000,12.000,0.000,0.000,0,0,1.1545,66,132,66,70,66
27,falling,8,134.0,,195.000,108.117,0.00000,2.35709,2.35709,0.000000,0.000000,0,0,4.88000,2744.433,3.428,6.000,6.000,9.000,12.000,12.000,0.000,0.000,0,0,1.1545,66,132,66,70,66
27,falling,9,150.0,,195.000,110.773,0.00000,2.60436,2.60436,0.000000,0.000000,0,0,4.88000,2744.433,3.428,6.000,6.000,9.000,12.000,12.000,0.000,0.000,0,0,1.1545,66,132,66,70,66
27,falling,10,167.0,,195.000,113.678,0.00000,2.84785,2.84785,0.000000,0.000000,0,0,4.88000,2744.433,3.428,6.000,6.000,9.000,12.000,12.000,0.000,0.000,0,0,1.1545,66,132,66,70,66
27,falling,11,184.0,,195.000,116.629,0.00000,3.07351,3.07351,0.000000,0.000000,0,0,4.88000,2744.433,3.428,6.000,6.000,9.000,12.000,12.000,0.000,0.000,0,0,1.1545,66,132,66,70,66
27,falling,12,200.0,,195.000,120.005,0.00000,3.30981,3.30981,0.000000,0.000000,0,0,4.88000,2744.433,3.428,6.000,6.000,9.000,12.000,12.000,0.000,0.000,0,0,1.1545,66,132,66,70,66
27,falling,13,217.0,,195.000,123.618,0.00000,3.54251,3.54251,0.000000,0.000000,0,0,4.88000,2744.433,3.428,6.000,6.000,9.000,12.000,12.000,0.000,0.000,0,0,1.1545,66,132,66,70,66
27,falling,14,234.0,,195.000,127.226,0.00000,3.75816,3.75816,0.000000,0.000000,0,0,4.88000,2744.433,3.428,6.000,6.000,9.000,12.000,12.000,0.000,0.000,0,0,1.1545,66,132,66,70,66
27,falling,15,250.0,,195.000,131.289,0.00000,3.98400,3.98400,0.000000,0.000000,0,0,4.88000,2744.433,3.428,6.000,6.000,9.000,12.000,12.000,0.000,0.000,0,0,1.1545,66,132,66,70,66
27,falling,16,267.0,,195.000,135.580,0.00000,4.20637,4.20637,0.000000,0.000000,0,0,4.88000,2744.433,3.428,6.000,6.000,9.000,12.000,12.000,0.000,0.000,0,0,1.1545,66,132,66,70,66
27,falling,17,284.0,,195.000,140.094,0.00000,4.42535,4.42535,0.000000,0.000000,0,0,4.88000,2744.433,3.428,6.000,6.000,9.000,12.000,12.000,0.000,0.000,0,0,1.1545,66,132,66,70,66
27,falling,18,300.0,,195.000,144.537,0.00000,4.62829,4.62829,0.000000,0.000000,0,0,4.88000,2744.433,3.428,6.000,6.000,9.000,12.000,12.000,0.000,0.000,0,0,1.1545,66,132,66,70,66
27,falling,19,317.0,,195.000,149.475,0.00000,4.84081,4.84081,0.000000,0.000000,0,0,4.88000,2744.433,3.428,6.000,6.000,9.000,12.000,12.000,0.000,0.000,0,0,1.1545,66,132,66,70,66
27,falling,20,334.0,,195.000,154.626,0.00000,5.05008,5.05008,0.000000,0.000000,0,0,4.88000,2744.433,3.428,6.000,6.000,9.000,12.000,12.000,0.000,0.000,0,0,1.1545,66,132,66,70,66
27,falling,21,350.0,,195.000,159.660,0.00000,5.24403,5.24403,0.000000,0.000000,0,0,4.88000,2744.433,3.428,6.000,6.000,9.000,12.000,12.000,0.000,0.000,0,0,1.1545,66,132,66,70,66
27,falling,22,367.0,,195.000,165.216,0.00000,5.44713,5.44713,0.000000,0.000000,0,0,4.88000,2744.433,3.428,6.000,6.000,9.000,12.000,12.000,0.000,0.000,0,0,1.1545,66,132,66,70,66
27,falling,23,384.0,,195.000,170.976,0.00000,5.64712,5.64712,0.000000,0.000000,0,0,4.88000,2744.433,3.428,6.000,6.000,9.000,12.000,12.000,0.000,0.000,0,0,1.1545,66,132,66,70,66
27,falling,24,400.0,,195.000,176.575,0.00000,5.83247,5.83247,0.000000,0.000000,0,0,4.88000,2744.433,3.428,6.000,6.000,9.000,12.000,12.000,0.000,0.000,0,0,1.1545,66,132,66,70,66
27,falling,25,417.0,,195.000,182.722,0.00000,6.02656,6.02656,0.000000,0.000000,0,0,4.88000,2744.433,3.428,6.000,6.000,9.000,12.000,12.000,0.000,0.000,0,0,1.1545,66,132,66,70,66
27,falling,26,434.0,,195.000,189.064,0.00000,6.21769,6.21769,0.000000,0.000000,0,0,4.88000,2744.433,3.428,6.000,6.000,9.000,12.000,12.000,0.000,0.000,0,0,1.1545,66,132,66,70,66
27,falling,27,450.0,,195.000,195.203,0.00000,6.39482,6.39482,0.000000,0.000000,0,0,4.88000,2744.433,3.428,6.000,6.000,9.000,12.000,12.000,0.000,0.000,0,0,1.1545,66,132,66,70,66
27,falling,28,467.0,,195.000,201.915,0.00000,6.58031,6.58031,0.000000,0.000000,0,0,4.88000,2744.433,3.428,6.000,6.000,9.000,12.000,12.000,0.000,0.000,0,0,1.1545,66,132,66,70,66
27,falling,29,484.0,,195.000,208.814,0.00000,6.76297,6.76297,0.000000,0.000000,0,0,4.88000,2744.433,3.428,6.000,6.000,9.000,12.000,12.000,0.000,0.000,0,0,1.1545,66,132,66,70,66
27,falling,30,500.0,,195.000,215.469,0.00000,6.93225,6.93225,0.000000,0.000000,0,0,4.88000,2744.433,3.428,6.000,6.000,9.000,12.000,12.000,0.000,0.000,0,0,1.1545,66,132,66,70,66
27,falling,31,517.0,,195.000,222.720,0.00000,7.10952,7.10952,0.000000,0.000000,0,0,4.88000,2744.433,3.428,6.000,6.000,9.000,12.000,12.000,0.000,0.000,0,0,1.1545,66,132,66,70,66
27,falling,32,534.0,,195.000,229.703,0.00000,7.27381,7.27381,0.000000,0.000000,0,0,4.88000,2744.433,3.428,6.000,6.000,9.000,12.000,12.000,0.000,0.000,0,0,1.1545,66,132,66,70,66
27,falling,33,550.0,,195.000,237.298,0.00000,7.44585,7.44585,0.000000,0.000000,0,0,4.88000,2744.433,3.428,6.000,6.000,9.000,12.000,12.000,0.000,0.000,0,0,1.1545,66,132,66,70,66
27,falling,34,567.0,,195.000,245.065,0.00000,7.61526,7.61526,0.000000,0.000000,0,0,4.88000,2744.433,3.428,6.000,6.000,9.000,12.000,12.000,0.000,0.000,0,0,1.1545,66,132,66,70,66
27,falling,35,584.0,,195.000,252.527,0.00000,7.77227,7.77227,0.000000,0.000000,0,0,4.88000,2744.433,3.428,6.000,6.000,9.000,12.000,12.000,0.000,0.000,0,0,1.1545,66,132,66,70,66
27,falling,36,600.0,,195.000,260.622,0.00000,7.93669,7.93669,0.000000,0.000000,0,0,4.88000,2744.433,3.428,6.000,6.000,9.000,12.000,12.000,0.000,0.000,0,0,1.1545,66,132,66,70,66
27,falling,37,617.0,,195.000,268.883,0.00000,8.09859,8.09859,0.000000,0.000000,0,0,4.88000,2744.433,3.428,6.000,6.000,9.000,12.000,12.000,0.000,0.000,0,0,1.1545,66,132,66,70,66
27,falling,38,634.0,,195.000,276.801,0.00000,8.24864,8.24864,0.000000,0.000000,0,0,4.88000,2744.433,3.428,6.000,6.000,9.000,12.000,12.000,0.000,0.000,0,0,1.1545,66,132,66,70,66
27,falling,39,650.0,,195.000,285.375,0.00000,8.40577,8.40577,0.000000,0.000000,0,0,4.88000,2744.433,3.428,6.000,6.000,9.000,12.000,12.000,0.000,0.000,0,0,1.1545,66,132,66,70,66
27,falling,40,667.0,,195.000,294.107,0.00000,8.56049,8.56049,0.000000,0.000000,0,0,4.88000,2744.433,3.428,6.000,6.000,9.000,12.000,12.000,0.000,0.000,0,0,1.1545,66,132,66,70,66
27,falling,41,684.0,,195.000,302.463,0.00000,8.70389,8.70389,0.000000,0.000000,0,0,4.88000,2744.433,3.428,6.000,6.000,9.000,12.000,12.000,0.000,0.000,0,0,1.1545,66,132,66,70,66
27,falling,42,700.0,,195.000,311.494,0.00000,8.85405,8.85405,0.000000,0.000000,0,0,4.88000,2744.433,3.428,6.000,6.000,9.000,12.000,12.000,0.000,0.000,0,0,1.1545,66,132,66,70,66
27,falling,43,717.0,,195.000,320.676,0.00000,9.00192,9.00192,0.000000,0.000000,0,0,4.88000,2744.433,3.428,6.000,6.000,9.000,12.000,12.000,0.000,0.000,0,0,1.1545,66,132,66,70,66
27,falling,44,734.0,,195.000,329.449,0.00000,9.13896,9.13896,0.000000,0.000000,0,0,4.88000,2744.433,3.428,6.000,6.000,9.000,12.000,12.000,0.000,0.000,0,0,1.1545,66,132,66,70,66
27,falling,45,750.0,,195.000,338.917,0.00000,9.28246,9.28246,0.000000,0.000000,0,0,4.88000,2744.433,3.428,6.000,6.000,9.000,12.000,12.000,0.000,0.000,0,0,1.1545,66,132,66,70,66
27,falling,46,767.0,,195.000,348.530,0.00000,9.42378,9.42378,0.000000,0.000000,0,0,4.88000,2744.433,3.428,6.000,6.000,9.000,12.000,12.000,0.000,0.000,0,0,1.1545,66,132,66,70,66
27,falling,47,784.0,,195.000,357.702,0.00000,9.55474,9.55474,0.000000,0.000000,0,0,4.88000,2744.433,3.428,6.000,6.000,9.000,12.000,12.000,0.000,0.000,0,0,1.1545,66,132,66,70,66
27,falling,48,800.0,,195.000,367.588,0.00000,9.69189,9.69189,0.000000,0.000000,0,0,4.88000,2744.433,3.428,6.000,6.000,9.000,12.000,12.000,0.000,0.000,0,0,1.1545,66,132,66,70,66
27,falling,49,817.0,,195.000,377.611,0.00000,9.82693,9.82693,0.000000,0.000000,0,0,4.88000,2744.433,3.428,6.000,6.000,9.000,12.000,12.000,0.000,0.000,0,0,1.1545,66,132,66,70,66
27,falling,50,834.0,,195.000,387.165,0.00000,9.95209,9.95209,0.000000,0.000000,0,0,4.88000,2744.433,3.428,6.000,6.000,9.000,12.000,12.000,0.000,0.000,0,0,1.1545,66,132,66,70,66
27,falling,51,850.0,,195.000,397.450,0.00000,10.08316,10.08316,0.000000,0.000000,0,0,4.88000,2744.433,3.428,6.000,6.000,9.000,12.000,12.000,0.000,0.000,0,0,1.1545,66,132,66,70,66
27,falling,52,867.0,,195.000,407.867,0.00000,10.21222,10.21222,0.000000,0.000000,0,0,4.88000,2744.433,3.428,6.000,6.000,9.000,12.000,12.000,0.000,0.000,0,0,1.1545,66,132,66,70,66
27,falling,53,884.0,,195.000,417.785,0.00000,10.33183,10.33183,0.000000,0.000000,0,0,4.88000,2744.433,3.428,6.000,6.000,9.000,12.000,12.000,0.000,0.000,0,0,1.1545,66,132,66,70,66
27,falling,54,900.0,,195.000,428.451,0.00000,10.45709,10.45709,0.000000,0.000000,0,0,4.88000,2744.433,3.428,6.000,6.000,9.000,12.000,12.000,0.000,0.000,0,0,1.1545,66,132,66,70,66
27,falling,55,917.0,,195.000,439.244,0.00000,10.58043,10.58043,0.000000,0.000000,0,0,4.88000,2744.433,3.428,6.000,6.000,9.000,12.000,12.000,0.000,0.000,0,0,1.1545,66,132,66,70,66
27,falling,56,934.0,,195.000,449.510,0.00000,10.69473,10.69473,0.000000,0.000000,0,0,4.88000,2744.433,3.428,6.000,6.000,9.000,12.000,12.000,0.000,0.000,0,0,1.1545,66,132,66,70,66
27,falling,57,950.0,,195.000,460.541,0.00000,10.81444,10.81444,0.000000,0.000000,0,0,4.88000,2744.433,3.428,6.000,6.000,9.000,12.000,12.000,0.000,0.000,0,0,1.1545,66,132,66,70,66
27,falling,58,967.0,,195.000,471.692,0.00000,10.93231,10.93231,0.000000,0.000000,0,0,4.88000,2744.433,3.428,6.000,6.000,9.000,12.000,12.000,0.000,0.000,0,0,1.1545,66,132,66,70,66
27,post_landing,59,984.0,59,195.000,481.501,-1.76663,0.14046,1.77220,-0.033401,0.000000,0,1,4.88000,2744.433,3.428,6.000,6.000,9.000,12.000,12.000,0.000,0.000,0,3,1.1545,66,132,66,70,66
27,post_landing,60,1000.0,59,193.226,481.204,-1.51773,0.10456,1.52133,-0.018856,-0.033548,0,1,4.88000,2744.433,3.428,6.000,1.033,9.028,12.094,12.127,0.000,0.000,0,1,1.1545,66,132,66,70,66
27,post_landing,61,1017.0,59,191.701,481.431,-1.64289,0.14679,1.64944,0.000000,-0.052487,0,1,4.88000,2744.433,3.428,6.000,1.051,9.040,12.141,12.193,0.000,0.000,0,1,1.1545,66,132,66,70,66
27,post_landing,62,1034.0,59,190.147,481.429,-1.39231,0.15631,1.40105,-0.004082,-0.052487,0,1,4.88000,2744.433,3.428,6.000,1.051,9.040,12.141,12.193,0.000,0.000,0,1,1.1545,66,132,66,70,66
27,post_landing,63,1050.0,59,188.748,481.483,-1.16189,0.14304,1.17066,-0.006249,-0.056587,0,1,4.88000,2744.433,3.428,6.000,1.055,9.042,12.150,12.207,0.000,0.000,0,1,1.1545,66,132,66,70,66
27,post_landing,64,1067.0,59,187.581,481.562,-0.93042,0.08855,0.93462,-0.008989,-0.062863,0,1,4.88000,2744.433,3.428,6.000,1.061,9.045,12.165,12.228,0.000,0.000,0,1,1.1545,66,132,66,70,66
27,post_landing,65,1084.0,59,186.701,481.670,-0.58872,0.10622,0.59822,-0.026866,-0.071368,0,1,4.88000,2744.433,3.428,6.000,1.069,9.048,12.183,12.255,0.000,0.000,0,1,1.1545,66,132,66,70,66
27,post_landing,66,1100.0,59,186.110,482.043,-0.67963,-0.01678,0.67984,-0.021118,-0.098352,0,1,4.88000,2744.433,3.428,6.000,1.093,9.055,12.237,12.335,0.000,0.000,0,1,1.1545,66,132,66,70,66
27,post_landing,67,1117.0,59,185.427,482.349,-0.52886,0.05978,0.53223,-0.025903,-0.119563,0,1,4.88000,2744.433,3.428,6.000,1.112,9.055,12.272,12.391,0.000,0.000,0,1,1.1545,66,132,66,70,66
27,post_landing,68,1134.0,59,184.927,482.688,-0.52125,0.32559,0.61458,-0.025530,-0.144072,0,0,4.88000,2744.433,3.428,6.000,1.133,9.050,12.306,12.450,0.000,0.000,0,0,1.1545,66,132,66,70,66
27,post_landing,69,1150.0,59,184.403,483.152,-0.52092,0.06920,0.52550,-0.014881,-0.169714,0,1,4.88000,2744.433,3.428,6.000,1.155,9.040,12.503,12.503,0.000,0.000,0,1,1.1545,66,132,66,70,66
27,post_landing,70,1167.0,59,183.880,483.417,-0.46308,0.00000,0.46308,-0.011000,-0.184661,0,1,4.88000,2744.433,3.428,6.000,1.167,8.048,12.530,50.921,0.000,0.000,0,1,1.1545,66,132,66,70,66
27,post_landing,71,1184.0,59,183.442,483.598,-0.34871,0.01519,0.34904,-0.009973,-0.195069,0,1,4.88000,2744.433,3.428,6.000,1.175,8.042,12.548,50.978,0.000,0.000,0,1,1.1545,66,132,66,70,66
27,post_landing,72,1201.0,59,183.092,483.784,-0.28295,0.00000,0.28295,-0.009606,-0.205086,0,1,4.88000,2744.433,3.428,6.000,1.183,8.036,12.563,52.211,0.000,0.000,0,1,1.1545,66,132,66,70,66
27,post_landing,73,1217.0,59,182.807,483.961,-0.22680,-0.01291,0.22717,-0.009275,-0.214734,0,1,4.88000,2744.433,3.428,6.000,1.190,5.098,12.577,53.451,0.000,0.000,0,1,1.1545,66,132,66,70,66
27,post_landing,74,1234.0,59,182.593,484.122,-0.18678,0.00000,0.18678,-0.008280,-0.223510,0,1,4.88000,2744.433,3.428,6.000,1.197,5.097,12.588,53.500,0.000,0.000,0,1,1.1545,66,132,66,70,66
27,post_landing,75,1250.0,59,182.405,484.286,-0.16588,-0.02684,0.16804,-0.015610,-0.231826,0,1,4.88000,2744.433,3.428,6.000,1.203,5.096,12.598,53.542,0.000,0.000,0,1,1.1545,66,132,66,70,66
27,post_landing,76,1267.0,59,182.239,484.581,-0.19250,0.00000,0.19250,-0.016989,-0.247505,0,1,4.88000,2744.433,3.428,6.000,1.215,5.093,12.614,53.856,0.000,0.000,0,1,1.1545,66,132,66,70,66
27,post_landing,77,1284.0,59,182.056,484.863,-0.18972,0.26667,0.32727,-0.016745,-0.263580,0,0,4.88000,2744.433,3.428,6.000,1.226,5.088,12.628,53.928,0.000,0.000,0,0,1.1545,66,132,66,70,66
27,post_landing,78,1301.0,59,181.866,485.268,-0.23995,0.14026,0.27794,-0.007871,-0.280398,0,1,4.88000,2744.433,3.428,6.000,1.238,5.081,51.237,55.504,0.000,0.000,0,1,1.1545,66,132,66,70,66
27,post_landing,79,1317.0,59,181.625,485.423,-0.16759,0.03793,0.17183,-0.009971,-0.288304,0,1,4.88000,2744.433,3.428,6.000,1.243,5.078,52.486,55.540,0.000,0.000,0,1,1.1545,66,132,66,70,66
27,post_landing,80,1334.0,59,181.466,485.629,-0.16544,0.01535,0.16615,-0.008102,-0.297738,0,1,4.88000,2744.433,3.428,6.000,1.249,5.367,52.494,55.873,0.000,0.000,0,1,1.1545,66,132,66,70,66
27,post_landing,81,1350.0,59,181.300,485.811,-0.13240,0.00000,0.13240,-0.008497,-0.305875,0,1,4.88000,2744.433,3.428,6.000,1.255,5.370,53.752,55.910,0.000,0.000,0,1,1.1545,66,132,66,70,66
27,post_landing,82,1367.0,59,181.167,485.998,-0.11117,0.00000,0.11117,-0.008273,-0.314409,0,1,4.88000,2744.433,3.428,6.000,4.422,47.433,53.757,55.945,0.000,0.000,0,1,1.1545,66,132,66,70,66
27,post_landing,83,1384.0,59,181.062,486.170,-0.10404,0.00000,0.10404,-0.007437,-0.322237,0,1,4.88000,2744.433,3.428,6.000,4.427,47.434,54.075,55.974,0.000,0.000,0,1,1.1545,66,132,66,70,66
27,post_landing,84,1400.0,59,180.957,486.343,-0.08328,0.00000,0.08328,-0.014853,-0.329707,0,1,4.88000,2744.433,3.428,6.000,4.432,48.703,54.081,55.998,0.000,0.000,0,1,1.1545,66,132,66,70,66
27,post_landing,85,1417.0,59,180.874,486.675,-0.12633,0.04934,0.13563,-0.016015,-0.344625,0,1,4.88000,2744.433,3.428,6.000,46.818,49.980,54.083,56.037,0.000,0.000,0,1,1.1545,66,132,66,70,66
27,post_landing,86,1434.0,59,180.754,486.879,0.03858,0.01969,0.04332,-0.011275,-0.359778,0,1,4.88000,2744.433,3.428,6.000,48.104,49.976,55.712,56.064,0.000,0.000,0,1,1.1545,66,132,66,70,66
27,post_landing,87,1451.0,59,180.793,486.928,0.04029,0.00000,0.04029,0.000000,-0.371102,0,1,4.88000,2744.433,3.428,6.000,47.170,49.396,55.713,56.076,0.000,0.000,0,2,1.1545,66,132,66,70,66
27,post_landing,88,1467.0,59,180.833,486.930,0.10656,0.07171,0.12844,0.002436,-0.371102,0,1,4.88000,2744.433,3.428,6.000,47.170,49.396,55.713,56.076,0.000,0.000,0,2,1.1545,66,132,66,70,66
27,post_landing,89,1484.0,59,180.934,487.069,0.01432,0.00000,0.01432,0.000000,-0.368797,0,1,4.88000,2744.433,3.428,6.000,48.103,49.396,55.713,56.074,0.000,0.000,0,3,1.1545,66,132,66,70,66
27,post_landing,90,1500.0,59,180.949,487.057,-0.00239,0.00000,0.00239,0.000000,-0.368797,0,1,4.88000,2744.433,3.428,6.000,48.103,49.396,55.713,56.074,0.000,0.000,0,3,1.1545,66,132,66,70,66
27,post_landing,91,1517.0,59,180.946,487.057,-0.00170,0.00000,0.00170,0.000000,-0.368797,0,1,4.88000,2744.433,3.428,6.000,48.103,49.396,55.713,56.074,0.000,0.000,0,3,1.1545,66,132,66,70,66
27,post_landing,92,1534.0,59,180.945,487.073,-0.00505,0.00000,0.00505,0.000000,-0.368797,0,1,4.88000,2744.433,3.428,6.000,48.103,49.396,55.713,56.074,0.000,0.000,0,3,1.1545,66,132,66,70,66
27,post_landing,93,1550.0,59,180.940,487.057,0.00488,0.00000,0.00488,0.000000,-0.368797,0,1,4.88000,2744.433,3.428,6.000,48.103,49.396,55.713,56.074,0.000,0.000,0,3,1.1545,66,132,66,70,66
27,post_landing,94,1567.0,59,180.944,487.057,-0.00046,0.00000,0.00046,0.000000,-0.368797,0,1,4.88000,2744.433,3.428,6.000,48.103,49.396,55.713,56.074,0.000,0.000,0,3,1.1545,66,132,66,70,66
27,post_landing,95,1584.0,59,180.944,487.073,-0.00108,0.00000,0.00108,0.000000,-0.368797,0,1,4.88000,2744.433,3.428,6.000,48.103,49.396,55.713,56.074,0.000,0.000,0,3,1.1545,66,132,66,70,66
27,post_landing,96,1600.0,59,180.943,487.057,0.00058,0.00000,0.00058,0.000000,-0.368797,0,1,4.88000,2744.433,3.428,6.000,48.103,49.396,55.713,56.074,0.000,0.000,0,3,1.1545,66,132,66,70,66
27,post_landing,97,1617.0,59,180.944,487.057,0.00014,0.00000,0.00014,0.000000,-0.368797,0,1,4.88000,2744.433,3.428,6.000,48.103,49.396,55.713,56.074,0.000,0.000,0,3,1.1545,66,132,66,70,66
27,post_landing,98,1634.0,59,180.944,487.073,0.00022,0.00000,0.00022,0.000000,-0.368797,0,1,4.88000,2744.433,3.428,6.000,48.103,49.396,55.713,56.074,0.000,0.000,0,3,1.1545,66,132,66,70,66
27,post_landing,99,1650.0,59,180.944,487.057,-0.00014,0.00000,0.00014,0.000000,-0.368797,0,1,4.88000,2744.433,3.428,6.000,48.103,49.396,55.713,56.074,0.000,0.000,0,3,1.1545,66,132,66,70,66
27,post_landing,100,1667.0,59,180.944,487.057,0.00023,0.00000,0.00023,0.000000,-0.368797,0,1,4.88000,2744.433,3.428,6.000,48.103,49.396,55.713,56.074,0.000,0.000,0,3,1.1545,66,132,66,70,66
27,post_landing,101,1684.0,59,180.944,487.073,0.00035,0.00000,0.00035,0.000000,-0.368797,0,1,4.88000,2744.433,3.428,6.000,48.103,49.396,55.713,56.074,0.000,0.000,0,3,1.1545,66,132,66,70,66
27,post_landing,102,1700.0,59,180.944,487.057,-0.00031,0.00000,0.00031,0.000000,-0.368797,0,1,4.88000,2744.433,3.428,6.000,48.103,49.396,55.713,56.074,0.000,0.000,0,3,1.1545,66,132,66,70,66
27,post_landing,103,1717.0,59,180.944,487.057,0.00021,0.00000,0.00021,0.000000,-0.368797,0,1,4.88000,2744.433,3.428,6.000,48.103,49.396,55.713,56.074,0.000,0.000,0,3,1.1545,66,132,66,70,66
27,post_landing,104,1734.0,59,180.944,487.073,0.00042,0.00000,0.00042,0.000000,-0.368797,0,1,4.88000,2744.433,3.428,6.000,48.103,49.396,55.713,56.074,0.000,0.000,0,3,1.1545,66,132,66,70,66
27,post_landing,105,1751.0,59,180.945,487.057,-0.00039,0.00000,0.00039,0.000000,-0.368797,0,1,4.88000,2744.433,3.428,6.000,48.103,49.396,55.713,56.074,0.000,0.000,0,3,1.1545,66,132,66,70,66
27,post_landing,106,1767.0,59,180.944,487.057,0.00016,0.00000,0.00016,0.000000,-0.368797,0,1,4.88000,2744.433,3.428,6.000,48.103,49.396,55.713,56.074,0.000,0.000,0,3,1.1545,66,132,66,70,66
27,post_landing,107,1784.0,59,180.944,487.057,0.00008,0.00000,0.00008,0.000000,-0.368797,0,1,4.88000,2744.433,3.428,6.000,48.103,49.396,55.713,56.074,0.000,0.000,0,3,1.1545,66,132,66,70,66
27,post_landing,108,1800.0,59,180.944,487.073,0.00049,0.00000,0.00049,0.000000,-0.368797,0,1,4.88000,2744.433,3.428,6.000,48.103,49.396,55.713,56.074,0.000,0.000,0,3,1.1545,66,132,66,70,66
27,post_landing,109,1817.0,59,180.945,487.057,-0.00054,0.00000,0.00054,0.000000,-0.368797,0,1,4.88000,2744.433,3.428,6.000,48.103,49.396,55.713,56.074,0.000,0.000,0,3,1.1545,66,132,66,70,66
27,post_landing,110,1834.0,59,180.944,487.073,0.00056,0.00000,0.00056,0.000000,-0.368797,0,1,4.88000,2744.433,3.428,6.000,48.103,49.396,55.713,56.074,0.000,0.000,0,3,1.1545,66,132,66,70,66
27,post_landing,111,1851.0,59,180.945,487.057,-0.00055,0.00000,0.00055,0.000000,-0.368797,0,1,4.88000,2744.433,3.428,6.000,48.103,49.396,55.713,56.074,0.000,0.000,0,3,1.1545,66,132,66,70,66
27,post_landing,112,1867.0,59,180.944,487.057,0.00004,0.00000,0.00004,0.000000,-0.368797,0,1,4.88000,2744.433,3.428,6.000,48.103,49.396,55.713,56.074,0.000,0.000,0,3,1.1545,66,132,66,70,66
27,post_landing,113,1884.0,59,180.945,487.073,0.00061,0.00000,0.00061,0.000000,-0.368797,0,1,4.88000,2744.433,3.428,6.000,48.103,49.396,55.713,56.074,0.000,0.000,0,3,1.1545,66,132,66,70,66
27,post_landing,114,1900.0,59,180.945,487.057,-0.00052,0.00000,0.00052,0.000000,-0.368797,0,1,4.88000,2744.433,3.428,6.000,48.103,49.396,55.713,56.074,0.000,0.000,0,3,1.1545,66,132,66,70,66
27,post_landing,115,1917.0,59,180.945,487.057,0.00004,0.00000,0.00004,0.000000,-0.368797,0,1,4.88000,2744.433,3.428,6.000,48.103,49.396,55.713,56.074,0.000,0.000,0,3,1.1545,66,132,66,70,66
27,post_landing,116,1934.0,59,180.945,487.073,0.00057,0.00000,0.00057,0.000000,-0.368797,0,1,4.88000,2744.433,3.428,6.000,48.103,49.396,55.713,56.074,0.000,0.000,0,3,1.1545,66,132,66,70,66
27,post_landing,117,1951.0,59,180.945,487.057,-0.00046,0.00000,0.00046,0.000000,-0.368797,0,1,4.88000,2744.433,3.428,6.000,48.103,49.396,55.713,56.074,0.000,0.000,0,3,1.1545,66,132,66,70,66
27,post_landing,118,1967.0,59,180.945,487.057,0.00005,0.00000,0.00005,0.000000,-0.368797,0,1,4.88000,2744.433,3.428,6.000,48.103,49.396,55.713,56.074,0.000,0.000,0,3,1.1545,66,132,66,70,66
28,falling,0,25.0,,195.000,97.029,0.00000,0.55000,0.55000,0.000000,0.000000,0,0,3.35200,665.675,2.082,3.000,3.000,4.000,5.000,30.000,0.000,0.000,0,0,1.4097,92,184,92,95,80
28,falling,1,36.0,,195.000,97.456,0.00000,0.71172,0.71172,0.000000,0.000000,0,0,3.35200,665.675,2.082,3.000,3.000,4.000,5.000,30.000,0.000,0.000,0,0,1.4097,92,184,92,95,80
28,falling,2,52.0,,195.000,98.460,0.00000,0.98416,0.98416,0.000000,0.000000,0,0,3.35200,665.675,2.082,3.000,3.000,4.000,5.000,30.000,0.000,0.000,0,0,1.4097,92,184,92,95,80
28,falling,3,69.0,,195.000,99.737,0.00000,1.25244,1.25244,0.000000,0.000000,0,0,3.35200,665.675,2.082,3.000,3.000,4.000,5.000,30.000,0.000,0.000,0,0,1.4097,92,184,92,95,80
28,falling,4,86.0,,195.000,101.178,0.00000,1.50107,1.50107,0.000000,0.000000,0,0,3.35200,665.675,2.082,3.000,3.000,4.000,5.000,30.000,0.000,0.000,0,0,1.4097,92,184,92,95,80
28,falling,5,102.0,,195.000,102.975,0.00000,1.76143,1.76143,0.000000,0.000000,0,0,3.35200,665.675,2.082,3.000,3.000,4.000,5.000,30.000,0.000,0.000,0,0,1.4097,92,184,92,95,80
28,falling,6,119.0,,195.000,105.033,0.00000,2.01782,2.01782,0.000000,0.000000,0,0,3.35200,665.675,2.082,3.000,3.000,4.000,5.000,30.000,0.000,0.000,0,0,1.4097,92,184,92,95,80
28,falling,7,136.0,,195.000,107.198,0.00000,2.25543,2.25543,0.000000,0.000000,0,0,3.35200,665.675,2.082,3.000,3.000,4.000,5.000,30.000,0.000,0.000,0,0,1.4097,92,184,92,95,80
28,falling,8,152.0,,195.000,109.753,0.00000,2.50425,2.50425,0.000000,0.000000,0,0,3.35200,665.675,2.082,3.000,3.000,4.000,5.000,30.000,0.000,0.000,0,0,1.4097,92,184,92,95,80
28,falling,9,169.0,,195.000,112.557,0.00000,2.74927,2.74927,0.000000,0.000000,0,0,3.35200,665.675,2.082,3.000,3.000,4.000,5.000,30.000,0.000,0.000,0,0,1.4097,92,184,92,95,80
28,falling,10,186.0,,195.000,115.607,0.00000,2.99054,2.99054,0.000000,0.000000,0,0,3.35200,665.675,2.082,3.000,3.000,4.000,5.000,30.000,0.000,0.000,0,0,1.4097,92,184,92,95,80
28,falling,11,202.0,,195.000,118.693,0.00000,3.21414,3.21414,0.000000,0.000000,0,0,3.35200,665.675,2.082,3.000,3.000,4.000,5.000,30.000,0.000,0.000,0,0,1.4097,92,184,92,95,80
28,falling,12,219.0,,195.000,122.210,0.00000,3.44830,3.44830,0.000000,0.000000,0,0,3.35200,665.675,2.082,3.000,3.000,4.000,5.000,30.000,0.000,0.000,0,0,1.4097,92,184,92,95,80
28,falling,13,236.0,,195.000,125.963,0.00000,3.67888,3.67888,0.000000,0.000000,0,0,3.35200,665.675,2.082,3.000,3.000,4.000,5.000,30.000,0.000,0.000,0,0,1.4097,92,184,92,95,80
28,falling,14,252.0,,195.000,129.700,0.00000,3.89257,3.89257,0.000000,0.000000,0,0,3.35200,665.675,2.082,3.000,3.000,4.000,5.000,30.000,0.000,0.000,0,0,1.4097,92,184,92,95,80
28,falling,15,269.0,,195.000,133.898,0.00000,4.11634,4.11634,0.000000,0.000000,0,0,3.35200,665.675,2.082,3.000,3.000,4.000,5.000,30.000,0.000,0.000,0,0,1.4097,92,184,92,95,80
28,falling,16,286.0,,195.000,138.322,0.00000,4.33670,4.33670,0.000000,0.000000,0,0,3.35200,665.675,2.082,3.000,3.000,4.000,5.000,30.000,0.000,0.000,0,0,1.4097,92,184,92,95,80
28,falling,17,303.0,,195.000,142.681,0.00000,4.54092,4.54092,0.000000,0.000000,0,0,3.35200,665.675,2.082,3.000,3.000,4.000,5.000,30.000,0.000,0.000,0,0,1.4097,92,184,92,95,80
28,falling,18,319.0,,195.000,147.531,0.00000,4.75477,4.75477,0.000000,0.000000,0,0,3.35200,665.675,2.082,3.000,3.000,4.000,5.000,30.000,0.000,0.000,0,0,1.4097,92,184,92,95,80
28,falling,19,336.0,,195.000,152.595,0.00000,4.96536,4.96536,0.000000,0.000000,0,0,3.35200,665.675,2.082,3.000,3.000,4.000,5.000,30.000,0.000,0.000,0,0,1.4097,92,184,92,95,80
28,falling,20,353.0,,195.000,157.550,0.00000,5.16052,5.16052,0.000000,0.000000,0,0,3.35200,665.675,2.082,3.000,3.000,4.000,5.000,30.000,0.000,0.000,0,0,1.4097,92,184,92,95,80
28,falling,21,369.0,,195.000,163.022,0.00000,5.36490,5.36490,0.000000,0.000000,0,0,3.35200,665.675,2.082,3.000,3.000,4.000,5.000,30.000,0.000,0.000,0,0,1.4097,92,184,92,95,80
28,falling,22,386.0,,195.000,168.699,0.00000,5.56615,5.56615,0.000000,0.000000,0,0,3.35200,665.675,2.082,3.000,3.000,4.000,5.000,30.000,0.000,0.000,0,0,1.4097,92,184,92,95,80
28,falling,23,403.0,,195.000,174.222,0.00000,5.75266,5.75266,0.000000,0.000000,0,0,3.35200,665.675,2.082,3.000,3.000,4.000,5.000,30.000,0.000,0.000,0,0,1.4097,92,184,92,95,80
28,falling,24,419.0,,195.000,180.289,0.00000,5.94798,5.94798,0.000000,0.000000,0,0,3.35200,665.675,2.082,3.000,3.000,4.000,5.000,30.000,0.000,0.000,0,0,1.4097,92,184,92,95,80
28,falling,25,436.0,,195.000,186.552,0.00000,6.14031,6.14031,0.000000,0.000000,0,0,3.35200,665.675,2.082,3.000,3.000,4.000,5.000,30.000,0.000,0.000,0,0,1.4097,92,184,92,95,80
28,falling,26,453.0,,195.000,192.618,0.00000,6.31856,6.31856,0.000000,0.000000,0,0,3.35200,665.675,2.082,3.000,3.000,4.000,5.000,30.000,0.000,0.000,0,0,1.4097,92,184,92,95,80
28,falling,27,469.0,,195.000,199.253,0.00000,6.50522,6.50522,0.000000,0.000000,0,0,3.35200,665.675,2.082,3.000,3.000,4.000,5.000,30.000,0.000,0.000,0,0,1.4097,92,184,92,95,80
28,falling,28,486.0,,195.000,206.076,0.00000,6.68902,6.68902,0.000000,0.000000,0,0,3.35200,665.675,2.082,3.000,3.000,4.000,5.000,30.000,0.000,0.000,0,0,1.4097,92,184,92,95,80
28,falling,29,503.0,,195.000,212.661,0.00000,6.85937,6.85937,0.000000,0.000000,0,0,3.35200,665.675,2.082,3.000,3.000,4.000,5.000,30.000,0.000,0.000,0,0,1.4097,92,184,92,95,80
28,falling,30,519.0,,195.000,219.839,0.00000,7.03775,7.03775,0.000000,0.000000,0,0,3.35200,665.675,2.082,3.000,3.000,4.000,5.000,30.000,0.000,0.000,0,0,1.4097,92,184,92,95,80
28,falling,31,536.0,,195.000,227.197,0.00000,7.21341,7.21341,0.000000,0.000000,0,0,3.35200,665.675,2.082,3.000,3.000,4.000,5.000,30.000,0.000,0.000,0,0,1.4097,92,184,92,95,80
28,falling,32,553.0,,195.000,234.278,0.00000,7.37620,7.37620,0.000000,0.000000,0,0,3.35200,665.675,2.082,3.000,3.000,4.000,5.000,30.000,0.000,0.000,0,0,1.4097,92,184,92,95,80
28,falling,33,569.0,,195.000,241.976,0.00000,7.54668,7.54668,0.000000,0.000000,0,0,3.35200,665.675,2.082,3.000,3.000,4.000,5.000,30.000,0.000,0.000,0,0,1.4097,92,184,92,95,80
28,falling,34,586.0,,195.000,249.845,0.00000,7.71455,7.71455,0.000000,0.000000,0,0,3.35200,665.675,2.082,3.000,3.000,4.000,5.000,30.000,0.000,0.000,0,0,1.4097,92,184,92,95,80
28,falling,35,603.0,,195.000,257.400,0.00000,7.87012,7.87012,0.000000,0.000000,0,0,3.35200,665.675,2.082,3.000,3.000,4.000,5.000,30.000,0.000,0.000,0,0,1.4097,92,184,92,95,80
28,falling,36,619.0,,195.000,265.594,0.00000,8.03304,8.03304,0.000000,0.000000,0,0,3.35200,665.675,2.082,3.000,3.000,4.000,5.000,30.000,0.000,0.000,0,0,1.4097,92,184,92,95,80
28,falling,37,636.0,,195.000,273.951,0.00000,8.19347,8.19347,0.000000,0.000000,0,0,3.35200,665.675,2.082,3.000,3.000,4.000,5.000,30.000,0.000,0.000,0,0,1.4097,92,184,92,95,80
28,falling,38,653.0,,195.000,281.959,0.00000,8.34215,8.34215,0.000000,0.000000,0,0,3.35200,665.675,2.082,3.000,3.000,4.000,5.000,30.000,0.000,0.000,0,0,1.4097,92,184,92,95,80
28,falling,39,669.0,,195.000,290.627,0.00000,8.49785,8.49785,0.000000,0.000000,0,0,3.35200,665.675,2.082,3.000,3.000,4.000,5.000,30.000,0.000,0.000,0,0,1.4097,92,184,92,95,80
28,falling,40,686.0,,195.000,299.451,0.00000,8.65117,8.65117,0.000000,0.000000,0,0,3.35200,665.675,2.082,3.000,3.000,4.000,5.000,30.000,0.000,0.000,0,0,1.4097,92,184,92,95,80
28,falling,41,703.0,,195.000,307.893,0.00000,8.79326,8.79326,0.000000,0.000000,0,0,3.35200,665.675,2.082,3.000,3.000,4.000,5.000,30.000,0.000,0.000,0,0,1.4097,92,184,92,95,80
28,falling,42,719.0,,195.000,317.014,0.00000,8.94205,8.94205,0.000000,0.000000,0,0,3.35200,665.675,2.082,3.000,3.000,4.000,5.000,30.000,0.000,0.000,0,0,1.4097,92,184,92,95,80
28,falling,43,736.0,,195.000,326.284,0.00000,9.08857,9.08857,0.000000,0.000000,0,0,3.35200,665.675,2.082,3.000,3.000,4.000,5.000,30.000,0.000,0.000,0,0,1.4097,92,184,92,95,80
28,falling,44,753.0,,195.000,335.140,0.00000,9.22436,9.22436,0.000000,0.000000,0,0,3.35200,665.675,2.082,3.000,3.000,4.000,5.000,30.000,0.000,0.000,0,0,1.4097,92,184,92,95,80
28,falling,45,769.0,,195.000,344.693,0.00000,9.36657,9.36657,0.000000,0.000000,0,0,3.35200,665.675,2.082,3.000,3.000,4.000,5.000,30.000,0.000,0.000,0,0,1.4097,92,184,92,95,80
28,falling,46,786.0,,195.000,354.390,0.00000,9.50659,9.50659,0.000000,0.000000,0,0,3.35200,665.675,2.082,3.000,3.000,4.000,5.000,30.000,0.000,0.000,0,0,1.4097,92,184,92,95,80
28,falling,47,803.0,,195.000,363.641,0.00000,9.63636,9.63636,0.000000,0.000000,0,0,3.35200,665.675,2.082,3.000,3.000,4.000,5.000,30.000,0.000,0.000,0,0,1.4097,92,184,92,95,80
28,falling,48,819.0,,195.000,373.609,0.00000,9.77226,9.77226,0.000000,0.000000,0,0,3.35200,665.675,2.082,3.000,3.000,4.000,5.000,30.000,0.000,0.000,0,0,1.4097,92,184,92,95,80
28,falling,49,836.0,,195.000,383.713,0.00000,9.90608,9.90608,0.000000,0.000000,0,0,3.35200,665.675,2.082,3.000,3.000,4.000,5.000,30.000,0.000,0.000,0,0,1.4097,92,184,92,95,80
28,falling,50,853.0,,195.000,393.342,0.00000,10.03010,10.03010,0.000000,0.000000,0,0,3.35200,665.675,2.082,3.000,3.000,4.000,5.000,30.000,0.000,0.000,0,0,1.4097,92,184,92,95,80
28,falling,51,869.0,,195.000,403.705,0.00000,10.15997,10.15997,0.000000,0.000000,0,0,3.35200,665.675,2.082,3.000,3.000,4.000,5.000,30.000,0.000,0.000,0,0,1.4097,92,184,92,95,80
28,falling,52,886.0,,195.000,414.199,0.00000,10.28785,10.28785,0.000000,0.000000,0,0,3.35200,665.675,2.082,3.000,3.000,4.000,5.000,30.000,0.000,0.000,0,0,1.4097,92,184,92,95,80
28,falling,53,903.0,,195.000,424.189,0.00000,10.40638,10.40638,0.000000,0.000000,0,0,3.35200,665.675,2.082,3.000,3.000,4.000,5.000,30.000,0.000,0.000,0,0,1.4097,92,184,92,95,80
28,falling,54,919.0,,195.000,434.930,0.00000,10.53049,10.53049,0.000000,0.000000,0,0,3.35200,665.675,2.082,3.000,3.000,4.000,5.000,30.000,0.000,0.000,0,0,1.4097,92,184,92,95,80
28,falling,55,936.0,,195.000,445.796,0.00000,10.65271,10.65271,0.000000,0.000000,0,0,3.35200,665.675,2.082,3.000,3.000,4.000,5.000,30.000,0.000,0.000,0,0,1.4097,92,184,92,95,80
28,falling,56,953.0,,195.000,456.131,0.00000,10.76598,10.76598,0.000000,0.000000,0,0,3.35200,665.675,2.082,3.000,3.000,4.000,5.000,30.000,0.000,0.000,0,0,1.4097,92,184,92,95,80
28,falling,57,969.0,,195.000,467.233,0.00000,10.88459,10.88459,0.000000,0.000000,0,0,3.35200,665.675,2.082,3.000,3.000,4.000,5.000,30.000,0.000,0.000,0,0,1.4097,92,184,92,95,80
28,falling,58,986.0,,195.000,478.455,0.00000,11.00139,11.00139,0.000000,0.000000,0,0,3.35200,665.675,2.082,3.000,3.000,4.000,5.000,30.000,0.000,0.000,0,0,1.4097,92,184,92,95,80
28,post_landing,59,1003.0,59,195.000,485.893,-0.28038,-1.60234,1.62668,-0.020691,0.000000,0,1,3.35200,665.675,2.082,3.000,3.000,4.000,5.000,30.000,0.000,0.000,0,11,1.4097,92,184,92,95,80
28,post_landing,60,1020.0,59,194.718,481.760,-0.31163,-0.71197,0.77718,-0.005315,-0.020782,0,1,3.35200,665.675,2.082,3.000,2.020,3.020,4.041,29.973,0.000,0.000,0,3,1.4097,92,184,92,95,80
28,post_landing,61,1036.0,59,194.405,480.705,-0.56844,-0.22976,0.61312,0.023200,-0.026120,0,1,3.35200,665.675,2.082,3.000,2.025,3.025,4.051,29.964,0.000,0.000,0,1,1.4097,92,184,92,95,80
28,post_landing,62,1053.0,59,193.868,480.240,-0.56026,0.04022,0.56170,0.022866,-0.004169,0,0,3.35200,665.675,2.082,3.000,2.004,3.004,4.008,29.996,0.000,0.000,0,0,1.4097,92,184,92,95,80
28,post_landing,63,1069.0,59,193.305,480.570,-0.55168,0.32294,0.63925,0.022516,0.018798,0,0,3.35200,665.675,2.082,3.000,3.018,4.037,5.074,30.145,0.000,0.000,0,0,1.4097,92,184,92,95,80
28,post_landing,64,1086.0,59,192.751,481.183,-0.54324,0.60133,0.81038,0.022172,0.041413,0,0,3.35200,665.675,2.082,3.000,3.039,4.079,30.181,30.305,0.000,0.000,0,0,1.4097,92,184,92,95,80
28,post_landing,65,1103.0,59,192.237,481.640,-0.37444,-0.02274,0.37513,0.021845,0.062392,0,1,3.35200,665.675,2.082,3.000,3.057,4.117,30.253,30.440,0.000,0.000,0,1,1.4097,92,184,92,95,80
28,post_landing,66,1119.0,59,191.861,481.909,0.19607,-0.65684,0.68548,0.000000,0.084333,0,1,3.35200,665.675,2.082,3.000,3.074,4.154,30.399,30.567,0.000,0.000,0,1,1.4097,92,184,92,95,80
28,post_landing,67,1136.0,59,192.058,481.540,0.19307,-0.36346,0.41155,0.000000,0.084333,0,0,3.35200,665.675,2.082,3.000,3.074,4.154,30.399,30.567,0.000,0.000,0,0,1.4097,92,184,92,95,80
28,post_landing,68,1153.0,59,192.240,481.453,0.19029,-0.09156,0.21117,0.000000,0.084333,0,0,3.35200,665.675,2.082,3.000,3.074,4.154,30.399,30.567,0.000,0.000,0,0,1.4097,92,184,92,95,80
28,post_landing,69,1169.0,59,192.431,481.650,0.18738,0.19318,0.26913,0.000000,0.084333,0,0,3.35200,665.675,2.082,3.000,3.074,4.154,30.399,30.567,0.000,0.000,0,0,1.4097,92,184,92,95,80
28,post_landing,70,1186.0,59,192.620,481.909,0.50037,-0.60736,0.78693,0.016586,0.084333,0,1,3.35200,665.675,2.082,3.000,3.074,4.154,30.399,30.567,0.000,0.000,0,1,1.4097,92,184,92,95,80
28,post_landing,71,1203.0,59,193.093,481.590,0.49316,-0.33195,0.59448,0.016348,0.100026,0,0,3.35200,665.675,2.082,3.000,3.085,4.180,30.449,30.649,0.000,0.000,0,0,1.4097,92,184,92,95,80
28,post_landing,72,1219.0,59,193.588,481.546,0.48562,-0.04354,0.48757,0.016097,0.116446,0,0,3.35200,665.675,2.082,3.000,3.096,30.378,30.610,30.726,0.000,0.000,0,0,1.4097,92,184,92,95,80
28,post_landing,73,1236.0,59,194.076,481.791,0.47819,0.24046,0.53524,0.015851,0.132614,0,0,3.35200,665.675,2.082,3.000,3.106,30.398,30.662,30.794,0.000,0.000,0,0,1.4097,92,184,92,95,80
28,post_landing,74,1253.0,59,194.529,482.275,0.47130,0.50366,0.68979,0.015623,0.147612,0,0,3.35200,665.675,2.082,3.000,30.409,30.556,30.850,30.850,0.000,0.000,0,0,1.4097,92,184,92,95,80
28,post_landing,75,1271.0,59,195.002,483.029,0.73130,-0.32030,0.79837,0.026325,0.163303,0,1,3.35200,665.675,2.082,3.000,30.414,30.576,30.901,30.901,0.000,0.000,0,1,1.4097,92,184,92,95,80
28,post_landing,76,1286.0,59,195.736,482.996,0.72011,-0.03207,0.72082,0.025923,0.189745,0,0,3.35200,665.675,2.082,3.000,30.593,30.782,30.970,30.970,0.000,0.000,0,0,1.4097,92,184,92,95,80
28,post_landing,77,1303.0,59,196.418,482.803,0.49401,0.04045,0.49566,0.022773,0.214272,0,1,3.35200,665.675,2.082,3.000,2.167,30.802,31.015,31.015,0.000,0.000,0,1,1.4097,92,184,92,95,80
28,post_landing,78,1320.0,59,196.914,482.567,0.29430,0.09012,0.30779,0.021703,0.237145,0,1,3.35200,665.675,2.082,3.000,2.179,28.861,31.040,31.040,0.000,0.000,0,1,1.4097,92,184,92,95,80
28,post_landing,79,1336.0,59,197.210,482.359,0.08690,0.08943,0.12470,0.022575,0.258943,0,1,3.35200,665.675,2.082,3.000,2.189,4.123,31.048,31.048,0.000,0.000,0,1,1.4097,92,184,92,95,80
28,post_landing,80,1353.0,59,197.292,482.171,0.01958,0.11837,0.11998,0.014038,0.280303,0,1,3.35200,665.675,2.082,3.000,2.199,2.475,31.042,31.042,0.000,0.000,0,1,1.4097,92,184,92,95,80
28,post_landing,81,1370.0,59,197.311,482.096,-0.24919,0.07283,0.25962,0.025844,0.294403,0,1,3.35200,665.675,2.082,3.000,2.204,2.494,31.031,31.031,0.000,0.000,0,1,1.4097,92,184,92,95,80
28,post_landing,82,1386.0,59,197.061,481.872,-0.31781,0.11295,0.33729,0.017791,0.320361,0,1,3.35200,665.675,2.082,3.000,2.213,2.528,5.061,30.993,0.000,0.000,0,1,1.4097,92,184,92,95,80
28,post_landing,83,1403.0,59,196.760,481.795,-0.43597,0.19497,0.47758,0.033856,0.337194,0,1,3.35200,665.675,2.082,3.000,2.218,2.549,5.049,30.957,0.000,0.000,0,1,1.4097,92,184,92,95,80
28,post_landing,84,1420.0,59,196.323,481.581,-0.53675,0.14436,0.55582,0.043222,0.371199,0,1,3.35200,665.675,2.082,3.000,2.227,2.589,5.022,30.859,0.000,0.000,0,1,1.4097,92,184,92,95,80
28,post_landing,85,1436.0,59,195.783,481.454,-0.51216,0.15711,0.53572,0.033084,0.414611,0,1,3.35200,665.675,2.082,3.000,2.233,2.636,4.979,30.681,0.000,0.000,0,1,1.4097,92,184,92,95,80
28,post_landing,86,1453.0,59,195.299,481.371,-0.47450,0.09660,0.48423,0.023360,0.445914,0,1,3.35200,665.675,2.082,3.000,2.236,2.667,4.942,28.712,0.000,0.000,0,1,1.4097,92,184,92,95,80
28,post_landing,87,1470.0,59,194.822,481.338,-0.60101,0.03809,0.60222,0.043723,0.469377,0,1,3.35200,665.675,2.082,3.000,2.236,2.688,4.472,4.924,0.000,0.000,0,1,1.4097,92,184,92,95,80
28,post_landing,88,1486.0,59,194.219,481.333,-0.02092,0.03131,0.03766,-0.054325,0.513292,0,1,3.35200,665.675,2.082,3.000,2.233,2.724,4.467,4.958,0.000,0.000,0,1,1.4097,92,184,92,95,80
28,post_landing,89,1503.0,59,194.199,481.333,-0.46648,0.05369,0.46956,0.031446,0.461890,0,1,3.35200,665.675,2.082,3.000,2.236,2.682,4.472,4.926,0.000,0.000,0,1,1.4097,92,184,92,95,80
28,post_landing,90,1520.0,59,193.730,481.324,-0.49720,0.00000,0.49720,0.035176,0.493474,0,1,3.35200,665.675,2.082,3.000,2.235,2.709,4.470,4.944,0.000,0.000,0,1,1.4097,92,184,92,95,80
28,post_landing,91,1536.0,59,193.231,481.347,-0.46022,-0.06311,0.46452,0.029395,0.528804,0,1,3.35200,665.675,2.082,3.000,0.505,2.736,4.463,4.967,0.000,0.000,0,1,1.4097,92,184,92,95,80
28,post_landing,92,1553.0,59,192.769,481.402,-0.43588,-0.10888,0.44928,0.028650,0.558328,0,1,3.35200,665.675,2.082,3.000,0.530,2.756,4.452,4.982,0.000,0.000,0,1,1.4097,92,184,92,95,80
28,post_landing,93,1570.0,59,192.356,481.480,-0.40383,-0.12183,0.42181,0.027660,0.585437,0,1,3.35200,665.675,2.082,3.000,0.553,2.772,4.439,4.992,0.000,0.000,0,1,1.4097,92,184,92,95,80
28,post_landing,94,1586.0,59,191.951,481.600,-0.37379,-0.16815,0.40987,0.030207,0.613218,0,1,3.35200,665.675,2.082,3.000,0.576,2.787,4.422,4.998,0.000,0.000,0,1,1.4097,92,184,92,95,80
28,post_landing,95,1603.0,59,191.575,481.760,-0.34599,-0.17495,0.38771,0.033574,0.643559,0,1,3.35200,665.675,2.082,3.000,0.600,2.800,4.400,5.000,0.000,0.000,0,1,1.4097,92,184,92,95,80
28,post_landing,96,1620.0,59,191.248,481.881,-0.34101,0.09424,0.35379,0.033090,0.675325,0,0,3.35200,665.675,2.082,3.000,0.625,2.811,4.372,4.997,0.000,0.000,0,0,1.4097,92,184,92,95,80
28,post_landing,97,1636.0,59,190.905,482.242,-0.31564,-0.11243,0.33507,0.024242,0.708560,0,1,3.35200,665.675,2.082,3.000,0.651,2.820,4.339,4.989,0.000,0.000,0,1,1.4097,92,184,92,95,80
28,post_landing,98,1653.0,59,190.588,482.457,0.05354,0.06560,0.08467,-0.019989,0.732909,0,1,3.35200,665.675,2.082,3.000,0.669,2.825,4.311,4.980,0.000,0.000,0,1,1.4097,92,184,92,95,80
28,post_landing,99,1670.0,59,190.639,482.320,0.15902,0.10450,0.19028,-0.016768,0.713996,0,1,3.35200,665.675,2.082,3.000,0.655,2.821,4.333,4.988,0.000,0.000,0,1,1.4097,92,184,92,95,80
28,post_landing,100,1686.0,59,190.799,482.183,0.49799,-0.81222,0.95273,-0.005511,0.697154,0,1,3.35200,665.675,2.082,3.000,0.642,2.817,4.351,4.993,0.000,0.000,0,1,1.4097,92,184,92,95,80
28,post_landing,101,1703.0,59,191.270,481.670,0.49082,-0.53385,0.72519,-0.005432,0.691939,0,0,3.35200,665.675,2.082,3.000,0.638,2.816,4.356,4.994,0.000,0.000,0,0,1.4097,92,184,92,95,80
28,post_landing,102,1719.0,59,191.763,481.423,0.48331,-0.24235,0.54067,-0.005349,0.686483,0,0,3.35200,665.675,2.082,3.000,0.634,2.815,4.362,4.995,0.000,0.000,0,0,1.4097,92,184,92,95,80
28,post_landing,103,1736.0,59,192.248,481.468,0.47591,0.04469,0.47801,-0.005267,0.681111,0,0,3.35200,665.675,2.082,3.000,0.630,2.813,4.367,4.996,0.000,0.000,0,0,1.4097,92,184,92,95,80
28,post_landing,104,1753.0,59,192.699,481.767,0.46906,0.31071,0.56264,-0.005191,0.676127,0,0,3.35200,665.675,2.082,3.000,0.626,2.812,4.372,4.997,0.000,0.000,0,0,1.4097,92,184,92,95,80
28,post_landing,105,1770.0,59,193.170,481.972,0.67681,0.11850,0.68711,-0.019312,0.670913,0,1,3.35200,665.675,2.082,3.000,0.622,2.810,4.376,4.998,0.000,0.000,0,1,1.4097,92,184,92,95,80
28,post_landing,106,1786.0,59,193.849,481.851,0.41312,-0.16063,0.44325,0.020174,0.651517,0,1,3.35200,665.675,2.082,3.000,0.606,2.803,4.393,5.000,0.000,0.000,0,1,1.4097,92,184,92,95,80
28,post_landing,107,1803.0,59,194.240,481.940,0.67111,0.04117,0.67237,-0.017023,0.670605,0,1,3.35200,665.675,2.082,3.000,0.621,2.810,4.377,4.998,0.000,0.000,0,1,1.4097,92,184,92,95,80
28,post_landing,108,1820.0,59,194.914,481.855,0.77754,0.11014,0.78530,-0.020375,0.653507,0,1,3.35200,665.675,2.082,3.000,0.608,2.804,4.392,5.000,0.000,0.000,0,1,1.4097,92,184,92,95,80
28,post_landing,109,1836.0,59,195.695,481.739,0.39111,-0.09997,0.40369,0.027513,0.633043,0,1,3.35200,665.675,2.082,3.000,0.592,2.796,4.408,5.000,0.000,0.000,0,1,1.4097,92,184,92,95,80
28,post_landing,110,1853.0,59,196.065,481.862,0.22923,-0.06299,0.23773,0.027112,0.659074,0,1,3.35200,665.675,2.082,3.000,0.612,2.806,4.387,4.999,0.000,0.000,0,1,1.4097,92,184,92,95,80
28,post_landing,111,1870.0,59,196.296,482.059,0.12575,-0.10782,0.16565,0.047581,0.686306,0,1,3.35200,665.675,2.082,3.000,0.634,2.815,4.362,4.995,0.000,0.000,0,1,1.4097,92,184,92,95,80
28,post_landing,112,1886.0,59,196.422,482.240,0.12383,0.17716,0.21614,0.046853,0.734096,0,0,3.35200,665.675,2.082,3.000,0.670,2.825,4.310,4.979,0.000,0.000,0,0,1.4097,92,184,92,95,80
28,post_landing,113,1903.0,59,196.539,482.664,0.12204,0.44127,0.45784,0.046178,0.778427,0,0,3.35200,665.675,2.082,3.000,0.702,2.828,4.252,4.955,0.000,0.000,0,0,1.4097,92,184,92,95,80
28,post_landing,114,1919.0,59,196.662,483.396,0.12018,0.71786,0.72785,0.045472,0.824808,0,0,3.35200,665.675,2.082,3.000,0.734,2.826,4.239,5.085,0.000,0.000,0,0,1.4097,92,184,92,95,80
28,post_landing,115,1936.0,59,196.782,484.152,0.97688,-0.40145,1.05615,0.000000,0.870480,0,1,3.35200,665.675,2.082,3.000,0.765,3.583,4.992,9.580,0.000,0.000,0,1,1.4097,92,184,92,95,80
28,post_landing,116,1953.0,59,197.707,484.028,0.96281,-0.12900,0.97142,0.000000,0.870480,0,0,3.35200,665.675,2.082,3.000,0.765,3.583,4.992,9.580,0.000,0.000,0,0,1.4097,92,184,92,95,80
28,post_landing,117,1970.0,59,198.674,484.136,0.79626,0.05940,0.79847,0.007886,0.870480,0,1,3.35200,665.675,2.082,3.000,0.765,3.583,4.992,9.580,0.000,0.000,0,1,1.4097,92,184,92,95,80
28,post_landing,118,1986.0,59,199.474,484.267,1.08563,0.09631,1.08989,-0.022791,0.878400,0,1,3.35200,665.675,2.082,3.000,0.770,3.586,4.994,9.612,0.000,0.000,0,1,1.4097,92,184,92,95,80
29,falling,0,31.0,,195.000,97.029,0.00000,0.55000,0.55000,0.000000,0.000000,0,0,4.63200,1624.548,2.816,3.000,3.000,12.000,16.000,22.000,0.000,0.000,0,0,1.4939,83,166,83,91,70
29,falling,1,43.0,,195.000,97.509,0.00000,0.72789,0.72789,0.000000,0.000000,0,0,4.63200,1624.548,2.816,3.000,3.000,12.000,16.000,22.000,0.000,0.000,0,0,1.4939,83,166,83,91,70
29,falling,2,59.0,,195.000,98.529,0.00000,1.00008,1.00008,0.000000,0.000000,0,0,4.63200,1624.548,2.816,3.000,3.000,12.000,16.000,22.000,0.000,0.000,0,0,1.4939,83,166,83,91,70
29,falling,3,76.0,,195.000,99.823,0.00000,1.26812,1.26812,0.000000,0.000000,0,0,4.63200,1624.548,2.816,3.000,3.000,12.000,16.000,22.000,0.000,0.000,0,0,1.4939,83,166,83,91,70
29,falling,4,93.0,,195.000,101.279,0.00000,1.51652,1.51652,0.000000,0.000000,0,0,4.63200,1624.548,2.816,3.000,3.000,12.000,16.000,22.000,0.000,0.000,0,0,1.4939,83,166,83,91,70
29,falling,5,109.0,,195.000,103.091,0.00000,1.77665,1.77665,0.000000,0.000000,0,0,4.63200,1624.548,2.816,3.000,3.000,12.000,16.000,22.000,0.000,0.000,0,0,1.4939,83,166,83,91,70
29,falling,6,126.0,,195.000,105.164,0.00000,2.03280,2.03280,0.000000,0.000000,0,0,4.63200,1624.548,2.816,3.000,3.000,12.000,16.000,22.000,0.000,0.000,0,0,1.4939,83,166,83,91,70
29,falling,7,143.0,,195.000,107.344,0.00000,2.27020,2.27020,0.000000,0.000000,0,0,4.63200,1624.548,2.816,3.000,3.000,12.000,16.000,22.000,0.000,0.000,0,0,1.4939,83,166,83,91,70
29,falling,8,159.0,,195.000,109.913,0.00000,2.51880,2.51880,0.000000,0.000000,0,0,4.63200,1624.548,2.816,3.000,3.000,12.000,16.000,22.000,0.000,0.000,0,0,1.4939,83,166,83,91,70
29,falling,9,176.0,,195.000,112.732,0.00000,2.76359,2.76359,0.000000,0.000000,0,0,4.63200,1624.548,2.816,3.000,3.000,12.000,16.000,22.000,0.000,0.000,0,0,1.4939,83,166,83,91,70
29,falling,10,193.0,,195.000,115.603,0.00000,2.99046,2.99046,0.000000,0.000000,0,0,4.63200,1624.548,2.816,3.000,3.000,12.000,16.000,22.000,0.000,0.000,0,0,1.4939,83,166,83,91,70
29,falling,11,209.0,,195.000,118.895,0.00000,3.22804,3.22804,0.000000,0.000000,0,0,4.63200,1624.548,2.816,3.000,3.000,12.000,16.000,22.000,0.000,0.000,0,0,1.4939,83,166,83,91,70
29,falling,12,226.0,,195.000,122.427,0.00000,3.46199,3.46199,0.000000,0.000000,0,0,4.63200,1624.548,2.816,3.000,3.000,12.000,16.000,22.000,0.000,0.000,0,0,1.4939,83,166,83,91,70
29,falling,13,243.0,,195.000,126.193,0.00000,3.69235,3.69235,0.000000,0.000000,0,0,4.63200,1624.548,2.816,3.000,3.000,12.000,16.000,22.000,0.000,0.000,0,0,1.4939,83,166,83,91,70
29,falling,14,259.0,,195.000,129.942,0.00000,3.90585,3.90585,0.000000,0.000000,0,0,4.63200,1624.548,2.816,3.000,3.000,12.000,16.000,22.000,0.000,0.000,0,0,1.4939,83,166,83,91,70
29,falling,15,276.0,,195.000,134.154,0.00000,4.12942,4.12942,0.000000,0.000000,0,0,4.63200,1624.548,2.816,3.000,3.000,12.000,16.000,22.000,0.000,0.000,0,0,1.4939,83,166,83,91,70
29,falling,16,293.0,,195.000,138.591,0.00000,4.34958,4.34958,0.000000,0.000000,0,0,4.63200,1624.548,2.816,3.000,3.000,12.000,16.000,22.000,0.000,0.000,0,0,1.4939,83,166,83,91,70
29,falling,17,309.0,,195.000,142.962,0.00000,4.55361,4.55361,0.000000,0.000000,0,0,4.63200,1624.548,2.816,3.000,3.000,12.000,16.000,22.000,0.000,0.000,0,0,1.4939,83,166,83,91,70
29,falling,18,326.0,,195.000,147.825,0.00000,4.76727,4.76727,0.000000,0.000000,0,0,4.63200,1624.548,2.816,3.000,3.000,12.000,16.000,22.000,0.000,0.000,0,0,1.4939,83,166,83,91,70
29,falling,19,343.0,,195.000,152.592,0.00000,4.96529,4.96529,0.000000,0.000000,0,0,4.63200,1624.548,2.816,3.000,3.000,12.000,16.000,22.000,0.000,0.000,0,0,1.4939,83,166,83,91,70
29,falling,20,359.0,,195.000,157.868,0.00000,5.17265,5.17265,0.000000,0.000000,0,0,4.63200,1624.548,2.816,3.000,3.000,12.000,16.000,22.000,0.000,0.000,0,0,1.4939,83,166,83,91,70
29,falling,21,376.0,,195.000,163.352,0.00000,5.37685,5.37685,0.000000,0.000000,0,0,4.63200,1624.548,2.816,3.000,3.000,12.000,16.000,22.000,0.000,0.000,0,0,1.4939,83,166,83,91,70
29,falling,22,393.0,,195.000,168.696,0.00000,5.56609,5.56609,0.000000,0.000000,0,0,4.63200,1624.548,2.816,3.000,3.000,12.000,16.000,22.000,0.000,0.000,0,0,1.4939,83,166,83,91,70
29,falling,23,409.0,,195.000,174.575,0.00000,5.76426,5.76426,0.000000,0.000000,0,0,4.63200,1624.548,2.816,3.000,3.000,12.000,16.000,22.000,0.000,0.000,0,0,1.4939,83,166,83,91,70
29,falling,24,426.0,,195.000,180.654,0.00000,5.95940,5.95940,0.000000,0.000000,0,0,4.63200,1624.548,2.816,3.000,3.000,12.000,16.000,22.000,0.000,0.000,0,0,1.4939,83,166,83,91,70
29,falling,25,443.0,,195.000,186.548,0.00000,6.14025,6.14025,0.000000,0.000000,0,0,4.63200,1624.548,2.816,3.000,3.000,12.000,16.000,22.000,0.000,0.000,0,0,1.4939,83,166,83,91,70
29,falling,26,459.0,,195.000,193.005,0.00000,6.32964,6.32964,0.000000,0.000000,0,0,4.63200,1624.548,2.816,3.000,3.000,12.000,16.000,22.000,0.000,0.000,0,0,1.4939,83,166,83,91,70
29,falling,27,476.0,,195.000,199.651,0.00000,6.51613,6.51613,0.000000,0.000000,0,0,4.63200,1624.548,2.816,3.000,3.000,12.000,16.000,22.000,0.000,0.000,0,0,1.4939,83,166,83,91,70
29,falling,28,493.0,,195.000,206.073,0.00000,6.68896,6.68896,0.000000,0.000000,0,0,4.63200,1624.548,2.816,3.000,3.000,12.000,16.000,22.000,0.000,0.000,0,0,1.4939,83,166,83,91,70
29,falling,29,509.0,,195.000,213.080,0.00000,6.86995,6.86995,0.000000,0.000000,0,0,4.63200,1624.548,2.816,3.000,3.000,12.000,16.000,22.000,0.000,0.000,0,0,1.4939,83,166,83,91,70
29,falling,30,526.0,,195.000,220.269,0.00000,7.04818,7.04818,0.000000,0.000000,0,0,4.63200,1624.548,2.816,3.000,3.000,12.000,16.000,22.000,0.000,0.000,0,0,1.4939,83,166,83,91,70
29,falling,31,543.0,,195.000,227.194,0.00000,7.21335,7.21335,0.000000,0.000000,0,0,4.63200,1624.548,2.816,3.000,3.000,12.000,16.000,22.000,0.000,0.000,0,0,1.4939,83,166,83,91,70
29,falling,32,559.0,,195.000,234.728,0.00000,7.38632,7.38632,0.000000,0.000000,0,0,4.63200,1624.548,2.816,3.000,3.000,12.000,16.000,22.000,0.000,0.000,0,0,1.4939,83,166,83,91,70
29,falling,33,576.0,,195.000,242.436,0.00000,7.55664,7.55664,0.000000,0.000000,0,0,4.63200,1624.548,2.816,3.000,3.000,12.000,16.000,22.000,0.000,0.000,0,0,1.4939,83,166,83,91,70
29,falling,34,593.0,,195.000,249.842,0.00000,7.71449,7.71449,0.000000,0.000000,0,0,4.63200,1624.548,2.816,3.000,3.000,12.000,16.000,22.000,0.000,0.000,0,0,1.4939,83,166,83,91,70
29,falling,35,609.0,,195.000,257.879,0.00000,7.87979,7.87979,0.000000,0.000000,0,0,4.63200,1624.548,2.816,3.000,3.000,12.000,16.000,22.000,0.000,0.000,0,0,1.4939,83,166,83,91,70
29,falling,36,626.0,,195.000,266.082,0.00000,8.04257,8.04257,0.000000,0.000000,0,0,4.63200,1624.548,2.816,3.000,3.000,12.000,16.000,22.000,0.000,0.000,0,0,1.4939,83,166,83,91,70
29,falling,37,643.0,,195.000,273.948,0.00000,8.19342,8.19342,0.000000,0.000000,0,0,4.63200,1624.548,2.816,3.000,3.000,12.000,16.000,22.000,0.000,0.000,0,0,1.4939,83,166,83,91,70
29,falling,38,659.0,,195.000,282.466,0.00000,8.35139,8.35139,0.000000,0.000000,0,0,4.63200,1624.548,2.816,3.000,3.000,12.000,16.000,22.000,0.000,0.000,0,0,1.4939,83,166,83,91,70
29,falling,39,676.0,,195.000,291.144,0.00000,8.50695,8.50695,0.000000,0.000000,0,0,4.63200,1624.548,2.816,3.000,3.000,12.000,16.000,22.000,0.000,0.000,0,0,1.4939,83,166,83,91,70
29,falling,40,693.0,,195.000,299.449,0.00000,8.65112,8.65112,0.000000,0.000000,0,0,4.63200,1624.548,2.816,3.000,3.000,12.000,16.000,22.000,0.000,0.000,0,0,1.4939,83,166,83,91,70
29,falling,41,709.0,,195.000,308.427,0.00000,8.80209,8.80209,0.000000,0.000000,0,0,4.63200,1624.548,2.816,3.000,3.000,12.000,16.000,22.000,0.000,0.000,0,0,1.4939,83,166,83,91,70
29,falling,42,726.0,,195.000,317.557,0.00000,8.95075,8.95075,0.000000,0.000000,0,0,4.63200,1624.548,2.816,3.000,3.000,12.000,16.000,22.000,0.000,0.000,0,0,1.4939,83,166,83,91,70
29,falling,43,743.0,,195.000,326.282,0.00000,9.08853,9.08853,0.000000,0.000000,0,0,4.63200,1624.548,2.816,3.000,3.000,12.000,16.000,22.000,0.000,0.000,0,0,1.4939,83,166,83,91,70
29,falling,44,759.0,,195.000,335.699,0.00000,9.23281,9.23281,0.000000,0.000000,0,0,4.63200,1624.548,2.816,3.000,3.000,12.000,16.000,22.000,0.000,0.000,0,0,1.4939,83,166,83,91,70
29,falling,45,776.0,,195.000,345.261,0.00000,9.37488,9.37488,0.000000,0.000000,0,0,4.63200,1624.548,2.816,3.000,3.000,12.000,16.000,22.000,0.000,0.000,0,0,1.4939,83,166,83,91,70
29,falling,46,793.0,,195.000,354.388,0.00000,9.50655,9.50655,0.000000,0.000000,0,0,4.63200,1624.548,2.816,3.000,3.000,12.000,16.000,22.000,0.000,0.000,0,0,1.4939,83,166,83,91,70
29,falling,47,809.0,,195.000,364.225,0.00000,9.64443,9.64443,0.000000,0.000000,0,0,4.63200,1624.548,2.816,3.000,3.000,12.000,16.000,22.000,0.000,0.000,0,0,1.4939,83,166,83,91,70
29,falling,48,826.0,,195.000,374.201,0.00000,9.78020,9.78020,0.000000,0.000000,0,0,4.63200,1624.548,2.816,3.000,3.000,12.000,16.000,22.000,0.000,0.000,0,0,1.4939,83,166,83,91,70
29,falling,49,843.0,,195.000,383.711,0.00000,9.90603,9.90603,0.000000,0.000000,0,0,4.63200,1624.548,2.816,3.000,3.000,12.000,16.000,22.000,0.000,0.000,0,0,1.4939,83,166,83,91,70
29,falling,50,860.0,,195.000,393.949,0.00000,10.03780,10.03780,0.000000,0.000000,0,0,4.63200,1624.548,2.816,3.000,3.000,12.000,16.000,22.000,0.000,0.000,0,0,1.4939,83,166,83,91,70
29,falling,51,876.0,,195.000,404.320,0.00000,10.16756,10.16756,0.000000,0.000000,0,0,4.63200,1624.548,2.816,3.000,3.000,12.000,16.000,22.000,0.000,0.000,0,0,1.4939,83,166,83,91,70
29,falling,52,893.0,,195.000,414.196,0.00000,10.28781,10.28781,0.000000,0.000000,0,0,4.63200,1624.548,2.816,3.000,3.000,12.000,16.000,22.000,0.000,0.000,0,0,1.4939,83,166,83,91,70
29,falling,53,909.0,,195.000,424.818,0.00000,10.41374,10.41374,0.000000,0.000000,0,0,4.63200,1624.548,2.816,3.000,3.000,12.000,16.000,22.000,0.000,0.000,0,0,1.4939,83,166,83,91,70
29,falling,54,926.0,,195.000,435.567,0.00000,10.53775,10.53775,0.000000,0.000000,0,0,4.63200,1624.548,2.816,3.000,3.000,12.000,16.000,22.000,0.000,0.000,0,0,1.4939,83,166,83,91,70
29,falling,55,943.0,,195.000,445.793,0.00000,10.65267,10.65267,0.000000,0.000000,0,0,4.63200,1624.548,2.816,3.000,3.000,12.000,16.000,22.000,0.000,0.000,0,0,1.4939,83,166,83,91,70
29,falling,56,959.0,,195.000,456.782,0.00000,10.77302,10.77302,0.000000,0.000000,0,0,4.63200,1624.548,2.816,3.000,3.000,12.000,16.000,22.000,0.000,0.000,0,0,1.4939,83,166,83,91,70
29,falling,57,976.0,,195.000,467.891,0.00000,10.89152,10.89152,0.000000,0.000000,0,0,4.63200,1624.548,2.816,3.000,3.000,12.000,16.000,22.000,0.000,0.000,0,0,1.4939,83,166,83,91,70
29,falling,58,993.0,,195.000,478.453,0.00000,11.00135,11.00135,0.000000,0.000000,0,0,4.63200,1624.548,2.816,3.000,3.000,12.000,16.000,22.000,0.000,0.000,0,0,1.4939,83,166,83,91,70
29,post_landing,59,1009.0,59,195.000,485.480,-1.87825,0.14818,1.88408,0.034042,0.000000,0,1,4.63200,1624.548,2.816,3.000,3.000,12.000,16.000,22.000,0.000,0.000,0,11,1.4939,83,166,83,91,70
29,post_landing,60,1026.0,59,193.113,483.935,-1.99333,-0.48874,2.05237,0.001481,0.034191,0,1,4.63200,1624.548,2.816,3.000,3.032,4.066,14.991,18.921,0.000,0.000,0,7,1.4939,83,166,83,91,70
29,post_landing,61,1043.0,59,191.227,482.661,-0.06895,-0.11827,0.13690,-0.088185,0.035593,0,1,4.63200,1624.548,2.816,3.000,3.034,4.069,14.990,18.917,0.000,0.000,0,3,1.4939,83,166,83,91,70
29,post_landing,62,1059.0,59,191.158,482.496,-0.82691,0.06341,0.82934,0.000957,-0.052980,0,1,4.63200,1624.548,2.816,3.000,2.050,11.038,16.031,22.234,0.000,0.000,0,1,1.4939,83,166,83,91,70
29,post_landing,63,1076.0,59,190.328,482.486,-1.14229,0.10338,1.14696,0.017949,-0.052018,0,1,4.63200,1624.548,2.816,3.000,2.049,11.037,16.030,22.230,0.000,0.000,0,1,1.4939,83,166,83,91,70
29,post_landing,64,1093.0,59,189.247,482.322,-0.84417,0.14005,0.85570,-0.003128,-0.035035,0,1,4.63200,1624.548,2.816,3.000,2.034,11.028,16.025,22.162,0.000,0.000,0,1,1.4939,83,166,83,91,70
29,post_landing,65,1109.0,59,188.399,482.353,-0.79776,0.15300,0.81230,-0.006113,-0.038177,0,1,4.63200,1624.548,2.816,3.000,2.037,11.030,16.027,22.175,0.000,0.000,0,1,1.4939,83,166,83,91,70
29,post_landing,66,1126.0,59,187.598,482.411,-0.84703,0.10346,0.85333,-0.001799,-0.044317,0,1,4.63200,1624.548,2.816,3.000,2.042,11.034,16.029,22.200,0.000,0.000,0,1,1.4939,83,166,83,91,70
29,post_landing,67,1143.0,59,186.796,482.426,-1.43902,0.28754,1.46747,0.058274,-0.046019,0,1,4.63200,1624.548,2.816,3.000,2.044,11.034,16.029,22.207,0.000,0.000,0,1,1.4939,83,166,83,91,70
29,post_landing,68,1159.0,59,185.351,482.398,-0.81782,0.37898,0.90136,-0.003730,0.012511,0,1,4.63200,1624.548,2.816,3.000,3.012,4.025,14.999,18.973,0.000,0.000,0,2,1.4939,83,166,83,91,70
29,post_landing,69,1176.0,59,184.530,482.436,-0.80203,0.17072,0.82000,-0.005654,0.008765,0,1,4.63200,1624.548,2.816,3.000,3.009,4.017,14.999,18.982,0.000,0.000,0,2,1.4939,83,166,83,91,70
29,post_landing,70,1193.0,59,183.771,481.990,-0.63227,-0.06644,0.63575,-0.025253,0.003415,0,1,4.63200,1624.548,2.816,3.000,3.003,4.007,15.000,18.993,0.000,0.000,0,1,1.4939,83,166,83,91,70
29,post_landing,71,1209.0,59,183.136,482.207,-1.22273,0.16692,1.23407,0.039065,-0.021949,0,1,4.63200,1624.548,2.816,3.000,2.021,11.019,16.018,22.104,0.000,0.000,0,1,1.4939,83,166,83,91,70
29,post_landing,72,1226.0,59,181.907,481.860,-0.90590,0.15480,0.91903,0.004591,0.017288,0,1,4.63200,1624.548,2.816,3.000,3.017,4.034,14.998,18.963,0.000,0.000,0,1,1.4939,83,166,83,91,70
29,post_landing,73,1243.0,59,181.050,481.819,-0.79809,0.12561,0.80792,-0.004788,0.021633,0,1,4.63200,1624.548,2.816,3.000,3.021,4.042,14.996,18.952,0.000,0.000,0,1,1.4939,83,166,83,91,70
29,post_landing,74,1259.0,59,180.249,481.865,-0.73218,0.11720,0.74151,-0.008726,0.016824,0,1,4.63200,1624.548,2.816,3.000,3.016,4.033,14.998,18.964,0.000,0.000,0,1,1.4939,83,166,83,91,70
29,post_landing,75,1276.0,59,179.513,481.947,-0.92442,-0.24778,0.95705,0.000000,0.008060,0,1,4.63200,1624.548,2.816,3.000,3.008,4.016,15.000,18.983,0.000,0.000,0,1,1.4939,83,166,83,91,70
29,post_landing,76,1293.0,59,178.639,481.945,-0.85122,0.01752,0.85140,0.000000,0.008060,0,1,4.63200,1624.548,2.816,3.000,3.008,4.016,15.000,18.983,0.000,0.000,0,1,1.4939,83,166,83,91,70
29,post_landing,77,1309.0,59,177.784,481.947,-0.86536,0.23445,0.89656,0.007164,0.008060,0,1,4.63200,1624.548,2.816,3.000,3.008,4.016,15.000,18.983,0.000,0.000,0,1,1.4939,83,166,83,91,70
29,post_landing,78,1326.0,59,176.915,481.879,-0.85714,-0.20852,0.88214,-0.005654,0.015255,0,1,4.63200,1624.548,2.816,3.000,3.015,4.030,14.998,18.967,0.000,0.000,0,1,1.4939,83,166,83,91,70
29,post_landing,79,1343.0,59,176.104,481.927,-0.45677,0.00000,0.45677,-0.036685,0.009905,0,1,4.63200,1624.548,2.816,3.000,3.010,4.020,14.999,18.979,0.000,0.000,0,1,1.4939,83,166,83,91,70
29,post_landing,80,1359.0,59,175.645,482.248,-0.30374,0.03232,0.30545,-0.043897,-0.026942,0,1,4.63200,1624.548,2.816,3.000,2.026,11.023,16.021,22.127,0.000,0.000,0,1,1.4939,83,166,83,91,70
29,post_landing,81,1376.0,59,175.340,482.596,-0.29909,0.31516,0.43449,-0.043226,-0.071032,0,0,4.63200,1624.548,2.816,3.000,2.066,11.043,16.031,23.368,0.000,0.000,0,0,1.4939,83,166,83,91,70
29,post_landing,82,1393.0,59,175.057,483.147,-0.34807,0.08220,0.35764,-0.019726,-0.111931,0,1,4.63200,1624.548,2.816,3.000,2.099,12.148,16.123,23.526,0.000,0.000,0,1,1.4939,83,166,83,91,70
29,post_landing,83,1410.0,59,174.707,483.404,-0.39010,0.00000,0.39010,-0.010407,-0.131744,0,1,4.63200,1624.548,2.816,3.000,10.176,12.159,16.124,23.720,0.000,0.000,0,1,1.4939,83,166,83,91,70
29,post_landing,84,1426.0,59,174.315,483.543,-0.44113,-0.13998,0.46280,-0.009050,-0.142197,0,1,4.63200,1624.548,2.816,3.000,10.183,12.162,16.122,23.760,0.000,0.000,0,1,1.4939,83,166,83,91,70
29,post_landing,85,1443.0,59,173.898,483.647,-0.25340,-0.08671,0.26783,-0.015820,-0.150760,0,1,4.63200,1624.548,2.816,3.000,10.187,12.164,16.119,23.790,0.000,0.000,0,1,1.4939,83,166,83,91,70
29,post_landing,86,1459.0,59,173.643,483.868,-0.26407,0.07522,0.27458,-0.005144,-0.166650,0,1,4.63200,1624.548,2.816,3.000,10.193,12.166,16.110,24.995,0.000,0.000,0,1,1.4939,83,166,83,91,70
29,post_landing,87,1476.0,59,173.378,483.964,-0.64420,0.05865,0.64687,0.013265,-0.171817,0,1,4.63200,1624.548,2.816,3.000,10.195,12.165,16.106,25.014,0.000,0.000,0,1,1.4939,83,166,83,91,70
29,post_landing,88,1493.0,59,172.769,483.763,-0.63017,0.16405,0.65118,0.009743,-0.159265,0,1,4.63200,1624.548,2.816,3.000,10.191,12.165,16.115,23.819,0.000,0.000,0,1,1.4939,83,166,83,91,70
29,post_landing,89,1509.0,59,172.136,483.630,-0.81123,0.17281,0.82943,0.020699,-0.149479,0,1,4.63200,1624.548,2.816,3.000,10.186,12.164,16.119,23.786,0.000,0.000,0,1,1.4939,83,166,83,91,70
29,post_landing,90,1526.0,59,171.321,483.356,-0.59773,0.10159,0.60630,-0.007356,-0.128690,0,1,4.63200,1624.548,2.816,3.000,10.174,12.157,16.124,23.708,0.000,0.000,0,1,1.4939,83,166,83,91,70
29,post_landing,91,1543.0,59,170.755,483.444,-0.49052,0.09888,0.50039,-0.018655,-0.135650,0,1,4.63200,1624.548,2.816,3.000,10.179,12.160,16.123,23.735,0.000,0.000,0,1,1.4939,83,166,83,91,70
29,post_landing,92,1559.0,59,170.263,483.707,-0.78814,0.12472,0.79795,0.008438,-0.154387,0,1,4.63200,1624.548,2.816,3.000,10.189,12.165,16.117,23.803,0.000,0.000,0,1,1.4939,83,166,83,91,70
29,post_landing,93,1576.0,59,169.471,483.582,-0.72762,0.07760,0.73175,-0.003341,-0.145912,0,1,4.63200,1624.548,2.816,3.000,10.185,12.163,16.121,23.773,0.000,0.000,0,1,1.4939,83,166,83,91,70
29,post_landing,94,1593.0,59,168.783,483.623,-0.81403,0.23546,0.84740,0.008532,-0.149073,0,1,4.63200,1624.548,2.816,3.000,10.186,12.164,16.120,23.785,0.000,0.000,0,1,1.4939,83,166,83,91,70
29,post_landing,95,1609.0,59,167.965,483.510,-0.79857,0.10799,0.80584,-0.001213,-0.140503,0,1,4.63200,1624.548,2.816,3.000,10.182,12.162,16.122,23.754,0.000,0.000,0,1,1.4939,83,166,83,91,70
29,post_landing,96,1626.0,59,167.163,483.526,-0.77747,0.08834,0.78247,-0.006251,-0.141721,0,1,4.63200,1624.548,2.816,3.000,10.182,12.162,16.122,23.758,0.000,0.000,0,1,1.4939,83,166,83,91,70
29,post_landing,97,1643.0,59,166.427,483.603,-0.73173,0.20866,0.76090,-0.006384,-0.147635,0,1,4.63200,1624.548,2.816,3.000,10.185,12.164,16.120,23.779,0.000,0.000,0,1,1.4939,83,166,83,91,70
29,post_landing,98,1659.0,59,165.692,483.693,-0.95488,0.21081,0.97788,0.012641,-0.154048,0,1,4.63200,1624.548,2.816,3.000,10.188,12.165,16.117,23.802,0.000,0.000,0,1,1.4939,83,166,83,91,70
29,post_landing,99,1676.0,59,164.789,483.529,-0.73848,-0.05512,0.74053,-0.021131,-0.142087,0,1,4.63200,1624.548,2.816,3.000,10.182,12.162,16.122,23.759,0.000,0.000,0,1,1.4939,83,166,83,91,70
29,post_landing,100,1693.0,59,164.047,483.763,-0.72718,0.22905,0.76240,-0.020808,-0.163311,0,0,4.63200,1624.548,2.816,3.000,10.192,12.166,16.112,24.981,0.000,0.000,0,0,1.4939,83,166,83,91,70
29,post_landing,101,1709.0,59,163.317,484.135,-1.24977,0.19338,1.26464,0.018523,-0.184210,0,1,4.63200,1624.548,2.816,3.000,10.197,12.163,15.479,25.059,0.000,0.000,0,1,1.4939,83,166,83,91,70
29,post_landing,102,1726.0,59,162.061,484.181,-0.44520,0.10431,0.45726,-0.027963,-0.165606,0,1,4.63200,1624.548,2.816,3.000,10.193,12.166,16.111,24.990,0.000,0.000,0,2,1.4939,83,166,83,91,70
29,post_landing,103,1743.0,59,161.640,484.261,-0.54985,0.14040,0.56749,-0.005133,-0.192064,0,1,4.63200,1624.548,2.816,3.000,10.198,12.161,15.488,25.086,0.000,0.000,0,1,1.4939,83,166,83,91,70
29,post_landing,104,1759.0,59,161.088,484.518,-0.21336,-0.04438,0.21793,-0.025670,-0.197219,0,1,4.63200,1624.548,2.816,3.000,10.198,13.336,15.493,25.102,0.000,0.000,0,2,1.4939,83,166,83,91,70
29,post_landing,105,1776.0,59,160.874,484.731,-0.49411,0.00000,0.49411,-0.001208,-0.223003,0,1,4.63200,1624.548,2.816,3.000,11.391,13.342,17.685,29.518,0.000,0.000,0,1,1.4939,83,166,83,91,70
29,post_landing,106,1793.0,59,160.406,484.842,-0.77550,-0.26925,0.82091,0.006930,-0.224146,0,1,4.63200,1624.548,2.816,3.000,11.392,13.342,17.686,29.522,0.000,0.000,0,2,1.4939,83,166,83,91,70
29,post_landing,107,1809.0,59,159.627,484.757,-0.45379,-0.05790,0.45747,-0.018978,-0.217186,0,1,4.63200,1624.548,2.816,3.000,11.388,13.341,15.510,29.497,0.000,0.000,0,2,1.4939,83,166,83,91,70
29,post_landing,108,1826.0,59,159.171,484.984,-0.81928,0.10134,0.82552,0.017827,-0.236247,0,1,4.63200,1624.548,2.816,3.000,11.397,13.341,17.698,31.741,0.000,0.000,0,2,1.4939,83,166,83,91,70
29,post_landing,109,1843.0,59,158.396,484.774,-0.43850,-0.68970,0.81730,-0.074550,-0.219380,0,1,4.63200,1624.548,2.816,3.000,11.389,13.341,15.511,29.505,0.000,0.000,0,2,1.4939,83,166,83,91,70
29,post_landing,110,1859.0,59,157.956,484.370,-0.43180,-0.39582,0.58576,-0.073410,-0.294258,0,0,4.63200,1624.548,2.816,3.000,11.397,12.644,20.881,33.148,0.000,0.000,0,0,1.4939,83,166,83,91,70
29,post_landing,111,1876.0,59,157.547,484.252,-0.42558,-0.12345,0.44312,-0.072352,-0.363716,0,0,4.63200,1624.548,2.816,3.000,9.478,12.638,21.538,33.953,0.000,0.000,0,0,1.4939,83,166,83,91,70
29,post_landing,112,1893.0,59,157.120,484.417,-0.41907,0.16177,0.44921,-0.071246,-0.436387,0,0,4.63200,1624.548,2.816,3.000,3.564,11.176,23.259,34.435,0.000,0.000,0,0,1.4939,83,166,83,91,70
29,post_landing,113,1909.0,59,156.699,484.868,-0.41265,0.44263,0.60515,-0.070155,-0.507945,0,0,4.63200,1624.548,2.816,3.000,3.594,12.530,30.887,34.382,0.000,0.000,0,0,1.4939,83,166,83,91,70
29,post_landing,114,1926.0,59,156.309,485.543,-0.40671,0.70292,0.81211,-0.069145,-0.574325,0,0,4.63200,1624.548,2.816,3.000,12.198,22.471,31.904,33.040,0.000,0.000,0,0,1.4939,83,166,83,91,70
29,post_landing,115,1942.0,59,155.900,486.538,-0.40049,0.97550,1.05451,-0.068087,-0.643774,0,0,4.63200,1624.548,2.816,3.000,22.200,23.400,30.800,50.600,0.000,0.000,0,0,1.4939,83,166,83,91,70
29,post_landing,116,1959.0,59,155.498,487.807,-0.39436,1.24391,1.30493,-0.067046,-0.712160,0,0,4.63200,1624.548,2.816,3.000,11.387,22.670,24.184,52.496,0.000,0.000,0,0,1.4939,83,166,83,91,70
29,post_landing,117,1976.0,59,155.125,489.240,-0.38868,1.49266,1.54244,-0.066080,-0.775597,0,0,4.63200,1624.548,2.816,3.000,3.542,12.727,24.054,50.923,0.000,0.000,0,0,1.4939,83,166,83,91,70
29,post_landing,118,1993.0,59,154.734,491.028,-0.38274,1.75316,1.79445,-0.065069,-0.841967,0,0,4.63200,1624.548,2.816,3.000,3.490,12.042,40.361,47.580,0.000,0.000,0,0,1.4939,83,166,83,91,70
30,falling,0,14.0,,195.000,96.724,0.00000,0.46667,0.46667,0.000000,0.000000,0,0,3.61400,888.625,5.169,11.000,11.000,11.000,12.000,12.000,0.000,0.000,0,0,1.6908,61,122,61,63,64
30,falling,1,20.0,,195.000,96.888,0.00000,0.54790,0.54790,0.000000,0.000000,0,0,3.61400,888.625,5.169,11.000,11.000,11.000,12.000,12.000,0.000,0.000,0,0,1.6908,61,122,61,63,64
30,falling,2,36.0,,195.000,97.728,0.00000,0.82285,0.82285,0.000000,0.000000,0,0,3.61400,888.625,5.169,11.000,11.000,11.000,12.000,12.000,0.000,0.000,0,0,1.6908,61,122,61,63,64
30,falling,3,53.0,,195.000,98.843,0.00000,1.09359,1.09359,0.000000,0.000000,0,0,3.61400,888.625,5.169,11.000,11.000,11.000,12.000,12.000,0.000,0.000,0,0,1.6908,61,122,61,63,64
30,falling,4,70.0,,195.000,100.231,0.00000,1.36020,1.36020,0.000000,0.000000,0,0,3.61400,888.625,5.169,11.000,11.000,11.000,12.000,12.000,0.000,0.000,0,0,1.6908,61,122,61,63,64
30,falling,5,86.0,,195.000,101.774,0.00000,1.60728,1.60728,0.000000,0.000000,0,0,3.61400,888.625,5.169,11.000,11.000,11.000,12.000,12.000,0.000,0.000,0,0,1.6908,61,122,61,63,64
30,falling,6,103.0,,195.000,103.677,0.00000,1.86602,1.86602,0.000000,0.000000,0,0,3.61400,888.625,5.169,11.000,11.000,11.000,12.000,12.000,0.000,0.000,0,0,1.6908,61,122,61,63,64
30,falling,7,120.0,,195.000,105.698,0.00000,2.10581,2.10581,0.000000,0.000000,0,0,3.61400,888.625,5.169,11.000,11.000,11.000,12.000,12.000,0.000,0.000,0,0,1.6908,61,122,61,63,64
30,falling,8,136.0,,195.000,108.103,0.00000,2.35693,2.35693,0.000000,0.000000,0,0,3.61400,888.625,5.169,11.000,11.000,11.000,12.000,12.000,0.000,0.000,0,0,1.6908,61,122,61,63,64
30,falling,9,153.0,,195.000,110.759,0.00000,2.60420,2.60420,0.000000,0.000000,0,0,3.61400,888.625,5.169,11.000,11.000,11.000,12.000,12.000,0.000,0.000,0,0,1.6908,61,122,61,63,64
30,falling,10,170.0,,195.000,113.479,0.00000,2.83337,2.83337,0.000000,0.000000,0,0,3.61400,888.625,5.169,11.000,11.000,11.000,12.000,12.000,0.000,0.000,0,0,1.6908,61,122,61,63,64
30,falling,11,186.0,,195.000,116.614,0.00000,3.07335,3.07335,0.000000,0.000000,0,0,3.61400,888.625,5.169,11.000,11.000,11.000,12.000,12.000,0.000,0.000,0,0,1.6908,61,122,61,63,64
30,falling,12,203.0,,195.000,119.989,0.00000,3.30966,3.30966,0.000000,0.000000,0,0,3.61400,888.625,5.169,11.000,11.000,11.000,12.000,12.000,0.000,0.000,0,0,1.6908,61,122,61,63,64
30,falling,13,220.0,,195.000,123.377,0.00000,3.52867,3.52867,0.000000,0.000000,0,0,3.61400,888.625,5.169,11.000,11.000,11.000,12.000,12.000,0.000,0.000,0,0,1.6908,61,122,61,63,64
30,falling,14,236.0,,195.000,127.210,0.00000,3.75801,3.75801,0.000000,0.000000,0,0,3.61400,888.625,5.169,11.000,11.000,11.000,12.000,12.000,0.000,0.000,0,0,1.6908,61,122,61,63,64
30,falling,15,253.0,,195.000,131.274,0.00000,3.98385,3.98385,0.000000,0.000000,0,0,3.61400,888.625,5.169,11.000,11.000,11.000,12.000,12.000,0.000,0.000,0,0,1.6908,61,122,61,63,64
30,falling,16,270.0,,195.000,135.299,0.00000,4.19315,4.19315,0.000000,0.000000,0,0,3.61400,888.625,5.169,11.000,11.000,11.000,12.000,12.000,0.000,0.000,0,0,1.6908,61,122,61,63,64
30,falling,17,286.0,,195.000,139.800,0.00000,4.41233,4.41233,0.000000,0.000000,0,0,3.61400,888.625,5.169,11.000,11.000,11.000,12.000,12.000,0.000,0.000,0,0,1.6908,61,122,61,63,64
30,falling,18,303.0,,195.000,144.520,0.00000,4.62815,4.62815,0.000000,0.000000,0,0,3.61400,888.625,5.169,11.000,11.000,11.000,12.000,12.000,0.000,0.000,0,0,1.6908,61,122,61,63,64
30,falling,19,320.0,,195.000,149.155,0.00000,4.82817,4.82817,0.000000,0.000000,0,0,3.61400,888.625,5.169,11.000,11.000,11.000,12.000,12.000,0.000,0.000,0,0,1.6908,61,122,61,63,64
30,falling,20,336.0,,195.000,154.294,0.00000,5.03763,5.03763,0.000000,0.000000,0,0,3.61400,888.625,5.169,11.000,11.000,11.000,12.000,12.000,0.000,0.000,0,0,1.6908,61,122,61,63,64
30,falling,21,353.0,,195.000,159.643,0.00000,5.24389,5.24389,0.000000,0.000000,0,0,3.61400,888.625,5.169,11.000,11.000,11.000,12.000,12.000,0.000,0.000,0,0,1.6908,61,122,61,63,64
30,falling,22,370.0,,195.000,164.860,0.00000,5.43505,5.43505,0.000000,0.000000,0,0,3.61400,888.625,5.169,11.000,11.000,11.000,12.000,12.000,0.000,0.000,0,0,1.6908,61,122,61,63,64
30,falling,23,386.0,,195.000,170.608,0.00000,5.63522,5.63522,0.000000,0.000000,0,0,3.61400,888.625,5.169,11.000,11.000,11.000,12.000,12.000,0.000,0.000,0,0,1.6908,61,122,61,63,64
30,falling,24,403.0,,195.000,176.557,0.00000,5.83234,5.83234,0.000000,0.000000,0,0,3.61400,888.625,5.169,11.000,11.000,11.000,12.000,12.000,0.000,0.000,0,0,1.6908,61,122,61,63,64
30,falling,25,420.0,,195.000,182.332,0.00000,6.01502,6.01502,0.000000,0.000000,0,0,3.61400,888.625,5.169,11.000,11.000,11.000,12.000,12.000,0.000,0.000,0,0,1.6908,61,122,61,63,64
30,falling,26,436.0,,195.000,188.662,0.00000,6.20632,6.20632,0.000000,0.000000,0,0,3.61400,888.625,5.169,11.000,11.000,11.000,12.000,12.000,0.000,0.000,0,0,1.6908,61,122,61,63,64
30,falling,27,453.0,,195.000,195.185,0.00000,6.39470,6.39470,0.000000,0.000000,0,0,3.61400,888.625,5.169,11.000,11.000,11.000,12.000,12.000,0.000,0.000,0,0,1.6908,61,122,61,63,64
30,falling,28,470.0,,195.000,201.491,0.00000,6.56928,6.56928,0.000000,0.000000,0,0,3.61400,888.625,5.169,11.000,11.000,11.000,12.000,12.000,0.000,0.000,0,0,1.6908,61,122,61,63,64
30,falling,29,486.0,,195.000,208.378,0.00000,6.75211,6.75211,0.000000,0.000000,0,0,3.61400,888.625,5.169,11.000,11.000,11.000,12.000,12.000,0.000,0.000,0,0,1.6908,61,122,61,63,64
30,falling,30,503.0,,195.000,215.449,0.00000,6.93213,6.93213,0.000000,0.000000,0,0,3.61400,888.625,5.169,11.000,11.000,11.000,12.000,12.000,0.000,0.000,0,0,1.6908,61,122,61,63,64
30,falling,31,520.0,,195.000,222.264,0.00000,7.09898,7.09898,0.000000,0.000000,0,0,3.61400,888.625,5.169,11.000,11.000,11.000,12.000,12.000,0.000,0.000,0,0,1.6908,61,122,61,63,64
30,falling,32,536.0,,195.000,229.683,0.00000,7.27369,7.27369,0.000000,0.000000,0,0,3.61400,888.625,5.169,11.000,11.000,11.000,12.000,12.000,0.000,0.000,0,0,1.6908,61,122,61,63,64
30,falling,33,553.0,,195.000,237.278,0.00000,7.44574,7.44574,0.000000,0.000000,0,0,3.61400,888.625,5.169,11.000,11.000,11.000,12.000,12.000,0.000,0.000,0,0,1.6908,61,122,61,63,64
30,falling,34,570.0,,195.000,244.579,0.00000,7.60519,7.60519,0.000000,0.000000,0,0,3.61400,888.625,5.169,11.000,11.000,11.000,12.000,12.000,0.000,0.000,0,0,1.6908,61,122,61,63,64
30,falling,35,586.0,,195.000,252.506,0.00000,7.77216,7.77216,0.000000,0.000000,0,0,3.61400,888.625,5.169,11.000,11.000,11.000,12.000,12.000,0.000,0.000,0,0,1.6908,61,122,61,63,64
30,falling,36,603.0,,195.000,260.602,0.00000,7.93658,7.93658,0.000000,0.000000,0,0,3.61400,888.625,5.169,11.000,11.000,11.000,12.000,12.000,0.000,0.000,0,0,1.6908,61,122,61,63,64
30,falling,37,619.0,,195.000,268.367,0.00000,8.08896,8.08896,0.000000,0.000000,0,0,3.61400,888.625,5.169,11.000,11.000,11.000,12.000,12.000,0.000,0.000,0,0,1.6908,61,122,61,63,64
30,falling,38,636.0,,195.000,276.781,0.00000,8.24853,8.24853,0.000000,0.000000,0,0,3.61400,888.625,5.169,11.000,11.000,11.000,12.000,12.000,0.000,0.000,0,0,1.6908,61,122,61,63,64
30,falling,39,653.0,,195.000,285.354,0.00000,8.40566,8.40566,0.000000,0.000000,0,0,3.61400,888.625,5.169,11.000,11.000,11.000,12.000,12.000,0.000,0.000,0,0,1.6908,61,122,61,63,64
30,falling,40,669.0,,195.000,293.564,0.00000,8.55129,8.55129,0.000000,0.000000,0,0,3.61400,888.625,5.169,11.000,11.000,11.000,12.000,12.000,0.000,0.000,0,0,1.6908,61,122,61,63,64
30,falling,41,686.0,,195.000,302.442,0.00000,8.70379,8.70379,0.000000,0.000000,0,0,3.61400,888.625,5.169,11.000,11.000,11.000,12.000,12.000,0.000,0.000,0,0,1.6908,61,122,61,63,64
30,falling,42,703.0,,195.000,311.473,0.00000,8.85395,8.85395,0.000000,0.000000,0,0,3.61400,888.625,5.169,11.000,11.000,11.000,12.000,12.000,0.000,0.000,0,0,1.6908,61,122,61,63,64
30,falling,43,719.0,,195.000,320.106,0.00000,8.99312,8.99312,0.000000,0.000000,0,0,3.61400,888.625,5.169,11.000,11.000,11.000,12.000,12.000,0.000,0.000,0,0,1.6908,61,122,61,63,64
30,falling,44,736.0,,195.000,329.428,0.00000,9.13886,9.13886,0.000000,0.000000,0,0,3.61400,888.625,5.169,11.000,11.000,11.000,12.000,12.000,0.000,0.000,0,0,1.6908,61,122,61,63,64
30,falling,45,753.0,,195.000,338.896,0.00000,9.28237,9.28237,0.000000,0.000000,0,0,3.61400,888.625,5.169,11.000,11.000,11.000,12.000,12.000,0.000,0.000,0,0,1.6908,61,122,61,63,64
30,falling,46,770.0,,195.000,347.934,0.00000,9.41537,9.41537,0.000000,0.000000,0,0,3.61400,888.625,5.169,11.000,11.000,11.000,12.000,12.000,0.000,0.000,0,0,1.6908,61,122,61,63,64
30,falling,47,786.0,,195.000,357.680,0.00000,9.55465,9.55465,0.000000,0.000000,0,0,3.61400,888.625,5.169,11.000,11.000,11.000,12.000,12.000,0.000,0.000,0,0,1.6908,61,122,61,63,64
30,falling,48,803.0,,195.000,367.566,0.00000,9.69180,9.69180,0.000000,0.000000,0,0,3.61400,888.625,5.169,11.000,11.000,11.000,12.000,12.000,0.000,0.000,0,0,1.6908,61,122,61,63,64
30,falling,49,819.0,,195.000,376.992,0.00000,9.81890,9.81890,0.000000,0.000000,0,0,3.61400,888.625,5.169,11.000,11.000,11.000,12.000,12.000,0.000,0.000,0,0,1.6908,61,122,61,63,64
30,falling,50,836.0,,195.000,387.143,0.00000,9.95201,9.95201,0.000000,0.000000,0,0,3.61400,888.625,5.169,11.000,11.000,11.000,12.000,12.000,0.000,0.000,0,0,1.6908,61,122,61,63,64
30,falling,51,853.0,,195.000,396.815,0.00000,10.07536,10.07536,0.000000,0.000000,0,0,3.61400,888.625,5.169,11.000,11.000,11.000,12.000,12.000,0.000,0.000,0,0,1.6908,61,122,61,63,64
30,falling,52,869.0,,195.000,407.224,0.00000,10.20454,10.20454,0.000000,0.000000,0,0,3.61400,888.625,5.169,11.000,11.000,11.000,12.000,12.000,0.000,0.000,0,0,1.6908,61,122,61,63,64
30,falling,53,886.0,,195.000,417.762,0.00000,10.33175,10.33175,0.000000,0.000000,0,0,3.61400,888.625,5.169,11.000,11.000,11.000,12.000,12.000,0.000,0.000,0,0,1.6908,61,122,61,63,64
30,falling,54,903.0,,195.000,427.794,0.00000,10.44964,10.44964,0.000000,0.000000,0,0,3.61400,888.625,5.169,11.000,11.000,11.000,12.000,12.000,0.000,0.000,0,0,1.6908,61,122,61,63,64
30,falling,55,919.0,,195.000,438.579,0.00000,10.57309,10.57309,0.000000,0.000000,0,0,3.61400,888.625,5.169,11.000,11.000,11.000,12.000,12.000,0.000,0.000,0,0,1.6908,61,122,61,63,64
30,falling,56,936.0,,195.000,449.487,0.00000,10.69466,10.69466,0.000000,0.000000,0,0,3.61400,888.625,5.169,11.000,11.000,11.000,12.000,12.000,0.000,0.000,0,0,1.6908,61,122,61,63,64
30,falling,57,953.0,,195.000,459.862,0.00000,10.80732,10.80732,0.000000,0.000000,0,0,3.61400,888.625,5.169,11.000,11.000,11.000,12.000,12.000,0.000,0.000,0,0,1.6908,61,122,61,63,64
30,falling,58,969.0,,195.000,471.006,0.00000,10.92530,10.92530,0.000000,0.000000,0,0,3.61400,888.625,5.169,11.000,11.000,11.000,12.000,12.000,0.000,0.000,0,0,1.6908,61,122,61,63,64
30,post_landing,59,986.0,59,195.000,479.984,-1.39614,-0.44535,1.46545,-0.012343,0.000000,0,1,3.61400,888.625,5.169,11.000,11.000,11.000,12.000,12.000,0.000,0.000,0,3,1.6908,61,122,61,63,64
30,post_landing,60,1003.0,59,193.679,478.857,-0.44341,-0.09475,0.45342,-0.068627,-0.011679,0,1,3.61400,888.625,5.169,11.000,9.011,10.999,12.034,12.081,0.000,0.000,0,2,1.6908,61,122,61,63,64
30,post_landing,61,1019.0,59,193.234,478.848,-0.13411,-0.74392,0.75591,-0.072766,-0.080607,0,1,3.61400,888.625,5.169,11.000,9.051,10.964,12.203,12.525,0.000,0.000,0,1,1.6908,61,122,61,63,64
30,post_landing,62,1037.0,59,193.099,478.390,-0.13206,-0.44920,0.46821,-0.071653,-0.153693,0,0,3.61400,888.625,5.169,11.000,9.047,9.047,12.318,12.930,0.000,0.000,0,0,1.6908,61,122,61,63,64
30,post_landing,63,1053.0,59,192.974,478.221,-0.13016,-0.17607,0.21895,-0.070621,-0.221490,0,0,3.61400,888.625,5.169,11.000,4.122,9.000,12.586,13.464,0.000,0.000,0,0,1.6908,61,122,61,63,64
30,post_landing,64,1069.0,59,192.843,478.333,-0.12817,0.10996,0.16887,-0.069541,-0.292421,0,0,3.61400,888.625,5.169,11.000,4.118,8.906,12.644,13.797,0.000,0.000,0,0,1.6908,61,122,61,63,64
30,post_landing,65,1086.0,59,192.715,478.732,-0.12621,0.39161,0.41145,-0.068477,-0.362268,0,0,3.61400,888.625,5.169,11.000,4.095,4.095,12.639,14.056,0.000,0.000,0,0,1.6908,61,122,61,63,64
30,post_landing,66,1103.0,59,192.595,479.359,-0.12439,0.65264,0.66439,-0.067491,-0.427059,0,0,3.61400,888.625,5.169,11.000,4.055,4.055,11.173,14.236,0.000,0.000,0,0,1.6908,61,122,61,63,64
30,post_landing,67,1119.0,59,192.470,480.303,-0.12249,0.92599,0.93405,-0.066458,-0.494846,0,0,3.61400,888.625,5.169,11.000,0.000,3.995,11.175,14.360,0.000,0.000,0,0,1.6908,61,122,61,63,64
30,post_landing,68,1136.0,59,192.347,481.522,-0.12061,1.19515,1.20122,-0.065441,-0.561596,0,0,3.61400,888.625,5.169,11.000,0.000,3.918,11.127,15.482,0.000,0.000,0,0,1.6908,61,122,61,63,64
30,post_landing,69,1153.0,59,192.233,482.909,-0.11887,1.44461,1.44949,-0.064499,-0.623515,0,0,3.61400,888.625,5.169,11.000,0.000,6.395,6.979,30.578,0.000,0.000,0,0,1.6908,61,122,61,63,64
30,post_landing,70,1169.0,59,192.114,484.649,-0.11706,1.70584,1.70985,-0.063512,-0.688298,0,0,3.61400,888.625,5.169,11.000,0.000,6.403,7.038,38.278,0.000,0.000,0,0,1.6908,61,122,61,63,64
30,post_landing,71,1186.0,59,191.996,486.651,-0.11526,1.96307,1.96645,-0.062540,-0.752089,0,0,3.61400,888.625,5.169,11.000,0.000,2.780,7.067,42.450,0.000,0.000,0,0,1.6908,61,122,61,63,64
30,post_landing,72,1203.0,59,191.887,488.765,-0.11361,2.20147,2.20440,-0.061640,-0.811263,0,0,3.61400,888.625,5.169,11.000,0.000,2.864,29.037,42.376,0.000,0.000,0,0,1.6908,61,122,61,63,64
30,post_landing,73,1219.0,59,191.773,491.265,-0.11187,2.45112,2.45367,-0.060697,-0.873174,0,0,3.61400,888.625,5.169,11.000,0.000,25.730,38.409,45.577,0.000,0.000,0,0,1.6908,61,122,61,63,64
30,post_landing,74,1236.0,59,191.661,494.016,-0.11016,2.69695,2.69920,-0.059768,-0.934137,0,0,3.61400,888.625,5.169,11.000,34.405,35.209,38.391,46.607,0.000,0.000,0,0,1.6908,61,122,61,63,64
30,post_landing,75,1253.0,59,191.556,496.824,-0.10857,2.92478,2.92680,-0.058907,-0.990689,0,0,3.61400,888.625,5.169,11.000,10.816,35.218,39.400,43.842,0.000,0.000,0,0,1.6908,61,122,61,63,64
30,post_landing,76,1270.0,59,191.447,498.855,-0.72712,-0.08966,0.73263,-0.009735,-1.049855,0,1,3.61400,888.625,5.169,11.000,9.427,12.157,39.444,43.909,0.000,0.000,0,10,1.6908,61,122,61,63,64
30,post_landing,77,1286.0,59,190.717,498.474,-1.11546,-0.23692,1.14034,0.007035,-1.059633,0,1,3.61400,888.625,5.169,11.000,5.828,12.146,39.438,43.905,0.000,0.000,0,6,1.6908,61,122,61,63,64
30,post_landing,78,1303.0,59,189.662,498.148,-0.46341,0.01260,0.46358,-0.020998,-1.052977,0,1,3.61400,888.625,5.169,11.000,5.829,12.154,39.442,43.908,0.000,0.000,0,3,1.6908,61,122,61,63,64
30,post_landing,79,1319.0,59,189.196,498.242,-0.60065,0.00000,0.60065,-0.004386,-1.074066,0,1,3.61400,888.625,5.169,11.000,5.825,12.127,17.879,43.892,0.000,0.000,0,3,1.6908,61,122,61,63,64
30,post_landing,80,1336.0,59,188.593,498.269,-0.87051,0.03259,0.87112,0.009047,-1.078472,0,1,3.61400,888.625,5.169,11.000,5.824,12.121,17.881,43.886,0.000,0.000,0,3,1.6908,61,122,61,63,64
30,post_landing,81,1353.0,59,187.769,498.228,-0.73108,0.00000,0.73108,-0.001436,-1.069912,0,1,3.61400,888.625,5.169,11.000,5.826,12.133,21.071,43.896,0.000,0.000,0,3,1.6908,61,122,61,63,64
30,post_landing,82,1369.0,59,187.035,498.234,-0.55266,0.13008,0.56776,-0.012197,-1.071354,0,1,3.61400,888.625,5.169,11.000,5.826,12.131,21.070,43.895,0.000,0.000,0,3,1.6908,61,122,61,63,64
30,post_landing,83,1386.0,59,186.480,498.368,-0.61908,-0.02735,0.61968,-0.005701,-1.083604,0,1,3.61400,888.625,5.169,11.000,5.823,10.762,17.884,43.878,0.000,0.000,0,4,1.6908,61,122,61,63,64
30,post_landing,84,1403.0,59,185.894,498.325,0.01050,0.18698,0.18727,-0.049587,-1.088998,0,1,3.61400,888.625,5.169,11.000,5.821,10.756,17.886,43.868,0.000,0.000,0,3,1.6908,61,122,61,63,64
30,post_landing,85,1419.0,59,185.905,498.560,-0.05990,0.27415,0.28062,-0.034558,-1.138804,0,1,3.61400,888.625,5.169,11.000,4.470,9.358,18.369,45.678,0.000,0.000,0,3,1.6908,61,122,61,63,64
30,post_landing,86,1436.0,59,185.844,498.752,0.30654,0.41339,0.51465,-0.054065,-1.173513,0,1,3.61400,888.625,5.169,11.000,4.462,9.311,18.384,46.615,0.000,0.000,0,3,1.6908,61,122,61,63,64
30,post_landing,87,1453.0,59,186.134,499.080,-0.73760,0.00000,0.73760,0.019626,-1.224668,0,1,3.61400,888.625,5.169,11.000,4.441,5.721,17.087,37.936,0.000,0.000,0,3,1.6908,61,122,61,63,64
30,post_landing,88,1469.0,59,185.394,498.948,-0.93559,-0.18006,0.95276,0.018185,-1.204957,0,1,3.61400,888.625,5.169,11.000,4.451,7.034,18.379,36.043,0.000,0.000,0,3,1.6908,61,122,61,63,64
30,post_landing,89,1486.0,59,184.454,498.831,1.28514,-0.05962,1.28653,-0.151034,-1.186692,0,1,3.61400,888.625,5.169,11.000,4.458,7.062,18.384,36.019,0.000,0.000,0,3,1.6908,61,122,61,63,64
30,post_landing,90,1503.0,59,185.670,499.031,1.26664,0.20791,1.28359,-0.148859,-1.329596,0,0,3.61400,888.625,5.169,11.000,3.152,10.427,15.760,42.202,0.000,0.000,0,0,1.6908,61,122,61,63,64
30,post_landing,91,1519.0,59,186.942,499.529,1.24726,0.48806,1.33935,-0.146581,-1.479109,0,0,3.61400,888.625,5.169,11.000,8.058,24.082,34.132,44.273,0.000,0.000,0,0,1.6908,61,122,61,63,64
30,post_landing,92,1536.0,59,188.195,500.308,1.22818,0.76392,1.44637,-0.144339,-1.626335,0,0,3.61400,888.625,5.169,11.000,8.043,31.063,36.998,54.083,0.000,0.000,0,0,1.6908,61,122,61,63,64
30,post_landing,93,1553.0,59,189.357,500.576,-0.11433,-0.39067,0.40705,0.019844,-1.762905,0,1,3.61400,888.625,5.169,11.000,6.081,13.334,16.278,52.953,0.000,0.000,0,7,1.6908,61,122,61,63,64
30,post_landing,94,1569.0,59,189.242,500.354,0.07689,-0.05575,0.09498,0.001451,-1.742973,0,1,3.61400,888.625,5.169,11.000,6.083,13.322,29.428,51.788,0.000,0.000,0,2,1.6908,61,122,61,63,64
30,post_landing,95,1586.0,59,189.319,500.454,0.24167,-0.08871,0.25744,0.000000,-1.741516,0,1,3.61400,888.625,5.169,11.000,6.083,13.321,29.428,51.788,0.000,0.000,0,3,1.6908,61,122,61,63,64
30,post_landing,96,1603.0,59,189.548,500.452,0.34056,0.00000,0.34056,-0.000950,-1.741516,0,1,3.61400,888.625,5.169,11.000,6.083,13.321,29.428,51.788,0.000,0.000,0,3,1.6908,61,122,61,63,64
30,post_landing,97,1619.0,59,189.890,500.530,0.06232,0.00000,0.06232,0.013661,-1.742470,0,1,3.61400,888.625,5.169,11.000,6.083,13.321,29.428,51.788,0.000,0.000,0,4,1.6908,61,122,61,63,64
30,post_landing,98,1636.0,59,189.953,500.582,0.17132,0.02929,0.17380,0.004712,-1.728749,0,1,3.61400,888.625,5.169,11.000,6.083,10.190,29.425,52.611,0.000,0.000,0,3,1.6908,61,122,61,63,64
30,post_landing,99,1653.0,59,190.115,500.626,0.20044,0.07373,0.21357,0.007154,-1.724290,0,1,3.61400,888.625,5.169,11.000,6.082,10.188,29.424,52.612,0.000,0.000,0,3,1.6908,61,122,61,63,64
30,post_landing,100,1669.0,59,190.316,500.775,0.26254,0.03814,0.26529,0.008643,-1.717105,0,1,3.61400,888.625,5.169,11.000,6.082,10.185,34.366,52.611,0.000,0.000,0,4,1.6908,61,122,61,63,64
30,post_landing,101,1686.0,59,190.580,500.862,0.26709,0.09585,0.28377,0.010596,-1.708424,0,1,3.61400,888.625,5.169,11.000,8.062,10.180,35.355,51.478,0.000,0.000,0,4,1.6908,61,122,61,63,64
30,post_landing,102,1703.0,59,190.832,500.962,0.29516,0.10435,0.31306,0.011447,-1.698398,0,1,3.61400,888.625,5.169,11.000,8.062,10.173,34.105,51.476,0.000,0.000,0,4,1.6908,61,122,61,63,64
30,post_landing,103,1719.0,59,191.129,501.141,0.31592,0.10619,0.33329,0.012954,-1.686901,0,1,3.61400,888.625,5.169,11.000,8.062,11.042,34.119,52.345,0.000,0.000,0,5,1.6908,61,122,61,63,64
30,post_landing,104,1736.0,59,191.446,501.325,0.32850,0.10307,0.34430,0.014100,-1.673890,0,1,3.61400,888.625,5.169,11.000,8.060,11.045,34.128,52.341,0.000,0.000,0,6,1.6908,61,122,61,63,64
30,post_landing,105,1753.0,59,191.757,501.455,0.33656,0.10849,0.35361,0.014330,-1.660549,0,1,3.61400,888.625,5.169,11.000,8.057,25.079,36.034,51.243,0.000,0.000,0,6,1.6908,61,122,61,63,64
30,post_landing,106,1769.0,59,192.095,501.604,0.34441,0.11650,0.36358,0.014863,-1.646156,0,1,3.61400,888.625,5.169,11.000,8.053,25.080,36.048,53.151,0.000,0.000,0,6,1.6908,61,122,61,63,64
30,post_landing,107,1786.0,59,192.441,501.760,0.35273,0.10816,0.36894,0.015241,-1.631228,0,1,3.61400,888.625,5.169,11.000,8.046,31.064,36.993,53.145,0.000,0.000,0,6,1.6908,61,122,61,63,64
30,post_landing,108,1803.0,59,192.775,501.914,0.35065,0.11223,0.36817,0.015216,-1.616807,0,1,3.61400,888.625,5.169,11.000,8.038,31.059,37.007,52.037,0.000,0.000,0,6,1.6908,61,122,61,63,64
30,post_landing,109,1819.0,59,193.127,502.084,0.34946,0.11728,0.36861,0.015298,-1.601524,0,1,3.61400,888.625,5.169,11.000,29.017,33.015,37.982,52.037,0.000,0.000,0,6,1.6908,61,122,61,63,64
30,post_landing,110,1836.0,59,193.478,502.259,0.35256,0.10914,0.36907,0.015636,-1.586159,0,1,3.61400,888.625,5.169,11.000,29.012,33.011,37.996,53.009,0.000,0.000,0,6,1.6908,61,122,61,63,64
30,post_landing,111,1853.0,59,193.811,502.432,0.14625,-0.05635,0.15673,0.005661,-1.571364,0,1,3.61400,888.625,5.169,11.000,29.001,33.001,38.000,53.001,0.000,0.000,0,8,1.6908,61,122,61,63,64
30,post_landing,112,1869.0,59,193.958,502.461,0.02504,0.00000,0.02504,0.001102,-1.565678,0,1,3.61400,888.625,5.169,11.000,30.005,32.005,39.005,51.004,0.000,0.000,0,8,1.6908,61,122,61,63,64
30,post_landing,113,1886.0,59,193.984,502.466,0.00129,0.00000,0.00129,0.000000,-1.564572,0,1,3.61400,888.625,5.169,11.000,30.006,32.006,39.005,51.005,0.000,0.000,0,8,1.6908,61,122,61,63,64
30,post_landing,114,1903.0,59,193.985,502.464,0.00215,0.00000,0.00215,0.000000,-1.564572,0,1,3.61400,888.625,5.169,11.000,30.006,32.006,39.005,51.005,0.000,0.000,0,8,1.6908,61,122,61,63,64
30,post_landing,115,1919.0,59,193.987,502.466,-0.00016,0.00000,0.00016,0.000000,-1.564572,0,1,3.61400,888.625,5.169,11.000,30.006,32.006,39.005,51.005,0.000,0.000,0,8,1.6908,61,122,61,63,64
30,post_landing,116,1936.0,59,193.987,502.466,-0.00000,0.00000,0.00000,0.000000,-1.564572,0,1,3.61400,888.625,5.169,11.000,30.006,32.006,39.005,51.005,0.000,0.000,0,8,1.6908,61,122,61,63,64
30,post_landing,117,1953.0,59,193.987,502.464,0.00060,0.00000,0.00060,0.000000,-1.564572,0,1,3.61400,888.625,5.169,11.000,30.006,32.006,39.005,51.005,0.000,0.000,0,8,1.6908,61,122,61,63,64
30,post_landing,118,1969.0,59,193.987,502.466,0.00014,0.00000,0.00014,0.000000,-1.564572,0,1,3.61400,888.625,5.169,11.000,30.006,32.006,39.005,51.005,0.000,0.000,0,8,1.6908,61,122,61,63,64
31,falling,0,21.0,,195.000,97.029,0.00000,0.55000,0.55000,0.000000,0.000000,0,0,3.29200,592.235,0.868,7.000,7.000,9.000,10.000,20.000,0.000,0.000,0,0,1.8880,58,116,58,65,67
31,falling,1,23.0,,195.000,97.099,0.00000,0.58234,0.58234,0.000000,0.000000,0,0,3.29200,592.235,0.868,7.000,7.000,9.000,10.000,20.000,0.000,0.000,0,0,1.8880,58,116,58,65,67
31,falling,2,39.0,,195.000,97.906,0.00000,0.84062,0.84062,0.000000,0.000000,0,0,3.29200,592.235,0.868,7.000,7.000,9.000,10.000,20.000,0.000,0.000,0,0,1.8880,58,116,58,65,67
31,falling,3,55.0,,195.000,98.957,0.00000,1.09519,1.09519,0.000000,0.000000,0,0,3.29200,592.235,0.868,7.000,7.000,9.000,10.000,20.000,0.000,0.000,0,0,1.8880,58,116,58,65,67
31,falling,4,71.0,,195.000,100.249,0.00000,1.34608,1.34608,0.000000,0.000000,0,0,3.29200,592.235,0.868,7.000,7.000,9.000,10.000,20.000,0.000,0.000,0,0,1.8880,58,116,58,65,67
31,falling,5,88.0,,195.000,101.890,0.00000,1.60882,1.60882,0.000000,0.000000,0,0,3.29200,592.235,0.868,7.000,7.000,9.000,10.000,20.000,0.000,0.000,0,0,1.8880,58,116,58,65,67
31,falling,6,105.0,,195.000,103.795,0.00000,1.86754,1.86754,0.000000,0.000000,0,0,3.29200,592.235,0.868,7.000,7.000,9.000,10.000,20.000,0.000,0.000,0,0,1.8880,58,116,58,65,67
31,falling,7,121.0,,195.000,105.818,0.00000,2.10731,2.10731,0.000000,0.000000,0,0,3.29200,592.235,0.868,7.000,7.000,9.000,10.000,20.000,0.000,0.000,0,0,1.8880,58,116,58,65,67
31,falling,8,138.0,,195.000,108.224,0.00000,2.35840,2.35840,0.000000,0.000000,0,0,3.29200,592.235,0.868,7.000,7.000,9.000,10.000,20.000,0.000,0.000,0,0,1.8880,58,116,58,65,67
31,falling,9,155.0,,195.000,110.882,0.00000,2.60565,2.60565,0.000000,0.000000,0,0,3.29200,592.235,0.868,7.000,7.000,9.000,10.000,20.000,0.000,0.000,0,0,1.8880,58,116,58,65,67
31,falling,10,172.0,,195.000,113.603,0.00000,2.83480,2.83480,0.000000,0.000000,0,0,3.29200,592.235,0.868,7.000,7.000,9.000,10.000,20.000,0.000,0.000,0,0,1.8880,58,116,58,65,67
31,falling,11,188.0,,195.000,116.739,0.00000,3.07476,3.07476,0.000000,0.000000,0,0,3.29200,592.235,0.868,7.000,7.000,9.000,10.000,20.000,0.000,0.000,0,0,1.8880,58,116,58,65,67
31,falling,12,205.0,,195.000,120.117,0.00000,3.31105,3.31105,0.000000,0.000000,0,0,3.29200,592.235,0.868,7.000,7.000,9.000,10.000,20.000,0.000,0.000,0,0,1.8880,58,116,58,65,67
31,falling,13,221.0,,195.000,123.506,0.00000,3.53004,3.53004,0.000000,0.000000,0,0,3.29200,592.235,0.868,7.000,7.000,9.000,10.000,20.000,0.000,0.000,0,0,1.8880,58,116,58,65,67
31,falling,14,238.0,,195.000,127.340,0.00000,3.75936,3.75936,0.000000,0.000000,0,0,3.29200,592.235,0.868,7.000,7.000,9.000,10.000,20.000,0.000,0.000,0,0,1.8880,58,116,58,65,67
31,falling,15,255.0,,195.000,131.405,0.00000,3.98518,3.98518,0.000000,0.000000,0,0,3.29200,592.235,0.868,7.000,7.000,9.000,10.000,20.000,0.000,0.000,0,0,1.8880,58,116,58,65,67
31,falling,16,271.0,,195.000,135.432,0.00000,4.19446,4.19446,0.000000,0.000000,0,0,3.29200,592.235,0.868,7.000,7.000,9.000,10.000,20.000,0.000,0.000,0,0,1.8880,58,116,58,65,67
31,falling,17,288.0,,195.000,139.934,0.00000,4.41361,4.41361,0.000000,0.000000,0,0,3.29200,592.235,0.868,7.000,7.000,9.000,10.000,20.000,0.000,0.000,0,0,1.8880,58,116,58,65,67
31,falling,18,305.0,,195.000,144.656,0.00000,4.62942,4.62942,0.000000,0.000000,0,0,3.29200,592.235,0.868,7.000,7.000,9.000,10.000,20.000,0.000,0.000,0,0,1.8880,58,116,58,65,67
31,falling,19,321.0,,195.000,149.292,0.00000,4.82942,4.82942,0.000000,0.000000,0,0,3.29200,592.235,0.868,7.000,7.000,9.000,10.000,20.000,0.000,0.000,0,0,1.8880,58,116,58,65,67
31,falling,20,338.0,,195.000,154.431,0.00000,5.03887,5.03887,0.000000,0.000000,0,0,3.29200,592.235,0.868,7.000,7.000,9.000,10.000,20.000,0.000,0.000,0,0,1.8880,58,116,58,65,67
31,falling,21,355.0,,195.000,159.781,0.00000,5.24510,5.24510,0.000000,0.000000,0,0,3.29200,592.235,0.868,7.000,7.000,9.000,10.000,20.000,0.000,0.000,0,0,1.8880,58,116,58,65,67
31,falling,22,371.0,,195.000,165.000,0.00000,5.43624,5.43624,0.000000,0.000000,0,0,3.29200,592.235,0.868,7.000,7.000,9.000,10.000,20.000,0.000,0.000,0,0,1.8880,58,116,58,65,67
31,falling,23,388.0,,195.000,170.749,0.00000,5.63640,5.63640,0.000000,0.000000,0,0,3.29200,592.235,0.868,7.000,7.000,9.000,10.000,20.000,0.000,0.000,0,0,1.8880,58,116,58,65,67
31,falling,24,405.0,,195.000,176.699,0.00000,5.83350,5.83350,0.000000,0.000000,0,0,3.29200,592.235,0.868,7.000,7.000,9.000,10.000,20.000,0.000,0.000,0,0,1.8880,58,116,58,65,67
31,falling,25,421.0,,195.000,182.475,0.00000,6.01616,6.01616,0.000000,0.000000,0,0,3.29200,592.235,0.868,7.000,7.000,9.000,10.000,20.000,0.000,0.000,0,0,1.8880,58,116,58,65,67
31,falling,26,438.0,,195.000,188.807,0.00000,6.20745,6.20745,0.000000,0.000000,0,0,3.29200,592.235,0.868,7.000,7.000,9.000,10.000,20.000,0.000,0.000,0,0,1.8880,58,116,58,65,67
31,falling,27,455.0,,195.000,195.330,0.00000,6.39581,6.39581,0.000000,0.000000,0,0,3.29200,592.235,0.868,7.000,7.000,9.000,10.000,20.000,0.000,0.000,0,0,1.8880,58,116,58,65,67
31,falling,28,471.0,,195.000,201.638,0.00000,6.57037,6.57037,0.000000,0.000000,0,0,3.29200,592.235,0.868,7.000,7.000,9.000,10.000,20.000,0.000,0.000,0,0,1.8880,58,116,58,65,67
31,falling,29,488.0,,195.000,208.526,0.00000,6.75318,6.75318,0.000000,0.000000,0,0,3.29200,592.235,0.868,7.000,7.000,9.000,10.000,20.000,0.000,0.000,0,0,1.8880,58,116,58,65,67
31,falling,30,505.0,,195.000,215.598,0.00000,6.93319,6.93319,0.000000,0.000000,0,0,3.29200,592.235,0.868,7.000,7.000,9.000,10.000,20.000,0.000,0.000,0,0,1.8880,58,116,58,65,67
31,falling,31,521.0,,195.000,222.414,0.00000,7.10002,7.10002,0.000000,0.000000,0,0,3.29200,592.235,0.868,7.000,7.000,9.000,10.000,11.000,0.000,0.000,0,0,1.8880,58,116,58,65,67
31,falling,32,538.0,,195.000,229.834,0.00000,7.27472,7.27472,0.000000,0.000000,0,0,3.29200,592.235,0.868,7.000,7.000,9.000,10.000,20.000,0.000,0.000,0,0,1.8880,58,116,58,65,67
31,falling,33,555.0,,195.000,237.430,0.00000,7.44675,7.44675,0.000000,0.000000,0,0,3.29200,592.235,0.868,7.000,7.000,9.000,10.000,20.000,0.000,0.000,0,0,1.8880,58,116,58,65,67
31,falling,34,571.0,,195.000,244.732,0.00000,7.60619,7.60619,0.000000,0.000000,0,0,3.29200,592.235,0.868,7.000,7.000,9.000,10.000,20.000,0.000,0.000,0,0,1.8880,58,116,58,65,67
31,falling,35,588.0,,195.000,252.660,0.00000,7.77314,7.77314,0.000000,0.000000,0,0,3.29200,592.235,0.868,7.000,7.000,9.000,10.000,20.000,0.000,0.000,0,0,1.8880,58,116,58,65,67
31,falling,36,605.0,,195.000,260.271,0.00000,7.92788,7.92788,0.000000,0.000000,0,0,3.29200,592.235,0.868,7.000,7.000,9.000,10.000,20.000,0.000,0.000,0,0,1.8880,58,116,58,65,67
31,falling,37,621.0,,195.000,268.523,0.00000,8.08991,8.08991,0.000000,0.000000,0,0,3.29200,592.235,0.868,7.000,7.000,9.000,10.000,20.000,0.000,0.000,0,0,1.8880,58,116,58,65,67
31,falling,38,638.0,,195.000,276.937,0.00000,8.24947,8.24947,0.000000,0.000000,0,0,3.29200,592.235,0.868,7.000,7.000,9.000,10.000,20.000,0.000,0.000,0,0,1.8880,58,116,58,65,67
31,falling,39,655.0,,195.000,285.512,0.00000,8.40659,8.40659,0.000000,0.000000,0,0,3.29200,592.235,0.868,7.000,7.000,9.000,10.000,20.000,0.000,0.000,0,0,1.8880,58,116,58,65,67
31,falling,40,671.0,,195.000,293.722,0.00000,8.55220,8.55220,0.000000,0.000000,0,0,3.29200,592.235,0.868,7.000,7.000,9.000,10.000,20.000,0.000,0.000,0,0,1.8880,58,116,58,65,67
31,falling,41,688.0,,195.000,302.601,0.00000,8.70468,8.70468,0.000000,0.000000,0,0,3.29200,592.235,0.868,7.000,7.000,9.000,10.000,20.000,0.000,0.000,0,0,1.8880,58,116,58,65,67
31,falling,42,705.0,,195.000,311.093,0.00000,8.84600,8.84600,0.000000,0.000000,0,0,3.29200,592.235,0.868,7.000,7.000,9.000,10.000,20.000,0.000,0.000,0,0,1.8880,58,116,58,65,67
31,falling,43,721.0,,195.000,320.267,0.00000,8.99399,8.99399,0.000000,0.000000,0,0,3.29200,592.235,0.868,7.000,7.000,9.000,10.000,20.000,0.000,0.000,0,0,1.8880,58,116,58,65,67
31,falling,44,738.0,,195.000,329.590,0.00000,9.13972,9.13972,0.000000,0.000000,0,0,3.29200,592.235,0.868,7.000,7.000,9.000,10.000,20.000,0.000,0.000,0,0,1.8880,58,116,58,65,67
31,falling,45,755.0,,195.000,338.493,0.00000,9.27477,9.27477,0.000000,0.000000,0,0,3.29200,592.235,0.868,7.000,7.000,9.000,10.000,20.000,0.000,0.000,0,0,1.8880,58,116,58,65,67
31,falling,46,771.0,,195.000,348.098,0.00000,9.41620,9.41620,0.000000,0.000000,0,0,3.29200,592.235,0.868,7.000,7.000,9.000,10.000,20.000,0.000,0.000,0,0,1.8880,58,116,58,65,67
31,falling,47,788.0,,195.000,357.844,0.00000,9.55547,9.55547,0.000000,0.000000,0,0,3.29200,592.235,0.868,7.000,7.000,9.000,10.000,20.000,0.000,0.000,0,0,1.8880,58,116,58,65,67
31,falling,48,805.0,,195.000,367.731,0.00000,9.69260,9.69260,0.000000,0.000000,0,0,3.29200,592.235,0.868,7.000,7.000,9.000,10.000,20.000,0.000,0.000,0,0,1.8880,58,116,58,65,67
31,falling,49,821.0,,195.000,377.158,0.00000,9.81970,9.81970,0.000000,0.000000,0,0,3.29200,592.235,0.868,7.000,7.000,9.000,10.000,20.000,0.000,0.000,0,0,1.8880,58,116,58,65,67
31,falling,50,838.0,,195.000,387.310,0.00000,9.95279,9.95279,0.000000,0.000000,0,0,3.29200,592.235,0.868,7.000,7.000,9.000,10.000,20.000,0.000,0.000,0,0,1.8880,58,116,58,65,67
31,falling,51,855.0,,195.000,397.595,0.00000,10.08384,10.08384,0.000000,0.000000,0,0,3.29200,592.235,0.868,7.000,7.000,9.000,10.000,20.000,0.000,0.000,0,0,1.8880,58,116,58,65,67
31,falling,52,871.0,,195.000,407.392,0.00000,10.20530,10.20530,0.000000,0.000000,0,0,3.29200,592.235,0.868,7.000,7.000,9.000,10.000,20.000,0.000,0.000,0,0,1.8880,58,116,58,65,67
31,falling,53,888.0,,195.000,417.931,0.00000,10.33249,10.33249,0.000000,0.000000,0,0,3.29200,592.235,0.868,7.000,7.000,9.000,10.000,20.000,0.000,0.000,0,0,1.8880,58,116,58,65,67
31,falling,54,905.0,,195.000,428.598,0.00000,10.45774,10.45774,0.000000,0.000000,0,0,3.29200,592.235,0.868,7.000,7.000,9.000,10.000,20.000,0.000,0.000,0,0,1.8880,58,116,58,65,67
31,falling,55,921.0,,195.000,438.749,0.00000,10.57382,10.57382,0.000000,0.000000,0,0,3.29200,592.235,0.868,7.000,7.000,9.000,10.000,20.000,0.000,0.000,0,0,1.8880,58,116,58,65,67
31,falling,56,938.0,,195.000,449.658,0.00000,10.69537,10.69537,0.000000,0.000000,0,0,3.29200,592.235,0.868,7.000,7.000,9.000,10.000,20.000,0.000,0.000,0,0,1.8880,58,116,58,65,67
31,falling,57,955.0,,195.000,460.690,0.00000,10.81506,10.81506,0.000000,0.000000,0,0,3.29200,592.235,0.868,7.000,7.000,9.000,10.000,20.000,0.000,0.000,0,0,1.8880,58,116,58,65,67
31,falling,58,971.0,,195.000,471.179,0.00000,10.92599,10.92599,0.000000,0.000000,0,0,3.29200,592.235,0.868,7.000,7.000,9.000,10.000,20.000,0.000,0.000,0,0,1.8880,58,116,58,65,67
31,post_landing,59,988.0,59,195.000,481.636,1.07680,0.06031,1.07849,0.054533,0.000000,0,1,3.29200,592.235,0.868,7.000,7.000,9.000,10.000,20.000,0.000,0.000,0,2,1.8880,58,116,58,65,67
31,post_landing,60,1005.0,59,196.082,481.489,1.32792,0.13023,1.33429,-0.009744,0.054772,0,1,3.29200,592.235,0.868,7.000,6.046,9.041,10.094,19.081,0.000,0.000,0,1,1.8880,58,116,58,65,67
31,post_landing,61,1021.0,59,197.338,481.419,1.09926,0.10644,1.10440,0.010950,0.045553,0,1,3.29200,592.235,0.868,7.000,6.039,9.036,10.081,19.071,0.000,0.000,0,1,1.8880,58,116,58,65,67
31,post_landing,62,1038.0,59,198.442,481.503,1.04961,0.14749,1.05993,0.001384,0.056551,0,1,3.29200,592.235,0.868,7.000,6.047,9.042,10.097,19.083,0.000,0.000,0,1,1.8880,58,116,58,65,67
31,post_landing,63,1055.0,59,199.435,481.511,0.97243,0.15657,0.98495,0.000000,0.057861,0,1,3.29200,592.235,0.868,7.000,6.048,9.043,10.099,19.084,0.000,0.000,0,1,1.8880,58,116,58,65,67
31,post_landing,64,1072.0,59,200.412,481.513,0.90010,0.16625,0.91532,0.000000,0.057861,0,1,3.29200,592.235,0.868,7.000,6.048,9.043,10.099,19.084,0.000,0.000,0,1,1.8880,58,116,58,65,67
31,post_landing,65,1088.0,59,201.316,481.513,0.83315,0.34869,0.90317,0.000000,0.057861,0,1,3.29200,592.235,0.868,7.000,6.048,9.043,10.099,19.084,0.000,0.000,0,1,1.8880,58,116,58,65,67
31,post_landing,66,1105.0,59,202.104,481.511,0.77188,0.42615,0.88171,0.002126,0.057861,0,1,3.29200,592.235,0.868,7.000,6.048,9.043,10.099,19.084,0.000,0.000,0,1,1.8880,58,116,58,65,67
31,post_landing,67,1122.0,59,202.880,481.529,0.75199,0.45880,0.88090,-0.001353,0.059996,0,1,3.29200,592.235,0.868,7.000,6.049,9.044,10.102,19.086,0.000,0.000,0,1,1.8880,58,116,58,65,67
31,post_landing,68,1138.0,59,203.635,481.519,0.72734,0.45464,0.85774,-0.001665,0.058637,0,1,3.29200,592.235,0.868,7.000,6.048,9.043,10.100,19.085,0.000,0.000,0,1,1.8880,58,116,58,65,67
31,post_landing,69,1155.0,59,204.365,481.506,0.73849,0.42133,0.85022,-0.006855,0.056964,0,1,3.29200,592.235,0.868,7.000,6.047,9.042,10.098,19.083,0.000,0.000,0,1,1.8880,58,116,58,65,67
31,post_landing,70,1171.0,59,205.064,481.455,0.68418,0.40092,0.79299,0.000000,0.050478,0,1,3.29200,592.235,0.868,7.000,6.043,9.039,10.088,19.077,0.000,0.000,0,1,1.8880,58,116,58,65,67
31,post_landing,71,1188.0,59,205.751,481.457,0.76270,0.35978,0.84330,-0.016664,0.050478,0,1,3.29200,592.235,0.868,7.000,6.043,9.039,10.088,19.077,0.000,0.000,0,1,1.8880,58,116,58,65,67
31,post_landing,72,1205.0,59,206.517,481.339,0.70597,0.38561,0.80442,-0.008634,0.033740,0,1,3.29200,592.235,0.868,7.000,6.030,9.029,10.062,19.057,0.000,0.000,0,1,1.8880,58,116,58,65,67
31,post_landing,73,1222.0,59,207.185,481.284,0.65405,0.36718,0.75007,-0.001768,0.025572,0,1,3.29200,592.235,0.868,7.000,6.024,9.023,10.048,19.045,0.000,0.000,0,1,1.8880,58,116,58,65,67
31,post_landing,74,1239.0,59,207.842,481.275,0.71918,0.34245,0.79655,-0.016585,0.023796,0,1,3.29200,592.235,0.868,7.000,6.022,9.021,10.045,19.042,0.000,0.000,0,1,1.8880,58,116,58,65,67
31,post_landing,75,1255.0,59,208.523,481.178,0.66630,0.31679,0.73777,-0.007867,0.008104,0,1,3.29200,592.235,0.868,7.000,6.008,9.008,10.016,19.016,0.000,0.000,0,1,1.8880,58,116,58,65,67
31,post_landing,76,1272.0,59,209.192,481.137,0.63630,0.35459,0.72843,-0.006368,0.000202,0,1,3.29200,592.235,0.868,7.000,6.000,9.000,10.000,19.000,0.000,0.000,0,1,1.8880,58,116,58,65,67
31,post_landing,77,1288.0,59,209.831,481.078,0.61895,0.34895,0.71054,-0.006309,-0.006194,0,1,3.29200,592.235,0.868,7.000,5.006,7.006,10.000,12.031,0.000,0.000,0,1,1.8880,58,116,58,65,67
31,post_landing,78,1305.0,59,210.453,481.021,0.62279,0.32592,0.70291,-0.009634,-0.012531,0,1,3.29200,592.235,0.868,7.000,5.012,7.012,9.999,12.062,0.000,0.000,0,1,1.8880,58,116,58,65,67
31,post_landing,79,1322.0,59,211.042,480.940,0.57699,0.28968,0.64563,-0.003184,-0.021646,0,1,3.29200,592.235,0.868,7.000,5.020,7.020,9.998,12.105,0.000,0.000,0,1,1.8880,58,116,58,65,67
31,post_landing,80,1338.0,59,211.621,480.915,0.68787,0.25758,0.73451,-0.026353,-0.024844,0,1,3.29200,592.235,0.868,7.000,5.023,7.023,9.997,12.121,0.000,0.000,0,1,1.8880,58,116,58,65,67
31,post_landing,81,1355.0,59,212.272,480.717,0.63729,0.21072,0.67122,-0.016600,-0.049778,0,1,3.29200,592.235,0.868,7.000,5.044,7.041,9.988,12.234,0.000,0.000,0,1,1.8880,58,116,58,65,67
31,post_landing,82,1372.0,59,212.912,480.602,0.58988,0.21311,0.62720,-0.010202,-0.066451,0,1,3.29200,592.235,0.868,7.000,5.055,7.051,9.978,12.306,0.000,0.000,0,1,1.8880,58,116,58,65,67
31,post_landing,83,1388.0,59,213.505,480.536,0.55794,0.19074,0.58964,-0.007580,-0.076698,0,1,3.29200,592.235,0.868,7.000,5.062,7.056,9.971,12.348,0.000,0.000,0,1,1.8880,58,116,58,65,67
31,post_landing,84,1405.0,59,214.065,480.489,0.58140,0.16526,0.60443,-0.015666,-0.084312,0,1,3.29200,592.235,0.868,7.000,5.066,7.059,9.964,12.378,0.000,0.000,0,1,1.8880,58,116,58,65,67
31,post_landing,85,1422.0,59,214.615,480.403,0.53865,0.11219,0.55021,-0.010326,-0.099134,0,1,3.29200,592.235,0.868,7.000,5.074,7.065,9.951,12.436,0.000,0.000,0,1,1.8880,58,116,58,65,67
31,post_landing,86,1438.0,59,215.156,480.351,0.51444,0.09416,0.52298,-0.009728,-0.109505,0,1,3.29200,592.235,0.868,7.000,5.079,7.067,9.940,12.475,0.000,0.000,0,1,1.8880,58,116,58,65,67
31,post_landing,87,1455.0,59,215.643,480.333,0.64719,0.19579,0.67616,-0.037386,-0.118710,0,1,3.29200,592.235,0.868,7.000,5.083,7.069,9.055,12.508,0.000,0.000,0,1,1.8880,58,116,58,65,67
31,post_landing,88,1472.0,59,216.293,480.165,0.09681,-0.02219,0.09932,0.065669,-0.156260,0,1,3.29200,592.235,0.868,7.000,5.095,7.070,9.046,12.632,0.000,0.000,0,1,1.8880,58,116,58,65,67
31,post_landing,89,1488.0,59,216.390,480.452,0.08960,-0.09652,0.13170,0.061286,-0.090302,0,1,3.29200,592.235,0.868,7.000,5.070,7.062,9.959,12.402,0.000,0.000,0,1,1.8880,58,116,58,65,67
31,post_landing,90,1505.0,59,216.475,480.634,0.08831,0.17154,0.19293,0.060404,-0.032314,0,0,3.29200,592.235,0.868,7.000,5.030,7.029,9.995,12.155,0.000,0.000,0,0,1.8880,58,116,58,65,67
31,post_landing,91,1521.0,59,216.564,481.108,0.08696,0.45224,0.46053,0.059479,0.028355,0,0,3.29200,592.235,0.868,7.000,6.026,9.025,10.053,19.049,0.000,0.000,0,0,1.8880,58,116,58,65,67
31,post_landing,92,1538.0,59,216.651,481.769,0.08049,0.01733,0.08234,0.038719,0.088096,0,1,3.29200,592.235,0.868,7.000,6.065,9.053,10.137,20.186,0.000,0.000,0,1,1.8880,58,116,58,65,67
31,post_landing,93,1555.0,59,216.727,482.042,0.07934,0.28375,0.29463,0.038161,0.124730,0,0,3.29200,592.235,0.868,7.000,6.078,9.054,10.171,20.218,0.000,0.000,0,0,1.8880,58,116,58,65,67
31,post_landing,94,1572.0,59,216.807,482.541,0.07343,0.01314,0.07460,0.030298,0.163059,0,1,3.29200,592.235,0.868,7.000,6.083,9.043,10.192,20.222,0.000,0.000,0,1,1.8880,58,116,58,65,67
31,post_landing,95,1588.0,59,216.881,482.843,0.07231,0.29627,0.30497,0.029834,0.193490,0,0,3.29200,592.235,0.868,7.000,6.080,10.198,10.583,20.204,0.000,0.000,0,0,1.8880,58,116,58,65,67
31,post_landing,96,1605.0,59,216.949,483.296,0.06699,0.05609,0.08738,0.025794,0.221718,0,1,3.29200,592.235,0.868,7.000,6.073,9.439,10.635,20.294,0.000,0.000,0,1,1.8880,58,116,58,65,67
31,post_landing,97,1621.0,59,217.017,483.666,0.93486,-0.51113,1.06547,-0.026022,0.247626,0,1,3.29200,592.235,0.868,7.000,8.246,9.461,10.675,20.381,0.000,0.000,0,1,1.8880,58,116,58,65,67
31,post_landing,98,1638.0,59,217.956,483.301,0.76255,-0.12099,0.77209,-0.001123,0.221490,0,1,3.29200,592.235,0.868,7.000,6.073,9.439,10.634,20.293,0.000,0.000,0,1,1.8880,58,116,58,65,67
31,post_landing,99,1655.0,59,218.677,483.276,0.65593,0.03227,0.65672,0.006315,0.220428,0,1,3.29200,592.235,0.868,7.000,6.073,9.438,10.633,20.289,0.000,0.000,0,1,1.8880,58,116,58,65,67
31,post_landing,100,1671.0,59,219.336,483.379,1.08603,-0.48666,1.19009,-0.002433,0.226770,0,1,3.29200,592.235,0.868,7.000,6.071,9.444,10.643,20.312,0.000,0.000,0,1,1.8880,58,116,58,65,67
31,post_landing,101,1688.0,59,220.427,483.180,1.06942,-0.19588,1.08721,-0.002395,0.224327,0,0,3.29200,592.235,0.868,7.000,6.072,9.442,10.639,20.304,0.000,0.000,0,0,1.8880,58,116,58,65,67
31,post_landing,102,1705.0,59,221.438,483.292,0.81159,-0.02743,0.81205,0.019852,0.222060,0,1,3.29200,592.235,0.868,7.000,6.073,9.440,10.635,20.295,0.000,0.000,0,1,1.8880,58,116,58,65,67
31,post_landing,103,1721.0,59,222.254,483.584,1.14833,-0.51757,1.25958,0.012553,0.241999,0,1,3.29200,592.235,0.868,7.000,8.246,9.457,10.667,20.364,0.000,0.000,0,1,1.8880,58,116,58,65,67
31,post_landing,104,1738.0,59,223.407,483.378,1.13076,-0.22632,1.15319,0.012361,0.254608,0,0,3.29200,592.235,0.868,7.000,4.375,9.465,10.685,20.402,0.000,0.000,0,0,1.8880,58,116,58,65,67
31,post_landing,105,1755.0,59,224.477,483.420,1.11448,0.04360,1.11533,0.012183,0.266303,0,0,3.29200,592.235,0.868,7.000,4.385,9.472,10.700,21.225,0.000,0.000,0,0,1.8880,58,116,58,65,67
31,post_landing,106,1771.0,59,225.596,483.753,1.09743,0.32627,1.14490,0.011997,0.278540,0,0,3.29200,592.235,0.868,7.000,4.396,9.478,10.714,21.292,0.000,0.000,0,0,1.8880,58,116,58,65,67
31,post_landing,107,1788.0,59,226.699,484.347,1.29348,0.10519,1.29775,-0.007668,0.290589,0,1,3.29200,592.235,0.868,7.000,4.405,9.482,19.251,21.355,0.000,0.000,0,1,1.8880,58,116,58,65,67
31,post_landing,108,1805.0,59,227.998,484.442,1.13680,-0.07641,1.13937,0.018991,0.282888,0,1,3.29200,592.235,0.868,7.000,4.399,9.480,10.719,21.315,0.000,0.000,0,2,1.8880,58,116,58,65,67
31,post_landing,109,1821.0,59,229.073,484.523,1.97886,-0.36984,2.01312,-0.041942,0.300857,0,1,3.29200,592.235,0.868,7.000,4.413,9.485,19.266,21.406,0.000,0.000,0,1,1.8880,58,116,58,65,67
31,post_landing,110,1838.0,59,231.061,484.090,1.24783,-0.04447,1.24862,0.035344,0.258730,0,1,3.29200,592.235,0.868,7.000,4.379,9.468,10.691,20.414,0.000,0.000,0,2,1.8880,58,116,58,65,67
31,post_landing,111,1855.0,59,232.242,484.023,1.22986,0.22284,1.24988,0.034835,0.292172,0,0,3.29200,592.235,0.868,7.000,4.407,9.483,19.253,21.363,0.000,0.000,0,0,1.8880,58,116,58,65,67
31,post_landing,112,1871.0,59,233.477,484.536,1.21104,0.50276,1.31125,0.034302,0.327159,0,0,3.29200,592.235,0.868,7.000,4.431,9.487,19.295,21.848,0.000,0.000,0,0,1.8880,58,116,58,65,67
31,post_landing,113,1888.0,59,234.693,485.330,1.19251,0.77840,1.42408,0.033777,0.361612,0,0,3.29200,592.235,0.868,7.000,4.449,9.479,20.601,23.306,0.000,0.000,0,0,1.8880,58,116,58,65,67
31,post_landing,114,1905.0,59,235.821,486.248,1.44365,0.25822,1.46656,0.001451,0.393571,0,1,3.29200,592.235,0.868,7.000,5.768,9.462,20.615,24.763,0.000,0.000,0,1,1.8880,58,116,58,65,67
31,post_landing,115,1921.0,59,237.271,486.452,1.34170,-0.16348,1.35163,0.033251,0.395029,0,1,3.29200,592.235,0.868,7.000,5.769,9.461,20.615,24.770,0.000,0.000,0,3,1.8880,58,116,58,65,67
31,post_landing,116,1938.0,59,238.619,486.577,1.32118,0.12235,1.32683,0.032742,0.428426,0,0,3.29200,592.235,0.868,7.000,5.794,18.787,20.606,24.918,0.000,0.000,0,0,1.8880,58,116,58,65,67
31,post_landing,117,1955.0,59,239.869,486.949,1.30215,0.38726,1.35852,0.032271,0.459406,0,0,3.29200,592.235,0.868,7.000,5.812,20.124,20.577,25.030,0.000,0.000,0,0,1.8880,58,116,58,65,67
31,post_landing,118,1971.0,59,241.177,487.627,1.28223,0.66466,1.44426,0.031777,0.491818,0,0,3.29200,592.235,0.868,7.000,5.824,16.591,20.526,27.420,0.000,0.000,0,0,1.8880,58,116,58,65,67
32,falling,0,20.0,,195.000,97.029,0.00000,0.55000,0.55000,0.000000,0.000000,0,0,2.09200,204.507,2.907,1.000,1.000,2.000,3.000,4.000,0.000,0.000,0,0,2.0219,65,130,65,69,61
32,falling,1,35.0,,195.000,97.742,0.00000,0.79258,0.79258,0.000000,0.000000,0,0,2.09200,204.507,2.907,1.000,1.000,2.000,3.000,4.000,0.000,0.000,0,0,2.0219,65,130,65,69,61
32,falling,2,52.0,,195.000,98.827,0.00000,1.06378,1.06378,0.000000,0.000000,0,0,2.09200,204.507,2.907,1.000,1.000,2.000,3.000,4.000,0.000,0.000,0,0,2.0219,65,130,65,69,61
32,falling,3,68.0,,195.000,100.090,0.00000,1.31513,1.31513,0.000000,0.000000,0,0,2.09200,204.507,2.907,1.000,1.000,2.000,3.000,4.000,0.000,0.000,0,0,2.0219,65,130,65,69,61
32,falling,4,85.0,,195.000,101.700,0.00000,1.57834,1.57834,0.000000,0.000000,0,0,2.09200,204.507,2.907,1.000,1.000,2.000,3.000,4.000,0.000,0.000,0,0,2.0219,65,130,65,69,61
32,falling,5,102.0,,195.000,103.574,0.00000,1.83753,1.83753,0.000000,0.000000,0,0,2.09200,204.507,2.907,1.000,1.000,2.000,3.000,4.000,0.000,0.000,0,0,2.0219,65,130,65,69,61
32,falling,6,119.0,,195.000,105.569,0.00000,2.07773,2.07773,0.000000,0.000000,0,0,2.09200,204.507,2.907,1.000,1.000,2.000,3.000,4.000,0.000,0.000,0,0,2.0219,65,130,65,69,61
32,falling,7,135.0,,195.000,107.945,0.00000,2.32928,2.32928,0.000000,0.000000,0,0,2.09200,204.507,2.907,1.000,1.000,2.000,3.000,4.000,0.000,0.000,0,0,2.0219,65,130,65,69,61
32,falling,8,152.0,,195.000,110.573,0.00000,2.57697,2.57697,0.000000,0.000000,0,0,2.09200,204.507,2.907,1.000,1.000,2.000,3.000,4.000,0.000,0.000,0,0,2.0219,65,130,65,69,61
32,falling,9,169.0,,195.000,113.267,0.00000,2.80653,2.80653,0.000000,0.000000,0,0,2.09200,204.507,2.907,1.000,1.000,2.000,3.000,4.000,0.000,0.000,0,0,2.0219,65,130,65,69,61
32,falling,10,185.0,,195.000,116.375,0.00000,3.04692,3.04692,0.000000,0.000000,0,0,2.09200,204.507,2.907,1.000,1.000,2.000,3.000,4.000,0.000,0.000,0,0,2.0219,65,130,65,69,61
32,falling,11,202.0,,195.000,119.725,0.00000,3.28364,3.28364,0.000000,0.000000,0,0,2.09200,204.507,2.907,1.000,1.000,2.000,3.000,4.000,0.000,0.000,0,0,2.0219,65,130,65,69,61
32,falling,12,219.0,,195.000,123.087,0.00000,3.50302,3.50302,0.000000,0.000000,0,0,2.09200,204.507,2.907,1.000,1.000,2.000,3.000,4.000,0.000,0.000,0,0,2.0219,65,130,65,69,61
32,falling,13,235.0,,195.000,126.895,0.00000,3.73276,3.73276,0.000000,0.000000,0,0,2.09200,204.507,2.907,1.000,1.000,2.000,3.000,4.000,0.000,0.000,0,0,2.0219,65,130,65,69,61
32,falling,14,252.0,,195.000,130.933,0.00000,3.95898,3.95898,0.000000,0.000000,0,0,2.09200,204.507,2.907,1.000,1.000,2.000,3.000,4.000,0.000,0.000,0,0,2.0219,65,130,65,69,61
32,falling,15,269.0,,195.000,134.935,0.00000,4.16864,4.16864,0.000000,0.000000,0,0,2.09200,204.507,2.907,1.000,1.000,2.000,3.000,4.000,0.000,0.000,0,0,2.0219,65,130,65,69,61
32,falling,16,285.0,,195.000,139.411,0.00000,4.38819,4.38819,0.000000,0.000000,0,0,2.09200,204.507,2.907,1.000,1.000,2.000,3.000,4.000,0.000,0.000,0,0,2.0219,65,130,65,69,61
32,falling,17,302.0,,195.000,144.107,0.00000,4.60439,4.60439,0.000000,0.000000,0,0,2.09200,204.507,2.907,1.000,1.000,2.000,3.000,4.000,0.000,0.000,0,0,2.0219,65,130,65,69,61
32,falling,18,319.0,,195.000,148.720,0.00000,4.80475,4.80475,0.000000,0.000000,0,0,2.09200,204.507,2.907,1.000,1.000,2.000,3.000,4.000,0.000,0.000,0,0,2.0219,65,130,65,69,61
32,falling,19,335.0,,195.000,153.835,0.00000,5.01457,5.01457,0.000000,0.000000,0,0,2.09200,204.507,2.907,1.000,1.000,2.000,3.000,4.000,0.000,0.000,0,0,2.0219,65,130,65,69,61
32,falling,20,352.0,,195.000,159.160,0.00000,5.22118,5.22118,0.000000,0.000000,0,0,2.09200,204.507,2.907,1.000,1.000,2.000,3.000,4.000,0.000,0.000,0,0,2.0219,65,130,65,69,61
32,falling,21,369.0,,195.000,164.357,0.00000,5.41266,5.41266,0.000000,0.000000,0,0,2.09200,204.507,2.907,1.000,1.000,2.000,3.000,4.000,0.000,0.000,0,0,2.0219,65,130,65,69,61
32,falling,22,385.0,,195.000,170.082,0.00000,5.61318,5.61318,0.000000,0.000000,0,0,2.09200,204.507,2.907,1.000,1.000,2.000,3.000,4.000,0.000,0.000,0,0,2.0219,65,130,65,69,61
32,falling,23,402.0,,195.000,176.009,0.00000,5.81063,5.81063,0.000000,0.000000,0,0,2.09200,204.507,2.907,1.000,1.000,2.000,3.000,4.000,0.000,0.000,0,0,2.0219,65,130,65,69,61
32,falling,24,419.0,,195.000,181.763,0.00000,5.99363,5.99363,0.000000,0.000000,0,0,2.09200,204.507,2.907,1.000,1.000,2.000,3.000,4.000,0.000,0.000,0,0,2.0219,65,130,65,69,61
32,falling,25,435.0,,195.000,188.072,0.00000,6.18526,6.18526,0.000000,0.000000,0,0,2.09200,204.507,2.907,1.000,1.000,2.000,3.000,4.000,0.000,0.000,0,0,2.0219,65,130,65,69,61
32,falling,26,452.0,,195.000,194.573,0.00000,6.37396,6.37396,0.000000,0.000000,0,0,2.09200,204.507,2.907,1.000,1.000,2.000,3.000,4.000,0.000,0.000,0,0,2.0219,65,130,65,69,61
32,falling,27,469.0,,195.000,200.860,0.00000,6.54884,6.54884,0.000000,0.000000,0,0,2.09200,204.507,2.907,1.000,1.000,2.000,3.000,4.000,0.000,0.000,0,0,2.0219,65,130,65,69,61
32,falling,28,485.0,,195.000,207.727,0.00000,6.73197,6.73197,0.000000,0.000000,0,0,2.09200,204.507,2.907,1.000,1.000,2.000,3.000,4.000,0.000,0.000,0,0,2.0219,65,130,65,69,61
32,falling,29,502.0,,195.000,214.777,0.00000,6.91231,6.91231,0.000000,0.000000,0,0,2.09200,204.507,2.907,1.000,1.000,2.000,3.000,4.000,0.000,0.000,0,0,2.0219,65,130,65,69,61
32,falling,30,519.0,,195.000,221.573,0.00000,7.07944,7.07944,0.000000,0.000000,0,0,2.09200,204.507,2.907,1.000,1.000,2.000,3.000,4.000,0.000,0.000,0,0,2.0219,65,130,65,69,61
32,falling,31,535.0,,195.000,228.973,0.00000,7.25446,7.25446,0.000000,0.000000,0,0,2.09200,204.507,2.907,1.000,1.000,2.000,3.000,4.000,0.000,0.000,0,0,2.0219,65,130,65,69,61
32,falling,32,552.0,,195.000,236.548,0.00000,7.42680,7.42680,0.000000,0.000000,0,0,2.09200,204.507,2.907,1.000,1.000,2.000,3.000,4.000,0.000,0.000,0,0,2.0219,65,130,65,69,61
32,falling,33,569.0,,195.000,243.831,0.00000,7.58652,7.58652,0.000000,0.000000,0,0,2.09200,204.507,2.907,1.000,1.000,2.000,3.000,4.000,0.000,0.000,0,0,2.0219,65,130,65,69,61
32,falling,34,585.0,,195.000,251.740,0.00000,7.75378,7.75378,0.000000,0.000000,0,0,2.09200,204.507,2.907,1.000,1.000,2.000,3.000,4.000,0.000,0.000,0,0,2.0219,65,130,65,69,61
32,falling,35,602.0,,195.000,259.817,0.00000,7.91848,7.91848,0.000000,0.000000,0,0,2.09200,204.507,2.907,1.000,1.000,2.000,3.000,4.000,0.000,0.000,0,0,2.0219,65,130,65,69,61
32,falling,36,619.0,,195.000,267.565,0.00000,8.07112,8.07112,0.000000,0.000000,0,0,2.09200,204.507,2.907,1.000,1.000,2.000,3.000,4.000,0.000,0.000,0,0,2.0219,65,130,65,69,61
32,falling,37,635.0,,195.000,275.961,0.00000,8.23096,8.23096,0.000000,0.000000,0,0,2.09200,204.507,2.907,1.000,1.000,2.000,3.000,4.000,0.000,0.000,0,0,2.0219,65,130,65,69,61
32,falling,38,652.0,,195.000,284.517,0.00000,8.38836,8.38836,0.000000,0.000000,0,0,2.09200,204.507,2.907,1.000,1.000,2.000,3.000,4.000,0.000,0.000,0,0,2.0219,65,130,65,69,61
32,falling,39,669.0,,195.000,292.710,0.00000,8.53424,8.53424,0.000000,0.000000,0,0,2.09200,204.507,2.907,1.000,1.000,2.000,3.000,4.000,0.000,0.000,0,0,2.0219,65,130,65,69,61
32,falling,40,685.0,,195.000,301.571,0.00000,8.68700,8.68700,0.000000,0.000000,0,0,2.09200,204.507,2.907,1.000,1.000,2.000,3.000,4.000,0.000,0.000,0,0,2.0219,65,130,65,69,61
32,falling,41,702.0,,195.000,310.585,0.00000,8.83742,8.83742,0.000000,0.000000,0,0,2.09200,204.507,2.907,1.000,1.000,2.000,3.000,4.000,0.000,0.000,0,0,2.0219,65,130,65,69,61
32,falling,42,719.0,,195.000,319.203,0.00000,8.97683,8.97683,0.000000,0.000000,0,0,2.09200,204.507,2.907,1.000,1.000,2.000,3.000,4.000,0.000,0.000,0,0,2.0219,65,130,65,69,61
32,falling,43,735.0,,195.000,328.508,0.00000,9.12281,9.12281,0.000000,0.000000,0,0,2.09200,204.507,2.907,1.000,1.000,2.000,3.000,4.000,0.000,0.000,0,0,2.0219,65,130,65,69,61
32,falling,44,752.0,,195.000,337.960,0.00000,9.26657,9.26657,0.000000,0.000000,0,0,2.09200,204.507,2.907,1.000,1.000,2.000,3.000,4.000,0.000,0.000,0,0,2.0219,65,130,65,69,61
32,falling,45,769.0,,195.000,346.983,0.00000,9.39980,9.39980,0.000000,0.000000,0,0,2.09200,204.507,2.907,1.000,1.000,2.000,3.000,4.000,0.000,0.000,0,0,2.0219,65,130,65,69,61
32,falling,46,785.0,,195.000,356.714,0.00000,9.53931,9.53931,0.000000,0.000000,0,0,2.09200,204.507,2.907,1.000,1.000,2.000,3.000,4.000,0.000,0.000,0,0,2.0219,65,130,65,69,61
32,falling,47,802.0,,195.000,366.584,0.00000,9.67669,9.67669,0.000000,0.000000,0,0,2.09200,204.507,2.907,1.000,1.000,2.000,3.000,4.000,0.000,0.000,0,0,2.0219,65,130,65,69,61
32,falling,48,819.0,,195.000,375.996,0.00000,9.80402,9.80402,0.000000,0.000000,0,0,2.09200,204.507,2.907,1.000,1.000,2.000,3.000,4.000,0.000,0.000,0,0,2.0219,65,130,65,69,61
32,falling,49,835.0,,195.000,386.132,0.00000,9.93735,9.93735,0.000000,0.000000,0,0,2.09200,204.507,2.907,1.000,1.000,2.000,3.000,4.000,0.000,0.000,0,0,2.0219,65,130,65,69,61
32,falling,50,854.0,,195.000,397.628,0.00000,10.08409,10.08409,0.000000,0.000000,0,0,2.09200,204.507,2.907,1.000,1.000,2.000,3.000,4.000,0.000,0.000,0,0,2.0219,65,130,65,69,61
32,falling,51,870.0,,195.000,406.806,0.00000,10.19795,10.19795,0.000000,0.000000,0,0,2.09200,204.507,2.907,1.000,1.000,2.000,3.000,4.000,0.000,0.000,0,0,2.0219,65,130,65,69,61
32,falling,52,885.0,,195.000,416.711,0.00000,10.31777,10.31777,0.000000,0.000000,0,0,2.09200,204.507,2.907,1.000,1.000,2.000,3.000,4.000,0.000,0.000,0,0,2.0219,65,130,65,69,61
32,falling,53,902.0,,195.000,427.363,0.00000,10.44324,10.44324,0.000000,0.000000,0,0,2.09200,204.507,2.907,1.000,1.000,2.000,3.000,4.000,0.000,0.000,0,0,2.0219,65,130,65,69,61
32,falling,54,919.0,,195.000,437.500,0.00000,10.55952,10.55952,0.000000,0.000000,0,0,2.09200,204.507,2.907,1.000,1.000,2.000,3.000,4.000,0.000,0.000,0,0,2.0219,65,130,65,69,61
32,falling,55,935.0,,195.000,448.395,0.00000,10.68130,10.68130,0.000000,0.000000,0,0,2.09200,204.507,2.907,1.000,1.000,2.000,3.000,4.000,0.000,0.000,0,0,2.0219,65,130,65,69,61
32,falling,56,952.0,,195.000,459.412,0.00000,10.80121,10.80121,0.000000,0.000000,0,0,2.09200,204.507,2.907,1.000,1.000,2.000,3.000,4.000,0.000,0.000,0,0,2.0219,65,130,65,69,61
32,falling,57,969.0,,195.000,469.888,0.00000,10.91233,10.91233,0.000000,0.000000,0,0,2.09200,204.507,2.907,1.000,1.000,2.000,3.000,4.000,0.000,0.000,0,0,2.0219,65,130,65,69,61
32,falling,58,985.0,,195.000,481.137,0.00000,11.02871,11.02871,0.000000,0.000000,0,0,2.09200,204.507,2.907,1.000,1.000,2.000,3.000,4.000,0.000,0.000,0,0,2.0219,65,130,65,69,61
32,post_landing,59,1002.0,59,195.000,487.849,1.00683,-0.98705,1.40996,0.064775,0.000000,0,1,2.09200,204.507,2.907,1.000,1.000,2.000,3.000,4.000,0.000,0.000,0,6,2.0219,65,130,65,69,61
32,post_landing,60,1019.0,59,195.953,484.482,0.50255,-0.45972,0.68110,0.107444,0.061289,0,1,2.09200,204.507,2.907,1.000,0.998,1.121,2.994,3.992,0.000,0.000,0,3,2.0219,65,130,65,69,61
32,post_landing,61,1035.0,59,196.457,482.825,0.46517,-0.14268,0.48656,0.045538,0.169205,0,1,2.09200,204.507,2.907,1.000,0.986,1.323,2.957,3.943,0.000,0.000,0,1,2.0219,65,130,65,69,61
32,post_landing,62,1052.0,59,196.925,482.880,0.05835,-1.26600,1.26734,0.124115,0.214943,0,1,2.09200,204.507,2.907,1.000,0.977,1.404,2.931,3.908,0.000,0.000,0,1,2.0219,65,130,65,69,61
32,post_landing,63,1069.0,59,196.980,481.938,0.05751,-0.98110,0.98279,0.122327,0.332378,0,0,2.09200,204.507,2.907,1.000,0.945,1.598,2.836,3.815,0.000,0.000,0,0,2.0219,65,130,65,69,61
32,post_landing,64,1085.0,59,197.038,481.242,0.05663,-0.68276,0.68510,0.120456,0.455242,0,0,2.09200,204.507,2.907,1.000,0.898,1.778,2.236,6.231,0.000,0.000,0,0,2.0219,65,130,65,69,61
32,post_landing,65,1102.0,59,197.094,480.845,0.05576,-0.38898,0.39295,0.118613,0.576227,0,0,2.09200,204.507,2.907,1.000,0.839,1.928,2.473,9.390,0.000,0.000,0,0,2.0219,65,130,65,69,61
32,post_landing,66,1118.0,59,197.147,480.733,0.05496,-0.11671,0.12900,0.116905,0.688456,0,0,2.09200,204.507,2.907,1.000,0.772,2.043,2.678,12.121,0.000,0.000,0,0,2.0219,65,130,65,69,61
32,post_landing,67,1135.0,59,197.202,480.905,0.05412,0.16841,0.17689,0.115116,0.805874,0,0,2.09200,204.507,2.907,1.000,0.692,2.135,2.857,15.698,0.000,0.000,0,0,2.0219,65,130,65,69,61
32,post_landing,68,1152.0,59,197.257,481.363,0.05329,0.44917,0.45232,0.113355,0.921496,0,0,2.09200,204.507,2.907,1.000,0.605,2.994,5.384,20.959,0.000,0.000,0,0,2.0219,65,130,65,69,61
32,post_landing,69,1168.0,59,197.307,482.044,0.05252,0.70936,0.71131,0.111722,1.028750,0,0,2.09200,204.507,2.907,1.000,0.516,3.086,16.802,39.435,0.000,0.000,0,0,2.0219,65,130,65,69,61
32,post_landing,70,1185.0,59,197.360,483.046,0.05172,0.98184,0.98321,0.110013,1.140963,0,0,2.09200,204.507,2.907,1.000,2.235,13.901,39.885,45.415,0.000,0.000,0,0,2.0219,65,130,65,69,61
32,post_landing,71,1202.0,59,197.412,484.321,0.05093,1.25016,1.25119,0.108330,1.251460,0,0,2.09200,204.507,2.907,1.000,3.162,39.525,43.958,49.027,0.000,0.000,0,0,2.0219,65,130,65,69,61
32,post_landing,72,1218.0,59,197.460,485.760,0.05020,1.49882,1.49966,0.106770,1.353959,0,0,2.09200,204.507,2.907,1.000,3.145,5.859,26.682,50.981,0.000,0.000,0,0,2.0219,65,130,65,69,61
32,post_landing,73,1235.0,59,197.511,487.554,0.04943,1.75922,1.75992,0.105136,1.461198,0,0,2.09200,204.507,2.907,1.000,3.091,5.964,11.043,38.210,0.000,0.000,0,0,2.0219,65,130,65,69,61
32,post_landing,74,1252.0,59,197.557,489.475,0.04872,2.00056,2.00115,0.103622,1.560676,0,0,2.09200,204.507,2.907,1.000,3.010,6.000,12.010,34.008,0.000,0.000,0,0,2.0219,65,130,65,69,61
32,post_landing,75,1268.0,59,197.606,491.773,0.04797,2.25328,2.25379,0.102037,1.664753,0,0,2.09200,204.507,2.907,1.000,4.076,10.050,16.305,20.662,0.000,0.000,0,0,2.0219,65,130,65,69,61
32,post_landing,76,1285.0,59,197.654,494.325,0.04724,2.50214,2.50258,0.100476,1.767239,0,0,2.09200,204.507,2.907,1.000,8.237,14.316,18.825,22.548,0.000,0.000,0,0,2.0219,65,130,65,69,61
32,post_landing,77,1302.0,59,197.702,497.127,0.04651,2.74719,2.74758,0.098939,1.868156,0,0,2.09200,204.507,2.907,1.000,12.645,17.719,21.466,37.196,0.000,0.000,0,0,2.0219,65,130,65,69,61
32,post_landing,78,1318.0,59,197.746,499.983,0.04584,2.97430,2.97465,0.097514,1.961769,0,0,2.09200,204.507,2.907,1.000,13.924,17.460,32.690,37.532,0.000,0.000,0,0,2.0219,65,130,65,69,61
32,post_landing,79,1335.0,59,197.792,503.259,0.04514,3.21212,3.21244,0.096022,2.059712,0,0,2.09200,204.507,2.907,1.000,10.294,34.000,37.531,49.704,0.000,0.000,0,0,2.0219,65,130,65,69,61
32,post_landing,80,1352.0,59,197.837,504.551,0.15282,-0.12726,0.19886,0.002653,2.156155,0,1,2.09200,204.507,2.907,1.000,26.072,41.047,48.539,49.654,0.000,0.000,0,30,2.0219,65,130,65,69,61
32,post_landing,81,1370.0,59,197.982,503.823,-0.12970,-0.08561,0.15540,-0.003622,2.158665,0,1,2.09200,204.507,2.907,1.000,26.071,41.048,48.536,49.646,0.000,0.000,0,19,2.0219,65,130,65,69,61
32,post_landing,82,1385.0,59,197.852,503.548,-0.04268,0.00000,0.04268,-0.026978,2.155028,0,1,2.09200,204.507,2.907,1.000,26.073,39.661,48.540,49.657,0.000,0.000,0,12,2.0219,65,130,65,69,61
32,post_landing,83,1402.0,59,197.811,503.637,-0.18228,-0.01601,0.18298,-0.012934,2.129502,0,1,2.09200,204.507,2.907,1.000,28.302,32.224,48.548,49.714,0.000,0.000,0,6,2.0219,65,130,65,69,61
32,post_landing,84,1419.0,59,197.628,503.727,-0.59223,-0.01382,0.59239,0.023941,2.116511,0,1,2.09200,204.507,2.907,1.000,28.300,32.238,48.540,49.730,0.000,0.000,0,6,2.0219,65,130,65,69,61
32,post_landing,85,1435.0,59,197.033,503.671,-0.65447,-0.10039,0.66213,-0.017386,2.140557,0,1,2.09200,204.507,2.907,1.000,28.300,40.496,48.548,49.693,0.000,0.000,0,11,2.0219,65,130,65,69,61
32,post_landing,86,1452.0,59,196.414,503.681,-0.49679,0.00000,0.49679,-0.023965,2.124107,0,1,2.09200,204.507,2.907,1.000,28.302,32.230,48.546,49.722,0.000,0.000,0,6,2.0219,65,130,65,69,61
32,post_landing,87,1469.0,59,195.915,503.768,-0.55623,-0.09802,0.56480,-0.001183,2.100037,0,1,2.09200,204.507,2.907,1.000,27.785,32.247,48.013,49.739,0.000,0.000,0,6,2.0219,65,130,65,69,61
32,post_landing,88,1485.0,59,195.356,503.770,-0.51734,-0.04029,0.51890,0.002876,2.098849,0,1,2.09200,204.507,2.907,1.000,27.785,32.248,48.012,49.739,0.000,0.000,0,6,2.0219,65,130,65,69,61
32,post_landing,89,1502.0,59,194.867,503.764,-0.43969,-0.09467,0.44977,-0.001975,2.101569,0,1,2.09200,204.507,2.907,1.000,27.785,32.247,48.014,49.739,0.000,0.000,0,6,2.0219,65,130,65,69,61
32,post_landing,90,1519.0,59,194.425,503.769,-0.40581,-0.04154,0.40794,-0.002264,2.099586,0,1,2.09200,204.507,2.907,1.000,27.785,32.248,48.012,49.739,0.000,0.000,0,6,2.0219,65,130,65,69,61
32,post_landing,91,1535.0,59,194.018,503.772,-0.23127,0.00000,0.23127,-0.024599,2.097312,0,1,2.09200,204.507,2.907,1.000,27.785,32.248,48.010,49.739,0.000,0.000,0,6,2.0219,65,130,65,69,61
32,post_landing,92,1552.0,59,193.799,503.810,-0.22613,-0.06239,0.23458,-0.017510,2.074037,0,1,2.09200,204.507,2.907,1.000,10.296,35.355,36.231,49.726,0.000,0.000,0,6,2.0219,65,130,65,69,61
32,post_landing,93,1569.0,59,193.572,503.810,-0.54164,-0.06282,0.54527,0.036775,2.056450,0,1,2.09200,204.507,2.907,1.000,10.293,34.000,37.537,49.698,0.000,0.000,0,5,2.0219,65,130,65,69,61
32,post_landing,94,1585.0,59,193.028,503.778,-0.29165,0.01753,0.29217,-0.007374,2.093387,0,1,2.09200,204.507,2.907,1.000,24.187,32.249,48.006,49.739,0.000,0.000,0,6,2.0219,65,130,65,69,61
32,post_landing,95,1602.0,59,192.752,503.788,-0.34801,-0.03272,0.34955,-0.002124,2.086410,0,1,2.09200,204.507,2.907,1.000,24.187,32.249,46.633,49.736,0.000,0.000,0,6,2.0219,65,130,65,69,61
32,post_landing,96,1619.0,59,192.402,503.793,-0.15343,-0.04246,0.15920,-0.036422,2.084277,0,1,2.09200,204.507,2.907,1.000,24.186,32.249,46.631,49.735,0.000,0.000,0,6,2.0219,65,130,65,69,61
32,post_landing,97,1635.0,59,192.248,503.755,-0.04335,-0.02813,0.05168,-0.037337,2.047694,0,1,2.09200,204.507,2.907,1.000,10.291,34.886,37.551,49.678,0.000,0.000,0,4,2.0219,65,130,65,69,61
32,post_landing,98,1652.0,59,192.207,503.797,-0.48789,-0.03796,0.48936,0.034640,2.012366,0,1,2.09200,204.507,2.907,1.000,12.082,18.788,37.577,49.560,0.000,0.000,0,4,2.0219,65,130,65,69,61
32,post_landing,99,1669.0,59,191.717,503.756,-0.31586,-0.10326,0.33231,0.008573,2.047159,0,1,2.09200,204.507,2.907,1.000,10.291,34.886,37.552,49.676,0.000,0.000,0,4,2.0219,65,130,65,69,61
32,post_landing,100,1685.0,59,191.400,503.740,-0.42698,-0.01883,0.42739,0.020353,2.055769,0,1,2.09200,204.507,2.907,1.000,10.293,34.000,37.538,49.696,0.000,0.000,0,4,2.0219,65,130,65,69,61
32,post_landing,101,1702.0,59,190.996,503.773,-0.47894,-0.01837,0.47929,0.023901,2.075027,0,1,2.09200,204.507,2.907,1.000,10.296,35.355,36.231,49.727,0.000,0.000,0,5,2.0219,65,130,65,69,61
32,post_landing,102,1719.0,59,190.515,503.770,-0.47630,-0.03488,0.47757,0.019590,2.099034,0,1,2.09200,204.507,2.907,1.000,27.785,32.248,48.012,49.739,0.000,0.000,0,6,2.0219,65,130,65,69,61
32,post_landing,103,1735.0,59,190.036,503.778,-0.42778,-0.09952,0.43920,-0.016894,2.118710,0,1,2.09200,204.507,2.907,1.000,28.300,32.236,48.542,49.728,0.000,0.000,0,8,2.0219,65,130,65,69,61
32,post_landing,104,1752.0,59,189.632,503.763,-0.49887,-0.02349,0.49942,0.003164,2.102726,0,1,2.09200,204.507,2.907,1.000,27.785,32.246,48.015,49.739,0.000,0.000,0,6,2.0219,65,130,65,69,61
32,post_landing,105,1769.0,59,189.131,503.803,-0.53101,-0.35493,0.63871,0.009929,2.105904,0,1,2.09200,204.507,2.907,1.000,27.784,32.245,48.017,49.738,0.000,0.000,0,7,2.0219,65,130,65,69,61
32,post_landing,106,1785.0,59,188.597,503.606,-0.59729,-0.03639,0.59840,0.024165,2.115877,0,1,2.09200,204.507,2.907,1.000,28.299,32.238,48.539,49.731,0.000,0.000,0,3,2.0219,65,130,65,69,61
32,post_landing,107,1802.0,59,188.032,503.607,-0.29186,-0.01503,0.29225,-0.013857,2.138742,0,1,2.09200,204.507,2.907,1.000,28.301,29.987,48.549,49.697,0.000,0.000,0,8,2.0219,65,130,65,69,61
32,post_landing,108,1819.0,59,187.739,503.702,-0.39071,-0.08947,0.40082,-0.049345,2.124823,0,1,2.09200,204.507,2.907,1.000,28.302,32.229,48.546,49.721,0.000,0.000,0,7,2.0219,65,130,65,69,61
32,post_landing,109,1835.0,59,187.347,503.722,-0.75265,-0.09282,0.75835,0.022535,2.075262,0,1,2.09200,204.507,2.907,1.000,10.296,35.355,36.231,49.727,0.000,0.000,0,4,2.0219,65,130,65,69,61
32,post_landing,110,1852.0,59,186.634,503.739,-0.61673,-0.02752,0.61734,0.011105,2.096584,0,1,2.09200,204.507,2.907,1.000,27.785,32.248,48.009,49.739,0.000,0.000,0,5,2.0219,65,130,65,69,61
32,post_landing,111,1869.0,59,186.015,503.796,-0.81618,-0.14748,0.82940,-0.020561,2.107738,0,1,2.09200,204.507,2.907,1.000,26.925,32.244,48.018,49.737,0.000,0.000,0,7,2.0219,65,130,65,69,61
32,post_landing,112,1885.0,59,185.195,503.756,-0.67138,-0.05390,0.67354,-0.022580,2.087087,0,1,2.09200,204.507,2.907,1.000,24.187,32.249,46.634,49.737,0.000,0.000,0,5,2.0219,65,130,65,69,61
32,post_landing,113,1902.0,59,184.560,503.731,-0.29255,-0.04495,0.29598,-0.062367,2.065722,0,1,2.09200,204.507,2.907,1.000,10.295,34.000,36.235,49.714,0.000,0.000,0,4,2.0219,65,130,65,69,61
32,post_landing,114,1918.0,59,184.266,503.814,-0.13143,0.01765,0.13261,-0.065303,2.003080,0,1,2.09200,204.507,2.907,1.000,12.083,18.788,37.576,49.518,0.000,0.000,0,4,2.0219,65,130,65,69,61
32,post_landing,115,1935.0,59,184.134,503.942,-0.60591,-0.09298,0.61300,0.015965,1.937490,0,1,2.09200,204.507,2.907,1.000,13.928,17.446,21.539,37.476,0.000,0.000,0,5,2.0219,65,130,65,69,61
32,post_landing,116,1952.0,59,183.561,503.875,-0.40013,-0.07957,0.40797,-0.008532,1.952596,0,1,2.09200,204.507,2.907,1.000,13.927,17.456,32.684,37.513,0.000,0.000,0,4,2.0219,65,130,65,69,61
32,post_landing,117,1968.0,59,183.159,503.885,-0.09686,-0.02707,0.10057,-0.045248,1.944026,0,1,2.09200,204.507,2.907,1.000,13.928,17.451,32.675,37.493,0.000,0.000,0,4,2.0219,65,130,65,69,61
32,post_landing,118,1985.0,59,183.062,503.907,0.20381,-0.11218,0.23265,-0.070131,1.898579,0,1,2.09200,204.507,2.907,1.000,14.864,16.133,21.511,37.341,0.000,0.000,0,5,2.0219,65,130,65,69,61
33,falling,0,5.0,,195.000,96.229,0.00000,0.28333,0.28333,0.000000,0.000000,0,0,4.17400,3360.447,4.337,18.000,18.000,20.000,22.000,23.000,0.000,0.000,0,0,1.1582,60,120,60,61,58
33,falling,1,21.0,,195.000,96.753,0.00000,0.54592,0.54592,0.000000,0.000000,0,0,4.17400,3360.447,4.337,18.000,18.000,20.000,22.000,23.000,0.000,0.000,0,0,1.1582,60,120,60,61,58
33,falling,2,38.0,,195.000,97.590,0.00000,0.82090,0.82090,0.000000,0.000000,0,0,4.17400,3360.447,4.337,18.000,5.000,18.000,21.000,23.000,0.000,0.000,0,0,1.1582,60,120,60,61,58
33,falling,3,55.0,,195.000,98.623,0.00000,1.07575,1.07575,0.000000,0.000000,0,0,4.17400,3360.447,4.337,18.000,18.000,18.000,21.000,23.000,0.000,0.000,0,0,1.1582,60,120,60,61,58
33,falling,4,71.0,,195.000,99.993,0.00000,1.34262,1.34262,0.000000,0.000000,0,0,4.17400,3360.447,4.337,18.000,18.000,20.000,22.000,23.000,0.000,0.000,0,0,1.1582,60,120,60,61,58
33,falling,5,88.0,,195.000,101.630,0.00000,1.60541,1.60541,0.000000,0.000000,0,0,4.17400,3360.447,4.337,18.000,18.000,20.000,22.000,23.000,0.000,0.000,0,0,1.1582,60,120,60,61,58
33,falling,6,104.0,,195.000,103.405,0.00000,1.84896,1.84896,0.000000,0.000000,0,0,4.17400,3360.447,4.337,18.000,18.000,20.000,22.000,23.000,0.000,0.000,0,0,1.1582,60,120,60,61,58
33,falling,7,121.0,,195.000,105.551,0.00000,2.10401,2.10401,0.000000,0.000000,0,0,4.17400,3360.447,4.337,18.000,18.000,20.000,22.000,23.000,0.000,0.000,0,0,1.1582,60,120,60,61,58
33,falling,8,138.0,,195.000,107.953,0.00000,2.35515,2.35515,0.000000,0.000000,0,0,4.17400,3360.447,4.337,18.000,18.000,20.000,22.000,23.000,0.000,0.000,0,0,1.1582,60,120,60,61,58
33,falling,9,155.0,,195.000,110.438,0.00000,2.58790,2.58790,0.000000,0.000000,0,0,4.17400,3360.447,4.337,18.000,18.000,20.000,22.000,23.000,0.000,0.000,0,0,1.1582,60,120,60,61,58
33,falling,10,171.0,,195.000,113.326,0.00000,2.83164,2.83164,0.000000,0.000000,0,0,4.17400,3360.447,4.337,18.000,18.000,20.000,22.000,23.000,0.000,0.000,0,0,1.1582,60,120,60,61,58
33,falling,11,188.0,,195.000,116.459,0.00000,3.07165,3.07165,0.000000,0.000000,0,0,4.17400,3360.447,4.337,18.000,18.000,20.000,22.000,23.000,0.000,0.000,0,0,1.1582,60,120,60,61,58
33,falling,12,205.0,,195.000,119.622,0.00000,3.29408,3.29408,0.000000,0.000000,0,0,4.17400,3360.447,4.337,18.000,18.000,20.000,22.000,23.000,0.000,0.000,0,0,1.1582,60,120,60,61,58
33,falling,13,221.0,,195.000,123.219,0.00000,3.52702,3.52702,0.000000,0.000000,0,0,4.17400,3360.447,4.337,18.000,18.000,20.000,22.000,23.000,0.000,0.000,0,0,1.1582,60,120,60,61,58
33,falling,14,238.0,,195.000,127.051,0.00000,3.75639,3.75639,0.000000,0.000000,0,0,4.17400,3360.447,4.337,18.000,18.000,20.000,22.000,23.000,0.000,0.000,0,0,1.1582,60,120,60,61,58
33,falling,15,254.0,,195.000,130.861,0.00000,3.96896,3.96896,0.000000,0.000000,0,0,4.17400,3360.447,4.337,18.000,18.000,20.000,22.000,23.000,0.000,0.000,0,0,1.1582,60,120,60,61,58
33,falling,16,271.0,,195.000,135.136,0.00000,4.19157,4.19157,0.000000,0.000000,0,0,4.17400,3360.447,4.337,18.000,18.000,20.000,22.000,23.000,0.000,0.000,0,0,1.1582,60,120,60,61,58
33,falling,17,288.0,,195.000,139.635,0.00000,4.41077,4.41077,0.000000,0.000000,0,0,4.17400,3360.447,4.337,18.000,18.000,20.000,22.000,23.000,0.000,0.000,0,0,1.1582,60,120,60,61,58
33,falling,18,305.0,,195.000,144.065,0.00000,4.61392,4.61392,0.000000,0.000000,0,0,4.17400,3360.447,4.337,18.000,18.000,20.000,22.000,23.000,0.000,0.000,0,0,1.1582,60,120,60,61,58
33,falling,19,321.0,,195.000,148.988,0.00000,4.82666,4.82666,0.000000,0.000000,0,0,4.17400,3360.447,4.337,18.000,18.000,20.000,22.000,23.000,0.000,0.000,0,0,1.1582,60,120,60,61,58
33,falling,20,338.0,,195.000,154.125,0.00000,5.03615,5.03615,0.000000,0.000000,0,0,4.17400,3360.447,4.337,18.000,18.000,20.000,22.000,23.000,0.000,0.000,0,0,1.1582,60,120,60,61,58
33,falling,21,354.0,,195.000,159.146,0.00000,5.23029,5.23029,0.000000,0.000000,0,0,4.17400,3360.447,4.337,18.000,18.000,20.000,22.000,23.000,0.000,0.000,0,0,1.1582,60,120,60,61,58
33,falling,22,371.0,,195.000,164.688,0.00000,5.43360,5.43360,0.000000,0.000000,0,0,4.17400,3360.447,4.337,18.000,18.000,20.000,22.000,23.000,0.000,0.000,0,0,1.1582,60,120,60,61,58
33,falling,23,388.0,,195.000,170.085,0.00000,5.62203,5.62203,0.000000,0.000000,0,0,4.17400,3360.447,4.337,18.000,18.000,20.000,22.000,23.000,0.000,0.000,0,0,1.1582,60,120,60,61,58
33,falling,24,404.0,,195.000,176.021,0.00000,5.81934,5.81934,0.000000,0.000000,0,0,4.17400,3360.447,4.337,18.000,18.000,20.000,22.000,23.000,0.000,0.000,0,0,1.1582,60,120,60,61,58
33,falling,25,421.0,,195.000,182.155,0.00000,6.01364,6.01364,0.000000,0.000000,0,0,4.17400,3360.447,4.337,18.000,18.000,20.000,22.000,23.000,0.000,0.000,0,0,1.1582,60,120,60,61,58
33,falling,26,438.0,,195.000,188.101,0.00000,6.19371,6.19371,0.000000,0.000000,0,0,4.17400,3360.447,4.337,18.000,18.000,20.000,22.000,23.000,0.000,0.000,0,0,1.1582,60,120,60,61,58
33,falling,27,454.0,,195.000,194.611,0.00000,6.38228,6.38228,0.000000,0.000000,0,0,4.17400,3360.447,4.337,18.000,18.000,20.000,22.000,23.000,0.000,0.000,0,0,1.1582,60,120,60,61,58
33,falling,28,471.0,,195.000,201.310,0.00000,6.56797,6.56797,0.000000,0.000000,0,0,4.17400,3360.447,4.337,18.000,18.000,20.000,22.000,23.000,0.000,0.000,0,0,1.1582,60,120,60,61,58
33,falling,29,488.0,,195.000,207.780,0.00000,6.74005,6.74005,0.000000,0.000000,0,0,4.17400,3360.447,4.337,18.000,18.000,20.000,22.000,23.000,0.000,0.000,0,0,1.1582,60,120,60,61,58
33,falling,30,504.0,,195.000,214.839,0.00000,6.92026,6.92026,0.000000,0.000000,0,0,4.17400,3360.447,4.337,18.000,18.000,20.000,22.000,23.000,0.000,0.000,0,0,1.1582,60,120,60,61,58
33,falling,31,521.0,,195.000,222.079,0.00000,7.09772,7.09772,0.000000,0.000000,0,0,4.17400,3360.447,4.337,18.000,18.000,20.000,22.000,23.000,0.000,0.000,0,0,1.1582,60,120,60,61,58
33,falling,32,538.0,,195.000,229.050,0.00000,7.26218,7.26218,0.000000,0.000000,0,0,4.17400,3360.447,4.337,18.000,18.000,20.000,22.000,23.000,0.000,0.000,0,0,1.1582,60,120,60,61,58
33,falling,33,554.0,,195.000,236.634,0.00000,7.43440,7.43440,0.000000,0.000000,0,0,4.17400,3360.447,4.337,18.000,18.000,20.000,22.000,23.000,0.000,0.000,0,0,1.1582,60,120,60,61,58
33,falling,34,571.0,,195.000,244.390,0.00000,7.60399,7.60399,0.000000,0.000000,0,0,4.17400,3360.447,4.337,18.000,18.000,20.000,22.000,23.000,0.000,0.000,0,0,1.1582,60,120,60,61,58
33,falling,35,588.0,,195.000,251.840,0.00000,7.76115,7.76115,0.000000,0.000000,0,0,4.17400,3360.447,4.337,18.000,18.000,20.000,22.000,23.000,0.000,0.000,0,0,1.1582,60,120,60,61,58
33,falling,36,604.0,,195.000,259.925,0.00000,7.92574,7.92574,0.000000,0.000000,0,0,4.17400,3360.447,4.337,18.000,18.000,20.000,22.000,23.000,0.000,0.000,0,0,1.1582,60,120,60,61,58
33,falling,37,621.0,,195.000,268.174,0.00000,8.08781,8.08781,0.000000,0.000000,0,0,4.17400,3360.447,4.337,18.000,18.000,20.000,22.000,23.000,0.000,0.000,0,0,1.1582,60,120,60,61,58
33,falling,38,638.0,,195.000,276.083,0.00000,8.23801,8.23801,0.000000,0.000000,0,0,4.17400,3360.447,4.337,18.000,18.000,20.000,22.000,23.000,0.000,0.000,0,0,1.1582,60,120,60,61,58
33,falling,39,654.0,,195.000,284.646,0.00000,8.39531,8.39531,0.000000,0.000000,0,0,4.17400,3360.447,4.337,18.000,18.000,20.000,22.000,23.000,0.000,0.000,0,0,1.1582,60,120,60,61,58
33,falling,40,671.0,,195.000,293.367,0.00000,8.55019,8.55019,0.000000,0.000000,0,0,4.17400,3360.447,4.337,18.000,18.000,20.000,22.000,23.000,0.000,0.000,0,0,1.1582,60,120,60,61,58
33,falling,41,688.0,,195.000,301.713,0.00000,8.69374,8.69374,0.000000,0.000000,0,0,4.17400,3360.447,4.337,18.000,18.000,20.000,22.000,23.000,0.000,0.000,0,0,1.1582,60,120,60,61,58
33,falling,42,704.0,,195.000,310.734,0.00000,8.84405,8.84405,0.000000,0.000000,0,0,4.17400,3360.447,4.337,18.000,18.000,20.000,22.000,23.000,0.000,0.000,0,0,1.1582,60,120,60,61,58
33,falling,43,721.0,,195.000,319.906,0.00000,8.99207,8.99207,0.000000,0.000000,0,0,4.17400,3360.447,4.337,18.000,18.000,20.000,22.000,23.000,0.000,0.000,0,0,1.1582,60,120,60,61,58
33,falling,44,738.0,,195.000,328.670,0.00000,9.12925,9.12925,0.000000,0.000000,0,0,4.17400,3360.447,4.337,18.000,18.000,20.000,22.000,23.000,0.000,0.000,0,0,1.1582,60,120,60,61,58
33,falling,45,754.0,,195.000,338.128,0.00000,9.27291,9.27291,0.000000,0.000000,0,0,4.17400,3360.447,4.337,18.000,18.000,20.000,22.000,23.000,0.000,0.000,0,0,1.1582,60,120,60,61,58
33,falling,46,771.0,,195.000,347.731,0.00000,9.41437,9.41437,0.000000,0.000000,0,0,4.17400,3360.447,4.337,18.000,18.000,20.000,22.000,23.000,0.000,0.000,0,0,1.1582,60,120,60,61,58
33,falling,47,788.0,,195.000,356.895,0.00000,9.54547,9.54547,0.000000,0.000000,0,0,4.17400,3360.447,4.337,18.000,18.000,20.000,22.000,23.000,0.000,0.000,0,0,1.1582,60,120,60,61,58
33,falling,48,804.0,,195.000,366.771,0.00000,9.68276,9.68276,0.000000,0.000000,0,0,4.17400,3360.447,4.337,18.000,18.000,20.000,22.000,23.000,0.000,0.000,0,0,1.1582,60,120,60,61,58
33,falling,49,821.0,,195.000,376.785,0.00000,9.81794,9.81794,0.000000,0.000000,0,0,4.17400,3360.447,4.337,18.000,18.000,20.000,22.000,23.000,0.000,0.000,0,0,1.1582,60,120,60,61,58
33,falling,50,838.0,,195.000,386.331,0.00000,9.94323,9.94323,0.000000,0.000000,0,0,4.17400,3360.447,4.337,18.000,18.000,20.000,22.000,23.000,0.000,0.000,0,0,1.1582,60,120,60,61,58
33,falling,51,854.0,,195.000,396.607,0.00000,10.07443,10.07443,0.000000,0.000000,0,0,4.17400,3360.447,4.337,18.000,18.000,20.000,22.000,23.000,0.000,0.000,0,0,1.1582,60,120,60,61,58
33,falling,52,871.0,,195.000,407.014,0.00000,10.20363,10.20363,0.000000,0.000000,0,0,4.17400,3360.447,4.337,18.000,18.000,20.000,22.000,23.000,0.000,0.000,0,0,1.1582,60,120,60,61,58
33,falling,53,888.0,,195.000,416.925,0.00000,10.32336,10.32336,0.000000,0.000000,0,0,4.17400,3360.447,4.337,18.000,18.000,20.000,22.000,23.000,0.000,0.000,0,0,1.1582,60,120,60,61,58
33,falling,54,904.0,,195.000,427.583,0.00000,10.44875,10.44875,0.000000,0.000000,0,0,4.17400,3360.447,4.337,18.000,18.000,20.000,22.000,23.000,0.000,0.000,0,0,1.1582,60,120,60,61,58
33,falling,55,921.0,,195.000,438.366,0.00000,10.57222,10.57222,0.000000,0.000000,0,0,4.17400,3360.447,4.337,18.000,18.000,20.000,22.000,23.000,0.000,0.000,0,0,1.1582,60,120,60,61,58
33,falling,56,938.0,,195.000,448.625,0.00000,10.68664,10.68664,0.000000,0.000000,0,0,4.17400,3360.447,4.337,18.000,18.000,20.000,22.000,23.000,0.000,0.000,0,0,1.1582,60,120,60,61,58
33,falling,57,954.0,,195.000,459.648,0.00000,10.80647,10.80647,0.000000,0.000000,0,0,4.17400,3360.447,4.337,18.000,18.000,20.000,22.000,23.000,0.000,0.000,0,0,1.1582,60,120,60,61,58
33,falling,58,971.0,,195.000,470.791,0.00000,10.92446,10.92446,0.000000,0.000000,0,0,4.17400,3360.447,4.337,18.000,18.000,20.000,22.000,23.000,0.000,0.000,0,0,1.1582,60,120,60,61,58
33,falling,59,988.0,,195.000,481.383,0.00000,11.03382,11.03382,0.000000,0.000000,0,0,4.17400,3360.447,4.337,18.000,18.000,20.000,22.000,23.000,0.000,0.000,0,0,1.1582,60,120,60,61,58
33,post_landing,60,1004.0,60,195.000,491.022,1.61081,0.06827,1.61225,0.022622,0.000000,0,1,4.17400,3360.447,4.337,18.000,18.000,20.000,22.000,23.000,0.000,0.000,0,4,1.1582,60,120,60,61,58
33,post_landing,61,1022.0,60,196.618,490.934,1.10506,0.05908,1.10664,0.015903,0.022721,0,1,4.17400,3360.447,4.337,18.000,16.019,19.018,21.017,22.994,0.000,0.000,0,3,1.1582,60,120,60,61,58
33,post_landing,62,1038.0,60,197.663,490.879,0.77060,0.04676,0.77201,0.011330,0.037768,0,1,4.17400,3360.447,4.337,18.000,16.026,19.024,21.023,22.984,0.000,0.000,0,2,1.1582,60,120,60,61,58
33,post_landing,63,1054.0,60,198.437,490.998,0.54601,0.03592,0.54719,0.008085,0.049148,0,1,4.17400,3360.447,4.337,18.000,16.030,19.026,21.024,22.972,0.000,0.000,0,2,1.1582,60,120,60,61,58
33,post_landing,64,1071.0,60,198.986,491.084,0.39383,0.02732,0.39477,0.005862,0.057268,0,1,4.17400,3360.447,4.337,18.000,16.031,19.026,21.023,22.962,0.000,0.000,0,2,1.1582,60,120,60,61,58
33,post_landing,65,1088.0,60,199.358,491.141,0.28983,0.02083,0.29058,0.004330,0.062815,0,1,4.17400,3360.447,4.337,18.000,16.031,19.025,21.021,22.955,0.000,0.000,0,2,1.1582,60,120,60,61,58
33,post_landing,66,1104.0,60,199.650,491.191,0.22101,0.03348,0.22353,0.006145,0.067164,0,1,4.17400,3360.447,4.337,18.000,16.031,19.024,21.020,22.948,0.000,0.000,0,2,1.1582,60,120,60,61,58
33,post_landing,67,1121.0,60,199.872,491.259,0.21284,0.03346,0.21546,0.005945,0.073336,0,1,4.17400,3360.447,4.337,18.000,16.030,19.022,21.017,38.191,0.000,0.000,0,2,1.1582,60,120,60,61,58
33,post_landing,68,1138.0,60,200.073,491.336,0.20598,0.03321,0.20864,0.005743,0.078960,0,1,4.17400,3360.447,4.337,18.000,16.029,19.020,21.013,38.197,0.000,0.000,0,2,1.1582,60,120,60,61,58
33,post_landing,69,1154.0,60,200.280,491.406,0.20195,0.03366,0.20474,0.005643,0.084729,0,1,4.17400,3360.447,4.337,18.000,17.108,19.101,21.009,38.202,0.000,0.000,0,2,1.1582,60,120,60,61,58
33,post_landing,70,1171.0,60,200.483,491.472,0.19913,0.03424,0.20205,0.005582,0.090396,0,1,4.17400,3360.447,4.337,18.000,17.111,19.103,21.005,38.206,0.000,0.000,0,2,1.1582,60,120,60,61,58
33,post_landing,71,1188.0,60,200.671,491.530,0.19539,0.03471,0.19845,0.005517,0.095678,0,1,4.17400,3360.447,4.337,18.000,17.113,19.104,20.999,38.208,0.000,0.000,0,2,1.1582,60,120,60,61,58
33,post_landing,72,1204.0,60,200.867,491.600,0.19432,0.03565,0.19757,0.005525,0.101219,0,1,4.17400,3360.447,4.337,18.000,17.115,19.105,20.100,42.290,0.000,0.000,0,2,1.1582,60,120,60,61,58
33,post_landing,73,1221.0,60,201.063,491.667,0.19385,0.03672,0.19730,0.005549,0.106768,0,1,4.17400,3360.447,4.337,18.000,17.116,19.105,20.099,42.294,0.000,0.000,0,2,1.1582,60,120,60,61,58
33,post_landing,74,1238.0,60,201.246,491.727,0.19653,0.03735,0.20004,0.005425,0.112019,0,1,4.17400,3360.447,4.337,18.000,17.117,17.229,20.098,42.296,0.000,0.000,0,2,1.1582,60,120,60,61,58
33,post_landing,75,1254.0,60,201.443,491.799,0.19604,0.03840,0.19977,0.005557,0.117467,0,1,4.17400,3360.447,4.337,18.000,17.117,17.234,20.097,42.297,0.000,0.000,0,2,1.1582,60,120,60,61,58
33,post_landing,76,1271.0,60,201.640,491.869,0.19864,0.03980,0.20259,0.005605,0.123049,0,1,4.17400,3360.447,4.337,18.000,17.117,17.240,20.094,42.296,0.000,0.000,0,2,1.1582,60,120,60,61,58
33,post_landing,77,1288.0,60,201.828,491.932,0.19922,0.04085,0.20337,0.005630,0.128352,0,1,4.17400,3360.447,4.337,18.000,12.157,17.244,20.091,42.295,0.000,0.000,0,2,1.1582,60,120,60,61,58
33,post_landing,78,1304.0,60,202.028,492.008,0.20191,0.04245,0.20632,0.005730,0.134007,0,1,4.17400,3360.447,4.337,18.000,12.160,17.248,20.088,42.291,0.000,0.000,0,2,1.1582,60,120,60,61,58
33,post_landing,79,1321.0,60,202.231,492.084,0.20528,0.04416,0.20997,0.005819,0.139762,0,1,4.17400,3360.447,4.337,18.000,12.162,17.252,20.084,42.705,0.000,0.000,0,2,1.1582,60,120,60,61,58
33,post_landing,80,1338.0,60,202.425,491.871,0.19541,0.04786,0.20119,0.006184,0.145268,0,1,4.17400,3360.447,4.337,18.000,12.163,17.255,20.079,42.716,0.000,0.000,0,1,1.1582,60,120,60,61,58
33,post_landing,81,1354.0,60,202.622,491.907,0.22807,0.05145,0.23381,0.005363,0.151480,0,1,4.17400,3360.447,4.337,18.000,12.164,17.258,20.073,42.726,0.000,0.000,0,1,1.1582,60,120,60,61,58
33,post_landing,82,1371.0,60,202.851,491.950,0.22692,0.05228,0.23286,0.005736,0.156866,0,1,4.17400,3360.447,4.337,18.000,12.165,17.260,20.067,42.734,0.000,0.000,0,1,1.1582,60,120,60,61,58
33,post_landing,83,1388.0,60,203.065,491.989,0.21840,0.05138,0.22436,0.006180,0.162293,0,1,4.17400,3360.447,4.337,18.000,12.165,17.261,19.235,42.741,0.000,0.000,0,1,1.1582,60,120,60,61,58
33,post_landing,84,1404.0,60,203.285,492.045,0.23181,0.05582,0.23844,0.006001,0.168500,0,1,4.17400,3360.447,4.337,18.000,12.165,17.262,19.234,42.747,0.000,0.000,0,1,1.1582,60,120,60,61,58
33,post_landing,85,1421.0,60,203.518,492.097,0.23851,0.05873,0.24564,0.006085,0.174527,0,1,4.17400,3360.447,4.337,18.000,12.165,17.263,19.232,42.751,0.000,0.000,0,1,1.1582,60,120,60,61,58
33,post_landing,86,1438.0,60,203.743,492.142,0.23454,0.05898,0.24184,0.006387,0.180284,0,1,4.17400,3360.447,4.337,18.000,12.164,17.262,19.230,42.754,0.000,0.000,0,1,1.1582,60,120,60,61,58
33,post_landing,87,1454.0,60,203.979,492.203,0.24284,0.06248,0.25075,0.006406,0.186700,0,1,4.17400,3360.447,4.337,18.000,1.168,17.261,19.227,42.755,0.000,0.000,0,1,1.1582,60,120,60,61,58
33,post_landing,88,1471.0,60,204.223,492.262,0.24521,0.06452,0.25356,0.006634,0.193134,0,1,4.17400,3360.447,4.337,18.000,1.173,12.353,19.223,42.755,0.000,0.000,0,1,1.1582,60,120,60,61,58
33,post_landing,89,1488.0,60,204.455,492.315,0.23993,0.06451,0.24845,0.006956,0.199411,0,1,4.17400,3360.447,4.337,18.000,1.178,12.356,19.218,42.752,0.000,0.000,0,1,1.1582,60,120,60,61,58
33,post_landing,90,1504.0,60,204.696,492.385,0.25431,0.07001,0.26377,0.006761,0.206398,0,1,4.17400,3360.447,4.337,18.000,1.184,12.360,19.212,42.748,0.000,0.000,0,1,1.1582,60,120,60,61,58
33,post_landing,91,1521.0,60,204.951,492.451,0.25797,0.07264,0.26800,0.006965,0.213188,0,1,4.17400,3360.447,4.337,18.000,1.189,12.363,19.205,42.742,0.000,0.000,0,1,1.1582,60,120,60,61,58
33,post_landing,92,1538.0,60,205.195,492.511,0.25250,0.07264,0.26274,0.007309,0.219779,0,1,4.17400,3360.447,4.337,18.000,1.194,12.365,19.197,42.734,0.000,0.000,0,1,1.1582,60,120,60,61,58
33,post_landing,93,1554.0,60,205.449,492.588,0.26502,0.07806,0.27628,0.007190,0.227119,0,1,4.17400,3360.447,4.337,18.000,1.199,12.367,17.464,43.173,0.000,0.000,0,1,1.1582,60,120,60,61,58
33,post_landing,94,1571.0,60,205.715,492.662,0.26705,0.08046,0.27891,0.007455,0.234341,0,1,4.17400,3360.447,4.337,18.000,1.205,12.369,17.464,43.174,0.000,0.000,0,1,1.1582,60,120,60,61,58
33,post_landing,95,1588.0,60,205.968,492.732,0.26242,0.08081,0.27458,0.007762,0.241395,0,1,4.17400,3360.447,4.337,18.000,1.210,12.369,17.463,43.173,0.000,0.000,0,1,1.1582,60,120,60,61,58
33,post_landing,96,1604.0,60,206.231,492.818,0.28282,0.08937,0.29660,0.007382,0.249191,0,1,4.17400,3360.447,4.337,18.000,1.216,12.369,17.461,42.446,0.000,0.000,0,1,1.1582,60,120,60,61,58
33,post_landing,97,1621.0,60,206.515,492.899,0.28178,0.09084,0.29606,0.007792,0.256606,0,1,4.17400,3360.447,4.337,18.000,1.221,12.368,17.459,42.449,0.000,0.000,0,1,1.1582,60,120,60,61,58
33,post_landing,98,1638.0,60,206.782,492.976,0.27469,0.09050,0.28922,0.008191,0.263978,0,1,4.17400,3360.447,4.337,18.000,1.226,12.367,17.455,42.450,0.000,0.000,0,1,1.1582,60,120,60,61,58
33,post_landing,99,1654.0,60,207.058,493.073,0.29504,0.09983,0.31147,0.007810,0.272205,0,1,4.17400,3360.447,4.337,18.000,1.232,12.365,17.449,42.717,0.000,0.000,0,1,1.1582,60,120,60,61,58
33,post_landing,100,1671.0,60,207.354,493.164,0.29199,0.10073,0.30888,0.008294,0.280050,0,1,4.17400,3360.447,4.337,18.000,1.237,7.280,17.443,42.720,0.000,0.000,0,1,1.1582,60,120,60,61,58
33,post_landing,101,1688.0,60,207.630,493.251,0.28601,0.10086,0.30327,0.008642,0.287897,0,1,4.17400,3360.447,4.337,18.000,1.243,7.280,37.642,42.720,0.000,0.000,0,1,1.1582,60,120,60,61,58
33,post_landing,102,1706.0,60,207.934,493.367,0.31135,0.11309,0.33125,0.008268,0.297079,0,1,4.17400,3360.447,4.337,18.000,1.249,7.279,37.643,42.717,0.000,0.000,0,1,1.1582,60,120,60,61,58
33,post_landing,103,1721.0,60,208.229,493.457,0.30045,0.11099,0.32030,0.008823,0.304902,0,1,4.17400,3360.447,4.337,18.000,1.254,7.278,37.642,42.711,0.000,0.000,0,1,1.1582,60,120,60,61,58
33,post_landing,104,1738.0,60,208.513,493.559,0.29750,0.11238,0.31802,0.009055,0.313251,0,1,4.17400,3360.447,4.337,18.000,1.259,7.276,38.897,42.368,0.000,0.000,0,1,1.1582,60,120,60,61,58
33,post_landing,105,1754.0,60,208.812,493.678,0.31744,0.12343,0.34059,0.008685,0.322345,0,1,4.17400,3360.447,4.337,18.000,1.265,7.273,34.153,42.375,0.000,0.000,0,1,1.1582,60,120,60,61,58
33,post_landing,106,1771.0,60,209.131,493.792,0.31168,0.12335,0.33520,0.009278,0.331068,0,1,4.17400,3360.447,4.337,18.000,1.271,7.270,34.163,42.379,0.000,0.000,0,1,1.1582,60,120,60,61,58
33,post_landing,107,1788.0,60,209.426,493.902,0.30832,0.12479,0.33261,0.009515,0.339847,0,1,4.17400,3360.447,4.337,18.000,1.276,1.609,34.170,42.379,0.000,0.000,0,1,1.1582,60,120,60,61,58
33,post_landing,108,1804.0,60,209.735,494.034,0.32794,0.13682,0.35534,0.009143,0.349404,0,1,4.17400,3360.447,4.337,18.000,1.282,1.624,34.175,42.376,0.000,0.000,0,1,1.1582,60,120,60,61,58
33,post_landing,109,1821.0,60,210.065,494.160,0.32137,0.13631,0.34908,0.009771,0.358588,0,1,4.17400,3360.447,4.337,18.000,1.287,1.638,34.176,42.369,0.000,0.000,0,1,1.1582,60,120,60,61,58
33,post_landing,110,1838.0,60,210.369,494.284,0.31899,0.13841,0.34773,0.009958,0.367833,0,1,4.17400,3360.447,4.337,18.000,1.293,1.652,34.175,42.359,0.000,0.000,0,1,1.1582,60,120,60,61,58
33,post_landing,111,1854.0,60,210.689,494.429,0.33724,0.15108,0.36954,0.009620,0.377835,0,1,4.17400,3360.447,4.337,18.000,1.298,22.278,34.170,42.343,0.000,0.000,0,1,1.1582,60,120,60,61,58
33,post_landing,112,1871.0,60,211.028,494.569,0.33077,0.15046,0.36338,0.010248,0.387497,0,1,4.17400,3360.447,4.337,18.000,1.304,22.296,34.162,41.777,0.000,0.000,0,1,1.1582,60,120,60,61,58
33,post_landing,113,1888.0,60,211.341,494.706,0.32884,0.15304,0.36271,0.010403,0.397193,0,1,4.17400,3360.447,4.337,18.000,1.309,22.311,34.924,41.766,0.000,0.000,0,1,1.1582,60,120,60,61,58
33,post_landing,114,1904.0,60,211.671,494.866,0.34543,0.16628,0.38337,0.010104,0.407641,0,1,4.17400,3360.447,4.337,18.000,1.315,23.640,34.928,41.751,0.000,0.000,0,1,1.1582,60,120,60,61,58
33,post_landing,115,1921.0,60,212.018,495.021,0.33877,0.16536,0.37697,0.010739,0.417789,0,1,4.17400,3360.447,4.337,18.000,1.320,23.657,34.928,41.732,0.000,0.000,0,1,1.1582,60,120,60,61,58
33,post_landing,116,1938.0,60,212.339,495.173,0.33749,0.16859,0.37726,0.010850,0.427951,0,1,4.17400,3360.447,4.337,18.000,22.346,23.671,34.924,41.708,0.000,0.000,0,1,1.1582,60,120,60,61,58
33,post_landing,117,1954.0,60,212.678,495.349,0.35230,0.18241,0.39672,0.010589,0.438848,0,1,4.17400,3360.447,4.337,18.000,22.354,23.684,35.341,41.678,0.000,0.000,0,1,1.1582,60,120,60,61,58
33,post_landing,118,1971.0,60,213.032,495.668,0.23063,-0.03286,0.23296,0.007499,0.449483,0,1,4.17400,3360.447,4.337,18.000,23.694,23.694,35.339,41.644,0.000,0.000,0,2,1.1582,60,120,60,61,58
33,post_landing,119,1988.0,60,213.250,495.704,0.16569,-0.02301,0.16728,0.005408,0.456579,0,1,4.17400,3360.447,4.337,18.000,23.699,23.699,35.335,41.618,0.000,0.000,0,2,1.1582,60,120,60,61,58
34,falling,0,8.0,,195.000,96.616,0.00000,0.43333,0.43333,0.000000,0.000000,0,0,5.67800,3952.389,3.007,18.000,18.000,20.000,29.000,38.000,0.000,0.000,0,0,1.1538,74,148,74,79,73
34,falling,1,15.0,,195.000,96.887,0.00000,0.56355,0.56355,0.000000,0.000000,0,0,5.67800,3952.389,3.007,18.000,18.000,20.000,29.000,38.000,0.000,0.000,0,0,1.1538,74,148,74,79,73
34,falling,2,31.0,,195.000,97.676,0.00000,0.82210,0.82210,0.000000,0.000000,0,0,5.67800,3952.389,3.007,18.000,18.000,20.000,29.000,38.000,0.000,0.000,0,0,1.1538,74,148,74,79,73
34,falling,3,48.0,,195.000,98.790,0.00000,1.09285,1.09285,0.000000,0.000000,0,0,5.67800,3952.389,3.007,18.000,18.000,20.000,29.000,38.000,0.000,0.000,0,0,1.1538,74,148,74,79,73
34,falling,4,65.0,,195.000,100.177,0.00000,1.35947,1.35947,0.000000,0.000000,0,0,5.67800,3952.389,3.007,18.000,18.000,20.000,29.000,38.000,0.000,0.000,0,0,1.1538,74,148,74,79,73
34,falling,5,81.0,,195.000,101.719,0.00000,1.60656,1.60656,0.000000,0.000000,0,0,5.67800,3952.389,3.007,18.000,18.000,20.000,29.000,38.000,0.000,0.000,0,0,1.1538,74,148,74,79,73
34,falling,6,98.0,,195.000,103.622,0.00000,1.86531,1.86531,0.000000,0.000000,0,0,5.67800,3952.389,3.007,18.000,18.000,20.000,29.000,38.000,0.000,0.000,0,0,1.1538,74,148,74,79,73
34,falling,7,115.0,,195.000,105.643,0.00000,2.10512,2.10512,0.000000,0.000000,0,0,5.67800,3952.389,3.007,18.000,18.000,20.000,29.000,38.000,0.000,0.000,0,0,1.1538,74,148,74,79,73
34,falling,8,131.0,,195.000,108.046,0.00000,2.35624,2.35624,0.000000,0.000000,0,0,5.67800,3952.389,3.007,18.000,18.000,20.000,29.000,38.000,0.000,0.000,0,0,1.1538,74,148,74,79,73
34,falling,9,148.0,,195.000,110.702,0.00000,2.60352,2.60352,0.000000,0.000000,0,0,5.67800,3952.389,3.007,18.000,18.000,20.000,29.000,38.000,0.000,0.000,0,0,1.1538,74,148,74,79,73
34,falling,10,165.0,,195.000,113.421,0.00000,2.83270,2.83270,0.000000,0.000000,0,0,5.67800,3952.389,3.007,18.000,18.000,20.000,29.000,38.000,0.000,0.000,0,0,1.1538,74,148,74,79,73
34,falling,11,181.0,,195.000,116.555,0.00000,3.07269,3.07269,0.000000,0.000000,0,0,5.67800,3952.389,3.007,18.000,18.000,20.000,29.000,38.000,0.000,0.000,0,0,1.1538,74,148,74,79,73
34,falling,12,198.0,,195.000,119.931,0.00000,3.30901,3.30901,0.000000,0.000000,0,0,5.67800,3952.389,3.007,18.000,18.000,20.000,29.000,38.000,0.000,0.000,0,0,1.1538,74,148,74,79,73
34,falling,13,215.0,,195.000,123.318,0.00000,3.52803,3.52803,0.000000,0.000000,0,0,5.67800,3952.389,3.007,18.000,18.000,20.000,29.000,38.000,0.000,0.000,0,0,1.1538,74,148,74,79,73
34,falling,14,231.0,,195.000,127.150,0.00000,3.75739,3.75739,0.000000,0.000000,0,0,5.67800,3952.389,3.007,18.000,18.000,20.000,29.000,38.000,0.000,0.000,0,0,1.1538,74,148,74,79,73
34,falling,15,248.0,,195.000,131.213,0.00000,3.98323,3.98323,0.000000,0.000000,0,0,5.67800,3952.389,3.007,18.000,18.000,20.000,29.000,38.000,0.000,0.000,0,0,1.1538,74,148,74,79,73
34,falling,16,265.0,,195.000,135.503,0.00000,4.20562,4.20562,0.000000,0.000000,0,0,5.67800,3952.389,3.007,18.000,18.000,20.000,29.000,38.000,0.000,0.000,0,0,1.1538,74,148,74,79,73
34,falling,17,281.0,,195.000,139.738,0.00000,4.41173,4.41173,0.000000,0.000000,0,0,5.67800,3952.389,3.007,18.000,18.000,20.000,29.000,38.000,0.000,0.000,0,0,1.1538,74,148,74,79,73
34,falling,18,298.0,,195.000,144.458,0.00000,4.62756,4.62756,0.000000,0.000000,0,0,5.67800,3952.389,3.007,18.000,18.000,20.000,29.000,38.000,0.000,0.000,0,0,1.1538,74,148,74,79,73
34,falling,19,315.0,,195.000,149.395,0.00000,4.84009,4.84009,0.000000,0.000000,0,0,5.67800,3952.389,3.007,18.000,18.000,20.000,29.000,38.000,0.000,0.000,0,0,1.1538,74,148,74,79,73
34,falling,20,331.0,,195.000,154.231,0.00000,5.03706,5.03706,0.000000,0.000000,0,0,5.67800,3952.389,3.007,18.000,18.000,20.000,29.000,38.000,0.000,0.000,0,0,1.1538,74,148,74,79,73
34,falling,21,348.0,,195.000,159.579,0.00000,5.24333,5.24333,0.000000,0.000000,0,0,5.67800,3952.389,3.007,18.000,18.000,20.000,29.000,38.000,0.000,0.000,0,0,1.1538,74,148,74,79,73
34,falling,22,365.0,,195.000,165.134,0.00000,5.44644,5.44644,0.000000,0.000000,0,0,5.67800,3952.389,3.007,18.000,18.000,20.000,29.000,38.000,0.000,0.000,0,0,1.1538,74,148,74,79,73
34,falling,23,381.0,,195.000,170.543,0.00000,5.63468,5.63468,0.000000,0.000000,0,0,5.67800,3952.389,3.007,18.000,18.000,20.000,29.000,38.000,0.000,0.000,0,0,1.1538,74,148,74,79,73
34,falling,24,398.0,,195.000,176.492,0.00000,5.83180,5.83180,0.000000,0.000000,0,0,5.67800,3952.389,3.007,18.000,18.000,20.000,29.000,38.000,0.000,0.000,0,0,1.1538,74,148,74,79,73
34,falling,25,415.0,,195.000,182.638,0.00000,6.02591,6.02591,0.000000,0.000000,0,0,5.67800,3952.389,3.007,18.000,18.000,20.000,29.000,38.000,0.000,0.000,0,0,1.1538,74,148,74,79,73
34,falling,26,431.0,,195.000,188.596,0.00000,6.20580,6.20580,0.000000,0.000000,0,0,5.67800,3952.389,3.007,18.000,18.000,20.000,29.000,38.000,0.000,0.000,0,0,1.1538,74,148,74,79,73
34,falling,27,448.0,,195.000,195.118,0.00000,6.39418,6.39418,0.000000,0.000000,0,0,5.67800,3952.389,3.007,18.000,18.000,20.000,29.000,38.000,0.000,0.000,0,0,1.1538,74,148,74,79,73
34,falling,28,465.0,,195.000,201.424,0.00000,6.56877,6.56877,0.000000,0.000000,0,0,5.67800,3952.389,3.007,18.000,18.000,20.000,29.000,38.000,0.000,0.000,0,0,1.1538,74,148,74,79,73
34,falling,29,481.0,,195.000,208.311,0.00000,6.75161,6.75161,0.000000,0.000000,0,0,5.67800,3952.389,3.007,18.000,18.000,20.000,29.000,38.000,0.000,0.000,0,0,1.1538,74,148,74,79,73
34,falling,30,498.0,,195.000,215.381,0.00000,6.93164,6.93164,0.000000,0.000000,0,0,5.67800,3952.389,3.007,18.000,18.000,20.000,29.000,38.000,0.000,0.000,0,0,1.1538,74,148,74,79,73
34,falling,31,515.0,,195.000,222.632,0.00000,7.10892,7.10892,0.000000,0.000000,0,0,5.67800,3952.389,3.007,18.000,18.000,20.000,29.000,38.000,0.000,0.000,0,0,1.1538,74,148,74,79,73
34,falling,32,531.0,,195.000,229.614,0.00000,7.27322,7.27322,0.000000,0.000000,0,0,5.67800,3952.389,3.007,18.000,18.000,20.000,29.000,38.000,0.000,0.000,0,0,1.1538,74,148,74,79,73
34,falling,33,548.0,,195.000,237.208,0.00000,7.44527,7.44527,0.000000,0.000000,0,0,5.67800,3952.389,3.007,18.000,18.000,20.000,29.000,38.000,0.000,0.000,0,0,1.1538,74,148,74,79,73
34,falling,34,565.0,,195.000,244.975,0.00000,7.61469,7.61469,0.000000,0.000000,0,0,5.67800,3952.389,3.007,18.000,18.000,20.000,29.000,38.000,0.000,0.000,0,0,1.1538,74,148,74,79,73
34,falling,35,581.0,,195.000,252.436,0.00000,7.77171,7.77171,0.000000,0.000000,0,0,5.67800,3952.389,3.007,18.000,18.000,20.000,29.000,38.000,0.000,0.000,0,0,1.1538,74,148,74,79,73
34,falling,36,598.0,,195.000,260.531,0.00000,7.93613,7.93613,0.000000,0.000000,0,0,5.67800,3952.389,3.007,18.000,18.000,20.000,29.000,38.000,0.000,0.000,0,0,1.1538,74,148,74,79,73
34,falling,37,615.0,,195.000,268.791,0.00000,8.09804,8.09804,0.000000,0.000000,0,0,5.67800,3952.389,3.007,18.000,18.000,20.000,29.000,38.000,0.000,0.000,0,0,1.1538,74,148,74,79,73
34,falling,38,632.0,,195.000,276.709,0.00000,8.24810,8.24810,0.000000,0.000000,0,0,5.67800,3952.389,3.007,18.000,18.000,20.000,29.000,38.000,0.000,0.000,0,0,1.1538,74,148,74,79,73
34,falling,39,648.0,,195.000,285.283,0.00000,8.40523,8.40523,0.000000,0.000000,0,0,5.67800,3952.389,3.007,18.000,18.000,20.000,29.000,38.000,0.000,0.000,0,0,1.1538,74,148,74,79,73
34,falling,40,665.0,,195.000,294.014,0.00000,8.55997,8.55997,0.000000,0.000000,0,0,5.67800,3952.389,3.007,18.000,18.000,20.000,29.000,38.000,0.000,0.000,0,0,1.1538,74,148,74,79,73
34,falling,41,681.0,,195.000,302.369,0.00000,8.70337,8.70337,0.000000,0.000000,0,0,5.67800,3952.389,3.007,18.000,18.000,20.000,29.000,38.000,0.000,0.000,0,0,1.1538,74,148,74,79,73
34,falling,42,698.0,,195.000,311.400,0.00000,8.85354,8.85354,0.000000,0.000000,0,0,5.67800,3952.389,3.007,18.000,18.000,20.000,29.000,38.000,0.000,0.000,0,0,1.1538,74,148,74,79,73
34,falling,43,715.0,,195.000,320.581,0.00000,9.00142,9.00142,0.000000,0.000000,0,0,5.67800,3952.389,3.007,18.000,18.000,20.000,29.000,38.000,0.000,0.000,0,0,1.1538,74,148,74,79,73
34,falling,44,731.0,,195.000,329.354,0.00000,9.13846,9.13846,0.000000,0.000000,0,0,5.67800,3952.389,3.007,18.000,18.000,20.000,29.000,38.000,0.000,0.000,0,0,1.1538,74,148,74,79,73
34,falling,45,748.0,,195.000,338.822,0.00000,9.28198,9.28198,0.000000,0.000000,0,0,5.67800,3952.389,3.007,18.000,18.000,20.000,29.000,38.000,0.000,0.000,0,0,1.1538,74,148,74,79,73
34,falling,46,765.0,,195.000,348.433,0.00000,9.42330,9.42330,0.000000,0.000000,0,0,5.67800,3952.389,3.007,18.000,18.000,20.000,29.000,38.000,0.000,0.000,0,0,1.1538,74,148,74,79,73
34,falling,47,781.0,,195.000,357.605,0.00000,9.55427,9.55427,0.000000,0.000000,0,0,5.67800,3952.389,3.007,18.000,18.000,20.000,29.000,38.000,0.000,0.000,0,0,1.1538,74,148,74,79,73
34,falling,48,798.0,,195.000,367.491,0.00000,9.69142,9.69142,0.000000,0.000000,0,0,5.67800,3952.389,3.007,18.000,18.000,20.000,29.000,38.000,0.000,0.000,0,0,1.1538,74,148,74,79,73
34,falling,49,815.0,,195.000,377.514,0.00000,9.82648,9.82648,0.000000,0.000000,0,0,5.67800,3952.389,3.007,18.000,18.000,20.000,29.000,38.000,0.000,0.000,0,0,1.1538,74,148,74,79,73
34,falling,50,831.0,,195.000,387.067,0.00000,9.95164,9.95164,0.000000,0.000000,0,0,5.67800,3952.389,3.007,18.000,18.000,20.000,29.000,38.000,0.000,0.000,0,0,1.1538,74,148,74,79,73
34,falling,51,848.0,,195.000,397.352,0.00000,10.08271,10.08271,0.000000,0.000000,0,0,5.67800,3952.389,3.007,18.000,18.000,20.000,29.000,38.000,0.000,0.000,0,0,1.1538,74,148,74,79,73
34,falling,52,866.0,,195.000,407.768,0.00000,10.21178,10.21178,0.000000,0.000000,0,0,5.67800,3952.389,3.007,18.000,18.000,20.000,29.000,38.000,0.000,0.000,0,0,1.1538,74,148,74,79,73
34,falling,53,881.0,,195.000,417.686,0.00000,10.33140,10.33140,0.000000,0.000000,0,0,5.67800,3952.389,3.007,18.000,18.000,20.000,29.000,38.000,0.000,0.000,0,0,1.1538,74,148,74,79,73
34,falling,54,898.0,,195.000,428.352,0.00000,10.45666,10.45666,0.000000,0.000000,0,0,5.67800,3952.389,3.007,18.000,18.000,20.000,29.000,38.000,0.000,0.000,0,0,1.1538,74,148,74,79,73
34,falling,55,915.0,,195.000,439.143,0.00000,10.58001,10.58001,0.000000,0.000000,0,0,5.67800,3952.389,3.007,18.000,18.000,20.000,29.000,38.000,0.000,0.000,0,0,1.1538,74,148,74,79,73
34,falling,56,931.0,,195.000,449.410,0.00000,10.69432,10.69432,0.000000,0.000000,0,0,5.67800,3952.389,3.007,18.000,18.000,20.000,29.000,38.000,0.000,0.000,0,0,1.1538,74,148,74,79,73
34,falling,57,948.0,,195.000,460.440,0.00000,10.81403,10.81403,0.000000,0.000000,0,0,5.67800,3952.389,3.007,18.000,18.000,20.000,29.000,38.000,0.000,0.000,0,0,1.1538,74,148,74,79,73
34,falling,58,965.0,,195.000,471.591,0.00000,10.93191,10.93191,0.000000,0.000000,0,0,5.67800,3952.389,3.007,18.000,18.000,20.000,29.000,38.000,0.000,0.000,0,0,1.1538,74,148,74,79,73
34,falling,59,981.0,,195.000,482.190,0.00000,11.04116,11.04116,0.000000,0.000000,0,0,5.67800,3952.389,3.007,18.000,18.000,20.000,29.000,38.000,0.000,0.000,0,0,1.1538,74,148,74,79,73
34,post_landing,60,998.0,60,195.000,489.206,1.95752,-0.30277,1.98080,0.015926,0.000000,0,1,5.67800,3952.389,3.007,18.000,18.000,20.000,29.000,38.000,0.000,0.000,0,14,1.1538,74,148,74,79,73
34,post_landing,61,1015.0,60,196.966,487.041,1.37089,-0.20768,1.38653,0.014041,0.015996,0,1,5.67800,3952.389,3.007,18.000,17.014,19.014,29.028,36.011,0.000,0.000,0,7,1.1538,74,148,74,79,73
34,post_landing,62,1032.0,60,198.263,486.172,1.01626,0.01239,1.01634,0.011849,0.029281,0,1,5.67800,3952.389,3.007,18.000,17.022,19.021,29.046,36.014,0.000,0.000,0,4,1.1538,74,148,74,79,73
34,post_landing,63,1048.0,60,199.284,485.806,0.72645,0.02956,0.72705,0.010140,0.041182,0,1,5.67800,3952.389,3.007,18.000,17.027,19.025,31.097,37.051,0.000,0.000,0,2,1.1538,74,148,74,79,73
34,post_landing,64,1065.0,60,200.014,485.911,0.56850,0.01909,0.56882,0.007008,0.051367,0,1,5.67800,3952.389,3.007,18.000,17.029,19.026,31.113,37.054,0.000,0.000,0,2,1.1538,74,148,74,79,73
34,post_landing,65,1082.0,60,200.552,485.979,0.43248,0.01555,0.43276,0.005493,0.057997,0,1,5.67800,3952.389,3.007,18.000,17.029,19.026,31.122,37.054,0.000,0.000,0,2,1.1538,74,148,74,79,73
34,post_landing,66,1098.0,60,200.986,486.041,0.34872,0.02586,0.34968,0.007375,0.063514,0,1,5.67800,3952.389,3.007,18.000,18.091,19.025,31.128,37.052,0.000,0.000,0,2,1.1538,74,148,74,79,73
34,post_landing,67,1115.0,60,201.336,486.122,0.32414,0.02981,0.32551,0.006689,0.070922,0,1,5.67800,3952.389,3.007,18.000,18.096,19.023,31.135,37.049,0.000,0.000,0,2,1.1538,74,148,74,79,73
34,post_landing,68,1132.0,60,201.643,486.192,0.33580,0.02080,0.33644,0.004880,0.077251,0,1,5.67800,3952.389,3.007,18.000,18.101,19.021,31.139,37.044,0.000,0.000,0,2,1.1538,74,148,74,79,73
34,post_landing,69,1148.0,60,201.980,486.250,0.87708,0.23698,0.90853,-0.019270,0.082152,0,1,5.67800,3952.389,3.007,18.000,18.103,19.018,31.142,37.039,0.000,0.000,0,2,1.1538,74,148,74,79,73
34,post_landing,70,1165.0,60,202.861,486.033,1.27536,0.04101,1.27602,-0.024026,0.062797,0,1,5.67800,3952.389,3.007,18.000,18.090,19.025,31.127,37.053,0.000,0.000,0,2,1.1538,74,148,74,79,73
34,post_landing,71,1182.0,60,204.068,485.793,0.43148,0.05322,0.43475,0.014055,0.040064,0,1,5.67800,3952.389,3.007,18.000,17.026,19.025,31.095,37.050,0.000,0.000,0,2,1.1538,74,148,74,79,73
34,post_landing,72,1198.0,60,204.501,485.941,0.44773,0.03335,0.44897,0.009769,0.054181,0,1,5.67800,3952.389,3.007,18.000,17.029,19.026,31.117,37.054,0.000,0.000,0,2,1.1538,74,148,74,79,73
34,post_landing,73,1215.0,60,204.951,486.046,0.38073,0.02917,0.38184,0.009973,0.063993,0,1,5.67800,3952.389,3.007,18.000,18.091,19.025,31.128,37.052,0.000,0.000,0,2,1.1538,74,148,74,79,73
34,post_landing,74,1232.0,60,205.311,486.148,0.25235,0.00000,0.25235,0.013159,0.073429,0,1,5.67800,3952.389,3.007,18.000,18.098,19.022,31.137,37.047,0.000,0.000,0,2,1.1538,74,148,74,79,73
34,post_landing,75,1248.0,60,205.565,486.302,1.38304,-0.45992,1.45751,-0.019455,0.086646,0,1,5.67800,3952.389,3.007,18.000,18.106,19.015,31.143,37.034,0.000,0.000,0,2,1.1538,74,148,74,79,73
34,post_landing,76,1265.0,60,206.954,486.083,0.39925,-0.09326,0.41000,0.021785,0.067106,0,1,5.67800,3952.389,3.007,18.000,18.094,19.024,31.131,37.051,0.000,0.000,0,2,1.1538,74,148,74,79,73
34,post_landing,77,1282.0,60,207.331,486.158,0.41125,0.06497,0.41635,0.015460,0.087719,0,1,5.67800,3952.389,3.007,18.000,18.106,19.015,31.144,37.033,0.000,0.000,0,1,1.1538,74,148,74,79,73
34,post_landing,78,1298.0,60,207.744,486.225,0.31681,0.04034,0.31937,0.016524,0.103246,0,1,5.67800,3952.389,3.007,18.000,18.110,28.160,31.144,34.540,0.000,0.000,0,1,1.1538,74,148,74,79,73
34,post_landing,79,1315.0,60,208.063,486.326,0.32825,0.06733,0.33509,0.012658,0.119843,0,1,5.67800,3952.389,3.007,18.000,16.124,27.285,31.136,34.593,0.000,0.000,0,1,1.1538,74,148,74,79,73
34,post_landing,80,1332.0,60,208.373,486.392,0.32456,0.06063,0.33018,0.010531,0.131819,0,1,5.67800,3952.389,3.007,18.000,16.124,27.292,31.125,34.625,0.000,0.000,0,1,1.1538,74,148,74,79,73
34,post_landing,81,1348.0,60,208.699,486.459,0.31404,0.05739,0.31924,0.009374,0.142396,0,1,5.67800,3952.389,3.007,18.000,4.101,27.294,31.112,34.649,0.000,0.000,0,1,1.1538,74,148,74,79,73
34,post_landing,82,1365.0,60,209.015,486.519,0.31450,0.06244,0.32064,0.008095,0.151812,0,1,5.67800,3952.389,3.007,18.000,4.105,27.294,32.388,34.668,0.000,0.000,0,1,1.1538,74,148,74,79,73
34,post_landing,83,1382.0,60,209.312,486.566,0.38449,0.06163,0.38939,0.004267,0.159471,0,1,5.67800,3952.389,3.007,18.000,4.108,27.293,31.559,34.680,0.000,0.000,0,1,1.1538,74,148,74,79,73
34,post_landing,84,1398.0,60,209.698,486.600,0.34093,0.04214,0.34352,0.006120,0.163757,0,1,5.67800,3952.389,3.007,18.000,4.110,29.427,31.563,34.686,0.000,0.000,0,1,1.1538,74,148,74,79,73
34,post_landing,85,1415.0,60,210.041,486.641,0.30863,0.04768,0.31229,0.007075,0.169905,0,1,5.67800,3952.389,3.007,18.000,4.111,29.428,31.568,34.694,0.000,0.000,0,1,1.1538,74,148,74,79,73
34,post_landing,86,1432.0,60,210.333,486.685,0.25956,0.03686,0.26217,0.008698,0.176598,0,1,5.67800,3952.389,3.007,18.000,4.113,27.458,31.572,34.701,0.000,0.000,0,1,1.1538,74,148,74,79,73
34,post_landing,87,1448.0,60,210.594,486.752,0.25448,0.06173,0.26186,0.008147,0.185335,0,1,5.67800,3952.389,3.007,18.000,4.116,27.459,31.575,34.708,0.000,0.000,0,1,1.1538,74,148,74,79,73
34,post_landing,88,1465.0,60,210.849,486.817,0.24976,0.06307,0.25760,0.008002,0.193518,0,1,5.67800,3952.389,3.007,18.000,4.118,27.458,31.575,35.288,0.000,0.000,0,1,1.1538,74,148,74,79,73
34,post_landing,89,1482.0,60,211.085,486.874,0.24437,0.06339,0.25246,0.007880,0.201089,0,1,5.67800,3952.389,3.007,18.000,13.337,15.497,31.574,35.312,0.000,0.000,0,1,1.1538,74,148,74,79,73
34,post_landing,90,1498.0,60,211.331,486.943,0.24101,0.06648,0.25001,0.007905,0.209003,0,1,5.67800,3952.389,3.007,18.000,13.340,15.504,32.756,35.335,0.000,0.000,0,1,1.1538,74,148,74,79,73
34,post_landing,91,1515.0,60,211.573,487.011,0.23866,0.06917,0.24848,0.007969,0.216943,0,1,5.67800,3952.389,3.007,18.000,13.341,15.509,32.757,35.355,0.000,0.000,0,1,1.1538,74,148,74,79,73
34,post_landing,92,1532.0,60,211.799,487.074,0.23579,0.07038,0.24607,0.007981,0.224483,0,1,5.67800,3952.389,3.007,18.000,13.342,15.514,32.003,35.373,0.000,0.000,0,1,1.1538,74,148,74,79,73
34,post_landing,93,1548.0,60,212.036,487.150,0.23515,0.07458,0.24669,0.008099,0.232499,0,1,5.67800,3952.389,3.007,18.000,13.341,15.518,32.009,35.389,0.000,0.000,0,1,1.1538,74,148,74,79,73
34,post_landing,94,1565.0,60,212.272,487.227,0.23535,0.07809,0.24797,0.008234,0.240633,0,1,5.67800,3952.389,3.007,18.000,13.340,15.521,32.013,35.404,0.000,0.000,0,1,1.1538,74,148,74,79,73
34,post_landing,95,1582.0,60,212.494,487.297,0.11015,0.00000,0.11015,0.014570,0.248424,0,1,5.67800,3952.389,3.007,18.000,15.523,15.523,32.015,35.415,0.000,0.000,0,1,1.1538,74,148,74,79,73
34,post_landing,96,1598.0,60,212.605,487.437,0.06997,-0.01891,0.07248,0.016118,0.263058,0,1,5.67800,3952.389,3.007,18.000,15.524,15.524,33.239,35.431,0.000,0.000,0,1,1.1538,74,148,74,79,73
34,post_landing,97,1615.0,60,212.675,487.664,0.24843,0.00000,0.24843,0.005159,0.279247,0,1,5.67800,3952.389,3.007,18.000,15.521,15.521,33.241,35.439,0.000,0.000,0,2,1.1538,74,148,74,79,73
34,post_landing,98,1632.0,60,212.910,487.702,0.20261,0.00000,0.20261,0.005212,0.284128,0,1,5.67800,3952.389,3.007,18.000,15.520,15.520,33.240,35.440,0.000,0.000,0,2,1.1538,74,148,74,79,73
34,post_landing,99,1648.0,60,213.114,487.737,0.18872,0.00000,0.18872,0.004170,0.289363,0,1,5.67800,3952.389,3.007,18.000,15.518,15.518,33.238,35.440,0.000,0.000,0,2,1.1538,74,148,74,79,73
34,post_landing,100,1665.0,60,213.304,487.763,0.15404,0.00000,0.15404,0.004279,0.293552,0,1,5.67800,3952.389,3.007,18.000,15.516,15.516,33.235,35.439,0.000,0.000,0,2,1.1538,74,148,74,79,73
34,post_landing,101,1682.0,60,213.449,487.784,0.07626,0.00000,0.07626,0.006210,0.297600,0,1,5.67800,3952.389,3.007,18.000,15.514,17.056,31.320,35.438,0.000,0.000,0,2,1.1538,74,148,74,79,73
34,post_landing,102,1698.0,60,213.526,487.916,0.15314,0.00000,0.15314,0.002274,0.303838,0,1,5.67800,3952.389,3.007,18.000,12.647,17.062,31.319,35.434,0.000,0.000,0,3,1.1538,74,148,74,79,73
34,post_landing,103,1715.0,60,213.680,487.933,0.31002,-0.07624,0.31926,0.000000,0.306122,0,1,5.67800,3952.389,3.007,18.000,12.648,17.064,31.318,35.433,0.000,0.000,0,3,1.1538,74,148,74,79,73
34,post_landing,104,1732.0,60,213.973,487.926,0.37762,-0.03972,0.37970,0.000000,0.306122,0,1,5.67800,3952.389,3.007,18.000,12.648,17.064,31.318,35.433,0.000,0.000,0,3,1.1538,74,148,74,79,73
34,post_landing,105,1748.0,60,214.352,487.931,0.27479,0.00000,0.27479,0.003127,0.306122,0,1,5.67800,3952.389,3.007,18.000,12.648,17.064,31.318,35.433,0.000,0.000,0,3,1.1538,74,148,74,79,73
34,post_landing,106,1765.0,60,214.628,487.946,0.08658,0.00000,0.08658,0.009176,0.309263,0,1,5.67800,3952.389,3.007,18.000,12.648,17.067,31.316,35.431,0.000,0.000,0,3,1.1538,74,148,74,79,73
34,post_landing,107,1782.0,60,214.710,487.977,0.09579,0.00000,0.09579,0.006269,0.317946,0,1,5.67800,3952.389,3.007,18.000,12.649,17.074,19.599,35.422,0.000,0.000,0,3,1.1538,74,148,74,79,73
34,post_landing,108,1798.0,60,214.806,488.010,0.11184,0.00000,0.11184,0.003778,0.324242,0,1,5.67800,3952.389,3.007,18.000,12.649,17.078,19.611,35.414,0.000,0.000,0,3,1.1538,74,148,74,79,73
34,post_landing,109,1815.0,60,214.919,488.029,0.10857,0.00000,0.10857,0.002622,0.328037,0,1,5.67800,3952.389,3.007,18.000,12.649,17.080,19.618,35.409,0.000,0.000,0,3,1.1538,74,148,74,79,73
34,post_landing,110,1832.0,60,215.021,488.037,0.09435,0.00000,0.09435,0.002212,0.330517,0,1,5.67800,3952.389,3.007,18.000,12.649,17.081,19.622,35.405,0.000,0.000,0,3,1.1538,74,148,74,79,73
34,post_landing,111,1848.0,60,215.116,488.051,0.07963,0.00000,0.07963,0.001975,0.332740,0,1,5.67800,3952.389,3.007,18.000,12.648,17.082,19.626,35.401,0.000,0.000,0,3,1.1538,74,148,74,79,73
34,post_landing,112,1865.0,60,215.196,488.061,0.06787,0.00000,0.06787,0.001740,0.334724,0,1,5.67800,3952.389,3.007,18.000,12.648,17.083,19.629,35.398,0.000,0.000,0,3,1.1538,74,148,74,79,73
34,post_landing,113,1882.0,60,215.260,488.066,0.05658,0.00000,0.05658,0.001596,0.336370,0,1,5.67800,3952.389,3.007,18.000,12.648,17.084,19.632,35.395,0.000,0.000,0,3,1.1538,74,148,74,79,73
34,post_landing,114,1898.0,60,215.317,488.078,0.05106,0.00000,0.05106,0.001310,0.337973,0,1,5.67800,3952.389,3.007,18.000,12.647,17.084,19.634,35.392,0.000,0.000,0,3,1.1538,74,148,74,79,73
34,post_landing,115,1915.0,60,215.369,488.085,0.03885,0.00000,0.03885,0.001378,0.339289,0,1,5.67800,3952.389,3.007,18.000,12.647,17.085,19.636,35.390,0.000,0.000,0,3,1.1538,74,148,74,79,73
34,post_landing,116,1932.0,60,215.405,488.087,0.04823,0.00000,0.04823,0.000000,0.340593,0,1,5.67800,3952.389,3.007,18.000,12.647,17.085,19.638,35.387,0.000,0.000,0,3,1.1538,74,148,74,79,73
34,post_landing,117,1948.0,60,215.454,488.091,0.00639,0.00000,0.00639,0.001621,0.340593,0,1,5.67800,3952.389,3.007,18.000,12.647,17.085,19.638,35.387,0.000,0.000,0,3,1.1538,74,148,74,79,73
34,post_landing,118,1965.0,60,215.460,488.095,0.10259,0.00000,0.10259,-0.002406,0.342127,0,1,5.67800,3952.389,3.007,18.000,12.646,17.086,19.641,35.384,0.000,0.000,0,3,1.1538,74,148,74,79,73
34,post_landing,119,1982.0,60,215.563,488.088,0.06513,0.00000,0.06513,0.000000,0.339710,0,1,5.67800,3952.389,3.007,18.000,12.647,17.085,19.637,35.389,0.000,0.000,0,3,1.1538,74,148,74,79,73
35,falling,0,28.0,,195.000,96.964,0.00000,0.53333,0.53333,0.000000,0.000000,0,0,3.64800,4219.988,2.161,14.000,14.000,18.000,47.000,60.000,0.000,0.000,0,0,2.1192,38,76,38,38,48
35,falling,1,30.0,,195.000,97.032,0.00000,0.56571,0.56571,0.000000,0.000000,0,0,3.64800,4219.988,2.161,14.000,14.000,18.000,47.000,60.000,0.000,0.000,0,0,2.1192,38,76,38,38,48
35,falling,2,46.0,,195.000,97.823,0.00000,0.82423,0.82423,0.000000,0.000000,0,0,3.64800,4219.988,2.161,14.000,14.000,18.000,47.000,60.000,0.000,0.000,0,0,2.1192,38,76,38,38,48
35,falling,3,63.0,,195.000,98.940,0.00000,1.09495,1.09495,0.000000,0.000000,0,0,3.64800,4219.988,2.161,14.000,14.000,18.000,47.000,60.000,0.000,0.000,0,0,2.1192,38,76,38,38,48
35,falling,4,80.0,,195.000,100.329,0.00000,1.36153,1.36153,0.000000,0.000000,0,0,3.64800,4219.988,2.161,14.000,14.000,18.000,47.000,60.000,0.000,0.000,0,0,2.1192,38,76,38,38,48
35,falling,5,96.0,,195.000,101.873,0.00000,1.60859,1.60859,0.000000,0.000000,0,0,3.64800,4219.988,2.161,14.000,14.000,18.000,47.000,60.000,0.000,0.000,0,0,2.1192,38,76,38,38,48
35,falling,6,113.0,,195.000,103.778,0.00000,1.86731,1.86731,0.000000,0.000000,0,0,3.64800,4219.988,2.161,14.000,14.000,18.000,47.000,60.000,0.000,0.000,0,0,2.1192,38,76,38,38,48
35,falling,7,130.0,,195.000,105.942,0.00000,2.12208,2.12208,0.000000,0.000000,0,0,3.64800,4219.988,2.161,14.000,14.000,18.000,47.000,60.000,0.000,0.000,0,0,2.1192,38,76,38,38,48
35,falling,8,146.0,,195.000,108.206,0.00000,2.35819,2.35819,0.000000,0.000000,0,0,3.64800,4219.988,2.161,14.000,14.000,18.000,47.000,60.000,0.000,0.000,0,0,2.1192,38,76,38,38,48
35,falling,9,163.0,,195.000,110.864,0.00000,2.60544,2.60544,0.000000,0.000000,0,0,3.64800,4219.988,2.161,14.000,14.000,18.000,47.000,60.000,0.000,0.000,0,0,2.1192,38,76,38,38,48
35,falling,10,180.0,,195.000,113.585,0.00000,2.83459,2.83459,0.000000,0.000000,0,0,3.64800,4219.988,2.161,14.000,14.000,18.000,47.000,60.000,0.000,0.000,0,0,2.1192,38,76,38,38,48
35,falling,11,196.0,,195.000,116.721,0.00000,3.07455,3.07455,0.000000,0.000000,0,0,3.64800,4219.988,2.161,14.000,14.000,18.000,47.000,60.000,0.000,0.000,0,0,2.1192,38,76,38,38,48
35,falling,12,213.0,,195.000,120.098,0.00000,3.31084,3.31084,0.000000,0.000000,0,0,3.64800,4219.988,2.161,14.000,14.000,18.000,47.000,60.000,0.000,0.000,0,0,2.1192,38,76,38,38,48
35,falling,13,230.0,,195.000,123.487,0.00000,3.52983,3.52983,0.000000,0.000000,0,0,3.64800,4219.988,2.161,14.000,14.000,18.000,47.000,60.000,0.000,0.000,0,0,2.1192,38,76,38,38,48
35,falling,14,246.0,,195.000,127.321,0.00000,3.75916,3.75916,0.000000,0.000000,0,0,3.64800,4219.988,2.161,14.000,14.000,18.000,47.000,60.000,0.000,0.000,0,0,2.1192,38,76,38,38,48
35,falling,15,263.0,,195.000,131.386,0.00000,3.98498,3.98498,0.000000,0.000000,0,0,3.64800,4219.988,2.161,14.000,14.000,18.000,47.000,60.000,0.000,0.000,0,0,2.1192,38,76,38,38,48
35,falling,16,280.0,,195.000,135.412,0.00000,4.19426,4.19426,0.000000,0.000000,0,0,3.64800,4219.988,2.161,14.000,14.000,18.000,47.000,60.000,0.000,0.000,0,0,2.1192,38,76,38,38,48
35,falling,17,296.0,,195.000,139.914,0.00000,4.41342,4.41342,0.000000,0.000000,0,0,3.64800,4219.988,2.161,14.000,14.000,18.000,47.000,60.000,0.000,0.000,0,0,2.1192,38,76,38,38,48
35,falling,18,313.0,,195.000,144.636,0.00000,4.62923,4.62923,0.000000,0.000000,0,0,3.64800,4219.988,2.161,14.000,14.000,18.000,47.000,60.000,0.000,0.000,0,0,2.1192,38,76,38,38,48
35,falling,19,330.0,,195.000,149.272,0.00000,4.82924,4.82924,0.000000,0.000000,0,0,3.64800,4219.988,2.161,14.000,14.000,18.000,47.000,60.000,0.000,0.000,0,0,2.1192,38,76,38,38,48
35,falling,20,346.0,,195.000,154.411,0.00000,5.03868,5.03868,0.000000,0.000000,0,0,3.64800,4219.988,2.161,14.000,14.000,18.000,47.000,60.000,0.000,0.000,0,0,2.1192,38,76,38,38,48
35,falling,21,363.0,,195.000,159.761,0.00000,5.24492,5.24492,0.000000,0.000000,0,0,3.64800,4219.988,2.161,14.000,14.000,18.000,47.000,60.000,0.000,0.000,0,0,2.1192,38,76,38,38,48
35,falling,22,380.0,,195.000,164.980,0.00000,5.43606,5.43606,0.000000,0.000000,0,0,3.64800,4219.988,2.161,14.000,14.000,18.000,47.000,60.000,0.000,0.000,0,0,2.1192,38,76,38,38,48
35,falling,23,396.0,,195.000,170.728,0.00000,5.63623,5.63623,0.000000,0.000000,0,0,3.64800,4219.988,2.161,14.000,14.000,18.000,47.000,60.000,0.000,0.000,0,0,2.1192,38,76,38,38,48
35,falling,24,413.0,,195.000,176.678,0.00000,5.83332,5.83332,0.000000,0.000000,0,0,3.64800,4219.988,2.161,14.000,14.000,18.000,47.000,60.000,0.000,0.000,0,0,2.1192,38,76,38,38,48
35,falling,25,430.0,,195.000,182.454,0.00000,6.01599,6.01599,0.000000,0.000000,0,0,3.64800,4219.988,2.161,14.000,14.000,18.000,47.000,60.000,0.000,0.000,0,0,2.1192,38,76,38,38,48
35,falling,26,446.0,,195.000,188.785,0.00000,6.20728,6.20728,0.000000,0.000000,0,0,3.64800,4219.988,2.161,14.000,14.000,18.000,47.000,60.000,0.000,0.000,0,0,2.1192,38,76,38,38,48
35,falling,27,463.0,,195.000,195.309,0.00000,6.39564,6.39564,0.000000,0.000000,0,0,3.64800,4219.988,2.161,14.000,14.000,18.000,47.000,60.000,0.000,0.000,0,0,2.1192,38,76,38,38,48
35,falling,28,480.0,,195.000,201.616,0.00000,6.57021,6.57021,0.000000,0.000000,0,0,3.64800,4219.988,2.161,14.000,14.000,18.000,47.000,60.000,0.000,0.000,0,0,2.1192,38,76,38,38,48
35,falling,29,496.0,,195.000,208.504,0.00000,6.75302,6.75302,0.000000,0.000000,0,0,3.64800,4219.988,2.161,14.000,14.000,18.000,47.000,60.000,0.000,0.000,0,0,2.1192,38,76,38,38,48
35,falling,30,513.0,,195.000,215.576,0.00000,6.93303,6.93303,0.000000,0.000000,0,0,3.64800,4219.988,2.161,14.000,14.000,18.000,47.000,60.000,0.000,0.000,0,0,2.1192,38,76,38,38,48
35,falling,31,530.0,,195.000,222.392,0.00000,7.09986,7.09986,0.000000,0.000000,0,0,3.64800,4219.988,2.161,14.000,14.000,18.000,47.000,60.000,0.000,0.000,0,0,2.1192,38,76,38,38,48
35,falling,32,546.0,,195.000,229.812,0.00000,7.27457,7.27457,0.000000,0.000000,0,0,3.64800,4219.988,2.161,14.000,14.000,18.000,47.000,60.000,0.000,0.000,0,0,2.1192,38,76,38,38,48
35,falling,33,563.0,,195.000,237.407,0.00000,7.44660,7.44660,0.000000,0.000000,0,0,3.64800,4219.988,2.161,14.000,14.000,18.000,47.000,60.000,0.000,0.000,0,0,2.1192,38,76,38,38,48
35,falling,34,580.0,,195.000,244.709,0.00000,7.60604,7.60604,0.000000,0.000000,0,0,3.64800,4219.988,2.161,14.000,14.000,18.000,47.000,60.000,0.000,0.000,0,0,2.1192,38,76,38,38,48
35,falling,35,596.0,,195.000,252.638,0.00000,7.77300,7.77300,0.000000,0.000000,0,0,3.64800,4219.988,2.161,14.000,14.000,18.000,47.000,60.000,0.000,0.000,0,0,2.1192,38,76,38,38,48
35,falling,36,613.0,,195.000,260.734,0.00000,7.93740,7.93740,0.000000,0.000000,0,0,3.64800,4219.988,2.161,14.000,14.000,18.000,47.000,60.000,0.000,0.000,0,0,2.1192,38,76,38,38,48
35,falling,37,630.0,,195.000,268.500,0.00000,8.08977,8.08977,0.000000,0.000000,0,0,3.64800,4219.988,2.161,14.000,14.000,18.000,47.000,60.000,0.000,0.000,0,0,2.1192,38,76,38,38,48
35,falling,38,646.0,,195.000,276.914,0.00000,8.24933,8.24933,0.000000,0.000000,0,0,3.64800,4219.988,2.161,14.000,14.000,18.000,47.000,60.000,0.000,0.000,0,0,2.1192,38,76,38,38,48
35,falling,39,663.0,,195.000,285.489,0.00000,8.40645,8.40645,0.000000,0.000000,0,0,3.64800,4219.988,2.161,14.000,14.000,18.000,47.000,60.000,0.000,0.000,0,0,2.1192,38,76,38,38,48
35,falling,40,680.0,,195.000,293.699,0.00000,8.55206,8.55206,0.000000,0.000000,0,0,3.64800,4219.988,2.161,14.000,14.000,18.000,47.000,60.000,0.000,0.000,0,0,2.1192,38,76,38,38,48
35,falling,41,696.0,,195.000,302.578,0.00000,8.70455,8.70455,0.000000,0.000000,0,0,3.64800,4219.988,2.161,14.000,14.000,18.000,47.000,60.000,0.000,0.000,0,0,2.1192,38,76,38,38,48
35,falling,42,713.0,,195.000,311.609,0.00000,8.85471,8.85471,0.000000,0.000000,0,0,3.64800,4219.988,2.161,14.000,14.000,18.000,47.000,60.000,0.000,0.000,0,0,2.1192,38,76,38,38,48
35,falling,43,730.0,,195.000,320.243,0.00000,8.99386,8.99386,0.000000,0.000000,0,0,3.64800,4219.988,2.161,14.000,14.000,18.000,47.000,60.000,0.000,0.000,0,0,2.1192,38,76,38,38,48
35,falling,44,746.0,,195.000,329.566,0.00000,9.13959,9.13959,0.000000,0.000000,0,0,3.64800,4219.988,2.161,14.000,14.000,18.000,47.000,60.000,0.000,0.000,0,0,2.1192,38,76,38,38,48
35,falling,45,763.0,,195.000,339.035,0.00000,9.28309,9.28309,0.000000,0.000000,0,0,3.64800,4219.988,2.161,14.000,14.000,18.000,47.000,60.000,0.000,0.000,0,0,2.1192,38,76,38,38,48
35,falling,46,780.0,,195.000,348.074,0.00000,9.41608,9.41608,0.000000,0.000000,0,0,3.64800,4219.988,2.161,14.000,14.000,18.000,47.000,60.000,0.000,0.000,0,0,2.1192,38,76,38,38,48
35,falling,47,796.0,,195.000,357.820,0.00000,9.55535,9.55535,0.000000,0.000000,0,0,3.64800,4219.988,2.161,14.000,14.000,18.000,47.000,60.000,0.000,0.000,0,0,2.1192,38,76,38,38,48
35,falling,48,813.0,,195.000,367.707,0.00000,9.69248,9.69248,0.000000,0.000000,0,0,3.64800,4219.988,2.161,14.000,14.000,18.000,47.000,60.000,0.000,0.000,0,0,2.1192,38,76,38,38,48
35,falling,49,830.0,,195.000,377.134,0.00000,9.81958,9.81958,0.000000,0.000000,0,0,3.64800,4219.988,2.161,14.000,14.000,18.000,47.000,60.000,0.000,0.000,0,0,2.1192,38,76,38,38,48
35,falling,50,846.0,,195.000,387.285,0.00000,9.95267,9.95267,0.000000,0.000000,0,0,3.64800,4219.988,2.161,14.000,14.000,18.000,47.000,60.000,0.000,0.000,0,0,2.1192,38,76,38,38,48
35,falling,51,863.0,,195.000,397.571,0.00000,10.08373,10.08373,0.000000,0.000000,0,0,3.64800,4219.988,2.161,14.000,14.000,18.000,47.000,60.000,0.000,0.000,0,0,2.1192,38,76,38,38,48
35,falling,52,880.0,,195.000,407.368,0.00000,10.20519,10.20519,0.000000,0.000000,0,0,3.64800,4219.988,2.161,14.000,14.000,18.000,47.000,60.000,0.000,0.000,0,0,2.1192,38,76,38,38,48
35,falling,53,896.0,,195.000,417.907,0.00000,10.33238,10.33238,0.000000,0.000000,0,0,3.64800,4219.988,2.161,14.000,14.000,18.000,47.000,60.000,0.000,0.000,0,0,2.1192,38,76,38,38,48
35,falling,54,913.0,,195.000,428.574,0.00000,10.45763,10.45763,0.000000,0.000000,0,0,3.64800,4219.988,2.161,14.000,14.000,18.000,47.000,60.000,0.000,0.000,0,0,2.1192,38,76,38,38,48
35,falling,55,930.0,,195.000,438.724,0.00000,10.57371,10.57371,0.000000,0.000000,0,0,3.64800,4219.988,2.161,14.000,14.000,18.000,47.000,60.000,0.000,0.000,0,0,2.1192,38,76,38,38,48
35,falling,56,946.0,,195.000,449.633,0.00000,10.69526,10.69526,0.000000,0.000000,0,0,3.64800,4219.988,2.161,14.000,14.000,18.000,47.000,60.000,0.000,0.000,0,0,2.1192,38,76,38,38,48
35,falling,57,963.0,,195.000,460.665,0.00000,10.81496,10.81496,0.000000,0.000000,0,0,3.64800,4219.988,2.161,14.000,14.000,18.000,47.000,60.000,0.000,0.000,0,0,2.1192,38,76,38,38,48
35,falling,58,980.0,,195.000,471.154,0.00000,10.92589,10.92589,0.000000,0.000000,0,0,3.64800,4219.988,2.161,14.000,14.000,18.000,47.000,60.000,0.000,0.000,0,0,2.1192,38,76,38,38,48
35,falling,59,996.0,,195.000,482.416,0.00000,11.04206,11.04206,0.000000,0.000000,0,0,3.64800,4219.988,2.161,14.000,14.000,18.000,47.000,60.000,0.000,0.000,0,0,2.1192,38,76,38,38,48
35,falling,60,1013.0,,195.000,493.796,0.00000,11.15645,11.15645,0.000000,0.000000,0,0,3.64800,4219.988,2.161,14.000,14.000,18.000,47.000,60.000,0.000,0.000,0,0,2.1192,38,76,38,38,48
35,post_landing,61,1030.0,61,195.000,503.783,-0.68711,0.00000,0.68711,-0.017183,0.000000,0,1,3.64800,4219.988,2.161,14.000,14.000,18.000,47.000,60.000,0.000,0.000,0,2,2.1192,38,76,38,38,48
35,post_landing,62,1046.0,61,194.310,503.396,-0.36550,0.05585,0.36975,-0.009275,-0.017258,0,1,3.64800,4219.988,2.161,14.000,12.015,18.015,44.011,59.026,0.000,0.000,0,1,2.1192,38,76,38,38,48
35,post_landing,63,1063.0,61,193.943,503.458,-0.20894,0.03288,0.21151,-0.005328,-0.026574,0,1,3.64800,4219.988,2.161,14.000,12.022,18.020,44.011,59.032,0.000,0.000,0,1,2.1192,38,76,38,38,48
35,post_landing,64,1081.0,61,193.745,503.490,-0.12756,0.02017,0.12915,-0.003260,-0.031615,0,1,3.64800,4219.988,2.161,14.000,12.026,18.023,44.010,66.062,0.000,0.000,0,1,2.1192,38,76,38,38,48
35,post_landing,65,1096.0,61,193.617,503.515,-0.08685,0.01396,0.08797,-0.002224,-0.034889,0,1,3.64800,4219.988,2.161,14.000,12.028,18.024,44.008,66.064,0.000,0.000,0,1,2.1192,38,76,38,38,48
35,post_landing,66,1113.0,61,193.530,503.530,-0.06601,0.00000,0.06601,-0.001692,-0.037123,0,1,3.64800,4219.988,2.161,14.000,12.029,18.025,44.007,66.066,0.000,0.000,0,1,2.1192,38,76,38,38,48
35,post_landing,67,1130.0,61,193.467,503.539,-0.05332,0.01756,0.05614,-0.002540,-0.038724,0,1,3.64800,4219.988,2.161,14.000,12.030,18.025,38.010,66.067,0.000,0.000,0,1,2.1192,38,76,38,38,48
35,post_landing,68,1146.0,61,193.414,503.559,-0.06400,0.02180,0.06761,-0.003055,-0.041275,0,1,3.64800,4219.988,2.161,14.000,12.031,18.026,38.009,66.068,0.000,0.000,0,1,2.1192,38,76,38,38,48
35,post_landing,69,1163.0,61,193.349,503.581,-0.07275,0.02458,0.07679,-0.003477,-0.044343,0,1,3.64800,4219.988,2.161,14.000,12.033,18.027,38.007,66.068,0.000,0.000,0,1,2.1192,38,76,38,38,48
35,post_landing,70,1180.0,61,193.281,503.602,-0.07860,0.02670,0.08301,-0.003762,-0.047633,0,1,3.64800,4219.988,2.161,14.000,12.034,18.027,38.005,66.068,0.000,0.000,0,1,2.1192,38,76,38,38,48
35,post_landing,71,1196.0,61,193.202,503.631,-0.08456,0.02931,0.08949,-0.004057,-0.051412,0,1,3.64800,4219.988,2.161,14.000,12.036,18.028,29.064,70.113,0.000,0.000,0,1,2.1192,38,76,38,38,48
35,post_landing,72,1213.0,61,193.117,503.661,-0.08950,0.03126,0.09481,-0.004304,-0.055487,0,1,3.64800,4219.988,2.161,14.000,12.037,18.028,29.066,70.114,0.000,0.000,0,1,2.1192,38,76,38,38,48
35,post_landing,73,1230.0,61,193.032,503.688,-0.09234,0.03252,0.09789,-0.004450,-0.059560,0,1,3.64800,4219.988,2.161,14.000,12.038,18.028,29.068,70.114,0.000,0.000,0,1,2.1192,38,76,38,38,48
35,post_landing,74,1246.0,61,192.939,503.723,-0.09592,0.03448,0.10193,-0.004635,-0.064029,0,1,3.64800,4219.988,2.161,14.000,12.039,18.027,29.069,70.113,0.000,0.000,0,1,2.1192,38,76,38,38,48
35,post_landing,75,1263.0,61,192.843,503.778,-0.09988,0.03591,0.10614,-0.004793,-0.068685,0,1,3.64800,4219.988,2.161,14.000,12.040,18.026,29.069,69.180,0.000,0.000,0,1,2.1192,38,76,38,38,48
35,post_landing,76,1280.0,61,192.748,503.809,-0.10140,0.03691,0.10791,-0.004876,-0.073220,0,1,3.64800,4219.988,2.161,14.000,12.041,21.090,29.069,69.181,0.000,0.000,0,1,2.1192,38,76,38,38,48
35,post_landing,77,1296.0,61,192.647,503.851,-0.10407,0.03839,0.11093,-0.005015,-0.078117,0,1,3.64800,4219.988,2.161,14.000,12.041,21.092,29.068,70.255,0.000,0.000,0,1,2.1192,38,76,38,38,48
35,post_landing,78,1313.0,61,192.542,503.890,-0.10639,0.03978,0.11358,-0.005138,-0.083154,0,1,3.64800,4219.988,2.161,14.000,12.042,21.094,33.135,70.256,0.000,0.000,0,1,2.1192,38,76,38,38,48
35,post_landing,79,1330.0,61,192.441,503.923,-0.10711,0.04057,0.11454,-0.005184,-0.088015,0,1,3.64800,4219.988,2.161,14.000,12.041,21.095,33.136,70.256,0.000,0.000,0,1,2.1192,38,76,38,38,48
35,post_landing,80,1346.0,61,192.334,504.128,-0.09005,0.00000,0.09005,-0.004276,-0.093222,0,1,3.64800,4219.988,2.161,14.000,16.117,21.095,33.136,70.255,0.000,0.000,0,2,2.1192,38,76,38,38,48
35,post_landing,81,1363.0,61,192.243,504.157,-0.07359,0.00000,0.07359,-0.003578,-0.097517,0,1,3.64800,4219.988,2.161,14.000,16.119,21.095,33.135,70.252,0.000,0.000,0,2,2.1192,38,76,38,38,48
35,post_landing,82,1380.0,61,192.174,504.169,-0.06169,0.00000,0.06169,-0.003004,-0.100902,0,1,3.64800,4219.988,2.161,14.000,16.120,21.095,33.134,70.349,0.000,0.000,0,2,2.1192,38,76,38,38,48
35,post_landing,83,1396.0,61,192.112,504.187,-0.05246,0.00000,0.05246,-0.002558,-0.103919,0,1,3.64800,4219.988,2.161,14.000,16.121,21.094,33.133,69.458,0.000,0.000,0,2,2.1192,38,76,38,38,48
35,post_landing,84,1413.0,61,192.059,504.199,-0.04523,0.00000,0.04523,-0.002208,-0.106489,0,1,3.64800,4219.988,2.161,14.000,16.122,21.094,33.132,69.459,0.000,0.000,0,2,2.1192,38,76,38,38,48
35,post_landing,85,1430.0,61,192.016,504.205,-0.03940,0.00000,0.03940,-0.001926,-0.108578,0,1,3.64800,4219.988,2.161,14.000,16.123,21.093,33.131,69.461,0.000,0.000,0,2,2.1192,38,76,38,38,48
35,post_landing,86,1446.0,61,191.977,504.218,-0.03502,0.00000,0.03502,-0.001713,-0.110512,0,1,3.64800,4219.988,2.161,14.000,16.123,25.178,36.222,69.461,0.000,0.000,0,2,2.1192,38,76,38,38,48
35,post_landing,87,1463.0,61,191.942,504.226,-0.03160,0.00000,0.03160,-0.001547,-0.112233,0,1,3.64800,4219.988,2.161,14.000,16.123,25.179,36.221,69.462,0.000,0.000,0,2,2.1192,38,76,38,38,48
35,post_landing,88,1480.0,61,191.912,504.229,-0.02876,0.00000,0.02876,-0.001409,-0.113697,0,1,3.64800,4219.988,2.161,14.000,16.124,25.179,34.461,69.462,0.000,0.000,0,2,2.1192,38,76,38,38,48
35,post_landing,89,1496.0,61,191.883,504.240,-0.02675,0.00000,0.02675,-0.001312,-0.115112,0,1,3.64800,4219.988,2.161,14.000,16.124,25.179,34.464,69.462,0.000,0.000,0,2,2.1192,38,76,38,38,48
35,post_landing,90,1513.0,61,191.856,504.246,-0.02522,0.00000,0.02522,-0.001237,-0.116429,0,1,3.64800,4219.988,2.161,14.000,16.124,25.179,34.467,69.462,0.000,0.000,0,2,2.1192,38,76,38,38,48
35,post_landing,91,1530.0,61,191.832,504.248,-0.02384,0.00000,0.02384,-0.001170,-0.117600,0,1,3.64800,4219.988,2.161,14.000,16.124,25.179,34.469,69.462,0.000,0.000,0,2,2.1192,38,76,38,38,48
35,post_landing,92,1546.0,61,191.808,504.257,-0.02302,0.00000,0.02302,-0.001130,-0.118775,0,1,3.64800,4219.988,2.161,14.000,16.124,25.179,34.471,69.462,0.000,0.000,0,2,2.1192,38,76,38,38,48
35,post_landing,93,1563.0,61,191.785,504.263,-0.02241,0.00000,0.02241,-0.001101,-0.119911,0,1,3.64800,4219.988,2.161,14.000,16.124,25.179,34.474,69.462,0.000,0.000,0,2,2.1192,38,76,38,38,48
35,post_landing,94,1580.0,61,191.764,504.264,-0.02176,0.00000,0.02176,-0.001070,-0.120953,0,1,3.64800,4219.988,2.161,14.000,16.124,25.179,34.476,70.575,0.000,0.000,0,2,2.1192,38,76,38,38,48
35,post_landing,95,1596.0,61,191.742,504.273,-0.02151,0.00000,0.02151,-0.001058,-0.122027,0,1,3.64800,4219.988,2.161,14.000,16.124,25.179,34.478,70.575,0.000,0.000,0,2,2.1192,38,76,38,38,48
35,post_landing,96,1613.0,61,191.720,504.279,-0.02137,0.00000,0.02137,-0.001052,-0.123090,0,1,3.64800,4219.988,2.161,14.000,16.125,25.179,34.479,70.575,0.000,0.000,0,2,2.1192,38,76,38,38,48
35,post_landing,97,1630.0,61,191.700,504.279,-0.02107,0.00000,0.02107,-0.001038,-0.124086,0,1,3.64800,4219.988,2.161,14.000,16.125,25.179,34.481,70.576,0.000,0.000,0,2,2.1192,38,76,38,38,48
35,post_landing,98,1646.0,61,191.679,504.288,-0.02112,0.00000,0.02112,-0.001041,-0.125128,0,1,3.64800,4219.988,2.161,14.000,16.125,25.179,34.483,70.576,0.000,0.000,0,2,2.1192,38,76,38,38,48
35,post_landing,99,1663.0,61,191.658,504.294,-0.02121,0.00000,0.02121,-0.001046,-0.126173,0,1,3.64800,4219.988,2.161,14.000,16.124,25.179,34.485,70.576,0.000,0.000,0,2,2.1192,38,76,38,38,48
35,post_landing,100,1680.0,61,191.638,504.295,-0.02109,0.00000,0.02109,-0.001040,-0.127162,0,1,3.64800,4219.988,2.161,14.000,16.124,25.179,34.486,70.576,0.000,0.000,0,2,2.1192,38,76,38,38,48
35,post_landing,101,1696.0,61,191.616,504.304,-0.02129,0.00000,0.02129,-0.001050,-0.128207,0,1,3.64800,4219.988,2.161,14.000,16.124,25.178,34.488,70.576,0.000,0.000,0,2,2.1192,38,76,38,38,48
35,post_landing,102,1713.0,61,191.595,504.309,-0.02149,0.00000,0.02149,-0.001061,-0.129262,0,1,3.64800,4219.988,2.161,14.000,16.124,25.178,34.490,70.576,0.000,0.000,0,2,2.1192,38,76,38,38,48
35,post_landing,103,1730.0,61,191.575,504.310,-0.02146,0.00000,0.02146,-0.001060,-0.130266,0,1,3.64800,4219.988,2.161,14.000,16.124,25.178,34.491,70.576,0.000,0.000,0,2,2.1192,38,76,38,38,48
35,post_landing,104,1746.0,61,191.553,504.319,-0.02173,0.00000,0.02173,-0.001074,-0.131331,0,1,3.64800,4219.988,2.161,14.000,16.124,25.178,34.493,70.576,0.000,0.000,0,2,2.1192,38,76,38,38,48
35,post_landing,105,1763.0,61,191.531,504.325,-0.02201,0.00000,0.02201,-0.001088,-0.132410,0,1,3.64800,4219.988,2.161,14.000,16.124,25.177,34.495,70.575,0.000,0.000,0,2,2.1192,38,76,38,38,48
35,post_landing,106,1780.0,61,191.511,504.326,-0.02201,0.00000,0.02201,-0.001089,-0.133439,0,1,3.64800,4219.988,2.161,14.000,16.124,25.177,34.496,70.575,0.000,0.000,0,2,2.1192,38,76,38,38,48
35,post_landing,107,1796.0,61,191.488,504.335,-0.02233,0.00000,0.02233,-0.001106,-0.134533,0,1,3.64800,4219.988,2.161,14.000,16.124,25.176,34.498,70.575,0.000,0.000,0,2,2.1192,38,76,38,38,48
35,post_landing,108,1813.0,61,191.466,504.341,-0.02258,0.00000,0.02258,-0.001122,-0.135644,0,1,3.64800,4219.988,2.161,14.000,16.123,25.176,34.499,70.574,0.000,0.000,0,2,2.1192,38,76,38,38,48
35,post_landing,109,1830.0,61,191.445,504.343,-0.02262,0.00000,0.02262,-0.001124,-0.136706,0,1,3.64800,4219.988,2.161,14.000,16.123,25.176,34.500,70.573,0.000,0.000,0,2,2.1192,38,76,38,38,48
35,post_landing,110,1846.0,61,191.422,504.352,-0.02297,0.00000,0.02297,-0.001142,-0.137834,0,1,3.64800,4219.988,2.161,14.000,16.123,25.175,34.502,70.573,0.000,0.000,0,2,2.1192,38,76,38,38,48
35,post_landing,111,1863.0,61,191.399,504.358,-0.02332,0.00000,0.02332,-0.001159,-0.138981,0,1,3.64800,4219.988,2.161,14.000,16.123,25.175,34.503,70.572,0.000,0.000,0,2,2.1192,38,76,38,38,48
35,post_landing,112,1880.0,61,191.377,504.360,-0.02336,0.00000,0.02336,-0.001161,-0.140078,0,1,3.64800,4219.988,2.161,14.000,16.123,25.174,34.505,67.740,0.000,0.000,0,2,2.1192,38,76,38,38,48
35,post_landing,113,1896.0,61,191.353,504.370,-0.02374,0.00000,0.02374,-0.001180,-0.141244,0,1,3.64800,4219.988,2.161,14.000,19.233,25.173,42.708,67.741,0.000,0.000,0,2,2.1192,38,76,38,38,48
35,post_landing,114,1913.0,61,191.329,504.376,-0.02411,0.00000,0.02411,-0.001198,-0.142429,0,1,3.64800,4219.988,2.161,14.000,19.233,25.173,42.710,67.741,0.000,0.000,0,2,2.1192,38,76,38,38,48
35,post_landing,115,1930.0,61,191.307,504.378,-0.02416,0.00000,0.02416,-0.001201,-0.143563,0,1,3.64800,4219.988,2.161,14.000,19.234,23.336,42.712,67.741,0.000,0.000,0,2,2.1192,38,76,38,38,48
35,post_landing,116,1946.0,61,191.282,504.388,-0.02456,0.00000,0.02456,-0.001220,-0.144769,0,1,3.64800,4219.988,2.161,14.000,19.234,23.336,42.715,67.742,0.000,0.000,0,2,2.1192,38,76,38,38,48
35,post_landing,117,1963.0,61,191.258,504.395,-0.02494,0.00000,0.02494,-0.001239,-0.145994,0,1,3.64800,4219.988,2.161,14.000,19.234,23.337,42.717,67.742,0.000,0.000,0,2,2.1192,38,76,38,38,48
35,post_landing,118,1980.0,61,191.234,504.397,-0.02500,0.00000,0.02500,-0.001242,-0.147167,0,1,3.64800,4219.988,2.161,14.000,19.235,23.338,42.719,67.742,0.000,0.000,0,2,2.1192,38,76,38,38,48
35,post_landing,119,1996.0,61,191.209,504.407,-0.02541,0.00000,0.02541,-0.001263,-0.148414,0,1,3.64800,4219.988,2.161,14.000,19.235,23.339,42.721,67.742,0.000,0.000,0,2,2.1192,38,76,38,38,48
35,post_landing,120,2013.0,61,191.183,504.414,-0.02580,0.00000,0.02580,-0.001282,-0.149682,0,1,3.64800,4219.988,2.161,14.000,19.235,23.339,42.723,67.742,0.000,0.000,0,2,2.1192,38,76,38,38,48
36,falling,0,33.0,,195.000,97.029,0.00000,0.55000,0.55000,0.000000,0.000000,0,0,4.75600,2213.019,1.122,5.000,5.000,5.000,13.000,18.000,0.000,0.000,0,0,1.3877,63,126,63,63,48
36,falling,1,36.0,,195.000,97.137,0.00000,0.59851,0.59851,0.000000,0.000000,0,0,4.75600,2213.019,1.122,5.000,5.000,5.000,13.000,18.000,0.000,0.000,0,0,1.3877,63,126,63,63,48
36,falling,2,52.0,,195.000,97.959,0.00000,0.85656,0.85656,0.000000,0.000000,0,0,4.75600,2213.019,1.122,5.000,5.000,5.000,13.000,18.000,0.000,0.000,0,0,1.3877,63,126,63,63,48
36,falling,3,69.0,,195.000,99.108,0.00000,1.12679,1.12679,0.000000,0.000000,0,0,4.75600,2213.019,1.122,5.000,5.000,5.000,13.000,18.000,0.000,0.000,0,0,1.3877,63,126,63,63,48
36,falling,4,86.0,,195.000,100.529,0.00000,1.39288,1.39288,0.000000,0.000000,0,0,4.75600,2213.019,1.122,5.000,5.000,5.000,13.000,18.000,0.000,0.000,0,0,1.3877,63,126,63,63,48
36,falling,5,102.0,,195.000,102.103,0.00000,1.63949,1.63949,0.000000,0.000000,0,0,4.75600,2213.019,1.122,5.000,5.000,5.000,13.000,18.000,0.000,0.000,0,0,1.3877,63,126,63,63,48
36,falling,6,119.0,,195.000,104.039,0.00000,1.89774,1.89774,0.000000,0.000000,0,0,4.75600,2213.019,1.122,5.000,5.000,5.000,13.000,18.000,0.000,0.000,0,0,1.3877,63,126,63,63,48
36,falling,7,136.0,,195.000,106.234,0.00000,2.15204,2.15204,0.000000,0.000000,0,0,4.75600,2213.019,1.122,5.000,5.000,5.000,13.000,18.000,0.000,0.000,0,0,1.3877,63,126,63,63,48
36,falling,8,152.0,,195.000,108.526,0.00000,2.38772,2.38772,0.000000,0.000000,0,0,4.75600,2213.019,1.122,5.000,5.000,5.000,13.000,18.000,0.000,0.000,0,0,1.3877,63,126,63,63,48
36,falling,9,169.0,,195.000,111.213,0.00000,2.63452,2.63452,0.000000,0.000000,0,0,4.75600,2213.019,1.122,5.000,5.000,5.000,13.000,18.000,0.000,0.000,0,0,1.3877,63,126,63,63,48
36,falling,10,186.0,,195.000,114.148,0.00000,2.87754,2.87754,0.000000,0.000000,0,0,4.75600,2213.019,1.122,5.000,5.000,5.000,13.000,18.000,0.000,0.000,0,0,1.3877,63,126,63,63,48
36,falling,11,203.0,,195.000,117.127,0.00000,3.10277,3.10277,0.000000,0.000000,0,0,4.75600,2213.019,1.122,5.000,5.000,5.000,13.000,18.000,0.000,0.000,0,0,1.3877,63,126,63,63,48
36,falling,12,219.0,,195.000,120.532,0.00000,3.33864,3.33864,0.000000,0.000000,0,0,4.75600,2213.019,1.122,5.000,5.000,5.000,13.000,18.000,0.000,0.000,0,0,1.3877,63,126,63,63,48
36,falling,13,236.0,,195.000,124.175,0.00000,3.57089,3.57089,0.000000,0.000000,0,0,4.75600,2213.019,1.122,5.000,5.000,5.000,13.000,18.000,0.000,0.000,0,0,1.3877,63,126,63,63,48
36,falling,14,252.0,,195.000,127.809,0.00000,3.78613,3.78613,0.000000,0.000000,0,0,4.75600,2213.019,1.122,5.000,5.000,5.000,13.000,18.000,0.000,0.000,0,0,1.3877,63,126,63,63,48
36,falling,15,269.0,,195.000,131.901,0.00000,4.01154,4.01154,0.000000,0.000000,0,0,4.75600,2213.019,1.122,5.000,5.000,5.000,13.000,18.000,0.000,0.000,0,0,1.3877,63,126,63,63,48
36,falling,16,286.0,,195.000,136.219,0.00000,4.23350,4.23350,0.000000,0.000000,0,0,4.75600,2213.019,1.122,5.000,5.000,5.000,13.000,18.000,0.000,0.000,0,0,1.3877,63,126,63,63,48
36,falling,17,303.0,,195.000,140.481,0.00000,4.43920,4.43920,0.000000,0.000000,0,0,4.75600,2213.019,1.122,5.000,5.000,5.000,13.000,18.000,0.000,0.000,0,0,1.3877,63,126,63,63,48
36,falling,18,319.0,,195.000,145.229,0.00000,4.65461,4.65461,0.000000,0.000000,0,0,4.75600,2213.019,1.122,5.000,5.000,5.000,13.000,18.000,0.000,0.000,0,0,1.3877,63,126,63,63,48
36,falling,19,336.0,,195.000,150.193,0.00000,4.86673,4.86673,0.000000,0.000000,0,0,4.75600,2213.019,1.122,5.000,5.000,5.000,13.000,18.000,0.000,0.000,0,0,1.3877,63,126,63,63,48
36,falling,20,353.0,,195.000,155.053,0.00000,5.06332,5.06332,0.000000,0.000000,0,0,4.75600,2213.019,1.122,5.000,5.000,5.000,13.000,18.000,0.000,0.000,0,0,1.3877,63,126,63,63,48
36,falling,21,369.0,,195.000,160.428,0.00000,5.26918,5.26918,0.000000,0.000000,0,0,4.75600,2213.019,1.122,5.000,5.000,5.000,13.000,18.000,0.000,0.000,0,0,1.3877,63,126,63,63,48
36,falling,22,386.0,,195.000,166.009,0.00000,5.47190,5.47190,0.000000,0.000000,0,0,4.75600,2213.019,1.122,5.000,5.000,5.000,13.000,18.000,0.000,0.000,0,0,1.3877,63,126,63,63,48
36,falling,23,403.0,,195.000,171.443,0.00000,5.65977,5.65977,0.000000,0.000000,0,0,4.75600,2213.019,1.122,5.000,5.000,5.000,13.000,18.000,0.000,0.000,0,0,1.3877,63,126,63,63,48
36,falling,24,419.0,,195.000,177.416,0.00000,5.85651,5.85651,0.000000,0.000000,0,0,4.75600,2213.019,1.122,5.000,5.000,5.000,13.000,18.000,0.000,0.000,0,0,1.3877,63,126,63,63,48
36,falling,25,436.0,,195.000,183.588,0.00000,6.05024,6.05024,0.000000,0.000000,0,0,4.75600,2213.019,1.122,5.000,5.000,5.000,13.000,18.000,0.000,0.000,0,0,1.3877,63,126,63,63,48
36,falling,26,453.0,,195.000,189.568,0.00000,6.22978,6.22978,0.000000,0.000000,0,0,4.75600,2213.019,1.122,5.000,5.000,5.000,13.000,18.000,0.000,0.000,0,0,1.3877,63,126,63,63,48
36,falling,27,469.0,,195.000,196.114,0.00000,6.41780,6.41780,0.000000,0.000000,0,0,4.75600,2213.019,1.122,5.000,5.000,5.000,13.000,18.000,0.000,0.000,0,0,1.3877,63,126,63,63,48
36,falling,28,486.0,,195.000,202.849,0.00000,6.60294,6.60294,0.000000,0.000000,0,0,4.75600,2213.019,1.122,5.000,5.000,5.000,13.000,18.000,0.000,0.000,0,0,1.3877,63,126,63,63,48
36,falling,29,503.0,,195.000,209.353,0.00000,6.77452,6.77452,0.000000,0.000000,0,0,4.75600,2213.019,1.122,5.000,5.000,5.000,13.000,18.000,0.000,0.000,0,0,1.3877,63,126,63,63,48
36,falling,30,521.0,,195.000,216.875,0.00000,6.96477,6.96477,0.000000,0.000000,0,0,4.75600,2213.019,1.122,5.000,5.000,5.000,13.000,18.000,0.000,0.000,0,0,1.3877,63,126,63,63,48
36,falling,31,536.0,,195.000,223.721,0.00000,7.13115,7.13115,0.000000,0.000000,0,0,4.75600,2213.019,1.122,5.000,5.000,5.000,13.000,18.000,0.000,0.000,0,0,1.3877,63,126,63,63,48
36,falling,32,553.0,,195.000,230.724,0.00000,7.29513,7.29513,0.000000,0.000000,0,0,4.75600,2213.019,1.122,5.000,5.000,5.000,13.000,18.000,0.000,0.000,0,0,1.3877,63,126,63,63,48
36,falling,33,569.0,,195.000,238.340,0.00000,7.46684,7.46684,0.000000,0.000000,0,0,4.75600,2213.019,1.122,5.000,5.000,5.000,13.000,18.000,0.000,0.000,0,0,1.3877,63,126,63,63,48
36,falling,34,586.0,,195.000,246.129,0.00000,7.63594,7.63594,0.000000,0.000000,0,0,4.75600,2213.019,1.122,5.000,5.000,5.000,13.000,18.000,0.000,0.000,0,0,1.3877,63,126,63,63,48
36,falling,35,603.0,,195.000,253.610,0.00000,7.79264,7.79264,0.000000,0.000000,0,0,4.75600,2213.019,1.122,5.000,5.000,5.000,13.000,18.000,0.000,0.000,0,0,1.3877,63,126,63,63,48
36,falling,36,619.0,,195.000,261.726,0.00000,7.95675,7.95675,0.000000,0.000000,0,0,4.75600,2213.019,1.122,5.000,5.000,5.000,13.000,18.000,0.000,0.000,0,0,1.3877,63,126,63,63,48
36,falling,37,636.0,,195.000,270.006,0.00000,8.11835,8.11835,0.000000,0.000000,0,0,4.75600,2213.019,1.122,5.000,5.000,5.000,13.000,18.000,0.000,0.000,0,0,1.3877,63,126,63,63,48
36,falling,38,653.0,,195.000,277.944,0.00000,8.26811,8.26811,0.000000,0.000000,0,0,4.75600,2213.019,1.122,5.000,5.000,5.000,13.000,18.000,0.000,0.000,0,0,1.3877,63,126,63,63,48
36,falling,39,669.0,,195.000,286.537,0.00000,8.42494,8.42494,0.000000,0.000000,0,0,4.75600,2213.019,1.122,5.000,5.000,5.000,13.000,18.000,0.000,0.000,0,0,1.3877,63,126,63,63,48
36,falling,40,686.0,,195.000,295.288,0.00000,8.57937,8.57937,0.000000,0.000000,0,0,4.75600,2213.019,1.122,5.000,5.000,5.000,13.000,18.000,0.000,0.000,0,0,1.3877,63,126,63,63,48
36,falling,41,703.0,,195.000,303.662,0.00000,8.72249,8.72249,0.000000,0.000000,0,0,4.75600,2213.019,1.122,5.000,5.000,5.000,13.000,18.000,0.000,0.000,0,0,1.3877,63,126,63,63,48
36,falling,42,719.0,,195.000,312.712,0.00000,8.87237,8.87237,0.000000,0.000000,0,0,4.75600,2213.019,1.122,5.000,5.000,5.000,13.000,18.000,0.000,0.000,0,0,1.3877,63,126,63,63,48
36,falling,43,736.0,,195.000,321.912,0.00000,9.01996,9.01996,0.000000,0.000000,0,0,4.75600,2213.019,1.122,5.000,5.000,5.000,13.000,18.000,0.000,0.000,0,0,1.3877,63,126,63,63,48
36,falling,44,753.0,,195.000,330.703,0.00000,9.15674,9.15674,0.000000,0.000000,0,0,4.75600,2213.019,1.122,5.000,5.000,5.000,13.000,18.000,0.000,0.000,0,0,1.3877,63,126,63,63,48
36,falling,45,769.0,,195.000,340.188,0.00000,9.29997,9.29997,0.000000,0.000000,0,0,4.75600,2213.019,1.122,5.000,5.000,5.000,13.000,18.000,0.000,0.000,0,0,1.3877,63,126,63,63,48
36,falling,46,786.0,,195.000,349.818,0.00000,9.44102,9.44102,0.000000,0.000000,0,0,4.75600,2213.019,1.122,5.000,5.000,5.000,13.000,18.000,0.000,0.000,0,0,1.3877,63,126,63,63,48
36,falling,47,803.0,,195.000,359.007,0.00000,9.57173,9.57173,0.000000,0.000000,0,0,4.75600,2213.019,1.122,5.000,5.000,5.000,13.000,18.000,0.000,0.000,0,0,1.3877,63,126,63,63,48
36,falling,48,819.0,,195.000,368.910,0.00000,9.70862,9.70862,0.000000,0.000000,0,0,4.75600,2213.019,1.122,5.000,5.000,5.000,13.000,18.000,0.000,0.000,0,0,1.3877,63,126,63,63,48
36,falling,49,836.0,,195.000,378.950,0.00000,9.84341,9.84341,0.000000,0.000000,0,0,4.75600,2213.019,1.122,5.000,5.000,5.000,13.000,18.000,0.000,0.000,0,0,1.3877,63,126,63,63,48
36,falling,50,853.0,,195.000,388.520,0.00000,9.96833,9.96833,0.000000,0.000000,0,0,4.75600,2213.019,1.122,5.000,5.000,5.000,13.000,18.000,0.000,0.000,0,0,1.3877,63,126,63,63,48
36,falling,51,869.0,,195.000,398.821,0.00000,10.09915,10.09915,0.000000,0.000000,0,0,4.75600,2213.019,1.122,5.000,5.000,5.000,13.000,18.000,0.000,0.000,0,0,1.3877,63,126,63,63,48
36,falling,52,886.0,,195.000,409.254,0.00000,10.22797,10.22797,0.000000,0.000000,0,0,4.75600,2213.019,1.122,5.000,5.000,5.000,13.000,18.000,0.000,0.000,0,0,1.3877,63,126,63,63,48
36,falling,53,903.0,,195.000,419.187,0.00000,10.34735,10.34735,0.000000,0.000000,0,0,4.75600,2213.019,1.122,5.000,5.000,5.000,13.000,18.000,0.000,0.000,0,0,1.3877,63,126,63,63,48
36,falling,54,919.0,,195.000,429.869,0.00000,10.47237,10.47237,0.000000,0.000000,0,0,4.75600,2213.019,1.122,5.000,5.000,5.000,13.000,18.000,0.000,0.000,0,0,1.3877,63,126,63,63,48
36,falling,55,936.0,,195.000,440.676,0.00000,10.59548,10.59548,0.000000,0.000000,0,0,4.75600,2213.019,1.122,5.000,5.000,5.000,13.000,18.000,0.000,0.000,0,0,1.3877,63,126,63,63,48
36,falling,56,953.0,,195.000,450.957,0.00000,10.70957,10.70957,0.000000,0.000000,0,0,4.75600,2213.019,1.122,5.000,5.000,5.000,13.000,18.000,0.000,0.000,0,0,1.3877,63,126,63,63,48
36,falling,57,969.0,,195.000,462.003,0.00000,10.82904,10.82904,0.000000,0.000000,0,0,4.75600,2213.019,1.122,5.000,5.000,5.000,13.000,18.000,0.000,0.000,0,0,1.3877,63,126,63,63,48
36,falling,58,986.0,,195.000,473.169,0.00000,10.94669,10.94669,0.000000,0.000000,0,0,4.75600,2213.019,1.122,5.000,5.000,5.000,13.000,18.000,0.000,0.000,0,0,1.3877,63,126,63,63,48
36,post_landing,59,1003.0,59,195.000,481.540,3.43741,0.62502,3.49377,0.028358,0.000000,0,1,4.75600,2213.019,1.122,5.000,5.000,5.000,13.000,18.000,0.000,0.000,0,2,1.3877,63,126,63,63,48
36,post_landing,60,1020.0,59,198.453,481.571,2.84321,0.34154,2.86365,0.024538,0.028482,0,1,4.75600,2213.019,1.122,5.000,4.027,4.998,12.081,18.021,0.000,0.000,0,1,1.3877,63,126,63,63,48
36,post_landing,61,1036.0,59,201.308,482.055,2.35180,0.23547,2.36356,0.020589,0.053128,0,1,4.75600,2213.019,1.122,5.000,4.047,4.993,12.142,18.028,0.000,0.000,0,1,1.3877,63,126,63,63,48
36,post_landing,62,1054.0,59,203.533,482.458,1.64402,0.18952,1.65491,0.028345,0.072609,0,1,4.75600,2213.019,1.122,5.000,4.062,4.987,12.186,18.025,0.000,0.000,0,1,1.3877,63,126,63,63,48
36,post_landing,63,1069.0,59,205.185,482.938,1.61887,0.46996,1.68570,0.027911,0.101078,0,0,4.75600,2213.019,1.122,5.000,4.080,4.974,12.241,19.105,0.000,0.000,0,0,1.3877,63,126,63,63,48
36,post_landing,64,1086.0,59,206.811,483.696,1.37564,0.28352,1.40455,0.015948,0.129111,0,1,4.75600,2213.019,1.122,5.000,4.095,4.958,13.407,21.211,0.000,0.000,0,1,1.3877,63,126,63,63,48
36,post_landing,65,1103.0,59,208.112,484.057,1.09859,0.20752,1.11802,0.012852,0.144201,0,1,4.75600,2213.019,1.122,5.000,4.102,4.948,13.440,21.213,0.000,0.000,0,1,1.3877,63,126,63,63,48
36,post_landing,66,1120.0,59,209.216,484.368,0.86643,0.18532,0.88602,0.010616,0.157109,0,1,4.75600,2213.019,1.122,5.000,4.107,4.938,13.466,21.211,0.000,0.000,0,1,1.3877,63,126,63,63,48
36,post_landing,67,1136.0,59,210.086,484.629,0.69283,0.17701,0.71508,0.008210,0.167772,0,1,4.75600,2213.019,1.122,5.000,4.111,10.194,13.485,21.206,0.000,0.000,0,1,1.3877,63,126,63,63,48
36,post_landing,68,1153.0,59,210.782,484.835,0.62054,0.14050,0.63625,0.006081,0.176018,0,1,4.75600,2213.019,1.122,5.000,4.113,10.196,13.500,21.201,0.000,0.000,0,1,1.3877,63,126,63,63,48
36,post_landing,69,1169.0,59,211.369,484.975,0.55131,0.12113,0.56446,0.005281,0.181772,0,1,4.75600,2213.019,1.122,5.000,4.115,10.197,13.509,22.361,0.000,0.000,0,1,1.3877,63,126,63,63,48
36,post_landing,70,1186.0,59,211.923,485.112,0.46262,0.24169,0.52195,0.011024,0.187076,0,1,4.75600,2213.019,1.122,5.000,4.116,10.197,13.517,22.360,0.000,0.000,0,1,1.3877,63,126,63,63,48
36,post_landing,71,1203.0,59,212.360,485.371,0.40226,0.20331,0.45072,0.020601,0.197507,0,1,4.75600,2213.019,1.122,5.000,4.118,10.198,14.709,21.965,0.000,0.000,0,1,1.3877,63,126,63,63,48
36,post_landing,72,1220.0,59,212.764,485.890,0.40497,0.22718,0.46434,0.022241,0.218199,0,1,4.75600,2213.019,1.122,5.000,4.122,10.196,14.750,22.017,0.000,0.000,0,1,1.3877,63,126,63,63,48
36,post_landing,73,1236.0,59,213.171,486.428,0.39878,0.50703,0.64506,0.021900,0.240537,0,0,4.75600,2213.019,1.122,5.000,4.123,12.369,14.788,23.272,0.000,0.000,0,0,1.3877,63,126,63,63,48
36,post_landing,74,1253.0,59,213.548,487.062,0.41231,0.24015,0.47715,0.011033,0.261259,0,1,4.75600,2213.019,1.122,5.000,4.123,12.368,16.041,23.320,0.000,0.000,0,1,1.3877,63,126,63,63,48
36,post_landing,75,1270.0,59,213.963,487.380,0.40798,0.14286,0.43227,0.007363,0.272341,0,1,4.75600,2213.019,1.122,5.000,4.122,11.671,16.061,23.610,0.000,0.000,0,1,1.3877,63,126,63,63,48
36,post_landing,76,1286.0,59,214.372,487.590,0.37534,0.12776,0.39649,0.005367,0.279736,0,1,4.75600,2213.019,1.122,5.000,4.121,11.677,16.074,23.630,0.000,0.000,0,1,1.3877,63,126,63,63,48
36,post_landing,77,1303.0,59,214.749,487.746,0.34706,0.12027,0.36731,0.004618,0.285127,0,1,4.75600,2213.019,1.122,5.000,4.120,11.681,16.082,23.643,0.000,0.000,0,1,1.3877,63,126,63,63,48
36,post_landing,78,1320.0,59,215.078,487.868,0.31941,0.11152,0.33832,0.004356,0.289496,0,1,4.75600,2213.019,1.122,5.000,4.119,11.684,16.089,23.654,0.000,0.000,0,1,1.3877,63,126,63,63,48
36,post_landing,79,1336.0,59,215.399,487.998,0.30844,0.10911,0.32717,0.004155,0.293871,0,1,4.75600,2213.019,1.122,5.000,4.118,11.687,16.095,23.664,0.000,0.000,0,1,1.3877,63,126,63,63,48
36,post_landing,80,1353.0,59,215.690,488.108,0.29428,0.21422,0.36399,0.007529,0.297803,0,1,4.75600,2213.019,1.122,5.000,4.117,11.690,16.100,23.672,0.000,0.000,0,1,1.3877,63,126,63,63,48
36,post_landing,81,1370.0,59,215.986,488.332,0.29009,0.29323,0.41247,0.010546,0.305364,0,1,4.75600,2213.019,1.122,5.000,4.116,11.694,16.110,24.942,0.000,0.000,0,1,1.3877,63,126,63,63,48
36,post_landing,82,1386.0,59,216.277,488.643,0.29061,0.34638,0.45214,0.013165,0.315957,0,1,4.75600,2213.019,1.122,5.000,9.487,12.960,17.383,24.969,0.000,0.000,0,1,1.3877,63,126,63,63,48
36,post_landing,83,1403.0,59,216.552,489.008,0.31379,0.31754,0.44643,0.017668,0.328413,0,1,4.75600,2213.019,1.122,5.000,9.487,12.971,17.403,25.017,0.000,0.000,0,1,1.3877,63,126,63,63,48
36,post_landing,84,1420.0,59,216.867,489.536,0.33219,0.35177,0.48383,0.018646,0.346159,0,1,4.75600,2213.019,1.122,5.000,6.662,12.985,17.426,25.106,0.000,0.000,0,1,1.3877,63,126,63,63,48
36,post_landing,85,1436.0,59,217.201,490.112,0.34269,0.38881,0.51828,0.019224,0.364887,0,1,4.75600,2213.019,1.122,5.000,8.901,12.994,20.961,25.191,0.000,0.000,0,1,1.3877,63,126,63,63,48
36,post_landing,86,1453.0,59,217.525,490.681,0.34660,0.41570,0.54123,0.019411,0.383077,0,1,4.75600,2213.019,1.122,5.000,8.915,14.300,20.987,26.940,0.000,0.000,0,1,1.3877,63,126,63,63,48
36,post_landing,87,1470.0,59,217.873,491.308,0.34444,0.44865,0.56562,0.020008,0.402573,0,1,4.75600,2213.019,1.122,5.000,8.928,14.311,22.319,27.038,0.000,0.000,0,1,1.3877,63,126,63,63,48
36,post_landing,88,1486.0,59,218.219,491.962,0.33766,0.47824,0.58543,0.020557,0.422668,0,1,4.75600,2213.019,1.122,5.000,10.259,15.639,23.664,27.129,0.000,0.000,0,1,1.3877,63,126,63,63,48
36,post_landing,89,1503.0,59,218.539,492.603,0.32660,0.49853,0.59598,0.020643,0.442119,0,1,4.75600,2213.019,1.122,5.000,10.274,15.649,23.687,28.966,0.000,0.000,0,1,1.3877,63,126,63,63,48
36,post_landing,90,1520.0,59,218.867,493.309,0.52894,0.39624,0.66089,0.015819,0.462852,0,1,4.75600,2213.019,1.122,5.000,11.627,16.994,23.702,30.407,0.000,0.000,0,3,1.3877,63,126,63,63,48
36,post_landing,91,1536.0,59,219.398,493.780,0.53284,0.41324,0.67431,0.016190,0.478740,0,1,4.75600,2213.019,1.122,5.000,11.640,16.999,24.167,30.481,0.000,0.000,0,3,1.3877,63,126,63,63,48
36,post_landing,92,1553.0,59,219.902,494.227,0.52964,0.42481,0.67896,0.016347,0.494059,0,1,4.75600,2213.019,1.122,5.000,11.649,20.590,24.179,30.546,0.000,0.000,0,3,1.3877,63,126,63,63,48
36,post_landing,93,1570.0,59,220.434,494.770,0.53222,0.42792,0.68292,0.017131,0.510478,0,1,4.75600,2213.019,1.122,5.000,11.657,20.591,25.547,32.457,0.000,0.000,0,4,1.3877,63,126,63,63,48
36,post_landing,94,1586.0,59,220.969,495.178,0.53762,0.43730,0.69301,0.017200,0.527685,0,1,4.75600,2213.019,1.122,5.000,11.661,17.995,25.553,33.902,0.000,0.000,0,3,1.3877,63,126,63,63,48
36,post_landing,95,1603.0,59,221.478,495.614,0.52945,0.44567,0.69205,0.017247,0.543959,0,1,4.75600,2213.019,1.122,5.000,11.662,19.383,25.553,35.344,0.000,0.000,0,3,1.3877,63,126,63,63,48
36,post_landing,96,1619.0,59,222.009,496.098,0.52608,0.45935,0.69840,0.017483,0.561282,0,1,4.75600,2213.019,1.122,5.000,13.038,20.779,25.544,36.793,0.000,0.000,0,3,1.3877,63,126,63,63,48
36,post_landing,97,1636.0,59,222.538,496.593,0.52147,0.47255,0.70373,0.017695,0.578842,0,1,4.75600,2213.019,1.122,5.000,7.211,20.795,25.238,38.242,0.000,0.000,0,3,1.3877,63,126,63,63,48
36,post_landing,98,1653.0,59,223.031,497.067,0.52362,0.47773,0.70881,0.017303,0.595584,0,1,4.75600,2213.019,1.122,5.000,7.211,20.805,27.188,56.887,0.000,0.000,0,3,1.3877,63,126,63,63,48
36,post_landing,99,1670.0,59,223.557,497.643,0.51625,0.47704,0.70291,0.018258,0.612964,0,1,4.75600,2213.019,1.122,5.000,12.207,20.809,27.200,61.123,0.000,0.000,0,4,1.3877,63,126,63,63,48
36,post_landing,100,1686.0,59,224.076,498.172,0.50817,0.48837,0.70480,0.018395,0.631302,0,1,4.75600,2213.019,1.122,5.000,13.601,21.396,27.203,61.766,0.000,0.000,0,4,1.3877,63,126,63,63,48
36,post_landing,101,1703.0,59,224.556,498.674,0.49623,0.49338,0.69977,0.018313,0.648706,0,1,4.75600,2213.019,1.122,5.000,14.203,22.802,29.203,63.817,0.000,0.000,0,4,1.3877,63,126,63,63,48
36,post_landing,102,1720.0,59,225.055,499.282,0.52154,0.41608,0.66718,0.019867,0.667100,0,1,4.75600,2213.019,1.122,5.000,14.210,22.803,30.610,64.481,0.000,0.000,0,6,1.3877,63,126,63,63,48
36,post_landing,103,1736.0,59,225.579,499.811,0.51537,0.40051,0.65270,0.020061,0.687054,0,1,4.75600,2213.019,1.122,5.000,14.213,22.796,58.258,65.156,0.000,0.000,0,6,1.3877,63,126,63,63,48
36,post_landing,104,1753.0,59,226.066,500.316,0.50227,0.37980,0.62970,0.020040,0.706036,0,1,4.75600,2213.019,1.122,5.000,14.210,19.088,58.785,65.834,0.000,0.000,0,7,1.3877,63,126,63,63,48
36,post_landing,105,1770.0,59,226.571,500.832,0.48591,0.38467,0.61974,0.019903,0.726163,0,1,4.75600,2213.019,1.122,5.000,16.277,19.100,60.872,67.183,0.000,0.000,0,7,1.3877,63,126,63,63,48
36,post_landing,106,1786.0,59,227.059,501.311,0.47329,0.39015,0.61337,0.019765,0.746154,0,1,4.75600,2213.019,1.122,5.000,16.279,53.075,62.233,67.885,0.000,0.000,0,6,1.3877,63,126,63,63,48
36,post_landing,107,1803.0,59,227.507,501.549,0.45870,0.39238,0.60363,0.019490,0.764855,0,1,4.75600,2213.019,1.122,5.000,50.209,55.172,62.934,67.897,0.000,0.000,0,3,1.3877,63,126,63,63,48
36,post_landing,108,1820.0,59,227.967,501.988,0.08978,-0.04852,0.10205,0.003907,0.784431,0,1,4.75600,2213.019,1.122,5.000,52.326,55.154,63.640,68.589,0.000,0.000,0,8,1.3877,63,126,63,63,48
36,post_landing,109,1836.0,59,228.058,501.984,-0.00000,0.00000,0.00000,0.000000,0.788354,0,1,4.75600,2213.019,1.122,5.000,52.326,55.154,63.639,68.595,0.000,0.000,0,8,1.3877,63,126,63,63,48
36,post_landing,110,1853.0,59,228.058,501.983,-0.00012,0.00000,0.00012,0.000000,0.788354,0,1,4.75600,2213.019,1.122,5.000,52.326,55.154,63.639,68.595,0.000,0.000,0,8,1.3877,63,126,63,63,48
36,post_landing,111,1870.0,59,228.057,501.987,-0.00000,0.00000,0.00000,0.000000,0.788354,0,1,4.75600,2213.019,1.122,5.000,52.326,55.154,63.639,68.595,0.000,0.000,0,8,1.3877,63,126,63,63,48
36,post_landing,112,1886.0,59,228.057,501.988,0.00000,0.00000,0.00000,0.000000,0.788354,0,1,4.75600,2213.019,1.122,5.000,52.326,55.154,63.639,68.595,0.000,0.000,0,8,1.3877,63,126,63,63,48
36,post_landing,113,1903.0,59,228.057,501.984,0.00000,0.00000,0.00000,0.000000,0.788354,0,1,4.75600,2213.019,1.122,5.000,52.326,55.154,63.639,68.595,0.000,0.000,0,8,1.3877,63,126,63,63,48
36,post_landing,114,1920.0,59,228.057,501.987,-0.00000,0.00000,0.00000,0.000000,0.788354,0,1,4.75600,2213.019,1.122,5.000,52.326,55.154,63.639,68.595,0.000,0.000,0,8,1.3877,63,126,63,63,48
36,post_landing,115,1936.0,59,228.057,501.988,-0.00000,0.00000,0.00000,0.000000,0.788354,0,1,4.75600,2213.019,1.122,5.000,52.326,55.154,63.639,68.595,0.000,0.000,0,8,1.3877,63,126,63,63,48
36,post_landing,116,1953.0,59,228.057,501.984,0.00000,0.00000,0.00000,0.000000,0.788354,0,1,4.75600,2213.019,1.122,5.000,52.326,55.154,63.639,68.595,0.000,0.000,0,8,1.3877,63,126,63,63,48
36,post_landing,117,1970.0,59,228.057,501.987,-0.00000,0.00000,0.00000,0.000000,0.788354,0,1,4.75600,2213.019,1.122,5.000,52.326,55.154,63.639,68.595,0.000,0.000,0,8,1.3877,63,126,63,63,48
36,post_landing,118,1986.0,59,228.057,501.988,-0.00000,0.00000,0.00000,0.000000,0.788354,0,1,4.75600,2213.019,1.122,5.000,52.326,55.154,63.639,68.595,0.000,0.000,0,8,1.3877,63,126,63,63,48
37,falling,0,30.0,,195.000,97.029,0.00000,0.55000,0.55000,0.000000,0.000000,0,0,3.77600,957.905,2.374,13.000,13.000,14.000,23.000,27.000,0.000,0.000,0,0,1.5385,71,142,71,83,62
37,falling,1,32.0,,195.000,97.099,0.00000,0.58234,0.58234,0.000000,0.000000,0,0,3.77600,957.905,2.374,13.000,13.000,14.000,23.000,27.000,0.000,0.000,0,0,1.5385,71,142,71,83,62
37,falling,2,48.0,,195.000,97.841,0.00000,0.82448,0.82448,0.000000,0.000000,0,0,3.77600,957.905,2.374,13.000,13.000,14.000,23.000,27.000,0.000,0.000,0,0,1.5385,71,142,71,83,62
37,falling,3,64.0,,195.000,98.958,0.00000,1.09520,1.09520,0.000000,0.000000,0,0,3.77600,957.905,2.374,13.000,13.000,14.000,23.000,27.000,0.000,0.000,0,0,1.5385,71,142,71,83,62
37,falling,4,81.0,,195.000,100.347,0.00000,1.36178,1.36178,0.000000,0.000000,0,0,3.77600,957.905,2.374,13.000,13.000,14.000,23.000,27.000,0.000,0.000,0,0,1.5385,71,142,71,83,62
37,falling,5,98.0,,195.000,101.892,0.00000,1.60883,1.60883,0.000000,0.000000,0,0,3.77600,957.905,2.374,13.000,13.000,14.000,23.000,27.000,0.000,0.000,0,0,1.5385,71,142,71,83,62
37,falling,6,114.0,,195.000,103.796,0.00000,1.86755,1.86755,0.000000,0.000000,0,0,3.77600,957.905,2.374,13.000,13.000,14.000,23.000,27.000,0.000,0.000,0,0,1.5385,71,142,71,83,62
37,falling,7,131.0,,195.000,105.961,0.00000,2.12231,2.12231,0.000000,0.000000,0,0,3.77600,957.905,2.374,13.000,13.000,14.000,23.000,27.000,0.000,0.000,0,0,1.5385,71,142,71,83,62
37,falling,8,148.0,,195.000,108.225,0.00000,2.35842,2.35842,0.000000,0.000000,0,0,3.77600,957.905,2.374,13.000,13.000,14.000,23.000,27.000,0.000,0.000,0,0,1.5385,71,142,71,83,62
37,falling,9,164.0,,195.000,110.883,0.00000,2.60567,2.60567,0.000000,0.000000,0,0,3.77600,957.905,2.374,13.000,13.000,14.000,23.000,27.000,0.000,0.000,0,0,1.5385,71,142,71,83,62
37,falling,10,181.0,,195.000,113.789,0.00000,2.84913,2.84913,0.000000,0.000000,0,0,3.77600,957.905,2.374,13.000,13.000,14.000,23.000,27.000,0.000,0.000,0,0,1.5385,71,142,71,83,62
37,falling,11,198.0,,195.000,116.741,0.00000,3.07477,3.07477,0.000000,0.000000,0,0,3.77600,957.905,2.374,13.000,13.000,14.000,23.000,27.000,0.000,0.000,0,0,1.5385,71,142,71,83,62
37,falling,12,214.0,,195.000,120.118,0.00000,3.31106,3.31106,0.000000,0.000000,0,0,3.77600,957.905,2.374,13.000,13.000,14.000,23.000,27.000,0.000,0.000,0,0,1.5385,71,142,71,83,62
37,falling,13,231.0,,195.000,123.733,0.00000,3.54374,3.54374,0.000000,0.000000,0,0,3.77600,957.905,2.374,13.000,13.000,14.000,23.000,27.000,0.000,0.000,0,0,1.5385,71,142,71,83,62
37,falling,14,248.0,,195.000,127.342,0.00000,3.75937,3.75937,0.000000,0.000000,0,0,3.77600,957.905,2.374,13.000,13.000,14.000,23.000,27.000,0.000,0.000,0,0,1.5385,71,142,71,83,62
37,falling,15,264.0,,195.000,131.407,0.00000,3.98519,3.98519,0.000000,0.000000,0,0,3.77600,957.905,2.374,13.000,13.000,14.000,23.000,27.000,0.000,0.000,0,0,1.5385,71,142,71,83,62
37,falling,16,281.0,,195.000,135.698,0.00000,4.20755,4.20755,0.000000,0.000000,0,0,3.77600,957.905,2.374,13.000,13.000,14.000,23.000,27.000,0.000,0.000,0,0,1.5385,71,142,71,83,62
37,falling,17,298.0,,195.000,139.935,0.00000,4.41363,4.41363,0.000000,0.000000,0,0,3.77600,957.905,2.374,13.000,13.000,14.000,23.000,27.000,0.000,0.000,0,0,1.5385,71,142,71,83,62
37,falling,18,314.0,,195.000,144.658,0.00000,4.62943,4.62943,0.000000,0.000000,0,0,3.77600,957.905,2.374,13.000,13.000,14.000,23.000,27.000,0.000,0.000,0,0,1.5385,71,142,71,83,62
37,falling,19,331.0,,195.000,149.596,0.00000,4.84193,4.84193,0.000000,0.000000,0,0,3.77600,957.905,2.374,13.000,13.000,14.000,23.000,27.000,0.000,0.000,0,0,1.5385,71,142,71,83,62
37,falling,20,348.0,,195.000,154.434,0.00000,5.03888,5.03888,0.000000,0.000000,0,0,3.77600,957.905,2.374,13.000,13.000,14.000,23.000,27.000,0.000,0.000,0,0,1.5385,71,142,71,83,62
37,falling,21,364.0,,195.000,159.784,0.00000,5.24512,5.24512,0.000000,0.000000,0,0,3.77600,957.905,2.374,13.000,13.000,14.000,23.000,27.000,0.000,0.000,0,0,1.5385,71,142,71,83,62
37,falling,22,381.0,,195.000,165.341,0.00000,5.44820,5.44820,0.000000,0.000000,0,0,3.77600,957.905,2.374,13.000,13.000,14.000,23.000,27.000,0.000,0.000,0,0,1.5385,71,142,71,83,62
37,falling,23,398.0,,195.000,170.752,0.00000,5.63641,5.63641,0.000000,0.000000,0,0,3.77600,957.905,2.374,13.000,13.000,14.000,23.000,27.000,0.000,0.000,0,0,1.5385,71,142,71,83,62
37,falling,24,414.0,,195.000,176.702,0.00000,5.83351,5.83351,0.000000,0.000000,0,0,3.77600,957.905,2.374,13.000,13.000,14.000,23.000,27.000,0.000,0.000,0,0,1.5385,71,142,71,83,62
37,falling,25,431.0,,195.000,182.850,0.00000,6.02759,6.02759,0.000000,0.000000,0,0,3.77600,957.905,2.374,13.000,13.000,14.000,23.000,27.000,0.000,0.000,0,0,1.5385,71,142,71,83,62
37,falling,26,448.0,,195.000,188.809,0.00000,6.20746,6.20746,0.000000,0.000000,0,0,3.77600,957.905,2.374,13.000,13.000,14.000,23.000,27.000,0.000,0.000,0,0,1.5385,71,142,71,83,62
37,falling,27,464.0,,195.000,195.333,0.00000,6.39582,6.39582,0.000000,0.000000,0,0,3.77600,957.905,2.374,13.000,13.000,14.000,23.000,27.000,0.000,0.000,0,0,1.5385,71,142,71,83,62
37,falling,28,481.0,,195.000,202.046,0.00000,6.58129,6.58129,0.000000,0.000000,0,0,3.77600,957.905,2.374,13.000,13.000,14.000,23.000,27.000,0.000,0.000,0,0,1.5385,71,142,71,83,62
37,falling,29,498.0,,195.000,208.529,0.00000,6.75319,6.75319,0.000000,0.000000,0,0,3.77600,957.905,2.374,13.000,13.000,14.000,23.000,27.000,0.000,0.000,0,0,1.5385,71,142,71,83,62
37,falling,30,515.0,,195.000,215.601,0.00000,6.93320,6.93320,0.000000,0.000000,0,0,3.77600,957.905,2.374,13.000,13.000,14.000,23.000,27.000,0.000,0.000,0,0,1.5385,71,142,71,83,62
37,falling,31,531.0,,195.000,222.853,0.00000,7.11045,7.11045,0.000000,0.000000,0,0,3.77600,957.905,2.374,13.000,13.000,14.000,23.000,27.000,0.000,0.000,0,0,1.5385,71,142,71,83,62
37,falling,32,548.0,,195.000,230.284,0.00000,7.28500,7.28500,0.000000,0.000000,0,0,3.77600,957.905,2.374,13.000,13.000,14.000,23.000,27.000,0.000,0.000,0,0,1.5385,71,142,71,83,62
37,falling,33,564.0,,195.000,237.433,0.00000,7.44676,7.44676,0.000000,0.000000,0,0,3.77600,957.905,2.374,13.000,13.000,14.000,23.000,27.000,0.000,0.000,0,0,1.5385,71,142,71,83,62
37,falling,34,581.0,,195.000,245.202,0.00000,7.61616,7.61616,0.000000,0.000000,0,0,3.77600,957.905,2.374,13.000,13.000,14.000,23.000,27.000,0.000,0.000,0,0,1.5385,71,142,71,83,62
37,falling,35,598.0,,195.000,253.140,0.00000,7.78296,7.78296,0.000000,0.000000,0,0,3.77600,957.905,2.374,13.000,13.000,14.000,23.000,27.000,0.000,0.000,0,0,1.5385,71,142,71,83,62
37,falling,36,614.0,,195.000,260.760,0.00000,7.93756,7.93756,0.000000,0.000000,0,0,3.77600,957.905,2.374,13.000,13.000,14.000,23.000,27.000,0.000,0.000,0,0,1.5385,71,142,71,83,62
37,falling,37,631.0,,195.000,269.022,0.00000,8.09945,8.09945,0.000000,0.000000,0,0,3.77600,957.905,2.374,13.000,13.000,14.000,23.000,27.000,0.000,0.000,0,0,1.5385,71,142,71,83,62
37,falling,38,648.0,,195.000,277.446,0.00000,8.25886,8.25886,0.000000,0.000000,0,0,3.77600,957.905,2.374,13.000,13.000,14.000,23.000,27.000,0.000,0.000,0,0,1.5385,71,142,71,83,62
37,falling,39,664.0,,195.000,285.516,0.00000,8.40660,8.40660,0.000000,0.000000,0,0,3.77600,957.905,2.374,13.000,13.000,14.000,23.000,27.000,0.000,0.000,0,0,1.5385,71,142,71,83,62
37,falling,40,681.0,,195.000,294.249,0.00000,8.56131,8.56131,0.000000,0.000000,0,0,3.77600,957.905,2.374,13.000,13.000,14.000,23.000,27.000,0.000,0.000,0,0,1.5385,71,142,71,83,62
37,falling,41,698.0,,195.000,303.136,0.00000,8.71365,8.71365,0.000000,0.000000,0,0,3.77600,957.905,2.374,13.000,13.000,14.000,23.000,27.000,0.000,0.000,0,0,1.5385,71,142,71,83,62
37,falling,42,714.0,,195.000,311.637,0.00000,8.85484,8.85484,0.000000,0.000000,0,0,3.77600,957.905,2.374,13.000,13.000,14.000,23.000,27.000,0.000,0.000,0,0,1.5385,71,142,71,83,62
37,falling,43,731.0,,195.000,320.820,0.00000,9.00270,9.00270,0.000000,0.000000,0,0,3.77600,957.905,2.374,13.000,13.000,14.000,23.000,27.000,0.000,0.000,0,0,1.5385,71,142,71,83,62
37,falling,44,748.0,,195.000,330.151,0.00000,9.14829,9.14829,0.000000,0.000000,0,0,3.77600,957.905,2.374,13.000,13.000,14.000,23.000,27.000,0.000,0.000,0,0,1.5385,71,142,71,83,62
37,falling,45,764.0,,195.000,339.063,0.00000,9.28322,9.28322,0.000000,0.000000,0,0,3.77600,957.905,2.374,13.000,13.000,14.000,23.000,27.000,0.000,0.000,0,0,1.5385,71,142,71,83,62
37,falling,46,781.0,,195.000,348.676,0.00000,9.42452,9.42452,0.000000,0.000000,0,0,3.77600,957.905,2.374,13.000,13.000,14.000,23.000,27.000,0.000,0.000,0,0,1.5385,71,142,71,83,62
37,falling,47,798.0,,195.000,358.431,0.00000,9.56366,9.56366,0.000000,0.000000,0,0,3.77600,957.905,2.374,13.000,13.000,14.000,23.000,27.000,0.000,0.000,0,0,1.5385,71,142,71,83,62
37,falling,48,814.0,,195.000,367.736,0.00000,9.69261,9.69261,0.000000,0.000000,0,0,3.77600,957.905,2.374,13.000,13.000,14.000,23.000,27.000,0.000,0.000,0,0,1.5385,71,142,71,83,62
37,falling,49,831.0,,195.000,377.760,0.00000,9.82765,9.82765,0.000000,0.000000,0,0,3.77600,957.905,2.374,13.000,13.000,14.000,23.000,27.000,0.000,0.000,0,0,1.5385,71,142,71,83,62
37,falling,50,848.0,,195.000,387.920,0.00000,9.96062,9.96062,0.000000,0.000000,0,0,3.77600,957.905,2.374,13.000,13.000,14.000,23.000,27.000,0.000,0.000,0,0,1.5385,71,142,71,83,62
37,falling,51,864.0,,195.000,397.600,0.00000,10.08385,10.08385,0.000000,0.000000,0,0,3.77600,957.905,2.374,13.000,13.000,14.000,23.000,27.000,0.000,0.000,0,0,1.5385,71,142,71,83,62
37,falling,52,881.0,,195.000,408.018,0.00000,10.21290,10.21290,0.000000,0.000000,0,0,3.77600,957.905,2.374,13.000,13.000,14.000,23.000,27.000,0.000,0.000,0,0,1.5385,71,142,71,83,62
37,falling,53,898.0,,195.000,418.564,0.00000,10.33998,10.33998,0.000000,0.000000,0,0,3.77600,957.905,2.374,13.000,13.000,14.000,23.000,27.000,0.000,0.000,0,0,1.5385,71,142,71,83,62
37,falling,54,914.0,,195.000,428.604,0.00000,10.45775,10.45775,0.000000,0.000000,0,0,3.77600,957.905,2.374,13.000,13.000,14.000,23.000,27.000,0.000,0.000,0,0,1.5385,71,142,71,83,62
37,falling,55,932.0,,195.000,439.396,0.00000,10.58108,10.58108,0.000000,0.000000,0,0,3.77600,957.905,2.374,13.000,13.000,14.000,23.000,27.000,0.000,0.000,0,0,1.5385,71,142,71,83,62
37,falling,56,948.0,,195.000,449.664,0.00000,10.69538,10.69538,0.000000,0.000000,0,0,3.77600,957.905,2.374,13.000,13.000,14.000,23.000,27.000,0.000,0.000,0,0,1.5385,71,142,71,83,62
37,falling,57,964.0,,195.000,460.695,0.00000,10.81507,10.81507,0.000000,0.000000,0,0,3.77600,957.905,2.374,13.000,13.000,14.000,23.000,27.000,0.000,0.000,0,0,1.5385,71,142,71,83,62
37,falling,58,981.0,,195.000,471.847,0.00000,10.93293,10.93293,0.000000,0.000000,0,0,3.77600,957.905,2.374,13.000,13.000,14.000,23.000,27.000,0.000,0.000,0,0,1.5385,71,142,71,83,62
37,post_landing,59,998.0,59,195.000,479.679,-3.29619,0.44302,3.32582,0.050692,0.000000,0,1,3.77600,957.905,2.374,13.000,13.000,14.000,23.000,27.000,0.000,0.000,0,4,1.5385,71,142,71,83,62
37,post_landing,60,1015.0,59,191.689,478.784,-3.31291,-0.92430,3.43943,-0.031667,0.050915,0,1,3.77600,957.905,2.374,13.000,12.035,14.033,14.135,26.914,0.000,0.000,0,4,1.5385,71,142,71,83,62
37,post_landing,61,1031.0,59,188.362,478.145,-3.26222,-0.62682,3.32189,-0.031183,0.019109,0,0,3.77600,957.905,2.374,13.000,12.017,14.017,14.055,26.976,0.000,0.000,0,0,1.5385,71,142,71,83,62
37,post_landing,62,1048.0,59,185.085,477.804,-3.21231,-0.33390,3.22961,-0.030706,-0.012211,0,0,3.77600,957.905,2.374,13.000,10.011,13.011,23.023,27.071,0.000,0.000,0,0,1.5385,71,142,71,83,62
37,post_landing,63,1064.0,59,182.046,477.744,-3.16605,-0.06243,3.16667,-0.030263,-0.041264,0,0,3.77600,957.905,2.374,13.000,10.033,13.030,23.063,27.225,0.000,0.000,0,0,1.5385,71,142,71,83,62
37,post_landing,64,1081.0,59,178.866,477.971,-3.11761,0.22186,3.12549,-0.029800,-0.071661,0,0,3.77600,957.905,2.374,13.000,10.046,13.038,27.146,27.360,0.000,0.000,0,0,1.5385,71,142,71,83,62
37,post_landing,65,1098.0,59,175.735,478.483,-3.06991,0.50180,3.11065,-0.029344,-0.101592,0,0,3.77600,957.905,2.374,13.000,10.050,10.151,27.165,27.469,0.000,0.000,0,0,1.5385,71,142,71,83,62
37,post_landing,66,1115.0,59,172.830,479.213,-3.02570,0.76124,3.12000,-0.028922,-0.129357,0,0,3.77600,957.905,2.374,13.000,4.096,10.174,27.161,27.548,0.000,0.000,0,0,1.5385,71,142,71,83,62
37,post_landing,67,1131.0,59,169.791,480.267,-2.97941,1.03293,3.15338,-0.028479,-0.158406,0,0,3.77600,957.905,2.374,13.000,4.108,10.190,26.305,27.608,0.000,0.000,0,0,1.5385,71,142,71,83,62
37,post_landing,68,1148.0,59,166.798,481.431,-2.83419,0.37577,2.85900,-0.015265,-0.187011,0,1,3.77600,957.905,2.374,13.000,4.116,10.197,26.290,27.645,0.000,0.000,0,1,1.5385,71,142,71,83,62
37,post_landing,69,1165.0,59,164.117,481.694,-2.43102,0.16944,2.43691,-0.025418,-0.201454,0,1,3.77600,957.905,2.374,13.000,4.119,19.416,26.275,27.655,0.000,0.000,0,1,1.5385,71,142,71,83,62
37,post_landing,70,1181.0,59,161.675,482.135,-2.02436,0.17107,2.03157,-0.025992,-0.226983,0,1,3.77600,957.905,2.374,13.000,4.122,22.561,26.233,27.658,0.000,0.000,0,1,1.5385,71,142,71,83,62
37,post_landing,71,1198.0,59,159.642,482.632,-1.58008,0.17168,1.58938,-0.030622,-0.253089,0,1,3.77600,957.905,2.374,13.000,4.123,17.710,26.173,27.642,0.000,0.000,0,1,1.5385,71,142,71,83,62
37,post_landing,72,1214.0,59,158.147,483.079,-1.55733,0.43587,1.61718,-0.030181,-0.282063,0,0,3.77600,957.905,2.374,13.000,17.720,17.720,24.318,27.756,0.000,0.000,0,0,1.5385,71,142,71,83,62
37,post_landing,73,1231.0,59,156.583,483.828,-1.53350,0.71254,1.69096,-0.029719,-0.312376,0,0,3.77600,957.905,2.374,13.000,17.714,17.714,24.346,27.815,0.000,0.000,0,0,1.5385,71,142,71,83,62
37,post_landing,74,1248.0,59,155.042,484.565,-1.55585,0.11149,1.55984,-0.012849,-0.342225,0,1,3.77600,957.905,2.374,13.000,14.866,17.692,24.351,31.345,0.000,0.000,0,2,1.5385,71,142,71,83,62
37,post_landing,75,1265.0,59,153.570,484.748,-1.42351,0.07132,1.42530,-0.009377,-0.354383,0,1,3.77600,957.905,2.374,13.000,14.865,17.679,24.347,31.362,0.000,0.000,0,2,1.5385,71,142,71,83,62
37,post_landing,76,1281.0,59,152.141,484.904,-0.96251,0.13435,0.97184,-0.026894,-0.363801,0,1,3.77600,957.905,2.374,13.000,14.863,17.667,24.341,31.372,0.000,0.000,0,2,1.5385,71,142,71,83,62
37,post_landing,77,1298.0,59,151.174,485.012,-0.61818,0.06881,0.62200,-0.032295,-0.390813,0,1,3.77600,957.905,2.374,13.000,14.849,17.623,23.389,31.385,0.000,0.000,0,1,1.5385,71,142,71,83,62
37,post_landing,78,1315.0,59,150.589,485.309,-0.42654,0.05645,0.43026,-0.025960,-0.421370,0,1,3.77600,957.905,2.374,13.000,4.059,14.820,18.785,32.190,0.000,0.000,0,1,1.5385,71,142,71,83,62
37,post_landing,79,1331.0,59,150.160,485.611,-0.48212,0.08383,0.48935,-0.007626,-0.447444,0,1,3.77600,957.905,2.374,13.000,4.039,14.785,18.788,32.202,0.000,0.000,0,1,1.5385,71,142,71,83,62
37,post_landing,80,1348.0,59,149.676,485.720,-0.78105,-0.31610,0.84259,-0.002459,-0.455103,0,1,3.77600,957.905,2.374,13.000,4.032,14.773,18.786,32.202,0.000,0.000,0,1,1.5385,71,142,71,83,62
37,post_landing,81,1365.0,59,148.937,485.677,-0.76980,-0.04488,0.77111,-0.002424,-0.457430,0,0,3.77600,957.905,2.374,13.000,4.030,14.769,18.785,32.202,0.000,0.000,0,0,1.5385,71,142,71,83,62
37,post_landing,82,1381.0,59,148.164,485.770,-1.19567,0.09087,1.19911,0.029027,-0.459864,0,1,3.77600,957.905,2.374,13.000,4.028,14.765,18.785,32.201,0.000,0.000,0,1,1.5385,71,142,71,83,62
37,post_landing,83,1398.0,59,146.963,485.818,-1.19977,0.01638,1.19988,0.010317,-0.430709,0,1,3.77600,957.905,2.374,13.000,4.052,14.809,18.788,32.197,0.000,0.000,0,2,1.5385,71,142,71,83,62
37,post_landing,84,1415.0,59,145.828,485.692,-0.99220,-0.52184,1.12107,-0.033286,-0.420948,0,1,3.77600,957.905,2.374,13.000,4.059,14.821,18.785,32.189,0.000,0.000,0,2,1.5385,71,142,71,83,62
37,post_landing,85,1431.0,59,144.831,485.457,-0.97702,-0.23052,1.00385,-0.032777,-0.454381,0,0,3.77600,957.905,2.374,13.000,4.033,14.774,18.786,32.202,0.000,0.000,0,0,1.5385,71,142,71,83,62
37,post_landing,86,1448.0,59,143.850,485.515,-0.96208,0.05634,0.96372,-0.032276,-0.487302,0,0,3.77600,957.905,2.374,13.000,4.003,5.770,18.767,29.997,0.000,0.000,0,0,1.5385,71,142,71,83,62
37,post_landing,87,1465.0,59,142.940,485.824,-0.94822,0.32219,1.00147,-0.031811,-0.517840,0,0,3.77600,957.905,2.374,13.000,0.000,3.971,16.125,30.016,0.000,0.000,0,0,1.5385,71,142,71,83,62
37,post_landing,88,1481.0,59,141.987,486.437,-0.93371,0.60060,1.11020,-0.031324,-0.549791,0,0,3.77600,957.905,2.374,13.000,0.000,3.933,16.117,30.006,0.000,0.000,0,0,1.5385,71,142,71,83,62
37,post_landing,89,1498.0,59,141.050,487.329,-0.91943,0.87474,1.26906,-0.030845,-0.581253,0,0,3.77600,957.905,2.374,13.000,0.000,3.892,16.093,31.064,0.000,0.000,0,0,1.5385,71,142,71,83,62
37,post_landing,90,1515.0,59,140.180,488.041,-1.28021,0.19535,1.29503,-0.005686,-0.610437,0,1,3.77600,957.905,2.374,13.000,0.000,3.851,16.057,33.342,0.000,0.000,0,1,1.5385,71,142,71,83,62
37,post_landing,91,1531.0,59,138.894,488.144,-0.97933,0.10241,0.98467,-0.020330,-0.616149,0,1,3.77600,957.905,2.374,13.000,0.000,3.842,7.208,33.355,0.000,0.000,0,1,1.5385,71,142,71,83,62
37,post_landing,92,1548.0,59,137.910,488.488,-0.80994,0.08856,0.81477,-0.018547,-0.636568,0,1,3.77600,957.905,2.374,13.000,0.000,3.811,7.203,33.391,0.000,0.000,0,1,1.5385,71,142,71,83,62
37,post_landing,93,1565.0,59,137.144,488.811,-0.67887,0.08271,0.68389,-0.016016,-0.654117,0,1,3.77600,957.905,2.374,13.000,0.000,3.783,7.195,33.411,0.000,0.000,0,1,1.5385,71,142,71,83,62
37,post_landing,94,1581.0,59,136.462,489.126,-0.58219,0.06256,0.58554,-0.015674,-0.670203,0,1,3.77600,957.905,2.374,13.000,0.000,3.756,7.187,35.446,0.000,0.000,0,1,1.5385,71,142,71,83,62
37,post_landing,95,1598.0,59,135.877,489.435,-0.50687,0.05640,0.51000,-0.014764,-0.685946,0,1,3.77600,957.905,2.374,13.000,0.000,3.729,7.177,35.461,0.000,0.000,0,1,1.5385,71,142,71,83,62
37,post_landing,96,1615.0,59,135.398,489.714,-0.44484,0.12077,0.46095,-0.024396,-0.699915,0,1,3.77600,957.905,2.374,13.000,0.000,3.704,7.166,35.468,0.000,0.000,0,1,1.5385,71,142,71,83,62
37,post_landing,97,1631.0,59,134.951,490.125,-0.43804,0.40226,0.59472,-0.024022,-0.724418,0,0,3.77600,957.905,2.374,13.000,0.000,3.658,7.144,37.536,0.000,0.000,0,0,1.5385,71,142,71,83,62
37,post_landing,98,1648.0,59,134.511,490.749,-0.52955,0.12361,0.54379,-0.016159,-0.748546,0,1,3.77600,957.905,2.374,13.000,0.000,3.611,7.118,38.210,0.000,0.000,0,1,1.5385,71,142,71,83,62
37,post_landing,99,1665.0,59,134.010,491.083,-0.44034,0.10400,0.45245,-0.013596,-0.763836,0,1,3.77600,957.905,2.374,13.000,0.000,0.000,7.100,36.039,0.000,0.000,0,1,1.5385,71,142,71,83,62
37,post_landing,100,1681.0,59,133.568,491.396,-0.36173,0.09029,0.37283,-0.013606,-0.777491,0,1,3.77600,957.905,2.374,13.000,0.000,0.000,7.082,38.171,0.000,0.000,0,1,1.5385,71,142,71,83,62
37,post_landing,101,1698.0,59,133.204,491.709,-0.30834,0.08320,0.31937,-0.012880,-0.791157,0,1,3.77600,957.905,2.374,13.000,0.000,0.000,7.063,38.191,0.000,0.000,0,1,1.5385,71,142,71,83,62
37,post_landing,102,1715.0,59,132.912,491.991,-0.27024,0.08061,0.28200,-0.011443,-0.803344,0,1,3.77600,957.905,2.374,13.000,0.000,0.000,7.045,38.203,0.000,0.000,0,1,1.5385,71,142,71,83,62
37,post_landing,103,1731.0,59,132.641,492.268,-0.24373,0.08223,0.25723,-0.010840,-0.814837,0,1,3.77600,957.905,2.374,13.000,0.000,0.000,7.026,38.209,0.000,0.000,0,1,1.5385,71,142,71,83,62
37,post_landing,104,1748.0,59,132.396,492.531,-0.24291,0.17177,0.29750,-0.017426,-0.825725,0,1,3.77600,957.905,2.374,13.000,0.000,0.000,7.008,38.210,0.000,0.000,0,1,1.5385,71,142,71,83,62
37,post_landing,105,1765.0,59,132.166,492.926,-0.30033,0.22625,0.37601,-0.017529,-0.842213,0,1,3.77600,957.905,2.374,13.000,0.000,2.238,22.671,53.148,0.000,0.000,0,1,1.5385,71,142,71,83,62
37,post_landing,106,1781.0,59,131.865,493.370,-0.34028,0.28473,0.44369,-0.018729,-0.859819,0,1,3.77600,957.905,2.374,13.000,0.000,2.273,22.670,55.317,0.000,0.000,0,1,1.5385,71,142,71,83,62
37,post_landing,107,1798.0,59,131.523,493.849,-0.36976,0.33256,0.49731,-0.020346,-0.878631,0,1,3.77600,957.905,2.374,13.000,0.000,2.310,24.839,56.850,0.000,0.000,0,1,1.5385,71,142,71,83,62
37,post_landing,108,1815.0,59,131.173,494.345,-0.38877,0.37048,0.53703,-0.021220,-0.897881,0,1,3.77600,957.905,2.374,13.000,0.000,2.346,25.771,56.846,0.000,0.000,0,1,1.5385,71,142,71,83,62
37,post_landing,109,1831.0,59,130.783,494.912,-0.39969,0.41575,0.57672,-0.022358,-0.919195,0,1,3.77600,957.905,2.374,13.000,0.000,2.385,26.589,57.801,0.000,0.000,0,1,1.5385,71,142,71,83,62
37,post_landing,110,1848.0,59,130.381,495.519,-0.40357,0.45584,0.60881,-0.023465,-0.941651,0,1,3.77600,957.905,2.374,13.000,0.000,2.426,46.024,52.052,0.000,0.000,0,1,1.5385,71,142,71,83,62
37,post_landing,111,1865.0,59,129.999,496.129,-0.40024,0.48575,0.62940,-0.023879,-0.963853,0,1,3.77600,957.905,2.374,13.000,0.000,18.276,46.042,52.933,0.000,0.000,0,1,1.5385,71,142,71,83,62
37,post_landing,112,1881.0,59,129.597,496.808,-0.38923,0.52428,0.65296,-0.024689,-0.987837,0,1,3.77600,957.905,2.374,13.000,0.000,40.780,47.706,54.101,0.000,0.000,0,1,1.5385,71,142,71,83,62
37,post_landing,113,1898.0,59,129.206,497.522,-0.37207,0.55876,0.67131,-0.025491,-1.012634,0,1,3.77600,957.905,2.374,13.000,43.036,44.733,50.244,54.167,0.000,0.000,0,1,1.5385,71,142,71,83,62
37,post_landing,114,1915.0,59,128.854,498.113,-0.08696,-0.03008,0.09202,-0.003170,-1.036754,0,1,3.77600,957.905,2.374,13.000,43.046,44.768,51.968,54.199,0.000,0.000,0,3,1.5385,71,142,71,83,62
37,post_landing,115,1931.0,59,128.767,498.125,0.21954,0.07649,0.23248,-0.018892,-1.039937,0,1,3.77600,957.905,2.374,13.000,43.046,44.771,51.970,54.201,0.000,0.000,0,3,1.5385,71,142,71,83,62
37,post_landing,116,1948.0,59,128.988,497.823,0.10863,-0.02934,0.11252,0.007108,-1.058913,0,1,3.77600,957.905,2.374,13.000,2.233,44.777,49.136,54.201,0.000,0.000,0,2,1.5385,71,142,71,83,62
37,post_landing,117,1965.0,59,129.090,497.865,0.13794,0.03539,0.14241,0.009246,-1.052187,0,1,3.77600,957.905,2.374,13.000,43.040,44.777,51.970,54.203,0.000,0.000,0,2,1.5385,71,142,71,83,62
37,post_landing,118,1981.0,59,129.229,497.980,0.18835,0.05408,0.19596,0.011331,-1.042900,0,1,3.77600,957.905,2.374,13.000,43.045,44.773,51.971,54.202,0.000,0.000,0,2,1.5385,71,142,71,83,62
