piece,phase,frame,time_ms,landing_frame,x,y,velocity_x,velocity_y,speed,angular_velocity,angle,sleeping,ground_contact,mass,inertia,com_offset_px,footprint_width_px,aspect_ratio,physics_parts,triangles,regions,raw_regions,contour_vertices
1,falling,0,0.0,,195.000,97.029,0.00000,0.55000,0.55000,0.000000,0.000000,0,0,4.34800,1775.255,7.415,3.000,1.0110,88,176,88,91,83
1,falling,1,13.0,,195.000,97.622,0.00000,0.76023,0.76023,0.000000,0.000000,0,0,4.34800,1775.255,7.415,3.000,1.0110,88,176,88,91,83
1,falling,2,14.0,,195.000,97.669,0.00000,0.77621,0.77621,0.000000,0.000000,0,0,4.34800,1775.255,7.415,3.000,1.0110,88,176,88,91,83
1,falling,3,31.0,,195.000,98.737,0.00000,1.04767,1.04767,0.000000,0.000000,0,0,4.34800,1775.255,7.415,3.000,1.0110,88,176,88,91,83
1,falling,4,48.0,,195.000,100.078,0.00000,1.31498,1.31498,0.000000,0.000000,0,0,4.34800,1775.255,7.415,3.000,1.0110,88,176,88,91,83
1,falling,5,64.0,,195.000,101.579,0.00000,1.56271,1.56271,0.000000,0.000000,0,0,4.34800,1775.255,7.415,3.000,1.0110,88,176,88,91,83
1,falling,6,81.0,,195.000,103.437,0.00000,1.82213,1.82213,0.000000,0.000000,0,0,4.34800,1775.255,7.415,3.000,1.0110,88,176,88,91,83
1,falling,7,98.0,,195.000,105.556,0.00000,2.07759,2.07759,0.000000,0.000000,0,0,4.34800,1775.255,7.415,3.000,1.0110,88,176,88,91,83
1,falling,8,115.0,,195.000,107.778,0.00000,2.31433,2.31433,0.000000,0.000000,0,0,4.34800,1775.255,7.415,3.000,1.0110,88,176,88,91,83
1,falling,9,131.0,,195.000,110.392,0.00000,2.56226,2.56226,0.000000,0.000000,0,0,4.34800,1775.255,7.415,3.000,1.0110,88,176,88,91,83
1,falling,10,148.0,,195.000,113.254,0.00000,2.80639,2.80639,0.000000,0.000000,0,0,4.34800,1775.255,7.415,3.000,1.0110,88,176,88,91,83
1,falling,11,164.0,,195.000,116.165,0.00000,3.03264,3.03264,0.000000,0.000000,0,0,4.34800,1775.255,7.415,3.000,1.0110,88,176,88,91,83
1,falling,12,181.0,,195.000,119.500,0.00000,3.26958,3.26958,0.000000,0.000000,0,0,4.34800,1775.255,7.415,3.000,1.0110,88,176,88,91,83
1,falling,13,198.0,,195.000,123.073,0.00000,3.50289,3.50289,0.000000,0.000000,0,0,4.34800,1775.255,7.415,3.000,1.0110,88,176,88,91,83
1,falling,14,216.0,,195.000,127.119,0.00000,3.74614,3.74614,0.000000,0.000000,0,0,4.34800,1775.255,7.415,3.000,1.0110,88,176,88,91,83
1,falling,15,231.0,,195.000,130.670,0.00000,3.94557,3.94557,0.000000,0.000000,0,0,4.34800,1775.255,7.415,3.000,1.0110,88,176,88,91,83
1,falling,16,248.0,,195.000,134.922,0.00000,4.16853,4.16853,0.000000,0.000000,0,0,4.34800,1775.255,7.415,3.000,1.0110,88,176,88,91,83
1,falling,17,265.0,,195.000,139.122,0.00000,4.37517,4.37517,0.000000,0.000000,0,0,4.34800,1775.255,7.415,3.000,1.0110,88,176,88,91,83
1,falling,18,281.0,,195.000,143.806,0.00000,4.59157,4.59157,0.000000,0.000000,0,0,4.34800,1775.255,7.415,3.000,1.0110,88,176,88,91,83
1,falling,19,298.0,,195.000,148.706,0.00000,4.80465,4.80465,0.000000,0.000000,0,0,4.34800,1775.255,7.415,3.000,1.0110,88,176,88,91,83
1,falling,20,315.0,,195.000,153.508,0.00000,5.00213,5.00213,0.000000,0.000000,0,0,4.34800,1775.255,7.415,3.000,1.0110,88,176,88,91,83
1,falling,21,331.0,,195.000,158.822,0.00000,5.20893,5.20893,0.000000,0.000000,0,0,4.34800,1775.255,7.415,3.000,1.0110,88,176,88,91,83
1,falling,22,348.0,,195.000,164.342,0.00000,5.41257,5.41257,0.000000,0.000000,0,0,4.34800,1775.255,7.415,3.000,1.0110,88,176,88,91,83
1,falling,23,365.0,,195.000,169.720,0.00000,5.60129,5.60129,0.000000,0.000000,0,0,4.34800,1775.255,7.415,3.000,1.0110,88,176,88,91,83
1,falling,24,381.0,,195.000,175.635,0.00000,5.79892,5.79892,0.000000,0.000000,0,0,4.34800,1775.255,7.415,3.000,1.0110,88,176,88,91,83
1,falling,25,398.0,,195.000,181.748,0.00000,5.99353,5.99353,0.000000,0.000000,0,0,4.34800,1775.255,7.415,3.000,1.0110,88,176,88,91,83
1,falling,26,415.0,,195.000,187.675,0.00000,6.17389,6.17389,0.000000,0.000000,0,0,4.34800,1775.255,7.415,3.000,1.0110,88,176,88,91,83
1,falling,27,431.0,,195.000,194.165,0.00000,6.36277,6.36277,0.000000,0.000000,0,0,4.34800,1775.255,7.415,3.000,1.0110,88,176,88,91,83
1,falling,28,448.0,,195.000,200.845,0.00000,6.54875,6.54875,0.000000,0.000000,0,0,4.34800,1775.255,7.415,3.000,1.0110,88,176,88,91,83
1,falling,29,464.0,,195.000,207.297,0.00000,6.72111,6.72111,0.000000,0.000000,0,0,4.34800,1775.255,7.415,3.000,1.0110,88,176,88,91,83
1,falling,30,481.0,,195.000,214.337,0.00000,6.90162,6.90162,0.000000,0.000000,0,0,4.34800,1775.255,7.415,3.000,1.0110,88,176,88,91,83
1,falling,31,498.0,,195.000,221.558,0.00000,7.07935,7.07935,0.000000,0.000000,0,0,4.34800,1775.255,7.415,3.000,1.0110,88,176,88,91,83
1,falling,32,515.0,,195.000,228.512,0.00000,7.24408,7.24408,0.000000,0.000000,0,0,4.34800,1775.255,7.415,3.000,1.0110,88,176,88,91,83
1,falling,33,531.0,,195.000,236.077,0.00000,7.41658,7.41658,0.000000,0.000000,0,0,4.34800,1775.255,7.415,3.000,1.0110,88,176,88,91,83
1,falling,34,548.0,,195.000,243.815,0.00000,7.58644,7.58644,0.000000,0.000000,0,0,4.34800,1775.255,7.415,3.000,1.0110,88,176,88,91,83
1,falling,35,565.0,,195.000,251.249,0.00000,7.74386,7.74386,0.000000,0.000000,0,0,4.34800,1775.255,7.415,3.000,1.0110,88,176,88,91,83
1,falling,36,581.0,,195.000,259.316,0.00000,7.90871,7.90871,0.000000,0.000000,0,0,4.34800,1775.255,7.415,3.000,1.0110,88,176,88,91,83
1,falling,37,598.0,,195.000,267.548,0.00000,8.07104,8.07104,0.000000,0.000000,0,0,4.34800,1775.255,7.415,3.000,1.0110,88,176,88,91,83
1,falling,38,614.0,,195.000,275.441,0.00000,8.22148,8.22148,0.000000,0.000000,0,0,4.34800,1775.255,7.415,3.000,1.0110,88,176,88,91,83
1,falling,39,631.0,,195.000,283.988,0.00000,8.37903,8.37903,0.000000,0.000000,0,0,4.34800,1775.255,7.415,3.000,1.0110,88,176,88,91,83
1,falling,40,648.0,,195.000,292.692,0.00000,8.53416,8.53416,0.000000,0.000000,0,0,4.34800,1775.255,7.415,3.000,1.0110,88,176,88,91,83
1,falling,41,664.0,,195.000,301.023,0.00000,8.67794,8.67794,0.000000,0.000000,0,0,4.34800,1775.255,7.415,3.000,1.0110,88,176,88,91,83
1,falling,42,681.0,,195.000,310.028,0.00000,8.82850,8.82850,0.000000,0.000000,0,0,4.34800,1775.255,7.415,3.000,1.0110,88,176,88,91,83
1,falling,43,698.0,,195.000,319.185,0.00000,8.97676,8.97676,0.000000,0.000000,0,0,4.34800,1775.255,7.415,3.000,1.0110,88,176,88,91,83
1,falling,44,714.0,,195.000,327.934,0.00000,9.11416,9.11416,0.000000,0.000000,0,0,4.34800,1775.255,7.415,3.000,1.0110,88,176,88,91,83
1,falling,45,731.0,,195.000,337.377,0.00000,9.25804,9.25804,0.000000,0.000000,0,0,4.34800,1775.255,7.415,3.000,1.0110,88,176,88,91,83
1,falling,46,748.0,,195.000,346.965,0.00000,9.39973,9.39973,0.000000,0.000000,0,0,4.34800,1775.255,7.415,3.000,1.0110,88,176,88,91,83
1,falling,47,764.0,,195.000,356.115,0.00000,9.53104,9.53104,0.000000,0.000000,0,0,4.34800,1775.255,7.415,3.000,1.0110,88,176,88,91,83
1,falling,48,781.0,,195.000,365.977,0.00000,9.66855,9.66855,0.000000,0.000000,0,0,4.34800,1775.255,7.415,3.000,1.0110,88,176,88,91,83
1,falling,49,798.0,,195.000,375.977,0.00000,9.80395,9.80395,0.000000,0.000000,0,0,4.34800,1775.255,7.415,3.000,1.0110,88,176,88,91,83
1,falling,50,815.0,,195.000,385.509,0.00000,9.92944,9.92944,0.000000,0.000000,0,0,4.34800,1775.255,7.415,3.000,1.0110,88,176,88,91,83
1,falling,51,831.0,,195.000,395.771,0.00000,10.06086,10.06086,0.000000,0.000000,0,0,4.34800,1775.255,7.415,3.000,1.0110,88,176,88,91,83
1,falling,52,848.0,,195.000,406.165,0.00000,10.19026,10.19026,0.000000,0.000000,0,0,4.34800,1775.255,7.415,3.000,1.0110,88,176,88,91,83
1,falling,53,865.0,,195.000,416.063,0.00000,10.31018,10.31018,0.000000,0.000000,0,0,4.34800,1775.255,7.415,3.000,1.0110,88,176,88,91,83
1,falling,54,881.0,,195.000,426.708,0.00000,10.43577,10.43577,0.000000,0.000000,0,0,4.34800,1775.255,7.415,3.000,1.0110,88,176,88,91,83
1,falling,55,898.0,,195.000,437.478,0.00000,10.55944,10.55944,0.000000,0.000000,0,0,4.34800,1775.255,7.415,3.000,1.0110,88,176,88,91,83
1,falling,56,920.0,,195.000,451.625,0.00000,10.71703,10.71703,0.000000,0.000000,0,0,4.34800,1775.255,7.415,3.000,1.0110,88,176,88,91,83
1,falling,57,931.0,,195.000,458.749,0.00000,10.79426,10.79426,0.000000,0.000000,0,0,4.34800,1775.255,7.415,3.000,1.0110,88,176,88,91,83
1,falling,58,948.0,,195.000,469.880,0.00000,10.91244,10.91244,0.000000,0.000000,0,0,4.34800,1775.255,7.415,3.000,1.0110,88,176,88,91,83
1,post_landing,59,965.0,59,195.000,475.119,0.04919,0.00000,0.04919,-0.007533,0.000000,0,1,4.34800,1775.255,7.415,3.000,1.0110,88,176,88,91,83
1,post_landing,60,981.0,59,195.049,474.075,0.08585,0.00000,0.08585,-0.009475,-0.007566,0,1,4.34800,1775.255,7.415,3.000,1.0110,88,176,88,91,83
1,post_landing,61,998.0,59,195.136,473.153,0.22070,0.00000,0.22070,-0.011093,-0.017083,0,1,4.34800,1775.255,7.415,3.000,1.0110,88,176,88,91,83
1,post_landing,62,1015.0,59,195.344,472.658,-0.09497,0.00000,0.09497,0.011192,-0.027579,0,1,4.34800,1775.255,7.415,3.000,1.0110,88,176,88,91,83
1,post_landing,63,1031.0,59,195.249,472.662,-0.24638,0.00000,0.24638,0.013092,-0.016337,0,1,4.34800,1775.255,7.415,3.000,1.0110,88,176,88,91,83
1,post_landing,64,1048.0,59,195.002,472.673,-0.38654,0.00000,0.38654,0.014077,-0.003188,0,1,4.34800,1775.255,7.415,3.000,1.0110,88,176,88,91,83
1,post_landing,65,1065.0,59,194.636,472.680,-0.52650,-0.01654,0.52676,0.028219,0.010131,0,1,4.34800,1775.255,7.415,3.000,1.0110,88,176,88,91,83
1,post_landing,66,1081.0,59,194.107,472.724,-0.43458,-0.06215,0.43900,0.018544,0.038474,0,1,4.34800,1775.255,7.415,3.000,1.0110,88,176,88,91,83
1,post_landing,67,1098.0,59,193.671,472.772,-0.53571,-0.05388,0.53841,0.029556,0.057100,0,1,4.34800,1775.255,7.415,3.000,1.0110,88,176,88,91,83
1,post_landing,68,1115.0,59,193.164,472.874,-0.10289,0.13553,0.17016,-0.015429,0.085064,0,1,4.34800,1775.255,7.415,3.000,1.0110,88,176,88,91,83
1,post_landing,69,1132.0,59,193.060,472.814,0.13278,0.07810,0.15405,-0.031669,0.069568,0,1,4.34800,1775.255,7.415,3.000,1.0110,88,176,88,91,83
1,post_landing,70,1148.0,59,193.194,472.722,0.11611,0.07720,0.13943,-0.022320,0.037760,0,1,4.34800,1775.255,7.415,3.000,1.0110,88,176,88,91,83
1,post_landing,71,1165.0,59,193.304,472.686,0.17655,0.03738,0.18046,-0.022990,0.016641,0,1,4.34800,1775.255,7.415,3.000,1.0110,88,176,88,91,83
1,post_landing,72,1181.0,59,193.481,472.670,0.25797,0.01243,0.25827,-0.026631,-0.006450,0,1,4.34800,1775.255,7.415,3.000,1.0110,88,176,88,91,83
1,post_landing,73,1198.0,59,193.740,472.661,0.37974,0.00000,0.37974,-0.034716,-0.033198,0,1,4.34800,1775.255,7.415,3.000,1.0110,88,176,88,91,83
1,post_landing,74,1215.0,59,194.099,472.695,-0.23944,0.03758,0.24237,0.030457,-0.066046,0,1,4.34800,1775.255,7.415,3.000,1.0110,88,176,88,91,83
1,post_landing,75,1231.0,59,193.859,472.662,-0.19419,0.03006,0.19650,0.020280,-0.035455,0,1,4.34800,1775.255,7.415,3.000,1.0110,88,176,88,91,83
1,post_landing,76,1248.0,59,193.664,472.663,-0.22237,0.00000,0.22237,0.019896,-0.015086,0,1,4.34800,1775.255,7.415,3.000,1.0110,88,176,88,91,83
1,post_landing,77,1265.0,59,193.453,472.676,-0.25558,-0.01763,0.25619,0.020831,0.003738,0,1,4.34800,1775.255,7.415,3.000,1.0110,88,176,88,91,83
1,post_landing,78,1281.0,59,193.197,472.699,-0.28321,-0.04224,0.28634,0.022005,0.024661,0,1,4.34800,1775.255,7.415,3.000,1.0110,88,176,88,91,83
1,post_landing,79,1298.0,59,192.912,472.743,-0.30879,-0.05990,0.31454,0.023659,0.046763,0,1,4.34800,1775.255,7.415,3.000,1.0110,88,176,88,91,83
1,post_landing,80,1314.0,59,192.620,472.810,-0.33564,-0.05582,0.34025,0.025571,0.069149,0,1,4.34800,1775.255,7.415,3.000,1.0110,88,176,88,91,83
1,post_landing,81,1331.0,59,192.283,472.922,-0.35731,-0.07930,0.36601,0.028079,0.094832,0,1,4.34800,1775.255,7.415,3.000,1.0110,88,176,88,91,83
1,post_landing,82,1348.0,59,191.924,473.082,0.24645,-0.32125,0.40490,-0.025324,0.123035,0,1,4.34800,1775.255,7.415,3.000,1.0110,88,176,88,91,83
1,post_landing,83,1365.0,59,192.157,472.941,0.27638,-0.02748,0.27774,-0.024165,0.099073,0,1,4.34800,1775.255,7.415,3.000,1.0110,88,176,88,91,83
1,post_landing,84,1381.0,59,192.435,472.834,0.40127,0.08233,0.40963,-0.031511,0.074803,0,1,4.34800,1775.255,7.415,3.000,1.0110,88,176,88,91,83
1,post_landing,85,1398.0,59,192.838,472.734,-0.16916,-0.04123,0.17411,0.031327,0.043153,0,1,4.34800,1775.255,7.415,3.000,1.0110,88,176,88,91,83
1,post_landing,86,1415.0,59,192.678,472.824,0.19456,0.13884,0.23902,-0.009970,0.072793,0,1,4.34800,1775.255,7.415,3.000,1.0110,88,176,88,91,83
1,post_landing,87,1431.0,59,192.873,472.790,0.33095,0.11587,0.35065,-0.020504,0.062779,0,1,4.34800,1775.255,7.415,3.000,1.0110,88,176,88,91,83
1,post_landing,88,1448.0,59,193.186,472.733,0.44363,0.05271,0.44675,-0.027494,0.043379,0,1,4.34800,1775.255,7.415,3.000,1.0110,88,176,88,91,83
1,post_landing,89,1465.0,59,193.632,472.687,-0.05898,-0.02869,0.06559,0.026220,0.015765,0,1,4.34800,1775.255,7.415,3.000,1.0110,88,176,88,91,83
1,post_landing,90,1481.0,59,193.573,472.732,-0.14858,-0.04092,0.15411,0.031158,0.042100,0,1,4.34800,1775.255,7.415,3.000,1.0110,88,176,88,91,83
1,post_landing,91,1498.0,59,193.432,472.819,-0.23751,-0.02612,0.23895,0.035917,0.071581,0,1,4.34800,1775.255,7.415,3.000,1.0110,88,176,88,91,83
1,post_landing,92,1515.0,59,193.194,472.988,-0.20307,-0.07499,0.21647,0.030420,0.107655,0,1,4.34800,1775.255,7.415,3.000,1.0110,88,176,88,91,83
1,post_landing,93,1531.0,59,192.990,473.179,-0.13033,-0.11506,0.17386,0.023316,0.138209,0,1,4.34800,1775.255,7.415,3.000,1.0110,88,176,88,91,83
1,post_landing,94,1548.0,59,192.866,473.340,-0.17722,-0.06921,0.19026,0.027668,0.160270,0,1,4.34800,1775.255,7.415,3.000,1.0110,88,176,88,91,83
1,post_landing,95,1564.0,59,192.688,473.583,-0.17453,-0.09043,0.19657,0.029026,0.188059,0,1,4.34800,1775.255,7.415,3.000,1.0110,88,176,88,91,83
1,post_landing,96,1581.0,59,192.513,473.799,-0.17186,0.19429,0.25939,0.028581,0.217212,0,0,4.34800,1775.255,7.415,3.000,1.0110,88,176,88,91,83
1,post_landing,97,1598.0,59,192.340,474.209,0.61500,-0.49266,0.78800,-0.010870,0.245919,0,1,4.34800,1775.255,7.415,3.000,1.0110,88,176,88,91,83
1,post_landing,98,1614.0,59,192.922,473.999,0.60614,-0.21890,0.64446,-0.010714,0.235634,0,0,4.34800,1775.255,7.415,3.000,1.0110,88,176,88,91,83
1,post_landing,99,1631.0,59,193.531,473.966,0.03261,-0.09231,0.09790,0.025484,0.224873,0,1,4.34800,1775.255,7.415,3.000,1.0110,88,176,88,91,83
1,post_landing,100,1648.0,59,193.562,474.135,0.03214,0.17568,0.17860,0.025117,0.248986,0,0,4.34800,1775.255,7.415,3.000,1.0110,88,176,88,91,83
1,post_landing,101,1665.0,59,193.594,474.565,0.01346,-0.01865,0.02300,0.017962,0.274214,0,1,4.34800,1775.255,7.415,3.000,1.0110,88,176,88,91,83
1,post_landing,102,1681.0,59,193.608,474.813,-0.12799,0.00000,0.12799,0.018343,0.292255,0,1,4.34800,1775.255,7.415,3.000,1.0110,88,176,88,91,83
1,post_landing,103,1698.0,59,193.487,475.063,-0.15658,-0.02313,0.15828,0.014273,0.309610,0,1,4.34800,1775.255,7.415,3.000,1.0110,88,176,88,91,83
1,post_landing,104,1714.0,59,193.329,475.281,-0.08518,-0.03408,0.09175,0.006024,0.323946,0,1,4.34800,1775.255,7.415,3.000,1.0110,88,176,88,91,83
1,post_landing,105,1731.0,59,193.244,475.367,0.08644,0.09491,0.12838,-0.005794,0.329996,0,1,4.34800,1775.255,7.415,3.000,1.0110,88,176,88,91,83
1,post_landing,106,1748.0,59,193.326,475.283,0.04225,0.13301,0.13956,0.000000,0.324514,0,1,4.34800,1775.255,7.415,3.000,1.0110,88,176,88,91,83
1,post_landing,107,1764.0,59,193.368,475.285,0.59767,-0.11393,0.60844,-0.032003,0.324514,0,1,4.34800,1775.255,7.415,3.000,1.0110,88,176,88,91,83
1,post_landing,108,1781.0,59,193.968,475.098,0.30191,0.13349,0.33010,0.000000,0.292370,0,1,4.34800,1775.255,7.415,3.000,1.0110,88,176,88,91,83
1,post_landing,109,1798.0,59,194.254,475.096,0.53735,-0.29478,0.61289,-0.000980,0.292370,0,1,4.34800,1775.255,7.415,3.000,1.0110,88,176,88,91,83
1,post_landing,110,1814.0,59,194.794,474.895,0.30007,-0.08588,0.31212,0.021957,0.291386,0,1,4.34800,1775.255,7.415,3.000,1.0110,88,176,88,91,83
1,post_landing,111,1831.0,59,195.095,475.110,0.50694,-0.21106,0.54912,0.012374,0.313439,0,1,4.34800,1775.255,7.415,3.000,1.0110,88,176,88,91,83
1,post_landing,112,1848.0,59,195.575,475.176,0.49964,0.05865,0.50307,0.012196,0.325147,0,0,4.34800,1775.255,7.415,3.000,1.0110,88,176,88,91,83
1,post_landing,113,1864.0,59,196.077,475.456,0.10901,-0.34354,0.36042,0.032621,0.337396,0,1,4.34800,1775.255,7.415,3.000,1.0110,88,176,88,91,83
1,post_landing,114,1881.0,59,196.186,475.400,0.10734,-0.05495,0.12059,0.032122,0.370160,0,0,4.34800,1775.255,7.415,3.000,1.0110,88,176,88,91,83
1,post_landing,115,1898.0,59,196.288,475.604,0.10579,0.21251,0.23739,0.031659,0.400553,0,0,4.34800,1775.255,7.415,3.000,1.0110,88,176,88,91,83
1,post_landing,116,1914.0,59,196.394,476.106,0.10418,0.49259,0.50349,0.031175,0.432351,0,0,4.34800,1775.255,7.415,3.000,1.0110,88,176,88,91,83
1,post_landing,117,1931.0,59,196.498,476.890,0.10258,0.76839,0.77521,0.030698,0.463663,0,0,4.34800,1775.255,7.415,3.000,1.0110,88,176,88,91,83
1,post_landing,118,1948.0,59,196.596,477.633,0.36777,-0.11917,0.38659,0.019894,0.492708,0,1,4.34800,1775.255,7.415,3.000,1.0110,88,176,88,91,83
2,falling,0,22.0,,195.000,97.029,0.00000,0.55000,0.55000,0.000000,0.000000,0,0,4.14400,971.803,3.723,6.000,1.3076,83,166,83,90,76
2,falling,1,25.0,,195.000,97.137,0.00000,0.59851,0.59851,0.000000,0.000000,0,0,4.14400,971.803,3.723,6.000,1.3076,83,166,83,90,76
2,falling,2,42.0,,195.000,98.027,0.00000,0.87269,0.87269,0.000000,0.000000,0,0,4.14400,971.803,3.723,6.000,1.3076,83,166,83,90,76
2,falling,3,59.0,,195.000,99.192,0.00000,1.14267,1.14267,0.000000,0.000000,0,0,4.14400,971.803,3.723,6.000,1.3076,83,166,83,90,76
2,falling,4,75.0,,195.000,100.530,0.00000,1.39288,1.39288,0.000000,0.000000,0,0,4.14400,971.803,3.723,6.000,1.3076,83,166,83,90,76
2,falling,5,92.0,,195.000,102.218,0.00000,1.65491,1.65491,0.000000,0.000000,0,0,4.14400,971.803,3.723,6.000,1.3076,83,166,83,90,76
2,falling,6,109.0,,195.000,104.169,0.00000,1.91292,1.91292,0.000000,0.000000,0,0,4.14400,971.803,3.723,6.000,1.3076,83,166,83,90,76
2,falling,7,125.0,,195.000,106.235,0.00000,2.15204,2.15204,0.000000,0.000000,0,0,4.14400,971.803,3.723,6.000,1.3076,83,166,83,90,76
2,falling,8,142.0,,195.000,108.685,0.00000,2.40245,2.40245,0.000000,0.000000,0,0,4.14400,971.803,3.723,6.000,1.3076,83,166,83,90,76
2,falling,9,159.0,,195.000,111.387,0.00000,2.64902,2.64902,0.000000,0.000000,0,0,4.14400,971.803,3.723,6.000,1.3076,83,166,83,90,76
2,falling,10,176.0,,195.000,114.150,0.00000,2.87754,2.87754,0.000000,0.000000,0,0,4.14400,971.803,3.723,6.000,1.3076,83,166,83,90,76
2,falling,11,192.0,,195.000,117.329,0.00000,3.11685,3.11685,0.000000,0.000000,0,0,4.14400,971.803,3.723,6.000,1.3076,83,166,83,90,76
2,falling,12,209.0,,195.000,120.748,0.00000,3.35250,3.35250,0.000000,0.000000,0,0,4.14400,971.803,3.723,6.000,1.3076,83,166,83,90,76
2,falling,13,226.0,,195.000,124.176,0.00000,3.57089,3.57089,0.000000,0.000000,0,0,4.14400,971.803,3.723,6.000,1.3076,83,166,83,90,76
2,falling,14,242.0,,195.000,128.052,0.00000,3.79959,3.79959,0.000000,0.000000,0,0,4.14400,971.803,3.723,6.000,1.3076,83,166,83,90,76
2,falling,15,259.0,,195.000,132.157,0.00000,4.02479,4.02479,0.000000,0.000000,0,0,4.14400,971.803,3.723,6.000,1.3076,83,166,83,90,76
2,falling,16,275.0,,195.000,136.221,0.00000,4.23350,4.23350,0.000000,0.000000,0,0,4.14400,971.803,3.723,6.000,1.3076,83,166,83,90,76
2,falling,17,292.0,,195.000,140.763,0.00000,4.45206,4.45206,0.000000,0.000000,0,0,4.14400,971.803,3.723,6.000,1.3076,83,166,83,90,76
2,falling,18,309.0,,195.000,145.523,0.00000,4.66727,4.66727,0.000000,0.000000,0,0,4.14400,971.803,3.723,6.000,1.3076,83,166,83,90,76
2,falling,19,326.0,,195.000,150.195,0.00000,4.86673,4.86673,0.000000,0.000000,0,0,4.14400,971.803,3.723,6.000,1.3076,83,166,83,90,76
2,falling,20,342.0,,195.000,155.372,0.00000,5.07560,5.07560,0.000000,0.000000,0,0,4.14400,971.803,3.723,6.000,1.3076,83,166,83,90,76
2,falling,21,359.0,,195.000,160.759,0.00000,5.28128,5.28128,0.000000,0.000000,0,0,4.14400,971.803,3.723,6.000,1.3076,83,166,83,90,76
2,falling,22,375.0,,195.000,166.012,0.00000,5.47190,5.47190,0.000000,0.000000,0,0,4.14400,971.803,3.723,6.000,1.3076,83,166,83,90,76
2,falling,23,392.0,,195.000,171.797,0.00000,5.67151,5.67151,0.000000,0.000000,0,0,4.14400,971.803,3.723,6.000,1.3076,83,166,83,90,76
2,falling,24,409.0,,195.000,177.783,0.00000,5.86807,5.86807,0.000000,0.000000,0,0,4.14400,971.803,3.723,6.000,1.3076,83,166,83,90,76
2,falling,25,425.0,,195.000,183.591,0.00000,6.05024,6.05024,0.000000,0.000000,0,0,4.14400,971.803,3.723,6.000,1.3076,83,166,83,90,76
2,falling,26,442.0,,195.000,189.957,0.00000,6.24100,6.24100,0.000000,0.000000,0,0,4.14400,971.803,3.723,6.000,1.3076,83,166,83,90,76
2,falling,27,459.0,,195.000,196.514,0.00000,6.42885,6.42885,0.000000,0.000000,0,0,4.14400,971.803,3.723,6.000,1.3076,83,166,83,90,76
2,falling,28,475.0,,195.000,202.853,0.00000,6.60294,6.60294,0.000000,0.000000,0,0,4.14400,971.803,3.723,6.000,1.3076,83,166,83,90,76
2,falling,29,492.0,,195.000,209.774,0.00000,6.78525,6.78525,0.000000,0.000000,0,0,4.14400,971.803,3.723,6.000,1.3076,83,166,83,90,76
2,falling,30,509.0,,195.000,216.878,0.00000,6.96476,6.96476,0.000000,0.000000,0,0,4.14400,971.803,3.723,6.000,1.3076,83,166,83,90,76
2,falling,31,526.0,,195.000,223.724,0.00000,7.13114,7.13114,0.000000,0.000000,0,0,4.14400,971.803,3.723,6.000,1.3076,83,166,83,90,76
2,falling,32,542.0,,195.000,231.175,0.00000,7.30537,7.30537,0.000000,0.000000,0,0,4.14400,971.803,3.723,6.000,1.3076,83,166,83,90,76
2,falling,33,559.0,,195.000,238.802,0.00000,7.47693,7.47693,0.000000,0.000000,0,0,4.14400,971.803,3.723,6.000,1.3076,83,166,83,90,76
2,falling,34,575.0,,195.000,246.132,0.00000,7.63593,7.63593,0.000000,0.000000,0,0,4.14400,971.803,3.723,6.000,1.3076,83,166,83,90,76
2,falling,35,592.0,,195.000,254.091,0.00000,7.80243,7.80243,0.000000,0.000000,0,0,4.14400,971.803,3.723,6.000,1.3076,83,166,83,90,76
2,falling,36,609.0,,195.000,262.216,0.00000,7.96639,7.96639,0.000000,0.000000,0,0,4.14400,971.803,3.723,6.000,1.3076,83,166,83,90,76
2,falling,37,625.0,,195.000,270.010,0.00000,8.11834,8.11834,0.000000,0.000000,0,0,4.14400,971.803,3.723,6.000,1.3076,83,166,83,90,76
2,falling,38,642.0,,195.000,278.453,0.00000,8.27746,8.27746,0.000000,0.000000,0,0,4.14400,971.803,3.723,6.000,1.3076,83,166,83,90,76
2,falling,39,659.0,,195.000,287.056,0.00000,8.43415,8.43415,0.000000,0.000000,0,0,4.14400,971.803,3.723,6.000,1.3076,83,166,83,90,76
2,falling,40,675.0,,195.000,295.292,0.00000,8.57936,8.57936,0.000000,0.000000,0,0,4.14400,971.803,3.723,6.000,1.3076,83,166,83,90,76
2,falling,41,692.0,,195.000,304.198,0.00000,8.73143,8.73143,0.000000,0.000000,0,0,4.14400,971.803,3.723,6.000,1.3076,83,166,83,90,76
2,falling,42,709.0,,195.000,313.257,0.00000,8.88117,8.88117,0.000000,0.000000,0,0,4.14400,971.803,3.723,6.000,1.3076,83,166,83,90,76
2,falling,43,725.0,,195.000,321.916,0.00000,9.01995,9.01995,0.000000,0.000000,0,0,4.14400,971.803,3.723,6.000,1.3076,83,166,83,90,76
2,falling,44,742.0,,195.000,331.265,0.00000,9.16528,9.16528,0.000000,0.000000,0,0,4.14400,971.803,3.723,6.000,1.3076,83,166,83,90,76
2,falling,45,759.0,,195.000,340.759,0.00000,9.30838,9.30838,0.000000,0.000000,0,0,4.14400,971.803,3.723,6.000,1.3076,83,166,83,90,76
2,falling,46,775.0,,195.000,349.823,0.00000,9.44101,9.44101,0.000000,0.000000,0,0,4.14400,971.803,3.723,6.000,1.3076,83,166,83,90,76
2,falling,47,792.0,,195.000,359.594,0.00000,9.57990,9.57990,0.000000,0.000000,0,0,4.14400,971.803,3.723,6.000,1.3076,83,166,83,90,76
2,falling,48,809.0,,195.000,369.505,0.00000,9.71666,9.71666,0.000000,0.000000,0,0,4.14400,971.803,3.723,6.000,1.3076,83,166,83,90,76
2,falling,49,825.0,,195.000,378.955,0.00000,9.84340,9.84340,0.000000,0.000000,0,0,4.14400,971.803,3.723,6.000,1.3076,83,166,83,90,76
2,falling,50,842.0,,195.000,389.130,0.00000,9.97613,9.97613,0.000000,0.000000,0,0,4.14400,971.803,3.723,6.000,1.3076,83,166,83,90,76
2,falling,51,859.0,,195.000,399.439,0.00000,10.10683,10.10683,0.000000,0.000000,0,0,4.14400,971.803,3.723,6.000,1.3076,83,166,83,90,76
2,falling,52,876.0,,195.000,409.258,0.00000,10.22796,10.22796,0.000000,0.000000,0,0,4.14400,971.803,3.723,6.000,1.3076,83,166,83,90,76
2,falling,53,892.0,,195.000,419.820,0.00000,10.35481,10.35481,0.000000,0.000000,0,0,4.14400,971.803,3.723,6.000,1.3076,83,166,83,90,76
2,falling,54,909.0,,195.000,430.509,0.00000,10.47971,10.47971,0.000000,0.000000,0,0,4.14400,971.803,3.723,6.000,1.3076,83,166,83,90,76
2,falling,55,925.0,,195.000,440.681,0.00000,10.59547,10.59547,0.000000,0.000000,0,0,4.14400,971.803,3.723,6.000,1.3076,83,166,83,90,76
2,falling,56,942.0,,195.000,451.612,0.00000,10.71669,10.71669,0.000000,0.000000,0,0,4.14400,971.803,3.723,6.000,1.3076,83,166,83,90,76
2,falling,57,959.0,,195.000,462.665,0.00000,10.83606,10.83606,0.000000,0.000000,0,0,4.14400,971.803,3.723,6.000,1.3076,83,166,83,90,76
2,falling,58,975.0,,195.000,473.174,0.00000,10.94669,10.94669,0.000000,0.000000,0,0,4.14400,971.803,3.723,6.000,1.3076,83,166,83,90,76
2,post_landing,59,992.0,59,195.000,480.605,0.68028,-0.10033,0.68764,0.069892,0.000000,0,1,4.14400,971.803,3.723,6.000,1.3076,83,166,83,90,76
2,post_landing,60,1009.0,59,195.683,478.112,2.88695,0.06280,2.88763,-0.142406,0.070199,0,1,4.14400,971.803,3.723,6.000,1.3076,83,166,83,90,76
2,post_landing,61,1026.0,59,198.415,476.829,1.60251,-0.36265,1.64303,0.024097,-0.064542,0,1,4.14400,971.803,3.723,6.000,1.3076,83,166,83,90,76
2,post_landing,62,1042.0,59,200.024,476.370,1.77945,-0.06312,1.78057,-0.015373,-0.040339,0,1,4.14400,971.803,3.723,6.000,1.3076,83,166,83,90,76
2,post_landing,63,1059.0,59,201.708,476.361,1.27662,0.01759,1.27675,0.024966,-0.054884,0,1,4.14400,971.803,3.723,6.000,1.3076,83,166,83,90,76
2,post_landing,64,1075.0,59,202.990,476.381,1.42852,0.00000,1.42852,-0.011612,-0.029808,0,1,4.14400,971.803,3.723,6.000,1.3076,83,166,83,90,76
2,post_landing,65,1092.0,59,204.425,476.369,1.32226,-0.06967,1.32410,-0.011995,-0.041471,0,1,4.14400,971.803,3.723,6.000,1.3076,83,166,83,90,76
2,post_landing,66,1109.0,59,205.676,476.362,1.22503,-0.07245,1.22717,-0.012249,-0.052820,0,1,4.14400,971.803,3.723,6.000,1.3076,83,166,83,90,76
2,post_landing,67,1125.0,59,206.907,476.364,1.13391,-0.09692,1.13804,-0.013681,-0.065123,0,1,4.14400,971.803,3.723,6.000,1.3076,83,166,83,90,76
2,post_landing,68,1142.0,59,208.045,476.385,1.15875,-0.03679,1.15933,-0.028555,-0.078864,0,1,4.14400,971.803,3.723,6.000,1.3076,83,166,83,90,76
2,post_landing,69,1159.0,59,209.142,476.426,1.07354,-0.07420,1.07610,-0.024547,-0.105882,0,1,4.14400,971.803,3.723,6.000,1.3076,83,166,83,90,76
2,post_landing,70,1176.0,59,210.220,476.491,0.99369,-0.13122,1.00231,-0.023684,-0.130537,0,1,4.14400,971.803,3.723,6.000,1.3076,83,166,83,90,76
2,post_landing,71,1192.0,59,211.218,476.575,0.91977,-0.16309,0.93412,-0.024628,-0.154325,0,1,4.14400,971.803,3.723,6.000,1.3076,83,166,83,90,76
2,post_landing,72,1209.0,59,212.088,476.680,0.85214,-0.15389,0.86592,-0.025771,-0.177628,0,1,4.14400,971.803,3.723,6.000,1.3076,83,166,83,90,76
2,post_landing,73,1225.0,59,212.944,476.834,0.78875,-0.18886,0.81105,-0.030030,-0.203512,0,1,4.14400,971.803,3.723,6.000,1.3076,83,166,83,90,76
2,post_landing,74,1242.0,59,213.737,476.948,0.77669,0.09737,0.78277,-0.029570,-0.233674,0,0,4.14400,971.803,3.723,6.000,1.3076,83,166,83,90,76
2,post_landing,75,1259.0,59,214.471,477.286,0.65687,-0.14561,0.67281,-0.017164,-0.261653,0,1,4.14400,971.803,3.723,6.000,1.3076,83,166,83,90,76
2,post_landing,76,1275.0,59,215.131,477.447,0.25408,0.05318,0.25958,0.022304,-0.278892,0,1,4.14400,971.803,3.723,6.000,1.3076,83,166,83,90,76
2,post_landing,77,1292.0,59,215.386,477.279,-0.00748,0.05720,0.05769,0.026558,-0.256490,0,1,4.14400,971.803,3.723,6.000,1.3076,83,166,83,90,76
2,post_landing,78,1309.0,59,215.379,477.069,0.56125,-0.14059,0.57859,-0.044643,-0.231361,0,1,4.14400,971.803,3.723,6.000,1.3076,83,166,83,90,76
2,post_landing,79,1325.0,59,215.943,477.217,0.55266,0.14490,0.57134,-0.043960,-0.276200,0,0,4.14400,971.803,3.723,6.000,1.3076,83,166,83,90,76
2,post_landing,80,1342.0,59,216.498,477.651,0.54421,0.42601,0.69112,-0.043287,-0.320353,0,0,4.14400,971.803,3.723,6.000,1.3076,83,166,83,90,76
2,post_landing,81,1359.0,59,217.013,478.310,0.53637,0.68654,0.87123,-0.042664,-0.361310,0,0,4.14400,971.803,3.723,6.000,1.3076,83,166,83,90,76
2,post_landing,82,1375.0,59,217.552,479.032,-0.59179,-0.65403,0.88203,0.011188,-0.404161,0,1,4.14400,971.803,3.723,6.000,1.3076,83,166,83,90,76
2,post_landing,83,1392.0,59,216.957,478.664,-0.58273,-0.36069,0.68533,0.011017,-0.392924,0,0,4.14400,971.803,3.723,6.000,1.3076,83,166,83,90,76
2,post_landing,84,1409.0,59,216.406,478.579,-0.57434,-0.08883,0.58117,0.010858,-0.382500,0,0,4.14400,971.803,3.723,6.000,1.3076,83,166,83,90,76
2,post_landing,85,1425.0,59,215.829,478.558,-0.87556,-0.51434,1.01546,0.004430,-0.371595,0,1,4.14400,971.803,3.723,6.000,1.3076,83,166,83,90,76
2,post_landing,86,1442.0,59,214.950,478.330,-0.86217,-0.22314,0.89057,0.004362,-0.367145,0,0,4.14400,971.803,3.723,6.000,1.3076,83,166,83,90,76
2,post_landing,87,1459.0,59,214.134,478.420,-0.62245,-0.08205,0.62784,-0.017221,-0.363018,0,1,4.14400,971.803,3.723,6.000,1.3076,83,166,83,90,76
2,post_landing,88,1475.0,59,213.509,478.663,-0.96063,-0.81959,1.26275,-0.018976,-0.380315,0,1,4.14400,971.803,3.723,6.000,1.3076,83,166,83,90,76
2,post_landing,89,1492.0,59,212.544,478.159,-0.94593,-0.52371,1.08123,-0.018685,-0.399375,0,0,4.14400,971.803,3.723,6.000,1.3076,83,166,83,90,76
2,post_landing,90,1509.0,59,211.649,477.919,-0.93231,-0.24951,0.96512,-0.018416,-0.417054,0,0,4.14400,971.803,3.723,6.000,1.3076,83,166,83,90,76
2,post_landing,91,1525.0,59,210.712,477.958,-0.91804,0.03764,0.91882,-0.018135,-0.435551,0,0,4.14400,971.803,3.723,6.000,1.3076,83,166,83,90,76
2,post_landing,92,1542.0,59,209.790,478.284,-0.90400,0.32040,0.95910,-0.017857,-0.453766,0,0,4.14400,971.803,3.723,6.000,1.3076,83,166,83,90,76
2,post_landing,93,1559.0,59,208.935,478.843,-0.89098,0.58245,1.06447,-0.017600,-0.470662,0,0,4.14400,971.803,3.723,6.000,1.3076,83,166,83,90,76
2,post_landing,94,1575.0,59,208.040,479.718,-0.87735,0.85688,1.22637,-0.017331,-0.488339,0,0,4.14400,971.803,3.723,6.000,1.3076,83,166,83,90,76
2,post_landing,95,1592.0,59,207.159,480.774,-1.27696,-0.04464,1.27774,-0.013347,-0.505746,0,1,4.14400,971.803,3.723,6.000,1.3076,83,166,83,90,76
2,post_landing,96,1609.0,59,205.951,481.011,-1.23405,0.08461,1.23694,-0.001636,-0.518374,0,1,4.14400,971.803,3.723,6.000,1.3076,83,166,83,90,76
2,post_landing,97,1625.0,59,204.711,481.244,-1.25895,0.04639,1.25981,-0.001316,-0.520017,0,1,4.14400,971.803,3.723,6.000,1.3076,83,166,83,90,76
2,post_landing,98,1642.0,59,203.447,481.280,-1.56231,0.12503,1.56730,0.028950,-0.521339,0,1,4.14400,971.803,3.723,6.000,1.3076,83,166,83,90,76
2,post_landing,99,1659.0,59,201.969,480.743,-2.27051,-0.74155,2.38854,0.017016,-0.493948,0,1,4.14400,971.803,3.723,6.000,1.3076,83,166,83,90,76
2,post_landing,100,1675.0,59,199.688,480.229,-2.17853,-0.24578,2.19235,0.013019,-0.476857,0,1,4.14400,971.803,3.723,6.000,1.3076,83,166,83,90,76
2,post_landing,101,1692.0,59,197.500,480.007,-1.86358,-0.49949,1.92936,-0.067912,-0.463781,0,1,4.14400,971.803,3.723,6.000,1.3076,83,166,83,90,76
2,post_landing,102,1709.0,59,195.737,479.790,-1.83675,-0.22563,1.85055,-0.066934,-0.528037,0,0,4.14400,971.803,3.723,6.000,1.3076,83,166,83,90,76
2,post_landing,103,1725.0,59,193.892,479.853,-1.80865,0.06116,1.80968,-0.065910,-0.595265,0,0,4.14400,971.803,3.723,6.000,1.3076,83,166,83,90,76
2,post_landing,104,1742.0,59,192.075,480.203,-1.78097,0.34356,1.81381,-0.064901,-0.661464,0,0,4.14400,971.803,3.723,6.000,1.3076,83,166,83,90,76
2,post_landing,105,1759.0,59,190.390,480.784,-1.75533,0.60528,1.85675,-0.063967,-0.722872,0,0,4.14400,971.803,3.723,6.000,1.3076,83,166,83,90,76
2,post_landing,106,1775.0,59,188.627,481.681,-1.72847,0.87935,1.93929,-0.062988,-0.787120,0,0,4.14400,971.803,3.723,6.000,1.3076,83,166,83,90,76
2,post_landing,107,1792.0,59,186.891,482.853,-1.70203,1.14923,2.05368,-0.062024,-0.850385,0,0,4.14400,971.803,3.723,6.000,1.3076,83,166,83,90,76
2,post_landing,108,1809.0,59,185.281,484.197,-1.67752,1.39935,2.18454,-0.061131,-0.909070,0,0,4.14400,971.803,3.723,6.000,1.3076,83,166,83,90,76
2,post_landing,109,1825.0,59,183.596,485.891,-1.65185,1.66127,2.34274,-0.060196,-0.970470,0,0,4.14400,971.803,3.723,6.000,1.3076,83,166,83,90,76
2,post_landing,110,1842.0,59,181.937,487.849,-1.62658,1.91918,2.51575,-0.059275,-1.030930,0,0,4.14400,971.803,3.723,6.000,1.3076,83,166,83,90,76
2,post_landing,111,1858.0,59,180.398,489.921,-1.60315,2.15821,2.68849,-0.058421,-1.087015,0,0,4.14400,971.803,3.723,6.000,1.3076,83,166,83,90,76
2,post_landing,112,1875.0,59,178.787,491.690,-0.92044,-0.18413,0.93867,-0.007728,-1.145693,0,1,4.14400,971.803,3.723,6.000,1.3076,83,166,83,90,76
2,post_landing,113,1892.0,59,177.863,491.416,-0.49410,0.00000,0.49410,-0.021920,-1.153454,0,1,4.14400,971.803,3.723,6.000,1.3076,83,166,83,90,76
2,post_landing,114,1909.0,59,177.395,491.241,-0.33969,-0.26746,0.43234,-0.004252,-1.174195,0,1,4.14400,971.803,3.723,6.000,1.3076,83,166,83,90,76
2,post_landing,115,1925.0,59,177.054,491.034,-0.51077,-0.11948,0.52456,0.012636,-1.178466,0,1,4.14400,971.803,3.723,6.000,1.3076,83,166,83,90,76
2,post_landing,116,1942.0,59,176.541,491.121,-0.58281,-0.08540,0.58903,0.015995,-1.165775,0,1,4.14400,971.803,3.723,6.000,1.3076,83,166,83,90,76
2,post_landing,117,1959.0,59,175.990,491.238,-0.50766,-0.04071,0.50929,0.008585,-1.150641,0,1,4.14400,971.803,3.723,6.000,1.3076,83,166,83,90,76
2,post_landing,118,1975.0,59,175.480,491.321,-0.44248,-0.05118,0.44543,0.013245,-1.142018,0,1,4.14400,971.803,3.723,6.000,1.3076,83,166,83,90,76
3,falling,0,22.0,,195.000,97.029,0.00000,0.55000,0.55000,0.000000,0.000000,0,0,6.21800,2680.781,8.535,8.000,1.1111,89,178,89,93,68
3,falling,1,38.0,,195.000,97.805,0.00000,0.80875,0.80875,0.000000,0.000000,0,0,6.21800,2680.781,8.535,8.000,1.1111,89,178,89,93,68
3,falling,2,55.0,,195.000,98.827,0.00000,1.06377,1.06377,0.000000,0.000000,0,0,6.21800,2680.781,8.535,8.000,1.1111,89,178,89,93,68
3,falling,3,71.0,,195.000,100.184,0.00000,1.33083,1.33083,0.000000,0.000000,0,0,6.21800,2680.781,8.535,8.000,1.1111,89,178,89,93,68
3,falling,4,88.0,,195.000,101.699,0.00000,1.57833,1.57833,0.000000,0.000000,0,0,6.21800,2680.781,8.535,8.000,1.1111,89,178,89,93,68
3,falling,5,104.0,,195.000,103.574,0.00000,1.83751,1.83751,0.000000,0.000000,0,0,6.21800,2680.781,8.535,8.000,1.1111,89,178,89,93,68
3,falling,6,121.0,,195.000,105.708,0.00000,2.09273,2.09273,0.000000,0.000000,0,0,6.21800,2680.781,8.535,8.000,1.1111,89,178,89,93,68
3,falling,7,137.0,,195.000,107.944,0.00000,2.32926,2.32926,0.000000,0.000000,0,0,6.21800,2680.781,8.535,8.000,1.1111,89,178,89,93,68
3,falling,8,154.0,,195.000,110.573,0.00000,2.57696,2.57696,0.000000,0.000000,0,0,6.21800,2680.781,8.535,8.000,1.1111,89,178,89,93,68
3,falling,9,171.0,,195.000,113.450,0.00000,2.82086,2.82086,0.000000,0.000000,0,0,6.21800,2680.781,8.535,8.000,1.1111,89,178,89,93,68
3,falling,10,187.0,,195.000,116.375,0.00000,3.04691,3.04691,0.000000,0.000000,0,0,6.21800,2680.781,8.535,8.000,1.1111,89,178,89,93,68
3,falling,11,204.0,,195.000,119.724,0.00000,3.28363,3.28363,0.000000,0.000000,0,0,6.21800,2680.781,8.535,8.000,1.1111,89,178,89,93,68
3,falling,12,221.0,,195.000,123.311,0.00000,3.51672,3.51672,0.000000,0.000000,0,0,6.21800,2680.781,8.535,8.000,1.1111,89,178,89,93,68
3,falling,13,237.0,,195.000,126.895,0.00000,3.73275,3.73275,0.000000,0.000000,0,0,6.21800,2680.781,8.535,8.000,1.1111,89,178,89,93,68
3,falling,14,254.0,,195.000,130.933,0.00000,3.95897,3.95897,0.000000,0.000000,0,0,6.21800,2680.781,8.535,8.000,1.1111,89,178,89,93,68
3,falling,15,271.0,,195.000,135.198,0.00000,4.18173,4.18173,0.000000,0.000000,0,0,6.21800,2680.781,8.535,8.000,1.1111,89,178,89,93,68
3,falling,16,287.0,,195.000,139.411,0.00000,4.38818,4.38818,0.000000,0.000000,0,0,6.21800,2680.781,8.535,8.000,1.1111,89,178,89,93,68
3,falling,17,304.0,,195.000,144.107,0.00000,4.60437,4.60437,0.000000,0.000000,0,0,6.21800,2680.781,8.535,8.000,1.1111,89,178,89,93,68
3,falling,18,321.0,,195.000,149.021,0.00000,4.81726,4.81726,0.000000,0.000000,0,0,6.21800,2680.781,8.535,8.000,1.1111,89,178,89,93,68
3,falling,19,338.0,,195.000,153.835,0.00000,5.01456,5.01456,0.000000,0.000000,0,0,6.21800,2680.781,8.535,8.000,1.1111,89,178,89,93,68
3,falling,20,354.0,,195.000,159.161,0.00000,5.22117,5.22117,0.000000,0.000000,0,0,6.21800,2680.781,8.535,8.000,1.1111,89,178,89,93,68
3,falling,21,371.0,,195.000,164.694,0.00000,5.42462,5.42462,0.000000,0.000000,0,0,6.21800,2680.781,8.535,8.000,1.1111,89,178,89,93,68
3,falling,22,388.0,,195.000,170.082,0.00000,5.61317,5.61317,0.000000,0.000000,0,0,6.21800,2680.781,8.535,8.000,1.1111,89,178,89,93,68
3,falling,23,404.0,,195.000,176.009,0.00000,5.81062,5.81062,0.000000,0.000000,0,0,6.21800,2680.781,8.535,8.000,1.1111,89,178,89,93,68
3,falling,24,421.0,,195.000,182.134,0.00000,6.00505,6.00505,0.000000,0.000000,0,0,6.21800,2680.781,8.535,8.000,1.1111,89,178,89,93,68
3,falling,25,438.0,,195.000,188.072,0.00000,6.18525,6.18525,0.000000,0.000000,0,0,6.21800,2680.781,8.535,8.000,1.1111,89,178,89,93,68
3,falling,26,454.0,,195.000,194.574,0.00000,6.37395,6.37395,0.000000,0.000000,0,0,6.21800,2680.781,8.535,8.000,1.1111,89,178,89,93,68
3,falling,27,471.0,,195.000,201.265,0.00000,6.55976,6.55976,0.000000,0.000000,0,0,6.21800,2680.781,8.535,8.000,1.1111,89,178,89,93,68
3,falling,28,488.0,,195.000,207.727,0.00000,6.73196,6.73196,0.000000,0.000000,0,0,6.21800,2680.781,8.535,8.000,1.1111,89,178,89,93,68
3,falling,29,504.0,,195.000,214.778,0.00000,6.91230,6.91230,0.000000,0.000000,0,0,6.21800,2680.781,8.535,8.000,1.1111,89,178,89,93,68
3,falling,30,521.0,,195.000,222.009,0.00000,7.08987,7.08987,0.000000,0.000000,0,0,6.21800,2680.781,8.535,8.000,1.1111,89,178,89,93,68
3,falling,31,538.0,,195.000,228.974,0.00000,7.25445,7.25445,0.000000,0.000000,0,0,6.21800,2680.781,8.535,8.000,1.1111,89,178,89,93,68
3,falling,32,554.0,,195.000,236.549,0.00000,7.42679,7.42679,0.000000,0.000000,0,0,6.21800,2680.781,8.535,8.000,1.1111,89,178,89,93,68
3,falling,33,571.0,,195.000,244.297,0.00000,7.59649,7.59649,0.000000,0.000000,0,0,6.21800,2680.781,8.535,8.000,1.1111,89,178,89,93,68
3,falling,34,588.0,,195.000,251.741,0.00000,7.75377,7.75377,0.000000,0.000000,0,0,6.21800,2680.781,8.535,8.000,1.1111,89,178,89,93,68
3,falling,35,604.0,,195.000,259.818,0.00000,7.91847,7.91847,0.000000,0.000000,0,0,6.21800,2680.781,8.535,8.000,1.1111,89,178,89,93,68
3,falling,36,621.0,,195.000,268.060,0.00000,8.08065,8.08065,0.000000,0.000000,0,0,6.21800,2680.781,8.535,8.000,1.1111,89,178,89,93,68
3,falling,37,638.0,,195.000,275.962,0.00000,8.23095,8.23095,0.000000,0.000000,0,0,6.21800,2680.781,8.535,8.000,1.1111,89,178,89,93,68
3,falling,38,654.0,,195.000,284.518,0.00000,8.38835,8.38835,0.000000,0.000000,0,0,6.21800,2680.781,8.535,8.000,1.1111,89,178,89,93,68
3,falling,39,671.0,,195.000,293.232,0.00000,8.54335,8.54335,0.000000,0.000000,0,0,6.21800,2680.781,8.535,8.000,1.1111,89,178,89,93,68
3,falling,40,688.0,,195.000,301.572,0.00000,8.68699,8.68699,0.000000,0.000000,0,0,6.21800,2680.781,8.535,8.000,1.1111,89,178,89,93,68
3,falling,41,704.0,,195.000,310.586,0.00000,8.83741,8.83741,0.000000,0.000000,0,0,6.21800,2680.781,8.535,8.000,1.1111,89,178,89,93,68
3,falling,42,721.0,,195.000,319.751,0.00000,8.98553,8.98553,0.000000,0.000000,0,0,6.21800,2680.781,8.535,8.000,1.1111,89,178,89,93,68
3,falling,43,737.0,,195.000,328.509,0.00000,9.12281,9.12281,0.000000,0.000000,0,0,6.21800,2680.781,8.535,8.000,1.1111,89,178,89,93,68
3,falling,44,754.0,,195.000,337.961,0.00000,9.26656,9.26656,0.000000,0.000000,0,0,6.21800,2680.781,8.535,8.000,1.1111,89,178,89,93,68
3,falling,45,771.0,,195.000,347.557,0.00000,9.40812,9.40812,0.000000,0.000000,0,0,6.21800,2680.781,8.535,8.000,1.1111,89,178,89,93,68
3,falling,46,788.0,,195.000,356.715,0.00000,9.53931,9.53931,0.000000,0.000000,0,0,6.21800,2680.781,8.535,8.000,1.1111,89,178,89,93,68
3,falling,47,804.0,,195.000,366.585,0.00000,9.67669,9.67669,0.000000,0.000000,0,0,6.21800,2680.781,8.535,8.000,1.1111,89,178,89,93,68
3,falling,48,821.0,,195.000,376.593,0.00000,9.81197,9.81197,0.000000,0.000000,0,0,6.21800,2680.781,8.535,8.000,1.1111,89,178,89,93,68
3,falling,49,837.0,,195.000,386.133,0.00000,9.93734,9.93734,0.000000,0.000000,0,0,6.21800,2680.781,8.535,8.000,1.1111,89,178,89,93,68
3,falling,50,854.0,,195.000,396.403,0.00000,10.06863,10.06863,0.000000,0.000000,0,0,6.21800,2680.781,8.535,8.000,1.1111,89,178,89,93,68
3,falling,51,871.0,,195.000,406.805,0.00000,10.19792,10.19792,0.000000,0.000000,0,0,6.21800,2680.781,8.535,8.000,1.1111,89,178,89,93,68
3,falling,52,887.0,,195.000,416.710,0.00000,10.31773,10.31773,0.000000,0.000000,0,0,6.21800,2680.781,8.535,8.000,1.1111,89,178,89,93,68
3,falling,53,904.0,,195.000,427.362,0.00000,10.44321,10.44321,0.000000,0.000000,0,0,6.21800,2680.781,8.535,8.000,1.1111,89,178,89,93,68
3,falling,54,921.0,,195.000,438.140,0.00000,10.56676,10.56676,0.000000,0.000000,0,0,6.21800,2680.781,8.535,8.000,1.1111,89,178,89,93,68
3,falling,55,937.0,,195.000,448.394,0.00000,10.68126,10.68126,0.000000,0.000000,0,0,6.21800,2680.781,8.535,8.000,1.1111,89,178,89,93,68
3,falling,56,954.0,,195.000,459.411,0.00000,10.80117,10.80117,0.000000,0.000000,0,0,6.21800,2680.781,8.535,8.000,1.1111,89,178,89,93,68
3,falling,57,971.0,,195.000,470.549,0.00000,10.91925,10.91925,0.000000,0.000000,0,0,6.21800,2680.781,8.535,8.000,1.1111,89,178,89,93,68
3,falling,58,987.0,,195.000,481.137,0.00000,11.02868,11.02868,0.000000,0.000000,0,0,6.21800,2680.781,8.535,8.000,1.1111,89,178,89,93,68
3,post_landing,59,1004.0,59,195.000,490.122,0.02192,0.00000,0.02192,0.000000,0.000000,0,1,6.21800,2680.781,8.535,8.000,1.1111,89,178,89,93,68
3,post_landing,60,1021.0,59,195.022,488.997,0.07184,-0.02595,0.07639,0.000000,0.000000,0,1,6.21800,2680.781,8.535,8.000,1.1111,89,178,89,93,68
3,post_landing,61,1037.0,59,195.090,488.245,-0.27367,0.01483,0.27407,0.008899,0.000000,0,1,6.21800,2680.781,8.535,8.000,1.1111,89,178,89,93,68
3,post_landing,62,1054.0,59,194.815,488.076,-0.42362,0.08667,0.43239,0.008578,0.008939,0,1,6.21800,2680.781,8.535,8.000,1.1111,89,178,89,93,68
3,post_landing,63,1071.0,59,194.390,487.913,-0.43243,0.08180,0.44010,0.002686,0.017554,0,1,6.21800,2680.781,8.535,8.000,1.1111,89,178,89,93,68
3,post_landing,64,1087.0,59,193.980,487.364,-0.33629,0.05539,0.34082,-0.003419,0.020095,0,1,6.21800,2680.781,8.535,8.000,1.1111,89,178,89,93,68
3,post_landing,65,1104.0,59,193.643,487.430,-0.13972,0.01944,0.14106,-0.021057,0.016661,0,1,6.21800,2680.781,8.535,8.000,1.1111,89,178,89,93,68
3,post_landing,66,1121.0,59,193.502,487.739,-0.13758,0.30248,0.33229,-0.020735,-0.004488,0,0,6.21800,2680.781,8.535,8.000,1.1111,89,178,89,93,68
3,post_landing,67,1138.0,59,193.372,488.052,-0.37249,-0.01920,0.37298,-0.009015,-0.024107,0,1,6.21800,2680.781,8.535,8.000,1.1111,89,178,89,93,68
3,post_landing,68,1154.0,59,192.998,488.184,-0.25992,-0.03543,0.26232,-0.010915,-0.033161,0,1,6.21800,2680.781,8.535,8.000,1.1111,89,178,89,93,68
3,post_landing,69,1171.0,59,192.737,488.175,-0.04060,-0.03096,0.05105,-0.000867,-0.044125,0,1,6.21800,2680.781,8.535,8.000,1.1111,89,178,89,93,68
3,post_landing,70,1188.0,59,192.699,488.163,0.04910,0.00000,0.04910,0.000000,-0.044945,0,1,6.21800,2680.781,8.535,8.000,1.1111,89,178,89,93,68
3,post_landing,71,1204.0,59,192.748,488.165,0.02713,0.00000,0.02713,0.000000,-0.044945,0,1,6.21800,2680.781,8.535,8.000,1.1111,89,178,89,93,68
3,post_landing,72,1221.0,59,192.775,488.165,0.00231,0.00000,0.00231,0.000000,-0.044945,0,1,6.21800,2680.781,8.535,8.000,1.1111,89,178,89,93,68
3,post_landing,73,1237.0,59,192.777,488.163,-0.00356,0.00000,0.00356,0.000000,-0.044945,0,1,6.21800,2680.781,8.535,8.000,1.1111,89,178,89,93,68
3,post_landing,74,1254.0,59,192.774,488.165,-0.00308,0.00000,0.00308,0.000000,-0.044945,0,1,6.21800,2680.781,8.535,8.000,1.1111,89,178,89,93,68
3,post_landing,75,1271.0,59,192.771,488.165,-0.00064,0.00000,0.00064,0.000000,-0.044945,0,1,6.21800,2680.781,8.535,8.000,1.1111,89,178,89,93,68
3,post_landing,76,1288.0,59,192.770,488.163,0.00152,0.00000,0.00152,0.000000,-0.044945,0,1,6.21800,2680.781,8.535,8.000,1.1111,89,178,89,93,68
3,post_landing,77,1304.0,59,192.772,488.165,-0.00035,0.00000,0.00035,0.000000,-0.044945,0,1,6.21800,2680.781,8.535,8.000,1.1111,89,178,89,93,68
3,post_landing,78,1321.0,59,192.771,488.163,0.00074,0.00000,0.00074,0.000000,-0.044945,0,1,6.21800,2680.781,8.535,8.000,1.1111,89,178,89,93,68
3,post_landing,79,1337.0,59,192.772,488.165,-0.00077,0.00000,0.00077,0.000000,-0.044945,0,1,6.21800,2680.781,8.535,8.000,1.1111,89,178,89,93,68
3,post_landing,80,1354.0,59,192.771,488.165,-0.00046,0.00000,0.00046,0.000000,-0.044945,0,1,6.21800,2680.781,8.535,8.000,1.1111,89,178,89,93,68
3,post_landing,81,1371.0,59,192.771,488.163,0.00111,0.00000,0.00111,0.000000,-0.044945,0,1,6.21800,2680.781,8.535,8.000,1.1111,89,178,89,93,68
3,post_landing,82,1387.0,59,192.772,488.165,-0.00057,0.00000,0.00057,0.000000,-0.044945,0,1,6.21800,2680.781,8.535,8.000,1.1111,89,178,89,93,68
3,post_landing,83,1404.0,59,192.771,488.165,-0.00045,0.00000,0.00045,0.000000,-0.044945,0,1,6.21800,2680.781,8.535,8.000,1.1111,89,178,89,93,68
3,post_landing,84,1421.0,59,192.771,488.163,0.00108,0.00000,0.00108,0.000000,-0.044945,0,1,6.21800,2680.781,8.535,8.000,1.1111,89,178,89,93,68
3,post_landing,85,1437.0,59,192.772,488.165,-0.00058,0.00000,0.00058,0.000000,-0.044945,0,1,6.21800,2680.781,8.535,8.000,1.1111,89,178,89,93,68
3,post_landing,86,1454.0,59,192.771,488.165,-0.00045,0.00000,0.00045,0.000000,-0.044945,0,1,6.21800,2680.781,8.535,8.000,1.1111,89,178,89,93,68
3,post_landing,87,1471.0,59,192.771,488.163,0.00109,0.00000,0.00109,0.000000,-0.044945,0,1,6.21800,2680.781,8.535,8.000,1.1111,89,178,89,93,68
3,post_landing,88,1487.0,59,192.772,488.165,-0.00058,0.00000,0.00058,0.000000,-0.044945,0,1,6.21800,2680.781,8.535,8.000,1.1111,89,178,89,93,68
3,post_landing,89,1504.0,59,192.772,488.165,-0.00045,0.00000,0.00045,0.000000,-0.044945,0,1,6.21800,2680.781,8.535,8.000,1.1111,89,178,89,93,68
3,post_landing,90,1521.0,59,192.771,488.163,0.00109,0.00000,0.00109,0.000000,-0.044945,0,1,6.21800,2680.781,8.535,8.000,1.1111,89,178,89,93,68
3,post_landing,91,1537.0,59,192.772,488.165,-0.00058,0.00000,0.00058,0.000000,-0.044945,0,1,6.21800,2680.781,8.535,8.000,1.1111,89,178,89,93,68
3,post_landing,92,1554.0,59,192.772,488.165,-0.00045,0.00000,0.00045,0.000000,-0.044945,0,1,6.21800,2680.781,8.535,8.000,1.1111,89,178,89,93,68
3,post_landing,93,1571.0,59,192.771,488.163,0.00109,0.00000,0.00109,0.000000,-0.044945,0,1,6.21800,2680.781,8.535,8.000,1.1111,89,178,89,93,68
3,post_landing,94,1587.0,59,192.772,488.165,-0.00058,0.00000,0.00058,0.000000,-0.044945,0,1,6.21800,2680.781,8.535,8.000,1.1111,89,178,89,93,68
3,post_landing,95,1604.0,59,192.772,488.165,-0.00045,0.00000,0.00045,0.000000,-0.044945,0,1,6.21800,2680.781,8.535,8.000,1.1111,89,178,89,93,68
3,post_landing,96,1621.0,59,192.771,488.163,0.00109,0.00000,0.00109,0.000000,-0.044945,0,1,6.21800,2680.781,8.535,8.000,1.1111,89,178,89,93,68
3,post_landing,97,1637.0,59,192.772,488.165,-0.00058,0.00000,0.00058,0.000000,-0.044945,0,1,6.21800,2680.781,8.535,8.000,1.1111,89,178,89,93,68
3,post_landing,98,1654.0,59,192.772,488.165,-0.00045,0.00000,0.00045,0.000000,-0.044945,0,1,6.21800,2680.781,8.535,8.000,1.1111,89,178,89,93,68
3,post_landing,99,1671.0,59,192.771,488.163,0.00109,0.00000,0.00109,0.000000,-0.044945,0,1,6.21800,2680.781,8.535,8.000,1.1111,89,178,89,93,68
3,post_landing,100,1687.0,59,192.772,488.165,-0.00058,0.00000,0.00058,0.000000,-0.044945,0,1,6.21800,2680.781,8.535,8.000,1.1111,89,178,89,93,68
3,post_landing,101,1704.0,59,192.772,488.165,-0.00045,0.00000,0.00045,0.000000,-0.044945,0,1,6.21800,2680.781,8.535,8.000,1.1111,89,178,89,93,68
3,post_landing,102,1721.0,59,192.771,488.163,0.00109,0.00000,0.00109,0.000000,-0.044945,0,1,6.21800,2680.781,8.535,8.000,1.1111,89,178,89,93,68
3,post_landing,103,1737.0,59,192.773,488.165,-0.00058,0.00000,0.00058,0.000000,-0.044945,0,1,6.21800,2680.781,8.535,8.000,1.1111,89,178,89,93,68
3,post_landing,104,1754.0,59,192.772,488.165,-0.00045,0.00000,0.00045,0.000000,-0.044945,0,1,6.21800,2680.781,8.535,8.000,1.1111,89,178,89,93,68
3,post_landing,105,1771.0,59,192.772,488.163,0.00109,0.00000,0.00109,0.000000,-0.044945,0,1,6.21800,2680.781,8.535,8.000,1.1111,89,178,89,93,68
3,post_landing,106,1787.0,59,192.773,488.165,-0.00058,0.00000,0.00058,0.000000,-0.044945,0,1,6.21800,2680.781,8.535,8.000,1.1111,89,178,89,93,68
3,post_landing,107,1804.0,59,192.772,488.165,-0.00045,0.00000,0.00045,0.000000,-0.044945,0,1,6.21800,2680.781,8.535,8.000,1.1111,89,178,89,93,68
3,post_landing,108,1821.0,59,192.772,488.163,0.00109,0.00000,0.00109,0.000000,-0.044945,0,1,6.21800,2680.781,8.535,8.000,1.1111,89,178,89,93,68
3,post_landing,109,1837.0,59,192.773,488.165,-0.00058,0.00000,0.00058,0.000000,-0.044945,0,1,6.21800,2680.781,8.535,8.000,1.1111,89,178,89,93,68
3,post_landing,110,1854.0,59,192.772,488.165,-0.00045,0.00000,0.00045,0.000000,-0.044945,0,1,6.21800,2680.781,8.535,8.000,1.1111,89,178,89,93,68
3,post_landing,111,1871.0,59,192.772,488.163,0.00109,0.00000,0.00109,0.000000,-0.044945,0,1,6.21800,2680.781,8.535,8.000,1.1111,89,178,89,93,68
3,post_landing,112,1887.0,59,192.773,488.165,-0.00058,0.00000,0.00058,0.000000,-0.044945,0,1,6.21800,2680.781,8.535,8.000,1.1111,89,178,89,93,68
3,post_landing,113,1904.0,59,192.772,488.165,-0.00045,0.00000,0.00045,0.000000,-0.044945,0,1,6.21800,2680.781,8.535,8.000,1.1111,89,178,89,93,68
3,post_landing,114,1921.0,59,192.772,488.163,0.00109,0.00000,0.00109,0.000000,-0.044945,0,1,6.21800,2680.781,8.535,8.000,1.1111,89,178,89,93,68
3,post_landing,115,1937.0,59,192.773,488.165,-0.00058,0.00000,0.00058,0.000000,-0.044945,0,1,6.21800,2680.781,8.535,8.000,1.1111,89,178,89,93,68
3,post_landing,116,1954.0,59,192.772,488.165,-0.00045,0.00000,0.00045,0.000000,-0.044945,0,1,6.21800,2680.781,8.535,8.000,1.1111,89,178,89,93,68
3,post_landing,117,1971.0,59,192.772,488.163,0.00109,0.00000,0.00109,0.000000,-0.044945,0,1,6.21800,2680.781,8.535,8.000,1.1111,89,178,89,93,68
3,post_landing,118,1987.0,59,192.773,488.165,-0.00058,0.00000,0.00058,0.000000,-0.044945,0,1,6.21800,2680.781,8.535,8.000,1.1111,89,178,89,93,68
4,falling,0,24.0,,195.000,97.029,0.00000,0.55000,0.55000,0.000000,0.000000,0,0,2.63600,378.793,10.821,9.000,1.8861,54,108,54,54,62
4,falling,1,40.0,,195.000,97.870,0.00000,0.82492,0.82492,0.000000,0.000000,0,0,2.63600,378.793,10.821,9.000,1.8861,54,108,54,54,62
4,falling,2,57.0,,195.000,98.988,0.00000,1.09563,1.09563,0.000000,0.000000,0,0,2.63600,378.793,10.821,9.000,1.8861,54,108,54,54,62
4,falling,3,74.0,,195.000,100.281,0.00000,1.34652,1.34652,0.000000,0.000000,0,0,2.63600,378.793,10.821,9.000,1.8861,54,108,54,54,62
4,falling,4,90.0,,195.000,101.922,0.00000,1.60925,1.60925,0.000000,0.000000,0,0,2.63600,378.793,10.821,9.000,1.8861,54,108,54,54,62
4,falling,5,107.0,,195.000,103.827,0.00000,1.86796,1.86796,0.000000,0.000000,0,0,2.63600,378.793,10.821,9.000,1.8861,54,108,54,54,62
4,falling,6,123.0,,195.000,105.851,0.00000,2.10773,2.10773,0.000000,0.000000,0,0,2.63600,378.793,10.821,9.000,1.8861,54,108,54,54,62
4,falling,7,140.0,,195.000,108.257,0.00000,2.35882,2.35882,0.000000,0.000000,0,0,2.63600,378.793,10.821,9.000,1.8861,54,108,54,54,62
4,falling,8,157.0,,195.000,110.915,0.00000,2.60606,2.60606,0.000000,0.000000,0,0,2.63600,378.793,10.821,9.000,1.8861,54,108,54,54,62
4,falling,9,173.0,,195.000,113.637,0.00000,2.83520,2.83520,0.000000,0.000000,0,0,2.63600,378.793,10.821,9.000,1.8861,54,108,54,54,62
4,falling,10,190.0,,195.000,116.773,0.00000,3.07515,3.07515,0.000000,0.000000,0,0,2.63600,378.793,10.821,9.000,1.8861,54,108,54,54,62
4,falling,11,208.0,,195.000,120.151,0.00000,3.31144,3.31144,0.000000,0.000000,0,0,2.63600,378.793,10.821,9.000,1.8861,54,108,54,54,62
4,falling,12,223.0,,195.000,123.540,0.00000,3.53042,3.53042,0.000000,0.000000,0,0,2.63600,378.793,10.821,9.000,1.8861,54,108,54,54,62
4,falling,13,240.0,,195.000,127.375,0.00000,3.75974,3.75974,0.000000,0.000000,0,0,2.63600,378.793,10.821,9.000,1.8861,54,108,54,54,62
4,falling,14,257.0,,195.000,131.440,0.00000,3.98555,3.98555,0.000000,0.000000,0,0,2.63600,378.793,10.821,9.000,1.8861,54,108,54,54,62
4,falling,15,273.0,,195.000,135.468,0.00000,4.19482,4.19482,0.000000,0.000000,0,0,2.63600,378.793,10.821,9.000,1.8861,54,108,54,54,62
4,falling,16,290.0,,195.000,139.970,0.00000,4.41397,4.41397,0.000000,0.000000,0,0,2.63600,378.793,10.821,9.000,1.8861,54,108,54,54,62
4,falling,17,307.0,,195.000,144.692,0.00000,4.62977,4.62977,0.000000,0.000000,0,0,2.63600,378.793,10.821,9.000,1.8861,54,108,54,54,62
4,falling,18,323.0,,195.000,149.329,0.00000,4.82977,4.82977,0.000000,0.000000,0,0,2.63600,378.793,10.821,9.000,1.8861,54,108,54,54,62
4,falling,19,340.0,,195.000,154.469,0.00000,5.03921,5.03921,0.000000,0.000000,0,0,2.63600,378.793,10.821,9.000,1.8861,54,108,54,54,62
4,falling,20,357.0,,195.000,159.819,0.00000,5.24544,5.24544,0.000000,0.000000,0,0,2.63600,378.793,10.821,9.000,1.8861,54,108,54,54,62
4,falling,21,373.0,,195.000,165.038,0.00000,5.43658,5.43658,0.000000,0.000000,0,0,2.63600,378.793,10.821,9.000,1.8861,54,108,54,54,62
4,falling,22,390.0,,195.000,170.788,0.00000,5.63673,5.63673,0.000000,0.000000,0,0,2.63600,378.793,10.821,9.000,1.8861,54,108,54,54,62
4,falling,23,407.0,,195.000,176.738,0.00000,5.83382,5.83382,0.000000,0.000000,0,0,2.63600,378.793,10.821,9.000,1.8861,54,108,54,54,62
4,falling,24,423.0,,195.000,182.514,0.00000,6.01648,6.01648,0.000000,0.000000,0,0,2.63600,378.793,10.821,9.000,1.8861,54,108,54,54,62
4,falling,25,440.0,,195.000,188.846,0.00000,6.20776,6.20776,0.000000,0.000000,0,0,2.63600,378.793,10.821,9.000,1.8861,54,108,54,54,62
4,falling,26,457.0,,195.000,195.370,0.00000,6.39612,6.39612,0.000000,0.000000,0,0,2.63600,378.793,10.821,9.000,1.8861,54,108,54,54,62
4,falling,27,473.0,,195.000,201.678,0.00000,6.57068,6.57068,0.000000,0.000000,0,0,2.63600,378.793,10.821,9.000,1.8861,54,108,54,54,62
4,falling,28,490.0,,195.000,208.566,0.00000,6.75348,6.75348,0.000000,0.000000,0,0,2.63600,378.793,10.821,9.000,1.8861,54,108,54,54,62
4,falling,29,507.0,,195.000,215.638,0.00000,6.93349,6.93349,0.000000,0.000000,0,0,2.63600,378.793,10.821,9.000,1.8861,54,108,54,54,62
4,falling,30,523.0,,195.000,222.455,0.00000,7.10031,7.10031,0.000000,0.000000,0,0,2.63600,378.793,10.821,9.000,1.8861,54,108,54,54,62
4,falling,31,540.0,,195.000,229.875,0.00000,7.27501,7.27501,0.000000,0.000000,0,0,2.63600,378.793,10.821,9.000,1.8861,54,108,54,54,62
4,falling,32,557.0,,195.000,237.471,0.00000,7.44703,7.44703,0.000000,0.000000,0,0,2.63600,378.793,10.821,9.000,1.8861,54,108,54,54,62
4,falling,33,573.0,,195.000,244.773,0.00000,7.60646,7.60646,0.000000,0.000000,0,0,2.63600,378.793,10.821,9.000,1.8861,54,108,54,54,62
4,falling,34,590.0,,195.000,252.702,0.00000,7.77342,7.77342,0.000000,0.000000,0,0,2.63600,378.793,10.821,9.000,1.8861,54,108,54,54,62
4,falling,35,607.0,,195.000,260.799,0.00000,7.93782,7.93782,0.000000,0.000000,0,0,2.63600,378.793,10.821,9.000,1.8861,54,108,54,54,62
4,falling,36,623.0,,195.000,268.565,0.00000,8.09018,8.09018,0.000000,0.000000,0,0,2.63600,378.793,10.821,9.000,1.8861,54,108,54,54,62
4,falling,37,640.0,,195.000,276.980,0.00000,8.24973,8.24973,0.000000,0.000000,0,0,2.63600,378.793,10.821,9.000,1.8861,54,108,54,54,62
4,falling,38,657.0,,195.000,285.555,0.00000,8.40685,8.40685,0.000000,0.000000,0,0,2.63600,378.793,10.821,9.000,1.8861,54,108,54,54,62
4,falling,39,673.0,,195.000,293.766,0.00000,8.55245,8.55245,0.000000,0.000000,0,0,2.63600,378.793,10.821,9.000,1.8861,54,108,54,54,62
4,falling,40,690.0,,195.000,302.645,0.00000,8.70493,8.70493,0.000000,0.000000,0,0,2.63600,378.793,10.821,9.000,1.8861,54,108,54,54,62
4,falling,41,707.0,,195.000,311.677,0.00000,8.85508,8.85508,0.000000,0.000000,0,0,2.63600,378.793,10.821,9.000,1.8861,54,108,54,54,62
4,falling,42,723.0,,195.000,320.311,0.00000,8.99424,8.99424,0.000000,0.000000,0,0,2.63600,378.793,10.821,9.000,1.8861,54,108,54,54,62
4,falling,43,740.0,,195.000,329.634,0.00000,9.13996,9.13996,0.000000,0.000000,0,0,2.63600,378.793,10.821,9.000,1.8861,54,108,54,54,62
4,falling,44,757.0,,195.000,338.538,0.00000,9.27501,9.27501,0.000000,0.000000,0,0,2.63600,378.793,10.821,9.000,1.8861,54,108,54,54,62
4,falling,45,773.0,,195.000,348.143,0.00000,9.41643,9.41643,0.000000,0.000000,0,0,2.63600,378.793,10.821,9.000,1.8861,54,108,54,54,62
4,falling,46,790.0,,195.000,357.890,0.00000,9.55570,9.55570,0.000000,0.000000,0,0,2.63600,378.793,10.821,9.000,1.8861,54,108,54,54,62
4,falling,47,807.0,,195.000,367.187,0.00000,9.68476,9.68476,0.000000,0.000000,0,0,2.63600,378.793,10.821,9.000,1.8861,54,108,54,54,62
4,falling,48,823.0,,195.000,377.203,0.00000,9.81992,9.81992,0.000000,0.000000,0,0,2.63600,378.793,10.821,9.000,1.8861,54,108,54,54,62
4,falling,49,840.0,,195.000,387.355,0.00000,9.95301,9.95301,0.000000,0.000000,0,0,2.63600,378.793,10.821,9.000,1.8861,54,108,54,54,62
4,falling,50,857.0,,195.000,397.029,0.00000,10.07635,10.07635,0.000000,0.000000,0,0,2.63600,378.793,10.821,9.000,1.8861,54,108,54,54,62
4,falling,51,873.0,,195.000,407.438,0.00000,10.20551,10.20551,0.000000,0.000000,0,0,2.63600,378.793,10.821,9.000,1.8861,54,108,54,54,62
4,falling,52,890.0,,195.000,417.978,0.00000,10.33270,10.33270,0.000000,0.000000,0,0,2.63600,378.793,10.821,9.000,1.8861,54,108,54,54,62
4,falling,53,907.0,,195.000,428.010,0.00000,10.45058,10.45058,0.000000,0.000000,0,0,2.63600,378.793,10.821,9.000,1.8861,54,108,54,54,62
4,falling,54,923.0,,195.000,438.796,0.00000,10.57402,10.57402,0.000000,0.000000,0,0,2.63600,378.793,10.821,9.000,1.8861,54,108,54,54,62
4,falling,55,940.0,,195.000,449.705,0.00000,10.69557,10.69557,0.000000,0.000000,0,0,2.63600,378.793,10.821,9.000,1.8861,54,108,54,54,62
4,falling,56,957.0,,195.000,460.737,0.00000,10.81526,10.81526,0.000000,0.000000,0,0,2.63600,378.793,10.821,9.000,1.8861,54,108,54,54,62
4,falling,57,973.0,,195.000,471.226,0.00000,10.92619,10.92619,0.000000,0.000000,0,0,2.63600,378.793,10.821,9.000,1.8861,54,108,54,54,62
4,post_landing,58,990.0,58,195.000,479.055,1.28453,-1.35840,1.86956,0.083592,0.000000,0,1,2.63600,378.793,10.821,9.000,1.8861,54,108,54,54,62
4,post_landing,59,1007.0,58,196.215,477.093,0.06095,-0.58969,0.59284,0.193032,0.079093,0,1,2.63600,378.793,10.821,9.000,1.8861,54,108,54,54,62
4,post_landing,60,1023.0,58,196.277,476.045,0.06001,-0.29734,0.30333,0.190079,0.272973,0,0,2.63600,378.793,10.821,9.000,1.8861,54,108,54,54,62
4,post_landing,61,1040.0,58,196.337,475.439,0.05910,-0.00946,0.05985,0.187170,0.463887,0,0,2.63600,378.793,10.821,9.000,1.8861,54,108,54,54,62
4,post_landing,62,1057.0,58,196.393,475.209,0.05824,0.25735,0.26386,0.184475,0.640983,0,0,2.63600,378.793,10.821,9.000,1.8861,54,108,54,54,62
4,post_landing,63,1073.0,58,196.451,475.756,0.05735,0.53674,0.53980,0.181653,0.826269,0,0,2.63600,378.793,10.821,9.000,1.8861,54,108,54,54,62
4,post_landing,64,1090.0,58,196.509,476.584,0.05648,0.81186,0.81383,0.178873,1.008719,0,0,2.63600,378.793,10.821,9.000,1.8861,54,108,54,54,62
4,post_landing,65,1107.0,58,196.562,477.608,0.05566,1.06684,1.06829,0.176298,1.177965,0,0,2.63600,378.793,10.821,9.000,1.8861,54,108,54,54,62
4,post_landing,66,1123.0,58,196.618,478.969,0.05481,1.33385,1.33498,0.173600,1.355037,0,0,2.63600,378.793,10.821,9.000,1.8861,54,108,54,54,62
4,post_landing,67,1140.0,58,196.673,480.598,0.05397,1.59678,1.59769,0.170944,1.529400,0,0,2.63600,378.793,10.821,9.000,1.8861,54,108,54,54,62
4,post_landing,68,1156.0,58,196.724,482.365,0.05319,1.84045,1.84122,0.168483,1.691144,0,0,2.63600,378.793,10.821,9.000,1.8861,54,108,54,54,62
4,post_landing,69,1173.0,58,196.778,484.502,0.05238,2.09562,2.09628,0.165905,1.860366,0,0,2.63600,378.793,10.821,9.000,1.8861,54,108,54,54,62
4,post_landing,70,1190.0,58,196.830,486.111,1.11094,0.01386,1.11103,-0.040181,2.027000,0,1,2.63600,378.793,10.821,9.000,1.8861,54,108,54,54,62
4,post_landing,71,1207.0,58,197.882,486.136,0.62171,0.01982,0.62202,0.027032,1.988982,0,1,2.63600,378.793,10.821,9.000,1.8861,54,108,54,54,62
4,post_landing,72,1223.0,58,198.506,486.131,0.27831,0.00000,0.27831,0.043510,2.016133,0,1,2.63600,378.793,10.821,9.000,1.8861,54,108,54,54,62
4,post_landing,73,1240.0,58,198.786,486.163,0.71696,0.03767,0.71795,-0.031011,2.059834,0,1,2.63600,378.793,10.821,9.000,1.8861,54,108,54,54,62
4,post_landing,74,1257.0,58,199.464,486.134,0.27510,-0.01572,0.27555,0.029974,2.030492,0,1,2.63600,378.793,10.821,9.000,1.8861,54,108,54,54,62
4,post_landing,75,1273.0,58,199.740,486.163,0.04050,-0.04224,0.05852,0.037254,2.060598,0,1,2.63600,378.793,10.821,9.000,1.8861,54,108,54,54,62
4,post_landing,76,1290.0,58,199.781,486.242,0.52499,0.10042,0.53451,-0.067623,2.098015,0,1,2.63600,378.793,10.821,9.000,1.8861,54,108,54,54,62
4,post_landing,77,1306.0,58,200.278,486.113,0.36501,0.07670,0.37298,-0.026137,2.034032,0,1,2.63600,378.793,10.821,9.000,1.8861,54,108,54,54,62
4,post_landing,78,1323.0,58,200.644,486.134,0.42492,0.00000,0.42492,-0.038136,2.007780,0,1,2.63600,378.793,10.821,9.000,1.8861,54,108,54,54,62
4,post_landing,79,1340.0,58,201.071,486.163,0.39331,-0.08185,0.40174,-0.032991,1.969477,0,1,2.63600,378.793,10.821,9.000,1.8861,54,108,54,54,62
4,post_landing,80,1356.0,58,201.443,486.217,0.36439,-0.11337,0.38162,-0.031038,1.938261,0,1,2.63600,378.793,10.821,9.000,1.8861,54,108,54,54,62
4,post_landing,81,1373.0,58,201.809,486.316,0.33728,-0.17091,0.37811,-0.033661,1.907087,0,1,2.63600,378.793,10.821,9.000,1.8861,54,108,54,54,62
4,post_landing,82,1390.0,58,202.148,486.455,0.31220,-0.18717,0.36400,-0.038022,1.873278,0,1,2.63600,378.793,10.821,9.000,1.8861,54,108,54,54,62
4,post_landing,83,1406.0,58,202.443,486.552,0.30770,0.08219,0.31849,-0.037475,1.837302,0,0,2.63600,378.793,10.821,9.000,1.8861,54,108,54,54,62
4,post_landing,84,1423.0,58,202.752,486.914,0.28481,-0.12487,0.31098,-0.028381,1.799663,0,1,2.63600,378.793,10.821,9.000,1.8861,54,108,54,54,62
4,post_landing,85,1440.0,58,203.038,487.078,0.28046,0.16037,0.32307,-0.027947,1.771157,0,0,2.63600,378.793,10.821,9.000,1.8861,54,108,54,54,62
4,post_landing,86,1456.0,58,203.304,487.379,0.25983,-0.06059,0.26680,-0.026135,1.744715,0,1,2.63600,378.793,10.821,9.000,1.8861,54,108,54,54,62
4,post_landing,87,1473.0,58,203.565,487.628,0.73831,-0.87875,1.14773,-0.116828,1.718464,0,1,2.63600,378.793,10.821,9.000,1.8861,54,108,54,54,62
4,post_landing,88,1490.0,58,204.306,487.051,0.72701,-0.58197,0.93125,-0.115041,1.601123,0,0,2.63600,378.793,10.821,9.000,1.8861,54,108,54,54,62
4,post_landing,89,1506.0,58,204.994,486.756,0.71654,-0.30692,0.77951,-0.113384,1.492274,0,0,2.63600,378.793,10.821,9.000,1.8861,54,108,54,54,62
4,post_landing,90,1523.0,58,205.714,486.737,0.70558,-0.01889,0.70583,-0.111650,1.378391,0,0,2.63600,378.793,10.821,9.000,1.8861,54,108,54,54,62
4,post_landing,91,1540.0,58,206.423,487.007,0.69478,0.26473,0.74351,-0.109941,1.266251,0,0,2.63600,378.793,10.821,9.000,1.8861,54,108,54,54,62
4,post_landing,92,1556.0,58,207.080,487.514,0.68478,0.52759,0.86445,-0.108358,1.162227,0,0,2.63600,378.793,10.821,9.000,1.8861,54,108,54,54,62
4,post_landing,93,1573.0,58,207.768,488.333,0.67430,0.80285,1.04845,-0.106700,1.053392,0,0,2.63600,378.793,10.821,9.000,1.8861,54,108,54,54,62
4,post_landing,94,1590.0,58,208.445,489.428,0.66399,1.07390,1.26259,-0.105068,0.946223,0,0,2.63600,378.793,10.821,9.000,1.8861,54,108,54,54,62
4,post_landing,95,1606.0,58,209.073,490.738,0.63352,0.28038,0.69279,0.009582,0.846811,0,1,2.63600,378.793,10.821,9.000,1.8861,54,108,54,54,62
4,post_landing,96,1623.0,58,209.710,491.118,0.55184,0.20760,0.58959,0.008416,0.856434,0,1,2.63600,378.793,10.821,9.000,1.8861,54,108,54,54,62
4,post_landing,97,1640.0,58,210.232,491.377,0.47194,0.17909,0.50477,0.007112,0.864398,0,1,2.63600,378.793,10.821,9.000,1.8861,54,108,54,54,62
4,post_landing,98,1656.0,58,210.706,491.619,0.40220,0.17468,0.43849,0.006110,0.871541,0,1,2.63600,378.793,10.821,9.000,1.8861,54,108,54,54,62
4,post_landing,99,1673.0,58,211.110,491.827,0.35962,0.16576,0.39598,0.005518,0.877678,0,1,2.63600,378.793,10.821,9.000,1.8861,54,108,54,54,62
4,post_landing,100,1690.0,58,211.450,491.999,0.32826,0.15386,0.36253,0.005155,0.882899,0,1,2.63600,378.793,10.821,9.000,1.8861,54,108,54,54,62
4,post_landing,101,1706.0,58,211.780,492.178,0.31354,0.30974,0.44074,0.009132,0.888077,0,1,2.63600,378.793,10.821,9.000,1.8861,54,108,54,54,62
4,post_landing,102,1723.0,58,212.095,492.491,0.36447,0.39086,0.53443,0.010774,0.897248,0,1,2.63600,378.793,10.821,9.000,1.8861,54,108,54,54,62
4,post_landing,103,1740.0,58,212.439,492.838,0.42026,0.43345,0.60373,0.012507,0.907443,0,1,2.63600,378.793,10.821,9.000,1.8861,54,108,54,54,62
4,post_landing,104,1756.0,58,212.861,493.275,0.46467,0.48464,0.67141,0.013842,0.920005,0,1,2.63600,378.793,10.821,9.000,1.8861,54,108,54,54,62
4,post_landing,105,1773.0,58,213.328,493.761,0.50325,0.52578,0.72781,0.015220,0.933908,0,1,2.63600,378.793,10.821,9.000,1.8861,54,108,54,54,62
4,post_landing,106,1790.0,58,213.804,494.265,0.53049,0.55392,0.76697,0.015836,0.948309,0,1,2.63600,378.793,10.821,9.000,1.8861,54,108,54,54,62
4,post_landing,107,1806.0,58,214.337,494.837,0.54311,0.59450,0.80523,0.016974,0.964215,0,1,2.63600,378.793,10.821,9.000,1.8861,54,108,54,54,62
4,post_landing,108,1823.0,58,214.883,495.454,0.55288,0.62889,0.83737,0.017679,0.981264,0,1,2.63600,378.793,10.821,9.000,1.8861,54,108,54,54,62
4,post_landing,109,1840.0,58,215.406,496.062,0.55683,0.64870,0.85491,0.017857,0.997991,0,1,2.63600,378.793,10.821,9.000,1.8861,54,108,54,54,62
4,post_landing,110,1856.0,58,215.965,496.731,0.55253,0.67935,0.87568,0.018610,1.015926,0,1,2.63600,378.793,10.821,9.000,1.8861,54,108,54,54,62
4,post_landing,111,1873.0,58,216.520,497.524,0.54704,0.70352,0.89118,0.019454,1.034618,0,1,2.63600,378.793,10.821,9.000,1.8861,54,108,54,54,62
4,post_landing,112,1890.0,58,217.038,498.226,0.65687,0.56124,0.86398,0.024707,1.053024,0,1,2.63600,378.793,10.821,9.000,1.8861,54,108,54,54,62
4,post_landing,113,1906.0,58,217.697,498.892,0.39647,0.06968,0.40255,-0.021188,1.077840,0,1,2.63600,378.793,10.821,9.000,1.8861,54,108,54,54,62
4,post_landing,114,1923.0,58,218.096,498.527,0.25173,0.20787,0.32647,0.009422,1.056559,0,1,2.63600,378.793,10.821,9.000,1.8861,54,108,54,54,62
4,post_landing,115,1940.0,58,218.334,498.709,0.31066,0.28092,0.41884,0.011594,1.065474,0,1,2.63600,378.793,10.821,9.000,1.8861,54,108,54,54,62
4,post_landing,116,1956.0,58,218.646,499.065,0.05663,0.00000,0.05663,0.000862,1.077118,0,1,2.63600,378.793,10.821,9.000,1.8861,54,108,54,54,62
4,post_landing,117,1973.0,58,218.703,499.084,-0.05632,-0.03521,0.06642,0.000000,1.077984,0,1,2.63600,378.793,10.821,9.000,1.8861,54,108,54,54,62
5,falling,0,15.0,,195.000,97.029,0.00000,0.55000,0.55000,0.000000,0.000000,0,0,4.20200,918.333,0.519,9.000,1.6043,84,168,84,91,85
5,falling,1,23.0,,195.000,97.355,0.00000,0.67937,0.67937,0.000000,0.000000,0,0,4.20200,918.333,0.519,9.000,1.6043,84,168,84,91,85
5,falling,2,39.0,,195.000,98.254,0.00000,0.93626,0.93626,0.000000,0.000000,0,0,4.20200,918.333,0.519,9.000,1.6043,84,168,84,91,85
5,falling,3,56.0,,195.000,99.483,0.00000,1.20527,1.20527,0.000000,0.000000,0,0,4.20200,918.333,0.519,9.000,1.6043,84,168,84,91,85
5,falling,4,73.0,,195.000,100.983,0.00000,1.47016,1.47016,0.000000,0.000000,0,0,4.20200,918.333,0.519,9.000,1.6043,84,168,84,91,85
5,falling,5,89.0,,195.000,102.630,0.00000,1.71565,1.71565,0.000000,0.000000,0,0,4.20200,918.333,0.519,9.000,1.6043,84,168,84,91,85
5,falling,6,106.0,,195.000,104.642,0.00000,1.97274,1.97274,0.000000,0.000000,0,0,4.20200,918.333,0.519,9.000,1.6043,84,168,84,91,85
5,falling,7,123.0,,195.000,106.912,0.00000,2.22589,2.22589,0.000000,0.000000,0,0,4.20200,918.333,0.519,9.000,1.6043,84,168,84,91,85
5,falling,8,140.0,,195.000,109.275,0.00000,2.46050,2.46050,0.000000,0.000000,0,0,4.20200,918.333,0.519,9.000,1.6043,84,168,84,91,85
5,falling,9,156.0,,195.000,112.035,0.00000,2.70619,2.70619,0.000000,0.000000,0,0,4.20200,918.333,0.519,9.000,1.6043,84,168,84,91,85
5,falling,10,173.0,,195.000,115.042,0.00000,2.94812,2.94812,0.000000,0.000000,0,0,4.20200,918.333,0.519,9.000,1.6043,84,168,84,91,85
5,falling,11,190.0,,195.000,118.087,0.00000,3.17233,3.17233,0.000000,0.000000,0,0,4.20200,918.333,0.519,9.000,1.6043,84,168,84,91,85
5,falling,12,206.0,,195.000,121.563,0.00000,3.40713,3.40713,0.000000,0.000000,0,0,4.20200,918.333,0.519,9.000,1.6043,84,168,84,91,85
5,falling,13,223.0,,195.000,125.274,0.00000,3.63833,3.63833,0.000000,0.000000,0,0,4.20200,918.333,0.519,9.000,1.6043,84,168,84,91,85
5,falling,14,240.0,,195.000,128.972,0.00000,3.85261,3.85261,0.000000,0.000000,0,0,4.20200,918.333,0.519,9.000,1.6043,84,168,84,91,85
5,falling,15,256.0,,195.000,133.131,0.00000,4.07700,4.07700,0.000000,0.000000,0,0,4.20200,918.333,0.519,9.000,1.6043,84,168,84,91,85
5,falling,16,273.0,,195.000,137.515,0.00000,4.29795,4.29795,0.000000,0.000000,0,0,4.20200,918.333,0.519,9.000,1.6043,84,168,84,91,85
5,falling,17,290.0,,195.000,142.121,0.00000,4.51553,4.51553,0.000000,0.000000,0,0,4.20200,918.333,0.519,9.000,1.6043,84,168,84,91,85
5,falling,18,306.0,,195.000,146.649,0.00000,4.71717,4.71717,0.000000,0.000000,0,0,4.20200,918.333,0.519,9.000,1.6043,84,168,84,91,85
5,falling,19,323.0,,195.000,151.676,0.00000,4.92833,4.92833,0.000000,0.000000,0,0,4.20200,918.333,0.519,9.000,1.6043,84,168,84,91,85
5,falling,20,339.0,,195.000,156.595,0.00000,5.12403,5.12403,0.000000,0.000000,0,0,4.20200,918.333,0.519,9.000,1.6043,84,168,84,91,85
5,falling,21,356.0,,195.000,162.031,0.00000,5.32896,5.32896,0.000000,0.000000,0,0,4.20200,918.333,0.519,9.000,1.6043,84,168,84,91,85
5,falling,22,373.0,,195.000,167.672,0.00000,5.53077,5.53077,0.000000,0.000000,0,0,4.20200,918.333,0.519,9.000,1.6043,84,168,84,91,85
5,falling,23,389.0,,195.000,173.161,0.00000,5.71779,5.71779,0.000000,0.000000,0,0,4.20200,918.333,0.519,9.000,1.6043,84,168,84,91,85
5,falling,24,406.0,,195.000,179.193,0.00000,5.91364,5.91364,0.000000,0.000000,0,0,4.20200,918.333,0.519,9.000,1.6043,84,168,84,91,85
5,falling,25,423.0,,195.000,185.422,0.00000,6.10649,6.10649,0.000000,0.000000,0,0,4.20200,918.333,0.519,9.000,1.6043,84,168,84,91,85
5,falling,26,439.0,,195.000,191.455,0.00000,6.28523,6.28523,0.000000,0.000000,0,0,4.20200,918.333,0.519,9.000,1.6043,84,168,84,91,85
5,falling,27,456.0,,195.000,198.057,0.00000,6.47240,6.47240,0.000000,0.000000,0,0,4.20200,918.333,0.519,9.000,1.6043,84,168,84,91,85
5,falling,28,473.0,,195.000,204.847,0.00000,6.65670,6.65670,0.000000,0.000000,0,0,4.20200,918.333,0.519,9.000,1.6043,84,168,84,91,85
5,falling,29,489.0,,195.000,211.401,0.00000,6.82751,6.82751,0.000000,0.000000,0,0,4.20200,918.333,0.519,9.000,1.6043,84,168,84,91,85
5,falling,30,506.0,,195.000,218.548,0.00000,7.00639,7.00639,0.000000,0.000000,0,0,4.20200,918.333,0.519,9.000,1.6043,84,168,84,91,85
5,falling,31,523.0,,195.000,225.433,0.00000,7.17216,7.17216,0.000000,0.000000,0,0,4.20200,918.333,0.519,9.000,1.6043,84,168,84,91,85
5,falling,32,539.0,,195.000,232.926,0.00000,7.34576,7.34576,0.000000,0.000000,0,0,4.20200,918.333,0.519,9.000,1.6043,84,168,84,91,85
5,falling,33,556.0,,195.000,240.593,0.00000,7.51670,7.51670,0.000000,0.000000,0,0,4.20200,918.333,0.519,9.000,1.6043,84,168,84,91,85
5,falling,34,573.0,,195.000,247.961,0.00000,7.67513,7.67513,0.000000,0.000000,0,0,4.20200,918.333,0.519,9.000,1.6043,84,168,84,91,85
5,falling,35,589.0,,195.000,255.959,0.00000,7.84103,7.84103,0.000000,0.000000,0,0,4.20200,918.333,0.519,9.000,1.6043,84,168,84,91,85
5,falling,36,606.0,,195.000,264.123,0.00000,8.00440,8.00440,0.000000,0.000000,0,0,4.20200,918.333,0.519,9.000,1.6043,84,168,84,91,85
5,falling,37,623.0,,195.000,271.953,0.00000,8.15580,8.15580,0.000000,0.000000,0,0,4.20200,918.333,0.519,9.000,1.6043,84,168,84,91,85
5,falling,38,639.0,,195.000,280.434,0.00000,8.31435,8.31435,0.000000,0.000000,0,0,4.20200,918.333,0.519,9.000,1.6043,84,168,84,91,85
5,falling,39,656.0,,195.000,289.073,0.00000,8.47047,8.47047,0.000000,0.000000,0,0,4.20200,918.333,0.519,9.000,1.6043,84,168,84,91,85
5,falling,40,673.0,,195.000,297.344,0.00000,8.61517,8.61517,0.000000,0.000000,0,0,4.20200,918.333,0.519,9.000,1.6043,84,168,84,91,85
5,falling,41,689.0,,195.000,306.286,0.00000,8.76669,8.76669,0.000000,0.000000,0,0,4.20200,918.333,0.519,9.000,1.6043,84,168,84,91,85
5,falling,42,706.0,,195.000,315.380,0.00000,8.91589,8.91589,0.000000,0.000000,0,0,4.20200,918.333,0.519,9.000,1.6043,84,168,84,91,85
5,falling,43,723.0,,195.000,324.072,0.00000,9.05417,9.05417,0.000000,0.000000,0,0,4.20200,918.333,0.519,9.000,1.6043,84,168,84,91,85
5,falling,44,739.0,,195.000,333.455,0.00000,9.19897,9.19897,0.000000,0.000000,0,0,4.20200,918.333,0.519,9.000,1.6043,84,168,84,91,85
5,falling,45,756.0,,195.000,342.984,0.00000,9.34156,9.34156,0.000000,0.000000,0,0,4.20200,918.333,0.519,9.000,1.6043,84,168,84,91,85
5,falling,46,773.0,,195.000,352.078,0.00000,9.47371,9.47371,0.000000,0.000000,0,0,4.20200,918.333,0.519,9.000,1.6043,84,168,84,91,85
5,falling,47,789.0,,195.000,361.883,0.00000,9.61210,9.61210,0.000000,0.000000,0,0,4.20200,918.333,0.519,9.000,1.6043,84,168,84,91,85
5,falling,48,806.0,,195.000,371.826,0.00000,9.74836,9.74836,0.000000,0.000000,0,0,4.20200,918.333,0.519,9.000,1.6043,84,168,84,91,85
5,falling,49,823.0,,195.000,381.306,0.00000,9.87465,9.87465,0.000000,0.000000,0,0,4.20200,918.333,0.519,9.000,1.6043,84,168,84,91,85
5,falling,50,839.0,,195.000,391.513,0.00000,10.00691,10.00691,0.000000,0.000000,0,0,4.20200,918.333,0.519,9.000,1.6043,84,168,84,91,85
5,falling,51,856.0,,195.000,401.853,0.00000,10.13713,10.13713,0.000000,0.000000,0,0,4.20200,918.333,0.519,9.000,1.6043,84,168,84,91,85
5,falling,52,873.0,,195.000,411.700,0.00000,10.25783,10.25783,0.000000,0.000000,0,0,4.20200,918.333,0.519,9.000,1.6043,84,168,84,91,85
5,falling,53,889.0,,195.000,422.292,0.00000,10.38421,10.38421,0.000000,0.000000,0,0,4.20200,918.333,0.519,9.000,1.6043,84,168,84,91,85
5,falling,54,906.0,,195.000,433.011,0.00000,10.50867,10.50867,0.000000,0.000000,0,0,4.20200,918.333,0.519,9.000,1.6043,84,168,84,91,85
5,falling,55,923.0,,195.000,443.210,0.00000,10.62401,10.62401,0.000000,0.000000,0,0,4.20200,918.333,0.519,9.000,1.6043,84,168,84,91,85
5,falling,56,939.0,,195.000,454.170,0.00000,10.74480,10.74480,0.000000,0.000000,0,0,4.20200,918.333,0.519,9.000,1.6043,84,168,84,91,85
5,falling,57,956.0,,195.000,465.251,0.00000,10.86373,10.86373,0.000000,0.000000,0,0,4.20200,918.333,0.519,9.000,1.6043,84,168,84,91,85
5,falling,58,973.0,,195.000,475.786,0.00000,10.97396,10.97396,0.000000,0.000000,0,0,4.20200,918.333,0.519,9.000,1.6043,84,168,84,91,85
5,post_landing,59,989.0,59,195.000,483.410,-1.98970,0.00000,1.98970,-0.002231,0.000000,0,1,4.20200,918.333,0.519,9.000,1.6043,84,168,84,91,85
5,post_landing,60,1006.0,59,193.002,481.419,-1.43409,-0.80481,1.64449,-0.077553,-0.002241,0,1,4.20200,918.333,0.519,9.000,1.6043,84,168,84,91,85
5,post_landing,61,1023.0,59,191.645,480.894,-1.55987,-0.28961,1.58653,-0.013120,-0.075620,0,1,4.20200,918.333,0.519,9.000,1.6043,84,168,84,91,85
5,post_landing,62,1039.0,59,190.078,480.876,-1.53600,-0.00184,1.53600,-0.012919,-0.088797,0,0,4.20200,918.333,0.519,9.000,1.6043,84,168,84,91,85
5,post_landing,63,1056.0,59,188.535,481.118,-1.48147,0.10698,1.48532,0.000000,-0.101773,0,1,4.20200,918.333,0.519,9.000,1.6043,84,168,84,91,85
5,post_landing,64,1073.0,59,187.133,481.138,-1.08381,0.00000,1.08381,-0.029568,-0.101773,0,1,4.20200,918.333,0.519,9.000,1.6043,84,168,84,91,85
5,post_landing,65,1089.0,59,186.045,481.402,-1.96781,0.10767,1.97075,0.065966,-0.131471,0,1,4.20200,918.333,0.519,9.000,1.6043,84,168,84,91,85
5,post_landing,66,1106.0,59,184.068,481.280,-1.56341,-0.67173,1.70161,-0.030336,-0.065216,0,1,4.20200,918.333,0.519,9.000,1.6043,84,168,84,91,85
5,post_landing,67,1122.0,59,182.589,480.901,-1.54089,-0.39539,1.59081,-0.029899,-0.093919,0,0,4.20200,918.333,0.519,9.000,1.6043,84,168,84,91,85
5,post_landing,68,1139.0,59,181.042,480.793,-1.51732,-0.10601,1.52102,-0.029442,-0.123949,0,0,4.20200,918.333,0.519,9.000,1.6043,84,168,84,91,85
5,post_landing,69,1156.0,59,179.518,480.975,-1.49410,0.17895,1.50478,-0.028991,-0.153520,0,0,4.20200,918.333,0.519,9.000,1.6043,84,168,84,91,85
5,post_landing,70,1172.0,59,178.104,481.401,-1.47259,0.44304,1.53779,-0.028574,-0.180951,0,0,4.20200,918.333,0.519,9.000,1.6043,84,168,84,91,85
5,post_landing,71,1189.0,59,176.625,482.135,-1.45006,0.71959,1.61879,-0.028137,-0.209650,0,0,4.20200,918.333,0.519,9.000,1.6043,84,168,84,91,85
5,post_landing,72,1206.0,59,175.168,482.734,-1.94851,-0.20784,1.95956,-0.001786,-0.237910,0,1,4.20200,918.333,0.519,9.000,1.6043,84,168,84,91,85
5,post_landing,73,1223.0,59,173.325,482.730,-1.48779,0.02349,1.48797,-0.025610,-0.239600,0,1,4.20200,918.333,0.519,9.000,1.6043,84,168,84,91,85
5,post_landing,74,1239.0,59,171.830,483.043,-1.46502,0.30647,1.49674,-0.025218,-0.265322,0,0,4.20200,918.333,0.519,9.000,1.6043,84,168,84,91,85
5,post_landing,75,1256.0,59,170.359,483.520,-1.65987,0.21612,1.67388,0.012373,-0.290651,0,1,4.20200,918.333,0.519,9.000,1.6043,84,168,84,91,85
5,post_landing,76,1273.0,59,168.788,483.686,-2.56669,-0.38564,2.59550,0.047013,-0.278944,0,1,4.20200,918.333,0.519,9.000,1.6043,84,168,84,91,85
5,post_landing,77,1289.0,59,166.210,482.987,-1.47913,-0.05302,1.48008,-0.050413,-0.231724,0,1,4.20200,918.333,0.519,9.000,1.6043,84,168,84,91,85
5,post_landing,78,1306.0,59,164.725,482.743,-1.45650,0.23112,1.47472,-0.049642,-0.282359,0,0,4.20200,918.333,0.519,9.000,1.6043,84,168,84,91,85
5,post_landing,79,1322.0,59,163.347,483.218,-1.43552,0.49446,1.51830,-0.048927,-0.329329,0,0,4.20200,918.333,0.519,9.000,1.6043,84,168,84,91,85
5,post_landing,80,1339.0,59,161.905,484.004,-1.41356,0.77023,1.60979,-0.048179,-0.378471,0,0,4.20200,918.333,0.519,9.000,1.6043,84,168,84,91,85
5,post_landing,81,1356.0,59,160.485,485.066,-1.39193,1.04178,1.73861,-0.047441,-0.426861,0,0,4.20200,918.333,0.519,9.000,1.6043,84,168,84,91,85
5,post_landing,82,1373.0,59,159.168,485.538,-0.95931,0.00000,0.95931,-0.027310,-0.471749,0,1,4.20200,918.333,0.519,9.000,1.6043,84,168,84,91,85
5,post_landing,83,1389.0,59,158.205,485.348,-0.97376,-0.23508,1.00173,0.002782,-0.499179,0,1,4.20200,918.333,0.519,9.000,1.6043,84,168,84,91,85
5,post_landing,84,1406.0,59,157.227,485.334,-0.84204,-0.24149,0.87599,0.002308,-0.496385,0,1,4.20200,918.333,0.519,9.000,1.6043,84,168,84,91,85
5,post_landing,85,1423.0,59,156.430,485.341,-0.55151,-0.01773,0.55180,-0.015044,-0.494201,0,1,4.20200,918.333,0.519,9.000,1.6043,84,168,84,91,85
5,post_landing,86,1439.0,59,155.876,485.281,-0.24837,0.05194,0.25374,-0.024074,-0.509312,0,1,4.20200,918.333,0.519,9.000,1.6043,84,168,84,91,85
5,post_landing,87,1456.0,59,155.626,485.171,-0.14376,0.02422,0.14579,-0.013946,-0.533492,0,1,4.20200,918.333,0.519,9.000,1.6043,84,168,84,91,85
5,post_landing,88,1473.0,59,155.490,485.105,0.11962,0.07294,0.14010,-0.042424,-0.546686,0,1,4.20200,918.333,0.519,9.000,1.6043,84,168,84,91,85
5,post_landing,89,1489.0,59,155.611,484.980,0.17754,0.07978,0.19464,-0.039510,-0.589297,0,1,4.20200,918.333,0.519,9.000,1.6043,84,168,84,91,85
5,post_landing,90,1506.0,59,155.789,484.906,-0.36005,-0.02229,0.36073,0.043177,-0.628981,0,1,4.20200,918.333,0.519,9.000,1.6043,84,168,84,91,85
5,post_landing,91,1522.0,59,155.448,484.958,0.07772,0.10399,0.12982,-0.022185,-0.588128,0,1,4.20200,918.333,0.519,9.000,1.6043,84,168,84,91,85
5,post_landing,92,1539.0,59,155.526,484.930,0.19985,0.06868,0.21132,-0.032775,-0.610411,0,1,4.20200,918.333,0.519,9.000,1.6043,84,168,84,91,85
5,post_landing,93,1556.0,59,155.727,484.892,-0.30414,0.00000,0.30414,0.042725,-0.643330,0,1,4.20200,918.333,0.519,9.000,1.6043,84,168,84,91,85
5,post_landing,94,1573.0,59,155.439,484.928,0.19870,0.06440,0.20888,-0.031775,-0.602905,0,1,4.20200,918.333,0.519,9.000,1.6043,84,168,84,91,85
5,post_landing,95,1589.0,59,155.639,484.897,0.29111,0.02945,0.29260,-0.038213,-0.634819,0,1,4.20200,918.333,0.519,9.000,1.6043,84,168,84,91,85
5,post_landing,96,1606.0,59,155.931,484.887,-0.02705,0.00000,0.02705,0.010773,-0.673200,0,1,4.20200,918.333,0.519,9.000,1.6043,84,168,84,91,85
5,post_landing,97,1623.0,59,155.906,484.877,-0.28272,0.00000,0.28272,0.043510,-0.663007,0,1,4.20200,918.333,0.519,9.000,1.6043,84,168,84,91,85
5,post_landing,98,1639.0,59,155.622,484.905,-0.32414,-0.02900,0.32543,0.043663,-0.619306,0,1,4.20200,918.333,0.519,9.000,1.6043,84,168,84,91,85
5,post_landing,99,1656.0,59,155.296,484.994,0.34195,0.05468,0.34630,-0.052419,-0.575451,0,1,4.20200,918.333,0.519,9.000,1.6043,84,168,84,91,85
5,post_landing,100,1673.0,59,155.620,484.905,-0.12521,0.00000,0.12521,0.021842,-0.625048,0,1,4.20200,918.333,0.519,9.000,1.6043,84,168,84,91,85
5,post_landing,101,1689.0,59,155.494,484.932,-0.26431,-0.04571,0.26823,0.039725,-0.603110,0,1,4.20200,918.333,0.519,9.000,1.6043,84,168,84,91,85
5,post_landing,102,1706.0,59,155.228,485.031,-0.21128,-0.09378,0.23116,0.030933,-0.563211,0,1,4.20200,918.333,0.519,9.000,1.6043,84,168,84,91,85
5,post_landing,103,1723.0,59,155.028,485.138,0.20352,0.12961,0.24129,-0.030534,-0.533942,0,1,4.20200,918.333,0.519,9.000,1.6043,84,168,84,91,85
5,post_landing,104,1739.0,59,155.233,485.053,0.09251,0.00000,0.09251,-0.005530,-0.564610,0,1,4.20200,918.333,0.519,9.000,1.6043,84,168,84,91,85
5,post_landing,105,1756.0,59,155.326,485.021,0.36721,0.09329,0.37888,-0.040941,-0.570164,0,1,4.20200,918.333,0.519,9.000,1.6043,84,168,84,91,85
5,post_landing,106,1773.0,59,155.673,484.932,-0.09689,-0.04142,0.10537,0.031256,-0.608901,0,1,4.20200,918.333,0.519,9.000,1.6043,84,168,84,91,85
5,post_landing,107,1789.0,59,155.576,484.989,-0.20213,-0.05718,0.21007,0.042997,-0.577508,0,1,4.20200,918.333,0.519,9.000,1.6043,84,168,84,91,85
5,post_landing,108,1806.0,59,155.373,485.140,0.31121,0.14676,0.34408,-0.034309,-0.534322,0,1,4.20200,918.333,0.519,9.000,1.6043,84,168,84,91,85
5,post_landing,109,1822.0,59,155.667,485.043,-0.12083,-0.06117,0.13543,0.035747,-0.566784,0,1,4.20200,918.333,0.519,9.000,1.6043,84,168,84,91,85
5,post_landing,110,1839.0,59,155.546,485.158,0.32203,0.16240,0.36066,-0.031440,-0.530880,0,1,4.20200,918.333,0.519,9.000,1.6043,84,168,84,91,85
5,post_landing,111,1856.0,59,155.869,485.063,0.42291,0.11113,0.43727,-0.037526,-0.562457,0,1,4.20200,918.333,0.519,9.000,1.6043,84,168,84,91,85
5,post_landing,112,1872.0,59,156.270,484.956,0.00592,-0.05526,0.05557,0.027763,-0.597963,0,1,4.20200,918.333,0.519,9.000,1.6043,84,168,84,91,85
5,post_landing,113,1889.0,59,156.276,485.011,-0.21354,-0.03525,0.21643,0.054620,-0.570078,0,1,4.20200,918.333,0.519,9.000,1.6043,84,168,84,91,85
5,post_landing,114,1906.0,59,156.073,485.210,0.30853,0.15936,0.34725,-0.026421,-0.518398,0,1,4.20200,918.333,0.519,9.000,1.6043,84,168,84,91,85
5,post_landing,115,1922.0,59,156.383,485.128,0.28342,0.08853,0.29692,-0.015245,-0.544935,0,1,4.20200,918.333,0.519,9.000,1.6043,84,168,84,91,85
5,post_landing,116,1939.0,59,156.668,485.063,0.32019,0.09592,0.33425,-0.016508,-0.560247,0,1,4.20200,918.333,0.519,9.000,1.6043,84,168,84,91,85
5,post_landing,117,1956.0,59,156.971,485.008,0.40285,0.11194,0.41811,-0.024935,-0.575866,0,1,4.20200,918.333,0.519,9.000,1.6043,84,168,84,91,85
5,post_landing,118,1972.0,59,157.376,484.951,0.32665,0.05189,0.33074,-0.010407,-0.600911,0,1,4.20200,918.333,0.519,9.000,1.6043,84,168,84,91,85
6,falling,0,29.0,,195.000,97.029,0.00000,0.55000,0.55000,0.000000,0.000000,0,0,4.95600,1754.612,4.805,35.000,1.5583,63,126,63,66,67
6,falling,1,35.0,,195.000,97.262,0.00000,0.64703,0.64703,0.000000,0.000000,0,0,4.95600,1754.612,4.805,35.000,1.5583,63,126,63,66,67
6,falling,2,52.0,,195.000,98.201,0.00000,0.92046,0.92046,0.000000,0.000000,0,0,4.95600,1754.612,4.805,35.000,1.5583,63,126,63,66,67
6,falling,3,69.0,,195.000,99.328,0.00000,1.17388,1.17388,0.000000,0.000000,0,0,4.95600,1754.612,4.805,35.000,1.5583,63,126,63,66,67
6,falling,4,85.0,,195.000,100.796,0.00000,1.43925,1.43925,0.000000,0.000000,0,0,4.95600,1754.612,4.805,35.000,1.5583,63,126,63,66,67
6,falling,5,102.0,,195.000,102.530,0.00000,1.70056,1.70056,0.000000,0.000000,0,0,4.95600,1754.612,4.805,35.000,1.5583,63,126,63,66,67
6,falling,6,119.0,,195.000,104.395,0.00000,1.94274,1.94274,0.000000,0.000000,0,0,4.95600,1754.612,4.805,35.000,1.5583,63,126,63,66,67
6,falling,7,135.0,,195.000,106.636,0.00000,2.19635,2.19635,0.000000,0.000000,0,0,4.95600,1754.612,4.805,35.000,1.5583,63,126,63,66,67
6,falling,8,152.0,,195.000,109.131,0.00000,2.44608,2.44608,0.000000,0.000000,0,0,4.95600,1754.612,4.805,35.000,1.5583,63,126,63,66,67
6,falling,9,169.0,,195.000,111.876,0.00000,2.69199,2.69199,0.000000,0.000000,0,0,4.95600,1754.612,4.805,35.000,1.5583,63,126,63,66,67
6,falling,10,185.0,,195.000,114.680,0.00000,2.91989,2.91989,0.000000,0.000000,0,0,4.95600,1754.612,4.805,35.000,1.5583,63,126,63,66,67
6,falling,11,202.0,,195.000,117.901,0.00000,3.15855,3.15855,0.000000,0.000000,0,0,4.95600,1754.612,4.805,35.000,1.5583,63,126,63,66,67
6,falling,12,219.0,,195.000,121.146,0.00000,3.37973,3.37973,0.000000,0.000000,0,0,4.95600,1754.612,4.805,35.000,1.5583,63,126,63,66,67
6,falling,13,235.0,,195.000,124.829,0.00000,3.61136,3.61136,0.000000,0.000000,0,0,4.95600,1754.612,4.805,35.000,1.5583,63,126,63,66,67
6,falling,14,252.0,,195.000,128.746,0.00000,3.83943,3.83943,0.000000,0.000000,0,0,4.95600,1754.612,4.805,35.000,1.5583,63,126,63,66,67
6,falling,15,269.0,,195.000,132.634,0.00000,4.05081,4.05081,0.000000,0.000000,0,0,4.95600,1754.612,4.805,35.000,1.5583,63,126,63,66,67
6,falling,16,285.0,,195.000,136.992,0.00000,4.27217,4.27217,0.000000,0.000000,0,0,4.95600,1754.612,4.805,35.000,1.5583,63,126,63,66,67
6,falling,17,302.0,,195.000,141.572,0.00000,4.49014,4.49014,0.000000,0.000000,0,0,4.95600,1754.612,4.805,35.000,1.5583,63,126,63,66,67
6,falling,18,319.0,,195.000,146.076,0.00000,4.69215,4.69215,0.000000,0.000000,0,0,4.95600,1754.612,4.805,35.000,1.5583,63,126,63,66,67
6,falling,19,335.0,,195.000,151.078,0.00000,4.90369,4.90369,0.000000,0.000000,0,0,4.95600,1754.612,4.805,35.000,1.5583,63,126,63,66,67
6,falling,20,352.0,,195.000,156.292,0.00000,5.11200,5.11200,0.000000,0.000000,0,0,4.95600,1754.612,4.805,35.000,1.5583,63,126,63,66,67
6,falling,21,369.0,,195.000,161.385,0.00000,5.30505,5.30505,0.000000,0.000000,0,0,4.95600,1754.612,4.805,35.000,1.5583,63,126,63,66,67
6,falling,22,385.0,,195.000,167.003,0.00000,5.50722,5.50722,0.000000,0.000000,0,0,4.95600,1754.612,4.805,35.000,1.5583,63,126,63,66,67
6,falling,23,402.0,,195.000,172.823,0.00000,5.70629,5.70629,0.000000,0.000000,0,0,4.95600,1754.612,4.805,35.000,1.5583,63,126,63,66,67
6,falling,24,419.0,,195.000,178.478,0.00000,5.89079,5.89079,0.000000,0.000000,0,0,4.95600,1754.612,4.805,35.000,1.5583,63,126,63,66,67
6,falling,25,435.0,,195.000,184.684,0.00000,6.08399,6.08399,0.000000,0.000000,0,0,4.95600,1754.612,4.805,35.000,1.5583,63,126,63,66,67
6,falling,26,452.0,,195.000,191.084,0.00000,6.27424,6.27424,0.000000,0.000000,0,0,4.95600,1754.612,4.805,35.000,1.5583,63,126,63,66,67
6,falling,27,469.0,,195.000,197.276,0.00000,6.45056,6.45056,0.000000,0.000000,0,0,4.95600,1754.612,4.805,35.000,1.5583,63,126,63,66,67
6,falling,28,485.0,,195.000,204.044,0.00000,6.63520,6.63520,0.000000,0.000000,0,0,4.95600,1754.612,4.805,35.000,1.5583,63,126,63,66,67
6,falling,29,502.0,,195.000,210.997,0.00000,6.81701,6.81701,0.000000,0.000000,0,0,4.95600,1754.612,4.805,35.000,1.5583,63,126,63,66,67
6,falling,30,519.0,,195.000,217.703,0.00000,6.98551,6.98551,0.000000,0.000000,0,0,4.95600,1754.612,4.805,35.000,1.5583,63,126,63,66,67
6,falling,31,535.0,,195.000,225.009,0.00000,7.16197,7.16197,0.000000,0.000000,0,0,4.95600,1754.612,4.805,35.000,1.5583,63,126,63,66,67
6,falling,32,552.0,,195.000,232.491,0.00000,7.33572,7.33572,0.000000,0.000000,0,0,4.95600,1754.612,4.805,35.000,1.5583,63,126,63,66,67
6,falling,33,568.0,,195.000,239.688,0.00000,7.49676,7.49676,0.000000,0.000000,0,0,4.95600,1754.612,4.805,35.000,1.5583,63,126,63,66,67
6,falling,34,585.0,,195.000,247.507,0.00000,7.66539,7.66539,0.000000,0.000000,0,0,4.95600,1754.612,4.805,35.000,1.5583,63,126,63,66,67
6,falling,35,602.0,,195.000,255.495,0.00000,7.83144,7.83144,0.000000,0.000000,0,0,4.95600,1754.612,4.805,35.000,1.5583,63,126,63,66,67
6,falling,36,619.0,,195.000,263.161,0.00000,7.98534,7.98534,0.000000,0.000000,0,0,4.95600,1754.612,4.805,35.000,1.5583,63,126,63,66,67
6,falling,37,635.0,,195.000,271.470,0.00000,8.14649,8.14649,0.000000,0.000000,0,0,4.95600,1754.612,4.805,35.000,1.5583,63,126,63,66,67
6,falling,38,652.0,,195.000,279.941,0.00000,8.30519,8.30519,0.000000,0.000000,0,0,4.95600,1754.612,4.805,35.000,1.5583,63,126,63,66,67
6,falling,39,668.0,,195.000,288.056,0.00000,8.45226,8.45226,0.000000,0.000000,0,0,4.95600,1754.612,4.805,35.000,1.5583,63,126,63,66,67
6,falling,40,685.0,,195.000,296.834,0.00000,8.60627,8.60627,0.000000,0.000000,0,0,4.95600,1754.612,4.805,35.000,1.5583,63,126,63,66,67
6,falling,41,702.0,,195.000,305.767,0.00000,8.75793,8.75793,0.000000,0.000000,0,0,4.95600,1754.612,4.805,35.000,1.5583,63,126,63,66,67
6,falling,42,719.0,,195.000,314.310,0.00000,8.89848,8.89848,0.000000,0.000000,0,0,4.95600,1754.612,4.805,35.000,1.5583,63,126,63,66,67
6,falling,43,735.0,,195.000,323.536,0.00000,9.04567,9.04567,0.000000,0.000000,0,0,4.95600,1754.612,4.805,35.000,1.5583,63,126,63,66,67
6,falling,44,752.0,,195.000,332.911,0.00000,9.19060,9.19060,0.000000,0.000000,0,0,4.95600,1754.612,4.805,35.000,1.5583,63,126,63,66,67
6,falling,45,768.0,,195.000,341.863,0.00000,9.32492,9.32492,0.000000,0.000000,0,0,4.95600,1754.612,4.805,35.000,1.5583,63,126,63,66,67
6,falling,46,785.0,,195.000,351.517,0.00000,9.46559,9.46559,0.000000,0.000000,0,0,4.95600,1754.612,4.805,35.000,1.5583,63,126,63,66,67
6,falling,47,802.0,,195.000,361.314,0.00000,9.60410,9.60410,0.000000,0.000000,0,0,4.95600,1754.612,4.805,35.000,1.5583,63,126,63,66,67
6,falling,48,818.0,,195.000,370.657,0.00000,9.73246,9.73246,0.000000,0.000000,0,0,4.95600,1754.612,4.805,35.000,1.5583,63,126,63,66,67
6,falling,49,835.0,,195.000,380.721,0.00000,9.86689,9.86689,0.000000,0.000000,0,0,4.95600,1754.612,4.805,35.000,1.5583,63,126,63,66,67
6,falling,50,852.0,,195.000,390.920,0.00000,9.99926,9.99926,0.000000,0.000000,0,0,4.95600,1754.612,4.805,35.000,1.5583,63,126,63,66,67
6,falling,51,868.0,,195.000,400.637,0.00000,10.12194,10.12194,0.000000,0.000000,0,0,4.95600,1754.612,4.805,35.000,1.5583,63,126,63,66,67
6,falling,52,885.0,,195.000,411.093,0.00000,10.25041,10.25041,0.000000,0.000000,0,0,4.95600,1754.612,4.805,35.000,1.5583,63,126,63,66,67
6,falling,53,902.0,,195.000,421.677,0.00000,10.37691,10.37691,0.000000,0.000000,0,0,4.95600,1754.612,4.805,35.000,1.5583,63,126,63,66,67
6,falling,54,918.0,,195.000,431.752,0.00000,10.49415,10.49415,0.000000,0.000000,0,0,4.95600,1754.612,4.805,35.000,1.5583,63,126,63,66,67
6,falling,55,935.0,,195.000,442.581,0.00000,10.61692,10.61692,0.000000,0.000000,0,0,4.95600,1754.612,4.805,35.000,1.5583,63,126,63,66,67
6,falling,56,952.0,,195.000,453.533,0.00000,10.73781,10.73781,0.000000,0.000000,0,0,4.95600,1754.612,4.805,35.000,1.5583,63,126,63,66,67
6,falling,57,968.0,,195.000,463.949,0.00000,10.84986,10.84986,0.000000,0.000000,0,0,4.95600,1754.612,4.805,35.000,1.5583,63,126,63,66,67
6,falling,58,985.0,,195.000,475.136,0.00000,10.96719,10.96719,0.000000,0.000000,0,0,4.95600,1754.612,4.805,35.000,1.5583,63,126,63,66,67
6,post_landing,59,1002.0,59,195.000,482.343,0.29331,-0.72906,0.78585,0.020256,0.000000,0,1,4.95600,1754.612,4.805,35.000,1.5583,63,126,63,66,67
6,post_landing,60,1019.0,59,195.278,480.321,1.91436,-2.39597,3.06683,-0.007958,0.019166,0,1,4.95600,1754.612,4.805,35.000,1.5583,63,126,63,66,67
6,post_landing,61,1035.0,59,197.200,476.934,1.88507,-2.07597,2.80413,-0.007837,0.011173,0,0,4.95600,1754.612,4.805,35.000,1.5583,63,126,63,66,67
6,post_landing,62,1052.0,59,199.094,474.122,1.85623,-1.76088,2.55857,-0.007717,0.003302,0,0,4.95600,1754.612,4.805,35.000,1.5583,63,126,63,66,67
6,post_landing,63,1068.0,59,200.850,471.899,1.82950,-1.46886,2.34619,-0.007606,-0.004000,0,0,4.95600,1754.612,4.805,35.000,1.5583,63,126,63,66,67
6,post_landing,64,1085.0,59,202.688,470.062,1.80151,-1.16305,2.14432,-0.007489,-0.011639,0,0,4.95600,1754.612,4.805,35.000,1.5583,63,126,63,66,67
6,post_landing,65,1102.0,59,204.392,468.698,1.77557,-0.87963,1.98151,-0.007381,-0.018725,0,0,4.95600,1754.612,4.805,35.000,1.5583,63,126,63,66,67
6,post_landing,66,1118.0,59,206.175,467.687,1.74840,-0.58284,1.84299,-0.007268,-0.026139,0,0,4.95600,1754.612,4.805,35.000,1.5583,63,126,63,66,67
6,post_landing,67,1135.0,59,207.932,467.058,1.72165,-0.29059,1.74600,-0.007157,-0.033439,0,0,4.95600,1754.612,4.805,35.000,1.5583,63,126,63,66,67
6,post_landing,68,1152.0,59,209.661,466.788,1.69531,-0.00281,1.69531,-0.007048,-0.040628,0,0,4.95600,1754.612,4.805,35.000,1.5583,63,126,63,66,67
6,post_landing,69,1168.0,59,211.265,466.829,1.67090,0.26390,1.69161,-0.006946,-0.047296,0,0,4.95600,1754.612,4.805,35.000,1.5583,63,126,63,66,67
6,post_landing,70,1185.0,59,212.943,467.383,1.64533,0.54319,1.73268,-0.006840,-0.054273,0,0,4.95600,1754.612,4.805,35.000,1.5583,63,126,63,66,67
6,post_landing,71,1202.0,59,214.596,468.217,1.62016,0.81821,1.81505,-0.006735,-0.061143,0,0,4.95600,1754.612,4.805,35.000,1.5583,63,126,63,66,67
6,post_landing,72,1218.0,59,216.129,469.247,1.59683,1.07310,1.92390,-0.006638,-0.067516,0,0,4.95600,1754.612,4.805,35.000,1.5583,63,126,63,66,67
6,post_landing,73,1235.0,59,217.732,470.614,1.57240,1.34001,2.06593,-0.006537,-0.074183,0,0,4.95600,1754.612,4.805,35.000,1.5583,63,126,63,66,67
6,post_landing,74,1252.0,59,219.220,472.138,1.54976,1.58738,2.21845,-0.006443,-0.080368,0,0,4.95600,1754.612,4.805,35.000,1.5583,63,126,63,66,67
6,post_landing,75,1268.0,59,220.777,474.022,1.52604,1.84643,2.39544,-0.006344,-0.086839,0,0,4.95600,1754.612,4.805,35.000,1.5583,63,126,63,66,67
6,post_landing,76,1285.0,59,222.309,476.165,1.50270,2.10151,2.58350,-0.006247,-0.093211,0,0,4.95600,1754.612,4.805,35.000,1.5583,63,126,63,66,67
6,post_landing,77,1302.0,59,223.731,477.656,1.82718,0.19915,1.83800,0.001406,-0.099122,0,1,4.95600,1754.612,4.805,35.000,1.5583,63,126,63,66,67
6,post_landing,78,1319.0,59,225.673,477.677,0.55348,-0.38301,0.67308,0.080574,-0.097628,0,1,4.95600,1754.612,4.805,35.000,1.5583,63,126,63,66,67
6,post_landing,79,1335.0,59,226.196,477.570,0.54551,-0.11082,0.55665,0.079414,-0.021391,0,0,4.95600,1754.612,4.805,35.000,1.5583,63,126,63,66,67
6,post_landing,80,1352.0,59,226.713,477.721,0.53766,0.15744,0.56023,0.078270,0.053748,0,0,4.95600,1754.612,4.805,35.000,1.5583,63,126,63,66,67
6,post_landing,81,1368.0,59,227.253,477.590,1.02392,-0.20776,1.04478,-0.007515,0.132362,0,1,4.95600,1754.612,4.805,35.000,1.5583,63,126,63,66,67
6,post_landing,82,1385.0,59,228.281,477.683,0.62256,-0.18058,0.64822,0.008595,0.124814,0,1,4.95600,1754.612,4.805,35.000,1.5583,63,126,63,66,67
6,post_landing,83,1402.0,59,228.870,477.595,0.41475,-0.29011,0.50614,0.003479,0.132946,0,1,4.95600,1754.612,4.805,35.000,1.5583,63,126,63,66,67
6,post_landing,84,1418.0,59,229.287,477.544,0.17570,0.00000,0.17570,0.012871,0.136440,0,1,4.95600,1754.612,4.805,35.000,1.5583,63,126,63,66,67
6,post_landing,85,1435.0,59,229.463,477.387,0.06584,0.10548,0.12434,0.010596,0.149367,0,1,4.95600,1754.612,4.805,35.000,1.5583,63,126,63,66,67
6,post_landing,86,1452.0,59,229.525,477.272,-0.24820,-0.38139,0.45504,0.008563,0.159393,0,1,4.95600,1754.612,4.805,35.000,1.5583,63,126,63,66,67
6,post_landing,87,1468.0,59,229.276,477.180,0.03180,-0.05072,0.05987,-0.020315,0.167994,0,1,4.95600,1754.612,4.805,35.000,1.5583,63,126,63,66,67
6,post_landing,88,1485.0,59,229.308,477.409,-0.26018,0.18204,0.31754,0.014021,0.147590,0,1,4.95600,1754.612,4.805,35.000,1.5583,63,126,63,66,67
6,post_landing,89,1502.0,59,229.062,477.256,-0.53569,0.03725,0.53699,0.032971,0.160856,0,1,4.95600,1754.612,4.805,35.000,1.5583,63,126,63,66,67
6,post_landing,90,1518.0,59,228.524,476.916,-0.39853,0.18987,0.44144,0.014150,0.193972,0,1,4.95600,1754.612,4.805,35.000,1.5583,63,126,63,66,67
6,post_landing,91,1535.0,59,228.124,476.784,-0.43864,0.23934,0.49969,0.015545,0.208184,0,1,4.95600,1754.612,4.805,35.000,1.5583,63,126,63,66,67
6,post_landing,92,1552.0,59,227.708,476.655,-0.48051,0.19484,0.51851,0.016063,0.222892,0,1,4.95600,1754.612,4.805,35.000,1.5583,63,126,63,66,67
6,post_landing,93,1568.0,59,227.226,476.528,-0.51452,0.19564,0.55046,0.016780,0.239026,0,1,4.95600,1754.612,4.805,35.000,1.5583,63,126,63,66,67
6,post_landing,94,1585.0,59,226.709,476.407,-0.54601,0.17752,0.57415,0.017456,0.255880,0,1,4.95600,1754.612,4.805,35.000,1.5583,63,126,63,66,67
6,post_landing,95,1601.0,59,226.192,476.298,-0.57998,0.12993,0.59435,0.018609,0.272396,0,1,4.95600,1754.612,4.805,35.000,1.5583,63,126,63,66,67
6,post_landing,96,1618.0,59,225.610,476.229,-0.59512,0.17978,0.62169,0.018322,0.291088,0,1,4.95600,1754.612,4.805,35.000,1.5583,63,126,63,66,67
6,post_landing,97,1635.0,59,225.012,476.104,-0.17174,-0.06013,0.18197,-0.029664,0.309490,0,1,4.95600,1754.612,4.805,35.000,1.5583,63,126,63,66,67
6,post_landing,98,1651.0,59,224.850,476.248,-0.02211,-0.02219,0.03133,-0.040305,0.281423,0,1,4.95600,1754.612,4.805,35.000,1.5583,63,126,63,66,67
6,post_landing,99,1668.0,59,224.827,476.514,-0.52304,0.02778,0.52378,0.017766,0.240941,0,1,4.95600,1754.612,4.805,35.000,1.5583,63,126,63,66,67
6,post_landing,100,1685.0,59,224.302,476.417,-0.64335,0.14433,0.65934,0.028452,0.258785,0,1,4.95600,1754.612,4.805,35.000,1.5583,63,126,63,66,67
6,post_landing,101,1701.0,59,223.693,476.220,-0.63951,0.10315,0.64777,0.024073,0.285706,0,1,4.95600,1754.612,4.805,35.000,1.5583,63,126,63,66,67
6,post_landing,102,1718.0,59,223.051,476.137,-0.56622,0.17474,0.59257,0.014211,0.309885,0,1,4.95600,1754.612,4.805,35.000,1.5583,63,126,63,66,67
6,post_landing,103,1735.0,59,222.482,476.082,-0.53653,0.09872,0.54553,0.009485,0.324158,0,1,4.95600,1754.612,4.805,35.000,1.5583,63,126,63,66,67
6,post_landing,104,1751.0,59,221.975,476.038,-0.61658,0.10322,0.62516,0.018182,0.333133,0,1,4.95600,1754.612,4.805,35.000,1.5583,63,126,63,66,67
6,post_landing,105,1768.0,59,221.355,475.990,-0.57584,0.10915,0.58610,0.013127,0.351394,0,1,4.95600,1754.612,4.805,35.000,1.5583,63,126,63,66,67
6,post_landing,106,1785.0,59,220.777,475.959,-0.57035,0.06672,0.57424,0.012711,0.364578,0,1,4.95600,1754.612,4.805,35.000,1.5583,63,126,63,66,67
6,post_landing,107,1801.0,59,220.237,475.931,-0.17335,-0.01262,0.17381,-0.028906,0.376605,0,1,4.95600,1754.612,4.805,35.000,1.5583,63,126,63,66,67
6,post_landing,108,1818.0,59,220.063,475.984,-0.12465,-0.05287,0.13540,-0.028191,0.347572,0,1,4.95600,1754.612,4.805,35.000,1.5583,63,126,63,66,67
6,post_landing,109,1835.0,59,219.945,476.064,-0.39918,0.07004,0.40528,0.007164,0.320898,0,1,4.95600,1754.612,4.805,35.000,1.5583,63,126,63,66,67
6,post_landing,110,1852.0,59,219.544,476.056,-0.54605,0.11623,0.55828,0.022518,0.328094,0,1,4.95600,1754.612,4.805,35.000,1.5583,63,126,63,66,67
6,post_landing,111,1869.0,59,218.996,475.994,-0.59010,0.03407,0.59108,0.024224,0.350710,0,1,4.95600,1754.612,4.805,35.000,1.5583,63,126,63,66,67
6,post_landing,112,1885.0,59,218.438,475.935,-0.65519,0.03239,0.65599,0.029214,0.373630,0,1,4.95600,1754.612,4.805,35.000,1.5583,63,126,63,66,67
6,post_landing,113,1901.0,59,217.780,475.911,-0.59789,0.00000,0.59789,0.021375,0.402972,0,1,4.95600,1754.612,4.805,35.000,1.5583,63,126,63,66,67
6,post_landing,114,1918.0,59,217.179,475.912,-0.54331,-0.02141,0.54373,0.015874,0.424442,0,1,4.95600,1754.612,4.805,35.000,1.5583,63,126,63,66,67
6,post_landing,115,1935.0,59,216.633,475.927,-0.11013,0.02095,0.11211,-0.028605,0.440385,0,1,4.95600,1754.612,4.805,35.000,1.5583,63,126,63,66,67
6,post_landing,116,1951.0,59,216.529,475.905,-0.09634,0.00000,0.09634,-0.022445,0.413319,0,1,4.95600,1754.612,4.805,35.000,1.5583,63,126,63,66,67
6,post_landing,117,1968.0,59,216.432,475.912,0.10096,0.00000,0.10096,-0.037882,0.390776,0,1,4.95600,1754.612,4.805,35.000,1.5583,63,126,63,66,67
6,post_landing,118,1985.0,59,216.534,475.971,0.05165,-0.05126,0.07277,-0.026749,0.352728,0,1,4.95600,1754.612,4.805,35.000,1.5583,63,126,63,66,67
7,falling,0,30.0,,195.000,97.029,0.00000,0.55000,0.55000,0.000000,0.000000,0,0,4.74000,1831.832,2.853,4.000,1.2705,102,204,102,107,84
7,falling,1,44.0,,195.000,97.681,0.00000,0.77640,0.77640,0.000000,0.000000,0,0,4.74000,1831.832,2.853,4.000,1.2705,102,204,102,107,84
7,falling,2,60.0,,195.000,98.672,0.00000,1.03189,1.03189,0.000000,0.000000,0,0,4.74000,1831.832,2.853,4.000,1.2705,102,204,102,107,84
7,falling,3,77.0,,195.000,99.997,0.00000,1.29944,1.29944,0.000000,0.000000,0,0,4.74000,1831.832,2.853,4.000,1.2705,102,204,102,107,84
7,falling,4,94.0,,195.000,101.591,0.00000,1.56289,1.56289,0.000000,0.000000,0,0,4.74000,1831.832,2.853,4.000,1.2705,102,204,102,107,84
7,falling,5,110.0,,195.000,103.326,0.00000,1.80705,1.80705,0.000000,0.000000,0,0,4.74000,1831.832,2.853,4.000,1.2705,102,204,102,107,84
7,falling,6,127.0,,195.000,105.430,0.00000,2.06273,2.06273,0.000000,0.000000,0,0,4.74000,1831.832,2.853,4.000,1.2705,102,204,102,107,84
7,falling,7,144.0,,195.000,107.791,0.00000,2.31451,2.31451,0.000000,0.000000,0,0,4.74000,1831.832,2.853,4.000,1.2705,102,204,102,107,84
7,falling,8,160.0,,195.000,110.237,0.00000,2.54785,2.54785,0.000000,0.000000,0,0,4.74000,1831.832,2.853,4.000,1.2705,102,204,102,107,84
7,falling,9,177.0,,195.000,113.085,0.00000,2.79220,2.79220,0.000000,0.000000,0,0,4.74000,1831.832,2.853,4.000,1.2705,102,204,102,107,84
7,falling,10,194.0,,195.000,116.178,0.00000,3.03281,3.03281,0.000000,0.000000,0,0,4.74000,1831.832,2.853,4.000,1.2705,102,204,102,107,84
7,falling,11,211.0,,195.000,119.304,0.00000,3.25580,3.25580,0.000000,0.000000,0,0,4.74000,1831.832,2.853,4.000,1.2705,102,204,102,107,84
7,falling,12,227.0,,195.000,122.863,0.00000,3.48932,3.48932,0.000000,0.000000,0,0,4.74000,1831.832,2.853,4.000,1.2705,102,204,102,107,84
7,falling,13,244.0,,195.000,126.657,0.00000,3.71927,3.71927,0.000000,0.000000,0,0,4.74000,1831.832,2.853,4.000,1.2705,102,204,102,107,84
7,falling,14,261.0,,195.000,130.432,0.00000,3.93238,3.93238,0.000000,0.000000,0,0,4.74000,1831.832,2.853,4.000,1.2705,102,204,102,107,84
7,falling,15,277.0,,195.000,134.670,0.00000,4.15555,4.15555,0.000000,0.000000,0,0,4.74000,1831.832,2.853,4.000,1.2705,102,204,102,107,84
7,falling,16,294.0,,195.000,139.133,0.00000,4.37530,4.37530,0.000000,0.000000,0,0,4.74000,1831.832,2.853,4.000,1.2705,102,204,102,107,84
7,falling,17,311.0,,195.000,143.529,0.00000,4.57896,4.57896,0.000000,0.000000,0,0,4.74000,1831.832,2.853,4.000,1.2705,102,204,102,107,84
7,falling,18,327.0,,195.000,148.417,0.00000,4.79224,4.79224,0.000000,0.000000,0,0,4.74000,1831.832,2.853,4.000,1.2705,102,204,102,107,84
7,falling,19,344.0,,195.000,153.519,0.00000,5.00225,5.00225,0.000000,0.000000,0,0,4.74000,1831.832,2.853,4.000,1.2705,102,204,102,107,84
7,falling,20,361.0,,195.000,158.508,0.00000,5.19688,5.19688,0.000000,0.000000,0,0,4.74000,1831.832,2.853,4.000,1.2705,102,204,102,107,84
7,falling,21,377.0,,195.000,164.017,0.00000,5.40071,5.40071,0.000000,0.000000,0,0,4.74000,1831.832,2.853,4.000,1.2705,102,204,102,107,84
7,falling,22,394.0,,195.000,169.731,0.00000,5.60141,5.60141,0.000000,0.000000,0,0,4.74000,1831.832,2.853,4.000,1.2705,102,204,102,107,84
7,falling,23,411.0,,195.000,175.286,0.00000,5.78741,5.78741,0.000000,0.000000,0,0,4.74000,1831.832,2.853,4.000,1.2705,102,204,102,107,84
7,falling,24,427.0,,195.000,181.388,0.00000,5.98220,5.98220,0.000000,0.000000,0,0,4.74000,1831.832,2.853,4.000,1.2705,102,204,102,107,84
7,falling,25,444.0,,195.000,187.686,0.00000,6.17401,6.17401,0.000000,0.000000,0,0,4.74000,1831.832,2.853,4.000,1.2705,102,204,102,107,84
7,falling,26,461.0,,195.000,193.784,0.00000,6.35177,6.35177,0.000000,0.000000,0,0,4.74000,1831.832,2.853,4.000,1.2705,102,204,102,107,84
7,falling,27,477.0,,195.000,200.452,0.00000,6.53792,6.53792,0.000000,0.000000,0,0,4.74000,1831.832,2.853,4.000,1.2705,102,204,102,107,84
7,falling,28,494.0,,195.000,207.308,0.00000,6.72122,6.72122,0.000000,0.000000,0,0,4.74000,1831.832,2.853,4.000,1.2705,102,204,102,107,84
7,falling,29,511.0,,195.000,213.923,0.00000,6.89110,6.89110,0.000000,0.000000,0,0,4.74000,1831.832,2.853,4.000,1.2705,102,204,102,107,84
7,falling,30,527.0,,195.000,221.134,0.00000,7.06900,7.06900,0.000000,0.000000,0,0,4.74000,1831.832,2.853,4.000,1.2705,102,204,102,107,84
7,falling,31,544.0,,195.000,228.523,0.00000,7.24418,7.24418,0.000000,0.000000,0,0,4.74000,1831.832,2.853,4.000,1.2705,102,204,102,107,84
7,falling,32,561.0,,195.000,235.633,0.00000,7.40653,7.40653,0.000000,0.000000,0,0,4.74000,1831.832,2.853,4.000,1.2705,102,204,102,107,84
7,falling,33,577.0,,195.000,243.361,0.00000,7.57654,7.57654,0.000000,0.000000,0,0,4.74000,1831.832,2.853,4.000,1.2705,102,204,102,107,84
7,falling,34,594.0,,195.000,251.260,0.00000,7.74396,7.74396,0.000000,0.000000,0,0,4.74000,1831.832,2.853,4.000,1.2705,102,204,102,107,84
7,falling,35,611.0,,195.000,258.843,0.00000,7.89911,7.89911,0.000000,0.000000,0,0,4.74000,1831.832,2.853,4.000,1.2705,102,204,102,107,84
7,falling,36,627.0,,195.000,267.066,0.00000,8.06159,8.06159,0.000000,0.000000,0,0,4.74000,1831.832,2.853,4.000,1.2705,102,204,102,107,84
7,falling,37,644.0,,195.000,275.452,0.00000,8.22158,8.22158,0.000000,0.000000,0,0,4.74000,1831.832,2.853,4.000,1.2705,102,204,102,107,84
7,falling,38,660.0,,195.000,283.487,0.00000,8.36985,8.36985,0.000000,0.000000,0,0,4.74000,1831.832,2.853,4.000,1.2705,102,204,102,107,84
7,falling,39,677.0,,195.000,292.183,0.00000,8.52513,8.52513,0.000000,0.000000,0,0,4.74000,1831.832,2.853,4.000,1.2705,102,204,102,107,84
7,falling,40,694.0,,195.000,301.034,0.00000,8.67803,8.67803,0.000000,0.000000,0,0,4.74000,1831.832,2.853,4.000,1.2705,102,204,102,107,84
7,falling,41,710.0,,195.000,309.501,0.00000,8.81973,8.81973,0.000000,0.000000,0,0,4.74000,1831.832,2.853,4.000,1.2705,102,204,102,107,84
7,falling,42,727.0,,195.000,318.649,0.00000,8.96812,8.96812,0.000000,0.000000,0,0,4.74000,1831.832,2.853,4.000,1.2705,102,204,102,107,84
7,falling,43,744.0,,195.000,327.945,0.00000,9.11424,9.11424,0.000000,0.000000,0,0,4.74000,1831.832,2.853,4.000,1.2705,102,204,102,107,84
7,falling,44,760.0,,195.000,336.825,0.00000,9.24966,9.24966,0.000000,0.000000,0,0,4.74000,1831.832,2.853,4.000,1.2705,102,204,102,107,84
7,falling,45,777.0,,195.000,346.404,0.00000,9.39148,9.39148,0.000000,0.000000,0,0,4.74000,1831.832,2.853,4.000,1.2705,102,204,102,107,84
7,falling,46,794.0,,195.000,356.126,0.00000,9.53112,9.53112,0.000000,0.000000,0,0,4.74000,1831.832,2.853,4.000,1.2705,102,204,102,107,84
7,falling,47,810.0,,195.000,365.400,0.00000,9.66054,9.66054,0.000000,0.000000,0,0,4.74000,1831.832,2.853,4.000,1.2705,102,204,102,107,84
7,falling,48,827.0,,195.000,375.392,0.00000,9.79607,9.79607,0.000000,0.000000,0,0,4.74000,1831.832,2.853,4.000,1.2705,102,204,102,107,84
7,falling,49,844.0,,195.000,385.520,0.00000,9.92952,9.92952,0.000000,0.000000,0,0,4.74000,1831.832,2.853,4.000,1.2705,102,204,102,107,84
7,falling,50,860.0,,195.000,395.171,0.00000,10.05320,10.05320,0.000000,0.000000,0,0,4.74000,1831.832,2.853,4.000,1.2705,102,204,102,107,84
7,falling,51,877.0,,195.000,405.558,0.00000,10.18272,10.18272,0.000000,0.000000,0,0,4.74000,1831.832,2.853,4.000,1.2705,102,204,102,107,84
7,falling,52,894.0,,195.000,416.074,0.00000,10.31026,10.31026,0.000000,0.000000,0,0,4.74000,1831.832,2.853,4.000,1.2705,102,204,102,107,84
7,falling,53,910.0,,195.000,426.085,0.00000,10.42846,10.42846,0.000000,0.000000,0,0,4.74000,1831.832,2.853,4.000,1.2705,102,204,102,107,84
7,falling,54,927.0,,195.000,436.849,0.00000,10.55224,10.55224,0.000000,0.000000,0,0,4.74000,1831.832,2.853,4.000,1.2705,102,204,102,107,84
7,falling,55,944.0,,195.000,447.736,0.00000,10.67412,10.67412,0.000000,0.000000,0,0,4.74000,1831.832,2.853,4.000,1.2705,102,204,102,107,84
7,falling,56,960.0,,195.000,458.092,0.00000,10.78708,10.78708,0.000000,0.000000,0,0,4.74000,1831.832,2.853,4.000,1.2705,102,204,102,107,84
7,falling,57,977.0,,195.000,469.215,0.00000,10.90537,10.90537,0.000000,0.000000,0,0,4.74000,1831.832,2.853,4.000,1.2705,102,204,102,107,84
7,post_landing,58,994.0,58,195.000,478.259,1.59524,0.15949,1.60319,0.063928,0.000000,0,1,4.74000,1831.832,2.853,4.000,1.2705,102,204,102,107,84
7,post_landing,59,1010.0,58,196.602,478.128,2.07947,0.16735,2.08619,-0.003437,0.064208,0,1,4.74000,1831.832,2.853,4.000,1.2705,102,204,102,107,84
7,post_landing,60,1027.0,58,198.691,478.077,2.04536,0.17029,2.05243,-0.007405,0.060756,0,1,4.74000,1831.832,2.853,4.000,1.2705,102,204,102,107,84
7,post_landing,61,1044.0,58,200.626,477.972,1.45876,0.09699,1.46198,0.021621,0.053749,0,1,4.74000,1831.832,2.853,4.000,1.2705,102,204,102,107,84
7,post_landing,62,1060.0,58,202.091,478.302,1.50063,0.14396,1.50752,0.001509,0.075465,0,1,4.74000,1831.832,2.853,4.000,1.2705,102,204,102,107,84
7,post_landing,63,1077.0,58,203.599,478.321,1.20575,0.01419,1.20583,0.016572,0.076981,0,1,4.74000,1831.832,2.853,4.000,1.2705,102,204,102,107,84
7,post_landing,64,1094.0,58,204.739,478.568,1.07551,0.00000,1.07551,0.025796,0.092662,0,1,4.74000,1831.832,2.853,4.000,1.2705,102,204,102,107,84
7,post_landing,65,1110.0,58,205.820,478.857,1.05905,0.28333,1.09630,0.025402,0.118571,0,0,4.74000,1831.832,2.853,4.000,1.2705,102,204,102,107,84
7,post_landing,66,1127.0,58,206.883,479.451,1.22419,0.12382,1.23043,0.003469,0.144085,0,1,4.74000,1831.832,2.853,4.000,1.2705,102,204,102,107,84
7,post_landing,67,1144.0,58,208.042,479.511,1.18972,0.14771,1.19885,-0.001239,0.147368,0,1,4.74000,1831.832,2.853,4.000,1.2705,102,204,102,107,84
7,post_landing,68,1160.0,58,209.237,479.490,1.17292,0.15456,1.18306,-0.003523,0.146123,0,1,4.74000,1831.832,2.853,4.000,1.2705,102,204,102,107,84
7,post_landing,69,1177.0,58,210.415,479.425,1.15824,0.14899,1.16778,-0.004096,0.142585,0,1,4.74000,1831.832,2.853,4.000,1.2705,102,204,102,107,84
7,post_landing,70,1194.0,58,211.511,479.353,1.12005,0.14550,1.12946,-0.003373,0.138710,0,1,4.74000,1831.832,2.853,4.000,1.2705,102,204,102,107,84
7,post_landing,71,1210.0,58,212.635,479.294,1.11648,0.13563,1.12469,-0.003866,0.135322,0,1,4.74000,1831.832,2.853,4.000,1.2705,102,204,102,107,84
7,post_landing,72,1227.0,58,213.757,479.225,1.12221,0.28055,1.15674,-0.008908,0.131439,0,1,4.74000,1831.832,2.853,4.000,1.2705,102,204,102,107,84
7,post_landing,73,1244.0,58,214.819,479.075,1.12140,0.30037,1.16094,-0.008601,0.123010,0,1,4.74000,1831.832,2.853,4.000,1.2705,102,204,102,107,84
7,post_landing,74,1260.0,58,215.945,478.928,1.13175,0.25184,1.15943,-0.006104,0.114372,0,1,4.74000,1831.832,2.853,4.000,1.2705,102,204,102,107,84
7,post_landing,75,1277.0,58,217.082,478.825,1.14898,0.25462,1.17686,-0.006882,0.108241,0,1,4.74000,1831.832,2.853,4.000,1.2705,102,204,102,107,84
7,post_landing,76,1294.0,58,218.169,478.714,1.17164,0.27658,1.20384,-0.009622,0.101729,0,1,4.74000,1831.832,2.853,4.000,1.2705,102,204,102,107,84
7,post_landing,77,1310.0,58,219.346,478.559,1.17657,0.25083,1.20301,-0.008132,0.092065,0,1,4.74000,1831.832,2.853,4.000,1.2705,102,204,102,107,84
7,post_landing,78,1327.0,58,220.527,478.429,1.15233,0.21972,1.17309,-0.004010,0.083897,0,1,4.74000,1831.832,2.853,4.000,1.2705,102,204,102,107,84
7,post_landing,79,1344.0,58,221.618,478.368,1.08965,0.20090,1.10802,0.002158,0.080103,0,1,4.74000,1831.832,2.853,4.000,1.2705,102,204,102,107,84
7,post_landing,80,1360.0,58,222.712,478.404,1.19004,0.24985,1.21598,-0.009773,0.082271,0,1,4.74000,1831.832,2.853,4.000,1.2705,102,204,102,107,84
7,post_landing,81,1377.0,58,223.907,478.252,1.36829,0.32738,1.40691,-0.028626,0.072455,0,1,4.74000,1831.832,2.853,4.000,1.2705,102,204,102,107,84
7,post_landing,82,1394.0,58,225.202,478.330,1.03807,-0.10013,1.04289,0.019125,0.045370,0,1,4.74000,1831.832,2.853,4.000,1.2705,102,204,102,107,84
7,post_landing,83,1411.0,58,226.245,478.133,1.44797,0.14409,1.45512,-0.030138,0.064578,0,1,4.74000,1831.832,2.853,4.000,1.2705,102,204,102,107,84
7,post_landing,84,1427.0,58,227.699,477.702,1.19173,0.19462,1.20752,-0.004149,0.034308,0,1,4.74000,1831.832,2.853,4.000,1.2705,102,204,102,107,84
7,post_landing,85,1444.0,58,228.827,477.647,0.77145,0.11412,0.77984,0.036768,0.030382,0,1,4.74000,1831.832,2.853,4.000,1.2705,102,204,102,107,84
7,post_landing,86,1460.0,58,229.601,478.050,0.75964,0.39571,0.85653,0.036205,0.067311,0,0,4.74000,1831.832,2.853,4.000,1.2705,102,204,102,107,84
7,post_landing,87,1477.0,58,230.364,478.748,0.93893,0.10327,0.94459,0.010667,0.103675,0,1,4.74000,1831.832,2.853,4.000,1.2705,102,204,102,107,84
7,post_landing,88,1494.0,58,231.253,478.916,0.96030,-0.06878,0.96276,0.009674,0.113768,0,1,4.74000,1831.832,2.853,4.000,1.2705,102,204,102,107,84
7,post_landing,89,1510.0,58,232.217,479.089,0.83093,-0.04778,0.83230,0.012533,0.123485,0,1,4.74000,1831.832,2.853,4.000,1.2705,102,204,102,107,84
7,post_landing,90,1527.0,58,233.052,479.309,0.69008,0.00000,0.69008,0.013860,0.136073,0,1,4.74000,1831.832,2.853,4.000,1.2705,102,204,102,107,84
7,post_landing,91,1544.0,58,233.705,479.546,0.56681,0.02160,0.56722,0.013431,0.149187,0,1,4.74000,1831.832,2.853,4.000,1.2705,102,204,102,107,84
7,post_landing,92,1560.0,58,234.274,479.803,0.55191,-0.03452,0.55298,0.011855,0.162677,0,1,4.74000,1831.832,2.853,4.000,1.2705,102,204,102,107,84
7,post_landing,93,1577.0,58,234.828,480.031,0.51103,-0.03419,0.51217,0.021366,0.174584,0,1,4.74000,1831.832,2.853,4.000,1.2705,102,204,102,107,84
7,post_landing,94,1594.0,58,235.312,480.254,0.50367,0.23296,0.55494,0.021058,0.194800,0,0,4.74000,1831.832,2.853,4.000,1.2705,102,204,102,107,84
7,post_landing,95,1610.0,58,235.818,480.777,0.49596,0.51273,0.71335,0.020736,0.215950,0,0,4.74000,1831.832,2.853,4.000,1.2705,102,204,102,107,84
7,post_landing,96,1627.0,58,236.316,481.340,0.46303,0.18428,0.49835,0.015658,0.236777,0,1,4.74000,1831.832,2.853,4.000,1.2705,102,204,102,107,84
7,post_landing,97,1644.0,58,236.754,481.659,0.51207,0.03858,0.51352,0.011222,0.251592,0,1,4.74000,1831.832,2.853,4.000,1.2705,102,204,102,107,84
7,post_landing,98,1660.0,58,237.268,481.915,0.46494,0.02515,0.46562,0.011446,0.262864,0,1,4.74000,1831.832,2.853,4.000,1.2705,102,204,102,107,84
7,post_landing,99,1677.0,58,237.735,482.192,0.51453,0.03549,0.51575,-0.003022,0.274360,0,1,4.74000,1831.832,2.853,4.000,1.2705,102,204,102,107,84
7,post_landing,100,1694.0,58,238.222,482.199,0.47706,-0.11380,0.49045,-0.003685,0.271501,0,1,4.74000,1831.832,2.853,4.000,1.2705,102,204,102,107,84
7,post_landing,101,1710.0,58,238.701,482.183,0.27326,-0.10505,0.29276,0.000000,0.267799,0,1,4.74000,1831.832,2.853,4.000,1.2705,102,204,102,107,84
7,post_landing,102,1727.0,58,238.976,482.182,0.16856,0.00000,0.16856,0.001263,0.267799,0,1,4.74000,1831.832,2.853,4.000,1.2705,102,204,102,107,84
7,post_landing,103,1744.0,58,239.135,482.188,0.05595,0.00000,0.05595,0.000000,0.268994,0,1,4.74000,1831.832,2.853,4.000,1.2705,102,204,102,107,84
7,post_landing,104,1760.0,58,239.192,482.193,-0.03375,0.01234,0.03593,0.002167,0.268994,0,1,4.74000,1831.832,2.853,4.000,1.2705,102,204,102,107,84
7,post_landing,105,1777.0,58,239.158,482.200,-0.11195,0.23048,0.25623,0.008332,0.271171,0,1,4.74000,1831.832,2.853,4.000,1.2705,102,204,102,107,84
7,post_landing,106,1794.0,58,239.052,482.235,-0.36542,0.13541,0.38970,0.030495,0.279054,0,1,4.74000,1831.832,2.853,4.000,1.2705,102,204,102,107,84
7,post_landing,107,1810.0,58,238.685,482.100,-0.21688,0.25352,0.33363,0.010908,0.309683,0,1,4.74000,1831.832,2.853,4.000,1.2705,102,204,102,107,84
7,post_landing,108,1827.0,58,238.467,481.929,-0.31373,0.05629,0.31874,0.003573,0.320638,0,1,4.74000,1831.832,2.853,4.000,1.2705,102,204,102,107,84
7,post_landing,109,1844.0,58,238.170,481.459,-0.31570,-0.01439,0.31602,-0.005707,0.324019,0,1,4.74000,1831.832,2.853,4.000,1.2705,102,204,102,107,84
7,post_landing,110,1860.0,58,237.853,481.507,-0.38927,0.03033,0.39045,-0.003244,0.318287,0,1,4.74000,1831.832,2.853,4.000,1.2705,102,204,102,107,84
7,post_landing,111,1877.0,58,237.462,481.560,-0.30194,-0.01702,0.30242,-0.018150,0.315029,0,1,4.74000,1831.832,2.853,4.000,1.2705,102,204,102,107,84
7,post_landing,112,1894.0,58,237.176,481.809,-0.57731,-0.15573,0.59795,-0.006192,0.297856,0,1,4.74000,1831.832,2.853,4.000,1.2705,102,204,102,107,84
7,post_landing,113,1910.0,58,236.596,481.915,-0.61017,0.10139,0.61854,0.001614,0.291637,0,1,4.74000,1831.832,2.853,4.000,1.2705,102,204,102,107,84
7,post_landing,114,1927.0,58,235.984,481.914,-0.51457,0.13272,0.53141,-0.009978,0.293258,0,1,4.74000,1831.832,2.853,4.000,1.2705,102,204,102,107,84
7,post_landing,115,1944.0,58,235.497,482.057,-0.54787,-0.05598,0.55072,-0.018479,0.283817,0,1,4.74000,1831.832,2.853,4.000,1.2705,102,204,102,107,84
7,post_landing,116,1960.0,58,234.946,481.988,-0.12588,-0.12008,0.17397,-0.025315,0.265257,0,1,4.74000,1831.832,2.853,4.000,1.2705,102,204,102,107,84
7,post_landing,117,1977.0,58,234.820,481.756,0.04262,-0.11220,0.12003,-0.016306,0.239831,0,1,4.74000,1831.832,2.853,4.000,1.2705,102,204,102,107,84
8,falling,0,25.0,,195.000,97.029,0.00000,0.55000,0.55000,0.000000,0.000000,0,0,5.50800,2566.696,2.475,5.000,1.4251,68,136,68,69,57
8,falling,1,34.0,,195.000,97.405,0.00000,0.69555,0.69555,0.000000,0.000000,0,0,5.50800,2566.696,2.475,5.000,1.4251,68,136,68,69,57
8,falling,2,50.0,,195.000,98.319,0.00000,0.95220,0.95220,0.000000,0.000000,0,0,5.50800,2566.696,2.475,5.000,1.4251,68,136,68,69,57
8,falling,3,67.0,,195.000,99.564,0.00000,1.22096,1.22096,0.000000,0.000000,0,0,5.50800,2566.696,2.475,5.000,1.4251,68,136,68,69,57
8,falling,4,84.0,,195.000,101.079,0.00000,1.48561,1.48561,0.000000,0.000000,0,0,5.50800,2566.696,2.475,5.000,1.4251,68,136,68,69,57
8,falling,5,100.0,,195.000,102.741,0.00000,1.73089,1.73089,0.000000,0.000000,0,0,5.50800,2566.696,2.475,5.000,1.4251,68,136,68,69,57
8,falling,6,117.0,,195.000,104.769,0.00000,1.98774,1.98774,0.000000,0.000000,0,0,5.50800,2566.696,2.475,5.000,1.4251,68,136,68,69,57
8,falling,7,134.0,,195.000,107.054,0.00000,2.24066,2.24066,0.000000,0.000000,0,0,5.50800,2566.696,2.475,5.000,1.4251,68,136,68,69,57
8,falling,8,150.0,,195.000,109.430,0.00000,2.47506,2.47506,0.000000,0.000000,0,0,5.50800,2566.696,2.475,5.000,1.4251,68,136,68,69,57
8,falling,9,167.0,,195.000,112.205,0.00000,2.72052,2.72052,0.000000,0.000000,0,0,5.50800,2566.696,2.475,5.000,1.4251,68,136,68,69,57
8,falling,10,184.0,,195.000,115.226,0.00000,2.96223,2.96223,0.000000,0.000000,0,0,5.50800,2566.696,2.475,5.000,1.4251,68,136,68,69,57
8,falling,11,201.0,,195.000,118.285,0.00000,3.18624,3.18624,0.000000,0.000000,0,0,5.50800,2566.696,2.475,5.000,1.4251,68,136,68,69,57
8,falling,12,217.0,,195.000,121.775,0.00000,3.42083,3.42083,0.000000,0.000000,0,0,5.50800,2566.696,2.475,5.000,1.4251,68,136,68,69,57
8,falling,13,234.0,,195.000,125.499,0.00000,3.65182,3.65182,0.000000,0.000000,0,0,5.50800,2566.696,2.475,5.000,1.4251,68,136,68,69,57
8,falling,14,251.0,,195.000,129.211,0.00000,3.86590,3.86590,0.000000,0.000000,0,0,5.50800,2566.696,2.475,5.000,1.4251,68,136,68,69,57
8,falling,15,267.0,,195.000,133.383,0.00000,4.09009,4.09009,0.000000,0.000000,0,0,5.50800,2566.696,2.475,5.000,1.4251,68,136,68,69,57
8,falling,16,284.0,,195.000,137.780,0.00000,4.31084,4.31084,0.000000,0.000000,0,0,5.50800,2566.696,2.475,5.000,1.4251,68,136,68,69,57
8,falling,17,301.0,,195.000,142.114,0.00000,4.51543,4.51543,0.000000,0.000000,0,0,5.50800,2566.696,2.475,5.000,1.4251,68,136,68,69,57
8,falling,18,317.0,,195.000,146.939,0.00000,4.72968,4.72968,0.000000,0.000000,0,0,5.50800,2566.696,2.475,5.000,1.4251,68,136,68,69,57
8,falling,19,334.0,,195.000,151.978,0.00000,4.94065,4.94065,0.000000,0.000000,0,0,5.50800,2566.696,2.475,5.000,1.4251,68,136,68,69,57
8,falling,20,351.0,,195.000,156.909,0.00000,5.13617,5.13617,0.000000,0.000000,0,0,5.50800,2566.696,2.475,5.000,1.4251,68,136,68,69,57
8,falling,21,367.0,,195.000,162.357,0.00000,5.34092,5.34092,0.000000,0.000000,0,0,5.50800,2566.696,2.475,5.000,1.4251,68,136,68,69,57
8,falling,22,384.0,,195.000,168.010,0.00000,5.54254,5.54254,0.000000,0.000000,0,0,5.50800,2566.696,2.475,5.000,1.4251,68,136,68,69,57
8,falling,23,401.0,,195.000,173.510,0.00000,5.72939,5.72939,0.000000,0.000000,0,0,5.50800,2566.696,2.475,5.000,1.4251,68,136,68,69,57
8,falling,24,417.0,,195.000,179.554,0.00000,5.92507,5.92507,0.000000,0.000000,0,0,5.50800,2566.696,2.475,5.000,1.4251,68,136,68,69,57
8,falling,25,434.0,,195.000,185.794,0.00000,6.11775,6.11775,0.000000,0.000000,0,0,5.50800,2566.696,2.475,5.000,1.4251,68,136,68,69,57
8,falling,26,451.0,,195.000,191.838,0.00000,6.29632,6.29632,0.000000,0.000000,0,0,5.50800,2566.696,2.475,5.000,1.4251,68,136,68,69,57
8,falling,27,467.0,,195.000,198.451,0.00000,6.48332,6.48332,0.000000,0.000000,0,0,5.50800,2566.696,2.475,5.000,1.4251,68,136,68,69,57
8,falling,28,484.0,,195.000,205.252,0.00000,6.66746,6.66746,0.000000,0.000000,0,0,5.50800,2566.696,2.475,5.000,1.4251,68,136,68,69,57
8,falling,29,501.0,,195.000,211.817,0.00000,6.83811,6.83811,0.000000,0.000000,0,0,5.50800,2566.696,2.475,5.000,1.4251,68,136,68,69,57
8,falling,30,517.0,,195.000,218.974,0.00000,7.01682,7.01682,0.000000,0.000000,0,0,5.50800,2566.696,2.475,5.000,1.4251,68,136,68,69,57
8,falling,31,534.0,,195.000,226.311,0.00000,7.19280,7.19280,0.000000,0.000000,0,0,5.50800,2566.696,2.475,5.000,1.4251,68,136,68,69,57
8,falling,32,551.0,,195.000,233.372,0.00000,7.35589,7.35589,0.000000,0.000000,0,0,5.50800,2566.696,2.475,5.000,1.4251,68,136,68,69,57
8,falling,33,567.0,,195.000,241.049,0.00000,7.52668,7.52668,0.000000,0.000000,0,0,5.50800,2566.696,2.475,5.000,1.4251,68,136,68,69,57
8,falling,34,584.0,,195.000,248.898,0.00000,7.69485,7.69485,0.000000,0.000000,0,0,5.50800,2566.696,2.475,5.000,1.4251,68,136,68,69,57
8,falling,35,601.0,,195.000,256.435,0.00000,7.85071,7.85071,0.000000,0.000000,0,0,5.50800,2566.696,2.475,5.000,1.4251,68,136,68,69,57
8,falling,36,617.0,,195.000,264.609,0.00000,8.01393,8.01393,0.000000,0.000000,0,0,5.50800,2566.696,2.475,5.000,1.4251,68,136,68,69,57
8,falling,37,634.0,,195.000,272.947,0.00000,8.17465,8.17465,0.000000,0.000000,0,0,5.50800,2566.696,2.475,5.000,1.4251,68,136,68,69,57
8,falling,38,651.0,,195.000,280.938,0.00000,8.32360,8.32360,0.000000,0.000000,0,0,5.50800,2566.696,2.475,5.000,1.4251,68,136,68,69,57
8,falling,39,667.0,,195.000,289.587,0.00000,8.47958,8.47958,0.000000,0.000000,0,0,5.50800,2566.696,2.475,5.000,1.4251,68,136,68,69,57
8,falling,40,684.0,,195.000,298.393,0.00000,8.63318,8.63318,0.000000,0.000000,0,0,5.50800,2566.696,2.475,5.000,1.4251,68,136,68,69,57
8,falling,41,701.0,,195.000,306.817,0.00000,8.77553,8.77553,0.000000,0.000000,0,0,5.50800,2566.696,2.475,5.000,1.4251,68,136,68,69,57
8,falling,42,717.0,,195.000,315.920,0.00000,8.92460,8.92460,0.000000,0.000000,0,0,5.50800,2566.696,2.475,5.000,1.4251,68,136,68,69,57
8,falling,43,734.0,,195.000,325.173,0.00000,9.07138,9.07138,0.000000,0.000000,0,0,5.50800,2566.696,2.475,5.000,1.4251,68,136,68,69,57
8,falling,44,751.0,,195.000,334.012,0.00000,9.20742,9.20742,0.000000,0.000000,0,0,5.50800,2566.696,2.475,5.000,1.4251,68,136,68,69,57
8,falling,45,767.0,,195.000,343.549,0.00000,9.34988,9.34988,0.000000,0.000000,0,0,5.50800,2566.696,2.475,5.000,1.4251,68,136,68,69,57
8,falling,46,784.0,,195.000,353.229,0.00000,9.49016,9.49016,0.000000,0.000000,0,0,5.50800,2566.696,2.475,5.000,1.4251,68,136,68,69,57
8,falling,47,800.0,,195.000,362.465,0.00000,9.62017,9.62017,0.000000,0.000000,0,0,5.50800,2566.696,2.475,5.000,1.4251,68,136,68,69,57
8,falling,48,817.0,,195.000,372.416,0.00000,9.75631,9.75631,0.000000,0.000000,0,0,5.50800,2566.696,2.475,5.000,1.4251,68,136,68,69,57
8,falling,49,834.0,,195.000,382.504,0.00000,9.89038,9.89038,0.000000,0.000000,0,0,5.50800,2566.696,2.475,5.000,1.4251,68,136,68,69,57
8,falling,50,850.0,,195.000,392.118,0.00000,10.01462,10.01462,0.000000,0.000000,0,0,5.50800,2566.696,2.475,5.000,1.4251,68,136,68,69,57
8,falling,51,867.0,,195.000,402.466,0.00000,10.14473,10.14473,0.000000,0.000000,0,0,5.50800,2566.696,2.475,5.000,1.4251,68,136,68,69,57
8,falling,52,884.0,,195.000,412.944,0.00000,10.27285,10.27285,0.000000,0.000000,0,0,5.50800,2566.696,2.475,5.000,1.4251,68,136,68,69,57
8,falling,53,900.0,,195.000,422.920,0.00000,10.39159,10.39159,0.000000,0.000000,0,0,5.50800,2566.696,2.475,5.000,1.4251,68,136,68,69,57
8,falling,54,917.0,,195.000,433.646,0.00000,10.51593,10.51593,0.000000,0.000000,0,0,5.50800,2566.696,2.475,5.000,1.4251,68,136,68,69,57
8,falling,55,934.0,,195.000,444.498,0.00000,10.63837,10.63837,0.000000,0.000000,0,0,5.50800,2566.696,2.475,5.000,1.4251,68,136,68,69,57
8,falling,56,950.0,,195.000,454.819,0.00000,10.75184,10.75184,0.000000,0.000000,0,0,5.50800,2566.696,2.475,5.000,1.4251,68,136,68,69,57
8,falling,57,967.0,,195.000,465.907,0.00000,10.87067,10.87067,0.000000,0.000000,0,0,5.50800,2566.696,2.475,5.000,1.4251,68,136,68,69,57
8,falling,58,984.0,,195.000,477.115,0.00000,10.98769,10.98769,0.000000,0.000000,0,0,5.50800,2566.696,2.475,5.000,1.4251,68,136,68,69,57
8,post_landing,59,1001.0,59,195.000,483.361,2.98923,0.39544,3.01527,0.030313,0.000000,0,1,5.50800,2566.696,2.475,5.000,1.4251,68,136,68,69,57
8,post_landing,60,1017.0,59,198.002,482.058,2.39707,0.25564,2.41066,0.025746,0.030446,0,1,5.50800,2566.696,2.475,5.000,1.4251,68,136,68,69,57
8,post_landing,61,1034.0,59,200.410,481.748,1.94431,0.20332,1.95491,0.020932,0.056306,0,1,5.50800,2566.696,2.475,5.000,1.4251,68,136,68,69,57
8,post_landing,62,1051.0,59,202.250,481.841,1.55945,0.17748,1.56951,0.017740,0.076111,0,1,5.50800,2566.696,2.475,5.000,1.4251,68,136,68,69,57
8,post_landing,63,1067.0,59,203.816,482.337,1.25260,0.17408,1.26463,0.014421,0.093929,0,1,5.50800,2566.696,2.475,5.000,1.4251,68,136,68,69,57
8,post_landing,64,1084.0,59,205.074,482.757,1.00301,0.17280,1.01779,0.011708,0.108413,0,1,5.50800,2566.696,2.475,5.000,1.4251,68,136,68,69,57
8,post_landing,65,1101.0,59,206.023,483.079,0.80286,0.34085,0.87221,0.017548,0.119491,0,1,5.50800,2566.696,2.475,5.000,1.4251,68,136,68,69,57
8,post_landing,66,1117.0,59,206.829,483.602,0.72283,0.47419,0.86449,0.015384,0.137116,0,1,5.50800,2566.696,2.475,5.000,1.4251,68,136,68,69,57
8,post_landing,67,1134.0,59,207.555,484.060,0.67745,0.48808,0.83496,0.017730,0.152567,0,1,5.50800,2566.696,2.475,5.000,1.4251,68,136,68,69,57
8,post_landing,68,1151.0,59,208.196,484.588,0.65533,0.47599,0.80995,0.018979,0.169343,0,1,5.50800,2566.696,2.475,5.000,1.4251,68,136,68,69,57
8,post_landing,69,1167.0,59,208.855,485.187,0.63613,0.48639,0.80077,0.019516,0.188405,0,1,5.50800,2566.696,2.475,5.000,1.4251,68,136,68,69,57
8,post_landing,70,1184.0,59,209.494,485.815,0.61685,0.50115,0.79477,0.019735,0.208007,0,1,5.50800,2566.696,2.475,5.000,1.4251,68,136,68,69,57
8,post_landing,71,1201.0,59,210.077,486.423,0.59611,0.51079,0.78502,0.019512,0.226680,0,1,5.50800,2566.696,2.475,5.000,1.4251,68,136,68,69,57
8,post_landing,72,1217.0,59,210.676,487.082,0.57380,0.52881,0.78032,0.019777,0.246278,0,1,5.50800,2566.696,2.475,5.000,1.4251,68,136,68,69,57
8,post_landing,73,1234.0,59,211.252,487.759,0.55134,0.54472,0.77505,0.020084,0.266142,0,1,5.50800,2566.696,2.475,5.000,1.4251,68,136,68,69,57
8,post_landing,74,1251.0,59,211.774,488.415,0.52798,0.55382,0.76517,0.019930,0.285145,0,1,5.50800,2566.696,2.475,5.000,1.4251,68,136,68,69,57
8,post_landing,75,1267.0,59,212.304,489.127,0.50261,0.57241,0.76175,0.020186,0.305163,0,1,5.50800,2566.696,2.475,5.000,1.4251,68,136,68,69,57
8,post_landing,76,1284.0,59,212.809,489.858,0.47638,0.58919,0.75768,0.020458,0.325438,0,1,5.50800,2566.696,2.475,5.000,1.4251,68,136,68,69,57
8,post_landing,77,1301.0,59,213.260,490.563,0.44929,0.59767,0.74771,0.020314,0.344795,0,1,5.50800,2566.696,2.475,5.000,1.4251,68,136,68,69,57
8,post_landing,78,1317.0,59,213.711,491.327,0.42000,0.61600,0.74556,0.020547,0.365198,0,1,5.50800,2566.696,2.475,5.000,1.4251,68,136,68,69,57
8,post_landing,79,1334.0,59,214.133,492.189,0.55561,0.57840,0.80203,0.016106,0.385836,0,1,5.50800,2566.696,2.475,5.000,1.4251,68,136,68,69,57
8,post_landing,80,1351.0,59,214.659,492.732,0.57466,0.09853,0.58305,0.016387,0.401074,0,1,5.50800,2566.696,2.475,5.000,1.4251,68,136,68,69,57
8,post_landing,81,1367.0,59,215.236,492.810,0.52828,0.11864,0.54144,0.015247,0.417534,0,1,5.50800,2566.696,2.475,5.000,1.4251,68,136,68,69,57
8,post_landing,82,1384.0,59,215.766,492.920,0.50371,0.09541,0.51267,0.014123,0.432847,0,1,5.50800,2566.696,2.475,5.000,1.4251,68,136,68,69,57
8,post_landing,83,1401.0,59,216.243,493.017,0.46474,0.09963,0.47530,0.013751,0.446210,0,1,5.50800,2566.696,2.475,5.000,1.4251,68,136,68,69,57
8,post_landing,84,1417.0,59,216.710,493.269,0.05990,-0.18538,0.19482,0.014882,0.460021,0,1,5.50800,2566.696,2.475,5.000,1.4251,68,136,68,69,57
8,post_landing,85,1434.0,59,216.770,493.180,-0.49301,-0.23254,0.54510,0.027461,0.474969,0,1,5.50800,2566.696,2.475,5.000,1.4251,68,136,68,69,57
8,post_landing,86,1451.0,59,216.303,492.976,-1.52033,-0.83983,1.73687,0.044421,0.500951,0,1,5.50800,2566.696,2.475,5.000,1.4251,68,136,68,69,57
8,post_landing,87,1467.0,59,214.776,492.436,-0.98002,-0.29900,1.02462,0.012351,0.545568,0,1,5.50800,2566.696,2.475,5.000,1.4251,68,136,68,69,57
8,post_landing,88,1484.0,59,213.792,492.321,-0.75750,-0.01241,0.75760,0.001642,0.557974,0,1,5.50800,2566.696,2.475,5.000,1.4251,68,136,68,69,57
8,post_landing,89,1501.0,59,213.075,492.474,-0.46502,0.10184,0.47604,-0.012416,0.559528,0,1,5.50800,2566.696,2.475,5.000,1.4251,68,136,68,69,57
8,post_landing,90,1517.0,59,212.608,492.614,-0.44608,0.10262,0.45773,-0.012063,0.547058,0,1,5.50800,2566.696,2.475,5.000,1.4251,68,136,68,69,57
8,post_landing,91,1534.0,59,212.160,492.737,-0.48780,0.11958,0.50224,-0.008806,0.534942,0,1,5.50800,2566.696,2.475,5.000,1.4251,68,136,68,69,57
8,post_landing,92,1551.0,59,211.699,492.822,-0.37930,0.10005,0.39227,-0.014216,0.526609,0,1,5.50800,2566.696,2.475,5.000,1.4251,68,136,68,69,57
8,post_landing,93,1567.0,59,211.318,492.972,-0.47347,0.09494,0.48289,-0.008678,0.512330,0,1,5.50800,2566.696,2.475,5.000,1.4251,68,136,68,69,57
8,post_landing,94,1584.0,59,210.842,493.129,-0.22850,-0.05222,0.23440,-0.009174,0.503614,0,1,5.50800,2566.696,2.475,5.000,1.4251,68,136,68,69,57
8,post_landing,95,1601.0,59,210.626,493.102,-0.23534,-0.01737,0.23598,-0.002322,0.494934,0,1,5.50800,2566.696,2.475,5.000,1.4251,68,136,68,69,57
8,post_landing,96,1617.0,59,210.390,493.114,-0.05909,-0.03173,0.06707,-0.004362,0.492602,0,1,5.50800,2566.696,2.475,5.000,1.4251,68,136,68,69,57
8,post_landing,97,1634.0,59,210.330,493.130,-0.06423,0.00000,0.06423,0.000000,0.488221,0,1,5.50800,2566.696,2.475,5.000,1.4251,68,136,68,69,57
8,post_landing,98,1651.0,59,210.270,493.129,-0.03307,0.00000,0.03307,0.000000,0.488221,0,1,5.50800,2566.696,2.475,5.000,1.4251,68,136,68,69,57
8,post_landing,99,1667.0,59,210.236,493.133,-0.06752,0.02320,0.07139,0.001452,0.488221,0,1,5.50800,2566.696,2.475,5.000,1.4251,68,136,68,69,57
8,post_landing,100,1684.0,59,210.168,493.212,0.03995,-0.02716,0.04831,0.000000,0.489679,0,1,5.50800,2566.696,2.475,5.000,1.4251,68,136,68,69,57
8,post_landing,101,1701.0,59,210.206,493.210,-0.05073,0.03005,0.05896,0.001661,0.489679,0,1,5.50800,2566.696,2.475,5.000,1.4251,68,136,68,69,57
8,post_landing,102,1717.0,59,210.155,493.209,-0.12008,0.00000,0.12008,0.000945,0.491347,0,1,5.50800,2566.696,2.475,5.000,1.4251,68,136,68,69,57
8,post_landing,103,1734.0,59,210.035,493.201,-0.30163,-0.02964,0.30308,0.002783,0.492297,0,1,5.50800,2566.696,2.475,5.000,1.4251,68,136,68,69,57
8,post_landing,104,1751.0,59,209.749,493.180,-0.47416,-0.05907,0.47783,0.004968,0.494930,0,1,5.50800,2566.696,2.475,5.000,1.4251,68,136,68,69,57
8,post_landing,105,1767.0,59,209.273,493.153,-0.30059,-0.07499,0.30980,-0.001573,0.499920,0,1,5.50800,2566.696,2.475,5.000,1.4251,68,136,68,69,57
8,post_landing,106,1784.0,59,208.971,493.158,0.21350,-0.02496,0.21496,-0.021562,0.498340,0,1,5.50800,2566.696,2.475,5.000,1.4251,68,136,68,69,57
8,post_landing,107,1801.0,59,209.173,493.168,0.01280,0.00000,0.01280,-0.003786,0.477938,0,1,5.50800,2566.696,2.475,5.000,1.4251,68,136,68,69,57
8,post_landing,108,1817.0,59,209.186,493.254,-0.01158,0.00000,0.01158,0.000000,0.474136,0,1,5.50800,2566.696,2.475,5.000,1.4251,68,136,68,69,57
8,post_landing,109,1834.0,59,209.174,493.260,0.24598,-0.08246,0.25943,-0.013958,0.474136,0,1,5.50800,2566.696,2.475,5.000,1.4251,68,136,68,69,57
8,post_landing,110,1851.0,59,209.407,493.268,0.41143,-0.26367,0.48867,-0.028391,0.460929,0,1,5.50800,2566.696,2.475,5.000,1.4251,68,136,68,69,57
8,post_landing,111,1867.0,59,209.820,492.922,5.32053,-3.05858,6.13701,-0.199148,0.432413,0,1,5.50800,2566.696,2.475,5.000,1.4251,68,136,68,69,57
8,post_landing,112,1884.0,59,215.164,488.505,1.59364,-1.50065,2.18898,0.038639,0.232390,0,1,5.50800,2566.696,2.475,5.000,1.4251,68,136,68,69,57
8,post_landing,113,1900.0,59,216.672,486.033,1.57069,-1.21237,1.98417,0.038082,0.268949,0,0,5.50800,2566.696,2.475,5.000,1.4251,68,136,68,69,57
8,post_landing,114,1917.0,59,218.250,484.059,1.54666,-0.91049,1.79476,0.037500,0.307198,0,0,5.50800,2566.696,2.475,5.000,1.4251,68,136,68,69,57
8,post_landing,115,1934.0,59,219.803,482.596,1.52300,-0.61323,1.64182,0.036926,0.344863,0,0,5.50800,2566.696,2.475,5.000,1.4251,68,136,68,69,57
8,post_landing,116,1950.0,59,221.244,481.603,1.50107,-0.33773,1.53859,0.036394,0.379801,0,0,5.50800,2566.696,2.475,5.000,1.4251,68,136,68,69,57
8,post_landing,117,1967.0,59,222.752,481.017,1.47810,-0.04923,1.47892,0.035837,0.416355,0,0,5.50800,2566.696,2.475,5.000,1.4251,68,136,68,69,57
8,post_landing,118,1984.0,59,224.236,480.828,1.45548,0.23486,1.47431,0.035289,0.452350,0,0,5.50800,2566.696,2.475,5.000,1.4251,68,136,68,69,57
9,falling,0,25.0,,195.000,97.029,0.00000,0.55000,0.55000,0.000000,0.000000,0,0,5.03800,2670.843,2.201,5.000,1.0585,78,156,78,82,79
9,falling,1,28.0,,195.000,97.137,0.00000,0.59851,0.59851,0.000000,0.000000,0,0,5.03800,2670.843,2.201,5.000,1.0585,78,156,78,82,79
9,falling,2,44.0,,195.000,97.959,0.00000,0.85656,0.85656,0.000000,0.000000,0,0,5.03800,2670.843,2.201,5.000,1.0585,78,156,78,82,79
9,falling,3,61.0,,195.000,99.108,0.00000,1.12679,1.12679,0.000000,0.000000,0,0,5.03800,2670.843,2.201,5.000,1.0585,78,156,78,82,79
9,falling,4,78.0,,195.000,100.529,0.00000,1.39288,1.39288,0.000000,0.000000,0,0,5.03800,2670.843,2.201,5.000,1.0585,78,156,78,82,79
9,falling,5,94.0,,195.000,102.103,0.00000,1.63949,1.63949,0.000000,0.000000,0,0,5.03800,2670.843,2.201,5.000,1.0585,78,156,78,82,79
9,falling,6,111.0,,195.000,104.039,0.00000,1.89774,1.89774,0.000000,0.000000,0,0,5.03800,2670.843,2.201,5.000,1.0585,78,156,78,82,79
9,falling,7,128.0,,195.000,106.234,0.00000,2.15204,2.15204,0.000000,0.000000,0,0,5.03800,2670.843,2.201,5.000,1.0585,78,156,78,82,79
9,falling,8,144.0,,195.000,108.526,0.00000,2.38772,2.38772,0.000000,0.000000,0,0,5.03800,2670.843,2.201,5.000,1.0585,78,156,78,82,79
9,falling,9,161.0,,195.000,111.213,0.00000,2.63452,2.63452,0.000000,0.000000,0,0,5.03800,2670.843,2.201,5.000,1.0585,78,156,78,82,79
9,falling,10,178.0,,195.000,114.148,0.00000,2.87754,2.87754,0.000000,0.000000,0,0,5.03800,2670.843,2.201,5.000,1.0585,78,156,78,82,79
9,falling,11,194.0,,195.000,117.127,0.00000,3.10277,3.10277,0.000000,0.000000,0,0,5.03800,2670.843,2.201,5.000,1.0585,78,156,78,82,79
9,falling,12,211.0,,195.000,120.532,0.00000,3.33864,3.33864,0.000000,0.000000,0,0,5.03800,2670.843,2.201,5.000,1.0585,78,156,78,82,79
9,falling,13,228.0,,195.000,124.175,0.00000,3.57089,3.57089,0.000000,0.000000,0,0,5.03800,2670.843,2.201,5.000,1.0585,78,156,78,82,79
9,falling,14,244.0,,195.000,127.809,0.00000,3.78613,3.78613,0.000000,0.000000,0,0,5.03800,2670.843,2.201,5.000,1.0585,78,156,78,82,79
9,falling,15,261.0,,195.000,131.901,0.00000,4.01154,4.01154,0.000000,0.000000,0,0,5.03800,2670.843,2.201,5.000,1.0585,78,156,78,82,79
9,falling,16,278.0,,195.000,136.219,0.00000,4.23350,4.23350,0.000000,0.000000,0,0,5.03800,2670.843,2.201,5.000,1.0585,78,156,78,82,79
9,falling,17,294.0,,195.000,140.481,0.00000,4.43920,4.43920,0.000000,0.000000,0,0,5.03800,2670.843,2.201,5.000,1.0585,78,156,78,82,79
9,falling,18,311.0,,195.000,145.229,0.00000,4.65461,4.65461,0.000000,0.000000,0,0,5.03800,2670.843,2.201,5.000,1.0585,78,156,78,82,79
9,falling,19,328.0,,195.000,150.193,0.00000,4.86673,4.86673,0.000000,0.000000,0,0,5.03800,2670.843,2.201,5.000,1.0585,78,156,78,82,79
9,falling,20,344.0,,195.000,155.053,0.00000,5.06332,5.06332,0.000000,0.000000,0,0,5.03800,2670.843,2.201,5.000,1.0585,78,156,78,82,79
9,falling,21,361.0,,195.000,160.428,0.00000,5.26918,5.26918,0.000000,0.000000,0,0,5.03800,2670.843,2.201,5.000,1.0585,78,156,78,82,79
9,falling,22,378.0,,195.000,166.009,0.00000,5.47190,5.47190,0.000000,0.000000,0,0,5.03800,2670.843,2.201,5.000,1.0585,78,156,78,82,79
9,falling,23,394.0,,195.000,171.443,0.00000,5.65977,5.65977,0.000000,0.000000,0,0,5.03800,2670.843,2.201,5.000,1.0585,78,156,78,82,79
9,falling,24,411.0,,195.000,177.416,0.00000,5.85651,5.85651,0.000000,0.000000,0,0,5.03800,2670.843,2.201,5.000,1.0585,78,156,78,82,79
9,falling,25,428.0,,195.000,183.588,0.00000,6.05024,6.05024,0.000000,0.000000,0,0,5.03800,2670.843,2.201,5.000,1.0585,78,156,78,82,79
9,falling,26,444.0,,195.000,189.568,0.00000,6.22978,6.22978,0.000000,0.000000,0,0,5.03800,2670.843,2.201,5.000,1.0585,78,156,78,82,79
9,falling,27,461.0,,195.000,196.114,0.00000,6.41780,6.41780,0.000000,0.000000,0,0,5.03800,2670.843,2.201,5.000,1.0585,78,156,78,82,79
9,falling,28,478.0,,195.000,202.443,0.00000,6.59205,6.59205,0.000000,0.000000,0,0,5.03800,2670.843,2.201,5.000,1.0585,78,156,78,82,79
9,falling,29,494.0,,195.000,209.353,0.00000,6.77452,6.77452,0.000000,0.000000,0,0,5.03800,2670.843,2.201,5.000,1.0585,78,156,78,82,79
9,falling,30,511.0,,195.000,216.446,0.00000,6.95420,6.95420,0.000000,0.000000,0,0,5.03800,2670.843,2.201,5.000,1.0585,78,156,78,82,79
9,falling,31,528.0,,195.000,223.282,0.00000,7.12073,7.12073,0.000000,0.000000,0,0,5.03800,2670.843,2.201,5.000,1.0585,78,156,78,82,79
9,falling,32,544.0,,195.000,230.723,0.00000,7.29512,7.29512,0.000000,0.000000,0,0,5.03800,2670.843,2.201,5.000,1.0585,78,156,78,82,79
9,falling,33,561.0,,195.000,238.339,0.00000,7.46684,7.46684,0.000000,0.000000,0,0,5.03800,2670.843,2.201,5.000,1.0585,78,156,78,82,79
9,falling,34,578.0,,195.000,245.660,0.00000,7.62598,7.62598,0.000000,0.000000,0,0,5.03800,2670.843,2.201,5.000,1.0585,78,156,78,82,79
9,falling,35,594.0,,195.000,253.609,0.00000,7.79264,7.79264,0.000000,0.000000,0,0,5.03800,2670.843,2.201,5.000,1.0585,78,156,78,82,79
9,falling,36,611.0,,195.000,261.724,0.00000,7.95674,7.95674,0.000000,0.000000,0,0,5.03800,2670.843,2.201,5.000,1.0585,78,156,78,82,79
9,falling,37,628.0,,195.000,269.509,0.00000,8.10883,8.10883,0.000000,0.000000,0,0,5.03800,2670.843,2.201,5.000,1.0585,78,156,78,82,79
9,falling,38,644.0,,195.000,277.942,0.00000,8.26810,8.26810,0.000000,0.000000,0,0,5.03800,2670.843,2.201,5.000,1.0585,78,156,78,82,79
9,falling,39,661.0,,195.000,286.536,0.00000,8.42493,8.42493,0.000000,0.000000,0,0,5.03800,2670.843,2.201,5.000,1.0585,78,156,78,82,79
9,falling,40,678.0,,195.000,294.763,0.00000,8.57028,8.57028,0.000000,0.000000,0,0,5.03800,2670.843,2.201,5.000,1.0585,78,156,78,82,79
9,falling,41,694.0,,195.000,303.660,0.00000,8.72249,8.72249,0.000000,0.000000,0,0,5.03800,2670.843,2.201,5.000,1.0585,78,156,78,82,79
9,falling,42,712.0,,195.000,313.252,0.00000,8.88118,8.88118,0.000000,0.000000,0,0,5.03800,2670.843,2.201,5.000,1.0585,78,156,78,82,79
9,falling,43,728.0,,195.000,321.362,0.00000,9.01129,9.01129,0.000000,0.000000,0,0,5.03800,2670.843,2.201,5.000,1.0585,78,156,78,82,79
9,falling,44,744.0,,195.000,330.702,0.00000,9.15675,9.15675,0.000000,0.000000,0,0,5.03800,2670.843,2.201,5.000,1.0585,78,156,78,82,79
9,falling,45,761.0,,195.000,340.188,0.00000,9.29998,9.29998,0.000000,0.000000,0,0,5.03800,2670.843,2.201,5.000,1.0585,78,156,78,82,79
9,falling,46,778.0,,195.000,349.243,0.00000,9.43273,9.43273,0.000000,0.000000,0,0,5.03800,2670.843,2.201,5.000,1.0585,78,156,78,82,79
9,falling,47,794.0,,195.000,359.007,0.00000,9.57174,9.57174,0.000000,0.000000,0,0,5.03800,2670.843,2.201,5.000,1.0585,78,156,78,82,79
9,falling,48,811.0,,195.000,368.909,0.00000,9.70863,9.70863,0.000000,0.000000,0,0,5.03800,2670.843,2.201,5.000,1.0585,78,156,78,82,79
9,falling,49,828.0,,195.000,378.351,0.00000,9.83549,9.83549,0.000000,0.000000,0,0,5.03800,2670.843,2.201,5.000,1.0585,78,156,78,82,79
9,falling,50,844.0,,195.000,388.519,0.00000,9.96834,9.96834,0.000000,0.000000,0,0,5.03800,2670.843,2.201,5.000,1.0585,78,156,78,82,79
9,falling,51,861.0,,195.000,398.820,0.00000,10.09916,10.09916,0.000000,0.000000,0,0,5.03800,2670.843,2.201,5.000,1.0585,78,156,78,82,79
9,falling,52,878.0,,195.000,408.632,0.00000,10.22040,10.22040,0.000000,0.000000,0,0,5.03800,2670.843,2.201,5.000,1.0585,78,156,78,82,79
9,falling,53,894.0,,195.000,419.186,0.00000,10.34736,10.34736,0.000000,0.000000,0,0,5.03800,2670.843,2.201,5.000,1.0585,78,156,78,82,79
9,falling,54,911.0,,195.000,429.868,0.00000,10.47238,10.47238,0.000000,0.000000,0,0,5.03800,2670.843,2.201,5.000,1.0585,78,156,78,82,79
9,falling,55,928.0,,195.000,440.033,0.00000,10.58824,10.58824,0.000000,0.000000,0,0,5.03800,2670.843,2.201,5.000,1.0585,78,156,78,82,79
9,falling,56,944.0,,195.000,450.956,0.00000,10.70957,10.70957,0.000000,0.000000,0,0,5.03800,2670.843,2.201,5.000,1.0585,78,156,78,82,79
9,falling,57,961.0,,195.000,462.002,0.00000,10.82905,10.82905,0.000000,0.000000,0,0,5.03800,2670.843,2.201,5.000,1.0585,78,156,78,82,79
9,falling,58,978.0,,195.000,472.504,0.00000,10.93978,10.93978,0.000000,0.000000,0,0,5.03800,2670.843,2.201,5.000,1.0585,78,156,78,82,79
9,post_landing,59,994.0,59,195.000,481.320,4.17564,1.23398,4.35416,0.042096,0.000000,0,1,5.03800,2670.843,2.201,5.000,1.0585,78,156,78,82,79
9,post_landing,60,1011.0,59,199.194,481.125,3.29368,0.56940,3.34253,0.035873,0.042281,0,1,5.03800,2670.843,2.201,5.000,1.0585,78,156,78,82,79
9,post_landing,61,1028.0,59,202.310,481.276,2.61456,0.31459,2.63342,0.029452,0.076223,0,1,5.03800,2670.843,2.201,5.000,1.0585,78,156,78,82,79
9,post_landing,62,1044.0,59,204.936,481.881,2.57456,0.59311,2.64200,0.029002,0.105804,0,0,5.03800,2670.843,2.201,5.000,1.0585,78,156,78,82,79
9,post_landing,63,1061.0,59,207.522,482.766,2.53517,0.86737,2.67944,0.028558,0.134934,0,0,5.03800,2670.843,2.201,5.000,1.0585,78,156,78,82,79
9,post_landing,64,1078.0,59,209.921,483.843,2.49866,1.12155,2.73883,0.028147,0.161955,0,0,5.03800,2670.843,2.201,5.000,1.0585,78,156,78,82,79
9,post_landing,65,1094.0,59,212.431,485.258,2.46044,1.38772,2.82480,0.027716,0.190225,0,0,5.03800,2670.843,2.201,5.000,1.0585,78,156,78,82,79
9,post_landing,66,1111.0,59,214.902,486.650,2.02753,0.19615,2.03700,0.026184,0.218063,0,1,5.03800,2670.843,2.201,5.000,1.0585,78,156,78,82,79
9,post_landing,67,1128.0,59,216.820,487.019,1.74651,0.12190,1.75076,0.015630,0.242838,0,1,5.03800,2670.843,2.201,5.000,1.0585,78,156,78,82,79
9,post_landing,68,1144.0,59,218.575,487.182,1.48994,0.09803,1.49316,0.011194,0.258536,0,1,5.03800,2670.843,2.201,5.000,1.0585,78,156,78,82,79
9,post_landing,69,1161.0,59,220.071,487.294,1.26462,0.08293,1.26734,0.009174,0.269780,0,1,5.03800,2670.843,2.201,5.000,1.0585,78,156,78,82,79
9,post_landing,70,1178.0,59,221.268,487.379,1.07336,0.07250,1.07580,0.007878,0.278460,0,1,5.03800,2670.843,2.201,5.000,1.0585,78,156,78,82,79
9,post_landing,71,1194.0,59,222.346,487.466,0.91511,0.06659,0.91753,0.006986,0.286373,0,1,5.03800,2670.843,2.201,5.000,1.0585,78,156,78,82,79
9,post_landing,72,1211.0,59,223.265,487.541,0.78362,0.12538,0.79359,0.011694,0.293390,0,1,5.03800,2670.843,2.201,5.000,1.0585,78,156,78,82,79
9,post_landing,73,1228.0,59,224.006,487.659,0.69157,0.14986,0.70762,0.014056,0.304454,0,1,5.03800,2670.843,2.201,5.000,1.0585,78,156,78,82,79
9,post_landing,74,1244.0,59,224.701,487.824,0.59819,0.17233,0.62252,0.016585,0.318571,0,1,5.03800,2670.843,2.201,5.000,1.0585,78,156,78,82,79
9,post_landing,75,1261.0,59,225.302,488.022,0.41328,0.07601,0.42022,0.026398,0.335229,0,1,5.03800,2670.843,2.201,5.000,1.0585,78,156,78,82,79
9,post_landing,76,1278.0,59,225.693,488.319,0.79546,0.24389,0.83201,0.000000,0.360206,0,1,5.03800,2670.843,2.201,5.000,1.0585,78,156,78,82,79
9,post_landing,77,1294.0,59,226.492,488.627,0.54656,0.16611,0.57124,0.015480,0.360206,0,1,5.03800,2670.843,2.201,5.000,1.0585,78,156,78,82,79
9,post_landing,78,1311.0,59,227.041,488.826,0.50779,0.17253,0.53630,0.015977,0.375754,0,1,5.03800,2670.843,2.201,5.000,1.0585,78,156,78,82,79
9,post_landing,79,1328.0,59,227.521,489.021,0.50829,0.17003,0.53597,0.014463,0.390871,0,1,5.03800,2670.843,2.201,5.000,1.0585,78,156,78,82,79
9,post_landing,80,1344.0,59,228.032,489.223,0.51468,0.17490,0.54358,0.013286,0.405398,0,1,5.03800,2670.843,2.201,5.000,1.0585,78,156,78,82,79
9,post_landing,81,1361.0,59,228.548,489.412,0.50801,0.18050,0.53912,0.013117,0.418742,0,1,5.03800,2670.843,2.201,5.000,1.0585,78,156,78,82,79
9,post_landing,82,1377.0,59,229.029,489.588,0.49970,0.18177,0.53173,0.013000,0.431154,0,1,5.03800,2670.843,2.201,5.000,1.0585,78,156,78,82,79
9,post_landing,83,1394.0,59,229.531,489.786,0.49483,0.18853,0.52953,0.013070,0.444210,0,1,5.03800,2670.843,2.201,5.000,1.0585,78,156,78,82,79
9,post_landing,84,1411.0,59,230.028,489.987,0.49360,0.19379,0.53027,0.013104,0.457338,0,1,5.03800,2670.843,2.201,5.000,1.0585,78,156,78,82,79
9,post_landing,85,1428.0,59,230.495,490.177,0.48979,0.19779,0.52822,0.013056,0.469736,0,1,5.03800,2670.843,2.201,5.000,1.0585,78,156,78,82,79
9,post_landing,86,1444.0,59,230.987,490.392,0.48988,0.20588,0.53139,0.013178,0.482849,0,1,5.03800,2670.843,2.201,5.000,1.0585,78,156,78,82,79
9,post_landing,87,1461.0,59,231.479,490.610,0.49155,0.21293,0.53568,0.013310,0.496084,0,1,5.03800,2670.843,2.201,5.000,1.0585,78,156,78,82,79
9,post_landing,88,1477.0,59,231.944,490.819,0.48951,0.21832,0.53598,0.013347,0.508678,0,1,5.03800,2670.843,2.201,5.000,1.0585,78,156,78,82,79
9,post_landing,89,1494.0,59,232.436,491.054,0.49200,0.22722,0.54194,0.013525,0.522084,0,1,5.03800,2670.843,2.201,5.000,1.0585,78,156,78,82,79
9,post_landing,90,1511.0,59,232.930,491.294,0.49496,0.23574,0.54823,0.013715,0.535668,0,1,5.03800,2670.843,2.201,5.000,1.0585,78,156,78,82,79
9,post_landing,91,1528.0,59,233.398,491.525,0.49358,0.24216,0.54979,0.013790,0.548645,0,1,5.03800,2670.843,2.201,5.000,1.0585,78,156,78,82,79
9,post_landing,92,1544.0,59,233.894,491.784,0.49691,0.25190,0.55711,0.014006,0.562495,0,1,5.03800,2670.843,2.201,5.000,1.0585,78,156,78,82,79
9,post_landing,93,1561.0,59,234.393,492.120,0.26474,-0.06781,0.27328,0.007567,0.576562,0,1,5.03800,2670.843,2.201,5.000,1.0585,78,156,78,82,79
9,post_landing,94,1577.0,59,234.644,492.174,0.16256,-0.04115,0.16769,0.004624,0.583722,0,1,5.03800,2670.843,2.201,5.000,1.0585,78,156,78,82,79
9,post_landing,95,1594.0,59,234.807,492.263,0.06850,-0.01738,0.07067,0.002504,0.588367,0,1,5.03800,2670.843,2.201,5.000,1.0585,78,156,78,82,79
9,post_landing,96,1611.0,59,234.876,492.280,0.00265,0.00000,0.00265,0.000000,0.590882,0,1,5.03800,2670.843,2.201,5.000,1.0585,78,156,78,82,79
9,post_landing,97,1627.0,59,234.878,492.279,0.00570,0.00000,0.00570,0.000000,0.590882,0,1,5.03800,2670.843,2.201,5.000,1.0585,78,156,78,82,79
9,post_landing,98,1644.0,59,234.884,492.283,0.00463,0.00000,0.00463,0.000000,0.590882,0,1,5.03800,2670.843,2.201,5.000,1.0585,78,156,78,82,79
9,post_landing,99,1661.0,59,234.889,492.283,-0.00007,0.00000,0.00007,0.000000,0.590882,0,1,5.03800,2670.843,2.201,5.000,1.0585,78,156,78,82,79
9,post_landing,100,1678.0,59,234.889,492.279,-0.00083,0.00000,0.00083,0.000000,0.590882,0,1,5.03800,2670.843,2.201,5.000,1.0585,78,156,78,82,79
9,post_landing,101,1694.0,59,234.888,492.283,0.00066,0.00000,0.00066,0.000000,0.590882,0,1,5.03800,2670.843,2.201,5.000,1.0585,78,156,78,82,79
9,post_landing,102,1711.0,59,234.888,492.283,0.00007,0.00000,0.00007,0.000000,0.590882,0,1,5.03800,2670.843,2.201,5.000,1.0585,78,156,78,82,79
9,post_landing,103,1727.0,59,234.888,492.279,-0.00078,0.00000,0.00078,0.000000,0.590882,0,1,5.03800,2670.843,2.201,5.000,1.0585,78,156,78,82,79
9,post_landing,104,1744.0,59,234.888,492.283,0.00066,0.00000,0.00066,0.000000,0.590882,0,1,5.03800,2670.843,2.201,5.000,1.0585,78,156,78,82,79
9,post_landing,105,1761.0,59,234.888,492.279,-0.00071,0.00000,0.00071,0.000000,0.590882,0,1,5.03800,2670.843,2.201,5.000,1.0585,78,156,78,82,79
9,post_landing,106,1777.0,59,234.888,492.283,0.00066,0.00000,0.00066,0.000000,0.590882,0,1,5.03800,2670.843,2.201,5.000,1.0585,78,156,78,82,79
9,post_landing,107,1794.0,59,234.888,492.283,0.00007,0.00000,0.00007,0.000000,0.590882,0,1,5.03800,2670.843,2.201,5.000,1.0585,78,156,78,82,79
9,post_landing,108,1811.0,59,234.888,492.279,-0.00078,0.00000,0.00078,0.000000,0.590882,0,1,5.03800,2670.843,2.201,5.000,1.0585,78,156,78,82,79
9,post_landing,109,1827.0,59,234.888,492.283,0.00066,0.00000,0.00066,0.000000,0.590882,0,1,5.03800,2670.843,2.201,5.000,1.0585,78,156,78,82,79
9,post_landing,110,1844.0,59,234.888,492.283,0.00007,0.00000,0.00007,0.000000,0.590882,0,1,5.03800,2670.843,2.201,5.000,1.0585,78,156,78,82,79
9,post_landing,111,1861.0,59,234.888,492.279,-0.00078,0.00000,0.00078,0.000000,0.590882,0,1,5.03800,2670.843,2.201,5.000,1.0585,78,156,78,82,79
9,post_landing,112,1877.0,59,234.887,492.283,0.00066,0.00000,0.00066,0.000000,0.590882,0,1,5.03800,2670.843,2.201,5.000,1.0585,78,156,78,82,79
9,post_landing,113,1894.0,59,234.888,492.283,0.00007,0.00000,0.00007,0.000000,0.590882,0,1,5.03800,2670.843,2.201,5.000,1.0585,78,156,78,82,79
9,post_landing,114,1911.0,59,234.888,492.279,-0.00078,0.00000,0.00078,0.000000,0.590882,0,1,5.03800,2670.843,2.201,5.000,1.0585,78,156,78,82,79
9,post_landing,115,1927.0,59,234.887,492.283,0.00066,0.00000,0.00066,0.000000,0.590882,0,1,5.03800,2670.843,2.201,5.000,1.0585,78,156,78,82,79
9,post_landing,116,1944.0,59,234.888,492.283,0.00007,0.00000,0.00007,0.000000,0.590882,0,1,5.03800,2670.843,2.201,5.000,1.0585,78,156,78,82,79
9,post_landing,117,1961.0,59,234.888,492.279,-0.00078,0.00000,0.00078,0.000000,0.590882,0,1,5.03800,2670.843,2.201,5.000,1.0585,78,156,78,82,79
9,post_landing,118,1977.0,59,234.887,492.283,0.00066,0.00000,0.00066,0.000000,0.590882,0,1,5.03800,2670.843,2.201,5.000,1.0585,78,156,78,82,79
10,falling,0,27.0,,195.000,97.029,0.00000,0.55000,0.55000,0.000000,0.000000,0,0,6.51000,5147.624,3.157,50.000,1.0852,97,194,97,102,84
10,falling,1,32.0,,195.000,97.218,0.00000,0.63086,0.63086,0.000000,0.000000,0,0,6.51000,5147.624,3.157,50.000,1.0852,97,194,97,102,84
10,falling,2,48.0,,195.000,98.071,0.00000,0.88844,0.88844,0.000000,0.000000,0,0,6.51000,5147.624,3.157,50.000,1.0852,97,194,97,102,84
10,falling,3,65.0,,195.000,99.253,0.00000,1.15818,1.15818,0.000000,0.000000,0,0,6.51000,5147.624,3.157,50.000,1.0852,97,194,97,102,84
10,falling,4,82.0,,195.000,100.705,0.00000,1.42379,1.42379,0.000000,0.000000,0,0,6.51000,5147.624,3.157,50.000,1.0852,97,194,97,102,84
10,falling,5,98.0,,195.000,102.308,0.00000,1.66996,1.66996,0.000000,0.000000,0,0,6.51000,5147.624,3.157,50.000,1.0852,97,194,97,102,84
10,falling,6,115.0,,195.000,104.274,0.00000,1.92774,1.92774,0.000000,0.000000,0,0,6.51000,5147.624,3.157,50.000,1.0852,97,194,97,102,84
10,falling,7,132.0,,195.000,106.499,0.00000,2.18158,2.18158,0.000000,0.000000,0,0,6.51000,5147.624,3.157,50.000,1.0852,97,194,97,102,84
10,falling,8,148.0,,195.000,108.820,0.00000,2.41683,2.41683,0.000000,0.000000,0,0,6.51000,5147.624,3.157,50.000,1.0852,97,194,97,102,84
10,falling,9,165.0,,195.000,111.536,0.00000,2.66319,2.66319,0.000000,0.000000,0,0,6.51000,5147.624,3.157,50.000,1.0852,97,194,97,102,84
10,falling,10,182.0,,195.000,114.500,0.00000,2.90577,2.90577,0.000000,0.000000,0,0,6.51000,5147.624,3.157,50.000,1.0852,97,194,97,102,84
10,falling,11,198.0,,195.000,117.505,0.00000,3.13060,3.13060,0.000000,0.000000,0,0,6.51000,5147.624,3.157,50.000,1.0852,97,194,97,102,84
10,falling,12,215.0,,195.000,120.939,0.00000,3.36603,3.36603,0.000000,0.000000,0,0,6.51000,5147.624,3.157,50.000,1.0852,97,194,97,102,84
10,falling,13,232.0,,195.000,124.608,0.00000,3.59787,3.59787,0.000000,0.000000,0,0,6.51000,5147.624,3.157,50.000,1.0852,97,194,97,102,84
10,falling,14,249.0,,195.000,128.269,0.00000,3.81272,3.81272,0.000000,0.000000,0,0,6.51000,5147.624,3.157,50.000,1.0852,97,194,97,102,84
10,falling,15,265.0,,195.000,132.387,0.00000,4.03772,4.03772,0.000000,0.000000,0,0,6.51000,5147.624,3.157,50.000,1.0852,97,194,97,102,84
10,falling,16,282.0,,195.000,136.732,0.00000,4.25928,4.25928,0.000000,0.000000,0,0,6.51000,5147.624,3.157,50.000,1.0852,97,194,97,102,84
10,falling,17,298.0,,195.000,141.018,0.00000,4.46461,4.46461,0.000000,0.000000,0,0,6.51000,5147.624,3.157,50.000,1.0852,97,194,97,102,84
10,falling,18,315.0,,195.000,145.791,0.00000,4.67964,4.67964,0.000000,0.000000,0,0,6.51000,5147.624,3.157,50.000,1.0852,97,194,97,102,84
10,falling,19,332.0,,195.000,150.780,0.00000,4.89137,4.89137,0.000000,0.000000,0,0,6.51000,5147.624,3.157,50.000,1.0852,97,194,97,102,84
10,falling,20,349.0,,195.000,155.664,0.00000,5.08760,5.08760,0.000000,0.000000,0,0,6.51000,5147.624,3.157,50.000,1.0852,97,194,97,102,84
10,falling,21,365.0,,195.000,161.063,0.00000,5.29309,5.29309,0.000000,0.000000,0,0,6.51000,5147.624,3.157,50.000,1.0852,97,194,97,102,84
10,falling,22,382.0,,195.000,166.669,0.00000,5.49544,5.49544,0.000000,0.000000,0,0,6.51000,5147.624,3.157,50.000,1.0852,97,194,97,102,84
10,falling,23,399.0,,195.000,172.124,0.00000,5.68298,5.68298,0.000000,0.000000,0,0,6.51000,5147.624,3.157,50.000,1.0852,97,194,97,102,84
10,falling,24,415.0,,195.000,178.121,0.00000,5.87936,5.87936,0.000000,0.000000,0,0,6.51000,5147.624,3.157,50.000,1.0852,97,194,97,102,84
10,falling,25,432.0,,195.000,184.315,0.00000,6.07274,6.07274,0.000000,0.000000,0,0,6.51000,5147.624,3.157,50.000,1.0852,97,194,97,102,84
10,falling,26,448.0,,195.000,190.317,0.00000,6.25196,6.25196,0.000000,0.000000,0,0,6.51000,5147.624,3.157,50.000,1.0852,97,194,97,102,84
10,falling,27,465.0,,195.000,196.886,0.00000,6.43964,6.43964,0.000000,0.000000,0,0,6.51000,5147.624,3.157,50.000,1.0852,97,194,97,102,84
10,falling,28,482.0,,195.000,203.643,0.00000,6.62444,6.62444,0.000000,0.000000,0,0,6.51000,5147.624,3.157,50.000,1.0852,97,194,97,102,84
10,falling,29,498.0,,195.000,210.166,0.00000,6.79572,6.79572,0.000000,0.000000,0,0,6.51000,5147.624,3.157,50.000,1.0852,97,194,97,102,84
10,falling,30,515.0,,195.000,217.281,0.00000,6.97508,6.97508,0.000000,0.000000,0,0,6.51000,5147.624,3.157,50.000,1.0852,97,194,97,102,84
10,falling,31,532.0,,195.000,224.576,0.00000,7.15169,7.15169,0.000000,0.000000,0,0,6.51000,5147.624,3.157,50.000,1.0852,97,194,97,102,84
10,falling,32,548.0,,195.000,231.599,0.00000,7.31537,7.31537,0.000000,0.000000,0,0,6.51000,5147.624,3.157,50.000,1.0852,97,194,97,102,84
10,falling,33,565.0,,195.000,239.235,0.00000,7.48678,7.48678,0.000000,0.000000,0,0,6.51000,5147.624,3.157,50.000,1.0852,97,194,97,102,84
10,falling,34,582.0,,195.000,247.044,0.00000,7.65557,7.65557,0.000000,0.000000,0,0,6.51000,5147.624,3.157,50.000,1.0852,97,194,97,102,84
10,falling,35,598.0,,195.000,254.543,0.00000,7.81199,7.81199,0.000000,0.000000,0,0,6.51000,5147.624,3.157,50.000,1.0852,97,194,97,102,84
10,falling,36,615.0,,195.000,262.679,0.00000,7.97580,7.97580,0.000000,0.000000,0,0,6.51000,5147.624,3.157,50.000,1.0852,97,194,97,102,84
10,falling,37,632.0,,195.000,270.978,0.00000,8.13711,8.13711,0.000000,0.000000,0,0,6.51000,5147.624,3.157,50.000,1.0852,97,194,97,102,84
10,falling,38,649.0,,195.000,278.934,0.00000,8.28660,8.28660,0.000000,0.000000,0,0,6.51000,5147.624,3.157,50.000,1.0852,97,194,97,102,84
10,falling,39,665.0,,195.000,287.546,0.00000,8.44315,8.44315,0.000000,0.000000,0,0,6.51000,5147.624,3.157,50.000,1.0852,97,194,97,102,84
10,falling,40,682.0,,195.000,296.315,0.00000,8.59730,8.59730,0.000000,0.000000,0,0,6.51000,5147.624,3.157,50.000,1.0852,97,194,97,102,84
10,falling,41,698.0,,195.000,304.705,0.00000,8.74017,8.74017,0.000000,0.000000,0,0,6.51000,5147.624,3.157,50.000,1.0852,97,194,97,102,84
10,falling,42,715.0,,195.000,313.773,0.00000,8.88978,8.88978,0.000000,0.000000,0,0,6.51000,5147.624,3.157,50.000,1.0852,97,194,97,102,84
10,falling,43,732.0,,195.000,322.991,0.00000,9.03710,9.03710,0.000000,0.000000,0,0,6.51000,5147.624,3.157,50.000,1.0852,97,194,97,102,84
10,falling,44,748.0,,195.000,331.797,0.00000,9.17363,9.17363,0.000000,0.000000,0,0,6.51000,5147.624,3.157,50.000,1.0852,97,194,97,102,84
10,falling,45,765.0,,195.000,341.300,0.00000,9.31660,9.31660,0.000000,0.000000,0,0,6.51000,5147.624,3.157,50.000,1.0852,97,194,97,102,84
10,falling,46,782.0,,195.000,350.372,0.00000,9.44911,9.44911,0.000000,0.000000,0,0,6.51000,5147.624,3.157,50.000,1.0852,97,194,97,102,84
10,falling,47,798.0,,195.000,360.151,0.00000,9.58787,9.58787,0.000000,0.000000,0,0,6.51000,5147.624,3.157,50.000,1.0852,97,194,97,102,84
10,falling,48,815.0,,195.000,370.070,0.00000,9.72451,9.72451,0.000000,0.000000,0,0,6.51000,5147.624,3.157,50.000,1.0852,97,194,97,102,84
10,falling,49,832.0,,195.000,379.527,0.00000,9.85115,9.85115,0.000000,0.000000,0,0,6.51000,5147.624,3.157,50.000,1.0852,97,194,97,102,84
10,falling,50,848.0,,195.000,389.711,0.00000,9.98376,9.98376,0.000000,0.000000,0,0,6.51000,5147.624,3.157,50.000,1.0852,97,194,97,102,84
10,falling,51,865.0,,195.000,400.027,0.00000,10.11434,10.11434,0.000000,0.000000,0,0,6.51000,5147.624,3.157,50.000,1.0852,97,194,97,102,84
10,falling,52,882.0,,195.000,409.853,0.00000,10.23536,10.23536,0.000000,0.000000,0,0,6.51000,5147.624,3.157,50.000,1.0852,97,194,97,102,84
10,falling,53,898.0,,195.000,420.423,0.00000,10.36209,10.36209,0.000000,0.000000,0,0,6.51000,5147.624,3.157,50.000,1.0852,97,194,97,102,84
10,falling,54,915.0,,195.000,431.119,0.00000,10.48689,10.48689,0.000000,0.000000,0,0,6.51000,5147.624,3.157,50.000,1.0852,97,194,97,102,84
10,falling,55,932.0,,195.000,441.298,0.00000,10.60254,10.60254,0.000000,0.000000,0,0,6.51000,5147.624,3.157,50.000,1.0852,97,194,97,102,84
10,falling,56,948.0,,195.000,452.236,0.00000,10.72366,10.72366,0.000000,0.000000,0,0,6.51000,5147.624,3.157,50.000,1.0852,97,194,97,102,84
10,falling,57,965.0,,195.000,463.296,0.00000,10.84292,10.84292,0.000000,0.000000,0,0,6.51000,5147.624,3.157,50.000,1.0852,97,194,97,102,84
10,falling,58,982.0,,195.000,473.811,0.00000,10.95345,10.95345,0.000000,0.000000,0,0,6.51000,5147.624,3.157,50.000,1.0852,97,194,97,102,84
10,falling,59,998.0,,195.000,485.101,0.00000,11.06919,11.06919,0.000000,0.000000,0,0,6.51000,5147.624,3.157,50.000,1.0852,97,194,97,102,84
10,post_landing,60,1015.0,60,195.000,492.020,1.43485,-0.81798,1.65163,0.017958,0.000000,0,1,6.51000,5147.624,3.157,50.000,1.0852,97,194,97,102,84
10,post_landing,61,1032.0,60,196.358,488.271,0.83351,-0.42573,0.93594,0.010440,0.016992,0,1,6.51000,5147.624,3.157,50.000,1.0852,97,194,97,102,84
10,post_landing,62,1048.0,60,197.195,486.715,0.49410,-0.21664,0.53951,0.005380,0.027478,0,1,6.51000,5147.624,3.157,50.000,1.0852,97,194,97,102,84
10,post_landing,63,1065.0,60,197.691,485.794,0.55775,-0.20478,0.59416,-0.005481,0.032881,0,1,6.51000,5147.624,3.157,50.000,1.0852,97,194,97,102,84
10,post_landing,64,1082.0,60,198.219,485.461,0.00815,0.00000,0.00815,0.006718,0.027695,0,1,6.51000,5147.624,3.157,50.000,1.0852,97,194,97,102,84
10,post_landing,65,1098.0,60,198.227,485.287,-0.04912,0.00000,0.04912,0.000000,0.034443,0,1,6.51000,5147.624,3.157,50.000,1.0852,97,194,97,102,84
10,post_landing,66,1115.0,60,198.178,485.287,-0.07118,0.03555,0.07956,-0.004382,0.034443,0,1,6.51000,5147.624,3.157,50.000,1.0852,97,194,97,102,84
10,post_landing,67,1132.0,60,198.110,485.405,-0.09412,0.07669,0.12141,-0.007553,0.030297,0,1,6.51000,5147.624,3.157,50.000,1.0852,97,194,97,102,84
10,post_landing,68,1148.0,60,198.016,485.594,-0.13828,0.07086,0.15537,-0.009681,0.022711,0,1,6.51000,5147.624,3.157,50.000,1.0852,97,194,97,102,84
10,post_landing,69,1165.0,60,197.877,485.852,-0.18893,0.10100,0.21423,-0.009541,0.012987,0,1,6.51000,5147.624,3.157,50.000,1.0852,97,194,97,102,84
10,post_landing,70,1182.0,60,197.698,486.093,-0.21618,0.12453,0.24948,-0.009767,0.003960,0,1,6.51000,5147.624,3.157,50.000,1.0852,97,194,97,102,84
10,post_landing,71,1198.0,60,197.481,486.315,-0.23897,0.14239,0.27817,-0.010403,-0.005850,0,1,6.51000,5147.624,3.157,50.000,1.0852,97,194,97,102,84
10,post_landing,72,1215.0,60,197.241,486.519,-0.25739,0.15864,0.30235,-0.010992,-0.016299,0,1,6.51000,5147.624,3.157,50.000,1.0852,97,194,97,102,84
10,post_landing,73,1232.0,60,196.997,486.690,-0.14703,-0.04047,0.15249,-0.003462,-0.026700,0,1,6.51000,5147.624,3.157,50.000,1.0852,97,194,97,102,84
10,post_landing,74,1248.0,60,196.850,486.693,-0.03813,0.00000,0.03813,-0.001637,-0.030177,0,1,6.51000,5147.624,3.157,50.000,1.0852,97,194,97,102,84
10,post_landing,75,1265.0,60,196.811,486.693,0.00130,0.00000,0.00130,0.000000,-0.031821,0,1,6.51000,5147.624,3.157,50.000,1.0852,97,194,97,102,84
10,post_landing,76,1282.0,60,196.813,486.691,0.00239,0.00000,0.00239,0.000000,-0.031821,0,1,6.51000,5147.624,3.157,50.000,1.0852,97,194,97,102,84
10,post_landing,77,1298.0,60,196.815,486.693,0.00023,0.00000,0.00023,0.000000,-0.031821,0,1,6.51000,5147.624,3.157,50.000,1.0852,97,194,97,102,84
10,post_landing,78,1315.0,60,196.815,486.693,-0.00010,0.00000,0.00010,0.000000,-0.031821,0,1,6.51000,5147.624,3.157,50.000,1.0852,97,194,97,102,84
10,post_landing,79,1332.0,60,196.815,486.691,-0.00005,0.00000,0.00005,0.000000,-0.031821,0,1,6.51000,5147.624,3.157,50.000,1.0852,97,194,97,102,84
10,post_landing,80,1348.0,60,196.815,486.693,0.00009,0.00000,0.00009,0.000000,-0.031821,0,1,6.51000,5147.624,3.157,50.000,1.0852,97,194,97,102,84
10,post_landing,81,1365.0,60,196.815,486.693,-0.00004,0.00000,0.00004,0.000000,-0.031821,0,1,6.51000,5147.624,3.157,50.000,1.0852,97,194,97,102,84
10,post_landing,82,1382.0,60,196.815,486.691,-0.00004,0.00000,0.00004,0.000000,-0.031821,0,1,6.51000,5147.624,3.157,50.000,1.0852,97,194,97,102,84
10,post_landing,83,1398.0,60,196.815,486.693,0.00008,0.00000,0.00008,0.000000,-0.031821,0,1,6.51000,5147.624,3.157,50.000,1.0852,97,194,97,102,84
10,post_landing,84,1415.0,60,196.815,486.693,-0.00004,0.00000,0.00004,0.000000,-0.031821,0,1,6.51000,5147.624,3.157,50.000,1.0852,97,194,97,102,84
10,post_landing,85,1432.0,60,196.815,486.691,-0.00004,0.00000,0.00004,0.000000,-0.031821,0,1,6.51000,5147.624,3.157,50.000,1.0852,97,194,97,102,84
10,post_landing,86,1448.0,60,196.815,486.693,0.00008,0.00000,0.00008,0.000000,-0.031821,0,1,6.51000,5147.624,3.157,50.000,1.0852,97,194,97,102,84
10,post_landing,87,1465.0,60,196.815,486.693,-0.00004,0.00000,0.00004,0.000000,-0.031821,0,1,6.51000,5147.624,3.157,50.000,1.0852,97,194,97,102,84
10,post_landing,88,1482.0,60,196.815,486.691,-0.00004,0.00000,0.00004,0.000000,-0.031821,0,1,6.51000,5147.624,3.157,50.000,1.0852,97,194,97,102,84
10,post_landing,89,1498.0,60,196.815,486.693,0.00008,0.00000,0.00008,0.000000,-0.031821,0,1,6.51000,5147.624,3.157,50.000,1.0852,97,194,97,102,84
10,post_landing,90,1515.0,60,196.815,486.693,-0.00004,0.00000,0.00004,0.000000,-0.031821,0,1,6.51000,5147.624,3.157,50.000,1.0852,97,194,97,102,84
10,post_landing,91,1532.0,60,196.815,486.691,-0.00004,0.00000,0.00004,0.000000,-0.031821,0,1,6.51000,5147.624,3.157,50.000,1.0852,97,194,97,102,84
10,post_landing,92,1548.0,60,196.815,486.693,0.00008,0.00000,0.00008,0.000000,-0.031821,0,1,6.51000,5147.624,3.157,50.000,1.0852,97,194,97,102,84
10,post_landing,93,1565.0,60,196.815,486.693,-0.00004,0.00000,0.00004,0.000000,-0.031821,0,1,6.51000,5147.624,3.157,50.000,1.0852,97,194,97,102,84
10,post_landing,94,1582.0,60,196.815,486.691,-0.00004,0.00000,0.00004,0.000000,-0.031821,0,1,6.51000,5147.624,3.157,50.000,1.0852,97,194,97,102,84
10,post_landing,95,1598.0,60,196.815,486.693,0.00008,0.00000,0.00008,0.000000,-0.031821,0,1,6.51000,5147.624,3.157,50.000,1.0852,97,194,97,102,84
10,post_landing,96,1615.0,60,196.815,486.693,-0.00004,0.00000,0.00004,0.000000,-0.031821,0,1,6.51000,5147.624,3.157,50.000,1.0852,97,194,97,102,84
10,post_landing,97,1632.0,60,196.815,486.691,-0.00004,0.00000,0.00004,0.000000,-0.031821,0,1,6.51000,5147.624,3.157,50.000,1.0852,97,194,97,102,84
10,post_landing,98,1648.0,60,196.815,486.693,0.00008,0.00000,0.00008,0.000000,-0.031821,0,1,6.51000,5147.624,3.157,50.000,1.0852,97,194,97,102,84
10,post_landing,99,1665.0,60,196.815,486.693,-0.00004,0.00000,0.00004,0.000000,-0.031821,0,1,6.51000,5147.624,3.157,50.000,1.0852,97,194,97,102,84
10,post_landing,100,1682.0,60,196.815,486.691,-0.00004,0.00000,0.00004,0.000000,-0.031821,0,1,6.51000,5147.624,3.157,50.000,1.0852,97,194,97,102,84
10,post_landing,101,1698.0,60,196.815,486.693,0.00008,0.00000,0.00008,0.000000,-0.031821,0,1,6.51000,5147.624,3.157,50.000,1.0852,97,194,97,102,84
10,post_landing,102,1715.0,60,196.815,486.693,-0.00004,0.00000,0.00004,0.000000,-0.031821,0,1,6.51000,5147.624,3.157,50.000,1.0852,97,194,97,102,84
10,post_landing,103,1732.0,60,196.815,486.691,-0.00004,0.00000,0.00004,0.000000,-0.031821,0,1,6.51000,5147.624,3.157,50.000,1.0852,97,194,97,102,84
10,post_landing,104,1748.0,60,196.815,486.693,0.00008,0.00000,0.00008,0.000000,-0.031821,0,1,6.51000,5147.624,3.157,50.000,1.0852,97,194,97,102,84
10,post_landing,105,1765.0,60,196.815,486.693,-0.00004,0.00000,0.00004,0.000000,-0.031821,0,1,6.51000,5147.624,3.157,50.000,1.0852,97,194,97,102,84
10,post_landing,106,1782.0,60,196.815,486.691,-0.00004,0.00000,0.00004,0.000000,-0.031821,0,1,6.51000,5147.624,3.157,50.000,1.0852,97,194,97,102,84
10,post_landing,107,1798.0,60,196.815,486.693,0.00008,0.00000,0.00008,0.000000,-0.031821,0,1,6.51000,5147.624,3.157,50.000,1.0852,97,194,97,102,84
10,post_landing,108,1815.0,60,196.815,486.693,-0.00004,0.00000,0.00004,0.000000,-0.031821,0,1,6.51000,5147.624,3.157,50.000,1.0852,97,194,97,102,84
10,post_landing,109,1832.0,60,196.815,486.691,-0.00004,0.00000,0.00004,0.000000,-0.031821,0,1,6.51000,5147.624,3.157,50.000,1.0852,97,194,97,102,84
10,post_landing,110,1848.0,60,196.815,486.693,0.00008,0.00000,0.00008,0.000000,-0.031821,0,1,6.51000,5147.624,3.157,50.000,1.0852,97,194,97,102,84
10,post_landing,111,1865.0,60,196.815,486.693,-0.00004,0.00000,0.00004,0.000000,-0.031821,0,1,6.51000,5147.624,3.157,50.000,1.0852,97,194,97,102,84
10,post_landing,112,1882.0,60,196.815,486.691,-0.00004,0.00000,0.00004,0.000000,-0.031821,0,1,6.51000,5147.624,3.157,50.000,1.0852,97,194,97,102,84
10,post_landing,113,1898.0,60,196.815,486.693,0.00008,0.00000,0.00008,0.000000,-0.031821,0,1,6.51000,5147.624,3.157,50.000,1.0852,97,194,97,102,84
10,post_landing,114,1915.0,60,196.815,486.693,-0.00004,0.00000,0.00004,0.000000,-0.031821,0,1,6.51000,5147.624,3.157,50.000,1.0852,97,194,97,102,84
10,post_landing,115,1932.0,60,196.815,486.691,-0.00004,0.00000,0.00004,0.000000,-0.031821,0,1,6.51000,5147.624,3.157,50.000,1.0852,97,194,97,102,84
10,post_landing,116,1948.0,60,196.815,486.693,0.00008,0.00000,0.00008,0.000000,-0.031821,0,1,6.51000,5147.624,3.157,50.000,1.0852,97,194,97,102,84
10,post_landing,117,1965.0,60,196.815,486.693,-0.00004,0.00000,0.00004,0.000000,-0.031821,0,1,6.51000,5147.624,3.157,50.000,1.0852,97,194,97,102,84
10,post_landing,118,1982.0,60,196.815,486.691,-0.00004,0.00000,0.00004,0.000000,-0.031821,0,1,6.51000,5147.624,3.157,50.000,1.0852,97,194,97,102,84
10,post_landing,119,1998.0,60,196.815,486.693,0.00008,0.00000,0.00008,0.000000,-0.031821,0,1,6.51000,5147.624,3.157,50.000,1.0852,97,194,97,102,84
11,falling,0,48.0,,195.000,97.029,0.00000,0.55000,0.55000,0.000000,0.000000,0,0,7.92000,8547.864,7.191,25.000,1.0428,78,156,78,80,67
11,falling,1,62.0,,195.000,97.742,0.00000,0.79258,0.79258,0.000000,0.000000,0,0,7.92000,8547.864,7.191,25.000,1.0428,78,156,78,80,67
11,falling,2,79.0,,195.000,98.827,0.00000,1.06378,1.06378,0.000000,0.000000,0,0,7.92000,8547.864,7.191,25.000,1.0428,78,156,78,80,67
11,falling,3,96.0,,195.000,100.185,0.00000,1.33084,1.33084,0.000000,0.000000,0,0,7.92000,8547.864,7.191,25.000,1.0428,78,156,78,80,67
11,falling,4,112.0,,195.000,101.700,0.00000,1.57834,1.57834,0.000000,0.000000,0,0,7.92000,8547.864,7.191,25.000,1.0428,78,156,78,80,67
11,falling,5,129.0,,195.000,103.574,0.00000,1.83753,1.83753,0.000000,0.000000,0,0,7.92000,8547.864,7.191,25.000,1.0428,78,156,78,80,67
11,falling,6,146.0,,195.000,105.709,0.00000,2.09275,2.09275,0.000000,0.000000,0,0,7.92000,8547.864,7.191,25.000,1.0428,78,156,78,80,67
11,falling,7,162.0,,195.000,107.945,0.00000,2.32928,2.32928,0.000000,0.000000,0,0,7.92000,8547.864,7.191,25.000,1.0428,78,156,78,80,67
11,falling,8,179.0,,195.000,110.574,0.00000,2.57697,2.57697,0.000000,0.000000,0,0,7.92000,8547.864,7.191,25.000,1.0428,78,156,78,80,67
11,falling,9,196.0,,195.000,113.451,0.00000,2.82088,2.82088,0.000000,0.000000,0,0,7.92000,8547.864,7.191,25.000,1.0428,78,156,78,80,67
11,falling,10,212.0,,195.000,116.376,0.00000,3.04692,3.04692,0.000000,0.000000,0,0,7.92000,8547.864,7.191,25.000,1.0428,78,156,78,80,67
11,falling,11,229.0,,195.000,119.725,0.00000,3.28364,3.28364,0.000000,0.000000,0,0,7.92000,8547.864,7.191,25.000,1.0428,78,156,78,80,67
11,falling,12,246.0,,195.000,123.312,0.00000,3.51673,3.51673,0.000000,0.000000,0,0,7.92000,8547.864,7.191,25.000,1.0428,78,156,78,80,67
11,falling,13,262.0,,195.000,126.896,0.00000,3.73276,3.73276,0.000000,0.000000,0,0,7.92000,8547.864,7.191,25.000,1.0428,78,156,78,80,67
11,falling,14,279.0,,195.000,130.934,0.00000,3.95898,3.95898,0.000000,0.000000,0,0,7.92000,8547.864,7.191,25.000,1.0428,78,156,78,80,67
11,falling,15,296.0,,195.000,135.199,0.00000,4.18174,4.18174,0.000000,0.000000,0,0,7.92000,8547.864,7.191,25.000,1.0428,78,156,78,80,67
11,falling,16,312.0,,195.000,139.412,0.00000,4.38819,4.38819,0.000000,0.000000,0,0,7.92000,8547.864,7.191,25.000,1.0428,78,156,78,80,67
11,falling,17,329.0,,195.000,144.108,0.00000,4.60439,4.60439,0.000000,0.000000,0,0,7.92000,8547.864,7.191,25.000,1.0428,78,156,78,80,67
11,falling,18,346.0,,195.000,149.022,0.00000,4.81727,4.81727,0.000000,0.000000,0,0,7.92000,8547.864,7.191,25.000,1.0428,78,156,78,80,67
11,falling,19,362.0,,195.000,153.836,0.00000,5.01457,5.01457,0.000000,0.000000,0,0,7.92000,8547.864,7.191,25.000,1.0428,78,156,78,80,67
11,falling,20,379.0,,195.000,159.162,0.00000,5.22118,5.22118,0.000000,0.000000,0,0,7.92000,8547.864,7.191,25.000,1.0428,78,156,78,80,67
11,falling,21,396.0,,195.000,164.695,0.00000,5.42463,5.42463,0.000000,0.000000,0,0,7.92000,8547.864,7.191,25.000,1.0428,78,156,78,80,67
11,falling,22,412.0,,195.000,170.083,0.00000,5.61318,5.61318,0.000000,0.000000,0,0,7.92000,8547.864,7.191,25.000,1.0428,78,156,78,80,67
11,falling,23,429.0,,195.000,176.010,0.00000,5.81063,5.81063,0.000000,0.000000,0,0,7.92000,8547.864,7.191,25.000,1.0428,78,156,78,80,67
11,falling,24,446.0,,195.000,182.135,0.00000,6.00506,6.00506,0.000000,0.000000,0,0,7.92000,8547.864,7.191,25.000,1.0428,78,156,78,80,67
11,falling,25,462.0,,195.000,188.073,0.00000,6.18526,6.18526,0.000000,0.000000,0,0,7.92000,8547.864,7.191,25.000,1.0428,78,156,78,80,67
11,falling,26,479.0,,195.000,194.575,0.00000,6.37396,6.37396,0.000000,0.000000,0,0,7.92000,8547.864,7.191,25.000,1.0428,78,156,78,80,67
11,falling,27,496.0,,195.000,201.266,0.00000,6.55977,6.55977,0.000000,0.000000,0,0,7.92000,8547.864,7.191,25.000,1.0428,78,156,78,80,67
11,falling,28,512.0,,195.000,207.728,0.00000,6.73197,6.73197,0.000000,0.000000,0,0,7.92000,8547.864,7.191,25.000,1.0428,78,156,78,80,67
11,falling,29,529.0,,195.000,214.779,0.00000,6.91231,6.91231,0.000000,0.000000,0,0,7.92000,8547.864,7.191,25.000,1.0428,78,156,78,80,67
11,falling,30,546.0,,195.000,222.011,0.00000,7.08988,7.08988,0.000000,0.000000,0,0,7.92000,8547.864,7.191,25.000,1.0428,78,156,78,80,67
11,falling,31,562.0,,195.000,228.975,0.00000,7.25446,7.25446,0.000000,0.000000,0,0,7.92000,8547.864,7.191,25.000,1.0428,78,156,78,80,67
11,falling,32,579.0,,195.000,236.550,0.00000,7.42680,7.42680,0.000000,0.000000,0,0,7.92000,8547.864,7.191,25.000,1.0428,78,156,78,80,67
11,falling,33,596.0,,195.000,243.833,0.00000,7.58652,7.58652,0.000000,0.000000,0,0,7.92000,8547.864,7.191,25.000,1.0428,78,156,78,80,67
11,falling,34,612.0,,195.000,251.742,0.00000,7.75378,7.75378,0.000000,0.000000,0,0,7.92000,8547.864,7.191,25.000,1.0428,78,156,78,80,67
11,falling,35,629.0,,195.000,259.819,0.00000,7.91848,7.91848,0.000000,0.000000,0,0,7.92000,8547.864,7.191,25.000,1.0428,78,156,78,80,67
11,falling,36,646.0,,195.000,268.061,0.00000,8.08066,8.08066,0.000000,0.000000,0,0,7.92000,8547.864,7.191,25.000,1.0428,78,156,78,80,67
11,falling,37,662.0,,195.000,275.963,0.00000,8.23096,8.23096,0.000000,0.000000,0,0,7.92000,8547.864,7.191,25.000,1.0428,78,156,78,80,67
11,falling,38,679.0,,195.000,284.519,0.00000,8.38836,8.38836,0.000000,0.000000,0,0,7.92000,8547.864,7.191,25.000,1.0428,78,156,78,80,67
11,falling,39,696.0,,195.000,292.712,0.00000,8.53424,8.53424,0.000000,0.000000,0,0,7.92000,8547.864,7.191,25.000,1.0428,78,156,78,80,67
11,falling,40,712.0,,195.000,301.573,0.00000,8.68700,8.68700,0.000000,0.000000,0,0,7.92000,8547.864,7.191,25.000,1.0428,78,156,78,80,67
11,falling,41,729.0,,195.000,310.587,0.00000,8.83742,8.83742,0.000000,0.000000,0,0,7.92000,8547.864,7.191,25.000,1.0428,78,156,78,80,67
11,falling,42,746.0,,195.000,319.205,0.00000,8.97683,8.97683,0.000000,0.000000,0,0,7.92000,8547.864,7.191,25.000,1.0428,78,156,78,80,67
11,falling,43,762.0,,195.000,328.510,0.00000,9.12281,9.12281,0.000000,0.000000,0,0,7.92000,8547.864,7.191,25.000,1.0428,78,156,78,80,67
11,falling,44,779.0,,195.000,337.962,0.00000,9.26657,9.26657,0.000000,0.000000,0,0,7.92000,8547.864,7.191,25.000,1.0428,78,156,78,80,67
11,falling,45,796.0,,195.000,346.986,0.00000,9.39980,9.39980,0.000000,0.000000,0,0,7.92000,8547.864,7.191,25.000,1.0428,78,156,78,80,67
11,falling,46,812.0,,195.000,356.716,0.00000,9.53931,9.53931,0.000000,0.000000,0,0,7.92000,8547.864,7.191,25.000,1.0428,78,156,78,80,67
11,falling,47,829.0,,195.000,366.586,0.00000,9.67669,9.67669,0.000000,0.000000,0,0,7.92000,8547.864,7.191,25.000,1.0428,78,156,78,80,67
11,falling,48,846.0,,195.000,375.998,0.00000,9.80402,9.80402,0.000000,0.000000,0,0,7.92000,8547.864,7.191,25.000,1.0428,78,156,78,80,67
11,falling,49,862.0,,195.000,386.134,0.00000,9.93735,9.93735,0.000000,0.000000,0,0,7.92000,8547.864,7.191,25.000,1.0428,78,156,78,80,67
11,falling,50,879.0,,195.000,396.404,0.00000,10.06864,10.06864,0.000000,0.000000,0,0,7.92000,8547.864,7.191,25.000,1.0428,78,156,78,80,67
11,falling,51,896.0,,195.000,406.187,0.00000,10.19032,10.19032,0.000000,0.000000,0,0,7.92000,8547.864,7.191,25.000,1.0428,78,156,78,80,67
11,falling,52,912.0,,195.000,416.711,0.00000,10.31774,10.31774,0.000000,0.000000,0,0,7.92000,8547.864,7.191,25.000,1.0428,78,156,78,80,67
11,falling,53,929.0,,195.000,427.363,0.00000,10.44321,10.44321,0.000000,0.000000,0,0,7.92000,8547.864,7.191,25.000,1.0428,78,156,78,80,67
11,falling,54,946.0,,195.000,437.500,0.00000,10.55950,10.55950,0.000000,0.000000,0,0,7.92000,8547.864,7.191,25.000,1.0428,78,156,78,80,67
11,falling,55,962.0,,195.000,448.395,0.00000,10.68127,10.68127,0.000000,0.000000,0,0,7.92000,8547.864,7.191,25.000,1.0428,78,156,78,80,67
11,falling,56,979.0,,195.000,459.412,0.00000,10.80118,10.80118,0.000000,0.000000,0,0,7.92000,8547.864,7.191,25.000,1.0428,78,156,78,80,67
11,falling,57,996.0,,195.000,469.888,0.00000,10.91231,10.91231,0.000000,0.000000,0,0,7.92000,8547.864,7.191,25.000,1.0428,78,156,78,80,67
11,falling,58,1012.0,,195.000,481.137,0.00000,11.02868,11.02868,0.000000,0.000000,0,0,7.92000,8547.864,7.191,25.000,1.0428,78,156,78,80,67
11,post_landing,59,1029.0,59,195.000,488.778,-0.19632,-0.05645,0.20427,-0.002522,0.000000,0,1,7.92000,8547.864,7.191,25.000,1.0428,78,156,78,80,67
11,post_landing,60,1046.0,59,194.814,486.646,-0.07506,-0.01725,0.07702,-0.001094,-0.002386,0,1,7.92000,8547.864,7.191,25.000,1.0428,78,156,78,80,67
11,post_landing,61,1062.0,59,194.739,485.641,-0.02721,0.00000,0.02721,0.000000,-0.003485,0,1,7.92000,8547.864,7.191,25.000,1.0428,78,156,78,80,67
11,post_landing,62,1079.0,59,194.712,485.147,0.01111,0.00000,0.01111,0.000000,-0.003485,0,1,7.92000,8547.864,7.191,25.000,1.0428,78,156,78,80,67
11,post_landing,63,1096.0,59,194.722,484.652,0.04385,0.00000,0.04385,0.000000,-0.003485,0,1,7.92000,8547.864,7.191,25.000,1.0428,78,156,78,80,67
11,post_landing,64,1112.0,59,194.766,484.654,0.04106,0.00000,0.04106,0.000000,-0.003485,0,1,7.92000,8547.864,7.191,25.000,1.0428,78,156,78,80,67
11,post_landing,65,1129.0,59,194.807,484.654,0.07077,0.00000,0.07077,-0.001351,-0.003485,0,1,7.92000,8547.864,7.191,25.000,1.0428,78,156,78,80,67
11,post_landing,66,1146.0,59,194.874,484.643,0.10054,0.00000,0.10054,-0.002418,-0.004763,0,1,7.92000,8547.864,7.191,25.000,1.0428,78,156,78,80,67
11,post_landing,67,1162.0,59,194.975,484.629,-0.02827,0.00000,0.02827,0.001253,-0.007192,0,1,7.92000,8547.864,7.191,25.000,1.0428,78,156,78,80,67
11,post_landing,68,1179.0,59,194.947,484.637,-0.06888,0.00000,0.06888,0.001765,-0.005933,0,1,7.92000,8547.864,7.191,25.000,1.0428,78,156,78,80,67
11,post_landing,69,1196.0,59,194.882,484.647,-0.02685,0.00000,0.02685,0.000000,-0.004263,0,1,7.92000,8547.864,7.191,25.000,1.0428,78,156,78,80,67
11,post_landing,70,1212.0,59,194.855,484.649,0.03113,0.00000,0.03113,-0.001758,-0.004263,0,1,7.92000,8547.864,7.191,25.000,1.0428,78,156,78,80,67
11,post_landing,71,1229.0,59,194.886,484.637,0.05428,0.00000,0.05428,-0.002085,-0.006030,0,1,7.92000,8547.864,7.191,25.000,1.0428,78,156,78,80,67
11,post_landing,72,1246.0,59,194.937,484.621,0.07301,0.00000,0.07301,-0.002158,-0.008002,0,1,7.92000,8547.864,7.191,25.000,1.0428,78,156,78,80,67
11,post_landing,73,1262.0,59,195.011,484.609,-0.02319,0.00000,0.02319,0.001007,-0.010170,0,1,7.92000,8547.864,7.191,25.000,1.0428,78,156,78,80,67
11,post_landing,74,1279.0,59,194.987,484.615,-0.03988,0.00000,0.03988,0.001245,-0.009159,0,1,7.92000,8547.864,7.191,25.000,1.0428,78,156,78,80,67
11,post_landing,75,1296.0,59,194.950,484.621,-0.01626,0.00000,0.01626,0.000000,-0.007981,0,1,7.92000,8547.864,7.191,25.000,1.0428,78,156,78,80,67
11,post_landing,76,1312.0,59,194.933,484.623,0.02429,0.00000,0.02429,-0.001129,-0.007981,0,1,7.92000,8547.864,7.191,25.000,1.0428,78,156,78,80,67
11,post_landing,77,1329.0,59,194.958,484.616,0.06399,0.00000,0.06399,-0.001993,-0.009115,0,1,7.92000,8547.864,7.191,25.000,1.0428,78,156,78,80,67
11,post_landing,78,1346.0,59,195.018,484.601,0.08879,0.00000,0.08879,-0.002264,-0.011001,0,1,7.92000,8547.864,7.191,25.000,1.0428,78,156,78,80,67
11,post_landing,79,1362.0,59,195.107,484.588,-0.01599,0.00000,0.01599,0.001101,-0.013275,0,1,7.92000,8547.864,7.191,25.000,1.0428,78,156,78,80,67
11,post_landing,80,1379.0,59,195.091,484.596,-0.04266,0.00000,0.04266,0.001508,-0.012169,0,1,7.92000,8547.864,7.191,25.000,1.0428,78,156,78,80,67
11,post_landing,81,1396.0,59,195.051,484.603,-0.01299,0.00000,0.01299,0.000000,-0.010742,0,1,7.92000,8547.864,7.191,25.000,1.0428,78,156,78,80,67
11,post_landing,82,1412.0,59,195.038,484.605,0.03737,0.00000,0.03737,-0.001500,-0.010742,0,1,7.92000,8547.864,7.191,25.000,1.0428,78,156,78,80,67
11,post_landing,83,1429.0,59,195.076,484.595,0.04435,0.00000,0.04435,-0.001466,-0.012249,0,1,7.92000,8547.864,7.191,25.000,1.0428,78,156,78,80,67
11,post_landing,84,1446.0,59,195.117,484.584,0.04458,0.00000,0.04458,-0.001243,-0.013636,0,1,7.92000,8547.864,7.191,25.000,1.0428,78,156,78,80,67
11,post_landing,85,1462.0,59,195.162,484.578,-0.02846,0.00000,0.02846,0.001003,-0.014884,0,1,7.92000,8547.864,7.191,25.000,1.0428,78,156,78,80,67
11,post_landing,86,1479.0,59,195.134,484.584,-0.03759,0.00000,0.03759,0.000993,-0.013877,0,1,7.92000,8547.864,7.191,25.000,1.0428,78,156,78,80,67
11,post_landing,87,1496.0,59,195.098,484.589,-0.06790,0.00000,0.06790,0.001682,-0.012938,0,1,7.92000,8547.864,7.191,25.000,1.0428,78,156,78,80,67
11,post_landing,88,1512.0,59,195.030,484.602,-0.00332,0.00000,0.00332,0.000000,-0.011248,0,1,7.92000,8547.864,7.191,25.000,1.0428,78,156,78,80,67
11,post_landing,89,1529.0,59,195.027,484.602,0.07916,0.00000,0.07916,-0.002350,-0.011248,0,1,7.92000,8547.864,7.191,25.000,1.0428,78,156,78,80,67
11,post_landing,90,1546.0,59,195.101,484.585,0.06404,0.00000,0.06404,-0.001471,-0.013471,0,1,7.92000,8547.864,7.191,25.000,1.0428,78,156,78,80,67
11,post_landing,91,1562.0,59,195.166,484.578,-0.00814,0.00000,0.00814,0.000000,-0.014948,0,1,7.92000,8547.864,7.191,25.000,1.0428,78,156,78,80,67
11,post_landing,92,1579.0,59,195.158,484.578,-0.05614,0.00000,0.05614,0.001394,-0.014948,0,1,7.92000,8547.864,7.191,25.000,1.0428,78,156,78,80,67
11,post_landing,93,1596.0,59,195.104,484.584,-0.01517,0.00000,0.01517,0.000000,-0.013630,0,1,7.92000,8547.864,7.191,25.000,1.0428,78,156,78,80,67
11,post_landing,94,1612.0,59,195.089,484.586,0.03809,0.00000,0.03809,-0.001436,-0.013630,0,1,7.92000,8547.864,7.191,25.000,1.0428,78,156,78,80,67
11,post_landing,95,1629.0,59,195.128,484.577,0.04357,0.00000,0.04357,-0.001267,-0.015072,0,1,7.92000,8547.864,7.191,25.000,1.0428,78,156,78,80,67
11,post_landing,96,1646.0,59,195.169,484.567,0.05082,0.00000,0.05082,-0.001236,-0.016271,0,1,7.92000,8547.864,7.191,25.000,1.0428,78,156,78,80,67
11,post_landing,97,1662.0,59,195.220,484.561,-0.01745,0.00000,0.01745,0.000871,-0.017512,0,1,7.92000,8547.864,7.191,25.000,1.0428,78,156,78,80,67
11,post_landing,98,1679.0,59,195.202,484.567,-0.03786,0.00000,0.03786,0.001177,-0.016638,0,1,7.92000,8547.864,7.191,25.000,1.0428,78,156,78,80,67
11,post_landing,99,1696.0,59,195.166,484.572,-0.08318,0.00000,0.08318,0.002213,-0.015524,0,1,7.92000,8547.864,7.191,25.000,1.0428,78,156,78,80,67
11,post_landing,100,1712.0,59,195.083,484.588,-0.01073,0.00000,0.01073,0.000000,-0.013301,0,1,7.92000,8547.864,7.191,25.000,1.0428,78,156,78,80,67
11,post_landing,101,1729.0,59,195.072,484.588,0.03614,0.00000,0.03614,-0.001356,-0.013301,0,1,7.92000,8547.864,7.191,25.000,1.0428,78,156,78,80,67
11,post_landing,102,1746.0,59,195.106,484.578,0.04271,0.00000,0.04271,-0.001286,-0.014585,0,1,7.92000,8547.864,7.191,25.000,1.0428,78,156,78,80,67
11,post_landing,103,1762.0,59,195.149,484.572,-0.02111,0.00000,0.02111,0.000000,-0.015876,0,1,7.92000,8547.864,7.191,25.000,1.0428,78,156,78,80,67
11,post_landing,104,1779.0,59,195.128,484.572,-0.05322,0.00000,0.05322,0.001005,-0.015876,0,1,7.92000,8547.864,7.191,25.000,1.0428,78,156,78,80,67
11,post_landing,105,1796.0,59,195.078,484.576,-0.07961,0.00000,0.07961,0.001768,-0.014925,0,1,7.92000,8547.864,7.191,25.000,1.0428,78,156,78,80,67
11,post_landing,106,1812.0,59,194.998,484.589,0.00701,0.00000,0.00701,-0.000809,-0.013149,0,1,7.92000,8547.864,7.191,25.000,1.0428,78,156,78,80,67
11,post_landing,107,1829.0,59,195.005,484.584,0.05204,0.00000,0.05204,-0.001714,-0.013962,0,1,7.92000,8547.864,7.191,25.000,1.0428,78,156,78,80,67
11,post_landing,108,1845.0,59,195.054,484.571,0.06960,0.00000,0.06960,-0.001694,-0.015584,0,1,7.92000,8547.864,7.191,25.000,1.0428,78,156,78,80,67
11,post_landing,109,1862.0,59,195.124,484.563,-0.00844,0.00000,0.00844,0.000898,-0.017285,0,1,7.92000,8547.864,7.191,25.000,1.0428,78,156,78,80,67
11,post_landing,110,1879.0,59,195.115,484.568,-0.03788,0.00000,0.03788,0.001504,-0.016383,0,1,7.92000,8547.864,7.191,25.000,1.0428,78,156,78,80,67
11,post_landing,111,1895.0,59,195.080,484.575,-0.00647,0.00000,0.00647,0.000000,-0.014960,0,1,7.92000,8547.864,7.191,25.000,1.0428,78,156,78,80,67
11,post_landing,112,1912.0,59,195.073,484.577,0.03649,0.00000,0.03649,-0.001309,-0.014960,0,1,7.92000,8547.864,7.191,25.000,1.0428,78,156,78,80,67
11,post_landing,113,1929.0,59,195.110,484.569,0.04653,0.00000,0.04653,-0.001442,-0.016275,0,1,7.92000,8547.864,7.191,25.000,1.0428,78,156,78,80,67
11,post_landing,114,1945.0,59,195.154,484.558,0.04648,0.00000,0.04648,-0.001263,-0.017639,0,1,7.92000,8547.864,7.191,25.000,1.0428,78,156,78,80,67
11,post_landing,115,1962.0,59,195.200,484.552,-0.03031,0.00000,0.03031,0.001053,-0.018908,0,1,7.92000,8547.864,7.191,25.000,1.0428,78,156,78,80,67
11,post_landing,116,1979.0,59,195.172,484.557,-0.04694,0.00000,0.04694,0.001242,-0.017912,0,1,7.92000,8547.864,7.191,25.000,1.0428,78,156,78,80,67
11,post_landing,117,1995.0,59,195.125,484.566,0.00112,0.00000,0.00112,0.000000,-0.016665,0,1,7.92000,8547.864,7.191,25.000,1.0428,78,156,78,80,67
11,post_landing,118,2012.0,59,195.126,484.566,0.06559,0.00000,0.06559,-0.001928,-0.016665,0,1,7.92000,8547.864,7.191,25.000,1.0428,78,156,78,80,67
12,falling,0,25.0,,195.000,97.029,0.00000,0.55000,0.55000,0.000000,0.000000,0,0,3.71800,2601.283,4.837,6.000,1.1923,65,130,65,66,71
12,falling,1,35.0,,195.000,97.456,0.00000,0.71172,0.71172,0.000000,0.000000,0,0,3.71800,2601.283,4.837,6.000,1.1923,65,130,65,66,71
12,falling,2,51.0,,195.000,98.385,0.00000,0.96813,0.96813,0.000000,0.000000,0,0,3.71800,2601.283,4.837,6.000,1.1923,65,130,65,66,71
12,falling,3,68.0,,195.000,99.647,0.00000,1.23666,1.23666,0.000000,0.000000,0,0,3.71800,2601.283,4.837,6.000,1.1923,65,130,65,66,71
12,falling,4,85.0,,195.000,101.178,0.00000,1.50107,1.50107,0.000000,0.000000,0,0,3.71800,2601.283,4.837,6.000,1.1923,65,130,65,66,71
12,falling,5,101.0,,195.000,102.854,0.00000,1.74612,1.74612,0.000000,0.000000,0,0,3.71800,2601.283,4.837,6.000,1.1923,65,130,65,66,71
12,falling,6,118.0,,195.000,104.897,0.00000,2.00274,2.00274,0.000000,0.000000,0,0,3.71800,2601.283,4.837,6.000,1.1923,65,130,65,66,71
12,falling,7,135.0,,195.000,107.198,0.00000,2.25543,2.25543,0.000000,0.000000,0,0,3.71800,2601.283,4.837,6.000,1.1923,65,130,65,66,71
12,falling,8,152.0,,195.000,109.588,0.00000,2.48962,2.48962,0.000000,0.000000,0,0,3.71800,2601.283,4.837,6.000,1.1923,65,130,65,66,71
12,falling,9,168.0,,195.000,112.377,0.00000,2.73486,2.73486,0.000000,0.000000,0,0,3.71800,2601.283,4.837,6.000,1.1923,65,130,65,66,71
12,falling,10,185.0,,195.000,115.413,0.00000,2.97635,2.97635,0.000000,0.000000,0,0,3.71800,2601.283,4.837,6.000,1.1923,65,130,65,66,71
12,falling,11,202.0,,195.000,118.485,0.00000,3.20016,3.20016,0.000000,0.000000,0,0,3.71800,2601.283,4.837,6.000,1.1923,65,130,65,66,71
12,falling,12,218.0,,195.000,121.988,0.00000,3.43453,3.43453,0.000000,0.000000,0,0,3.71800,2601.283,4.837,6.000,1.1923,65,130,65,66,71
12,falling,13,235.0,,195.000,125.727,0.00000,3.66531,3.66531,0.000000,0.000000,0,0,3.71800,2601.283,4.837,6.000,1.1923,65,130,65,66,71
12,falling,14,252.0,,195.000,129.451,0.00000,3.87920,3.87920,0.000000,0.000000,0,0,3.71800,2601.283,4.837,6.000,1.1923,65,130,65,66,71
12,falling,15,268.0,,195.000,133.636,0.00000,4.10318,4.10318,0.000000,0.000000,0,0,3.71800,2601.283,4.837,6.000,1.1923,65,130,65,66,71
12,falling,16,285.0,,195.000,138.046,0.00000,4.32373,4.32373,0.000000,0.000000,0,0,3.71800,2601.283,4.837,6.000,1.1923,65,130,65,66,71
12,falling,17,302.0,,195.000,142.393,0.00000,4.52814,4.52814,0.000000,0.000000,0,0,3.71800,2601.283,4.837,6.000,1.1923,65,130,65,66,71
12,falling,18,318.0,,195.000,147.231,0.00000,4.74219,4.74219,0.000000,0.000000,0,0,3.71800,2601.283,4.837,6.000,1.1923,65,130,65,66,71
12,falling,19,335.0,,195.000,152.283,0.00000,4.95297,4.95297,0.000000,0.000000,0,0,3.71800,2601.283,4.837,6.000,1.1923,65,130,65,66,71
12,falling,20,352.0,,195.000,157.225,0.00000,5.14831,5.14831,0.000000,0.000000,0,0,3.71800,2601.283,4.837,6.000,1.1923,65,130,65,66,71
12,falling,21,368.0,,195.000,162.685,0.00000,5.35288,5.35288,0.000000,0.000000,0,0,3.71800,2601.283,4.837,6.000,1.1923,65,130,65,66,71
12,falling,22,385.0,,195.000,168.350,0.00000,5.55431,5.55431,0.000000,0.000000,0,0,3.71800,2601.283,4.837,6.000,1.1923,65,130,65,66,71
12,falling,23,402.0,,195.000,173.862,0.00000,5.74100,5.74100,0.000000,0.000000,0,0,3.71800,2601.283,4.837,6.000,1.1923,65,130,65,66,71
12,falling,24,418.0,,195.000,179.917,0.00000,5.93649,5.93649,0.000000,0.000000,0,0,3.71800,2601.283,4.837,6.000,1.1923,65,130,65,66,71
12,falling,25,435.0,,195.000,186.168,0.00000,6.12900,6.12900,0.000000,0.000000,0,0,3.71800,2601.283,4.837,6.000,1.1923,65,130,65,66,71
12,falling,26,452.0,,195.000,192.224,0.00000,6.30741,6.30741,0.000000,0.000000,0,0,3.71800,2601.283,4.837,6.000,1.1923,65,130,65,66,71
12,falling,27,468.0,,195.000,198.848,0.00000,6.49424,6.49424,0.000000,0.000000,0,0,3.71800,2601.283,4.837,6.000,1.1923,65,130,65,66,71
12,falling,28,485.0,,195.000,205.659,0.00000,6.67821,6.67821,0.000000,0.000000,0,0,3.71800,2601.283,4.837,6.000,1.1923,65,130,65,66,71
12,falling,29,501.0,,195.000,212.234,0.00000,6.84871,6.84871,0.000000,0.000000,0,0,3.71800,2601.283,4.837,6.000,1.1923,65,130,65,66,71
12,falling,30,518.0,,195.000,219.402,0.00000,7.02726,7.02726,0.000000,0.000000,0,0,3.71800,2601.283,4.837,6.000,1.1923,65,130,65,66,71
12,falling,31,535.0,,195.000,226.749,0.00000,7.20307,7.20307,0.000000,0.000000,0,0,3.71800,2601.283,4.837,6.000,1.1923,65,130,65,66,71
12,falling,32,551.0,,195.000,233.820,0.00000,7.36602,7.36602,0.000000,0.000000,0,0,3.71800,2601.283,4.837,6.000,1.1923,65,130,65,66,71
12,falling,33,568.0,,195.000,241.508,0.00000,7.53665,7.53665,0.000000,0.000000,0,0,3.71800,2601.283,4.837,6.000,1.1923,65,130,65,66,71
12,falling,34,585.0,,195.000,249.367,0.00000,7.70467,7.70467,0.000000,0.000000,0,0,3.71800,2601.283,4.837,6.000,1.1923,65,130,65,66,71
12,falling,35,601.0,,195.000,256.913,0.00000,7.86039,7.86039,0.000000,0.000000,0,0,3.71800,2601.283,4.837,6.000,1.1923,65,130,65,66,71
12,falling,36,618.0,,195.000,265.097,0.00000,8.02346,8.02346,0.000000,0.000000,0,0,3.71800,2601.283,4.837,6.000,1.1923,65,130,65,66,71
12,falling,37,635.0,,195.000,273.444,0.00000,8.18404,8.18404,0.000000,0.000000,0,0,3.71800,2601.283,4.837,6.000,1.1923,65,130,65,66,71
12,falling,38,651.0,,195.000,281.444,0.00000,8.33285,8.33285,0.000000,0.000000,0,0,3.71800,2601.283,4.837,6.000,1.1923,65,130,65,66,71
12,falling,39,668.0,,195.000,290.102,0.00000,8.48869,8.48869,0.000000,0.000000,0,0,3.71800,2601.283,4.837,6.000,1.1923,65,130,65,66,71
12,falling,40,685.0,,195.000,298.917,0.00000,8.64215,8.64215,0.000000,0.000000,0,0,3.71800,2601.283,4.837,6.000,1.1923,65,130,65,66,71
12,falling,41,701.0,,195.000,307.350,0.00000,8.78437,8.78437,0.000000,0.000000,0,0,3.71800,2601.283,4.837,6.000,1.1923,65,130,65,66,71
12,falling,42,718.0,,195.000,316.462,0.00000,8.93330,8.93330,0.000000,0.000000,0,0,3.71800,2601.283,4.837,6.000,1.1923,65,130,65,66,71
12,falling,43,735.0,,195.000,325.724,0.00000,9.07995,9.07995,0.000000,0.000000,0,0,3.71800,2601.283,4.837,6.000,1.1923,65,130,65,66,71
12,falling,44,751.0,,195.000,334.571,0.00000,9.21587,9.21587,0.000000,0.000000,0,0,3.71800,2601.283,4.837,6.000,1.1923,65,130,65,66,71
12,falling,45,768.0,,195.000,344.116,0.00000,9.35820,9.35820,0.000000,0.000000,0,0,3.71800,2601.283,4.837,6.000,1.1923,65,130,65,66,71
12,falling,46,785.0,,195.000,353.805,0.00000,9.49835,9.49835,0.000000,0.000000,0,0,3.71800,2601.283,4.837,6.000,1.1923,65,130,65,66,71
12,falling,47,801.0,,195.000,363.048,0.00000,9.62824,9.62824,0.000000,0.000000,0,0,3.71800,2601.283,4.837,6.000,1.1923,65,130,65,66,71
12,falling,48,818.0,,195.000,373.007,0.00000,9.76427,9.76427,0.000000,0.000000,0,0,3.71800,2601.283,4.837,6.000,1.1923,65,130,65,66,71
12,falling,49,835.0,,195.000,383.104,0.00000,9.89821,9.89821,0.000000,0.000000,0,0,3.71800,2601.283,4.837,6.000,1.1923,65,130,65,66,71
12,falling,50,851.0,,195.000,392.725,0.00000,10.02234,10.02234,0.000000,0.000000,0,0,3.71800,2601.283,4.837,6.000,1.1923,65,130,65,66,71
12,falling,51,868.0,,195.000,403.080,0.00000,10.15233,10.15233,0.000000,0.000000,0,0,3.71800,2601.283,4.837,6.000,1.1923,65,130,65,66,71
12,falling,52,885.0,,195.000,413.566,0.00000,10.28033,10.28033,0.000000,0.000000,0,0,3.71800,2601.283,4.837,6.000,1.1923,65,130,65,66,71
12,falling,53,901.0,,195.000,423.549,0.00000,10.39896,10.39896,0.000000,0.000000,0,0,3.71800,2601.283,4.837,6.000,1.1923,65,130,65,66,71
12,falling,54,918.0,,195.000,434.283,0.00000,10.52319,10.52319,0.000000,0.000000,0,0,3.71800,2601.283,4.837,6.000,1.1923,65,130,65,66,71
12,falling,55,935.0,,195.000,445.141,0.00000,10.64552,10.64552,0.000000,0.000000,0,0,3.71800,2601.283,4.837,6.000,1.1923,65,130,65,66,71
12,falling,56,951.0,,195.000,455.470,0.00000,10.75889,10.75889,0.000000,0.000000,0,0,3.71800,2601.283,4.837,6.000,1.1923,65,130,65,66,71
12,falling,57,968.0,,195.000,466.565,0.00000,10.87761,10.87761,0.000000,0.000000,0,0,3.71800,2601.283,4.837,6.000,1.1923,65,130,65,66,71
12,falling,58,985.0,,195.000,477.779,0.00000,10.99452,10.99452,0.000000,0.000000,0,0,3.71800,2601.283,4.837,6.000,1.1923,65,130,65,66,71
12,falling,59,1001.0,,195.000,488.438,0.00000,11.10286,11.10286,0.000000,0.000000,0,0,3.71800,2601.283,4.837,6.000,1.1923,65,130,65,66,71
12,post_landing,60,1018.0,60,195.000,495.549,2.34638,0.26481,2.36128,0.035157,0.000000,0,1,3.71800,2601.283,4.837,6.000,1.1923,65,130,65,66,71
12,post_landing,61,1035.0,60,197.220,493.999,1.62533,0.20051,1.63765,0.025052,0.033265,0,1,3.71800,2601.283,4.837,6.000,1.1923,65,130,65,66,71
12,post_landing,62,1051.0,60,198.853,493.439,1.12998,0.18270,1.14465,0.017367,0.058426,0,1,3.71800,2601.283,4.837,6.000,1.1923,65,130,65,66,71
12,post_landing,63,1068.0,60,199.988,493.287,0.76632,0.17603,0.78628,0.012188,0.075870,0,1,3.71800,2601.283,4.837,6.000,1.1923,65,130,65,66,71
12,post_landing,64,1085.0,60,200.713,493.033,0.54322,0.14364,0.56189,0.008689,0.087402,0,1,3.71800,2601.283,4.837,6.000,1.1923,65,130,65,66,71
12,post_landing,65,1102.0,60,201.258,493.214,0.42485,0.11097,0.43910,0.006454,0.096130,0,1,3.71800,2601.283,4.837,6.000,1.1923,65,130,65,66,71
12,post_landing,66,1118.0,60,201.685,493.336,0.33656,0.18791,0.38547,0.009978,0.102612,0,1,3.71800,2601.283,4.837,6.000,1.1923,65,130,65,66,71
12,post_landing,67,1135.0,60,202.023,493.525,0.32327,0.19593,0.37801,0.011867,0.112634,0,1,3.71800,2601.283,4.837,6.000,1.1923,65,130,65,66,71
12,post_landing,68,1151.0,60,202.329,493.734,0.31644,0.20373,0.37635,0.012836,0.123862,0,1,3.71800,2601.283,4.837,6.000,1.1923,65,130,65,66,71
12,post_landing,69,1168.0,60,202.647,493.987,0.31342,0.21461,0.37986,0.013763,0.136755,0,1,3.71800,2601.283,4.837,6.000,1.1923,65,130,65,66,71
12,post_landing,70,1185.0,60,202.943,494.240,0.31134,0.22343,0.38321,0.014179,0.149776,0,1,3.71800,2601.283,4.837,6.000,1.1923,65,130,65,66,71
12,post_landing,71,1201.0,60,203.256,494.530,0.30992,0.23509,0.38900,0.014784,0.164017,0,1,3.71800,2601.283,4.837,6.000,1.1923,65,130,65,66,71
12,post_landing,72,1218.0,60,203.567,494.834,0.30845,0.24682,0.39505,0.015267,0.178866,0,1,3.71800,2601.283,4.837,6.000,1.1923,65,130,65,66,71
12,post_landing,73,1235.0,60,203.859,495.132,0.30593,0.25549,0.39858,0.015408,0.193311,0,1,3.71800,2601.283,4.837,6.000,1.1923,65,130,65,66,71
12,post_landing,74,1251.0,60,204.166,495.466,0.30271,0.26750,0.40396,0.015842,0.208786,0,1,3.71800,2601.283,4.837,6.000,1.1923,65,130,65,66,71
12,post_landing,75,1268.0,60,204.470,495.811,0.29874,0.27939,0.40903,0.016217,0.224698,0,1,3.71800,2601.283,4.837,6.000,1.1923,65,130,65,66,71
12,post_landing,76,1285.0,60,204.753,496.146,0.29354,0.28760,0.41095,0.016278,0.240042,0,1,3.71800,2601.283,4.837,6.000,1.1923,65,130,65,66,71
12,post_landing,77,1301.0,60,205.048,496.517,0.28730,0.29984,0.41527,0.016656,0.256391,0,1,3.71800,2601.283,4.837,6.000,1.1923,65,130,65,66,71
12,post_landing,78,1318.0,60,205.336,496.900,0.28012,0.31187,0.41920,0.016990,0.273121,0,1,3.71800,2601.283,4.837,6.000,1.1923,65,130,65,66,71
12,post_landing,79,1335.0,60,205.601,497.271,0.27180,0.31958,0.41953,0.017018,0.289197,0,1,3.71800,2601.283,4.837,6.000,1.1923,65,130,65,66,71
12,post_landing,80,1351.0,60,205.874,497.679,0.26224,0.33201,0.42308,0.017366,0.306290,0,1,3.71800,2601.283,4.837,6.000,1.1923,65,130,65,66,71
12,post_landing,81,1368.0,60,206.138,498.100,0.25158,0.34414,0.42629,0.017676,0.323732,0,1,3.71800,2601.283,4.837,6.000,1.1923,65,130,65,66,71
12,post_landing,82,1385.0,60,206.376,498.505,0.23987,0.35131,0.42539,0.017684,0.340457,0,1,3.71800,2601.283,4.837,6.000,1.1923,65,130,65,66,71
12,post_landing,83,1401.0,60,206.617,498.858,0.03692,-0.02129,0.04262,0.001391,0.358219,0,1,3.71800,2601.283,4.837,6.000,1.1923,65,130,65,66,71
12,post_landing,84,1418.0,60,206.654,498.848,-0.00016,0.00000,0.00016,0.000000,0.359615,0,1,3.71800,2601.283,4.837,6.000,1.1923,65,130,65,66,71
12,post_landing,85,1435.0,60,206.654,498.844,-0.00004,0.00000,0.00004,0.000000,0.359615,0,1,3.71800,2601.283,4.837,6.000,1.1923,65,130,65,66,71
12,post_landing,86,1451.0,60,206.654,498.848,0.00000,0.00000,0.00000,0.000000,0.359615,0,1,3.71800,2601.283,4.837,6.000,1.1923,65,130,65,66,71
12,post_landing,87,1468.0,60,206.654,498.849,0.00000,0.00000,0.00000,0.000000,0.359615,0,1,3.71800,2601.283,4.837,6.000,1.1923,65,130,65,66,71
12,post_landing,88,1485.0,60,206.654,498.845,-0.00000,0.00000,0.00000,0.000000,0.359615,0,1,3.71800,2601.283,4.837,6.000,1.1923,65,130,65,66,71
12,post_landing,89,1501.0,60,206.654,498.848,0.00000,0.00000,0.00000,0.000000,0.359615,0,1,3.71800,2601.283,4.837,6.000,1.1923,65,130,65,66,71
12,post_landing,90,1518.0,60,206.654,498.849,0.00000,0.00000,0.00000,0.000000,0.359615,0,1,3.71800,2601.283,4.837,6.000,1.1923,65,130,65,66,71
12,post_landing,91,1535.0,60,206.654,498.845,-0.00000,0.00000,0.00000,0.000000,0.359615,0,1,3.71800,2601.283,4.837,6.000,1.1923,65,130,65,66,71
12,post_landing,92,1551.0,60,206.654,498.848,0.00000,0.00000,0.00000,0.000000,0.359615,0,1,3.71800,2601.283,4.837,6.000,1.1923,65,130,65,66,71
12,post_landing,93,1568.0,60,206.654,498.849,0.00000,0.00000,0.00000,0.000000,0.359615,0,1,3.71800,2601.283,4.837,6.000,1.1923,65,130,65,66,71
12,post_landing,94,1585.0,60,206.654,498.845,-0.00000,0.00000,0.00000,0.000000,0.359615,0,1,3.71800,2601.283,4.837,6.000,1.1923,65,130,65,66,71
12,post_landing,95,1601.0,60,206.654,498.848,0.00000,0.00000,0.00000,0.000000,0.359615,0,1,3.71800,2601.283,4.837,6.000,1.1923,65,130,65,66,71
12,post_landing,96,1618.0,60,206.654,498.849,0.00000,0.00000,0.00000,0.000000,0.359615,0,1,3.71800,2601.283,4.837,6.000,1.1923,65,130,65,66,71
12,post_landing,97,1635.0,60,206.654,498.845,-0.00000,0.00000,0.00000,0.000000,0.359615,0,1,3.71800,2601.283,4.837,6.000,1.1923,65,130,65,66,71
12,post_landing,98,1651.0,60,206.654,498.848,0.00000,0.00000,0.00000,0.000000,0.359615,0,1,3.71800,2601.283,4.837,6.000,1.1923,65,130,65,66,71
12,post_landing,99,1668.0,60,206.654,498.849,0.00000,0.00000,0.00000,0.000000,0.359615,0,1,3.71800,2601.283,4.837,6.000,1.1923,65,130,65,66,71
12,post_landing,100,1685.0,60,206.654,498.845,-0.00000,0.00000,0.00000,0.000000,0.359615,0,1,3.71800,2601.283,4.837,6.000,1.1923,65,130,65,66,71
12,post_landing,101,1701.0,60,206.654,498.848,0.00000,0.00000,0.00000,0.000000,0.359615,0,1,3.71800,2601.283,4.837,6.000,1.1923,65,130,65,66,71
12,post_landing,102,1718.0,60,206.654,498.849,0.00000,0.00000,0.00000,0.000000,0.359615,0,1,3.71800,2601.283,4.837,6.000,1.1923,65,130,65,66,71
12,post_landing,103,1735.0,60,206.654,498.845,-0.00000,0.00000,0.00000,0.000000,0.359615,0,1,3.71800,2601.283,4.837,6.000,1.1923,65,130,65,66,71
12,post_landing,104,1751.0,60,206.654,498.848,0.00000,0.00000,0.00000,0.000000,0.359615,0,1,3.71800,2601.283,4.837,6.000,1.1923,65,130,65,66,71
12,post_landing,105,1768.0,60,206.654,498.849,0.00000,0.00000,0.00000,0.000000,0.359615,0,1,3.71800,2601.283,4.837,6.000,1.1923,65,130,65,66,71
12,post_landing,106,1785.0,60,206.654,498.845,-0.00000,0.00000,0.00000,0.000000,0.359615,0,1,3.71800,2601.283,4.837,6.000,1.1923,65,130,65,66,71
12,post_landing,107,1801.0,60,206.654,498.848,0.00000,0.00000,0.00000,0.000000,0.359615,0,1,3.71800,2601.283,4.837,6.000,1.1923,65,130,65,66,71
12,post_landing,108,1818.0,60,206.654,498.849,0.00000,0.00000,0.00000,0.000000,0.359615,0,1,3.71800,2601.283,4.837,6.000,1.1923,65,130,65,66,71
12,post_landing,109,1835.0,60,206.654,498.845,-0.00000,0.00000,0.00000,0.000000,0.359615,0,1,3.71800,2601.283,4.837,6.000,1.1923,65,130,65,66,71
12,post_landing,110,1851.0,60,206.654,498.848,0.00000,0.00000,0.00000,0.000000,0.359615,0,1,3.71800,2601.283,4.837,6.000,1.1923,65,130,65,66,71
12,post_landing,111,1868.0,60,206.654,498.849,0.00000,0.00000,0.00000,0.000000,0.359615,0,1,3.71800,2601.283,4.837,6.000,1.1923,65,130,65,66,71
12,post_landing,112,1885.0,60,206.654,498.845,-0.00000,0.00000,0.00000,0.000000,0.359615,0,1,3.71800,2601.283,4.837,6.000,1.1923,65,130,65,66,71
12,post_landing,113,1901.0,60,206.654,498.848,0.00000,0.00000,0.00000,0.000000,0.359615,0,1,3.71800,2601.283,4.837,6.000,1.1923,65,130,65,66,71
12,post_landing,114,1918.0,60,206.654,498.849,0.00000,0.00000,0.00000,0.000000,0.359615,0,1,3.71800,2601.283,4.837,6.000,1.1923,65,130,65,66,71
12,post_landing,115,1935.0,60,206.654,498.845,-0.00000,0.00000,0.00000,0.000000,0.359615,0,1,3.71800,2601.283,4.837,6.000,1.1923,65,130,65,66,71
12,post_landing,116,1951.0,60,206.654,498.848,0.00000,0.00000,0.00000,0.000000,0.359615,0,1,3.71800,2601.283,4.837,6.000,1.1923,65,130,65,66,71
12,post_landing,117,1968.0,60,206.654,498.849,0.00000,0.00000,0.00000,0.000000,0.359615,0,1,3.71800,2601.283,4.837,6.000,1.1923,65,130,65,66,71
12,post_landing,118,1985.0,60,206.654,498.845,-0.00000,0.00000,0.00000,0.000000,0.359615,0,1,3.71800,2601.283,4.837,6.000,1.1923,65,130,65,66,71
12,post_landing,119,2001.0,60,206.654,498.848,0.00000,0.00000,0.00000,0.000000,0.359615,0,1,3.71800,2601.283,4.837,6.000,1.1923,65,130,65,66,71
13,falling,0,19.0,,195.000,96.781,0.00000,0.48333,0.48333,0.000000,0.000000,0,0,4.53600,3981.248,4.575,14.000,1.6000,57,114,57,60,65
13,falling,1,22.0,,195.000,96.913,0.00000,0.54826,0.54826,0.000000,0.000000,0,0,4.53600,3981.248,4.575,14.000,1.6000,57,114,57,60,65
13,falling,2,39.0,,195.000,97.752,0.00000,0.82320,0.82320,0.000000,0.000000,0,0,4.53600,3981.248,4.575,14.000,1.6000,57,114,57,60,65
13,falling,3,56.0,,195.000,98.868,0.00000,1.09394,1.09394,0.000000,0.000000,0,0,4.53600,3981.248,4.575,14.000,1.6000,57,114,57,60,65
13,falling,4,72.0,,195.000,100.159,0.00000,1.34486,1.34486,0.000000,0.000000,0,0,4.53600,3981.248,4.575,14.000,1.6000,57,114,57,60,65
13,falling,5,89.0,,195.000,101.799,0.00000,1.60761,1.60761,0.000000,0.000000,0,0,4.53600,3981.248,4.575,14.000,1.6000,57,114,57,60,65
13,falling,6,106.0,,195.000,103.703,0.00000,1.86635,1.86635,0.000000,0.000000,0,0,4.53600,3981.248,4.575,14.000,1.6000,57,114,57,60,65
13,falling,7,123.0,,195.000,105.724,0.00000,2.10614,2.10614,0.000000,0.000000,0,0,4.53600,3981.248,4.575,14.000,1.6000,57,114,57,60,65
13,falling,8,139.0,,195.000,108.129,0.00000,2.35725,2.35725,0.000000,0.000000,0,0,4.53600,3981.248,4.575,14.000,1.6000,57,114,57,60,65
13,falling,9,156.0,,195.000,110.785,0.00000,2.60452,2.60452,0.000000,0.000000,0,0,4.53600,3981.248,4.575,14.000,1.6000,57,114,57,60,65
13,falling,10,173.0,,195.000,113.506,0.00000,2.83368,2.83368,0.000000,0.000000,0,0,4.53600,3981.248,4.575,14.000,1.6000,57,114,57,60,65
13,falling,11,189.0,,195.000,116.641,0.00000,3.07366,3.07366,0.000000,0.000000,0,0,4.53600,3981.248,4.575,14.000,1.6000,57,114,57,60,65
13,falling,12,206.0,,195.000,120.017,0.00000,3.30996,3.30996,0.000000,0.000000,0,0,4.53600,3981.248,4.575,14.000,1.6000,57,114,57,60,65
13,falling,13,223.0,,195.000,123.405,0.00000,3.52897,3.52897,0.000000,0.000000,0,0,4.53600,3981.248,4.575,14.000,1.6000,57,114,57,60,65
13,falling,14,239.0,,195.000,127.238,0.00000,3.75831,3.75831,0.000000,0.000000,0,0,4.53600,3981.248,4.575,14.000,1.6000,57,114,57,60,65
13,falling,15,256.0,,195.000,131.302,0.00000,3.98414,3.98414,0.000000,0.000000,0,0,4.53600,3981.248,4.575,14.000,1.6000,57,114,57,60,65
13,falling,16,273.0,,195.000,135.328,0.00000,4.19343,4.19343,0.000000,0.000000,0,0,4.53600,3981.248,4.575,14.000,1.6000,57,114,57,60,65
13,falling,17,289.0,,195.000,139.829,0.00000,4.41261,4.41261,0.000000,0.000000,0,0,4.53600,3981.248,4.575,14.000,1.6000,57,114,57,60,65
13,falling,18,306.0,,195.000,144.550,0.00000,4.62843,4.62843,0.000000,0.000000,0,0,4.53600,3981.248,4.575,14.000,1.6000,57,114,57,60,65
13,falling,19,323.0,,195.000,149.185,0.00000,4.82845,4.82845,0.000000,0.000000,0,0,4.53600,3981.248,4.575,14.000,1.6000,57,114,57,60,65
13,falling,20,339.0,,195.000,154.324,0.00000,5.03790,5.03790,0.000000,0.000000,0,0,4.53600,3981.248,4.575,14.000,1.6000,57,114,57,60,65
13,falling,21,356.0,,195.000,159.673,0.00000,5.24416,5.24416,0.000000,0.000000,0,0,4.53600,3981.248,4.575,14.000,1.6000,57,114,57,60,65
13,falling,22,372.0,,195.000,164.891,0.00000,5.43531,5.43531,0.000000,0.000000,0,0,4.53600,3981.248,4.575,14.000,1.6000,57,114,57,60,65
13,falling,23,389.0,,195.000,170.639,0.00000,5.63548,5.63548,0.000000,0.000000,0,0,4.53600,3981.248,4.575,14.000,1.6000,57,114,57,60,65
13,falling,24,406.0,,195.000,176.588,0.00000,5.83259,5.83259,0.000000,0.000000,0,0,4.53600,3981.248,4.575,14.000,1.6000,57,114,57,60,65
13,falling,25,423.0,,195.000,182.363,0.00000,6.01527,6.01527,0.000000,0.000000,0,0,4.53600,3981.248,4.575,14.000,1.6000,57,114,57,60,65
13,falling,26,439.0,,195.000,188.693,0.00000,6.20657,6.20657,0.000000,0.000000,0,0,4.53600,3981.248,4.575,14.000,1.6000,57,114,57,60,65
13,falling,27,456.0,,195.000,195.216,0.00000,6.39494,6.39494,0.000000,0.000000,0,0,4.53600,3981.248,4.575,14.000,1.6000,57,114,57,60,65
13,falling,28,472.0,,195.000,201.523,0.00000,6.56952,6.56952,0.000000,0.000000,0,0,4.53600,3981.248,4.575,14.000,1.6000,57,114,57,60,65
13,falling,29,489.0,,195.000,208.410,0.00000,6.75234,6.75234,0.000000,0.000000,0,0,4.53600,3981.248,4.575,14.000,1.6000,57,114,57,60,65
13,falling,30,506.0,,195.000,215.481,0.00000,6.93236,6.93236,0.000000,0.000000,0,0,4.53600,3981.248,4.575,14.000,1.6000,57,114,57,60,65
13,falling,31,522.0,,195.000,222.297,0.00000,7.09920,7.09920,0.000000,0.000000,0,0,4.53600,3981.248,4.575,14.000,1.6000,57,114,57,60,65
13,falling,32,539.0,,195.000,229.716,0.00000,7.27392,7.27392,0.000000,0.000000,0,0,4.53600,3981.248,4.575,14.000,1.6000,57,114,57,60,65
13,falling,33,556.0,,195.000,237.311,0.00000,7.44596,7.44596,0.000000,0.000000,0,0,4.53600,3981.248,4.575,14.000,1.6000,57,114,57,60,65
13,falling,34,572.0,,195.000,244.612,0.00000,7.60541,7.60541,0.000000,0.000000,0,0,4.53600,3981.248,4.575,14.000,1.6000,57,114,57,60,65
13,falling,35,589.0,,195.000,252.540,0.00000,7.77238,7.77238,0.000000,0.000000,0,0,4.53600,3981.248,4.575,14.000,1.6000,57,114,57,60,65
13,falling,36,606.0,,195.000,260.636,0.00000,7.93679,7.93679,0.000000,0.000000,0,0,4.53600,3981.248,4.575,14.000,1.6000,57,114,57,60,65
13,falling,37,622.0,,195.000,268.401,0.00000,8.08917,8.08917,0.000000,0.000000,0,0,4.53600,3981.248,4.575,14.000,1.6000,57,114,57,60,65
13,falling,38,639.0,,195.000,276.815,0.00000,8.24874,8.24874,0.000000,0.000000,0,0,4.53600,3981.248,4.575,14.000,1.6000,57,114,57,60,65
13,falling,39,656.0,,195.000,285.389,0.00000,8.40587,8.40587,0.000000,0.000000,0,0,4.53600,3981.248,4.575,14.000,1.6000,57,114,57,60,65
13,falling,40,672.0,,195.000,293.598,0.00000,8.55149,8.55149,0.000000,0.000000,0,0,4.53600,3981.248,4.575,14.000,1.6000,57,114,57,60,65
13,falling,41,689.0,,195.000,302.476,0.00000,8.70398,8.70398,0.000000,0.000000,0,0,4.53600,3981.248,4.575,14.000,1.6000,57,114,57,60,65
13,falling,42,706.0,,195.000,311.508,0.00000,8.85415,8.85415,0.000000,0.000000,0,0,4.53600,3981.248,4.575,14.000,1.6000,57,114,57,60,65
13,falling,43,722.0,,195.000,320.141,0.00000,8.99331,8.99331,0.000000,0.000000,0,0,4.53600,3981.248,4.575,14.000,1.6000,57,114,57,60,65
13,falling,44,739.0,,195.000,329.463,0.00000,9.13905,9.13905,0.000000,0.000000,0,0,4.53600,3981.248,4.575,14.000,1.6000,57,114,57,60,65
13,falling,45,756.0,,195.000,338.931,0.00000,9.28256,9.28256,0.000000,0.000000,0,0,4.53600,3981.248,4.575,14.000,1.6000,57,114,57,60,65
13,falling,46,772.0,,195.000,347.970,0.00000,9.41555,9.41555,0.000000,0.000000,0,0,4.53600,3981.248,4.575,14.000,1.6000,57,114,57,60,65
13,falling,47,789.0,,195.000,357.716,0.00000,9.55483,9.55483,0.000000,0.000000,0,0,4.53600,3981.248,4.575,14.000,1.6000,57,114,57,60,65
13,falling,48,806.0,,195.000,367.602,0.00000,9.69197,9.69197,0.000000,0.000000,0,0,4.53600,3981.248,4.575,14.000,1.6000,57,114,57,60,65
13,falling,49,822.0,,195.000,377.028,0.00000,9.81908,9.81908,0.000000,0.000000,0,0,4.53600,3981.248,4.575,14.000,1.6000,57,114,57,60,65
13,falling,50,839.0,,195.000,387.179,0.00000,9.95218,9.95218,0.000000,0.000000,0,0,4.53600,3981.248,4.575,14.000,1.6000,57,114,57,60,65
13,falling,51,856.0,,195.000,397.464,0.00000,10.08324,10.08324,0.000000,0.000000,0,0,4.53600,3981.248,4.575,14.000,1.6000,57,114,57,60,65
13,falling,52,872.0,,195.000,407.261,0.00000,10.20471,10.20471,0.000000,0.000000,0,0,4.53600,3981.248,4.575,14.000,1.6000,57,114,57,60,65
13,falling,53,889.0,,195.000,417.799,0.00000,10.33191,10.33191,0.000000,0.000000,0,0,4.53600,3981.248,4.575,14.000,1.6000,57,114,57,60,65
13,falling,54,906.0,,195.000,428.466,0.00000,10.45717,10.45717,0.000000,0.000000,0,0,4.53600,3981.248,4.575,14.000,1.6000,57,114,57,60,65
13,falling,55,922.0,,195.000,438.616,0.00000,10.57325,10.57325,0.000000,0.000000,0,0,4.53600,3981.248,4.575,14.000,1.6000,57,114,57,60,65
13,falling,56,939.0,,195.000,449.525,0.00000,10.69481,10.69481,0.000000,0.000000,0,0,4.53600,3981.248,4.575,14.000,1.6000,57,114,57,60,65
13,falling,57,956.0,,195.000,460.555,0.00000,10.81451,10.81451,0.000000,0.000000,0,0,4.53600,3981.248,4.575,14.000,1.6000,57,114,57,60,65
13,falling,58,972.0,,195.000,471.044,0.00000,10.92545,10.92545,0.000000,0.000000,0,0,4.53600,3981.248,4.575,14.000,1.6000,57,114,57,60,65
13,falling,59,989.0,,195.000,482.306,0.00000,11.04163,11.04163,0.000000,0.000000,0,0,4.53600,3981.248,4.575,14.000,1.6000,57,114,57,60,65
13,falling,60,1006.0,,195.000,493.010,0.00000,11.14929,11.14929,0.000000,0.000000,0,0,4.53600,3981.248,4.575,14.000,1.6000,57,114,57,60,65
13,post_landing,61,1023.0,61,195.000,500.834,-1.52060,-0.35117,1.56063,-0.029200,0.000000,0,1,4.53600,3981.248,4.575,14.000,1.6000,57,114,57,60,65
13,post_landing,62,1039.0,61,193.473,498.703,-0.87300,-0.14497,0.88496,-0.017000,-0.029328,0,1,4.53600,3981.248,4.575,14.000,1.6000,57,114,57,60,65
13,post_landing,63,1056.0,61,192.647,497.942,-0.52656,-0.02796,0.52730,-0.010247,-0.045413,0,1,4.53600,3981.248,4.575,14.000,1.6000,57,114,57,60,65
13,post_landing,64,1072.0,61,192.118,497.731,-0.32741,0.01249,0.32765,-0.006320,-0.055704,0,1,4.53600,3981.248,4.575,14.000,1.6000,57,114,57,60,65
13,post_landing,65,1089.0,61,191.789,497.755,-0.20652,0.00000,0.20652,-0.003975,-0.062052,0,1,4.53600,3981.248,4.575,14.000,1.6000,57,114,57,60,65
13,post_landing,66,1106.0,61,191.594,497.768,-0.13216,0.00000,0.13216,-0.002525,-0.065813,0,1,4.53600,3981.248,4.575,14.000,1.6000,57,114,57,60,65
13,post_landing,67,1123.0,61,191.461,497.780,-0.08667,0.00000,0.08667,-0.003091,-0.068349,0,1,4.53600,3981.248,4.575,14.000,1.6000,57,114,57,60,65
13,post_landing,68,1139.0,61,191.374,497.792,-0.07828,0.00000,0.07828,-0.002802,-0.071453,0,1,4.53600,3981.248,4.575,14.000,1.6000,57,114,57,60,65
13,post_landing,69,1156.0,61,191.300,497.801,-0.07175,0.00000,0.07175,-0.002549,-0.074105,0,1,4.53600,3981.248,4.575,14.000,1.6000,57,114,57,60,65
13,post_landing,70,1172.0,61,191.228,497.814,-0.06668,0.00000,0.06668,-0.002368,-0.076665,0,1,4.53600,3981.248,4.575,14.000,1.6000,57,114,57,60,65
13,post_landing,71,1189.0,61,191.161,497.824,-0.06267,0.00000,0.06267,-0.002228,-0.079043,0,1,4.53600,3981.248,4.575,14.000,1.6000,57,114,57,60,65
13,post_landing,72,1206.0,61,191.098,497.833,-0.05960,0.00000,0.05960,-0.002119,-0.081281,0,1,4.53600,3981.248,4.575,14.000,1.6000,57,114,57,60,65
13,post_landing,73,1222.0,61,191.041,497.840,-0.05683,0.00000,0.05683,-0.002021,-0.083285,0,1,4.53600,3981.248,4.575,14.000,1.6000,57,114,57,60,65
13,post_landing,74,1239.0,61,190.984,497.851,-0.05525,0.00000,0.05525,-0.001964,-0.085315,0,1,4.53600,3981.248,4.575,14.000,1.6000,57,114,57,60,65
13,post_landing,75,1256.0,61,190.932,497.857,-0.05357,0.00000,0.05357,-0.001906,-0.087174,0,1,4.53600,3981.248,4.575,14.000,1.6000,57,114,57,60,65
13,post_landing,76,1272.0,61,190.878,497.867,-0.05294,0.00000,0.05294,-0.001883,-0.089088,0,1,4.53600,3981.248,4.575,14.000,1.6000,57,114,57,60,65
13,post_landing,77,1289.0,61,190.825,497.876,-0.05247,0.00000,0.05247,-0.001868,-0.090979,0,1,4.53600,3981.248,4.575,14.000,1.6000,57,114,57,60,65
13,post_landing,78,1306.0,61,190.775,497.882,-0.05179,0.00000,0.05179,-0.001844,-0.092746,0,1,4.53600,3981.248,4.575,14.000,1.6000,57,114,57,60,65
13,post_landing,79,1322.0,61,190.723,497.892,-0.05199,0.00000,0.05199,-0.001850,-0.094598,0,1,4.53600,3981.248,4.575,14.000,1.6000,57,114,57,60,65
13,post_landing,80,1339.0,61,190.671,497.901,-0.05221,0.00000,0.05221,-0.001860,-0.096456,0,1,4.53600,3981.248,4.575,14.000,1.6000,57,114,57,60,65
13,post_landing,81,1356.0,61,190.622,497.907,-0.05206,0.00000,0.05206,-0.001855,-0.098216,0,1,4.53600,3981.248,4.575,14.000,1.6000,57,114,57,60,65
13,post_landing,82,1372.0,61,190.569,497.918,-0.05273,0.00000,0.05273,-0.001878,-0.100079,0,1,4.53600,3981.248,4.575,14.000,1.6000,57,114,57,60,65
13,post_landing,83,1389.0,61,190.516,497.927,-0.05334,0.00000,0.05334,-0.001902,-0.101965,0,1,4.53600,3981.248,4.575,14.000,1.6000,57,114,57,60,65
13,post_landing,84,1406.0,61,190.466,497.933,-0.05349,0.00000,0.05349,-0.001907,-0.103764,0,1,4.53600,3981.248,4.575,14.000,1.6000,57,114,57,60,65
13,post_landing,85,1422.0,61,190.412,497.945,-0.05441,0.00000,0.05441,-0.001940,-0.105680,0,1,4.53600,3981.248,4.575,14.000,1.6000,57,114,57,60,65
13,post_landing,86,1439.0,61,190.358,497.954,-0.05526,0.00000,0.05526,-0.001972,-0.107628,0,1,4.53600,3981.248,4.575,14.000,1.6000,57,114,57,60,65
13,post_landing,87,1456.0,61,190.305,497.961,-0.05558,0.00000,0.05558,-0.001983,-0.109493,0,1,4.53600,3981.248,4.575,14.000,1.6000,57,114,57,60,65
13,post_landing,88,1472.0,61,190.250,497.973,-0.05665,0.00000,0.05665,-0.002021,-0.111485,0,1,4.53600,3981.248,4.575,14.000,1.6000,57,114,57,60,65
13,post_landing,89,1489.0,61,190.193,497.983,-0.05766,0.00000,0.05766,-0.002059,-0.113515,0,1,4.53600,3981.248,4.575,14.000,1.6000,57,114,57,60,65
13,post_landing,90,1506.0,61,190.138,497.991,-0.05807,0.00000,0.05807,-0.002074,-0.115464,0,1,4.53600,3981.248,4.575,14.000,1.6000,57,114,57,60,65
13,post_landing,91,1522.0,61,190.080,498.004,-0.05924,0.00000,0.05924,-0.002116,-0.117547,0,1,4.53600,3981.248,4.575,14.000,1.6000,57,114,57,60,65
13,post_landing,92,1539.0,61,190.020,498.015,-0.06036,0.00000,0.06036,-0.002157,-0.119672,0,1,4.53600,3981.248,4.575,14.000,1.6000,57,114,57,60,65
13,post_landing,93,1556.0,61,189.963,497.720,-0.06082,0.00000,0.06082,-0.002175,-0.121713,0,1,4.53600,3981.248,4.575,14.000,1.6000,57,114,57,60,65
13,post_landing,94,1572.0,61,189.902,497.728,-0.06212,0.00000,0.06212,-0.002218,-0.123898,0,1,4.53600,3981.248,4.575,14.000,1.6000,57,114,57,60,65
13,post_landing,95,1589.0,61,189.840,497.734,-0.06328,0.00000,0.06328,-0.002264,-0.126125,0,1,4.53600,3981.248,4.575,14.000,1.6000,57,114,57,60,65
13,post_landing,96,1606.0,61,189.780,497.738,-0.06378,0.00000,0.06378,-0.002284,-0.128267,0,1,4.53600,3981.248,4.575,14.000,1.6000,57,114,57,60,65
13,post_landing,97,1622.0,61,189.716,497.747,-0.06513,0.00000,0.06513,-0.002328,-0.130561,0,1,4.53600,3981.248,4.575,14.000,1.6000,57,114,57,60,65
13,post_landing,98,1639.0,61,189.650,497.754,-0.06636,0.00000,0.06636,-0.002377,-0.132899,0,1,4.53600,3981.248,4.575,14.000,1.6000,57,114,57,60,65
13,post_landing,99,1656.0,61,189.588,497.759,-0.06688,0.00000,0.06688,-0.002397,-0.135148,0,1,4.53600,3981.248,4.575,14.000,1.6000,57,114,57,60,65
13,post_landing,100,1672.0,61,189.520,497.768,-0.06827,0.00000,0.06827,-0.002443,-0.137556,0,1,4.53600,3981.248,4.575,14.000,1.6000,57,114,57,60,65
13,post_landing,101,1689.0,61,189.452,497.776,-0.06956,0.00000,0.06956,-0.002495,-0.140009,0,1,4.53600,3981.248,4.575,14.000,1.6000,57,114,57,60,65
13,post_landing,102,1705.0,61,189.386,497.782,-0.07011,0.00000,0.07011,-0.002516,-0.142370,0,1,4.53600,3981.248,4.575,14.000,1.6000,57,114,57,60,65
13,post_landing,103,1722.0,61,189.316,497.792,-0.07152,0.00000,0.07152,-0.002563,-0.144897,0,1,4.53600,3981.248,4.575,14.000,1.6000,57,114,57,60,65
13,post_landing,104,1739.0,61,189.244,497.800,-0.07288,0.00000,0.07288,-0.002618,-0.147471,0,1,4.53600,3981.248,4.575,14.000,1.6000,57,114,57,60,65
13,post_landing,105,1755.0,61,189.175,497.824,-0.07478,0.00000,0.07478,-0.002624,-0.149948,0,1,4.53600,3981.248,4.575,14.000,1.6000,57,114,57,60,65
13,post_landing,106,1772.0,61,189.100,497.818,-0.07530,0.00000,0.07530,-0.002703,-0.152583,0,1,4.53600,3981.248,4.575,14.000,1.6000,57,114,57,60,65
13,post_landing,107,1789.0,61,189.024,497.827,-0.07683,0.00000,0.07683,-0.002764,-0.155298,0,1,4.53600,3981.248,4.575,14.000,1.6000,57,114,57,60,65
13,post_landing,108,1805.0,61,188.951,497.852,-0.07811,0.00000,0.07811,-0.002781,-0.157913,0,1,4.53600,3981.248,4.575,14.000,1.6000,57,114,57,60,65
13,post_landing,109,1822.0,61,188.873,497.847,-0.07900,0.01275,0.08002,-0.002853,-0.160707,0,1,4.53600,3981.248,4.575,14.000,1.6000,57,114,57,60,65
13,post_landing,110,1839.0,61,188.794,497.857,-0.08148,0.00000,0.08148,-0.002936,-0.163572,0,1,4.53600,3981.248,4.575,14.000,1.6000,57,114,57,60,65
13,post_landing,111,1856.0,61,188.716,497.883,-0.08256,0.00000,0.08256,-0.002950,-0.166350,0,1,4.53600,3981.248,4.575,14.000,1.6000,57,114,57,60,65
13,post_landing,112,1872.0,61,188.633,497.879,-0.08344,0.01340,0.08451,-0.003020,-0.169312,0,1,4.53600,3981.248,4.575,14.000,1.6000,57,114,57,60,65
13,post_landing,113,1889.0,61,188.555,497.906,-0.08556,0.01201,0.08640,-0.003061,-0.172170,0,1,4.53600,3981.248,4.575,14.000,1.6000,57,114,57,60,65
13,post_landing,114,1905.0,61,188.469,497.902,-0.08721,0.01388,0.08831,-0.003157,-0.175244,0,1,4.53600,3981.248,4.575,14.000,1.6000,57,114,57,60,65
13,post_landing,115,1922.0,61,188.381,497.935,-0.09017,0.01313,0.09112,-0.003229,-0.178415,0,1,4.53600,3981.248,4.575,14.000,1.6000,57,114,57,60,65
13,post_landing,116,1939.0,61,188.290,497.949,-0.09229,0.01370,0.09330,-0.003312,-0.181658,0,1,4.53600,3981.248,4.575,14.000,1.6000,57,114,57,60,65
13,post_landing,117,1955.0,61,188.203,497.958,-0.09333,0.01410,0.09439,-0.003355,-0.184792,0,1,4.53600,3981.248,4.575,14.000,1.6000,57,114,57,60,65
13,post_landing,118,1972.0,61,188.109,498.130,-0.00148,0.00000,0.00148,0.000000,-0.188162,0,1,4.53600,3981.248,4.575,14.000,1.6000,57,114,57,60,65
13,post_landing,119,1989.0,61,188.108,498.204,0.00101,0.00000,0.00101,0.000000,-0.188162,0,1,4.53600,3981.248,4.575,14.000,1.6000,57,114,57,60,65
13,post_landing,120,2005.0,61,188.109,498.206,-0.00000,0.00000,0.00000,0.000000,-0.188162,0,1,4.53600,3981.248,4.575,14.000,1.6000,57,114,57,60,65
14,falling,0,45.0,,195.000,97.029,0.00000,0.55000,0.55000,0.000000,0.000000,0,0,7.56600,7101.376,6.276,25.000,1.0779,71,142,71,80,78
14,falling,1,48.0,,195.000,97.137,0.00000,0.59851,0.59851,0.000000,0.000000,0,0,7.56600,7101.376,6.276,25.000,1.0779,71,142,71,80,78
14,falling,2,65.0,,195.000,97.959,0.00000,0.85656,0.85656,0.000000,0.000000,0,0,7.56600,7101.376,6.276,25.000,1.0779,71,142,71,80,78
14,falling,3,81.0,,195.000,99.108,0.00000,1.12679,1.12679,0.000000,0.000000,0,0,7.56600,7101.376,6.276,25.000,1.0779,71,142,71,80,78
14,falling,4,98.0,,195.000,100.529,0.00000,1.39288,1.39288,0.000000,0.000000,0,0,7.56600,7101.376,6.276,25.000,1.0779,71,142,71,80,78
14,falling,5,114.0,,195.000,102.103,0.00000,1.63949,1.63949,0.000000,0.000000,0,0,7.56600,7101.376,6.276,25.000,1.0779,71,142,71,80,78
14,falling,6,131.0,,195.000,104.039,0.00000,1.89774,1.89774,0.000000,0.000000,0,0,7.56600,7101.376,6.276,25.000,1.0779,71,142,71,80,78
14,falling,7,148.0,,195.000,106.234,0.00000,2.15204,2.15204,0.000000,0.000000,0,0,7.56600,7101.376,6.276,25.000,1.0779,71,142,71,80,78
14,falling,8,164.0,,195.000,108.526,0.00000,2.38772,2.38772,0.000000,0.000000,0,0,7.56600,7101.376,6.276,25.000,1.0779,71,142,71,80,78
14,falling,9,181.0,,195.000,111.213,0.00000,2.63452,2.63452,0.000000,0.000000,0,0,7.56600,7101.376,6.276,25.000,1.0779,71,142,71,80,78
14,falling,10,198.0,,195.000,114.148,0.00000,2.87754,2.87754,0.000000,0.000000,0,0,7.56600,7101.376,6.276,25.000,1.0779,71,142,71,80,78
14,falling,11,215.0,,195.000,117.127,0.00000,3.10277,3.10277,0.000000,0.000000,0,0,7.56600,7101.376,6.276,25.000,1.0779,71,142,71,80,78
14,falling,12,231.0,,195.000,120.532,0.00000,3.33864,3.33864,0.000000,0.000000,0,0,7.56600,7101.376,6.276,25.000,1.0779,71,142,71,80,78
14,falling,13,248.0,,195.000,124.175,0.00000,3.57089,3.57089,0.000000,0.000000,0,0,7.56600,7101.376,6.276,25.000,1.0779,71,142,71,80,78
14,falling,14,264.0,,195.000,127.809,0.00000,3.78613,3.78613,0.000000,0.000000,0,0,7.56600,7101.376,6.276,25.000,1.0779,71,142,71,80,78
14,falling,15,281.0,,195.000,131.901,0.00000,4.01154,4.01154,0.000000,0.000000,0,0,7.56600,7101.376,6.276,25.000,1.0779,71,142,71,80,78
14,falling,16,298.0,,195.000,136.219,0.00000,4.23350,4.23350,0.000000,0.000000,0,0,7.56600,7101.376,6.276,25.000,1.0779,71,142,71,80,78
14,falling,17,314.0,,195.000,140.481,0.00000,4.43920,4.43920,0.000000,0.000000,0,0,7.56600,7101.376,6.276,25.000,1.0779,71,142,71,80,78
14,falling,18,331.0,,195.000,145.229,0.00000,4.65461,4.65461,0.000000,0.000000,0,0,7.56600,7101.376,6.276,25.000,1.0779,71,142,71,80,78
14,falling,19,348.0,,195.000,150.193,0.00000,4.86673,4.86673,0.000000,0.000000,0,0,7.56600,7101.376,6.276,25.000,1.0779,71,142,71,80,78
14,falling,20,364.0,,195.000,155.053,0.00000,5.06332,5.06332,0.000000,0.000000,0,0,7.56600,7101.376,6.276,25.000,1.0779,71,142,71,80,78
14,falling,21,381.0,,195.000,160.428,0.00000,5.26918,5.26918,0.000000,0.000000,0,0,7.56600,7101.376,6.276,25.000,1.0779,71,142,71,80,78
14,falling,22,398.0,,195.000,166.009,0.00000,5.47190,5.47190,0.000000,0.000000,0,0,7.56600,7101.376,6.276,25.000,1.0779,71,142,71,80,78
14,falling,23,414.0,,195.000,171.443,0.00000,5.65977,5.65977,0.000000,0.000000,0,0,7.56600,7101.376,6.276,25.000,1.0779,71,142,71,80,78
14,falling,24,431.0,,195.000,177.416,0.00000,5.85651,5.85651,0.000000,0.000000,0,0,7.56600,7101.376,6.276,25.000,1.0779,71,142,71,80,78
14,falling,25,448.0,,195.000,183.588,0.00000,6.05024,6.05024,0.000000,0.000000,0,0,7.56600,7101.376,6.276,25.000,1.0779,71,142,71,80,78
14,falling,26,464.0,,195.000,189.568,0.00000,6.22978,6.22978,0.000000,0.000000,0,0,7.56600,7101.376,6.276,25.000,1.0779,71,142,71,80,78
14,falling,27,481.0,,195.000,196.114,0.00000,6.41780,6.41780,0.000000,0.000000,0,0,7.56600,7101.376,6.276,25.000,1.0779,71,142,71,80,78
14,falling,28,498.0,,195.000,202.849,0.00000,6.60294,6.60294,0.000000,0.000000,0,0,7.56600,7101.376,6.276,25.000,1.0779,71,142,71,80,78
14,falling,29,514.0,,195.000,209.353,0.00000,6.77452,6.77452,0.000000,0.000000,0,0,7.56600,7101.376,6.276,25.000,1.0779,71,142,71,80,78
14,falling,30,531.0,,195.000,216.446,0.00000,6.95420,6.95420,0.000000,0.000000,0,0,7.56600,7101.376,6.276,25.000,1.0779,71,142,71,80,78
14,falling,31,548.0,,195.000,223.720,0.00000,7.13114,7.13114,0.000000,0.000000,0,0,7.56600,7101.376,6.276,25.000,1.0779,71,142,71,80,78
14,falling,32,564.0,,195.000,230.723,0.00000,7.29512,7.29512,0.000000,0.000000,0,0,7.56600,7101.376,6.276,25.000,1.0779,71,142,71,80,78
14,falling,33,581.0,,195.000,238.339,0.00000,7.46684,7.46684,0.000000,0.000000,0,0,7.56600,7101.376,6.276,25.000,1.0779,71,142,71,80,78
14,falling,34,598.0,,195.000,245.660,0.00000,7.62598,7.62598,0.000000,0.000000,0,0,7.56600,7101.376,6.276,25.000,1.0779,71,142,71,80,78
14,falling,35,614.0,,195.000,253.609,0.00000,7.79264,7.79264,0.000000,0.000000,0,0,7.56600,7101.376,6.276,25.000,1.0779,71,142,71,80,78
14,falling,36,631.0,,195.000,261.725,0.00000,7.95674,7.95674,0.000000,0.000000,0,0,7.56600,7101.376,6.276,25.000,1.0779,71,142,71,80,78
14,falling,37,648.0,,195.000,269.509,0.00000,8.10883,8.10883,0.000000,0.000000,0,0,7.56600,7101.376,6.276,25.000,1.0779,71,142,71,80,78
14,falling,38,664.0,,195.000,277.943,0.00000,8.26810,8.26810,0.000000,0.000000,0,0,7.56600,7101.376,6.276,25.000,1.0779,71,142,71,80,78
14,falling,39,681.0,,195.000,286.536,0.00000,8.42493,8.42493,0.000000,0.000000,0,0,7.56600,7101.376,6.276,25.000,1.0779,71,142,71,80,78
14,falling,40,698.0,,195.000,294.764,0.00000,8.57028,8.57028,0.000000,0.000000,0,0,7.56600,7101.376,6.276,25.000,1.0779,71,142,71,80,78
14,falling,41,714.0,,195.000,303.661,0.00000,8.72249,8.72249,0.000000,0.000000,0,0,7.56600,7101.376,6.276,25.000,1.0779,71,142,71,80,78
14,falling,42,731.0,,195.000,312.710,0.00000,8.87237,8.87237,0.000000,0.000000,0,0,7.56600,7101.376,6.276,25.000,1.0779,71,142,71,80,78
14,falling,43,748.0,,195.000,321.361,0.00000,9.01127,9.01127,0.000000,0.000000,0,0,7.56600,7101.376,6.276,25.000,1.0779,71,142,71,80,78
14,falling,44,764.0,,195.000,330.701,0.00000,9.15673,9.15673,0.000000,0.000000,0,0,7.56600,7101.376,6.276,25.000,1.0779,71,142,71,80,78
14,falling,45,781.0,,195.000,340.187,0.00000,9.29997,9.29997,0.000000,0.000000,0,0,7.56600,7101.376,6.276,25.000,1.0779,71,142,71,80,78
14,falling,46,798.0,,195.000,349.242,0.00000,9.43271,9.43271,0.000000,0.000000,0,0,7.56600,7101.376,6.276,25.000,1.0779,71,142,71,80,78
14,falling,47,814.0,,195.000,359.006,0.00000,9.57173,9.57173,0.000000,0.000000,0,0,7.56600,7101.376,6.276,25.000,1.0779,71,142,71,80,78
14,falling,48,831.0,,195.000,368.908,0.00000,9.70861,9.70861,0.000000,0.000000,0,0,7.56600,7101.376,6.276,25.000,1.0779,71,142,71,80,78
14,falling,49,848.0,,195.000,378.350,0.00000,9.83547,9.83547,0.000000,0.000000,0,0,7.56600,7101.376,6.276,25.000,1.0779,71,142,71,80,78
14,falling,50,864.0,,195.000,388.518,0.00000,9.96833,9.96833,0.000000,0.000000,0,0,7.56600,7101.376,6.276,25.000,1.0779,71,142,71,80,78
14,falling,51,881.0,,195.000,398.819,0.00000,10.09914,10.09914,0.000000,0.000000,0,0,7.56600,7101.376,6.276,25.000,1.0779,71,142,71,80,78
14,falling,52,898.0,,195.000,408.631,0.00000,10.22038,10.22038,0.000000,0.000000,0,0,7.56600,7101.376,6.276,25.000,1.0779,71,142,71,80,78
14,falling,53,914.0,,195.000,419.185,0.00000,10.34734,10.34734,0.000000,0.000000,0,0,7.56600,7101.376,6.276,25.000,1.0779,71,142,71,80,78
14,falling,54,931.0,,195.000,429.867,0.00000,10.47236,10.47236,0.000000,0.000000,0,0,7.56600,7101.376,6.276,25.000,1.0779,71,142,71,80,78
14,falling,55,948.0,,195.000,440.032,0.00000,10.58823,10.58823,0.000000,0.000000,0,0,7.56600,7101.376,6.276,25.000,1.0779,71,142,71,80,78
14,falling,56,964.0,,195.000,450.955,0.00000,10.70956,10.70956,0.000000,0.000000,0,0,7.56600,7101.376,6.276,25.000,1.0779,71,142,71,80,78
14,falling,57,981.0,,195.000,462.001,0.00000,10.82904,10.82904,0.000000,0.000000,0,0,7.56600,7101.376,6.276,25.000,1.0779,71,142,71,80,78
14,falling,58,998.0,,195.000,472.503,0.00000,10.93977,10.93977,0.000000,0.000000,0,0,7.56600,7101.376,6.276,25.000,1.0779,71,142,71,80,78
14,falling,59,1014.0,,195.000,483.780,0.00000,11.05572,11.05572,0.000000,0.000000,0,0,7.56600,7101.376,6.276,25.000,1.0779,71,142,71,80,78
14,post_landing,60,1031.0,60,195.000,491.036,0.11303,-0.03826,0.11933,0.001430,0.000000,0,1,7.56600,7101.376,6.276,25.000,1.0779,71,142,71,80,78
14,post_landing,61,1048.0,60,195.107,488.601,0.01411,0.00000,0.01411,0.000000,0.001353,0,1,7.56600,7101.376,6.276,25.000,1.0779,71,142,71,80,78
14,post_landing,62,1064.0,60,195.121,487.110,0.04008,0.00000,0.04008,0.000000,0.001353,0,1,7.56600,7101.376,6.276,25.000,1.0779,71,142,71,80,78
14,post_landing,63,1081.0,60,195.161,486.612,0.01987,0.00000,0.01987,0.000000,0.001353,0,1,7.56600,7101.376,6.276,25.000,1.0779,71,142,71,80,78
14,post_landing,64,1098.0,60,195.180,486.111,0.02666,0.00000,0.02666,0.000000,0.001353,0,1,7.56600,7101.376,6.276,25.000,1.0779,71,142,71,80,78
14,post_landing,65,1114.0,60,195.207,486.113,0.04647,0.00000,0.04647,0.000000,0.001353,0,1,7.56600,7101.376,6.276,25.000,1.0779,71,142,71,80,78
14,post_landing,66,1131.0,60,195.254,486.113,0.06363,0.00000,0.06363,-0.000929,0.001353,0,1,7.56600,7101.376,6.276,25.000,1.0779,71,142,71,80,78
14,post_landing,67,1148.0,60,195.314,486.115,0.00512,0.00000,0.00512,0.000000,0.000474,0,1,7.56600,7101.376,6.276,25.000,1.0779,71,142,71,80,78
14,post_landing,68,1164.0,60,195.319,486.117,-0.05049,0.00000,0.05049,0.001532,0.000474,0,1,7.56600,7101.376,6.276,25.000,1.0779,71,142,71,80,78
14,post_landing,69,1181.0,60,195.268,486.111,-0.06796,0.00000,0.06796,0.001709,0.002013,0,1,7.56600,7101.376,6.276,25.000,1.0779,71,142,71,80,78
14,post_landing,70,1197.0,60,195.204,486.102,-0.08481,0.00000,0.08481,0.001892,0.003629,0,1,7.56600,7101.376,6.276,25.000,1.0779,71,142,71,80,78
14,post_landing,71,1214.0,60,195.119,486.096,-0.00267,0.00000,0.00267,-0.000807,0.005530,0,1,7.56600,7101.376,6.276,25.000,1.0779,71,142,71,80,78
14,post_landing,72,1231.0,60,195.116,486.099,0.05343,0.00000,0.05343,-0.002068,0.004719,0,1,7.56600,7101.376,6.276,25.000,1.0779,71,142,71,80,78
14,post_landing,73,1248.0,60,195.167,486.105,0.01741,0.00000,0.01741,0.000000,0.002762,0,1,7.56600,7101.376,6.276,25.000,1.0779,71,142,71,80,78
14,post_landing,74,1264.0,60,195.184,486.107,-0.01739,0.00000,0.01739,0.001322,0.002762,0,1,7.56600,7101.376,6.276,25.000,1.0779,71,142,71,80,78
14,post_landing,75,1281.0,60,195.167,486.102,-0.04475,0.00000,0.04475,0.001976,0.004089,0,1,7.56600,7101.376,6.276,25.000,1.0779,71,142,71,80,78
14,post_landing,76,1297.0,60,195.124,486.092,-0.05554,0.00000,0.05554,0.001786,0.005959,0,1,7.56600,7101.376,6.276,25.000,1.0779,71,142,71,80,78
14,post_landing,77,1314.0,60,195.069,486.086,-0.07345,0.00000,0.07345,0.001975,0.007753,0,1,7.56600,7101.376,6.276,25.000,1.0779,71,142,71,80,78
14,post_landing,78,1331.0,60,194.995,486.078,-0.08055,0.00000,0.08055,0.001874,0.009737,0,1,7.56600,7101.376,6.276,25.000,1.0779,71,142,71,80,78
14,post_landing,79,1347.0,60,194.919,486.069,-0.09452,0.00000,0.09452,0.002037,0.011511,0,1,7.56600,7101.376,6.276,25.000,1.0779,71,142,71,80,78
14,post_landing,80,1364.0,60,194.824,486.063,0.00230,0.00000,0.00230,-0.001053,0.013557,0,1,7.56600,7101.376,6.276,25.000,1.0779,71,142,71,80,78
14,post_landing,81,1381.0,60,194.826,486.067,0.02972,0.00000,0.02972,-0.001193,0.012499,0,1,7.56600,7101.376,6.276,25.000,1.0779,71,142,71,80,78
14,post_landing,82,1397.0,60,194.854,486.070,0.03172,0.00000,0.03172,0.000000,0.011370,0,1,7.56600,7101.376,6.276,25.000,1.0779,71,142,71,80,78
14,post_landing,83,1414.0,60,194.886,486.072,0.04547,0.00000,0.04547,0.000000,0.011370,0,1,7.56600,7101.376,6.276,25.000,1.0779,71,142,71,80,78
14,post_landing,84,1431.0,60,194.929,486.070,0.04978,0.00000,0.04978,0.000000,0.011370,0,1,7.56600,7101.376,6.276,25.000,1.0779,71,142,71,80,78
14,post_landing,85,1447.0,60,194.979,486.072,0.01356,0.00000,0.01356,0.000000,0.011370,0,1,7.56600,7101.376,6.276,25.000,1.0779,71,142,71,80,78
14,post_landing,86,1464.0,60,194.993,486.072,-0.02528,0.00000,0.02528,0.000000,0.011370,0,1,7.56600,7101.376,6.276,25.000,1.0779,71,142,71,80,78
14,post_landing,87,1481.0,60,194.969,486.070,-0.05352,0.00000,0.05352,0.000000,0.011370,0,1,7.56600,7101.376,6.276,25.000,1.0779,71,142,71,80,78
14,post_landing,88,1497.0,60,194.915,486.072,-0.07898,0.00000,0.07898,0.001351,0.011370,0,1,7.56600,7101.376,6.276,25.000,1.0779,71,142,71,80,78
14,post_landing,89,1514.0,60,194.836,486.066,-0.07320,0.00000,0.07320,0.001507,0.012727,0,1,7.56600,7101.376,6.276,25.000,1.0779,71,142,71,80,78
14,post_landing,90,1531.0,60,194.766,486.059,-0.08416,0.00000,0.08416,0.002015,0.014153,0,1,7.56600,7101.376,6.276,25.000,1.0779,71,142,71,80,78
14,post_landing,91,1547.0,60,194.682,486.053,-0.08663,0.00000,0.08663,0.002068,0.016177,0,1,7.56600,7101.376,6.276,25.000,1.0779,71,142,71,80,78
14,post_landing,92,1564.0,60,194.595,486.065,-0.06907,0.00000,0.06907,0.000000,0.018254,0,1,7.56600,7101.376,6.276,25.000,1.0779,71,142,71,80,78
14,post_landing,93,1581.0,60,194.529,486.062,-0.02719,0.00000,0.02719,-0.001964,0.018254,0,1,7.56600,7101.376,6.276,25.000,1.0779,71,142,71,80,78
14,post_landing,94,1597.0,60,194.502,486.052,0.03460,0.00000,0.03460,-0.002734,0.016282,0,1,7.56600,7101.376,6.276,25.000,1.0779,71,142,71,80,78
14,post_landing,95,1614.0,60,194.537,486.063,0.01330,0.00000,0.01330,0.000000,0.013536,0,1,7.56600,7101.376,6.276,25.000,1.0779,71,142,71,80,78
14,post_landing,96,1631.0,60,194.549,486.061,-0.01764,0.00000,0.01764,0.001498,0.013536,0,1,7.56600,7101.376,6.276,25.000,1.0779,71,142,71,80,78
14,post_landing,97,1647.0,60,194.532,486.057,-0.03864,0.00000,0.03864,0.002176,0.015041,0,1,7.56600,7101.376,6.276,25.000,1.0779,71,142,71,80,78
14,post_landing,98,1664.0,60,194.493,486.049,-0.05394,0.00000,0.05394,0.002130,0.017226,0,1,7.56600,7101.376,6.276,25.000,1.0779,71,142,71,80,78
14,post_landing,99,1681.0,60,194.442,486.057,-0.03631,0.00000,0.03631,0.000000,0.019241,0,1,7.56600,7101.376,6.276,25.000,1.0779,71,142,71,80,78
14,post_landing,100,1697.0,60,194.405,486.062,-0.01855,0.00000,0.01855,-0.001338,0.019241,0,1,7.56600,7101.376,6.276,25.000,1.0779,71,142,71,80,78
14,post_landing,101,1714.0,60,194.387,486.067,-0.02997,0.00000,0.02997,-0.001486,0.017897,0,1,7.56600,7101.376,6.276,25.000,1.0779,71,142,71,80,78
14,post_landing,102,1731.0,60,194.358,486.068,-0.01315,0.00000,0.01315,-0.002446,0.016491,0,1,7.56600,7101.376,6.276,25.000,1.0779,71,142,71,80,78
14,post_landing,103,1747.0,60,194.345,486.061,0.03967,0.00000,0.03967,-0.003068,0.014034,0,1,7.56600,7101.376,6.276,25.000,1.0779,71,142,71,80,78
14,post_landing,104,1764.0,60,194.385,486.073,0.00174,0.00000,0.00174,0.000000,0.010952,0,1,7.56600,7101.376,6.276,25.000,1.0779,71,142,71,80,78
14,post_landing,105,1781.0,60,194.387,486.071,-0.04186,0.00000,0.04186,0.001942,0.010952,0,1,7.56600,7101.376,6.276,25.000,1.0779,71,142,71,80,78
14,post_landing,106,1797.0,60,194.345,486.065,-0.05453,0.00000,0.05453,0.002190,0.012903,0,1,7.56600,7101.376,6.276,25.000,1.0779,71,142,71,80,78
14,post_landing,107,1814.0,60,194.290,486.057,-0.06109,0.00000,0.06109,0.002008,0.015103,0,1,7.56600,7101.376,6.276,25.000,1.0779,71,142,71,80,78
14,post_landing,108,1831.0,60,194.232,486.066,0.00974,0.00000,0.00974,-0.001357,0.017003,0,1,7.56600,7101.376,6.276,25.000,1.0779,71,142,71,80,78
14,post_landing,109,1847.0,60,194.242,486.055,0.01033,0.00000,0.01033,-0.000800,0.015640,0,1,7.56600,7101.376,6.276,25.000,1.0779,71,142,71,80,78
14,post_landing,110,1864.0,60,194.252,486.058,0.02475,0.00000,0.02475,-0.000831,0.014836,0,1,7.56600,7101.376,6.276,25.000,1.0779,71,142,71,80,78
14,post_landing,111,1881.0,60,194.276,486.059,0.05040,0.00000,0.05040,-0.001455,0.014049,0,1,7.56600,7101.376,6.276,25.000,1.0779,71,142,71,80,78
14,post_landing,112,1897.0,60,194.326,486.067,0.02291,0.00000,0.02291,0.000000,0.012588,0,1,7.56600,7101.376,6.276,25.000,1.0779,71,142,71,80,78
14,post_landing,113,1914.0,60,194.349,486.067,-0.01369,0.00000,0.01369,0.001069,0.012588,0,1,7.56600,7101.376,6.276,25.000,1.0779,71,142,71,80,78
14,post_landing,114,1931.0,60,194.336,486.061,-0.03800,0.00000,0.03800,0.001415,0.013600,0,1,7.56600,7101.376,6.276,25.000,1.0779,71,142,71,80,78
14,post_landing,115,1947.0,60,194.298,486.057,-0.05189,0.00000,0.05189,0.001524,0.015021,0,1,7.56600,7101.376,6.276,25.000,1.0779,71,142,71,80,78
14,post_landing,116,1964.0,60,194.246,486.051,-0.04814,0.00000,0.04814,0.001163,0.016552,0,1,7.56600,7101.376,6.276,25.000,1.0779,71,142,71,80,78
14,post_landing,117,1981.0,60,194.201,486.063,-0.03431,0.00000,0.03431,0.000000,0.017652,0,1,7.56600,7101.376,6.276,25.000,1.0779,71,142,71,80,78
14,post_landing,118,1997.0,60,194.166,486.047,0.01480,0.00000,0.01480,-0.001319,0.017652,0,1,7.56600,7101.376,6.276,25.000,1.0779,71,142,71,80,78
14,post_landing,119,2014.0,60,194.181,486.052,0.02359,0.00000,0.02359,-0.000984,0.016328,0,1,7.56600,7101.376,6.276,25.000,1.0779,71,142,71,80,78
15,falling,0,39.0,,195.000,97.029,0.00000,0.55000,0.55000,0.000000,0.000000,0,0,5.81400,3593.304,4.465,13.000,1.5162,55,110,55,55,49
15,falling,1,40.0,,195.000,97.063,0.00000,0.56617,0.56617,0.000000,0.000000,0,0,5.81400,3593.304,4.465,13.000,1.5162,55,110,55,55,49
15,falling,2,56.0,,195.000,97.855,0.00000,0.82469,0.82469,0.000000,0.000000,0,0,5.81400,3593.304,4.465,13.000,1.5162,55,110,55,55,49
15,falling,3,73.0,,195.000,98.972,0.00000,1.09540,1.09540,0.000000,0.000000,0,0,5.81400,3593.304,4.465,13.000,1.5162,55,110,55,55,49
15,falling,4,90.0,,195.000,100.361,0.00000,1.36197,1.36197,0.000000,0.000000,0,0,5.81400,3593.304,4.465,13.000,1.5162,55,110,55,55,49
15,falling,5,106.0,,195.000,101.906,0.00000,1.60903,1.60903,0.000000,0.000000,0,0,5.81400,3593.304,4.465,13.000,1.5162,55,110,55,55,49
15,falling,6,123.0,,195.000,103.811,0.00000,1.86774,1.86774,0.000000,0.000000,0,0,5.81400,3593.304,4.465,13.000,1.5162,55,110,55,55,49
15,falling,7,140.0,,195.000,105.976,0.00000,2.12250,2.12250,0.000000,0.000000,0,0,5.81400,3593.304,4.465,13.000,1.5162,55,110,55,55,49
15,falling,8,156.0,,195.000,108.240,0.00000,2.35860,2.35860,0.000000,0.000000,0,0,5.81400,3593.304,4.465,13.000,1.5162,55,110,55,55,49
15,falling,9,173.0,,195.000,110.898,0.00000,2.60585,2.60585,0.000000,0.000000,0,0,5.81400,3593.304,4.465,13.000,1.5162,55,110,55,55,49
15,falling,10,190.0,,195.000,113.804,0.00000,2.84931,2.84931,0.000000,0.000000,0,0,5.81400,3593.304,4.465,13.000,1.5162,55,110,55,55,49
15,falling,11,206.0,,195.000,116.756,0.00000,3.07495,3.07495,0.000000,0.000000,0,0,5.81400,3593.304,4.465,13.000,1.5162,55,110,55,55,49
15,falling,12,223.0,,195.000,120.134,0.00000,3.31124,3.31124,0.000000,0.000000,0,0,5.81400,3593.304,4.465,13.000,1.5162,55,110,55,55,49
15,falling,13,240.0,,195.000,123.749,0.00000,3.54391,3.54391,0.000000,0.000000,0,0,5.81400,3593.304,4.465,13.000,1.5162,55,110,55,55,49
15,falling,14,256.0,,195.000,127.358,0.00000,3.75954,3.75954,0.000000,0.000000,0,0,5.81400,3593.304,4.465,13.000,1.5162,55,110,55,55,49
15,falling,15,273.0,,195.000,131.423,0.00000,3.98536,3.98536,0.000000,0.000000,0,0,5.81400,3593.304,4.465,13.000,1.5162,55,110,55,55,49
15,falling,16,290.0,,195.000,135.715,0.00000,4.20771,4.20771,0.000000,0.000000,0,0,5.81400,3593.304,4.465,13.000,1.5162,55,110,55,55,49
15,falling,17,306.0,,195.000,139.952,0.00000,4.41379,4.41379,0.000000,0.000000,0,0,5.81400,3593.304,4.465,13.000,1.5162,55,110,55,55,49
15,falling,18,323.0,,195.000,144.674,0.00000,4.62959,4.62959,0.000000,0.000000,0,0,5.81400,3593.304,4.465,13.000,1.5162,55,110,55,55,49
15,falling,19,340.0,,195.000,149.311,0.00000,4.82959,4.82959,0.000000,0.000000,0,0,5.81400,3593.304,4.465,13.000,1.5162,55,110,55,55,49
15,falling,20,356.0,,195.000,154.450,0.00000,5.03903,5.03903,0.000000,0.000000,0,0,5.81400,3593.304,4.465,13.000,1.5162,55,110,55,55,49
15,falling,21,373.0,,195.000,159.801,0.00000,5.24527,5.24527,0.000000,0.000000,0,0,5.81400,3593.304,4.465,13.000,1.5162,55,110,55,55,49
15,falling,22,390.0,,195.000,165.019,0.00000,5.43640,5.43640,0.000000,0.000000,0,0,5.81400,3593.304,4.465,13.000,1.5162,55,110,55,55,49
15,falling,23,406.0,,195.000,170.769,0.00000,5.63656,5.63656,0.000000,0.000000,0,0,5.81400,3593.304,4.465,13.000,1.5162,55,110,55,55,49
15,falling,24,423.0,,195.000,176.719,0.00000,5.83365,5.83365,0.000000,0.000000,0,0,5.81400,3593.304,4.465,13.000,1.5162,55,110,55,55,49
15,falling,25,440.0,,195.000,182.495,0.00000,6.01632,6.01632,0.000000,0.000000,0,0,5.81400,3593.304,4.465,13.000,1.5162,55,110,55,55,49
15,falling,26,456.0,,195.000,188.827,0.00000,6.20760,6.20760,0.000000,0.000000,0,0,5.81400,3593.304,4.465,13.000,1.5162,55,110,55,55,49
15,falling,27,473.0,,195.000,195.350,0.00000,6.39596,6.39596,0.000000,0.000000,0,0,5.81400,3593.304,4.465,13.000,1.5162,55,110,55,55,49
15,falling,28,490.0,,195.000,201.658,0.00000,6.57052,6.57052,0.000000,0.000000,0,0,5.81400,3593.304,4.465,13.000,1.5162,55,110,55,55,49
15,falling,29,506.0,,195.000,208.546,0.00000,6.75333,6.75333,0.000000,0.000000,0,0,5.81400,3593.304,4.465,13.000,1.5162,55,110,55,55,49
15,falling,30,523.0,,195.000,215.618,0.00000,6.93333,6.93333,0.000000,0.000000,0,0,5.81400,3593.304,4.465,13.000,1.5162,55,110,55,55,49
15,falling,31,540.0,,195.000,222.435,0.00000,7.10016,7.10016,0.000000,0.000000,0,0,5.81400,3593.304,4.465,13.000,1.5162,55,110,55,55,49
15,falling,32,556.0,,195.000,229.855,0.00000,7.27486,7.27486,0.000000,0.000000,0,0,5.81400,3593.304,4.465,13.000,1.5162,55,110,55,55,49
15,falling,33,573.0,,195.000,237.451,0.00000,7.44689,7.44689,0.000000,0.000000,0,0,5.81400,3593.304,4.465,13.000,1.5162,55,110,55,55,49
15,falling,34,590.0,,195.000,244.753,0.00000,7.60632,7.60632,0.000000,0.000000,0,0,5.81400,3593.304,4.465,13.000,1.5162,55,110,55,55,49
15,falling,35,606.0,,195.000,252.682,0.00000,7.77328,7.77328,0.000000,0.000000,0,0,5.81400,3593.304,4.465,13.000,1.5162,55,110,55,55,49
15,falling,36,623.0,,195.000,260.778,0.00000,7.93768,7.93768,0.000000,0.000000,0,0,5.81400,3593.304,4.465,13.000,1.5162,55,110,55,55,49
15,falling,37,640.0,,195.000,268.545,0.00000,8.09004,8.09004,0.000000,0.000000,0,0,5.81400,3593.304,4.465,13.000,1.5162,55,110,55,55,49
15,falling,38,656.0,,195.000,276.959,0.00000,8.24960,8.24960,0.000000,0.000000,0,0,5.81400,3593.304,4.465,13.000,1.5162,55,110,55,55,49
15,falling,39,673.0,,195.000,285.534,0.00000,8.40671,8.40671,0.000000,0.000000,0,0,5.81400,3593.304,4.465,13.000,1.5162,55,110,55,55,49
15,falling,40,690.0,,195.000,293.744,0.00000,8.55232,8.55232,0.000000,0.000000,0,0,5.81400,3593.304,4.465,13.000,1.5162,55,110,55,55,49
15,falling,41,706.0,,195.000,302.623,0.00000,8.70481,8.70481,0.000000,0.000000,0,0,5.81400,3593.304,4.465,13.000,1.5162,55,110,55,55,49
15,falling,42,723.0,,195.000,311.655,0.00000,8.85496,8.85496,0.000000,0.000000,0,0,5.81400,3593.304,4.465,13.000,1.5162,55,110,55,55,49
15,falling,43,739.0,,195.000,320.289,0.00000,8.99411,8.99411,0.000000,0.000000,0,0,5.81400,3593.304,4.465,13.000,1.5162,55,110,55,55,49
15,falling,44,756.0,,195.000,329.612,0.00000,9.13983,9.13983,0.000000,0.000000,0,0,5.81400,3593.304,4.465,13.000,1.5162,55,110,55,55,49
15,falling,45,773.0,,195.000,339.081,0.00000,9.28333,9.28333,0.000000,0.000000,0,0,5.81400,3593.304,4.465,13.000,1.5162,55,110,55,55,49
15,falling,46,789.0,,195.000,348.121,0.00000,9.41631,9.41631,0.000000,0.000000,0,0,5.81400,3593.304,4.465,13.000,1.5162,55,110,55,55,49
15,falling,47,806.0,,195.000,357.867,0.00000,9.55558,9.55558,0.000000,0.000000,0,0,5.81400,3593.304,4.465,13.000,1.5162,55,110,55,55,49
15,falling,48,823.0,,195.000,367.754,0.00000,9.69271,9.69271,0.000000,0.000000,0,0,5.81400,3593.304,4.465,13.000,1.5162,55,110,55,55,49
15,falling,49,839.0,,195.000,377.181,0.00000,9.81980,9.81980,0.000000,0.000000,0,0,5.81400,3593.304,4.465,13.000,1.5162,55,110,55,55,49
15,falling,50,856.0,,195.000,387.333,0.00000,9.95289,9.95289,0.000000,0.000000,0,0,5.81400,3593.304,4.465,13.000,1.5162,55,110,55,55,49
15,falling,51,873.0,,195.000,397.619,0.00000,10.08395,10.08395,0.000000,0.000000,0,0,5.81400,3593.304,4.465,13.000,1.5162,55,110,55,55,49
15,falling,52,889.0,,195.000,407.416,0.00000,10.20541,10.20541,0.000000,0.000000,0,0,5.81400,3593.304,4.465,13.000,1.5162,55,110,55,55,49
15,falling,53,906.0,,195.000,417.955,0.00000,10.33260,10.33260,0.000000,0.000000,0,0,5.81400,3593.304,4.465,13.000,1.5162,55,110,55,55,49
15,falling,54,923.0,,195.000,428.622,0.00000,10.45784,10.45784,0.000000,0.000000,0,0,5.81400,3593.304,4.465,13.000,1.5162,55,110,55,55,49
15,falling,55,939.0,,195.000,438.773,0.00000,10.57391,10.57391,0.000000,0.000000,0,0,5.81400,3593.304,4.465,13.000,1.5162,55,110,55,55,49
15,falling,56,956.0,,195.000,449.682,0.00000,10.69547,10.69547,0.000000,0.000000,0,0,5.81400,3593.304,4.465,13.000,1.5162,55,110,55,55,49
15,falling,57,973.0,,195.000,460.714,0.00000,10.81516,10.81516,0.000000,0.000000,0,0,5.81400,3593.304,4.465,13.000,1.5162,55,110,55,55,49
15,falling,58,989.0,,195.000,471.203,0.00000,10.92609,10.92609,0.000000,0.000000,0,0,5.81400,3593.304,4.465,13.000,1.5162,55,110,55,55,49
15,falling,59,1006.0,,195.000,482.466,0.00000,11.04225,11.04225,0.000000,0.000000,0,0,5.81400,3593.304,4.465,13.000,1.5162,55,110,55,55,49
15,post_landing,60,1023.0,60,195.000,488.618,-0.11260,-0.01672,0.11383,-0.011251,0.000000,0,1,5.81400,3593.304,4.465,13.000,1.5162,55,110,55,55,49
15,post_landing,61,1040.0,60,194.893,486.026,-0.16786,0.00000,0.16786,-0.004289,-0.010646,0,1,5.81400,3593.304,4.465,13.000,1.5162,55,110,55,55,49
15,post_landing,62,1056.0,60,194.725,483.790,-0.53740,0.09156,0.54515,0.008201,-0.014954,0,1,5.81400,3593.304,4.465,13.000,1.5162,55,110,55,55,49
15,post_landing,63,1073.0,60,194.185,483.694,-0.36177,0.04251,0.36426,-0.002400,-0.006717,0,1,5.81400,3593.304,4.465,13.000,1.5162,55,110,55,55,49
15,post_landing,64,1090.0,60,193.843,483.214,-0.19789,-0.01345,0.19834,-0.007971,-0.008987,0,1,5.81400,3593.304,4.465,13.000,1.5162,55,110,55,55,49
15,post_landing,65,1106.0,60,193.644,483.306,-0.11360,-0.02451,0.11622,-0.008462,-0.016994,0,1,5.81400,3593.304,4.465,13.000,1.5162,55,110,55,55,49
15,post_landing,66,1123.0,60,193.530,483.416,-0.09343,-0.07652,0.12077,-0.012984,-0.025493,0,1,5.81400,3593.304,4.465,13.000,1.5162,55,110,55,55,49
15,post_landing,67,1139.0,60,193.442,483.552,-0.11692,-0.05508,0.12925,-0.012932,-0.037778,0,1,5.81400,3593.304,4.465,13.000,1.5162,55,110,55,55,49
15,post_landing,68,1156.0,60,193.324,483.717,-0.23042,-0.09883,0.25072,-0.010342,-0.050767,0,1,5.81400,3593.304,4.465,13.000,1.5162,55,110,55,55,49
15,post_landing,69,1173.0,60,193.106,483.839,-0.10296,-0.01315,0.10380,-0.016649,-0.060552,0,1,5.81400,3593.304,4.465,13.000,1.5162,55,110,55,55,49
15,post_landing,70,1189.0,60,193.003,484.065,-0.14887,0.14814,0.21002,-0.011514,-0.077275,0,1,5.81400,3593.304,4.465,13.000,1.5162,55,110,55,55,49
15,post_landing,71,1206.0,60,192.853,484.241,-0.18826,0.15081,0.24122,-0.010539,-0.088839,0,1,5.81400,3593.304,4.465,13.000,1.5162,55,110,55,55,49
15,post_landing,72,1223.0,60,192.675,484.381,-0.21544,0.14786,0.26130,-0.010197,-0.098811,0,1,5.81400,3593.304,4.465,13.000,1.5162,55,110,55,55,49
15,post_landing,73,1239.0,60,192.459,484.535,-0.23717,0.15339,0.28245,-0.010325,-0.109052,0,1,5.81400,3593.304,4.465,13.000,1.5162,55,110,55,55,49
15,post_landing,74,1256.0,60,192.220,484.690,-0.25534,0.16062,0.30166,-0.010562,-0.119422,0,1,5.81400,3593.304,4.465,13.000,1.5162,55,110,55,55,49
15,post_landing,75,1273.0,60,191.979,484.840,-0.27005,0.16578,0.31688,-0.010663,-0.129416,0,1,5.81400,3593.304,4.465,13.000,1.5162,55,110,55,55,49
15,post_landing,76,1289.0,60,191.708,485.013,-0.28365,0.17581,0.33372,-0.011011,-0.140126,0,1,5.81400,3593.304,4.465,13.000,1.5162,55,110,55,55,49
15,post_landing,77,1306.0,60,191.423,485.191,-0.29604,0.18555,0.34939,-0.011353,-0.151186,0,1,5.81400,3593.304,4.465,13.000,1.5162,55,110,55,55,49
15,post_landing,78,1323.0,60,191.143,485.365,-0.30636,0.19192,0.36151,-0.011486,-0.161928,0,1,5.81400,3593.304,4.465,13.000,1.5162,55,110,55,55,49
15,post_landing,79,1339.0,60,190.835,485.564,-0.31644,0.20313,0.37602,-0.011840,-0.173465,0,1,5.81400,3593.304,4.465,13.000,1.5162,55,110,55,55,49
15,post_landing,80,1356.0,60,190.517,485.771,-0.32586,0.21371,0.38969,-0.012172,-0.185357,0,1,5.81400,3593.304,4.465,13.000,1.5162,55,110,55,55,49
15,post_landing,81,1373.0,60,190.209,485.971,-0.33362,0.22036,0.39982,-0.012280,-0.196874,0,1,5.81400,3593.304,4.465,13.000,1.5162,55,110,55,55,49
15,post_landing,82,1389.0,60,189.874,486.199,-0.34138,0.23221,0.41287,-0.012611,-0.209207,0,1,5.81400,3593.304,4.465,13.000,1.5162,55,110,55,55,49
15,post_landing,83,1406.0,60,189.531,486.435,-0.34871,0.24334,0.42523,-0.012920,-0.221874,0,1,5.81400,3593.304,4.465,13.000,1.5162,55,110,55,55,49
15,post_landing,84,1423.0,60,189.201,486.664,-0.35455,0.25007,0.43386,-0.012998,-0.234099,0,1,5.81400,3593.304,4.465,13.000,1.5162,55,110,55,55,49
15,post_landing,85,1439.0,60,188.845,486.922,-0.36049,0.26242,0.44589,-0.013306,-0.247154,0,1,5.81400,3593.304,4.465,13.000,1.5162,55,110,55,55,49
15,post_landing,86,1456.0,60,188.483,487.189,-0.36611,0.27399,0.45728,-0.013592,-0.260519,0,1,5.81400,3593.304,4.465,13.000,1.5162,55,110,55,55,49
15,post_landing,87,1473.0,60,188.136,487.447,-0.37033,0.28067,0.46468,-0.013641,-0.273379,0,1,5.81400,3593.304,4.465,13.000,1.5162,55,110,55,55,49
15,post_landing,88,1489.0,60,187.764,487.736,-0.37469,0.29341,0.47590,-0.013927,-0.287079,0,1,5.81400,3593.304,4.465,13.000,1.5162,55,110,55,55,49
15,post_landing,89,1506.0,60,187.388,488.034,-0.37879,0.30531,0.48652,-0.014190,-0.301067,0,1,5.81400,3593.304,4.465,13.000,1.5162,55,110,55,55,49
15,post_landing,90,1523.0,60,187.030,488.322,-0.38158,0.31185,0.49280,-0.014212,-0.314493,0,1,5.81400,3593.304,4.465,13.000,1.5162,55,110,55,55,49
15,post_landing,91,1539.0,60,186.646,488.643,-0.38448,0.32484,0.50334,-0.014477,-0.328767,0,1,5.81400,3593.304,4.465,13.000,1.5162,55,110,55,55,49
15,post_landing,92,1556.0,60,186.260,488.973,-0.38718,0.33694,0.51326,-0.014718,-0.343308,0,1,5.81400,3593.304,4.465,13.000,1.5162,55,110,55,55,49
15,post_landing,93,1573.0,60,185.894,489.290,-0.38863,0.34322,0.51849,-0.014715,-0.357234,0,1,5.81400,3593.304,4.465,13.000,1.5162,55,110,55,55,49
15,post_landing,94,1589.0,60,185.503,489.643,-0.39016,0.35631,0.52838,-0.014960,-0.372013,0,1,5.81400,3593.304,4.465,13.000,1.5162,55,110,55,55,49
15,post_landing,95,1606.0,60,185.112,490.161,-0.26427,-0.04651,0.26833,-0.007062,-0.387039,0,1,5.81400,3593.304,4.465,13.000,1.5162,55,110,55,55,49
15,post_landing,96,1623.0,60,184.861,490.278,-0.17344,-0.03771,0.17749,-0.004717,-0.393721,0,1,5.81400,3593.304,4.465,13.000,1.5162,55,110,55,55,49
15,post_landing,97,1639.0,60,184.687,490.339,-0.09699,-0.02038,0.09911,-0.002578,-0.398458,0,1,5.81400,3593.304,4.465,13.000,1.5162,55,110,55,55,49
15,post_landing,98,1656.0,60,184.590,490.343,-0.03113,0.00000,0.03113,-0.000811,-0.401048,0,1,5.81400,3593.304,4.465,13.000,1.5162,55,110,55,55,49
15,post_landing,99,1673.0,60,184.560,490.341,0.04963,0.00000,0.04963,-0.000898,-0.401815,0,1,5.81400,3593.304,4.465,13.000,1.5162,55,110,55,55,49
15,post_landing,100,1689.0,60,184.610,490.345,-0.03121,-0.13180,0.13545,0.000000,-0.402717,0,1,5.81400,3593.304,4.465,13.000,1.5162,55,110,55,55,49
15,post_landing,101,1706.0,60,184.579,490.336,0.19961,-0.02506,0.20118,-0.007003,-0.402717,0,1,5.81400,3593.304,4.465,13.000,1.5162,55,110,55,55,49
15,post_landing,102,1723.0,60,184.768,490.338,0.15690,-0.01773,0.15790,-0.001751,-0.409342,0,1,5.81400,3593.304,4.465,13.000,1.5162,55,110,55,55,49
15,post_landing,103,1739.0,60,184.925,490.342,1.43722,-0.48344,1.51635,-0.039770,-0.411101,0,1,5.81400,3593.304,4.465,13.000,1.5162,55,110,55,55,49
15,post_landing,104,1756.0,60,186.369,489.947,0.65296,-0.11770,0.66348,-0.002946,-0.451046,0,1,5.81400,3593.304,4.465,13.000,1.5162,55,110,55,55,49
15,post_landing,105,1773.0,60,186.987,489.786,0.50473,0.04687,0.50690,0.002853,-0.453833,0,1,5.81400,3593.304,4.465,13.000,1.5162,55,110,55,55,49
15,post_landing,106,1789.0,60,187.494,489.823,0.41392,0.05060,0.41700,0.006882,-0.450968,0,1,5.81400,3593.304,4.465,13.000,1.5162,55,110,55,55,49
15,post_landing,107,1806.0,60,187.909,489.881,0.40512,0.05913,0.40942,0.006834,-0.444056,0,1,5.81400,3593.304,4.465,13.000,1.5162,55,110,55,55,49
15,post_landing,108,1823.0,60,188.293,489.934,0.31251,0.06128,0.31846,0.010308,-0.437589,0,1,5.81400,3593.304,4.465,13.000,1.5162,55,110,55,55,49
15,post_landing,109,1839.0,60,188.607,490.121,0.73370,-0.03969,0.73477,-0.005243,-0.427236,0,1,5.81400,3593.304,4.465,13.000,1.5162,55,110,55,55,49
15,post_landing,110,1856.0,60,189.344,490.089,0.97624,-0.12566,0.98429,-0.010457,-0.432502,0,1,5.81400,3593.304,4.465,13.000,1.5162,55,110,55,55,49
15,post_landing,111,1872.0,60,190.267,490.008,0.66798,0.01320,0.66811,0.002568,-0.442396,0,1,5.81400,3593.304,4.465,13.000,1.5162,55,110,55,55,49
15,post_landing,112,1889.0,60,190.938,490.033,0.21065,-0.05097,0.21673,0.023728,-0.439817,0,1,5.81400,3593.304,4.465,13.000,1.5162,55,110,55,55,49
15,post_landing,113,1906.0,60,191.150,490.127,0.13551,0.17447,0.22091,0.020745,-0.415986,0,1,5.81400,3593.304,4.465,13.000,1.5162,55,110,55,55,49
15,post_landing,114,1922.0,60,191.278,490.339,0.07612,-0.03670,0.08451,0.002335,-0.396357,0,1,5.81400,3593.304,4.465,13.000,1.5162,55,110,55,55,49
15,post_landing,115,1939.0,60,191.354,490.345,-0.01647,0.00000,0.01647,-0.000889,-0.394012,0,1,5.81400,3593.304,4.465,13.000,1.5162,55,110,55,55,49
15,post_landing,116,1956.0,60,191.338,490.347,0.01069,0.00000,0.01069,0.000000,-0.394905,0,1,5.81400,3593.304,4.465,13.000,1.5162,55,110,55,55,49
15,post_landing,117,1972.0,60,191.348,490.343,-0.00017,0.00000,0.00017,0.000000,-0.394905,0,1,5.81400,3593.304,4.465,13.000,1.5162,55,110,55,55,49
15,post_landing,118,1989.0,60,191.348,490.347,-0.00070,0.00000,0.00070,0.000000,-0.394905,0,1,5.81400,3593.304,4.465,13.000,1.5162,55,110,55,55,49
15,post_landing,119,2006.0,60,191.347,490.343,0.00192,0.00000,0.00192,0.000000,-0.394905,0,1,5.81400,3593.304,4.465,13.000,1.5162,55,110,55,55,49
16,falling,0,28.0,,195.000,97.029,0.00000,0.55000,0.55000,0.000000,0.000000,0,0,3.30600,3597.108,6.323,12.000,2.0291,49,98,49,49,48
16,falling,1,43.0,,195.000,97.742,0.00000,0.79258,0.79258,0.000000,0.000000,0,0,3.30600,3597.108,6.323,12.000,2.0291,49,98,49,49,48
16,falling,2,59.0,,195.000,98.748,0.00000,1.04783,1.04783,0.000000,0.000000,0,0,3.30600,3597.108,6.323,12.000,2.0291,49,98,49,49,48
16,falling,3,76.0,,195.000,100.090,0.00000,1.31513,1.31513,0.000000,0.000000,0,0,3.30600,3597.108,6.323,12.000,2.0291,49,98,49,49,48
16,falling,4,93.0,,195.000,101.590,0.00000,1.56286,1.56286,0.000000,0.000000,0,0,3.30600,3597.108,6.323,12.000,2.0291,49,98,49,49,48
16,falling,5,109.0,,195.000,103.449,0.00000,1.82228,1.82228,0.000000,0.000000,0,0,3.30600,3597.108,6.323,12.000,2.0291,49,98,49,49,48
16,falling,6,126.0,,195.000,105.568,0.00000,2.07773,2.07773,0.000000,0.000000,0,0,3.30600,3597.108,6.323,12.000,2.0291,49,98,49,49,48
16,falling,7,143.0,,195.000,107.944,0.00000,2.32928,2.32928,0.000000,0.000000,0,0,3.30600,3597.108,6.323,12.000,2.0291,49,98,49,49,48
16,falling,8,159.0,,195.000,110.404,0.00000,2.56240,2.56240,0.000000,0.000000,0,0,3.30600,3597.108,6.323,12.000,2.0291,49,98,49,49,48
16,falling,9,176.0,,195.000,113.266,0.00000,2.80653,2.80653,0.000000,0.000000,0,0,3.30600,3597.108,6.323,12.000,2.0291,49,98,49,49,48
16,falling,10,193.0,,195.000,116.178,0.00000,3.03278,3.03278,0.000000,0.000000,0,0,3.30600,3597.108,6.323,12.000,2.0291,49,98,49,49,48
16,falling,11,209.0,,195.000,119.513,0.00000,3.26972,3.26972,0.000000,0.000000,0,0,3.30600,3597.108,6.323,12.000,2.0291,49,98,49,49,48
16,falling,12,226.0,,195.000,123.086,0.00000,3.50302,3.50302,0.000000,0.000000,0,0,3.30600,3597.108,6.323,12.000,2.0291,49,98,49,49,48
16,falling,13,243.0,,195.000,126.657,0.00000,3.71924,3.71924,0.000000,0.000000,0,0,3.30600,3597.108,6.323,12.000,2.0291,49,98,49,49,48
16,falling,14,259.0,,195.000,130.681,0.00000,3.94567,3.94567,0.000000,0.000000,0,0,3.30600,3597.108,6.323,12.000,2.0291,49,98,49,49,48
16,falling,15,276.0,,195.000,134.933,0.00000,4.16864,4.16864,0.000000,0.000000,0,0,3.30600,3597.108,6.323,12.000,2.0291,49,98,49,49,48
16,falling,16,293.0,,195.000,139.133,0.00000,4.37528,4.37528,0.000000,0.000000,0,0,3.30600,3597.108,6.323,12.000,2.0291,49,98,49,49,48
16,falling,17,309.0,,195.000,143.817,0.00000,4.59167,4.59167,0.000000,0.000000,0,0,3.30600,3597.108,6.323,12.000,2.0291,49,98,49,49,48
16,falling,18,326.0,,195.000,148.718,0.00000,4.80475,4.80475,0.000000,0.000000,0,0,3.30600,3597.108,6.323,12.000,2.0291,49,98,49,49,48
16,falling,19,343.0,,195.000,153.520,0.00000,5.00223,5.00223,0.000000,0.000000,0,0,3.30600,3597.108,6.323,12.000,2.0291,49,98,49,49,48
16,falling,20,359.0,,195.000,158.833,0.00000,5.20903,5.20903,0.000000,0.000000,0,0,3.30600,3597.108,6.323,12.000,2.0291,49,98,49,49,48
16,falling,21,376.0,,195.000,164.354,0.00000,5.41266,5.41266,0.000000,0.000000,0,0,3.30600,3597.108,6.323,12.000,2.0291,49,98,49,49,48
16,falling,22,393.0,,195.000,169.731,0.00000,5.60139,5.60139,0.000000,0.000000,0,0,3.30600,3597.108,6.323,12.000,2.0291,49,98,49,49,48
16,falling,23,409.0,,195.000,175.646,0.00000,5.79902,5.79902,0.000000,0.000000,0,0,3.30600,3597.108,6.323,12.000,2.0291,49,98,49,49,48
16,falling,24,426.0,,195.000,181.760,0.00000,5.99363,5.99363,0.000000,0.000000,0,0,3.30600,3597.108,6.323,12.000,2.0291,49,98,49,49,48
16,falling,25,443.0,,195.000,187.687,0.00000,6.17398,6.17398,0.000000,0.000000,0,0,3.30600,3597.108,6.323,12.000,2.0291,49,98,49,49,48
16,falling,26,459.0,,195.000,194.177,0.00000,6.36286,6.36286,0.000000,0.000000,0,0,3.30600,3597.108,6.323,12.000,2.0291,49,98,49,49,48
16,falling,27,476.0,,195.000,200.857,0.00000,6.54884,6.54884,0.000000,0.000000,0,0,3.30600,3597.108,6.323,12.000,2.0291,49,98,49,49,48
16,falling,28,492.0,,195.000,207.309,0.00000,6.72120,6.72120,0.000000,0.000000,0,0,3.30600,3597.108,6.323,12.000,2.0291,49,98,49,49,48
16,falling,29,509.0,,195.000,214.349,0.00000,6.90170,6.90170,0.000000,0.000000,0,0,3.30600,3597.108,6.323,12.000,2.0291,49,98,49,49,48
16,falling,30,526.0,,195.000,221.570,0.00000,7.07944,7.07944,0.000000,0.000000,0,0,3.30600,3597.108,6.323,12.000,2.0291,49,98,49,49,48
16,falling,31,542.0,,195.000,228.524,0.00000,7.24416,7.24416,0.000000,0.000000,0,0,3.30600,3597.108,6.323,12.000,2.0291,49,98,49,49,48
16,falling,32,559.0,,195.000,236.089,0.00000,7.41666,7.41666,0.000000,0.000000,0,0,3.30600,3597.108,6.323,12.000,2.0291,49,98,49,49,48
16,falling,33,576.0,,195.000,243.828,0.00000,7.58652,7.58652,0.000000,0.000000,0,0,3.30600,3597.108,6.323,12.000,2.0291,49,98,49,49,48
16,falling,34,592.0,,195.000,251.262,0.00000,7.74394,7.74394,0.000000,0.000000,0,0,3.30600,3597.108,6.323,12.000,2.0291,49,98,49,49,48
16,falling,35,609.0,,195.000,259.329,0.00000,7.90879,7.90879,0.000000,0.000000,0,0,3.30600,3597.108,6.323,12.000,2.0291,49,98,49,49,48
16,falling,36,626.0,,195.000,267.561,0.00000,8.07112,8.07112,0.000000,0.000000,0,0,3.30600,3597.108,6.323,12.000,2.0291,49,98,49,49,48
16,falling,37,642.0,,195.000,275.454,0.00000,8.22156,8.22156,0.000000,0.000000,0,0,3.30600,3597.108,6.323,12.000,2.0291,49,98,49,49,48
16,falling,38,659.0,,195.000,284.001,0.00000,8.37910,8.37910,0.000000,0.000000,0,0,3.30600,3597.108,6.323,12.000,2.0291,49,98,49,49,48
16,falling,39,676.0,,195.000,292.706,0.00000,8.53424,8.53424,0.000000,0.000000,0,0,3.30600,3597.108,6.323,12.000,2.0291,49,98,49,49,48
16,falling,40,692.0,,195.000,301.036,0.00000,8.67801,8.67801,0.000000,0.000000,0,0,3.30600,3597.108,6.323,12.000,2.0291,49,98,49,49,48
16,falling,41,709.0,,195.000,310.042,0.00000,8.82857,8.82857,0.000000,0.000000,0,0,3.30600,3597.108,6.323,12.000,2.0291,49,98,49,49,48
16,falling,42,726.0,,195.000,319.198,0.00000,8.97683,8.97683,0.000000,0.000000,0,0,3.30600,3597.108,6.323,12.000,2.0291,49,98,49,49,48
16,falling,43,742.0,,195.000,327.948,0.00000,9.11423,9.11423,0.000000,0.000000,0,0,3.30600,3597.108,6.323,12.000,2.0291,49,98,49,49,48
16,falling,44,759.0,,195.000,337.391,0.00000,9.25811,9.25811,0.000000,0.000000,0,0,3.30600,3597.108,6.323,12.000,2.0291,49,98,49,49,48
16,falling,45,776.0,,195.000,346.979,0.00000,9.39980,9.39980,0.000000,0.000000,0,0,3.30600,3597.108,6.323,12.000,2.0291,49,98,49,49,48
16,falling,46,792.0,,195.000,356.129,0.00000,9.53111,9.53111,0.000000,0.000000,0,0,3.30600,3597.108,6.323,12.000,2.0291,49,98,49,49,48
16,falling,47,809.0,,195.000,365.991,0.00000,9.66861,9.66861,0.000000,0.000000,0,0,3.30600,3597.108,6.323,12.000,2.0291,49,98,49,49,48
16,falling,48,826.0,,195.000,375.991,0.00000,9.80402,9.80402,0.000000,0.000000,0,0,3.30600,3597.108,6.323,12.000,2.0291,49,98,49,49,48
16,falling,49,842.0,,195.000,385.523,0.00000,9.92951,9.92951,0.000000,0.000000,0,0,3.30600,3597.108,6.323,12.000,2.0291,49,98,49,49,48
16,falling,50,859.0,,195.000,395.785,0.00000,10.06092,10.06092,0.000000,0.000000,0,0,3.30600,3597.108,6.323,12.000,2.0291,49,98,49,49,48
16,falling,51,876.0,,195.000,405.561,0.00000,10.18271,10.18271,0.000000,0.000000,0,0,3.30600,3597.108,6.323,12.000,2.0291,49,98,49,49,48
16,falling,52,892.0,,195.000,416.077,0.00000,10.31025,10.31025,0.000000,0.000000,0,0,3.30600,3597.108,6.323,12.000,2.0291,49,98,49,49,48
16,falling,53,909.0,,195.000,426.721,0.00000,10.43583,10.43583,0.000000,0.000000,0,0,3.30600,3597.108,6.323,12.000,2.0291,49,98,49,49,48
16,falling,54,926.0,,195.000,436.852,0.00000,10.55222,10.55222,0.000000,0.000000,0,0,3.30600,3597.108,6.323,12.000,2.0291,49,98,49,49,48
16,falling,55,942.0,,195.000,447.739,0.00000,10.67411,10.67411,0.000000,0.000000,0,0,3.30600,3597.108,6.323,12.000,2.0291,49,98,49,49,48
16,falling,56,959.0,,195.000,458.749,0.00000,10.79413,10.79413,0.000000,0.000000,0,0,3.30600,3597.108,6.323,12.000,2.0291,49,98,49,49,48
16,falling,57,976.0,,195.000,469.880,0.00000,10.91231,10.91231,0.000000,0.000000,0,0,3.30600,3597.108,6.323,12.000,2.0291,49,98,49,49,48
16,falling,58,992.0,,195.000,480.461,0.00000,11.02184,11.02184,0.000000,0.000000,0,0,3.30600,3597.108,6.323,12.000,2.0291,49,98,49,49,48
16,falling,59,1009.0,,195.000,491.820,0.00000,11.13654,11.13654,0.000000,0.000000,0,0,3.30600,3597.108,6.323,12.000,2.0291,49,98,49,49,48
16,post_landing,60,1026.0,60,195.000,501.271,-0.89917,0.01376,0.89928,-0.018675,0.000000,0,1,3.30600,3597.108,6.323,12.000,2.0291,49,98,49,49,48
16,post_landing,61,1043.0,60,194.149,500.402,-0.50958,0.05094,0.51212,-0.010812,-0.017670,0,1,3.30600,3597.108,6.323,12.000,2.0291,49,98,49,49,48
16,post_landing,62,1059.0,60,193.637,500.060,-0.30694,0.06248,0.31324,-0.006563,-0.028530,0,1,3.30600,3597.108,6.323,12.000,2.0291,49,98,49,49,48
16,post_landing,63,1076.0,60,193.347,500.123,-0.20125,0.04130,0.20544,-0.004318,-0.034740,0,1,3.30600,3597.108,6.323,12.000,2.0291,49,98,49,49,48
16,post_landing,64,1092.0,60,193.145,500.171,-0.14558,0.03023,0.14869,-0.003133,-0.039077,0,1,3.30600,3597.108,6.323,12.000,2.0291,49,98,49,49,48
16,post_landing,65,1109.0,60,192.999,500.204,-0.11538,0.02409,0.11787,-0.002487,-0.042223,0,1,3.30600,3597.108,6.323,12.000,2.0291,49,98,49,49,48
16,post_landing,66,1126.0,60,192.889,500.228,-0.09694,0.04164,0.10551,-0.003886,-0.044577,0,1,3.30600,3597.108,6.323,12.000,2.0291,49,98,49,49,48
16,post_landing,67,1142.0,60,192.792,500.272,-0.11457,0.05012,0.12506,-0.004607,-0.048480,0,1,3.30600,3597.108,6.323,12.000,2.0291,49,98,49,49,48
16,post_landing,68,1159.0,60,192.677,500.322,-0.12908,0.05685,0.14105,-0.005205,-0.053107,0,1,3.30600,3597.108,6.323,12.000,2.0291,49,98,49,49,48
16,post_landing,69,1176.0,60,192.555,500.392,-0.13972,0.06183,0.15279,-0.005608,-0.058032,0,1,3.30600,3597.108,6.323,12.000,2.0291,49,98,49,49,48
16,post_landing,70,1192.0,60,192.415,500.459,-0.15007,0.06732,0.16448,-0.006041,-0.063664,0,1,3.30600,3597.108,6.323,12.000,2.0291,49,98,49,49,48
16,post_landing,71,1209.0,60,192.264,500.528,-0.15863,0.07219,0.17428,-0.006407,-0.069732,0,1,3.30600,3597.108,6.323,12.000,2.0291,49,98,49,49,48
16,post_landing,72,1226.0,60,192.114,500.592,-0.16366,0.07555,0.18026,-0.006633,-0.075795,0,1,3.30600,3597.108,6.323,12.000,2.0291,49,98,49,49,48
16,post_landing,73,1242.0,60,191.949,500.673,-0.17005,0.07974,0.18782,-0.006917,-0.082457,0,1,3.30600,3597.108,6.323,12.000,2.0291,49,98,49,49,48
16,post_landing,74,1259.0,60,191.779,500.753,-0.17541,0.08359,0.19431,-0.007164,-0.089404,0,1,3.30600,3597.108,6.323,12.000,2.0291,49,98,49,49,48
16,post_landing,75,1276.0,60,191.613,500.829,-0.17783,0.08608,0.19757,-0.007291,-0.096182,0,1,3.30600,3597.108,6.323,12.000,2.0291,49,98,49,49,48
16,post_landing,76,1292.0,60,191.434,500.920,-0.18214,0.08966,0.20301,-0.007500,-0.103505,0,1,3.30600,3597.108,6.323,12.000,2.0291,49,98,49,49,48
16,post_landing,77,1309.0,60,191.251,501.011,-0.18583,0.09305,0.20782,-0.007687,-0.111038,0,1,3.30600,3597.108,6.323,12.000,2.0291,49,98,49,49,48
16,post_landing,78,1326.0,60,191.075,501.095,-0.18683,0.09510,0.20964,-0.007762,-0.118311,0,1,3.30600,3597.108,6.323,12.000,2.0291,49,98,49,49,48
16,post_landing,79,1342.0,60,190.888,501.195,-0.19003,0.09843,0.21401,-0.007933,-0.126108,0,1,3.30600,3597.108,6.323,12.000,2.0291,49,98,49,49,48
16,post_landing,80,1359.0,60,190.697,501.445,-0.18305,0.05719,0.19178,-0.007630,-0.134076,0,1,3.30600,3597.108,6.323,12.000,2.0291,49,98,49,49,48
16,post_landing,81,1376.0,60,190.523,501.523,-0.17127,0.05498,0.17987,-0.007219,-0.141295,0,1,3.30600,3597.108,6.323,12.000,2.0291,49,98,49,49,48
16,post_landing,82,1392.0,60,190.351,501.601,-0.16416,0.05393,0.17279,-0.006953,-0.148546,0,1,3.30600,3597.108,6.323,12.000,2.0291,49,98,49,49,48
16,post_landing,83,1409.0,60,190.187,501.674,-0.15877,0.05331,0.16748,-0.006755,-0.155529,0,1,3.30600,3597.108,6.323,12.000,2.0291,49,98,49,49,48
16,post_landing,84,1426.0,60,190.036,501.737,-0.15326,0.05249,0.16200,-0.006549,-0.161921,0,1,3.30600,3597.108,6.323,12.000,2.0291,49,98,49,49,48
16,post_landing,85,1442.0,60,189.882,501.811,-0.15058,0.05261,0.15950,-0.006463,-0.168499,0,1,3.30600,3597.108,6.323,12.000,2.0291,49,98,49,49,48
16,post_landing,86,1459.0,60,189.731,501.881,-0.14869,0.05298,0.15784,-0.006411,-0.174990,0,1,3.30600,3597.108,6.323,12.000,2.0291,49,98,49,49,48
16,post_landing,87,1476.0,60,189.590,501.943,-0.14590,0.05294,0.15521,-0.006317,-0.181056,0,1,3.30600,3597.108,6.323,12.000,2.0291,49,98,49,49,48
16,post_landing,88,1492.0,60,189.444,502.017,-0.14543,0.05378,0.15506,-0.006325,-0.187401,0,1,3.30600,3597.108,6.323,12.000,2.0291,49,98,49,49,48
16,post_landing,89,1509.0,60,189.298,502.087,-0.14516,0.05474,0.15514,-0.006350,-0.193754,0,1,3.30600,3597.108,6.323,12.000,2.0291,49,98,49,49,48
16,post_landing,90,1526.0,60,189.161,502.151,-0.14393,0.05515,0.15413,-0.006311,-0.199762,0,1,3.30600,3597.108,6.323,12.000,2.0291,49,98,49,49,48
16,post_landing,91,1542.0,60,189.016,502.227,-0.14481,0.05642,0.15541,-0.006365,-0.206101,0,1,3.30600,3597.108,6.323,12.000,2.0291,49,98,49,49,48
16,post_landing,92,1559.0,60,188.871,502.429,-0.00066,0.00000,0.00066,0.000000,-0.212494,0,1,3.30600,3597.108,6.323,12.000,2.0291,49,98,49,49,48
16,post_landing,93,1575.0,60,188.870,502.480,0.00071,0.00000,0.00071,0.000000,-0.212494,0,1,3.30600,3597.108,6.323,12.000,2.0291,49,98,49,49,48
16,post_landing,94,1592.0,60,188.871,502.487,-0.00002,0.00000,0.00002,0.000000,-0.212494,0,1,3.30600,3597.108,6.323,12.000,2.0291,49,98,49,49,48
16,post_landing,95,1609.0,60,188.871,502.488,-0.00000,0.00000,0.00000,0.000000,-0.212494,0,1,3.30600,3597.108,6.323,12.000,2.0291,49,98,49,49,48
16,post_landing,96,1625.0,60,188.871,502.484,0.00002,0.00000,0.00002,0.000000,-0.212494,0,1,3.30600,3597.108,6.323,12.000,2.0291,49,98,49,49,48
16,post_landing,97,1642.0,60,188.871,502.488,-0.00002,0.00000,0.00002,0.000000,-0.212494,0,1,3.30600,3597.108,6.323,12.000,2.0291,49,98,49,49,48
16,post_landing,98,1659.0,60,188.871,502.488,-0.00000,0.00000,0.00000,0.000000,-0.212494,0,1,3.30600,3597.108,6.323,12.000,2.0291,49,98,49,49,48
16,post_landing,99,1675.0,60,188.871,502.484,0.00002,0.00000,0.00002,0.000000,-0.212494,0,1,3.30600,3597.108,6.323,12.000,2.0291,49,98,49,49,48
16,post_landing,100,1692.0,60,188.871,502.488,-0.00002,0.00000,0.00002,0.000000,-0.212494,0,1,3.30600,3597.108,6.323,12.000,2.0291,49,98,49,49,48
16,post_landing,101,1709.0,60,188.871,502.488,-0.00000,0.00000,0.00000,0.000000,-0.212494,0,1,3.30600,3597.108,6.323,12.000,2.0291,49,98,49,49,48
16,post_landing,102,1725.0,60,188.871,502.484,0.00002,0.00000,0.00002,0.000000,-0.212494,0,1,3.30600,3597.108,6.323,12.000,2.0291,49,98,49,49,48
16,post_landing,103,1742.0,60,188.871,502.488,-0.00002,0.00000,0.00002,0.000000,-0.212494,0,1,3.30600,3597.108,6.323,12.000,2.0291,49,98,49,49,48
16,post_landing,104,1759.0,60,188.871,502.484,0.00002,0.00000,0.00002,0.000000,-0.212494,0,1,3.30600,3597.108,6.323,12.000,2.0291,49,98,49,49,48
16,post_landing,105,1775.0,60,188.871,502.488,-0.00002,0.00000,0.00002,0.000000,-0.212494,0,1,3.30600,3597.108,6.323,12.000,2.0291,49,98,49,49,48
16,post_landing,106,1792.0,60,188.871,502.488,-0.00000,0.00000,0.00000,0.000000,-0.212494,0,1,3.30600,3597.108,6.323,12.000,2.0291,49,98,49,49,48
16,post_landing,107,1809.0,60,188.871,502.484,0.00002,0.00000,0.00002,0.000000,-0.212494,0,1,3.30600,3597.108,6.323,12.000,2.0291,49,98,49,49,48
16,post_landing,108,1825.0,60,188.871,502.488,-0.00002,0.00000,0.00002,0.000000,-0.212494,0,1,3.30600,3597.108,6.323,12.000,2.0291,49,98,49,49,48
16,post_landing,109,1842.0,60,188.871,502.488,-0.00000,0.00000,0.00000,0.000000,-0.212494,0,1,3.30600,3597.108,6.323,12.000,2.0291,49,98,49,49,48
16,post_landing,110,1859.0,60,188.871,502.484,0.00002,0.00000,0.00002,0.000000,-0.212494,0,1,3.30600,3597.108,6.323,12.000,2.0291,49,98,49,49,48
16,post_landing,111,1875.0,60,188.871,502.488,-0.00002,0.00000,0.00002,0.000000,-0.212494,0,1,3.30600,3597.108,6.323,12.000,2.0291,49,98,49,49,48
16,post_landing,112,1892.0,60,188.871,502.488,-0.00000,0.00000,0.00000,0.000000,-0.212494,0,1,3.30600,3597.108,6.323,12.000,2.0291,49,98,49,49,48
16,post_landing,113,1909.0,60,188.871,502.484,0.00002,0.00000,0.00002,0.000000,-0.212494,0,1,3.30600,3597.108,6.323,12.000,2.0291,49,98,49,49,48
16,post_landing,114,1925.0,60,188.871,502.488,-0.00002,0.00000,0.00002,0.000000,-0.212494,0,1,3.30600,3597.108,6.323,12.000,2.0291,49,98,49,49,48
16,post_landing,115,1942.0,60,188.871,502.488,-0.00000,0.00000,0.00000,0.000000,-0.212494,0,1,3.30600,3597.108,6.323,12.000,2.0291,49,98,49,49,48
16,post_landing,116,1959.0,60,188.871,502.484,0.00002,0.00000,0.00002,0.000000,-0.212494,0,1,3.30600,3597.108,6.323,12.000,2.0291,49,98,49,49,48
16,post_landing,117,1975.0,60,188.871,502.488,-0.00002,0.00000,0.00002,0.000000,-0.212494,0,1,3.30600,3597.108,6.323,12.000,2.0291,49,98,49,49,48
16,post_landing,118,1992.0,60,188.871,502.488,-0.00000,0.00000,0.00000,0.000000,-0.212494,0,1,3.30600,3597.108,6.323,12.000,2.0291,49,98,49,49,48
16,post_landing,119,2009.0,60,188.871,502.484,0.00002,0.00000,0.00002,0.000000,-0.212494,0,1,3.30600,3597.108,6.323,12.000,2.0291,49,98,49,49,48
17,falling,0,19.0,,195.000,96.901,0.00000,0.51667,0.51667,0.000000,0.000000,0,0,5.48000,5629.969,2.731,19.000,1.4452,58,116,58,59,60
17,falling,1,22.0,,195.000,97.003,0.00000,0.56527,0.56527,0.000000,0.000000,0,0,5.48000,5629.969,2.731,19.000,1.4452,58,116,58,59,60
17,falling,2,38.0,,195.000,97.794,0.00000,0.82380,0.82380,0.000000,0.000000,0,0,5.48000,5629.969,2.731,19.000,1.4452,58,116,58,59,60
17,falling,3,55.0,,195.000,98.910,0.00000,1.09453,1.09453,0.000000,0.000000,0,0,5.48000,5629.969,2.731,19.000,1.4452,58,116,58,59,60
17,falling,4,72.0,,195.000,100.298,0.00000,1.36111,1.36111,0.000000,0.000000,0,0,5.48000,5629.969,2.731,19.000,1.4452,58,116,58,59,60
17,falling,5,90.0,,195.000,101.842,0.00000,1.60818,1.60818,0.000000,0.000000,0,0,5.48000,5629.969,2.731,19.000,1.4452,58,116,58,59,60
17,falling,6,105.0,,195.000,103.746,0.00000,1.86691,1.86691,0.000000,0.000000,0,0,5.48000,5629.969,2.731,19.000,1.4452,58,116,58,59,60
17,falling,7,122.0,,195.000,105.911,0.00000,2.12168,2.12168,0.000000,0.000000,0,0,5.48000,5629.969,2.731,19.000,1.4452,58,116,58,59,60
17,falling,8,138.0,,195.000,108.174,0.00000,2.35779,2.35779,0.000000,0.000000,0,0,5.48000,5629.969,2.731,19.000,1.4452,58,116,58,59,60
17,falling,9,155.0,,195.000,110.831,0.00000,2.60505,2.60505,0.000000,0.000000,0,0,5.48000,5629.969,2.731,19.000,1.4452,58,116,58,59,60
17,falling,10,172.0,,195.000,113.737,0.00000,2.84853,2.84853,0.000000,0.000000,0,0,5.48000,5629.969,2.731,19.000,1.4452,58,116,58,59,60
17,falling,11,188.0,,195.000,116.688,0.00000,3.07418,3.07418,0.000000,0.000000,0,0,5.48000,5629.969,2.731,19.000,1.4452,58,116,58,59,60
17,falling,12,205.0,,195.000,120.065,0.00000,3.31047,3.31047,0.000000,0.000000,0,0,5.48000,5629.969,2.731,19.000,1.4452,58,116,58,59,60
17,falling,13,222.0,,195.000,123.453,0.00000,3.52947,3.52947,0.000000,0.000000,0,0,5.48000,5629.969,2.731,19.000,1.4452,58,116,58,59,60
17,falling,14,238.0,,195.000,127.287,0.00000,3.75880,3.75880,0.000000,0.000000,0,0,5.48000,5629.969,2.731,19.000,1.4452,58,116,58,59,60
17,falling,15,255.0,,195.000,131.351,0.00000,3.98463,3.98463,0.000000,0.000000,0,0,5.48000,5629.969,2.731,19.000,1.4452,58,116,58,59,60
17,falling,16,272.0,,195.000,135.377,0.00000,4.19391,4.19391,0.000000,0.000000,0,0,5.48000,5629.969,2.731,19.000,1.4452,58,116,58,59,60
17,falling,17,288.0,,195.000,139.879,0.00000,4.41308,4.41308,0.000000,0.000000,0,0,5.48000,5629.969,2.731,19.000,1.4452,58,116,58,59,60
17,falling,18,305.0,,195.000,144.600,0.00000,4.62889,4.62889,0.000000,0.000000,0,0,5.48000,5629.969,2.731,19.000,1.4452,58,116,58,59,60
17,falling,19,322.0,,195.000,149.236,0.00000,4.82891,4.82891,0.000000,0.000000,0,0,5.48000,5629.969,2.731,19.000,1.4452,58,116,58,59,60
17,falling,20,338.0,,195.000,154.375,0.00000,5.03836,5.03836,0.000000,0.000000,0,0,5.48000,5629.969,2.731,19.000,1.4452,58,116,58,59,60
17,falling,21,355.0,,195.000,159.725,0.00000,5.24460,5.24460,0.000000,0.000000,0,0,5.48000,5629.969,2.731,19.000,1.4452,58,116,58,59,60
17,falling,22,372.0,,195.000,164.943,0.00000,5.43575,5.43575,0.000000,0.000000,0,0,5.48000,5629.969,2.731,19.000,1.4452,58,116,58,59,60
17,falling,23,388.0,,195.000,170.691,0.00000,5.63591,5.63591,0.000000,0.000000,0,0,5.48000,5629.969,2.731,19.000,1.4452,58,116,58,59,60
17,falling,24,405.0,,195.000,176.641,0.00000,5.83302,5.83302,0.000000,0.000000,0,0,5.48000,5629.969,2.731,19.000,1.4452,58,116,58,59,60
17,falling,25,422.0,,195.000,182.416,0.00000,6.01569,6.01569,0.000000,0.000000,0,0,5.48000,5629.969,2.731,19.000,1.4452,58,116,58,59,60
17,falling,26,438.0,,195.000,188.747,0.00000,6.20698,6.20698,0.000000,0.000000,0,0,5.48000,5629.969,2.731,19.000,1.4452,58,116,58,59,60
17,falling,27,455.0,,195.000,195.271,0.00000,6.39535,6.39535,0.000000,0.000000,0,0,5.48000,5629.969,2.731,19.000,1.4452,58,116,58,59,60
17,falling,28,472.0,,195.000,201.578,0.00000,6.56992,6.56992,0.000000,0.000000,0,0,5.48000,5629.969,2.731,19.000,1.4452,58,116,58,59,60
17,falling,29,488.0,,195.000,208.466,0.00000,6.75274,6.75274,0.000000,0.000000,0,0,5.48000,5629.969,2.731,19.000,1.4452,58,116,58,59,60
17,falling,30,505.0,,195.000,215.537,0.00000,6.93275,6.93275,0.000000,0.000000,0,0,5.48000,5629.969,2.731,19.000,1.4452,58,116,58,59,60
17,falling,31,522.0,,195.000,222.353,0.00000,7.09959,7.09959,0.000000,0.000000,0,0,5.48000,5629.969,2.731,19.000,1.4452,58,116,58,59,60
17,falling,32,538.0,,195.000,229.772,0.00000,7.27430,7.27430,0.000000,0.000000,0,0,5.48000,5629.969,2.731,19.000,1.4452,58,116,58,59,60
17,falling,33,555.0,,195.000,237.368,0.00000,7.44633,7.44633,0.000000,0.000000,0,0,5.48000,5629.969,2.731,19.000,1.4452,58,116,58,59,60
17,falling,34,572.0,,195.000,244.669,0.00000,7.60577,7.60577,0.000000,0.000000,0,0,5.48000,5629.969,2.731,19.000,1.4452,58,116,58,59,60
17,falling,35,588.0,,195.000,252.597,0.00000,7.77274,7.77274,0.000000,0.000000,0,0,5.48000,5629.969,2.731,19.000,1.4452,58,116,58,59,60
17,falling,36,605.0,,195.000,260.693,0.00000,7.93715,7.93715,0.000000,0.000000,0,0,5.48000,5629.969,2.731,19.000,1.4452,58,116,58,59,60
17,falling,37,622.0,,195.000,268.459,0.00000,8.08952,8.08952,0.000000,0.000000,0,0,5.48000,5629.969,2.731,19.000,1.4452,58,116,58,59,60
17,falling,38,638.0,,195.000,276.873,0.00000,8.24908,8.24908,0.000000,0.000000,0,0,5.48000,5629.969,2.731,19.000,1.4452,58,116,58,59,60
17,falling,39,655.0,,195.000,285.448,0.00000,8.40621,8.40621,0.000000,0.000000,0,0,5.48000,5629.969,2.731,19.000,1.4452,58,116,58,59,60
17,falling,40,671.0,,195.000,293.657,0.00000,8.55182,8.55182,0.000000,0.000000,0,0,5.48000,5629.969,2.731,19.000,1.4452,58,116,58,59,60
17,falling,41,688.0,,195.000,302.536,0.00000,8.70431,8.70431,0.000000,0.000000,0,0,5.48000,5629.969,2.731,19.000,1.4452,58,116,58,59,60
17,falling,42,705.0,,195.000,311.567,0.00000,8.85447,8.85447,0.000000,0.000000,0,0,5.48000,5629.969,2.731,19.000,1.4452,58,116,58,59,60
17,falling,43,722.0,,195.000,320.201,0.00000,8.99363,8.99363,0.000000,0.000000,0,0,5.48000,5629.969,2.731,19.000,1.4452,58,116,58,59,60
17,falling,44,738.0,,195.000,329.523,0.00000,9.13936,9.13936,0.000000,0.000000,0,0,5.48000,5629.969,2.731,19.000,1.4452,58,116,58,59,60
17,falling,45,755.0,,195.000,338.992,0.00000,9.28287,9.28287,0.000000,0.000000,0,0,5.48000,5629.969,2.731,19.000,1.4452,58,116,58,59,60
17,falling,46,771.0,,195.000,348.031,0.00000,9.41586,9.41586,0.000000,0.000000,0,0,5.48000,5629.969,2.731,19.000,1.4452,58,116,58,59,60
17,falling,47,788.0,,195.000,357.777,0.00000,9.55513,9.55513,0.000000,0.000000,0,0,5.48000,5629.969,2.731,19.000,1.4452,58,116,58,59,60
17,falling,48,805.0,,195.000,367.663,0.00000,9.69227,9.69227,0.000000,0.000000,0,0,5.48000,5629.969,2.731,19.000,1.4452,58,116,58,59,60
17,falling,49,821.0,,195.000,377.090,0.00000,9.81937,9.81937,0.000000,0.000000,0,0,5.48000,5629.969,2.731,19.000,1.4452,58,116,58,59,60
17,falling,50,838.0,,195.000,387.241,0.00000,9.95246,9.95246,0.000000,0.000000,0,0,5.48000,5629.969,2.731,19.000,1.4452,58,116,58,59,60
17,falling,51,855.0,,195.000,397.527,0.00000,10.08352,10.08352,0.000000,0.000000,0,0,5.48000,5629.969,2.731,19.000,1.4452,58,116,58,59,60
17,falling,52,871.0,,195.000,407.323,0.00000,10.20499,10.20499,0.000000,0.000000,0,0,5.48000,5629.969,2.731,19.000,1.4452,58,116,58,59,60
17,falling,53,888.0,,195.000,417.862,0.00000,10.33219,10.33219,0.000000,0.000000,0,0,5.48000,5629.969,2.731,19.000,1.4452,58,116,58,59,60
17,falling,54,905.0,,195.000,428.529,0.00000,10.45744,10.45744,0.000000,0.000000,0,0,5.48000,5629.969,2.731,19.000,1.4452,58,116,58,59,60
17,falling,55,921.0,,195.000,438.679,0.00000,10.57352,10.57352,0.000000,0.000000,0,0,5.48000,5629.969,2.731,19.000,1.4452,58,116,58,59,60
17,falling,56,938.0,,195.000,449.588,0.00000,10.69507,10.69507,0.000000,0.000000,0,0,5.48000,5629.969,2.731,19.000,1.4452,58,116,58,59,60
17,falling,57,955.0,,195.000,460.619,0.00000,10.81477,10.81477,0.000000,0.000000,0,0,5.48000,5629.969,2.731,19.000,1.4452,58,116,58,59,60
17,falling,58,971.0,,195.000,471.108,0.00000,10.92571,10.92571,0.000000,0.000000,0,0,5.48000,5629.969,2.731,19.000,1.4452,58,116,58,59,60
17,falling,59,988.0,,195.000,482.371,0.00000,11.04188,11.04188,0.000000,0.000000,0,0,5.48000,5629.969,2.731,19.000,1.4452,58,116,58,59,60
17,falling,60,1005.0,,195.000,493.750,0.00000,11.15627,11.15627,0.000000,0.000000,0,0,5.48000,5629.969,2.731,19.000,1.4452,58,116,58,59,60
17,post_landing,61,1022.0,61,195.000,498.968,-0.00079,0.00000,0.00079,0.000000,0.000000,0,1,5.48000,5629.969,2.731,19.000,1.4452,58,116,58,59,60
17,post_landing,62,1038.0,61,194.999,497.103,0.00045,0.00000,0.00045,0.000000,0.000000,0,1,5.48000,5629.969,2.731,19.000,1.4452,58,116,58,59,60
17,post_landing,63,1055.0,61,195.000,495.901,0.00129,0.00000,0.00129,0.000000,0.000000,0,1,5.48000,5629.969,2.731,19.000,1.4452,58,116,58,59,60
17,post_landing,64,1072.0,61,195.001,495.103,-0.01743,0.00000,0.01743,0.000000,0.000000,0,1,5.48000,5629.969,2.731,19.000,1.4452,58,116,58,59,60
17,post_landing,65,1088.0,61,194.983,494.603,-0.02435,0.00000,0.02435,0.000000,0.000000,0,1,5.48000,5629.969,2.731,19.000,1.4452,58,116,58,59,60
17,post_landing,66,1105.0,61,194.960,494.101,-0.03703,0.00000,0.03703,0.000000,0.000000,0,1,5.48000,5629.969,2.731,19.000,1.4452,58,116,58,59,60
17,post_landing,67,1121.0,61,194.923,494.103,-0.04173,0.00000,0.04173,-0.001256,0.000000,0,1,5.48000,5629.969,2.731,19.000,1.4452,58,116,58,59,60
17,post_landing,68,1138.0,61,194.881,494.110,-0.05879,0.01393,0.06042,-0.001835,-0.001261,0,1,5.48000,5629.969,2.731,19.000,1.4452,58,116,58,59,60
17,post_landing,69,1155.0,61,194.826,494.117,-0.07144,0.01704,0.07344,-0.002202,-0.002997,0,1,5.48000,5629.969,2.731,19.000,1.4452,58,116,58,59,60
17,post_landing,70,1171.0,61,194.754,494.131,-0.08219,0.01976,0.08453,-0.002515,-0.005208,0,1,5.48000,5629.969,2.731,19.000,1.4452,58,116,58,59,60
17,post_landing,71,1188.0,61,194.671,494.145,-0.09043,0.01548,0.09175,-0.002792,-0.007734,0,1,5.48000,5629.969,2.731,19.000,1.4452,58,116,58,59,60
17,post_landing,72,1205.0,61,194.586,494.157,-0.09618,0.01628,0.09755,-0.002972,-0.010375,0,1,5.48000,5629.969,2.731,19.000,1.4452,58,116,58,59,60
17,post_landing,73,1221.0,61,194.489,494.176,-0.10256,0.01792,0.10411,-0.003166,-0.013361,0,1,5.48000,5629.969,2.731,19.000,1.4452,58,116,58,59,60
17,post_landing,74,1238.0,61,194.386,494.194,-0.10804,0.01903,0.10970,-0.003343,-0.016540,0,1,5.48000,5629.969,2.731,19.000,1.4452,58,116,58,59,60
17,post_landing,75,1255.0,61,194.284,494.210,-0.11166,0.01986,0.11341,-0.003459,-0.019703,0,1,5.48000,5629.969,2.731,19.000,1.4452,58,116,58,59,60
17,post_landing,76,1271.0,61,194.172,494.232,-0.11635,0.02131,0.11829,-0.003604,-0.023178,0,1,5.48000,5629.969,2.731,19.000,1.4452,58,116,58,59,60
17,post_landing,77,1288.0,61,194.055,494.254,-0.12049,0.02232,0.12254,-0.003740,-0.026797,0,1,5.48000,5629.969,2.731,19.000,1.4452,58,116,58,59,60
17,post_landing,78,1305.0,61,193.941,494.273,-0.12297,0.02304,0.12511,-0.003822,-0.030336,0,1,5.48000,5629.969,2.731,19.000,1.4452,58,116,58,59,60
17,post_landing,79,1321.0,61,193.817,494.298,-0.12677,0.02444,0.12911,-0.003941,-0.034175,0,1,5.48000,5629.969,2.731,19.000,1.4452,58,116,58,59,60
17,post_landing,80,1338.0,61,193.690,494.323,-0.13023,0.02544,0.13269,-0.004057,-0.038134,0,1,5.48000,5629.969,2.731,19.000,1.4452,58,116,58,59,60
17,post_landing,81,1355.0,61,193.567,494.345,-0.13207,0.02613,0.13463,-0.004121,-0.041973,0,1,5.48000,5629.969,2.731,19.000,1.4452,58,116,58,59,60
17,post_landing,82,1371.0,61,193.434,494.374,-0.13541,0.02755,0.13819,-0.004228,-0.046112,0,1,5.48000,5629.969,2.731,19.000,1.4452,58,116,58,59,60
17,post_landing,83,1388.0,61,193.298,494.402,-0.13852,0.02858,0.14144,-0.004333,-0.050358,0,1,5.48000,5629.969,2.731,19.000,1.4452,58,116,58,59,60
17,post_landing,84,1405.0,61,193.167,494.427,-0.14001,0.02928,0.14304,-0.004387,-0.054457,0,1,5.48000,5629.969,2.731,19.000,1.4452,58,116,58,59,60
17,post_landing,85,1421.0,61,193.027,494.459,-0.14311,0.03076,0.14638,-0.004488,-0.058863,0,1,5.48000,5629.969,2.731,19.000,1.4452,58,116,58,59,60
17,post_landing,86,1438.0,61,192.883,494.490,-0.14605,0.03186,0.14949,-0.004589,-0.063371,0,1,5.48000,5629.969,2.731,19.000,1.4452,58,116,58,59,60
17,post_landing,87,1455.0,61,192.745,494.536,-0.14838,0.03275,0.15195,-0.004620,-0.067713,0,1,5.48000,5629.969,2.731,19.000,1.4452,58,116,58,59,60
17,post_landing,88,1471.0,61,192.596,494.574,-0.15181,0.03414,0.15560,-0.004721,-0.072354,0,1,5.48000,5629.969,2.731,19.000,1.4452,58,116,58,59,60
17,post_landing,89,1488.0,61,192.443,494.609,-0.15432,0.03536,0.15831,-0.004838,-0.077096,0,1,5.48000,5629.969,2.731,19.000,1.4452,58,116,58,59,60
17,post_landing,90,1505.0,61,192.297,494.638,-0.15545,0.03625,0.15962,-0.004891,-0.081673,0,1,5.48000,5629.969,2.731,19.000,1.4452,58,116,58,59,60
17,post_landing,91,1521.0,61,192.141,494.679,-0.15939,0.03787,0.16383,-0.004978,-0.086586,0,1,5.48000,5629.969,2.731,19.000,1.4452,58,116,58,59,60
17,post_landing,92,1539.0,61,191.981,494.717,-0.16190,0.03920,0.16658,-0.005096,-0.091585,0,1,5.48000,5629.969,2.731,19.000,1.4452,58,116,58,59,60
17,post_landing,93,1555.0,61,191.828,494.751,-0.16296,0.04016,0.16784,-0.005148,-0.096407,0,1,5.48000,5629.969,2.731,19.000,1.4452,58,116,58,59,60
17,post_landing,94,1571.0,61,191.664,494.795,-0.16688,0.04191,0.17206,-0.005239,-0.101578,0,1,5.48000,5629.969,2.731,19.000,1.4452,58,116,58,59,60
17,post_landing,95,1588.0,61,191.496,494.838,-0.16945,0.04336,0.17491,-0.005359,-0.106840,0,1,5.48000,5629.969,2.731,19.000,1.4452,58,116,58,59,60
17,post_landing,96,1605.0,61,191.336,495.015,-0.06058,-0.02178,0.06438,-0.001930,-0.111910,0,1,5.48000,5629.969,2.731,19.000,1.4452,58,116,58,59,60
17,post_landing,97,1621.0,61,191.275,495.113,0.00214,0.00000,0.00214,0.000000,-0.113848,0,1,5.48000,5629.969,2.731,19.000,1.4452,58,116,58,59,60
17,post_landing,98,1638.0,61,191.277,495.100,0.00729,0.00000,0.00729,0.000000,-0.113848,0,1,5.48000,5629.969,2.731,19.000,1.4452,58,116,58,59,60
17,post_landing,99,1654.0,61,191.284,495.116,0.00275,0.00000,0.00275,0.000000,-0.113848,0,1,5.48000,5629.969,2.731,19.000,1.4452,58,116,58,59,60
17,post_landing,100,1671.0,61,191.287,495.100,-0.00106,0.00000,0.00106,0.000000,-0.113848,0,1,5.48000,5629.969,2.731,19.000,1.4452,58,116,58,59,60
17,post_landing,101,1688.0,61,191.286,495.120,0.00015,0.00000,0.00015,0.000000,-0.113848,0,1,5.48000,5629.969,2.731,19.000,1.4452,58,116,58,59,60
17,post_landing,102,1704.0,61,191.286,495.117,0.00065,0.00000,0.00065,0.000000,-0.113848,0,1,5.48000,5629.969,2.731,19.000,1.4452,58,116,58,59,60
17,post_landing,103,1721.0,61,191.287,495.100,-0.00079,0.00000,0.00079,0.000000,-0.113848,0,1,5.48000,5629.969,2.731,19.000,1.4452,58,116,58,59,60
17,post_landing,104,1738.0,61,191.286,495.120,0.00026,0.00000,0.00026,0.000000,-0.113848,0,1,5.48000,5629.969,2.731,19.000,1.4452,58,116,58,59,60
17,post_landing,105,1754.0,61,191.286,495.117,0.00066,0.00000,0.00066,0.000000,-0.113848,0,1,5.48000,5629.969,2.731,19.000,1.4452,58,116,58,59,60
17,post_landing,106,1771.0,61,191.287,495.100,-0.00074,0.00000,0.00074,0.000000,-0.113848,0,1,5.48000,5629.969,2.731,19.000,1.4452,58,116,58,59,60
17,post_landing,107,1788.0,61,191.286,495.120,0.00023,0.00000,0.00023,0.000000,-0.113848,0,1,5.48000,5629.969,2.731,19.000,1.4452,58,116,58,59,60
17,post_landing,108,1804.0,61,191.286,495.117,0.00065,0.00000,0.00065,0.000000,-0.113848,0,1,5.48000,5629.969,2.731,19.000,1.4452,58,116,58,59,60
17,post_landing,109,1821.0,61,191.287,495.100,-0.00071,0.00000,0.00071,0.000000,-0.113848,0,1,5.48000,5629.969,2.731,19.000,1.4452,58,116,58,59,60
17,post_landing,110,1838.0,61,191.286,495.120,0.00021,0.00000,0.00021,0.000000,-0.113848,0,1,5.48000,5629.969,2.731,19.000,1.4452,58,116,58,59,60
17,post_landing,111,1854.0,61,191.286,495.117,0.00065,0.00000,0.00065,0.000000,-0.113848,0,1,5.48000,5629.969,2.731,19.000,1.4452,58,116,58,59,60
17,post_landing,112,1871.0,61,191.287,495.100,-0.00070,0.00000,0.00070,0.000000,-0.113848,0,1,5.48000,5629.969,2.731,19.000,1.4452,58,116,58,59,60
17,post_landing,113,1888.0,61,191.286,495.120,0.00021,0.00000,0.00021,0.000000,-0.113848,0,1,5.48000,5629.969,2.731,19.000,1.4452,58,116,58,59,60
17,post_landing,114,1904.0,61,191.287,495.117,0.00065,0.00000,0.00065,0.000000,-0.113848,0,1,5.48000,5629.969,2.731,19.000,1.4452,58,116,58,59,60
17,post_landing,115,1921.0,61,191.287,495.100,-0.00069,0.00000,0.00069,0.000000,-0.113848,0,1,5.48000,5629.969,2.731,19.000,1.4452,58,116,58,59,60
17,post_landing,116,1938.0,61,191.287,495.116,0.00070,0.00000,0.00070,0.000000,-0.113848,0,1,5.48000,5629.969,2.731,19.000,1.4452,58,116,58,59,60
17,post_landing,117,1954.0,61,191.287,495.100,-0.00062,0.00000,0.00062,0.000000,-0.113848,0,1,5.48000,5629.969,2.731,19.000,1.4452,58,116,58,59,60
17,post_landing,118,1971.0,61,191.287,495.120,0.00021,0.00000,0.00021,0.000000,-0.113848,0,1,5.48000,5629.969,2.731,19.000,1.4452,58,116,58,59,60
17,post_landing,119,1988.0,61,191.287,495.117,0.00064,0.00000,0.00064,0.000000,-0.113848,0,1,5.48000,5629.969,2.731,19.000,1.4452,58,116,58,59,60
17,post_landing,120,2004.0,61,191.288,495.100,-0.00069,0.00000,0.00069,0.000000,-0.113848,0,1,5.48000,5629.969,2.731,19.000,1.4452,58,116,58,59,60
18,falling,0,26.0,,195.000,97.029,0.00000,0.55000,0.55000,0.000000,0.000000,0,0,3.56200,630.087,1.933,18.000,2.0291,86,172,86,97,82
18,falling,1,36.0,,195.000,97.456,0.00000,0.71172,0.71172,0.000000,0.000000,0,0,3.56200,630.087,1.933,18.000,2.0291,86,172,86,97,82
18,falling,2,52.0,,195.000,98.385,0.00000,0.96813,0.96813,0.000000,0.000000,0,0,3.56200,630.087,1.933,18.000,2.0291,86,172,86,97,82
18,falling,3,69.0,,195.000,99.647,0.00000,1.23666,1.23666,0.000000,0.000000,0,0,3.56200,630.087,1.933,18.000,2.0291,86,172,86,97,82
18,falling,4,86.0,,195.000,101.178,0.00000,1.50107,1.50107,0.000000,0.000000,0,0,3.56200,630.087,1.933,18.000,2.0291,86,172,86,97,82
18,falling,5,103.0,,195.000,102.854,0.00000,1.74612,1.74612,0.000000,0.000000,0,0,3.56200,630.087,1.933,18.000,2.0291,86,172,86,97,82
18,falling,6,119.0,,195.000,104.897,0.00000,2.00274,2.00274,0.000000,0.000000,0,0,3.56200,630.087,1.933,18.000,2.0291,86,172,86,97,82
18,falling,7,136.0,,195.000,107.198,0.00000,2.25543,2.25543,0.000000,0.000000,0,0,3.56200,630.087,1.933,18.000,2.0291,86,172,86,97,82
18,falling,8,153.0,,195.000,109.588,0.00000,2.48962,2.48962,0.000000,0.000000,0,0,3.56200,630.087,1.933,18.000,2.0291,86,172,86,97,82
18,falling,9,169.0,,195.000,112.377,0.00000,2.73486,2.73486,0.000000,0.000000,0,0,3.56200,630.087,1.933,18.000,2.0291,86,172,86,97,82
18,falling,10,186.0,,195.000,115.413,0.00000,2.97635,2.97635,0.000000,0.000000,0,0,3.56200,630.087,1.933,18.000,2.0291,86,172,86,97,82
18,falling,11,203.0,,195.000,118.485,0.00000,3.20016,3.20016,0.000000,0.000000,0,0,3.56200,630.087,1.933,18.000,2.0291,86,172,86,97,82
18,falling,12,219.0,,195.000,121.988,0.00000,3.43453,3.43453,0.000000,0.000000,0,0,3.56200,630.087,1.933,18.000,2.0291,86,172,86,97,82
18,falling,13,236.0,,195.000,125.727,0.00000,3.66531,3.66531,0.000000,0.000000,0,0,3.56200,630.087,1.933,18.000,2.0291,86,172,86,97,82
18,falling,14,253.0,,195.000,129.451,0.00000,3.87920,3.87920,0.000000,0.000000,0,0,3.56200,630.087,1.933,18.000,2.0291,86,172,86,97,82
18,falling,15,269.0,,195.000,133.636,0.00000,4.10318,4.10318,0.000000,0.000000,0,0,3.56200,630.087,1.933,18.000,2.0291,86,172,86,97,82
18,falling,16,286.0,,195.000,138.046,0.00000,4.32373,4.32373,0.000000,0.000000,0,0,3.56200,630.087,1.933,18.000,2.0291,86,172,86,97,82
18,falling,17,303.0,,195.000,142.393,0.00000,4.52814,4.52814,0.000000,0.000000,0,0,3.56200,630.087,1.933,18.000,2.0291,86,172,86,97,82
18,falling,18,319.0,,195.000,147.231,0.00000,4.74219,4.74219,0.000000,0.000000,0,0,3.56200,630.087,1.933,18.000,2.0291,86,172,86,97,82
18,falling,19,336.0,,195.000,152.283,0.00000,4.95297,4.95297,0.000000,0.000000,0,0,3.56200,630.087,1.933,18.000,2.0291,86,172,86,97,82
18,falling,20,353.0,,195.000,157.225,0.00000,5.14831,5.14831,0.000000,0.000000,0,0,3.56200,630.087,1.933,18.000,2.0291,86,172,86,97,82
18,falling,21,369.0,,195.000,162.685,0.00000,5.35288,5.35288,0.000000,0.000000,0,0,3.56200,630.087,1.933,18.000,2.0291,86,172,86,97,82
18,falling,22,386.0,,195.000,168.350,0.00000,5.55431,5.55431,0.000000,0.000000,0,0,3.56200,630.087,1.933,18.000,2.0291,86,172,86,97,82
18,falling,23,403.0,,195.000,173.862,0.00000,5.74100,5.74100,0.000000,0.000000,0,0,3.56200,630.087,1.933,18.000,2.0291,86,172,86,97,82
18,falling,24,419.0,,195.000,179.917,0.00000,5.93649,5.93649,0.000000,0.000000,0,0,3.56200,630.087,1.933,18.000,2.0291,86,172,86,97,82
18,falling,25,436.0,,195.000,186.168,0.00000,6.12900,6.12900,0.000000,0.000000,0,0,3.56200,630.087,1.933,18.000,2.0291,86,172,86,97,82
18,falling,26,453.0,,195.000,192.224,0.00000,6.30741,6.30741,0.000000,0.000000,0,0,3.56200,630.087,1.933,18.000,2.0291,86,172,86,97,82
18,falling,27,469.0,,195.000,198.848,0.00000,6.49424,6.49424,0.000000,0.000000,0,0,3.56200,630.087,1.933,18.000,2.0291,86,172,86,97,82
18,falling,28,486.0,,195.000,205.659,0.00000,6.67821,6.67821,0.000000,0.000000,0,0,3.56200,630.087,1.933,18.000,2.0291,86,172,86,97,82
18,falling,29,503.0,,195.000,212.234,0.00000,6.84871,6.84871,0.000000,0.000000,0,0,3.56200,630.087,1.933,18.000,2.0291,86,172,86,97,82
18,falling,30,519.0,,195.000,219.402,0.00000,7.02726,7.02726,0.000000,0.000000,0,0,3.56200,630.087,1.933,18.000,2.0291,86,172,86,97,82
18,falling,31,536.0,,195.000,226.749,0.00000,7.20307,7.20307,0.000000,0.000000,0,0,3.56200,630.087,1.933,18.000,2.0291,86,172,86,97,82
18,falling,32,552.0,,195.000,233.820,0.00000,7.36602,7.36602,0.000000,0.000000,0,0,3.56200,630.087,1.933,18.000,2.0291,86,172,86,97,82
18,falling,33,569.0,,195.000,241.508,0.00000,7.53665,7.53665,0.000000,0.000000,0,0,3.56200,630.087,1.933,18.000,2.0291,86,172,86,97,82
18,falling,34,586.0,,195.000,249.367,0.00000,7.70467,7.70467,0.000000,0.000000,0,0,3.56200,630.087,1.933,18.000,2.0291,86,172,86,97,82
18,falling,35,602.0,,195.000,256.913,0.00000,7.86039,7.86039,0.000000,0.000000,0,0,3.56200,630.087,1.933,18.000,2.0291,86,172,86,97,82
18,falling,36,619.0,,195.000,265.097,0.00000,8.02346,8.02346,0.000000,0.000000,0,0,3.56200,630.087,1.933,18.000,2.0291,86,172,86,97,82
18,falling,37,636.0,,195.000,273.444,0.00000,8.18404,8.18404,0.000000,0.000000,0,0,3.56200,630.087,1.933,18.000,2.0291,86,172,86,97,82
18,falling,38,652.0,,195.000,281.444,0.00000,8.33285,8.33285,0.000000,0.000000,0,0,3.56200,630.087,1.933,18.000,2.0291,86,172,86,97,82
18,falling,39,669.0,,195.000,290.102,0.00000,8.48869,8.48869,0.000000,0.000000,0,0,3.56200,630.087,1.933,18.000,2.0291,86,172,86,97,82
18,falling,40,686.0,,195.000,298.917,0.00000,8.64215,8.64215,0.000000,0.000000,0,0,3.56200,630.087,1.933,18.000,2.0291,86,172,86,97,82
18,falling,41,702.0,,195.000,307.350,0.00000,8.78437,8.78437,0.000000,0.000000,0,0,3.56200,630.087,1.933,18.000,2.0291,86,172,86,97,82
18,falling,42,719.0,,195.000,316.462,0.00000,8.93330,8.93330,0.000000,0.000000,0,0,3.56200,630.087,1.933,18.000,2.0291,86,172,86,97,82
18,falling,43,736.0,,195.000,325.724,0.00000,9.07995,9.07995,0.000000,0.000000,0,0,3.56200,630.087,1.933,18.000,2.0291,86,172,86,97,82
18,falling,44,752.0,,195.000,334.571,0.00000,9.21587,9.21587,0.000000,0.000000,0,0,3.56200,630.087,1.933,18.000,2.0291,86,172,86,97,82
18,falling,45,769.0,,195.000,344.116,0.00000,9.35820,9.35820,0.000000,0.000000,0,0,3.56200,630.087,1.933,18.000,2.0291,86,172,86,97,82
18,falling,46,786.0,,195.000,353.805,0.00000,9.49835,9.49835,0.000000,0.000000,0,0,3.56200,630.087,1.933,18.000,2.0291,86,172,86,97,82
18,falling,47,802.0,,195.000,363.048,0.00000,9.62824,9.62824,0.000000,0.000000,0,0,3.56200,630.087,1.933,18.000,2.0291,86,172,86,97,82
18,falling,48,819.0,,195.000,373.007,0.00000,9.76427,9.76427,0.000000,0.000000,0,0,3.56200,630.087,1.933,18.000,2.0291,86,172,86,97,82
18,falling,49,836.0,,195.000,383.104,0.00000,9.89821,9.89821,0.000000,0.000000,0,0,3.56200,630.087,1.933,18.000,2.0291,86,172,86,97,82
18,falling,50,852.0,,195.000,392.725,0.00000,10.02234,10.02234,0.000000,0.000000,0,0,3.56200,630.087,1.933,18.000,2.0291,86,172,86,97,82
18,falling,51,869.0,,195.000,403.080,0.00000,10.15233,10.15233,0.000000,0.000000,0,0,3.56200,630.087,1.933,18.000,2.0291,86,172,86,97,82
18,falling,52,886.0,,195.000,412.942,0.00000,10.27280,10.27280,0.000000,0.000000,0,0,3.56200,630.087,1.933,18.000,2.0291,86,172,86,97,82
18,falling,53,902.0,,195.000,423.549,0.00000,10.39896,10.39896,0.000000,0.000000,0,0,3.56200,630.087,1.933,18.000,2.0291,86,172,86,97,82
18,falling,54,919.0,,195.000,434.283,0.00000,10.52319,10.52319,0.000000,0.000000,0,0,3.56200,630.087,1.933,18.000,2.0291,86,172,86,97,82
18,falling,55,936.0,,195.000,444.496,0.00000,10.63832,10.63832,0.000000,0.000000,0,0,3.56200,630.087,1.933,18.000,2.0291,86,172,86,97,82
18,falling,56,952.0,,195.000,455.470,0.00000,10.75889,10.75889,0.000000,0.000000,0,0,3.56200,630.087,1.933,18.000,2.0291,86,172,86,97,82
18,falling,57,969.0,,195.000,466.565,0.00000,10.87761,10.87761,0.000000,0.000000,0,0,3.56200,630.087,1.933,18.000,2.0291,86,172,86,97,82
18,falling,58,986.0,,195.000,477.113,0.00000,10.98764,10.98764,0.000000,0.000000,0,0,3.56200,630.087,1.933,18.000,2.0291,86,172,86,97,82
18,post_landing,59,1003.0,59,195.000,483.078,-1.96980,-1.13388,2.27283,0.102177,0.000000,0,1,3.56200,630.087,1.933,18.000,2.0291,86,172,86,97,82
18,post_landing,60,1019.0,59,193.022,480.219,-1.35177,-1.89750,2.32976,0.077862,0.102626,0,1,3.56200,630.087,1.933,18.000,2.0291,86,172,86,97,82
18,post_landing,61,1036.0,59,191.743,477.983,-1.04595,-0.88193,1.36814,0.009813,0.176298,0,1,3.56200,630.087,1.933,18.000,2.0291,86,172,86,97,82
18,post_landing,62,1052.0,59,190.692,476.829,-1.02995,-0.58510,1.18454,0.009663,0.186154,0,0,3.56200,630.087,1.933,18.000,2.0291,86,172,86,97,82
18,post_landing,63,1069.0,59,189.658,476.084,-1.01419,-0.29282,1.05561,0.009515,0.195859,0,0,3.56200,630.087,1.933,18.000,2.0291,86,172,86,97,82
18,post_landing,64,1086.0,59,188.698,475.706,-0.99958,-0.02193,0.99982,0.009378,0.204862,0,0,3.56200,630.087,1.933,18.000,2.0291,86,172,86,97,82
18,post_landing,65,1102.0,59,187.694,475.687,-0.98429,0.26174,1.01850,0.009234,0.214281,0,0,3.56200,630.087,1.933,18.000,2.0291,86,172,86,97,82
18,post_landing,66,1119.0,59,186.705,476.239,-0.96923,0.54106,1.11003,0.009093,0.223556,0,0,3.56200,630.087,1.933,18.000,2.0291,86,172,86,97,82
18,post_landing,67,1136.0,59,185.788,477.007,-0.95527,0.79994,1.24597,0.008962,0.232159,0,0,3.56200,630.087,1.933,18.000,2.0291,86,172,86,97,82
18,post_landing,68,1152.0,59,184.829,478.100,-0.94066,1.07103,1.42547,0.008825,0.241161,0,0,3.56200,630.087,1.933,18.000,2.0291,86,172,86,97,82
18,post_landing,69,1169.0,59,183.884,478.358,-0.97778,-0.11852,0.98494,0.032274,0.250024,0,1,3.56200,630.087,1.933,18.000,2.0291,86,172,86,97,82
18,post_landing,70,1186.0,59,182.902,478.454,-0.49146,0.06332,0.49552,-0.031158,0.282440,0,1,3.56200,630.087,1.933,18.000,2.0291,86,172,86,97,82
18,post_landing,71,1202.0,59,182.437,478.321,-0.25143,0.05501,0.25738,-0.032841,0.252960,0,1,3.56200,630.087,1.933,18.000,2.0291,86,172,86,97,82
18,post_landing,72,1219.0,59,182.184,478.192,-0.49820,-0.15197,0.52087,0.020043,0.219975,0,1,3.56200,630.087,1.933,18.000,2.0291,86,172,86,97,82
18,post_landing,73,1236.0,59,181.713,478.231,-0.46157,-0.18577,0.49755,0.012776,0.238938,0,1,3.56200,630.087,1.933,18.000,2.0291,86,172,86,97,82
18,post_landing,74,1252.0,59,181.249,478.288,-0.51527,-0.19551,0.55112,0.019879,0.251770,0,1,3.56200,630.087,1.933,18.000,2.0291,86,172,86,97,82
18,post_landing,75,1269.0,59,180.732,478.386,-0.47694,-0.24730,0.53725,0.028497,0.271736,0,1,3.56200,630.087,1.933,18.000,2.0291,86,172,86,97,82
18,post_landing,76,1286.0,59,180.281,478.413,-0.47008,0.02293,0.47063,0.028087,0.298699,0,0,3.56200,630.087,1.933,18.000,2.0291,86,172,86,97,82
18,post_landing,77,1302.0,59,179.808,478.756,-0.43511,-0.19217,0.47566,0.023900,0.326910,0,1,3.56200,630.087,1.933,18.000,2.0291,86,172,86,97,82
18,post_landing,78,1319.0,59,179.371,478.876,-0.42845,0.09410,0.43866,0.023535,0.350915,0,0,3.56200,630.087,1.933,18.000,2.0291,86,172,86,97,82
18,post_landing,79,1336.0,59,178.966,479.172,-0.39695,-0.12013,0.41473,0.023247,0.373183,0,1,3.56200,630.087,1.933,18.000,2.0291,86,172,86,97,82
18,post_landing,80,1352.0,59,178.567,479.340,-0.39087,0.16504,0.42429,0.022891,0.396532,0,0,3.56200,630.087,1.933,18.000,2.0291,86,172,86,97,82
18,post_landing,81,1369.0,59,178.175,479.678,-0.36180,-0.08292,0.37118,0.026144,0.419524,0,1,3.56200,630.087,1.933,18.000,2.0291,86,172,86,97,82
18,post_landing,82,1386.0,59,177.832,479.855,-0.35659,0.18494,0.40169,0.025768,0.444261,0,0,3.56200,630.087,1.933,18.000,2.0291,86,172,86,97,82
18,post_landing,83,1402.0,59,177.474,480.319,-0.33007,0.00000,0.33007,0.026267,0.470142,0,1,3.56200,630.087,1.933,18.000,2.0291,86,172,86,97,82
18,post_landing,84,1419.0,59,177.143,480.608,-0.32502,0.28333,0.43118,0.025865,0.496525,0,0,3.56200,630.087,1.933,18.000,2.0291,86,172,86,97,82
18,post_landing,85,1436.0,59,176.835,481.077,-0.24908,0.03712,0.25184,0.022379,0.520998,0,1,3.56200,630.087,1.933,18.000,2.0291,86,172,86,97,82
18,post_landing,86,1452.0,59,176.585,481.440,0.18599,-0.46915,0.50468,0.014364,0.543475,0,1,3.56200,630.087,1.933,18.000,2.0291,86,172,86,97,82
18,post_landing,87,1469.0,59,176.772,481.287,0.18314,-0.17864,0.25584,0.014144,0.557902,0,0,3.56200,630.087,1.933,18.000,2.0291,86,172,86,97,82
18,post_landing,88,1486.0,59,176.945,481.374,0.18050,0.09060,0.20196,0.013940,0.571285,0,0,3.56200,630.087,1.933,18.000,2.0291,86,172,86,97,82
18,post_landing,89,1502.0,59,177.126,481.754,0.17774,0.37254,0.41277,0.013727,0.585287,0,0,3.56200,630.087,1.933,18.000,2.0291,86,172,86,97,82
18,post_landing,90,1519.0,59,177.305,482.436,0.50520,-0.19411,0.54120,0.017639,0.599074,0,1,3.56200,630.087,1.933,18.000,2.0291,86,172,86,97,82
18,post_landing,91,1536.0,59,177.783,482.523,0.49792,0.07535,0.50359,0.017385,0.615764,0,0,3.56200,630.087,1.933,18.000,2.0291,86,172,86,97,82
18,post_landing,92,1552.0,59,178.283,482.900,0.49030,0.35754,0.60682,0.017119,0.633226,0,0,3.56200,630.087,1.933,18.000,2.0291,86,172,86,97,82
18,post_landing,93,1569.0,59,178.776,483.468,0.69781,0.00000,0.69781,0.014921,0.650420,0,1,3.56200,630.087,1.933,18.000,2.0291,86,172,86,97,82
18,post_landing,94,1586.0,59,179.436,483.757,0.67341,0.02572,0.67390,0.013780,0.664538,0,1,3.56200,630.087,1.933,18.000,2.0291,86,172,86,97,82
18,post_landing,95,1602.0,59,180.112,484.064,0.66924,0.02152,0.66958,0.014558,0.678378,0,1,3.56200,630.087,1.933,18.000,2.0291,86,172,86,97,82
18,post_landing,96,1619.0,59,180.784,484.386,0.65602,0.03174,0.65679,0.014447,0.693000,0,1,3.56200,630.087,1.933,18.000,2.0291,86,172,86,97,82
18,post_landing,97,1636.0,59,181.405,484.695,0.73947,0.11094,0.74774,-0.005783,0.706669,0,1,3.56200,630.087,1.933,18.000,2.0291,86,172,86,97,82
18,post_landing,98,1652.0,59,182.148,484.602,0.79943,0.10844,0.80675,-0.007183,0.700860,0,1,3.56200,630.087,1.933,18.000,2.0291,86,172,86,97,82
18,post_landing,99,1669.0,59,182.951,484.442,0.83951,0.23383,0.87147,-0.013656,0.693646,0,1,3.56200,630.087,1.933,18.000,2.0291,86,172,86,97,82
18,post_landing,100,1686.0,59,183.745,484.167,0.87653,0.25142,0.91188,-0.010606,0.680725,0,1,3.56200,630.087,1.933,18.000,2.0291,86,172,86,97,82
18,post_landing,101,1702.0,59,184.625,483.937,0.96106,0.25001,0.99305,-0.014155,0.670073,0,1,3.56200,630.087,1.933,18.000,2.0291,86,172,86,97,82
18,post_landing,102,1719.0,59,185.591,483.638,1.02162,0.25232,1.05232,-0.014883,0.655856,0,1,3.56200,630.087,1.933,18.000,2.0291,86,172,86,97,82
18,post_landing,103,1736.0,59,186.557,483.339,1.04165,0.26270,1.07427,-0.012078,0.641773,0,1,3.56200,630.087,1.933,18.000,2.0291,86,172,86,97,82
18,post_landing,104,1752.0,59,187.604,483.094,1.11813,0.24786,1.14528,-0.016812,0.629643,0,1,3.56200,630.087,1.933,18.000,2.0291,86,172,86,97,82
18,post_landing,105,1769.0,59,188.727,482.764,1.17063,0.24003,1.19499,-0.018432,0.612756,0,1,3.56200,630.087,1.933,18.000,2.0291,86,172,86,97,82
18,post_landing,106,1786.0,59,189.834,482.425,1.18120,0.24488,1.20632,-0.015993,0.595317,0,1,3.56200,630.087,1.933,18.000,2.0291,86,172,86,97,82
18,post_landing,107,1802.0,59,191.021,482.130,1.25498,0.21168,1.27271,-0.021526,0.579254,0,1,3.56200,630.087,1.933,18.000,2.0291,86,172,86,97,82
18,post_landing,108,1819.0,59,192.281,481.749,1.31004,0.20807,1.32646,-0.026716,0.557633,0,1,3.56200,630.087,1.933,18.000,2.0291,86,172,86,97,82
18,post_landing,109,1836.0,59,193.521,481.321,1.35306,0.25646,1.37715,-0.036240,0.532355,0,1,3.56200,630.087,1.933,18.000,2.0291,86,172,86,97,82
18,post_landing,110,1852.0,59,194.880,480.770,1.41439,0.15309,1.42266,-0.036193,0.495956,0,1,3.56200,630.087,1.933,18.000,2.0291,86,172,86,97,82
18,post_landing,111,1869.0,59,196.300,480.246,2.16910,-0.41510,2.20846,-0.122327,0.459605,0,1,3.56200,630.087,1.933,18.000,2.0291,86,172,86,97,82
18,post_landing,112,1886.0,59,198.353,478.979,0.57768,-1.29959,1.42220,0.273406,0.343862,0,1,3.56200,630.087,1.933,18.000,2.0291,86,172,86,97,82
18,post_landing,113,1902.0,59,198.933,477.059,0.56885,-0.99638,1.14732,0.269222,0.618469,0,0,3.56200,630.087,1.933,18.000,2.0291,86,172,86,97,82
18,post_landing,114,1919.0,59,199.504,475.624,0.56014,-0.69780,0.89481,0.265103,0.888874,0,0,3.56200,630.087,1.933,18.000,2.0291,86,172,86,97,82
18,post_landing,115,1936.0,59,200.034,474.642,0.55208,-0.42108,0.69433,0.261286,1.139709,0,0,3.56200,630.087,1.933,18.000,2.0291,86,172,86,97,82
18,post_landing,116,1952.0,59,200.589,474.045,0.54363,-0.13131,0.55926,0.257288,1.402143,0,0,3.56200,630.087,1.933,18.000,2.0291,86,172,86,97,82
18,post_landing,117,1969.0,59,201.135,473.832,0.53531,0.15404,0.55703,0.253352,1.660561,0,0,3.56200,630.087,1.933,18.000,2.0291,86,172,86,97,82
18,post_landing,118,1986.0,59,201.641,474.234,0.52760,0.41848,0.67342,0.249703,1.900277,0,0,3.56200,630.087,1.933,18.000,2.0291,86,172,86,97,82
19,falling,0,29.0,,195.000,97.029,0.00000,0.55000,0.55000,0.000000,0.000000,0,0,4.00600,1049.179,2.425,8.000,1.8824,72,144,72,73,59
19,falling,1,31.0,,195.000,97.063,0.00000,0.56617,0.56617,0.000000,0.000000,0,0,4.00600,1049.179,2.425,8.000,1.8824,72,144,72,73,59
19,falling,2,46.0,,195.000,97.855,0.00000,0.82469,0.82469,0.000000,0.000000,0,0,4.00600,1049.179,2.425,8.000,1.8824,72,144,72,73,59
19,falling,3,63.0,,195.000,98.972,0.00000,1.09540,1.09540,0.000000,0.000000,0,0,4.00600,1049.179,2.425,8.000,1.8824,72,144,72,73,59
19,falling,4,79.0,,195.000,100.264,0.00000,1.34629,1.34629,0.000000,0.000000,0,0,4.00600,1049.179,2.425,8.000,1.8824,72,144,72,73,59
19,falling,5,96.0,,195.000,101.906,0.00000,1.60903,1.60903,0.000000,0.000000,0,0,4.00600,1049.179,2.425,8.000,1.8824,72,144,72,73,59
19,falling,6,113.0,,195.000,103.811,0.00000,1.86774,1.86774,0.000000,0.000000,0,0,4.00600,1049.179,2.425,8.000,1.8824,72,144,72,73,59
19,falling,7,129.0,,195.000,105.834,0.00000,2.10752,2.10752,0.000000,0.000000,0,0,4.00600,1049.179,2.425,8.000,1.8824,72,144,72,73,59
19,falling,8,146.0,,195.000,108.240,0.00000,2.35860,2.35860,0.000000,0.000000,0,0,4.00600,1049.179,2.425,8.000,1.8824,72,144,72,73,59
19,falling,9,163.0,,195.000,110.898,0.00000,2.60585,2.60585,0.000000,0.000000,0,0,4.00600,1049.179,2.425,8.000,1.8824,72,144,72,73,59
19,falling,10,179.0,,195.000,113.619,0.00000,2.83499,2.83499,0.000000,0.000000,0,0,4.00600,1049.179,2.425,8.000,1.8824,72,144,72,73,59
19,falling,11,196.0,,195.000,116.756,0.00000,3.07495,3.07495,0.000000,0.000000,0,0,4.00600,1049.179,2.425,8.000,1.8824,72,144,72,73,59
19,falling,12,213.0,,195.000,120.133,0.00000,3.31124,3.31124,0.000000,0.000000,0,0,4.00600,1049.179,2.425,8.000,1.8824,72,144,72,73,59
19,falling,13,229.0,,195.000,123.522,0.00000,3.53022,3.53022,0.000000,0.000000,0,0,4.00600,1049.179,2.425,8.000,1.8824,72,144,72,73,59
19,falling,14,246.0,,195.000,127.357,0.00000,3.75954,3.75954,0.000000,0.000000,0,0,4.00600,1049.179,2.425,8.000,1.8824,72,144,72,73,59
19,falling,15,263.0,,195.000,131.422,0.00000,3.98536,3.98536,0.000000,0.000000,0,0,4.00600,1049.179,2.425,8.000,1.8824,72,144,72,73,59
19,falling,16,279.0,,195.000,135.449,0.00000,4.19463,4.19463,0.000000,0.000000,0,0,4.00600,1049.179,2.425,8.000,1.8824,72,144,72,73,59
19,falling,17,296.0,,195.000,139.951,0.00000,4.41379,4.41379,0.000000,0.000000,0,0,4.00600,1049.179,2.425,8.000,1.8824,72,144,72,73,59
19,falling,18,313.0,,195.000,144.673,0.00000,4.62959,4.62959,0.000000,0.000000,0,0,4.00600,1049.179,2.425,8.000,1.8824,72,144,72,73,59
19,falling,19,329.0,,195.000,149.310,0.00000,4.82959,4.82959,0.000000,0.000000,0,0,4.00600,1049.179,2.425,8.000,1.8824,72,144,72,73,59
19,falling,20,346.0,,195.000,154.449,0.00000,5.03903,5.03903,0.000000,0.000000,0,0,4.00600,1049.179,2.425,8.000,1.8824,72,144,72,73,59
19,falling,21,363.0,,195.000,159.799,0.00000,5.24527,5.24527,0.000000,0.000000,0,0,4.00600,1049.179,2.425,8.000,1.8824,72,144,72,73,59
19,falling,22,379.0,,195.000,165.018,0.00000,5.43640,5.43640,0.000000,0.000000,0,0,4.00600,1049.179,2.425,8.000,1.8824,72,144,72,73,59
19,falling,23,396.0,,195.000,170.768,0.00000,5.63656,5.63656,0.000000,0.000000,0,0,4.00600,1049.179,2.425,8.000,1.8824,72,144,72,73,59
19,falling,24,413.0,,195.000,176.718,0.00000,5.83365,5.83365,0.000000,0.000000,0,0,4.00600,1049.179,2.425,8.000,1.8824,72,144,72,73,59
19,falling,25,429.0,,195.000,182.494,0.00000,6.01632,6.01632,0.000000,0.000000,0,0,4.00600,1049.179,2.425,8.000,1.8824,72,144,72,73,59
19,falling,26,446.0,,195.000,188.825,0.00000,6.20760,6.20760,0.000000,0.000000,0,0,4.00600,1049.179,2.425,8.000,1.8824,72,144,72,73,59
19,falling,27,463.0,,195.000,195.349,0.00000,6.39596,6.39596,0.000000,0.000000,0,0,4.00600,1049.179,2.425,8.000,1.8824,72,144,72,73,59
19,falling,28,479.0,,195.000,201.657,0.00000,6.57052,6.57052,0.000000,0.000000,0,0,4.00600,1049.179,2.425,8.000,1.8824,72,144,72,73,59
19,falling,29,496.0,,195.000,208.545,0.00000,6.75333,6.75333,0.000000,0.000000,0,0,4.00600,1049.179,2.425,8.000,1.8824,72,144,72,73,59
19,falling,30,513.0,,195.000,215.617,0.00000,6.93333,6.93333,0.000000,0.000000,0,0,4.00600,1049.179,2.425,8.000,1.8824,72,144,72,73,59
19,falling,31,529.0,,195.000,222.434,0.00000,7.10016,7.10016,0.000000,0.000000,0,0,4.00600,1049.179,2.425,8.000,1.8824,72,144,72,73,59
19,falling,32,546.0,,195.000,229.854,0.00000,7.27486,7.27486,0.000000,0.000000,0,0,4.00600,1049.179,2.425,8.000,1.8824,72,144,72,73,59
19,falling,33,563.0,,195.000,237.450,0.00000,7.44689,7.44689,0.000000,0.000000,0,0,4.00600,1049.179,2.425,8.000,1.8824,72,144,72,73,59
19,falling,34,579.0,,195.000,244.752,0.00000,7.60632,7.60632,0.000000,0.000000,0,0,4.00600,1049.179,2.425,8.000,1.8824,72,144,72,73,59
19,falling,35,596.0,,195.000,252.681,0.00000,7.77328,7.77328,0.000000,0.000000,0,0,4.00600,1049.179,2.425,8.000,1.8824,72,144,72,73,59
19,falling,36,613.0,,195.000,260.777,0.00000,7.93768,7.93768,0.000000,0.000000,0,0,4.00600,1049.179,2.425,8.000,1.8824,72,144,72,73,59
19,falling,37,630.0,,195.000,268.543,0.00000,8.09004,8.09004,0.000000,0.000000,0,0,4.00600,1049.179,2.425,8.000,1.8824,72,144,72,73,59
19,falling,38,646.0,,195.000,276.958,0.00000,8.24960,8.24960,0.000000,0.000000,0,0,4.00600,1049.179,2.425,8.000,1.8824,72,144,72,73,59
19,falling,39,663.0,,195.000,285.533,0.00000,8.40671,8.40671,0.000000,0.000000,0,0,4.00600,1049.179,2.425,8.000,1.8824,72,144,72,73,59
19,falling,40,680.0,,195.000,293.743,0.00000,8.55232,8.55232,0.000000,0.000000,0,0,4.00600,1049.179,2.425,8.000,1.8824,72,144,72,73,59
19,falling,41,696.0,,195.000,302.622,0.00000,8.70481,8.70481,0.000000,0.000000,0,0,4.00600,1049.179,2.425,8.000,1.8824,72,144,72,73,59
19,falling,42,713.0,,195.000,311.654,0.00000,8.85496,8.85496,0.000000,0.000000,0,0,4.00600,1049.179,2.425,8.000,1.8824,72,144,72,73,59
19,falling,43,729.0,,195.000,320.288,0.00000,8.99411,8.99411,0.000000,0.000000,0,0,4.00600,1049.179,2.425,8.000,1.8824,72,144,72,73,59
19,falling,44,746.0,,195.000,329.611,0.00000,9.13983,9.13983,0.000000,0.000000,0,0,4.00600,1049.179,2.425,8.000,1.8824,72,144,72,73,59
19,falling,45,763.0,,195.000,339.080,0.00000,9.28333,9.28333,0.000000,0.000000,0,0,4.00600,1049.179,2.425,8.000,1.8824,72,144,72,73,59
19,falling,46,779.0,,195.000,348.120,0.00000,9.41631,9.41631,0.000000,0.000000,0,0,4.00600,1049.179,2.425,8.000,1.8824,72,144,72,73,59
19,falling,47,796.0,,195.000,357.866,0.00000,9.55558,9.55558,0.000000,0.000000,0,0,4.00600,1049.179,2.425,8.000,1.8824,72,144,72,73,59
19,falling,48,813.0,,195.000,367.753,0.00000,9.69271,9.69271,0.000000,0.000000,0,0,4.00600,1049.179,2.425,8.000,1.8824,72,144,72,73,59
19,falling,49,829.0,,195.000,377.180,0.00000,9.81980,9.81980,0.000000,0.000000,0,0,4.00600,1049.179,2.425,8.000,1.8824,72,144,72,73,59
19,falling,50,846.0,,195.000,387.332,0.00000,9.95289,9.95289,0.000000,0.000000,0,0,4.00600,1049.179,2.425,8.000,1.8824,72,144,72,73,59
19,falling,51,863.0,,195.000,397.618,0.00000,10.08395,10.08395,0.000000,0.000000,0,0,4.00600,1049.179,2.425,8.000,1.8824,72,144,72,73,59
19,falling,52,879.0,,195.000,407.415,0.00000,10.20541,10.20541,0.000000,0.000000,0,0,4.00600,1049.179,2.425,8.000,1.8824,72,144,72,73,59
19,falling,53,896.0,,195.000,417.954,0.00000,10.33260,10.33260,0.000000,0.000000,0,0,4.00600,1049.179,2.425,8.000,1.8824,72,144,72,73,59
19,falling,54,913.0,,195.000,428.621,0.00000,10.45784,10.45784,0.000000,0.000000,0,0,4.00600,1049.179,2.425,8.000,1.8824,72,144,72,73,59
19,falling,55,929.0,,195.000,438.772,0.00000,10.57391,10.57391,0.000000,0.000000,0,0,4.00600,1049.179,2.425,8.000,1.8824,72,144,72,73,59
19,falling,56,946.0,,195.000,449.681,0.00000,10.69547,10.69547,0.000000,0.000000,0,0,4.00600,1049.179,2.425,8.000,1.8824,72,144,72,73,59
19,falling,57,963.0,,195.000,460.713,0.00000,10.81516,10.81516,0.000000,0.000000,0,0,4.00600,1049.179,2.425,8.000,1.8824,72,144,72,73,59
19,falling,58,979.0,,195.000,471.202,0.00000,10.92609,10.92609,0.000000,0.000000,0,0,4.00600,1049.179,2.425,8.000,1.8824,72,144,72,73,59
19,post_landing,59,996.0,59,195.000,480.884,-2.27978,-0.57827,2.35197,0.017062,0.000000,0,1,4.00600,1049.179,2.425,8.000,1.8824,72,144,72,73,59
19,post_landing,60,1013.0,59,192.710,479.644,-1.93662,-0.46601,1.99190,-0.015506,0.017137,0,1,4.00600,1049.179,2.425,8.000,1.8824,72,144,72,73,59
19,post_landing,61,1030.0,59,190.878,479.347,-1.88165,-0.25269,1.89854,-0.006288,0.002466,0,1,4.00600,1049.179,2.425,8.000,1.8824,72,144,72,73,59
19,post_landing,62,1046.0,59,188.988,479.404,-1.39506,-0.03092,1.39541,-0.028313,-0.003850,0,1,4.00600,1049.179,2.425,8.000,1.8824,72,144,72,73,59
19,post_landing,63,1063.0,59,187.587,479.645,-1.07058,0.00000,1.07058,-0.030529,-0.032287,0,1,4.00600,1049.179,2.425,8.000,1.8824,72,144,72,73,59
19,post_landing,64,1080.0,59,186.574,479.907,-0.78394,0.04599,0.78529,-0.029534,-0.061173,0,1,4.00600,1049.179,2.425,8.000,1.8824,72,144,72,73,59
19,post_landing,65,1096.0,59,185.786,480.222,-1.10323,-0.33348,1.15253,-0.004692,-0.090836,0,1,4.00600,1049.179,2.425,8.000,1.8824,72,144,72,73,59
19,post_landing,66,1113.0,59,184.678,480.177,-1.08635,-0.04504,1.08729,-0.004620,-0.095549,0,0,4.00600,1049.179,2.425,8.000,1.8824,72,144,72,73,59
19,post_landing,67,1130.0,59,183.650,480.326,-1.04851,-0.18972,1.06554,-0.009408,-0.099921,0,1,4.00600,1049.179,2.425,8.000,1.8824,72,144,72,73,59
19,post_landing,68,1146.0,59,182.597,480.432,-1.41535,0.03667,1.41583,0.026933,-0.109370,0,1,4.00600,1049.179,2.425,8.000,1.8824,72,144,72,73,59
19,post_landing,69,1163.0,59,181.176,480.128,-1.91659,-0.64887,2.02345,0.014972,-0.082319,0,1,4.00600,1049.179,2.425,8.000,1.8824,72,144,72,73,59
19,post_landing,70,1179.0,59,179.362,479.770,-1.88899,-0.37286,1.92544,0.014756,-0.068153,0,0,4.00600,1049.179,2.425,8.000,1.8824,72,144,72,73,59
19,post_landing,71,1196.0,59,177.465,479.684,-1.86009,-0.08382,1.86198,0.014531,-0.053332,0,0,4.00600,1049.179,2.425,8.000,1.8824,72,144,72,73,59
19,post_landing,72,1213.0,59,175.597,479.712,-1.53227,-0.16898,1.54156,-0.014639,-0.038737,0,1,4.00600,1049.179,2.425,8.000,1.8824,72,144,72,73,59
19,post_landing,73,1229.0,59,174.147,479.824,-1.62435,-0.29364,1.65068,-0.001331,-0.052589,0,1,4.00600,1049.179,2.425,8.000,1.8824,72,144,72,73,59
19,post_landing,74,1246.0,59,172.515,479.839,-1.76089,0.00000,1.76089,0.017544,-0.053926,0,1,4.00600,1049.179,2.425,8.000,1.8824,72,144,72,73,59
19,post_landing,75,1263.0,59,170.747,479.677,-1.17592,0.04116,1.17664,-0.027878,-0.036305,0,1,4.00600,1049.179,2.425,8.000,1.8824,72,144,72,73,59
19,post_landing,76,1280.0,59,169.634,479.926,-1.10532,-0.08474,1.10856,-0.017770,-0.062682,0,1,4.00600,1049.179,2.425,8.000,1.8824,72,144,72,73,59
19,post_landing,77,1296.0,59,168.524,480.110,-0.73654,0.03081,0.73718,-0.029396,-0.080531,0,1,4.00600,1049.179,2.425,8.000,1.8824,72,144,72,73,59
19,post_landing,78,1313.0,59,167.784,480.440,-0.70961,0.16573,0.72871,-0.022570,-0.110056,0,1,4.00600,1049.179,2.425,8.000,1.8824,72,144,72,73,59
19,post_landing,79,1330.0,59,167.113,480.713,-0.52488,0.18154,0.55539,-0.041772,-0.131411,0,1,4.00600,1049.179,2.425,8.000,1.8824,72,144,72,73,59
19,post_landing,80,1346.0,59,166.586,481.184,-0.51685,0.46210,0.69330,-0.041133,-0.173366,0,0,4.00600,1049.179,2.425,8.000,1.8824,72,144,72,73,59
19,post_landing,81,1363.0,59,166.067,481.905,-0.45971,0.14005,0.48057,-0.027773,-0.214680,0,1,4.00600,1049.179,2.425,8.000,1.8824,72,144,72,73,59
19,post_landing,82,1379.0,59,165.632,482.332,-0.63248,0.01558,0.63267,-0.007805,-0.240958,0,1,4.00600,1049.179,2.425,8.000,1.8824,72,144,72,73,59
19,post_landing,83,1396.0,59,164.996,482.486,-0.60181,0.06193,0.60499,-0.005929,-0.248797,0,1,4.00600,1049.179,2.425,8.000,1.8824,72,144,72,73,59
19,post_landing,84,1413.0,59,164.392,482.594,-0.60463,-0.07534,0.60930,-0.012910,-0.254753,0,1,4.00600,1049.179,2.425,8.000,1.8824,72,144,72,73,59
19,post_landing,85,1429.0,59,163.820,482.791,-1.18472,-0.50203,1.28670,0.003403,-0.266968,0,1,4.00600,1049.179,2.425,8.000,1.8824,72,144,72,73,59
19,post_landing,86,1446.0,59,162.630,482.586,-1.16660,-0.21101,1.18553,0.003351,-0.263550,0,0,4.00600,1049.179,2.425,8.000,1.8824,72,144,72,73,59
19,post_landing,87,1463.0,59,161.458,482.672,-1.08573,0.02871,1.08611,0.001773,-0.260184,0,1,4.00600,1049.179,2.425,8.000,1.8824,72,144,72,73,59
19,post_landing,88,1479.0,59,160.431,482.663,-1.06741,0.11209,1.07328,0.004764,-0.258507,0,1,4.00600,1049.179,2.425,8.000,1.8824,72,144,72,73,59
19,post_landing,89,1496.0,59,159.359,482.593,-1.10759,0.11094,1.11313,0.006958,-0.253722,0,1,4.00600,1049.179,2.425,8.000,1.8824,72,144,72,73,59
19,post_landing,90,1513.0,59,158.246,482.475,-1.16192,0.13219,1.16942,0.010644,-0.246733,0,1,4.00600,1049.179,2.425,8.000,1.8824,72,144,72,73,59
19,post_landing,91,1529.0,59,157.147,482.303,-0.86510,0.08427,0.86919,-0.014327,-0.236661,0,1,4.00600,1049.179,2.425,8.000,1.8824,72,144,72,73,59
19,post_landing,92,1546.0,59,156.278,482.523,-0.88581,0.10541,0.89206,-0.002822,-0.251052,0,1,4.00600,1049.179,2.425,8.000,1.8824,72,144,72,73,59
19,post_landing,93,1563.0,59,155.388,482.585,-0.75966,0.00000,0.75966,-0.029957,-0.253886,0,1,4.00600,1049.179,2.425,8.000,1.8824,72,144,72,73,59
19,post_landing,94,1579.0,59,154.670,482.841,-0.74872,0.26667,0.79479,-0.029526,-0.282231,0,0,4.00600,1049.179,2.425,8.000,1.8824,72,144,72,73,59
19,post_landing,95,1596.0,59,153.917,483.398,-0.73726,0.54592,0.91738,-0.029074,-0.311887,0,0,4.00600,1049.179,2.425,8.000,1.8824,72,144,72,73,59
19,post_landing,96,1613.0,59,153.177,484.237,-0.90575,0.09036,0.91025,-0.017493,-0.341089,0,1,4.00600,1049.179,2.425,8.000,1.8824,72,144,72,73,59
19,post_landing,97,1629.0,59,152.320,484.584,-0.77579,0.08920,0.78090,-0.015345,-0.357640,0,1,4.00600,1049.179,2.425,8.000,1.8824,72,144,72,73,59
19,post_landing,98,1646.0,59,151.541,484.925,-0.68400,0.06931,0.68750,-0.015111,-0.373052,0,1,4.00600,1049.179,2.425,8.000,1.8824,72,144,72,73,59
19,post_landing,99,1663.0,59,150.854,485.262,-0.60887,0.06443,0.61227,-0.014316,-0.388230,0,1,4.00600,1049.179,2.425,8.000,1.8824,72,144,72,73,59
19,post_landing,100,1679.0,59,150.278,485.568,-0.54166,0.06857,0.54598,-0.012817,-0.401776,0,1,4.00600,1049.179,2.425,8.000,1.8824,72,144,72,73,59
19,post_landing,101,1696.0,59,149.734,485.872,-0.49502,0.05824,0.49844,-0.013127,-0.414648,0,1,4.00600,1049.179,2.425,8.000,1.8824,72,144,72,73,59
19,post_landing,102,1713.0,59,149.236,486.184,-0.45590,0.12031,0.47151,-0.023640,-0.427833,0,1,4.00600,1049.179,2.425,8.000,1.8824,72,144,72,73,59
19,post_landing,103,1729.0,59,148.805,486.554,-0.44934,0.38524,0.59187,-0.023299,-0.450201,0,0,4.00600,1049.179,2.425,8.000,1.8824,72,144,72,73,59
19,post_landing,104,1746.0,59,148.354,487.230,-0.44246,0.66268,0.79682,-0.022943,-0.473602,0,0,4.00600,1049.179,2.425,8.000,1.8824,72,144,72,73,59
19,post_landing,105,1763.0,59,147.909,487.930,-0.59691,0.19615,0.62831,-0.016596,-0.496646,0,1,4.00600,1049.179,2.425,8.000,1.8824,72,144,72,73,59
19,post_landing,106,1780.0,59,147.345,488.329,-0.52349,0.14713,0.54377,-0.011650,-0.512349,0,1,4.00600,1049.179,2.425,8.000,1.8824,72,144,72,73,59
19,post_landing,107,1796.0,59,146.819,488.652,-0.44274,0.14373,0.46549,-0.009308,-0.524050,0,1,4.00600,1049.179,2.425,8.000,1.8824,72,144,72,73,59
19,post_landing,108,1813.0,59,146.374,488.913,-0.38136,0.13327,0.40398,-0.008680,-0.533399,0,1,4.00600,1049.179,2.425,8.000,1.8824,72,144,72,73,59
19,post_landing,109,1829.0,59,146.013,489.136,-0.33538,0.11865,0.35575,-0.008389,-0.541612,0,1,4.00600,1049.179,2.425,8.000,1.8824,72,144,72,73,59
19,post_landing,110,1846.0,59,145.676,489.374,-0.32102,0.11644,0.34148,-0.007112,-0.550038,0,1,4.00600,1049.179,2.425,8.000,1.8824,72,144,72,73,59
19,post_landing,111,1863.0,59,145.354,489.578,-0.32028,0.23933,0.39982,-0.010825,-0.557181,0,1,4.00600,1049.179,2.425,8.000,1.8824,72,144,72,73,59
19,post_landing,112,1879.0,59,145.051,489.866,-0.34379,0.28553,0.44690,-0.015286,-0.567424,0,1,4.00600,1049.179,2.425,8.000,1.8824,72,144,72,73,59
19,post_landing,113,1896.0,59,144.706,490.306,-0.37302,0.33086,0.49861,-0.018542,-0.582777,0,1,4.00600,1049.179,2.425,8.000,1.8824,72,144,72,73,59
19,post_landing,114,1913.0,59,144.331,490.879,-0.50450,0.19159,0.53966,-0.013940,-0.601400,0,1,4.00600,1049.179,2.425,8.000,1.8824,72,144,72,73,59
19,post_landing,115,1930.0,59,143.854,491.173,-0.51737,0.20394,0.55612,-0.014228,-0.614590,0,1,4.00600,1049.179,2.425,8.000,1.8824,72,144,72,73,59
19,post_landing,116,1946.0,59,143.334,491.496,-0.53413,0.21907,0.57731,-0.014668,-0.628880,0,1,4.00600,1049.179,2.425,8.000,1.8824,72,144,72,73,59
19,post_landing,117,1963.0,59,142.798,491.551,-0.53160,0.02602,0.53223,-0.028685,-0.643612,0,1,4.00600,1049.179,2.425,8.000,1.8824,72,144,72,73,59
19,post_landing,118,1979.0,59,142.295,491.832,-0.52394,0.29231,0.59997,-0.028271,-0.670753,0,0,4.00600,1049.179,2.425,8.000,1.8824,72,144,72,73,59
20,falling,0,22.0,,195.000,97.029,0.00000,0.55000,0.55000,0.000000,0.000000,0,0,4.24600,1052.603,1.069,5.000,1.7356,122,244,122,127,82
20,falling,1,27.0,,195.000,97.218,0.00000,0.63086,0.63086,0.000000,0.000000,0,0,4.24600,1052.603,1.069,5.000,1.7356,122,244,122,127,82
20,falling,2,43.0,,195.000,98.071,0.00000,0.88844,0.88844,0.000000,0.000000,0,0,4.24600,1052.603,1.069,5.000,1.7356,122,244,122,127,82
20,falling,3,60.0,,195.000,99.253,0.00000,1.15818,1.15818,0.000000,0.000000,0,0,4.24600,1052.603,1.069,5.000,1.7356,122,244,122,127,82
20,falling,4,77.0,,195.000,100.705,0.00000,1.42379,1.42379,0.000000,0.000000,0,0,4.24600,1052.603,1.069,5.000,1.7356,122,244,122,127,82
20,falling,5,93.0,,195.000,102.308,0.00000,1.66996,1.66996,0.000000,0.000000,0,0,4.24600,1052.603,1.069,5.000,1.7356,122,244,122,127,82
20,falling,6,110.0,,195.000,104.274,0.00000,1.92774,1.92774,0.000000,0.000000,0,0,4.24600,1052.603,1.069,5.000,1.7356,122,244,122,127,82
20,falling,7,127.0,,195.000,106.499,0.00000,2.18158,2.18158,0.000000,0.000000,0,0,4.24600,1052.603,1.069,5.000,1.7356,122,244,122,127,82
20,falling,8,143.0,,195.000,108.820,0.00000,2.41683,2.41683,0.000000,0.000000,0,0,4.24600,1052.603,1.069,5.000,1.7356,122,244,122,127,82
20,falling,9,160.0,,195.000,111.536,0.00000,2.66319,2.66319,0.000000,0.000000,0,0,4.24600,1052.603,1.069,5.000,1.7356,122,244,122,127,82
20,falling,10,177.0,,195.000,114.500,0.00000,2.90577,2.90577,0.000000,0.000000,0,0,4.24600,1052.603,1.069,5.000,1.7356,122,244,122,127,82
20,falling,11,193.0,,195.000,117.505,0.00000,3.13060,3.13060,0.000000,0.000000,0,0,4.24600,1052.603,1.069,5.000,1.7356,122,244,122,127,82
20,falling,12,210.0,,195.000,120.939,0.00000,3.36603,3.36603,0.000000,0.000000,0,0,4.24600,1052.603,1.069,5.000,1.7356,122,244,122,127,82
20,falling,13,227.0,,195.000,124.608,0.00000,3.59787,3.59787,0.000000,0.000000,0,0,4.24600,1052.603,1.069,5.000,1.7356,122,244,122,127,82
20,falling,14,243.0,,195.000,128.269,0.00000,3.81272,3.81272,0.000000,0.000000,0,0,4.24600,1052.603,1.069,5.000,1.7356,122,244,122,127,82
20,falling,15,260.0,,195.000,132.387,0.00000,4.03772,4.03772,0.000000,0.000000,0,0,4.24600,1052.603,1.069,5.000,1.7356,122,244,122,127,82
20,falling,16,277.0,,195.000,136.464,0.00000,4.24625,4.24625,0.000000,0.000000,0,0,4.24600,1052.603,1.069,5.000,1.7356,122,244,122,127,82
20,falling,17,293.0,,195.000,141.017,0.00000,4.46461,4.46461,0.000000,0.000000,0,0,4.24600,1052.603,1.069,5.000,1.7356,122,244,122,127,82
20,falling,18,310.0,,195.000,145.791,0.00000,4.67964,4.67964,0.000000,0.000000,0,0,4.24600,1052.603,1.069,5.000,1.7356,122,244,122,127,82
20,falling,19,327.0,,195.000,150.474,0.00000,4.87892,4.87892,0.000000,0.000000,0,0,4.24600,1052.603,1.069,5.000,1.7356,122,244,122,127,82
20,falling,20,343.0,,195.000,155.664,0.00000,5.08760,5.08760,0.000000,0.000000,0,0,4.24600,1052.603,1.069,5.000,1.7356,122,244,122,127,82
20,falling,21,360.0,,195.000,161.063,0.00000,5.29309,5.29309,0.000000,0.000000,0,0,4.24600,1052.603,1.069,5.000,1.7356,122,244,122,127,82
20,falling,22,377.0,,195.000,166.327,0.00000,5.48354,5.48354,0.000000,0.000000,0,0,4.24600,1052.603,1.069,5.000,1.7356,122,244,122,127,82
20,falling,23,393.0,,195.000,172.124,0.00000,5.68298,5.68298,0.000000,0.000000,0,0,4.24600,1052.603,1.069,5.000,1.7356,122,244,122,127,82
20,falling,24,410.0,,195.000,178.121,0.00000,5.87936,5.87936,0.000000,0.000000,0,0,4.24600,1052.603,1.069,5.000,1.7356,122,244,122,127,82
20,falling,25,427.0,,195.000,183.939,0.00000,6.06136,6.06136,0.000000,0.000000,0,0,4.24600,1052.603,1.069,5.000,1.7356,122,244,122,127,82
20,falling,26,443.0,,195.000,190.316,0.00000,6.25196,6.25196,0.000000,0.000000,0,0,4.24600,1052.603,1.069,5.000,1.7356,122,244,122,127,82
20,falling,27,460.0,,195.000,196.885,0.00000,6.43964,6.43964,0.000000,0.000000,0,0,4.24600,1052.603,1.069,5.000,1.7356,122,244,122,127,82
20,falling,28,477.0,,195.000,203.234,0.00000,6.61357,6.61357,0.000000,0.000000,0,0,4.24600,1052.603,1.069,5.000,1.7356,122,244,122,127,82
20,falling,29,493.0,,195.000,210.166,0.00000,6.79572,6.79572,0.000000,0.000000,0,0,4.24600,1052.603,1.069,5.000,1.7356,122,244,122,127,82
20,falling,30,510.0,,195.000,217.280,0.00000,6.97508,6.97508,0.000000,0.000000,0,0,4.24600,1052.603,1.069,5.000,1.7356,122,244,122,127,82
20,falling,31,527.0,,195.000,224.136,0.00000,7.14130,7.14130,0.000000,0.000000,0,0,4.24600,1052.603,1.069,5.000,1.7356,122,244,122,127,82
20,falling,32,543.0,,195.000,231.597,0.00000,7.31537,7.31537,0.000000,0.000000,0,0,4.24600,1052.603,1.069,5.000,1.7356,122,244,122,127,82
20,falling,33,560.0,,195.000,239.234,0.00000,7.48678,7.48678,0.000000,0.000000,0,0,4.24600,1052.603,1.069,5.000,1.7356,122,244,122,127,82
20,falling,34,577.0,,195.000,246.574,0.00000,7.64564,7.64564,0.000000,0.000000,0,0,4.24600,1052.603,1.069,5.000,1.7356,122,244,122,127,82
20,falling,35,593.0,,195.000,254.542,0.00000,7.81199,7.81199,0.000000,0.000000,0,0,4.24600,1052.603,1.069,5.000,1.7356,122,244,122,127,82
20,falling,36,610.0,,195.000,262.677,0.00000,7.97580,7.97580,0.000000,0.000000,0,0,4.24600,1052.603,1.069,5.000,1.7356,122,244,122,127,82
20,falling,37,627.0,,195.000,270.480,0.00000,8.12762,8.12762,0.000000,0.000000,0,0,4.24600,1052.603,1.069,5.000,1.7356,122,244,122,127,82
20,falling,38,643.0,,195.000,278.932,0.00000,8.28660,8.28660,0.000000,0.000000,0,0,4.24600,1052.603,1.069,5.000,1.7356,122,244,122,127,82
20,falling,39,660.0,,195.000,287.544,0.00000,8.44315,8.44315,0.000000,0.000000,0,0,4.24600,1052.603,1.069,5.000,1.7356,122,244,122,127,82
20,falling,40,677.0,,195.000,295.789,0.00000,8.58823,8.58823,0.000000,0.000000,0,0,4.24600,1052.603,1.069,5.000,1.7356,122,244,122,127,82
20,falling,41,693.0,,195.000,304.704,0.00000,8.74017,8.74017,0.000000,0.000000,0,0,4.24600,1052.603,1.069,5.000,1.7356,122,244,122,127,82
20,falling,42,710.0,,195.000,313.771,0.00000,8.88978,8.88978,0.000000,0.000000,0,0,4.24600,1052.603,1.069,5.000,1.7356,122,244,122,127,82
20,falling,43,727.0,,195.000,322.439,0.00000,9.02843,9.02843,0.000000,0.000000,0,0,4.24600,1052.603,1.069,5.000,1.7356,122,244,122,127,82
20,falling,44,743.0,,195.000,331.796,0.00000,9.17363,9.17363,0.000000,0.000000,0,0,4.24600,1052.603,1.069,5.000,1.7356,122,244,122,127,82
20,falling,45,760.0,,195.000,341.299,0.00000,9.31660,9.31660,0.000000,0.000000,0,0,4.24600,1052.603,1.069,5.000,1.7356,122,244,122,127,82
20,falling,46,777.0,,195.000,350.370,0.00000,9.44911,9.44911,0.000000,0.000000,0,0,4.24600,1052.603,1.069,5.000,1.7356,122,244,122,127,82
20,falling,47,793.0,,195.000,360.150,0.00000,9.58787,9.58787,0.000000,0.000000,0,0,4.24600,1052.603,1.069,5.000,1.7356,122,244,122,127,82
20,falling,48,810.0,,195.000,370.069,0.00000,9.72451,9.72451,0.000000,0.000000,0,0,4.24600,1052.603,1.069,5.000,1.7356,122,244,122,127,82
20,falling,49,827.0,,195.000,379.526,0.00000,9.85115,9.85115,0.000000,0.000000,0,0,4.24600,1052.603,1.069,5.000,1.7356,122,244,122,127,82
20,falling,50,843.0,,195.000,389.709,0.00000,9.98376,9.98376,0.000000,0.000000,0,0,4.24600,1052.603,1.069,5.000,1.7356,122,244,122,127,82
20,falling,51,860.0,,195.000,400.026,0.00000,10.11434,10.11434,0.000000,0.000000,0,0,4.24600,1052.603,1.069,5.000,1.7356,122,244,122,127,82
20,falling,52,877.0,,195.000,409.852,0.00000,10.23536,10.23536,0.000000,0.000000,0,0,4.24600,1052.603,1.069,5.000,1.7356,122,244,122,127,82
20,falling,53,893.0,,195.000,420.421,0.00000,10.36209,10.36209,0.000000,0.000000,0,0,4.24600,1052.603,1.069,5.000,1.7356,122,244,122,127,82
20,falling,54,910.0,,195.000,431.118,0.00000,10.48689,10.48689,0.000000,0.000000,0,0,4.24600,1052.603,1.069,5.000,1.7356,122,244,122,127,82
20,falling,55,927.0,,195.000,441.296,0.00000,10.60254,10.60254,0.000000,0.000000,0,0,4.24600,1052.603,1.069,5.000,1.7356,122,244,122,127,82
20,falling,56,943.0,,195.000,452.234,0.00000,10.72366,10.72366,0.000000,0.000000,0,0,4.24600,1052.603,1.069,5.000,1.7356,122,244,122,127,82
20,falling,57,960.0,,195.000,463.294,0.00000,10.84292,10.84292,0.000000,0.000000,0,0,4.24600,1052.603,1.069,5.000,1.7356,122,244,122,127,82
20,falling,58,977.0,,195.000,473.809,0.00000,10.95345,10.95345,0.000000,0.000000,0,0,4.24600,1052.603,1.069,5.000,1.7356,122,244,122,127,82
20,post_landing,59,993.0,59,195.000,482.190,1.42114,0.07496,1.42311,-0.075513,0.000000,0,1,4.24600,1052.603,1.069,5.000,1.7356,122,244,122,127,82
20,post_landing,60,1010.0,59,196.427,480.367,1.12406,0.13572,1.13222,-0.023957,-0.075844,0,1,4.24600,1052.603,1.069,5.000,1.7356,122,244,122,127,82
20,post_landing,61,1027.0,59,197.491,479.626,0.71051,-0.23498,0.74835,0.001643,-0.098512,0,1,4.24600,1052.603,1.069,5.000,1.7356,122,244,122,127,82
20,post_landing,62,1043.0,59,198.205,479.125,0.77369,-0.16644,0.79139,-0.011737,-0.096862,0,1,4.24600,1052.603,1.069,5.000,1.7356,122,244,122,127,82
20,post_landing,63,1060.0,59,198.982,479.174,0.89668,-0.09169,0.90136,-0.020385,-0.108650,0,1,4.24600,1052.603,1.069,5.000,1.7356,122,244,122,127,82
20,post_landing,64,1077.0,59,199.830,479.256,0.80665,-0.14141,0.81895,-0.010097,-0.127938,0,1,4.24600,1052.603,1.069,5.000,1.7356,122,244,122,127,82
20,post_landing,65,1093.0,59,200.640,479.309,0.79503,-0.12957,0.80552,-0.020673,-0.138079,0,1,4.24600,1052.603,1.069,5.000,1.7356,122,244,122,127,82
20,post_landing,66,1110.0,59,201.439,479.421,0.30648,0.05908,0.31212,0.042445,-0.158842,0,1,4.24600,1052.603,1.069,5.000,1.7356,122,244,122,127,82
20,post_landing,67,1127.0,59,201.729,479.208,0.45961,-0.20961,0.50515,-0.009839,-0.118681,0,1,4.24600,1052.603,1.069,5.000,1.7356,122,244,122,127,82
20,post_landing,68,1143.0,59,202.190,479.257,0.51512,-0.10752,0.52622,-0.024182,-0.128563,0,1,4.24600,1052.603,1.069,5.000,1.7356,122,244,122,127,82
20,post_landing,69,1160.0,59,202.708,479.387,0.01997,0.12320,0.12480,0.044786,-0.152852,0,1,4.24600,1052.603,1.069,5.000,1.7356,122,244,122,127,82
20,post_landing,70,1177.0,59,202.727,479.174,0.33482,-0.13756,0.36198,-0.024050,-0.110476,0,1,4.24600,1052.603,1.069,5.000,1.7356,122,244,122,127,82
20,post_landing,71,1193.0,59,203.063,479.287,0.37169,-0.12461,0.39202,-0.033010,-0.134632,0,1,4.24600,1052.603,1.069,5.000,1.7356,122,244,122,127,82
20,post_landing,72,1210.0,59,203.436,479.472,-0.10200,0.11914,0.15684,0.036561,-0.167786,0,1,4.24600,1052.603,1.069,5.000,1.7356,122,244,122,127,82
20,post_landing,73,1227.0,59,203.340,479.275,-0.93496,-0.05726,0.93672,0.131815,-0.133194,0,1,4.24600,1052.603,1.069,5.000,1.7356,122,244,122,127,82
20,post_landing,74,1243.0,59,202.401,478.989,-0.44580,0.02461,0.44648,0.040082,-0.000800,0,1,4.24600,1052.603,1.069,5.000,1.7356,122,244,122,127,82
20,post_landing,75,1260.0,59,201.953,478.890,0.12017,0.00000,0.12017,-0.045415,0.039459,0,1,4.24600,1052.603,1.069,5.000,1.7356,122,244,122,127,82
20,post_landing,76,1277.0,59,202.067,478.986,-0.25636,0.01648,0.25689,0.017227,-0.003511,0,1,4.24600,1052.603,1.069,5.000,1.7356,122,244,122,127,82
20,post_landing,77,1293.0,59,201.809,478.948,-0.31645,0.00000,0.31645,0.025566,0.013792,0,1,4.24600,1052.603,1.069,5.000,1.7356,122,244,122,127,82
20,post_landing,78,1310.0,59,201.491,478.890,-0.29291,-0.04431,0.29624,0.022270,0.039471,0,1,4.24600,1052.603,1.069,5.000,1.7356,122,244,122,127,82
20,post_landing,79,1328.0,59,201.214,478.862,-0.27137,-0.05286,0.27647,0.020318,0.060542,0,1,4.24600,1052.603,1.069,5.000,1.7356,122,244,122,127,82
20,post_landing,80,1343.0,59,200.942,478.873,-0.50446,0.00000,0.50446,0.051415,0.080949,0,1,4.24600,1052.603,1.069,5.000,1.7356,122,244,122,127,82
20,post_landing,81,1360.0,59,200.435,478.932,-0.38758,-0.06797,0.39349,0.031153,0.132590,0,1,4.24600,1052.603,1.069,5.000,1.7356,122,244,122,127,82
20,post_landing,82,1377.0,59,200.068,479.006,-0.38668,-0.07923,0.39471,0.031589,0.162066,0,1,4.24600,1052.603,1.069,5.000,1.7356,122,244,122,127,82
20,post_landing,83,1393.0,59,199.680,479.136,-0.38390,-0.11786,0.40158,0.034250,0.193794,0,1,4.24600,1052.603,1.069,5.000,1.7356,122,244,122,127,82
20,post_landing,84,1410.0,59,199.294,479.319,-0.35058,-0.13693,0.37637,0.033817,0.228195,0,1,4.24600,1052.603,1.069,5.000,1.7356,122,244,122,127,82
20,post_landing,85,1427.0,59,198.963,479.456,-0.34553,0.13171,0.36978,0.033330,0.260192,0,0,4.24600,1052.603,1.069,5.000,1.7356,122,244,122,127,82
20,post_landing,86,1443.0,59,198.616,479.823,-0.24658,-0.13812,0.28263,0.018423,0.293668,0,1,4.24600,1052.603,1.069,5.000,1.7356,122,244,122,127,82
20,post_landing,87,1460.0,59,198.368,479.990,0.98434,0.05598,0.98593,-0.082115,0.312172,0,1,4.24600,1052.603,1.069,5.000,1.7356,122,244,122,127,82
20,post_landing,88,1477.0,59,199.299,479.729,1.23941,-1.06692,1.63538,-0.026644,0.234477,0,1,4.24600,1052.603,1.069,5.000,1.7356,122,244,122,127,82
20,post_landing,89,1493.0,59,200.544,478.946,1.22045,-0.76726,1.44159,-0.026237,0.207716,0,0,4.24600,1052.603,1.069,5.000,1.7356,122,244,122,127,82
20,post_landing,90,1510.0,59,201.770,478.464,1.20177,-0.47219,1.29121,-0.025835,0.181364,0,0,4.24600,1052.603,1.069,5.000,1.7356,122,244,122,127,82
20,post_landing,91,1527.0,59,202.907,478.274,1.18447,-0.19872,1.20102,-0.025463,0.156919,0,0,4.24600,1052.603,1.069,5.000,1.7356,122,244,122,127,82
20,post_landing,92,1543.0,59,204.097,478.363,1.16635,0.08765,1.16963,-0.025074,0.131344,0,0,4.24600,1052.603,1.069,5.000,1.7356,122,244,122,127,82
20,post_landing,93,1560.0,59,205.268,478.740,1.14850,0.36964,1.20652,-0.024690,0.106160,0,0,4.24600,1052.603,1.069,5.000,1.7356,122,244,122,127,82
20,post_landing,94,1577.0,59,206.355,478.854,1.06404,0.04707,1.06509,-0.009535,0.082799,0,1,4.24600,1052.603,1.069,5.000,1.7356,122,244,122,127,82
20,post_landing,95,1593.0,59,207.424,478.857,0.98490,0.00000,0.98490,-0.004098,0.073222,0,1,4.24600,1052.603,1.069,5.000,1.7356,122,244,122,127,82
20,post_landing,96,1610.0,59,208.413,478.858,0.92236,-0.01396,0.92247,-0.002744,0.069106,0,1,4.24600,1052.603,1.069,5.000,1.7356,122,244,122,127,82
20,post_landing,97,1627.0,59,209.285,478.858,0.85908,-0.01596,0.85923,-0.001747,0.066510,0,1,4.24600,1052.603,1.069,5.000,1.7356,122,244,122,127,82
20,post_landing,98,1643.0,59,210.148,478.861,0.90175,0.00000,0.90175,-0.009097,0.064755,0,1,4.24600,1052.603,1.069,5.000,1.7356,122,244,122,127,82
20,post_landing,99,1660.0,59,211.054,478.868,0.83468,-0.02947,0.83520,-0.004342,0.055618,0,1,4.24600,1052.603,1.069,5.000,1.7356,122,244,122,127,82
20,post_landing,100,1677.0,59,211.844,478.871,0.77409,-0.03313,0.77480,-0.004564,0.051510,0,1,4.24600,1052.603,1.069,5.000,1.7356,122,244,122,127,82
20,post_landing,101,1693.0,59,212.621,478.879,0.79478,-0.03288,0.79546,-0.015881,0.046927,0,1,4.24600,1052.603,1.069,5.000,1.7356,122,244,122,127,82
20,post_landing,102,1710.0,59,213.420,478.906,0.73567,-0.05106,0.73744,-0.014421,0.030975,0,1,4.24600,1052.603,1.069,5.000,1.7356,122,244,122,127,82
20,post_landing,103,1727.0,59,214.116,478.936,0.68157,-0.05618,0.68388,-0.013722,0.017331,0,1,4.24600,1052.603,1.069,5.000,1.7356,122,244,122,127,82
20,post_landing,104,1743.0,59,214.800,478.978,0.63087,-0.07933,0.63584,-0.014298,0.003549,0,1,4.24600,1052.603,1.069,5.000,1.7356,122,244,122,127,82
20,post_landing,105,1760.0,59,215.434,478.985,0.58395,-0.09048,0.59091,-0.015419,-0.010812,0,1,4.24600,1052.603,1.069,5.000,1.7356,122,244,122,127,82
20,post_landing,106,1777.0,59,215.986,478.985,0.54100,-0.08313,0.54735,-0.016430,-0.025401,0,1,4.24600,1052.603,1.069,5.000,1.7356,122,244,122,127,82
20,post_landing,107,1793.0,59,216.530,479.000,0.50076,-0.11307,0.51337,-0.018868,-0.041904,0,1,4.24600,1052.603,1.069,5.000,1.7356,122,244,122,127,82
20,post_landing,108,1810.0,59,217.033,479.039,0.69027,-0.03615,0.69122,-0.047821,-0.060855,0,1,4.24600,1052.603,1.069,5.000,1.7356,122,244,122,127,82
20,post_landing,109,1827.0,59,217.686,479.164,0.13034,0.11264,0.17227,0.033592,-0.106102,0,1,4.24600,1052.603,1.069,5.000,1.7356,122,244,122,127,82
20,post_landing,110,1843.0,59,217.817,479.054,0.10763,0.00000,0.10763,0.020424,-0.072362,0,1,4.24600,1052.603,1.069,5.000,1.7356,122,244,122,127,82
20,post_landing,111,1860.0,59,217.925,479.013,-0.03558,0.12954,0.13434,0.032805,-0.051849,0,1,4.24600,1052.603,1.069,5.000,1.7356,122,244,122,127,82
20,post_landing,112,1877.0,59,217.891,478.984,-0.03296,0.08769,0.09368,0.023908,-0.020809,0,1,4.24600,1052.603,1.069,5.000,1.7356,122,244,122,127,82
20,post_landing,113,1893.0,59,217.858,478.979,-0.11342,0.05103,0.12438,0.030625,0.003204,0,1,4.24600,1052.603,1.069,5.000,1.7356,122,244,122,127,82
20,post_landing,114,1910.0,59,217.744,478.900,-0.10499,-0.03045,0.10931,0.026053,0.033963,0,1,4.24600,1052.603,1.069,5.000,1.7356,122,244,122,127,82
20,post_landing,115,1927.0,59,217.645,478.863,-0.09727,-0.04546,0.10736,0.023147,0.058614,0,1,4.24600,1052.603,1.069,5.000,1.7356,122,244,122,127,82
20,post_landing,116,1943.0,59,217.547,478.873,-0.33432,0.00000,0.33432,0.052349,0.081863,0,1,4.24600,1052.603,1.069,5.000,1.7356,122,244,122,127,82
20,post_landing,117,1960.0,59,217.211,478.936,-0.26973,-0.05991,0.27630,0.037455,0.134442,0,1,4.24600,1052.603,1.069,5.000,1.7356,122,244,122,127,82
20,post_landing,118,1977.0,59,216.956,479.033,0.19795,0.11352,0.22819,-0.033456,0.169881,0,1,4.24600,1052.603,1.069,5.000,1.7356,122,244,122,127,82
21,falling,0,41.0,,195.000,97.029,0.00000,0.55000,0.55000,0.000000,0.000000,0,0,8.59200,8519.244,3.325,59.000,1.3050,50,100,50,50,44
21,falling,1,57.0,,195.000,97.805,0.00000,0.80875,0.80875,0.000000,0.000000,0,0,8.59200,8519.244,3.325,59.000,1.3050,50,100,50,50,44
21,falling,2,74.0,,195.000,98.907,0.00000,1.07971,1.07971,0.000000,0.000000,0,0,8.59200,8519.244,3.325,59.000,1.3050,50,100,50,50,44
21,falling,3,90.0,,195.000,100.184,0.00000,1.33083,1.33083,0.000000,0.000000,0,0,8.59200,8519.244,3.325,59.000,1.3050,50,100,50,50,44
21,falling,4,107.0,,195.000,101.810,0.00000,1.59380,1.59380,0.000000,0.000000,0,0,8.59200,8519.244,3.325,59.000,1.3050,50,100,50,50,44
21,falling,5,124.0,,195.000,103.700,0.00000,1.85275,1.85275,0.000000,0.000000,0,0,8.59200,8519.244,3.325,59.000,1.3050,50,100,50,50,44
21,falling,6,140.0,,195.000,105.709,0.00000,2.09273,2.09273,0.000000,0.000000,0,0,8.59200,8519.244,3.325,59.000,1.3050,50,100,50,50,44
21,falling,7,157.0,,195.000,108.100,0.00000,2.34405,2.34405,0.000000,0.000000,0,0,8.59200,8519.244,3.325,59.000,1.3050,50,100,50,50,44
21,falling,8,174.0,,195.000,110.743,0.00000,2.59152,2.59152,0.000000,0.000000,0,0,8.59200,8519.244,3.325,59.000,1.3050,50,100,50,50,44
21,falling,9,190.0,,195.000,113.451,0.00000,2.82086,2.82086,0.000000,0.000000,0,0,8.59200,8519.244,3.325,59.000,1.3050,50,100,50,50,44
21,falling,10,207.0,,195.000,116.573,0.00000,3.06104,3.06104,0.000000,0.000000,0,0,8.59200,8519.244,3.325,59.000,1.3050,50,100,50,50,44
21,falling,11,224.0,,195.000,119.937,0.00000,3.29754,3.29754,0.000000,0.000000,0,0,8.59200,8519.244,3.325,59.000,1.3050,50,100,50,50,44
21,falling,12,240.0,,195.000,123.313,0.00000,3.51672,3.51672,0.000000,0.000000,0,0,8.59200,8519.244,3.325,59.000,1.3050,50,100,50,50,44
21,falling,13,257.0,,195.000,127.134,0.00000,3.74625,3.74625,0.000000,0.000000,0,0,8.59200,8519.244,3.325,59.000,1.3050,50,100,50,50,44
21,falling,14,274.0,,195.000,130.935,0.00000,3.95897,3.95897,0.000000,0.000000,0,0,8.59200,8519.244,3.325,59.000,1.3050,50,100,50,50,44
21,falling,15,290.0,,195.000,135.200,0.00000,4.18173,4.18173,0.000000,0.000000,0,0,8.59200,8519.244,3.325,59.000,1.3050,50,100,50,50,44
21,falling,16,307.0,,195.000,139.689,0.00000,4.40108,4.40108,0.000000,0.000000,0,0,8.59200,8519.244,3.325,59.000,1.3050,50,100,50,50,44
21,falling,17,324.0,,195.000,144.109,0.00000,4.60437,4.60437,0.000000,0.000000,0,0,8.59200,8519.244,3.325,59.000,1.3050,50,100,50,50,44
21,falling,18,340.0,,195.000,149.023,0.00000,4.81726,4.81726,0.000000,0.000000,0,0,8.59200,8519.244,3.325,59.000,1.3050,50,100,50,50,44
21,falling,19,357.0,,195.000,154.150,0.00000,5.02689,5.02689,0.000000,0.000000,0,0,8.59200,8519.244,3.325,59.000,1.3050,50,100,50,50,44
21,falling,20,374.0,,195.000,159.163,0.00000,5.22117,5.22117,0.000000,0.000000,0,0,8.59200,8519.244,3.325,59.000,1.3050,50,100,50,50,44
21,falling,21,390.0,,195.000,164.696,0.00000,5.42462,5.42462,0.000000,0.000000,0,0,8.59200,8519.244,3.325,59.000,1.3050,50,100,50,50,44
21,falling,22,407.0,,195.000,170.433,0.00000,5.62496,5.62496,0.000000,0.000000,0,0,8.59200,8519.244,3.325,59.000,1.3050,50,100,50,50,44
21,falling,23,424.0,,195.000,176.011,0.00000,5.81062,5.81062,0.000000,0.000000,0,0,8.59200,8519.244,3.325,59.000,1.3050,50,100,50,50,44
21,falling,24,440.0,,195.000,182.137,0.00000,6.00505,6.00505,0.000000,0.000000,0,0,8.59200,8519.244,3.325,59.000,1.3050,50,100,50,50,44
21,falling,25,457.0,,195.000,188.457,0.00000,6.19651,6.19651,0.000000,0.000000,0,0,8.59200,8519.244,3.325,59.000,1.3050,50,100,50,50,44
21,falling,26,474.0,,195.000,194.576,0.00000,6.37395,6.37395,0.000000,0.000000,0,0,8.59200,8519.244,3.325,59.000,1.3050,50,100,50,50,44
21,falling,27,490.0,,195.000,201.267,0.00000,6.55976,6.55976,0.000000,0.000000,0,0,8.59200,8519.244,3.325,59.000,1.3050,50,100,50,50,44
21,falling,28,507.0,,195.000,208.145,0.00000,6.74273,6.74273,0.000000,0.000000,0,0,8.59200,8519.244,3.325,59.000,1.3050,50,100,50,50,44
21,falling,29,524.0,,195.000,214.780,0.00000,6.91230,6.91230,0.000000,0.000000,0,0,8.59200,8519.244,3.325,59.000,1.3050,50,100,50,50,44
21,falling,30,540.0,,195.000,222.012,0.00000,7.08987,7.08987,0.000000,0.000000,0,0,8.59200,8519.244,3.325,59.000,1.3050,50,100,50,50,44
21,falling,31,557.0,,195.000,229.422,0.00000,7.26473,7.26473,0.000000,0.000000,0,0,8.59200,8519.244,3.325,59.000,1.3050,50,100,50,50,44
21,falling,32,574.0,,195.000,236.552,0.00000,7.42679,7.42679,0.000000,0.000000,0,0,8.59200,8519.244,3.325,59.000,1.3050,50,100,50,50,44
21,falling,33,590.0,,195.000,244.300,0.00000,7.59649,7.59649,0.000000,0.000000,0,0,8.59200,8519.244,3.325,59.000,1.3050,50,100,50,50,44
21,falling,34,607.0,,195.000,252.219,0.00000,7.76360,7.76360,0.000000,0.000000,0,0,8.59200,8519.244,3.325,59.000,1.3050,50,100,50,50,44
21,falling,35,624.0,,195.000,259.821,0.00000,7.91847,7.91847,0.000000,0.000000,0,0,8.59200,8519.244,3.325,59.000,1.3050,50,100,50,50,44
21,falling,36,640.0,,195.000,268.063,0.00000,8.08065,8.08065,0.000000,0.000000,0,0,8.59200,8519.244,3.325,59.000,1.3050,50,100,50,50,44
21,falling,37,657.0,,195.000,276.468,0.00000,8.24035,8.24035,0.000000,0.000000,0,0,8.59200,8519.244,3.325,59.000,1.3050,50,100,50,50,44
21,falling,38,674.0,,195.000,284.521,0.00000,8.38835,8.38835,0.000000,0.000000,0,0,8.59200,8519.244,3.325,59.000,1.3050,50,100,50,50,44
21,falling,39,690.0,,195.000,293.235,0.00000,8.54335,8.54335,0.000000,0.000000,0,0,8.59200,8519.244,3.325,59.000,1.3050,50,100,50,50,44
21,falling,40,707.0,,195.000,302.105,0.00000,8.69597,8.69597,0.000000,0.000000,0,0,8.59200,8519.244,3.325,59.000,1.3050,50,100,50,50,44
21,falling,41,724.0,,195.000,310.589,0.00000,8.83741,8.83741,0.000000,0.000000,0,0,8.59200,8519.244,3.325,59.000,1.3050,50,100,50,50,44
21,falling,42,740.0,,195.000,319.754,0.00000,8.98553,8.98553,0.000000,0.000000,0,0,8.59200,8519.244,3.325,59.000,1.3050,50,100,50,50,44
21,falling,43,757.0,,195.000,329.068,0.00000,9.13139,9.13139,0.000000,0.000000,0,0,8.59200,8519.244,3.325,59.000,1.3050,50,100,50,50,44
21,falling,44,774.0,,195.000,337.964,0.00000,9.26656,9.26656,0.000000,0.000000,0,0,8.59200,8519.244,3.325,59.000,1.3050,50,100,50,50,44
21,falling,45,790.0,,195.000,347.560,0.00000,9.40812,9.40812,0.000000,0.000000,0,0,8.59200,8519.244,3.325,59.000,1.3050,50,100,50,50,44
21,falling,46,807.0,,195.000,357.299,0.00000,9.54750,9.54750,0.000000,0.000000,0,0,8.59200,8519.244,3.325,59.000,1.3050,50,100,50,50,44
21,falling,47,824.0,,195.000,366.589,0.00000,9.67669,9.67669,0.000000,0.000000,0,0,8.59200,8519.244,3.325,59.000,1.3050,50,100,50,50,44
21,falling,48,840.0,,195.000,376.597,0.00000,9.81197,9.81197,0.000000,0.000000,0,0,8.59200,8519.244,3.325,59.000,1.3050,50,100,50,50,44
21,falling,49,857.0,,195.000,386.741,0.00000,9.94518,9.94518,0.000000,0.000000,0,0,8.59200,8519.244,3.325,59.000,1.3050,50,100,50,50,44
21,falling,50,874.0,,195.000,396.407,0.00000,10.06863,10.06863,0.000000,0.000000,0,0,8.59200,8519.244,3.325,59.000,1.3050,50,100,50,50,44
21,falling,51,890.0,,195.000,406.809,0.00000,10.19792,10.19792,0.000000,0.000000,0,0,8.59200,8519.244,3.325,59.000,1.3050,50,100,50,50,44
21,falling,52,907.0,,195.000,417.340,0.00000,10.32522,10.32522,0.000000,0.000000,0,0,8.59200,8519.244,3.325,59.000,1.3050,50,100,50,50,44
21,falling,53,924.0,,195.000,427.366,0.00000,10.44321,10.44321,0.000000,0.000000,0,0,8.59200,8519.244,3.325,59.000,1.3050,50,100,50,50,44
21,falling,54,940.0,,195.000,438.144,0.00000,10.56676,10.56676,0.000000,0.000000,0,0,8.59200,8519.244,3.325,59.000,1.3050,50,100,50,50,44
21,falling,55,957.0,,195.000,449.046,0.00000,10.68842,10.68842,0.000000,0.000000,0,0,8.59200,8519.244,3.325,59.000,1.3050,50,100,50,50,44
21,falling,56,974.0,,195.000,459.415,0.00000,10.80117,10.80117,0.000000,0.000000,0,0,8.59200,8519.244,3.325,59.000,1.3050,50,100,50,50,44
21,falling,57,990.0,,195.000,470.553,0.00000,10.91925,10.91925,0.000000,0.000000,0,0,8.59200,8519.244,3.325,59.000,1.3050,50,100,50,50,44
21,falling,58,1007.0,,195.000,481.809,0.00000,11.03552,11.03552,0.000000,0.000000,0,0,8.59200,8519.244,3.325,59.000,1.3050,50,100,50,50,44
21,post_landing,59,1024.0,59,195.000,486.367,-0.00008,0.00000,0.00008,0.000000,0.000000,0,1,8.59200,8519.244,3.325,59.000,1.3050,50,100,50,50,44
21,post_landing,60,1040.0,59,195.000,484.798,0.00012,0.00000,0.00012,0.000000,0.000000,0,1,8.59200,8519.244,3.325,59.000,1.3050,50,100,50,50,44
21,post_landing,61,1057.0,59,195.000,483.869,-0.00063,0.00000,0.00063,0.000000,0.000000,0,1,8.59200,8519.244,3.325,59.000,1.3050,50,100,50,50,44
21,post_landing,62,1073.0,59,194.999,483.367,-0.00195,0.00000,0.00195,0.000000,0.000000,0,1,8.59200,8519.244,3.325,59.000,1.3050,50,100,50,50,44
21,post_landing,63,1090.0,59,194.997,483.369,-0.00077,0.00000,0.00077,0.000000,0.000000,0,1,8.59200,8519.244,3.325,59.000,1.3050,50,100,50,50,44
21,post_landing,64,1107.0,59,194.997,483.369,-0.00000,0.00000,0.00000,0.000000,0.000000,0,1,8.59200,8519.244,3.325,59.000,1.3050,50,100,50,50,44
21,post_landing,65,1124.0,59,194.997,483.367,0.00055,0.00000,0.00055,0.000000,0.000000,0,1,8.59200,8519.244,3.325,59.000,1.3050,50,100,50,50,44
21,post_landing,66,1140.0,59,194.997,483.369,-0.00036,0.00000,0.00036,0.000000,0.000000,0,1,8.59200,8519.244,3.325,59.000,1.3050,50,100,50,50,44
21,post_landing,67,1157.0,59,194.997,483.369,-0.00011,0.00000,0.00011,0.000000,0.000000,0,1,8.59200,8519.244,3.325,59.000,1.3050,50,100,50,50,44
21,post_landing,68,1173.0,59,194.997,483.367,0.00050,0.00000,0.00050,0.000000,0.000000,0,1,8.59200,8519.244,3.325,59.000,1.3050,50,100,50,50,44
21,post_landing,69,1190.0,59,194.997,483.369,-0.00037,0.00000,0.00037,0.000000,0.000000,0,1,8.59200,8519.244,3.325,59.000,1.3050,50,100,50,50,44
21,post_landing,70,1207.0,59,194.997,483.369,-0.00010,0.00000,0.00010,0.000000,0.000000,0,1,8.59200,8519.244,3.325,59.000,1.3050,50,100,50,50,44
21,post_landing,71,1223.0,59,194.997,483.367,0.00050,0.00000,0.00050,0.000000,0.000000,0,1,8.59200,8519.244,3.325,59.000,1.3050,50,100,50,50,44
21,post_landing,72,1240.0,59,194.997,483.369,-0.00037,0.00000,0.00037,0.000000,0.000000,0,1,8.59200,8519.244,3.325,59.000,1.3050,50,100,50,50,44
21,post_landing,73,1257.0,59,194.997,483.369,-0.00010,0.00000,0.00010,0.000000,0.000000,0,1,8.59200,8519.244,3.325,59.000,1.3050,50,100,50,50,44
21,post_landing,74,1273.0,59,194.997,483.367,0.00050,0.00000,0.00050,0.000000,0.000000,0,1,8.59200,8519.244,3.325,59.000,1.3050,50,100,50,50,44
21,post_landing,75,1290.0,59,194.997,483.369,-0.00037,0.00000,0.00037,0.000000,0.000000,0,1,8.59200,8519.244,3.325,59.000,1.3050,50,100,50,50,44
21,post_landing,76,1307.0,59,194.997,483.367,0.00038,0.00000,0.00038,0.000000,0.000000,0,1,8.59200,8519.244,3.325,59.000,1.3050,50,100,50,50,44
21,post_landing,77,1323.0,59,194.997,483.369,-0.00037,0.00000,0.00037,0.000000,0.000000,0,1,8.59200,8519.244,3.325,59.000,1.3050,50,100,50,50,44
21,post_landing,78,1340.0,59,194.997,483.369,-0.00010,0.00000,0.00010,0.000000,0.000000,0,1,8.59200,8519.244,3.325,59.000,1.3050,50,100,50,50,44
21,post_landing,79,1357.0,59,194.997,483.367,0.00050,0.00000,0.00050,0.000000,0.000000,0,1,8.59200,8519.244,3.325,59.000,1.3050,50,100,50,50,44
21,post_landing,80,1373.0,59,194.997,483.369,-0.00037,0.00000,0.00037,0.000000,0.000000,0,1,8.59200,8519.244,3.325,59.000,1.3050,50,100,50,50,44
21,post_landing,81,1390.0,59,194.997,483.369,-0.00010,0.00000,0.00010,0.000000,0.000000,0,1,8.59200,8519.244,3.325,59.000,1.3050,50,100,50,50,44
21,post_landing,82,1407.0,59,194.997,483.367,0.00050,0.00000,0.00050,0.000000,0.000000,0,1,8.59200,8519.244,3.325,59.000,1.3050,50,100,50,50,44
21,post_landing,83,1423.0,59,194.997,483.369,-0.00037,0.00000,0.00037,0.000000,0.000000,0,1,8.59200,8519.244,3.325,59.000,1.3050,50,100,50,50,44
21,post_landing,84,1440.0,59,194.997,483.369,-0.00010,0.00000,0.00010,0.000000,0.000000,0,1,8.59200,8519.244,3.325,59.000,1.3050,50,100,50,50,44
21,post_landing,85,1457.0,59,194.997,483.367,0.00050,0.00000,0.00050,0.000000,0.000000,0,1,8.59200,8519.244,3.325,59.000,1.3050,50,100,50,50,44
21,post_landing,86,1473.0,59,194.998,483.369,-0.00037,0.00000,0.00037,0.000000,0.000000,0,1,8.59200,8519.244,3.325,59.000,1.3050,50,100,50,50,44
21,post_landing,87,1490.0,59,194.997,483.369,-0.00010,0.00000,0.00010,0.000000,0.000000,0,1,8.59200,8519.244,3.325,59.000,1.3050,50,100,50,50,44
21,post_landing,88,1507.0,59,194.997,483.367,0.00050,0.00000,0.00050,0.000000,0.000000,0,1,8.59200,8519.244,3.325,59.000,1.3050,50,100,50,50,44
21,post_landing,89,1523.0,59,194.998,483.369,-0.00037,0.00000,0.00037,0.000000,0.000000,0,1,8.59200,8519.244,3.325,59.000,1.3050,50,100,50,50,44
21,post_landing,90,1540.0,59,194.997,483.369,-0.00010,0.00000,0.00010,0.000000,0.000000,0,1,8.59200,8519.244,3.325,59.000,1.3050,50,100,50,50,44
21,post_landing,91,1557.0,59,194.997,483.367,0.00050,0.00000,0.00050,0.000000,0.000000,0,1,8.59200,8519.244,3.325,59.000,1.3050,50,100,50,50,44
21,post_landing,92,1573.0,59,194.998,483.369,-0.00037,0.00000,0.00037,0.000000,0.000000,0,1,8.59200,8519.244,3.325,59.000,1.3050,50,100,50,50,44
21,post_landing,93,1590.0,59,194.997,483.369,-0.00010,0.00000,0.00010,0.000000,0.000000,0,1,8.59200,8519.244,3.325,59.000,1.3050,50,100,50,50,44
21,post_landing,94,1607.0,59,194.997,483.367,0.00050,0.00000,0.00050,0.000000,0.000000,0,1,8.59200,8519.244,3.325,59.000,1.3050,50,100,50,50,44
21,post_landing,95,1623.0,59,194.998,483.369,-0.00037,0.00000,0.00037,0.000000,0.000000,0,1,8.59200,8519.244,3.325,59.000,1.3050,50,100,50,50,44
21,post_landing,96,1640.0,59,194.997,483.369,-0.00010,0.00000,0.00010,0.000000,0.000000,0,1,8.59200,8519.244,3.325,59.000,1.3050,50,100,50,50,44
21,post_landing,97,1657.0,59,194.997,483.367,0.00050,0.00000,0.00050,0.000000,0.000000,0,1,8.59200,8519.244,3.325,59.000,1.3050,50,100,50,50,44
21,post_landing,98,1673.0,59,194.998,483.369,-0.00037,0.00000,0.00037,0.000000,0.000000,0,1,8.59200,8519.244,3.325,59.000,1.3050,50,100,50,50,44
21,post_landing,99,1690.0,59,194.997,483.369,-0.00010,0.00000,0.00010,0.000000,0.000000,0,1,8.59200,8519.244,3.325,59.000,1.3050,50,100,50,50,44
21,post_landing,100,1707.0,59,194.997,483.367,0.00050,0.00000,0.00050,0.000000,0.000000,0,1,8.59200,8519.244,3.325,59.000,1.3050,50,100,50,50,44
21,post_landing,101,1723.0,59,194.998,483.369,-0.00037,0.00000,0.00037,0.000000,0.000000,0,1,8.59200,8519.244,3.325,59.000,1.3050,50,100,50,50,44
21,post_landing,102,1740.0,59,194.997,483.369,-0.00010,0.00000,0.00010,0.000000,0.000000,0,1,8.59200,8519.244,3.325,59.000,1.3050,50,100,50,50,44
21,post_landing,103,1757.0,59,194.997,483.367,0.00050,0.00000,0.00050,0.000000,0.000000,0,1,8.59200,8519.244,3.325,59.000,1.3050,50,100,50,50,44
21,post_landing,104,1773.0,59,194.998,483.369,-0.00037,0.00000,0.00037,0.000000,0.000000,0,1,8.59200,8519.244,3.325,59.000,1.3050,50,100,50,50,44
21,post_landing,105,1790.0,59,194.997,483.369,-0.00010,0.00000,0.00010,0.000000,0.000000,0,1,8.59200,8519.244,3.325,59.000,1.3050,50,100,50,50,44
21,post_landing,106,1807.0,59,194.997,483.367,0.00050,0.00000,0.00050,0.000000,0.000000,0,1,8.59200,8519.244,3.325,59.000,1.3050,50,100,50,50,44
21,post_landing,107,1823.0,59,194.998,483.369,-0.00037,0.00000,0.00037,0.000000,0.000000,0,1,8.59200,8519.244,3.325,59.000,1.3050,50,100,50,50,44
21,post_landing,108,1840.0,59,194.997,483.369,-0.00010,0.00000,0.00010,0.000000,0.000000,0,1,8.59200,8519.244,3.325,59.000,1.3050,50,100,50,50,44
21,post_landing,109,1857.0,59,194.997,483.367,0.00050,0.00000,0.00050,0.000000,0.000000,0,1,8.59200,8519.244,3.325,59.000,1.3050,50,100,50,50,44
21,post_landing,110,1873.0,59,194.998,483.369,-0.00037,0.00000,0.00037,0.000000,0.000000,0,1,8.59200,8519.244,3.325,59.000,1.3050,50,100,50,50,44
21,post_landing,111,1890.0,59,194.997,483.369,-0.00010,0.00000,0.00010,0.000000,0.000000,0,1,8.59200,8519.244,3.325,59.000,1.3050,50,100,50,50,44
21,post_landing,112,1907.0,59,194.997,483.367,0.00050,0.00000,0.00050,0.000000,0.000000,0,1,8.59200,8519.244,3.325,59.000,1.3050,50,100,50,50,44
21,post_landing,113,1923.0,59,194.998,483.369,-0.00037,0.00000,0.00037,0.000000,0.000000,0,1,8.59200,8519.244,3.325,59.000,1.3050,50,100,50,50,44
21,post_landing,114,1940.0,59,194.997,483.369,-0.00010,0.00000,0.00010,0.000000,0.000000,0,1,8.59200,8519.244,3.325,59.000,1.3050,50,100,50,50,44
21,post_landing,115,1957.0,59,194.997,483.367,0.00050,0.00000,0.00050,0.000000,0.000000,0,1,8.59200,8519.244,3.325,59.000,1.3050,50,100,50,50,44
21,post_landing,116,1973.0,59,194.998,483.369,-0.00037,0.00000,0.00037,0.000000,0.000000,0,1,8.59200,8519.244,3.325,59.000,1.3050,50,100,50,50,44
21,post_landing,117,1990.0,59,194.997,483.369,-0.00010,0.00000,0.00010,0.000000,0.000000,0,1,8.59200,8519.244,3.325,59.000,1.3050,50,100,50,50,44
21,post_landing,118,2007.0,59,194.997,483.369,0.00001,0.00000,0.00001,0.000000,0.000000,0,1,8.59200,8519.244,3.325,59.000,1.3050,50,100,50,50,44
22,falling,0,24.0,,195.000,97.029,0.00000,0.55000,0.55000,0.000000,0.000000,0,0,3.96600,1328.128,2.502,5.000,1.3709,67,134,67,70,54
22,falling,1,34.0,,195.000,97.456,0.00000,0.71172,0.71172,0.000000,0.000000,0,0,3.96600,1328.128,2.502,5.000,1.3709,67,134,67,70,54
22,falling,2,50.0,,195.000,98.385,0.00000,0.96813,0.96813,0.000000,0.000000,0,0,3.96600,1328.128,2.502,5.000,1.3709,67,134,67,70,54
22,falling,3,67.0,,195.000,99.647,0.00000,1.23666,1.23666,0.000000,0.000000,0,0,3.96600,1328.128,2.502,5.000,1.3709,67,134,67,70,54
22,falling,4,84.0,,195.000,101.178,0.00000,1.50107,1.50107,0.000000,0.000000,0,0,3.96600,1328.128,2.502,5.000,1.3709,67,134,67,70,54
22,falling,5,100.0,,195.000,102.854,0.00000,1.74612,1.74612,0.000000,0.000000,0,0,3.96600,1328.128,2.502,5.000,1.3709,67,134,67,70,54
22,falling,6,117.0,,195.000,104.897,0.00000,2.00274,2.00274,0.000000,0.000000,0,0,3.96600,1328.128,2.502,5.000,1.3709,67,134,67,70,54
22,falling,7,134.0,,195.000,107.198,0.00000,2.25543,2.25543,0.000000,0.000000,0,0,3.96600,1328.128,2.502,5.000,1.3709,67,134,67,70,54
22,falling,8,150.0,,195.000,109.588,0.00000,2.48962,2.48962,0.000000,0.000000,0,0,3.96600,1328.128,2.502,5.000,1.3709,67,134,67,70,54
22,falling,9,167.0,,195.000,112.377,0.00000,2.73486,2.73486,0.000000,0.000000,0,0,3.96600,1328.128,2.502,5.000,1.3709,67,134,67,70,54
22,falling,10,184.0,,195.000,115.413,0.00000,2.97635,2.97635,0.000000,0.000000,0,0,3.96600,1328.128,2.502,5.000,1.3709,67,134,67,70,54
22,falling,11,200.0,,195.000,118.485,0.00000,3.20016,3.20016,0.000000,0.000000,0,0,3.96600,1328.128,2.502,5.000,1.3709,67,134,67,70,54
22,falling,12,217.0,,195.000,121.988,0.00000,3.43453,3.43453,0.000000,0.000000,0,0,3.96600,1328.128,2.502,5.000,1.3709,67,134,67,70,54
22,falling,13,234.0,,195.000,125.727,0.00000,3.66531,3.66531,0.000000,0.000000,0,0,3.96600,1328.128,2.502,5.000,1.3709,67,134,67,70,54
22,falling,14,250.0,,195.000,129.451,0.00000,3.87920,3.87920,0.000000,0.000000,0,0,3.96600,1328.128,2.502,5.000,1.3709,67,134,67,70,54
22,falling,15,267.0,,195.000,133.636,0.00000,4.10318,4.10318,0.000000,0.000000,0,0,3.96600,1328.128,2.502,5.000,1.3709,67,134,67,70,54
22,falling,16,284.0,,195.000,138.046,0.00000,4.32373,4.32373,0.000000,0.000000,0,0,3.96600,1328.128,2.502,5.000,1.3709,67,134,67,70,54
22,falling,17,300.0,,195.000,142.393,0.00000,4.52814,4.52814,0.000000,0.000000,0,0,3.96600,1328.128,2.502,5.000,1.3709,67,134,67,70,54
22,falling,18,317.0,,195.000,147.231,0.00000,4.74219,4.74219,0.000000,0.000000,0,0,3.96600,1328.128,2.502,5.000,1.3709,67,134,67,70,54
22,falling,19,334.0,,195.000,152.283,0.00000,4.95297,4.95297,0.000000,0.000000,0,0,3.96600,1328.128,2.502,5.000,1.3709,67,134,67,70,54
22,falling,20,350.0,,195.000,157.225,0.00000,5.14831,5.14831,0.000000,0.000000,0,0,3.96600,1328.128,2.502,5.000,1.3709,67,134,67,70,54
22,falling,21,367.0,,195.000,162.685,0.00000,5.35288,5.35288,0.000000,0.000000,0,0,3.96600,1328.128,2.502,5.000,1.3709,67,134,67,70,54
22,falling,22,384.0,,195.000,168.350,0.00000,5.55431,5.55431,0.000000,0.000000,0,0,3.96600,1328.128,2.502,5.000,1.3709,67,134,67,70,54
22,falling,23,400.0,,195.000,173.862,0.00000,5.74100,5.74100,0.000000,0.000000,0,0,3.96600,1328.128,2.502,5.000,1.3709,67,134,67,70,54
22,falling,24,417.0,,195.000,179.917,0.00000,5.93649,5.93649,0.000000,0.000000,0,0,3.96600,1328.128,2.502,5.000,1.3709,67,134,67,70,54
22,falling,25,434.0,,195.000,186.168,0.00000,6.12900,6.12900,0.000000,0.000000,0,0,3.96600,1328.128,2.502,5.000,1.3709,67,134,67,70,54
22,falling,26,450.0,,195.000,192.224,0.00000,6.30741,6.30741,0.000000,0.000000,0,0,3.96600,1328.128,2.502,5.000,1.3709,67,134,67,70,54
22,falling,27,467.0,,195.000,198.848,0.00000,6.49424,6.49424,0.000000,0.000000,0,0,3.96600,1328.128,2.502,5.000,1.3709,67,134,67,70,54
22,falling,28,484.0,,195.000,205.659,0.00000,6.67821,6.67821,0.000000,0.000000,0,0,3.96600,1328.128,2.502,5.000,1.3709,67,134,67,70,54
22,falling,29,500.0,,195.000,212.234,0.00000,6.84871,6.84871,0.000000,0.000000,0,0,3.96600,1328.128,2.502,5.000,1.3709,67,134,67,70,54
22,falling,30,517.0,,195.000,219.402,0.00000,7.02726,7.02726,0.000000,0.000000,0,0,3.96600,1328.128,2.502,5.000,1.3709,67,134,67,70,54
22,falling,31,534.0,,195.000,226.749,0.00000,7.20307,7.20307,0.000000,0.000000,0,0,3.96600,1328.128,2.502,5.000,1.3709,67,134,67,70,54
22,falling,32,551.0,,195.000,233.820,0.00000,7.36602,7.36602,0.000000,0.000000,0,0,3.96600,1328.128,2.502,5.000,1.3709,67,134,67,70,54
22,falling,33,567.0,,195.000,241.508,0.00000,7.53665,7.53665,0.000000,0.000000,0,0,3.96600,1328.128,2.502,5.000,1.3709,67,134,67,70,54
22,falling,34,584.0,,195.000,249.367,0.00000,7.70467,7.70467,0.000000,0.000000,0,0,3.96600,1328.128,2.502,5.000,1.3709,67,134,67,70,54
22,falling,35,601.0,,195.000,256.913,0.00000,7.86039,7.86039,0.000000,0.000000,0,0,3.96600,1328.128,2.502,5.000,1.3709,67,134,67,70,54
22,falling,36,617.0,,195.000,265.097,0.00000,8.02346,8.02346,0.000000,0.000000,0,0,3.96600,1328.128,2.502,5.000,1.3709,67,134,67,70,54
22,falling,37,634.0,,195.000,273.444,0.00000,8.18404,8.18404,0.000000,0.000000,0,0,3.96600,1328.128,2.502,5.000,1.3709,67,134,67,70,54
22,falling,38,651.0,,195.000,281.444,0.00000,8.33285,8.33285,0.000000,0.000000,0,0,3.96600,1328.128,2.502,5.000,1.3709,67,134,67,70,54
22,falling,39,667.0,,195.000,290.102,0.00000,8.48869,8.48869,0.000000,0.000000,0,0,3.96600,1328.128,2.502,5.000,1.3709,67,134,67,70,54
22,falling,40,684.0,,195.000,298.917,0.00000,8.64215,8.64215,0.000000,0.000000,0,0,3.96600,1328.128,2.502,5.000,1.3709,67,134,67,70,54
22,falling,41,701.0,,195.000,307.350,0.00000,8.78437,8.78437,0.000000,0.000000,0,0,3.96600,1328.128,2.502,5.000,1.3709,67,134,67,70,54
22,falling,42,717.0,,195.000,316.462,0.00000,8.93330,8.93330,0.000000,0.000000,0,0,3.96600,1328.128,2.502,5.000,1.3709,67,134,67,70,54
22,falling,43,734.0,,195.000,325.724,0.00000,9.07995,9.07995,0.000000,0.000000,0,0,3.96600,1328.128,2.502,5.000,1.3709,67,134,67,70,54
22,falling,44,751.0,,195.000,334.571,0.00000,9.21587,9.21587,0.000000,0.000000,0,0,3.96600,1328.128,2.502,5.000,1.3709,67,134,67,70,54
22,falling,45,767.0,,195.000,344.116,0.00000,9.35820,9.35820,0.000000,0.000000,0,0,3.96600,1328.128,2.502,5.000,1.3709,67,134,67,70,54
22,falling,46,784.0,,195.000,353.805,0.00000,9.49835,9.49835,0.000000,0.000000,0,0,3.96600,1328.128,2.502,5.000,1.3709,67,134,67,70,54
22,falling,47,801.0,,195.000,363.048,0.00000,9.62824,9.62824,0.000000,0.000000,0,0,3.96600,1328.128,2.502,5.000,1.3709,67,134,67,70,54
22,falling,48,817.0,,195.000,373.007,0.00000,9.76427,9.76427,0.000000,0.000000,0,0,3.96600,1328.128,2.502,5.000,1.3709,67,134,67,70,54
22,falling,49,834.0,,195.000,383.104,0.00000,9.89821,9.89821,0.000000,0.000000,0,0,3.96600,1328.128,2.502,5.000,1.3709,67,134,67,70,54
22,falling,50,850.0,,195.000,392.725,0.00000,10.02234,10.02234,0.000000,0.000000,0,0,3.96600,1328.128,2.502,5.000,1.3709,67,134,67,70,54
22,falling,51,867.0,,195.000,403.080,0.00000,10.15233,10.15233,0.000000,0.000000,0,0,3.96600,1328.128,2.502,5.000,1.3709,67,134,67,70,54
22,falling,52,884.0,,195.000,413.566,0.00000,10.28033,10.28033,0.000000,0.000000,0,0,3.96600,1328.128,2.502,5.000,1.3709,67,134,67,70,54
22,falling,53,900.0,,195.000,423.549,0.00000,10.39896,10.39896,0.000000,0.000000,0,0,3.96600,1328.128,2.502,5.000,1.3709,67,134,67,70,54
22,falling,54,917.0,,195.000,434.283,0.00000,10.52319,10.52319,0.000000,0.000000,0,0,3.96600,1328.128,2.502,5.000,1.3709,67,134,67,70,54
22,falling,55,934.0,,195.000,445.141,0.00000,10.64552,10.64552,0.000000,0.000000,0,0,3.96600,1328.128,2.502,5.000,1.3709,67,134,67,70,54
22,falling,56,950.0,,195.000,455.470,0.00000,10.75889,10.75889,0.000000,0.000000,0,0,3.96600,1328.128,2.502,5.000,1.3709,67,134,67,70,54
22,falling,57,967.0,,195.000,466.565,0.00000,10.87761,10.87761,0.000000,0.000000,0,0,3.96600,1328.128,2.502,5.000,1.3709,67,134,67,70,54
22,falling,58,984.0,,195.000,477.779,0.00000,10.99452,10.99452,0.000000,0.000000,0,0,3.96600,1328.128,2.502,5.000,1.3709,67,134,67,70,54
22,post_landing,59,1001.0,59,195.000,486.509,0.80083,-0.13529,0.81218,-0.048474,0.000000,0,1,3.96600,1328.128,2.502,5.000,1.3709,67,134,67,70,54
22,post_landing,60,1017.0,59,195.804,485.981,0.87026,-0.08591,0.87449,-0.026899,-0.048687,0,1,3.96600,1328.128,2.502,5.000,1.3709,67,134,67,70,54
22,post_landing,61,1034.0,59,196.678,485.540,0.77425,-0.06057,0.77661,-0.011297,-0.075705,0,1,3.96600,1328.128,2.502,5.000,1.3709,67,134,67,70,54
22,post_landing,62,1051.0,59,197.411,485.571,0.69955,-0.01442,0.69969,-0.004450,-0.086393,0,1,3.96600,1328.128,2.502,5.000,1.3709,67,134,67,70,54
22,post_landing,63,1067.0,59,198.114,485.589,0.62065,-0.02020,0.62098,-0.001436,-0.090862,0,1,3.96600,1328.128,2.502,5.000,1.3709,67,134,67,70,54
22,post_landing,64,1084.0,59,198.737,485.593,0.55734,-0.01816,0.55764,0.000000,-0.092304,0,1,3.96600,1328.128,2.502,5.000,1.3709,67,134,67,70,54
22,post_landing,65,1100.0,59,199.264,485.589,0.48734,-0.01824,0.48768,0.001033,-0.092304,0,1,3.96600,1328.128,2.502,5.000,1.3709,67,134,67,70,54
22,post_landing,66,1117.0,59,199.754,485.591,0.44584,-0.01237,0.44601,0.000000,-0.091267,0,1,3.96600,1328.128,2.502,5.000,1.3709,67,134,67,70,54
22,post_landing,67,1134.0,59,200.202,485.591,0.32239,0.00000,0.32239,0.006489,-0.091267,0,1,3.96600,1328.128,2.502,5.000,1.3709,67,134,67,70,54
22,post_landing,68,1151.0,59,200.507,485.576,0.03548,0.02950,0.04614,0.027039,-0.085128,0,1,3.96600,1328.128,2.502,5.000,1.3709,67,134,67,70,54
22,post_landing,69,1167.0,59,200.542,485.515,-0.16329,0.03067,0.16614,0.034893,-0.057969,0,1,3.96600,1328.128,2.502,5.000,1.3709,67,134,67,70,54
22,post_landing,70,1184.0,59,200.378,485.498,-0.19225,0.01354,0.19273,0.027783,-0.022923,0,1,3.96600,1328.128,2.502,5.000,1.3709,67,134,67,70,54
22,post_landing,71,1201.0,59,200.196,485.499,-0.22179,0.00000,0.22179,0.023407,0.003365,0,1,3.96600,1328.128,2.502,5.000,1.3709,67,134,67,70,54
22,post_landing,72,1217.0,59,199.974,485.443,-0.29451,0.00000,0.29451,0.024679,0.026875,0,1,3.96600,1328.128,2.502,5.000,1.3709,67,134,67,70,54
22,post_landing,73,1234.0,59,199.678,485.402,-0.36183,0.00000,0.36183,0.026327,0.051663,0,1,3.96600,1328.128,2.502,5.000,1.3709,67,134,67,70,54
22,post_landing,74,1251.0,59,199.335,485.381,-0.43003,-0.01435,0.43026,0.028677,0.076573,0,1,3.96600,1328.128,2.502,5.000,1.3709,67,134,67,70,54
22,post_landing,75,1268.0,59,198.904,485.408,-0.38595,0.00000,0.38595,0.021414,0.105376,0,1,3.96600,1328.128,2.502,5.000,1.3709,67,134,67,70,54
22,post_landing,76,1284.0,59,198.516,485.433,-0.34995,0.00000,0.34995,0.016803,0.126884,0,1,3.96600,1328.128,2.502,5.000,1.3709,67,134,67,70,54
22,post_landing,77,1301.0,59,198.185,485.457,-0.32166,0.00000,0.32166,0.014002,0.142782,0,1,3.96600,1328.128,2.502,5.000,1.3709,67,134,67,70,54
22,post_landing,78,1317.0,59,197.862,485.493,-0.29297,0.00000,0.29297,0.012081,0.156846,0,1,3.96600,1328.128,2.502,5.000,1.3709,67,134,67,70,54
22,post_landing,79,1334.0,59,197.567,485.526,-0.27070,0.00000,0.27070,0.011275,0.168980,0,1,3.96600,1328.128,2.502,5.000,1.3709,67,134,67,70,54
22,post_landing,80,1351.0,59,197.311,485.556,-0.22658,0.00000,0.22658,0.008756,0.179648,0,1,3.96600,1328.128,2.502,5.000,1.3709,67,134,67,70,54
22,post_landing,81,1367.0,59,197.084,485.591,-0.18531,0.00000,0.18531,0.007167,0.188443,0,1,3.96600,1328.128,2.502,5.000,1.3709,67,134,67,70,54
22,post_landing,82,1384.0,59,196.898,485.619,-0.14759,0.00000,0.14759,0.006129,0.195641,0,1,3.96600,1328.128,2.502,5.000,1.3709,67,134,67,70,54
22,post_landing,83,1401.0,59,196.758,485.639,-0.12259,0.00000,0.12259,0.006170,0.201440,0,1,3.96600,1328.128,2.502,5.000,1.3709,67,134,67,70,54
22,post_landing,84,1417.0,59,196.635,485.669,-0.09286,0.00000,0.09286,0.005899,0.207637,0,1,3.96600,1328.128,2.502,5.000,1.3709,67,134,67,70,54
22,post_landing,85,1434.0,59,196.542,485.695,-0.07276,0.00000,0.07276,0.006472,0.213562,0,1,3.96600,1328.128,2.502,5.000,1.3709,67,134,67,70,54
22,post_landing,86,1451.0,59,196.473,485.720,-0.05825,0.00000,0.05825,0.007139,0.219686,0,1,3.96600,1328.128,2.502,5.000,1.3709,67,134,67,70,54
22,post_landing,87,1467.0,59,196.414,485.758,-0.03959,0.00000,0.03959,0.007537,0.226856,0,1,3.96600,1328.128,2.502,5.000,1.3709,67,134,67,70,54
22,post_landing,88,1484.0,59,196.374,485.797,-0.01644,0.00000,0.01644,0.007514,0.234426,0,1,3.96600,1328.128,2.502,5.000,1.3709,67,134,67,70,54
22,post_landing,89,1501.0,59,196.359,485.832,0.00031,0.00000,0.00031,0.007778,0.241535,0,1,3.96600,1328.128,2.502,5.000,1.3709,67,134,67,70,54
22,post_landing,90,1517.0,59,196.359,485.880,0.01039,0.00000,0.01039,0.008757,0.249347,0,1,3.96600,1328.128,2.502,5.000,1.3709,67,134,67,70,54
22,post_landing,91,1534.0,59,196.370,485.932,0.01320,0.01630,0.02097,0.010169,0.258143,0,1,3.96600,1328.128,2.502,5.000,1.3709,67,134,67,70,54
22,post_landing,92,1551.0,59,196.382,485.989,0.02753,0.01528,0.03148,0.010459,0.267764,0,1,3.96600,1328.128,2.502,5.000,1.3709,67,134,67,70,54
22,post_landing,93,1567.0,59,196.410,486.063,0.04376,0.01346,0.04579,0.010931,0.278269,0,1,3.96600,1328.128,2.502,5.000,1.3709,67,134,67,70,54
22,post_landing,94,1584.0,59,196.454,486.139,0.06249,0.02099,0.06593,0.011035,0.289248,0,1,3.96600,1328.128,2.502,5.000,1.3709,67,134,67,70,54
22,post_landing,95,1601.0,59,196.513,486.213,0.07350,0.02137,0.07654,0.011735,0.299689,0,1,3.96600,1328.128,2.502,5.000,1.3709,67,134,67,70,54
22,post_landing,96,1617.0,59,196.587,486.308,0.09136,0.03012,0.09620,0.011960,0.311475,0,1,3.96600,1328.128,2.502,5.000,1.3709,67,134,67,70,54
22,post_landing,97,1634.0,59,196.678,486.407,0.10982,0.03298,0.11467,0.012328,0.323488,0,1,3.96600,1328.128,2.502,5.000,1.3709,67,134,67,70,54
22,post_landing,98,1651.0,59,196.782,486.504,0.35076,0.19623,0.40192,-0.010868,0.335152,0,1,3.96600,1328.128,2.502,5.000,1.3709,67,134,67,70,54
22,post_landing,99,1667.0,59,197.135,486.438,0.24874,0.00000,0.24874,0.007548,0.324236,0,1,3.96600,1328.128,2.502,5.000,1.3709,67,134,67,70,54
22,post_landing,100,1684.0,59,197.385,486.480,0.86386,0.15961,0.87848,-0.046910,0.331818,0,1,3.96600,1328.128,2.502,5.000,1.3709,67,134,67,70,54
22,post_landing,101,1701.0,59,198.202,486.161,0.46351,-0.08861,0.47191,0.002867,0.287433,0,1,3.96600,1328.128,2.502,5.000,1.3709,67,134,67,70,54
22,post_landing,102,1717.0,59,198.667,486.146,0.56917,0.07383,0.57394,-0.008206,0.290312,0,1,3.96600,1328.128,2.502,5.000,1.3709,67,134,67,70,54
22,post_landing,103,1734.0,59,199.239,486.102,0.26165,-0.03519,0.26401,0.023510,0.282070,0,1,3.96600,1328.128,2.502,5.000,1.3709,67,134,67,70,54
22,post_landing,104,1751.0,59,199.487,486.240,0.27238,0.06370,0.27973,0.018203,0.304314,0,1,3.96600,1328.128,2.502,5.000,1.3709,67,134,67,70,54
22,post_landing,105,1767.0,59,199.760,486.398,0.26083,0.07742,0.27208,0.018057,0.322597,0,1,3.96600,1328.128,2.502,5.000,1.3709,67,134,67,70,54
22,post_landing,106,1784.0,59,200.022,486.557,0.24949,0.08402,0.26326,0.018471,0.340734,0,1,3.96600,1328.128,2.502,5.000,1.3709,67,134,67,70,54
22,post_landing,107,1801.0,59,200.258,486.722,-0.03689,0.02586,0.04505,0.025205,0.358210,0,1,3.96600,1328.128,2.502,5.000,1.3709,67,134,67,70,54
22,post_landing,108,1817.0,59,200.221,486.669,0.11899,-0.08116,0.14403,-0.007653,0.383526,0,1,3.96600,1328.128,2.502,5.000,1.3709,67,134,67,70,54
22,post_landing,109,1834.0,59,200.341,486.675,0.03850,-0.12760,0.13328,-0.015250,0.375839,0,1,3.96600,1328.128,2.502,5.000,1.3709,67,134,67,70,54
22,post_landing,110,1851.0,59,200.377,486.707,-0.02620,-0.09988,0.10326,-0.008306,0.361410,0,1,3.96600,1328.128,2.502,5.000,1.3709,67,134,67,70,54
22,post_landing,111,1867.0,59,200.351,486.740,-0.12155,-0.14708,0.19081,-0.007736,0.353067,0,1,3.96600,1328.128,2.502,5.000,1.3709,67,134,67,70,54
22,post_landing,112,1884.0,59,200.229,486.764,0.04825,0.10803,0.11832,-0.019880,0.345297,0,1,3.96600,1328.128,2.502,5.000,1.3709,67,134,67,70,54
22,post_landing,113,1901.0,59,200.274,486.463,0.24538,0.03940,0.24853,-0.026098,0.326487,0,1,3.96600,1328.128,2.502,5.000,1.3709,67,134,67,70,54
22,post_landing,114,1917.0,59,200.521,486.245,0.09074,0.00000,0.09074,-0.002794,0.300275,0,1,3.96600,1328.128,2.502,5.000,1.3709,67,134,67,70,54
22,post_landing,115,1934.0,59,200.612,486.208,-0.14610,-0.07740,0.16534,0.025159,0.297469,0,1,3.96600,1328.128,2.502,5.000,1.3709,67,134,67,70,54
22,post_landing,116,1951.0,59,200.474,486.372,0.09654,0.06170,0.11457,0.001578,0.321273,0,1,3.96600,1328.128,2.502,5.000,1.3709,67,134,67,70,54
22,post_landing,117,1967.0,59,200.571,486.409,0.31798,0.18365,0.36720,-0.016299,0.322858,0,1,3.96600,1328.128,2.502,5.000,1.3709,67,134,67,70,54
22,post_landing,118,1984.0,59,200.890,486.296,0.41856,0.16175,0.44873,-0.018546,0.306488,0,1,3.96600,1328.128,2.502,5.000,1.3709,67,134,67,70,54
23,falling,0,7.0,,195.000,96.669,0.00000,0.45000,0.45000,0.000000,0.000000,0,0,3.40400,1817.289,0.999,56.000,1.1864,71,142,71,78,70
23,falling,1,13.0,,195.000,96.866,0.00000,0.54757,0.54757,0.000000,0.000000,0,0,3.40400,1817.289,0.999,56.000,1.1864,71,142,71,78,70
23,falling,2,30.0,,195.000,97.705,0.00000,0.82253,0.82253,0.000000,0.000000,0,0,3.40400,1817.289,0.999,56.000,1.1864,71,142,71,78,70
23,falling,3,47.0,,195.000,98.739,0.00000,1.07735,1.07735,0.000000,0.000000,0,0,3.40400,1817.289,0.999,56.000,1.1864,71,142,71,78,70
23,falling,4,63.0,,195.000,100.110,0.00000,1.34420,1.34420,0.000000,0.000000,0,0,3.40400,1817.289,0.999,56.000,1.1864,71,142,71,78,70
23,falling,5,80.0,,195.000,101.750,0.00000,1.60696,1.60696,0.000000,0.000000,0,0,3.40400,1817.289,0.999,56.000,1.1864,71,142,71,78,70
23,falling,6,97.0,,195.000,103.526,0.00000,1.85049,1.85049,0.000000,0.000000,0,0,3.40400,1817.289,0.999,56.000,1.1864,71,142,71,78,70
23,falling,7,113.0,,195.000,105.674,0.00000,2.10551,2.10551,0.000000,0.000000,0,0,3.40400,1817.289,0.999,56.000,1.1864,71,142,71,78,70
23,falling,8,130.0,,195.000,108.077,0.00000,2.35663,2.35663,0.000000,0.000000,0,0,3.40400,1817.289,0.999,56.000,1.1864,71,142,71,78,70
23,falling,9,147.0,,195.000,110.563,0.00000,2.58936,2.58936,0.000000,0.000000,0,0,3.40400,1817.289,0.999,56.000,1.1864,71,142,71,78,70
23,falling,10,163.0,,195.000,113.453,0.00000,2.83308,2.83308,0.000000,0.000000,0,0,3.40400,1817.289,0.999,56.000,1.1864,71,142,71,78,70
23,falling,11,180.0,,195.000,116.587,0.00000,3.07307,3.07307,0.000000,0.000000,0,0,3.40400,1817.289,0.999,56.000,1.1864,71,142,71,78,70
23,falling,12,197.0,,195.000,119.751,0.00000,3.29548,3.29548,0.000000,0.000000,0,0,3.40400,1817.289,0.999,56.000,1.1864,71,142,71,78,70
23,falling,13,213.0,,195.000,123.350,0.00000,3.52839,3.52839,0.000000,0.000000,0,0,3.40400,1817.289,0.999,56.000,1.1864,71,142,71,78,70
23,falling,14,230.0,,195.000,127.183,0.00000,3.75774,3.75774,0.000000,0.000000,0,0,3.40400,1817.289,0.999,56.000,1.1864,71,142,71,78,70
23,falling,15,247.0,,195.000,130.994,0.00000,3.97030,3.97030,0.000000,0.000000,0,0,3.40400,1817.289,0.999,56.000,1.1864,71,142,71,78,70
23,falling,16,263.0,,195.000,135.271,0.00000,4.19288,4.19288,0.000000,0.000000,0,0,3.40400,1817.289,0.999,56.000,1.1864,71,142,71,78,70
23,falling,17,280.0,,195.000,139.772,0.00000,4.41207,4.41207,0.000000,0.000000,0,0,3.40400,1817.289,0.999,56.000,1.1864,71,142,71,78,70
23,falling,18,297.0,,195.000,144.202,0.00000,4.61520,4.61520,0.000000,0.000000,0,0,3.40400,1817.289,0.999,56.000,1.1864,71,142,71,78,70
23,falling,19,313.0,,195.000,149.127,0.00000,4.82792,4.82792,0.000000,0.000000,0,0,3.40400,1817.289,0.999,56.000,1.1864,71,142,71,78,70
23,falling,20,330.0,,195.000,154.265,0.00000,5.03739,5.03739,0.000000,0.000000,0,0,3.40400,1817.289,0.999,56.000,1.1864,71,142,71,78,70
23,falling,21,347.0,,195.000,159.287,0.00000,5.23151,5.23151,0.000000,0.000000,0,0,3.40400,1817.289,0.999,56.000,1.1864,71,142,71,78,70
23,falling,22,363.0,,195.000,164.830,0.00000,5.43481,5.43481,0.000000,0.000000,0,0,3.40400,1817.289,0.999,56.000,1.1864,71,142,71,78,70
23,falling,23,380.0,,195.000,170.578,0.00000,5.63499,5.63499,0.000000,0.000000,0,0,3.40400,1817.289,0.999,56.000,1.1864,71,142,71,78,70
23,falling,24,397.0,,195.000,176.166,0.00000,5.82051,5.82051,0.000000,0.000000,0,0,3.40400,1817.289,0.999,56.000,1.1864,71,142,71,78,70
23,falling,25,413.0,,195.000,182.301,0.00000,6.01479,6.01479,0.000000,0.000000,0,0,3.40400,1817.289,0.999,56.000,1.1864,71,142,71,78,70
23,falling,26,430.0,,195.000,188.631,0.00000,6.20610,6.20610,0.000000,0.000000,0,0,3.40400,1817.289,0.999,56.000,1.1864,71,142,71,78,70
23,falling,27,447.0,,195.000,194.759,0.00000,6.38340,6.38340,0.000000,0.000000,0,0,3.40400,1817.289,0.999,56.000,1.1864,71,142,71,78,70
23,falling,28,463.0,,195.000,201.460,0.00000,6.56906,6.56906,0.000000,0.000000,0,0,3.40400,1817.289,0.999,56.000,1.1864,71,142,71,78,70
23,falling,29,480.0,,195.000,208.347,0.00000,6.75189,6.75189,0.000000,0.000000,0,0,3.40400,1817.289,0.999,56.000,1.1864,71,142,71,78,70
23,falling,30,497.0,,195.000,214.991,0.00000,6.92133,6.92133,0.000000,0.000000,0,0,3.40400,1817.289,0.999,56.000,1.1864,71,142,71,78,70
23,falling,31,513.0,,195.000,222.232,0.00000,7.09877,7.09877,0.000000,0.000000,0,0,3.40400,1817.289,0.999,56.000,1.1864,71,142,71,78,70
23,falling,32,530.0,,195.000,229.651,0.00000,7.27349,7.27349,0.000000,0.000000,0,0,3.40400,1817.289,0.999,56.000,1.1864,71,142,71,78,70
23,falling,33,547.0,,195.000,236.789,0.00000,7.43542,7.43542,0.000000,0.000000,0,0,3.40400,1817.289,0.999,56.000,1.1864,71,142,71,78,70
23,falling,34,563.0,,195.000,244.546,0.00000,7.60499,7.60499,0.000000,0.000000,0,0,3.40400,1817.289,0.999,56.000,1.1864,71,142,71,78,70
23,falling,35,580.0,,195.000,252.473,0.00000,7.77196,7.77196,0.000000,0.000000,0,0,3.40400,1817.289,0.999,56.000,1.1864,71,142,71,78,70
23,falling,36,597.0,,195.000,260.083,0.00000,7.92672,7.92672,0.000000,0.000000,0,0,3.40400,1817.289,0.999,56.000,1.1864,71,142,71,78,70
23,falling,37,613.0,,195.000,268.333,0.00000,8.08877,8.08877,0.000000,0.000000,0,0,3.40400,1817.289,0.999,56.000,1.1864,71,142,71,78,70
23,falling,38,630.0,,195.000,276.747,0.00000,8.24834,8.24834,0.000000,0.000000,0,0,3.40400,1817.289,0.999,56.000,1.1864,71,142,71,78,70
23,falling,39,647.0,,195.000,284.807,0.00000,8.39624,8.39624,0.000000,0.000000,0,0,3.40400,1817.289,0.999,56.000,1.1864,71,142,71,78,70
23,falling,40,663.0,,195.000,293.529,0.00000,8.55111,8.55111,0.000000,0.000000,0,0,3.40400,1817.289,0.999,56.000,1.1864,71,142,71,78,70
23,falling,41,680.0,,195.000,302.407,0.00000,8.70361,8.70361,0.000000,0.000000,0,0,3.40400,1817.289,0.999,56.000,1.1864,71,142,71,78,70
23,falling,42,697.0,,195.000,310.898,0.00000,8.84494,8.84494,0.000000,0.000000,0,0,3.40400,1817.289,0.999,56.000,1.1864,71,142,71,78,70
23,falling,43,713.0,,195.000,320.071,0.00000,8.99295,8.99295,0.000000,0.000000,0,0,3.40400,1817.289,0.999,56.000,1.1864,71,142,71,78,70
23,falling,44,730.0,,195.000,329.392,0.00000,9.13869,9.13869,0.000000,0.000000,0,0,3.40400,1817.289,0.999,56.000,1.1864,71,142,71,78,70
23,falling,45,746.0,,195.000,338.295,0.00000,9.27376,9.27376,0.000000,0.000000,0,0,3.40400,1817.289,0.999,56.000,1.1864,71,142,71,78,70
23,falling,46,763.0,,195.000,347.899,0.00000,9.41520,9.41520,0.000000,0.000000,0,0,3.40400,1817.289,0.999,56.000,1.1864,71,142,71,78,70
23,falling,47,780.0,,195.000,357.644,0.00000,9.55448,9.55448,0.000000,0.000000,0,0,3.40400,1817.289,0.999,56.000,1.1864,71,142,71,78,70
23,falling,48,796.0,,195.000,366.940,0.00000,9.68357,9.68357,0.000000,0.000000,0,0,3.40400,1817.289,0.999,56.000,1.1864,71,142,71,78,70
23,falling,49,813.0,,195.000,376.956,0.00000,9.81874,9.81874,0.000000,0.000000,0,0,3.40400,1817.289,0.999,56.000,1.1864,71,142,71,78,70
23,falling,50,830.0,,195.000,387.106,0.00000,9.95185,9.95185,0.000000,0.000000,0,0,3.40400,1817.289,0.999,56.000,1.1864,71,142,71,78,70
23,falling,51,847.0,,195.000,396.779,0.00000,10.07521,10.07521,0.000000,0.000000,0,0,3.40400,1817.289,0.999,56.000,1.1864,71,142,71,78,70
23,falling,52,863.0,,195.000,407.187,0.00000,10.20439,10.20439,0.000000,0.000000,0,0,3.40400,1817.289,0.999,56.000,1.1864,71,142,71,78,70
23,falling,53,880.0,,195.000,417.725,0.00000,10.33160,10.33160,0.000000,0.000000,0,0,3.40400,1817.289,0.999,56.000,1.1864,71,142,71,78,70
23,falling,54,897.0,,195.000,427.757,0.00000,10.44949,10.44949,0.000000,0.000000,0,0,3.40400,1817.289,0.999,56.000,1.1864,71,142,71,78,70
23,falling,55,913.0,,195.000,438.541,0.00000,10.57294,10.57294,0.000000,0.000000,0,0,3.40400,1817.289,0.999,56.000,1.1864,71,142,71,78,70
23,falling,56,930.0,,195.000,449.450,0.00000,10.69451,10.69451,0.000000,0.000000,0,0,3.40400,1817.289,0.999,56.000,1.1864,71,142,71,78,70
23,falling,57,947.0,,195.000,459.825,0.00000,10.80718,10.80718,0.000000,0.000000,0,0,3.40400,1817.289,0.999,56.000,1.1864,71,142,71,78,70
23,falling,58,963.0,,195.000,470.968,0.00000,10.92516,10.92516,0.000000,0.000000,0,0,3.40400,1817.289,0.999,56.000,1.1864,71,142,71,78,70
23,falling,59,980.0,,195.000,482.230,0.00000,11.04134,11.04134,0.000000,0.000000,0,0,3.40400,1817.289,0.999,56.000,1.1864,71,142,71,78,70
23,falling,60,997.0,,195.000,492.933,0.00000,11.14901,11.14901,0.000000,0.000000,0,0,3.40400,1817.289,0.999,56.000,1.1864,71,142,71,78,70
23,post_landing,61,1013.0,61,195.000,499.091,0.06584,-0.02756,0.07138,0.001068,0.000000,0,1,3.40400,1817.289,0.999,56.000,1.1864,71,142,71,78,70
23,post_landing,62,1030.0,61,195.066,496.682,0.01165,0.00000,0.01165,0.000000,0.001072,0,1,3.40400,1817.289,0.999,56.000,1.1864,71,142,71,78,70
23,post_landing,63,1047.0,61,195.077,495.475,0.00263,0.00000,0.00263,0.000000,0.001072,0,1,3.40400,1817.289,0.999,56.000,1.1864,71,142,71,78,70
23,post_landing,64,1063.0,61,195.080,494.644,-0.00243,0.00000,0.00243,0.000000,0.001072,0,1,3.40400,1817.289,0.999,56.000,1.1864,71,142,71,78,70
23,post_landing,65,1080.0,61,195.077,494.459,-0.07240,0.00000,0.07240,0.000000,0.001072,0,1,3.40400,1817.289,0.999,56.000,1.1864,71,142,71,78,70
23,post_landing,66,1097.0,61,195.009,493.957,-0.19384,0.03937,0.19780,0.001553,0.001072,0,1,3.40400,1817.289,0.999,56.000,1.1864,71,142,71,78,70
23,post_landing,67,1113.0,61,194.814,493.930,-0.25987,0.08888,0.27465,0.001593,0.002632,0,1,3.40400,1817.289,0.999,56.000,1.1864,71,142,71,78,70
23,post_landing,68,1130.0,61,194.553,493.900,-0.25328,0.08030,0.26570,-0.002071,0.004232,0,1,3.40400,1817.289,0.999,56.000,1.1864,71,142,71,78,70
23,post_landing,69,1147.0,61,194.314,493.935,-0.21439,0.06369,0.22365,-0.006244,0.002273,0,1,3.40400,1817.289,0.999,56.000,1.1864,71,142,71,78,70
23,post_landing,70,1163.0,61,194.098,494.019,-0.22614,0.07059,0.23691,-0.007369,-0.003999,0,1,3.40400,1817.289,0.999,56.000,1.1864,71,142,71,78,70
23,post_landing,71,1180.0,61,193.871,494.094,-0.24881,0.07853,0.26091,-0.007768,-0.011400,0,1,3.40400,1817.289,0.999,56.000,1.1864,71,142,71,78,70
23,post_landing,72,1197.0,61,193.636,494.237,-0.01658,0.00000,0.01658,0.000000,-0.018750,0,1,3.40400,1817.289,0.999,56.000,1.1864,71,142,71,78,70
23,post_landing,73,1213.0,61,193.619,494.239,0.00226,0.00000,0.00226,0.000000,-0.018750,0,1,3.40400,1817.289,0.999,56.000,1.1864,71,142,71,78,70
23,post_landing,74,1230.0,61,193.621,494.239,0.00016,0.00000,0.00016,0.000000,-0.018750,0,1,3.40400,1817.289,0.999,56.000,1.1864,71,142,71,78,70
23,post_landing,75,1247.0,61,193.621,494.237,-0.00002,0.00000,0.00002,0.000000,-0.018750,0,1,3.40400,1817.289,0.999,56.000,1.1864,71,142,71,78,70
23,post_landing,76,1263.0,61,193.621,494.239,-0.00024,0.00000,0.00024,0.000000,-0.018750,0,1,3.40400,1817.289,0.999,56.000,1.1864,71,142,71,78,70
23,post_landing,77,1280.0,61,193.621,494.239,-0.00000,0.00000,0.00000,0.000000,-0.018750,0,1,3.40400,1817.289,0.999,56.000,1.1864,71,142,71,78,70
23,post_landing,78,1297.0,61,193.621,494.237,0.00026,0.00000,0.00026,0.000000,-0.018750,0,1,3.40400,1817.289,0.999,56.000,1.1864,71,142,71,78,70
23,post_landing,79,1313.0,61,193.621,494.239,-0.00007,0.00000,0.00007,0.000000,-0.018750,0,1,3.40400,1817.289,0.999,56.000,1.1864,71,142,71,78,70
23,post_landing,80,1330.0,61,193.621,494.239,-0.00000,0.00000,0.00000,0.000000,-0.018750,0,1,3.40400,1817.289,0.999,56.000,1.1864,71,142,71,78,70
23,post_landing,81,1347.0,61,193.621,494.237,0.00025,0.00000,0.00025,0.000000,-0.018750,0,1,3.40400,1817.289,0.999,56.000,1.1864,71,142,71,78,70
23,post_landing,82,1363.0,61,193.622,494.239,-0.00008,0.00000,0.00008,0.000000,-0.018750,0,1,3.40400,1817.289,0.999,56.000,1.1864,71,142,71,78,70
23,post_landing,83,1380.0,61,193.621,494.239,-0.00000,0.00000,0.00000,0.000000,-0.018750,0,1,3.40400,1817.289,0.999,56.000,1.1864,71,142,71,78,70
23,post_landing,84,1397.0,61,193.621,494.237,0.00025,0.00000,0.00025,0.000000,-0.018750,0,1,3.40400,1817.289,0.999,56.000,1.1864,71,142,71,78,70
23,post_landing,85,1413.0,61,193.622,494.239,-0.00008,0.00000,0.00008,0.000000,-0.018750,0,1,3.40400,1817.289,0.999,56.000,1.1864,71,142,71,78,70
23,post_landing,86,1430.0,61,193.622,494.239,-0.00000,0.00000,0.00000,0.000000,-0.018750,0,1,3.40400,1817.289,0.999,56.000,1.1864,71,142,71,78,70
23,post_landing,87,1447.0,61,193.622,494.237,0.00025,0.00000,0.00025,0.000000,-0.018750,0,1,3.40400,1817.289,0.999,56.000,1.1864,71,142,71,78,70
23,post_landing,88,1463.0,61,193.622,494.239,-0.00008,0.00000,0.00008,0.000000,-0.018750,0,1,3.40400,1817.289,0.999,56.000,1.1864,71,142,71,78,70
23,post_landing,89,1480.0,61,193.622,494.239,-0.00000,0.00000,0.00000,0.000000,-0.018750,0,1,3.40400,1817.289,0.999,56.000,1.1864,71,142,71,78,70
23,post_landing,90,1497.0,61,193.622,494.237,0.00025,0.00000,0.00025,0.000000,-0.018750,0,1,3.40400,1817.289,0.999,56.000,1.1864,71,142,71,78,70
23,post_landing,91,1513.0,61,193.622,494.239,-0.00008,0.00000,0.00008,0.000000,-0.018750,0,1,3.40400,1817.289,0.999,56.000,1.1864,71,142,71,78,70
23,post_landing,92,1530.0,61,193.622,494.239,-0.00000,0.00000,0.00000,0.000000,-0.018750,0,1,3.40400,1817.289,0.999,56.000,1.1864,71,142,71,78,70
23,post_landing,93,1547.0,61,193.622,494.237,0.00025,0.00000,0.00025,0.000000,-0.018750,0,1,3.40400,1817.289,0.999,56.000,1.1864,71,142,71,78,70
23,post_landing,94,1563.0,61,193.622,494.239,-0.00008,0.00000,0.00008,0.000000,-0.018750,0,1,3.40400,1817.289,0.999,56.000,1.1864,71,142,71,78,70
23,post_landing,95,1580.0,61,193.622,494.239,-0.00000,0.00000,0.00000,0.000000,-0.018750,0,1,3.40400,1817.289,0.999,56.000,1.1864,71,142,71,78,70
23,post_landing,96,1597.0,61,193.622,494.237,0.00025,0.00000,0.00025,0.000000,-0.018750,0,1,3.40400,1817.289,0.999,56.000,1.1864,71,142,71,78,70
23,post_landing,97,1613.0,61,193.622,494.239,-0.00008,0.00000,0.00008,0.000000,-0.018750,0,1,3.40400,1817.289,0.999,56.000,1.1864,71,142,71,78,70
23,post_landing,98,1630.0,61,193.622,494.239,-0.00000,0.00000,0.00000,0.000000,-0.018750,0,1,3.40400,1817.289,0.999,56.000,1.1864,71,142,71,78,70
23,post_landing,99,1647.0,61,193.622,494.237,0.00025,0.00000,0.00025,0.000000,-0.018750,0,1,3.40400,1817.289,0.999,56.000,1.1864,71,142,71,78,70
23,post_landing,100,1663.0,61,193.623,494.239,-0.00008,0.00000,0.00008,0.000000,-0.018750,0,1,3.40400,1817.289,0.999,56.000,1.1864,71,142,71,78,70
23,post_landing,101,1680.0,61,193.623,494.239,-0.00000,0.00000,0.00000,0.000000,-0.018750,0,1,3.40400,1817.289,0.999,56.000,1.1864,71,142,71,78,70
23,post_landing,102,1697.0,61,193.623,494.237,0.00025,0.00000,0.00025,0.000000,-0.018750,0,1,3.40400,1817.289,0.999,56.000,1.1864,71,142,71,78,70
23,post_landing,103,1713.0,61,193.623,494.239,-0.00008,0.00000,0.00008,0.000000,-0.018750,0,1,3.40400,1817.289,0.999,56.000,1.1864,71,142,71,78,70
23,post_landing,104,1730.0,61,193.623,494.239,-0.00000,0.00000,0.00000,0.000000,-0.018750,0,1,3.40400,1817.289,0.999,56.000,1.1864,71,142,71,78,70
23,post_landing,105,1747.0,61,193.623,494.237,0.00025,0.00000,0.00025,0.000000,-0.018750,0,1,3.40400,1817.289,0.999,56.000,1.1864,71,142,71,78,70
23,post_landing,106,1763.0,61,193.623,494.239,-0.00008,0.00000,0.00008,0.000000,-0.018750,0,1,3.40400,1817.289,0.999,56.000,1.1864,71,142,71,78,70
23,post_landing,107,1780.0,61,193.623,494.239,-0.00000,0.00000,0.00000,0.000000,-0.018750,0,1,3.40400,1817.289,0.999,56.000,1.1864,71,142,71,78,70
23,post_landing,108,1797.0,61,193.623,494.237,0.00025,0.00000,0.00025,0.000000,-0.018750,0,1,3.40400,1817.289,0.999,56.000,1.1864,71,142,71,78,70
23,post_landing,109,1813.0,61,193.623,494.239,-0.00008,0.00000,0.00008,0.000000,-0.018750,0,1,3.40400,1817.289,0.999,56.000,1.1864,71,142,71,78,70
23,post_landing,110,1830.0,61,193.623,494.239,-0.00000,0.00000,0.00000,0.000000,-0.018750,0,1,3.40400,1817.289,0.999,56.000,1.1864,71,142,71,78,70
23,post_landing,111,1847.0,61,193.623,494.237,0.00025,0.00000,0.00025,0.000000,-0.018750,0,1,3.40400,1817.289,0.999,56.000,1.1864,71,142,71,78,70
23,post_landing,112,1863.0,61,193.623,494.239,-0.00008,0.00000,0.00008,0.000000,-0.018750,0,1,3.40400,1817.289,0.999,56.000,1.1864,71,142,71,78,70
23,post_landing,113,1880.0,61,193.623,494.239,-0.00000,0.00000,0.00000,0.000000,-0.018750,0,1,3.40400,1817.289,0.999,56.000,1.1864,71,142,71,78,70
23,post_landing,114,1897.0,61,193.623,494.237,0.00025,0.00000,0.00025,0.000000,-0.018750,0,1,3.40400,1817.289,0.999,56.000,1.1864,71,142,71,78,70
23,post_landing,115,1913.0,61,193.623,494.239,-0.00008,0.00000,0.00008,0.000000,-0.018750,0,1,3.40400,1817.289,0.999,56.000,1.1864,71,142,71,78,70
23,post_landing,116,1930.0,61,193.623,494.239,-0.00000,0.00000,0.00000,0.000000,-0.018750,0,1,3.40400,1817.289,0.999,56.000,1.1864,71,142,71,78,70
23,post_landing,117,1947.0,61,193.623,494.237,0.00025,0.00000,0.00025,0.000000,-0.018750,0,1,3.40400,1817.289,0.999,56.000,1.1864,71,142,71,78,70
23,post_landing,118,1963.0,61,193.624,494.239,-0.00008,0.00000,0.00008,0.000000,-0.018750,0,1,3.40400,1817.289,0.999,56.000,1.1864,71,142,71,78,70
23,post_landing,119,1980.0,61,193.624,494.239,-0.00000,0.00000,0.00000,0.000000,-0.018750,0,1,3.40400,1817.289,0.999,56.000,1.1864,71,142,71,78,70
23,post_landing,120,1997.0,61,193.624,494.237,0.00025,0.00000,0.00025,0.000000,-0.018750,0,1,3.40400,1817.289,0.999,56.000,1.1864,71,142,71,78,70
24,falling,0,8.0,,195.000,96.565,0.00000,0.41667,0.41667,0.000000,0.000000,0,0,4.05400,1448.135,12.846,7.000,1.1015,66,132,66,67,62
24,falling,1,17.0,,195.000,96.869,0.00000,0.56329,0.56329,0.000000,0.000000,0,0,4.05400,1448.135,12.846,7.000,1.1015,66,132,66,67,62
24,falling,2,34.0,,195.000,97.658,0.00000,0.82185,0.82185,0.000000,0.000000,0,0,4.05400,1448.135,12.846,7.000,1.1015,66,132,66,67,62
24,falling,3,50.0,,195.000,98.773,0.00000,1.09261,1.09261,0.000000,0.000000,0,0,4.05400,1448.135,12.846,7.000,1.1015,66,132,66,67,62
24,falling,4,67.0,,195.000,100.159,0.00000,1.35922,1.35922,0.000000,0.000000,0,0,4.05400,1448.135,12.846,7.000,1.1015,66,132,66,67,62
24,falling,5,84.0,,195.000,101.701,0.00000,1.60632,1.60632,0.000000,0.000000,0,0,4.05400,1448.135,12.846,7.000,1.1015,66,132,66,67,62
24,falling,6,100.0,,195.000,103.603,0.00000,1.86507,1.86507,0.000000,0.000000,0,0,4.05400,1448.135,12.846,7.000,1.1015,66,132,66,67,62
24,falling,7,117.0,,195.000,105.766,0.00000,2.11987,2.11987,0.000000,0.000000,0,0,4.05400,1448.135,12.846,7.000,1.1015,66,132,66,67,62
24,falling,8,134.0,,195.000,108.027,0.00000,2.35601,2.35601,0.000000,0.000000,0,0,4.05400,1448.135,12.846,7.000,1.1015,66,132,66,67,62
24,falling,9,150.0,,195.000,110.683,0.00000,2.60330,2.60330,0.000000,0.000000,0,0,4.05400,1448.135,12.846,7.000,1.1015,66,132,66,67,62
24,falling,10,167.0,,195.000,113.587,0.00000,2.84680,2.84680,0.000000,0.000000,0,0,4.05400,1448.135,12.846,7.000,1.1015,66,132,66,67,62
24,falling,11,184.0,,195.000,116.536,0.00000,3.07247,3.07247,0.000000,0.000000,0,0,4.05400,1448.135,12.846,7.000,1.1015,66,132,66,67,62
24,falling,12,200.0,,195.000,119.911,0.00000,3.30880,3.30880,0.000000,0.000000,0,0,4.05400,1448.135,12.846,7.000,1.1015,66,132,66,67,62
24,falling,13,217.0,,195.000,123.523,0.00000,3.54151,3.54151,0.000000,0.000000,0,0,4.05400,1448.135,12.846,7.000,1.1015,66,132,66,67,62
24,falling,14,234.0,,195.000,127.130,0.00000,3.75718,3.75718,0.000000,0.000000,0,0,4.05400,1448.135,12.846,7.000,1.1015,66,132,66,67,62
24,falling,15,250.0,,195.000,131.193,0.00000,3.98302,3.98302,0.000000,0.000000,0,0,4.05400,1448.135,12.846,7.000,1.1015,66,132,66,67,62
24,falling,16,267.0,,195.000,135.483,0.00000,4.20542,4.20542,0.000000,0.000000,0,0,4.05400,1448.135,12.846,7.000,1.1015,66,132,66,67,62
24,falling,17,284.0,,195.000,139.718,0.00000,4.41153,4.41153,0.000000,0.000000,0,0,4.05400,1448.135,12.846,7.000,1.1015,66,132,66,67,62
24,falling,18,300.0,,195.000,144.438,0.00000,4.62736,4.62736,0.000000,0.000000,0,0,4.05400,1448.135,12.846,7.000,1.1015,66,132,66,67,62
24,falling,19,317.0,,195.000,149.374,0.00000,4.83990,4.83990,0.000000,0.000000,0,0,4.05400,1448.135,12.846,7.000,1.1015,66,132,66,67,62
24,falling,20,335.0,,195.000,154.210,0.00000,5.03687,5.03687,0.000000,0.000000,0,0,4.05400,1448.135,12.846,7.000,1.1015,66,132,66,67,62
24,falling,21,350.0,,195.000,159.558,0.00000,5.24314,5.24314,0.000000,0.000000,0,0,4.05400,1448.135,12.846,7.000,1.1015,66,132,66,67,62
24,falling,22,367.0,,195.000,165.113,0.00000,5.44625,5.44625,0.000000,0.000000,0,0,4.05400,1448.135,12.846,7.000,1.1015,66,132,66,67,62
24,falling,23,384.0,,195.000,170.522,0.00000,5.63449,5.63449,0.000000,0.000000,0,0,4.05400,1448.135,12.846,7.000,1.1015,66,132,66,67,62
24,falling,24,400.0,,195.000,176.470,0.00000,5.83162,5.83162,0.000000,0.000000,0,0,4.05400,1448.135,12.846,7.000,1.1015,66,132,66,67,62
24,falling,25,417.0,,195.000,182.616,0.00000,6.02573,6.02573,0.000000,0.000000,0,0,4.05400,1448.135,12.846,7.000,1.1015,66,132,66,67,62
24,falling,26,434.0,,195.000,188.574,0.00000,6.20562,6.20562,0.000000,0.000000,0,0,4.05400,1448.135,12.846,7.000,1.1015,66,132,66,67,62
24,falling,27,450.0,,195.000,195.096,0.00000,6.39401,6.39401,0.000000,0.000000,0,0,4.05400,1448.135,12.846,7.000,1.1015,66,132,66,67,62
24,falling,28,467.0,,195.000,201.807,0.00000,6.57952,6.57952,0.000000,0.000000,0,0,4.05400,1448.135,12.846,7.000,1.1015,66,132,66,67,62
24,falling,29,484.0,,195.000,208.288,0.00000,6.75144,6.75144,0.000000,0.000000,0,0,4.05400,1448.135,12.846,7.000,1.1015,66,132,66,67,62
24,falling,30,500.0,,195.000,215.358,0.00000,6.93147,6.93147,0.000000,0.000000,0,0,4.05400,1448.135,12.846,7.000,1.1015,66,132,66,67,62
24,falling,31,517.0,,195.000,222.609,0.00000,7.10876,7.10876,0.000000,0.000000,0,0,4.05400,1448.135,12.846,7.000,1.1015,66,132,66,67,62
24,falling,32,534.0,,195.000,229.591,0.00000,7.27306,7.27306,0.000000,0.000000,0,0,4.05400,1448.135,12.846,7.000,1.1015,66,132,66,67,62
24,falling,33,550.0,,195.000,237.185,0.00000,7.44511,7.44511,0.000000,0.000000,0,0,4.05400,1448.135,12.846,7.000,1.1015,66,132,66,67,62
24,falling,34,567.0,,195.000,244.952,0.00000,7.61454,7.61454,0.000000,0.000000,0,0,4.05400,1448.135,12.846,7.000,1.1015,66,132,66,67,62
24,falling,35,584.0,,195.000,252.413,0.00000,7.77155,7.77155,0.000000,0.000000,0,0,4.05400,1448.135,12.846,7.000,1.1015,66,132,66,67,62
24,falling,36,600.0,,195.000,260.508,0.00000,7.93598,7.93598,0.000000,0.000000,0,0,4.05400,1448.135,12.846,7.000,1.1015,66,132,66,67,62
24,falling,37,617.0,,195.000,268.767,0.00000,8.09789,8.09789,0.000000,0.000000,0,0,4.05400,1448.135,12.846,7.000,1.1015,66,132,66,67,62
24,falling,38,634.0,,195.000,276.685,0.00000,8.24795,8.24795,0.000000,0.000000,0,0,4.05400,1448.135,12.846,7.000,1.1015,66,132,66,67,62
24,falling,39,650.0,,195.000,285.259,0.00000,8.40509,8.40509,0.000000,0.000000,0,0,4.05400,1448.135,12.846,7.000,1.1015,66,132,66,67,62
24,falling,40,667.0,,195.000,293.990,0.00000,8.55983,8.55983,0.000000,0.000000,0,0,4.05400,1448.135,12.846,7.000,1.1015,66,132,66,67,62
24,falling,41,684.0,,195.000,302.345,0.00000,8.70323,8.70323,0.000000,0.000000,0,0,4.05400,1448.135,12.846,7.000,1.1015,66,132,66,67,62
24,falling,42,700.0,,195.000,311.375,0.00000,8.85341,8.85341,0.000000,0.000000,0,0,4.05400,1448.135,12.846,7.000,1.1015,66,132,66,67,62
24,falling,43,717.0,,195.000,320.557,0.00000,9.00128,9.00128,0.000000,0.000000,0,0,4.05400,1448.135,12.846,7.000,1.1015,66,132,66,67,62
24,falling,44,734.0,,195.000,329.329,0.00000,9.13833,9.13833,0.000000,0.000000,0,0,4.05400,1448.135,12.846,7.000,1.1015,66,132,66,67,62
24,falling,45,750.0,,195.000,338.797,0.00000,9.28185,9.28185,0.000000,0.000000,0,0,4.05400,1448.135,12.846,7.000,1.1015,66,132,66,67,62
24,falling,46,767.0,,195.000,348.408,0.00000,9.42317,9.42317,0.000000,0.000000,0,0,4.05400,1448.135,12.846,7.000,1.1015,66,132,66,67,62
24,falling,47,784.0,,195.000,357.580,0.00000,9.55414,9.55414,0.000000,0.000000,0,0,4.05400,1448.135,12.846,7.000,1.1015,66,132,66,67,62
24,falling,48,800.0,,195.000,367.466,0.00000,9.69130,9.69130,0.000000,0.000000,0,0,4.05400,1448.135,12.846,7.000,1.1015,66,132,66,67,62
24,falling,49,817.0,,195.000,377.488,0.00000,9.82635,9.82635,0.000000,0.000000,0,0,4.05400,1448.135,12.846,7.000,1.1015,66,132,66,67,62
24,falling,50,834.0,,195.000,387.042,0.00000,9.95152,9.95152,0.000000,0.000000,0,0,4.05400,1448.135,12.846,7.000,1.1015,66,132,66,67,62
24,falling,51,850.0,,195.000,397.326,0.00000,10.08259,10.08259,0.000000,0.000000,0,0,4.05400,1448.135,12.846,7.000,1.1015,66,132,66,67,62
24,falling,52,867.0,,195.000,407.742,0.00000,10.21166,10.21166,0.000000,0.000000,0,0,4.05400,1448.135,12.846,7.000,1.1015,66,132,66,67,62
24,falling,53,884.0,,195.000,417.660,0.00000,10.33128,10.33128,0.000000,0.000000,0,0,4.05400,1448.135,12.846,7.000,1.1015,66,132,66,67,62
24,falling,54,900.0,,195.000,428.326,0.00000,10.45655,10.45655,0.000000,0.000000,0,0,4.05400,1448.135,12.846,7.000,1.1015,66,132,66,67,62
24,falling,55,917.0,,195.000,439.117,0.00000,10.57990,10.57990,0.000000,0.000000,0,0,4.05400,1448.135,12.846,7.000,1.1015,66,132,66,67,62
24,falling,56,934.0,,195.000,449.384,0.00000,10.69421,10.69421,0.000000,0.000000,0,0,4.05400,1448.135,12.846,7.000,1.1015,66,132,66,67,62
24,falling,57,950.0,,195.000,460.414,0.00000,10.81392,10.81392,0.000000,0.000000,0,0,4.05400,1448.135,12.846,7.000,1.1015,66,132,66,67,62
24,falling,58,967.0,,195.000,471.564,0.00000,10.93180,10.93180,0.000000,0.000000,0,0,4.05400,1448.135,12.846,7.000,1.1015,66,132,66,67,62
24,falling,59,984.0,,195.000,482.164,0.00000,11.04105,11.04105,0.000000,0.000000,0,0,4.05400,1448.135,12.846,7.000,1.1015,66,132,66,67,62
24,post_landing,60,1001.0,60,195.000,489.361,-1.86587,0.31901,1.89294,-0.054926,0.000000,0,1,4.05400,1448.135,12.846,7.000,1.1015,66,132,66,67,62
24,post_landing,61,1017.0,60,193.126,488.504,-1.82372,0.21441,1.83628,-0.019629,-0.055168,0,1,4.05400,1448.135,12.846,7.000,1.1015,66,132,66,67,62
24,post_landing,62,1034.0,60,191.400,488.159,-1.54852,0.15185,1.55594,-0.015231,-0.073740,0,1,4.05400,1448.135,12.846,7.000,1.1015,66,132,66,67,62
24,post_landing,63,1050.0,60,189.845,488.014,-1.14976,0.16449,1.16147,-0.019030,-0.089038,0,1,4.05400,1448.135,12.846,7.000,1.1015,66,132,66,67,62
24,post_landing,64,1067.0,60,188.690,488.101,-0.90609,0.07420,0.90912,-0.018836,-0.108152,0,1,4.05400,1448.135,12.846,7.000,1.1015,66,132,66,67,62
24,post_landing,65,1084.0,60,187.833,488.362,-0.70877,0.05774,0.71111,-0.016406,-0.125974,0,1,4.05400,1448.135,12.846,7.000,1.1015,66,132,66,67,62
24,post_landing,66,1100.0,60,187.121,488.614,-0.57397,0.05269,0.57638,-0.027906,-0.142452,0,1,4.05400,1448.135,12.846,7.000,1.1015,66,132,66,67,62
24,post_landing,67,1117.0,60,186.545,488.956,-0.56519,0.33521,0.65712,-0.027479,-0.170480,0,0,4.05400,1448.135,12.846,7.000,1.1015,66,132,66,67,62
24,post_landing,68,1134.0,60,186.010,489.483,-0.53551,0.10630,0.54596,-0.017266,-0.196480,0,1,4.05400,1448.135,12.846,7.000,1.1015,66,132,66,67,62
24,post_landing,69,1150.0,60,185.472,489.789,-0.45650,0.04629,0.45884,-0.014179,-0.213822,0,1,4.05400,1448.135,12.846,7.000,1.1015,66,132,66,67,62
24,post_landing,70,1167.0,60,185.013,490.042,-0.36735,0.03467,0.36898,-0.013046,-0.228064,0,1,4.05400,1448.135,12.846,7.000,1.1015,66,132,66,67,62
24,post_landing,71,1184.0,60,184.666,490.264,-0.30608,0.03266,0.30782,-0.011372,-0.240407,0,1,4.05400,1448.135,12.846,7.000,1.1015,66,132,66,67,62
24,post_landing,72,1200.0,60,184.358,490.481,-0.25447,0.02061,0.25531,-0.011572,-0.251830,0,1,4.05400,1448.135,12.846,7.000,1.1015,66,132,66,67,62
24,post_landing,73,1217.0,60,184.103,490.700,-0.21938,0.01824,0.22014,-0.011147,-0.263452,0,1,4.05400,1448.135,12.846,7.000,1.1015,66,132,66,67,62
24,post_landing,74,1234.0,60,183.895,490.900,-0.19781,0.04551,0.20298,-0.018557,-0.273999,0,1,4.05400,1448.135,12.846,7.000,1.1015,66,132,66,67,62
24,post_landing,75,1250.0,60,183.697,491.262,-0.22728,0.07518,0.23940,-0.021317,-0.292638,0,1,4.05400,1448.135,12.846,7.000,1.1015,66,132,66,67,62
24,post_landing,76,1267.0,60,183.468,491.649,-0.22381,0.35737,0.42166,-0.020990,-0.314048,0,0,4.05400,1448.135,12.846,7.000,1.1015,66,132,66,67,62
24,post_landing,77,1284.0,60,183.257,492.123,-0.23409,0.16592,0.28693,-0.012267,-0.333909,0,1,4.05400,1448.135,12.846,7.000,1.1015,66,132,66,67,62
24,post_landing,78,1300.0,60,183.021,492.392,-0.27847,0.08500,0.29116,-0.008512,-0.346229,0,1,4.05400,1448.135,12.846,7.000,1.1015,66,132,66,67,62
24,post_landing,79,1317.0,60,182.742,492.690,-0.15837,-0.02959,0.16111,-0.002507,-0.354779,0,1,4.05400,1448.135,12.846,7.000,1.1015,66,132,66,67,62
24,post_landing,80,1334.0,60,182.592,492.773,-0.06245,0.00000,0.06245,-0.001243,-0.357151,0,1,4.05400,1448.135,12.846,7.000,1.1015,66,132,66,67,62
24,post_landing,81,1350.0,60,182.529,492.843,0.00248,0.00000,0.00248,0.000000,-0.358399,0,1,4.05400,1448.135,12.846,7.000,1.1015,66,132,66,67,62
24,post_landing,82,1367.0,60,182.532,492.848,-0.02310,0.00000,0.02310,0.000000,-0.358399,0,1,4.05400,1448.135,12.846,7.000,1.1015,66,132,66,67,62
24,post_landing,83,1384.0,60,182.510,492.844,0.00500,0.00000,0.00500,0.000000,-0.358399,0,1,4.05400,1448.135,12.846,7.000,1.1015,66,132,66,67,62
24,post_landing,84,1400.0,60,182.515,492.848,-0.00877,0.00000,0.00877,0.000000,-0.358399,0,1,4.05400,1448.135,12.846,7.000,1.1015,66,132,66,67,62
24,post_landing,85,1417.0,60,182.506,492.848,-0.00386,0.00000,0.00386,0.000000,-0.358399,0,1,4.05400,1448.135,12.846,7.000,1.1015,66,132,66,67,62
24,post_landing,86,1434.0,60,182.502,492.844,0.02513,0.00000,0.02513,0.000000,-0.358399,0,1,4.05400,1448.135,12.846,7.000,1.1015,66,132,66,67,62
24,post_landing,87,1450.0,60,182.528,492.848,-0.01910,0.00000,0.01910,0.000000,-0.358399,0,1,4.05400,1448.135,12.846,7.000,1.1015,66,132,66,67,62
24,post_landing,88,1467.0,60,182.508,492.848,-0.00652,0.00000,0.00652,0.000000,-0.358399,0,1,4.05400,1448.135,12.846,7.000,1.1015,66,132,66,67,62
24,post_landing,89,1484.0,60,182.502,492.844,0.03784,0.00000,0.03784,0.000000,-0.358399,0,1,4.05400,1448.135,12.846,7.000,1.1015,66,132,66,67,62
24,post_landing,90,1500.0,60,182.540,492.848,-0.02145,0.00000,0.02145,0.000000,-0.358399,0,1,4.05400,1448.135,12.846,7.000,1.1015,66,132,66,67,62
24,post_landing,91,1517.0,60,182.519,492.848,-0.01649,0.00000,0.01649,0.000000,-0.358399,0,1,4.05400,1448.135,12.846,7.000,1.1015,66,132,66,67,62
24,post_landing,92,1534.0,60,182.503,492.844,0.04149,0.00000,0.04149,0.000000,-0.358399,0,1,4.05400,1448.135,12.846,7.000,1.1015,66,132,66,67,62
24,post_landing,93,1550.0,60,182.545,492.848,-0.01817,0.00000,0.01817,0.000000,-0.358399,0,1,4.05400,1448.135,12.846,7.000,1.1015,66,132,66,67,62
24,post_landing,94,1567.0,60,182.527,492.848,-0.02211,0.00000,0.02211,0.000000,-0.358399,0,1,4.05400,1448.135,12.846,7.000,1.1015,66,132,66,67,62
24,post_landing,95,1583.0,60,182.506,492.844,0.04124,0.00000,0.04124,0.000000,-0.358399,0,1,4.05400,1448.135,12.846,7.000,1.1015,66,132,66,67,62
24,post_landing,96,1600.0,60,182.547,492.848,-0.01475,0.00000,0.01475,0.000000,-0.358399,0,1,4.05400,1448.135,12.846,7.000,1.1015,66,132,66,67,62
24,post_landing,97,1617.0,60,182.532,492.848,-0.02381,0.00000,0.02381,0.000000,-0.358399,0,1,4.05400,1448.135,12.846,7.000,1.1015,66,132,66,67,62
24,post_landing,98,1634.0,60,182.510,492.844,0.03950,0.00000,0.03950,0.000000,-0.358399,0,1,4.05400,1448.135,12.846,7.000,1.1015,66,132,66,67,62
24,post_landing,99,1650.0,60,182.549,492.848,-0.01285,0.00000,0.01285,0.000000,-0.358399,0,1,4.05400,1448.135,12.846,7.000,1.1015,66,132,66,67,62
24,post_landing,100,1667.0,60,182.536,492.848,-0.02364,0.00000,0.02364,0.000000,-0.358399,0,1,4.05400,1448.135,12.846,7.000,1.1015,66,132,66,67,62
24,post_landing,101,1684.0,60,182.514,492.844,0.03806,0.00000,0.03806,0.000000,-0.358399,0,1,4.05400,1448.135,12.846,7.000,1.1015,66,132,66,67,62
24,post_landing,102,1700.0,60,182.552,492.848,-0.01229,0.00000,0.01229,0.000000,-0.358399,0,1,4.05400,1448.135,12.846,7.000,1.1015,66,132,66,67,62
24,post_landing,103,1717.0,60,182.540,492.848,-0.02298,0.00000,0.02298,0.000000,-0.358399,0,1,4.05400,1448.135,12.846,7.000,1.1015,66,132,66,67,62
24,post_landing,104,1734.0,60,182.518,492.844,0.03731,0.00000,0.03731,0.000000,-0.358399,0,1,4.05400,1448.135,12.846,7.000,1.1015,66,132,66,67,62
24,post_landing,105,1750.0,60,182.556,492.848,-0.01239,0.00000,0.01239,0.000000,-0.358399,0,1,4.05400,1448.135,12.846,7.000,1.1015,66,132,66,67,62
24,post_landing,106,1767.0,60,182.544,492.844,-0.00499,0.00000,0.00499,0.000000,-0.358399,0,1,4.05400,1448.135,12.846,7.000,1.1015,66,132,66,67,62
24,post_landing,107,1783.0,60,182.539,492.848,-0.00060,0.00000,0.00060,0.000000,-0.358399,0,1,4.05400,1448.135,12.846,7.000,1.1015,66,132,66,67,62
24,post_landing,108,1800.0,60,182.538,492.848,-0.00156,0.00000,0.00156,0.000000,-0.358399,0,1,4.05400,1448.135,12.846,7.000,1.1015,66,132,66,67,62
24,post_landing,109,1817.0,60,182.537,492.844,0.01754,0.00000,0.01754,0.000000,-0.358399,0,1,4.05400,1448.135,12.846,7.000,1.1015,66,132,66,67,62
24,post_landing,110,1833.0,60,182.554,492.848,-0.01796,0.00000,0.01796,0.000000,-0.358399,0,1,4.05400,1448.135,12.846,7.000,1.1015,66,132,66,67,62
24,post_landing,111,1850.0,60,182.536,492.848,-0.00710,0.00000,0.00710,0.000000,-0.358399,0,1,4.05400,1448.135,12.846,7.000,1.1015,66,132,66,67,62
24,post_landing,112,1867.0,60,182.529,492.848,0.01263,0.00000,0.01263,0.000000,-0.358399,0,1,4.05400,1448.135,12.846,7.000,1.1015,66,132,66,67,62
24,post_landing,113,1883.0,60,182.541,492.844,0.01673,0.00000,0.01673,0.000000,-0.358399,0,1,4.05400,1448.135,12.846,7.000,1.1015,66,132,66,67,62
24,post_landing,114,1900.0,60,182.558,492.848,-0.02631,0.00000,0.02631,0.000000,-0.358399,0,1,4.05400,1448.135,12.846,7.000,1.1015,66,132,66,67,62
24,post_landing,115,1917.0,60,182.533,492.844,0.01538,0.00000,0.01538,0.000000,-0.358399,0,1,4.05400,1448.135,12.846,7.000,1.1015,66,132,66,67,62
24,post_landing,116,1933.0,60,182.549,492.848,-0.00219,0.00000,0.00219,0.000000,-0.358399,0,1,4.05400,1448.135,12.846,7.000,1.1015,66,132,66,67,62
24,post_landing,117,1950.0,60,182.546,492.848,-0.01379,0.00000,0.01379,0.000000,-0.358399,0,1,4.05400,1448.135,12.846,7.000,1.1015,66,132,66,67,62
24,post_landing,118,1967.0,60,182.533,492.844,0.02432,0.00000,0.02432,0.000000,-0.358399,0,1,4.05400,1448.135,12.846,7.000,1.1015,66,132,66,67,62
24,post_landing,119,1983.0,60,182.558,492.848,-0.01314,0.00000,0.01314,0.000000,-0.358399,0,1,4.05400,1448.135,12.846,7.000,1.1015,66,132,66,67,62
25,falling,0,14.0,,195.000,97.029,0.00000,0.55000,0.55000,0.000000,0.000000,0,0,2.95800,422.016,3.375,16.000,1.8319,85,170,85,88,80
25,falling,1,23.0,,195.000,97.405,0.00000,0.69555,0.69555,0.000000,0.000000,0,0,2.95800,422.016,3.375,16.000,1.8319,85,170,85,88,80
25,falling,2,40.0,,195.000,98.392,0.00000,0.96824,0.96824,0.000000,0.000000,0,0,2.95800,422.016,3.375,16.000,1.8319,85,170,85,88,80
25,falling,3,57.0,,195.000,99.564,0.00000,1.22096,1.22096,0.000000,0.000000,0,0,2.95800,422.016,3.375,16.000,1.8319,85,170,85,88,80
25,falling,4,73.0,,195.000,101.080,0.00000,1.48561,1.48561,0.000000,0.000000,0,0,2.95800,422.016,3.375,16.000,1.8319,85,170,85,88,80
25,falling,5,90.0,,195.000,102.861,0.00000,1.74622,1.74622,0.000000,0.000000,0,0,2.95800,422.016,3.375,16.000,1.8319,85,170,85,88,80
25,falling,6,106.0,,195.000,104.769,0.00000,1.98774,1.98774,0.000000,0.000000,0,0,2.95800,422.016,3.375,16.000,1.8319,85,170,85,88,80
25,falling,7,123.0,,195.000,107.054,0.00000,2.24066,2.24066,0.000000,0.000000,0,0,2.95800,422.016,3.375,16.000,1.8319,85,170,85,88,80
25,falling,8,140.0,,195.000,109.594,0.00000,2.48971,2.48971,0.000000,0.000000,0,0,2.95800,422.016,3.375,16.000,1.8319,85,170,85,88,80
25,falling,9,157.0,,195.000,112.206,0.00000,2.72052,2.72052,0.000000,0.000000,0,0,2.95800,422.016,3.375,16.000,1.8319,85,170,85,88,80
25,falling,10,173.0,,195.000,115.227,0.00000,2.96223,2.96223,0.000000,0.000000,0,0,2.95800,422.016,3.375,16.000,1.8319,85,170,85,88,80
25,falling,11,190.0,,195.000,118.491,0.00000,3.20025,3.20025,0.000000,0.000000,0,0,2.95800,422.016,3.375,16.000,1.8319,85,170,85,88,80
25,falling,12,207.0,,195.000,121.775,0.00000,3.42083,3.42083,0.000000,0.000000,0,0,2.95800,422.016,3.375,16.000,1.8319,85,170,85,88,80
25,falling,13,223.0,,195.000,125.500,0.00000,3.65182,3.65182,0.000000,0.000000,0,0,2.95800,422.016,3.375,16.000,1.8319,85,170,85,88,80
25,falling,14,240.0,,195.000,129.457,0.00000,3.87928,3.87928,0.000000,0.000000,0,0,2.95800,422.016,3.375,16.000,1.8319,85,170,85,88,80
25,falling,15,257.0,,195.000,133.384,0.00000,4.09009,4.09009,0.000000,0.000000,0,0,2.95800,422.016,3.375,16.000,1.8319,85,170,85,88,80
25,falling,16,273.0,,195.000,137.781,0.00000,4.31084,4.31084,0.000000,0.000000,0,0,2.95800,422.016,3.375,16.000,1.8319,85,170,85,88,80
25,falling,17,290.0,,195.000,142.399,0.00000,4.52822,4.52822,0.000000,0.000000,0,0,2.95800,422.016,3.375,16.000,1.8319,85,170,85,88,80
25,falling,18,307.0,,195.000,146.940,0.00000,4.72968,4.72968,0.000000,0.000000,0,0,2.95800,422.016,3.375,16.000,1.8319,85,170,85,88,80
25,falling,19,323.0,,195.000,151.979,0.00000,4.94065,4.94065,0.000000,0.000000,0,0,2.95800,422.016,3.375,16.000,1.8319,85,170,85,88,80
25,falling,20,340.0,,195.000,157.231,0.00000,5.14839,5.14839,0.000000,0.000000,0,0,2.95800,422.016,3.375,16.000,1.8319,85,170,85,88,80
25,falling,21,356.0,,195.000,162.358,0.00000,5.34092,5.34092,0.000000,0.000000,0,0,2.95800,422.016,3.375,16.000,1.8319,85,170,85,88,80
25,falling,22,373.0,,195.000,168.011,0.00000,5.54254,5.54254,0.000000,0.000000,0,0,2.95800,422.016,3.375,16.000,1.8319,85,170,85,88,80
25,falling,23,390.0,,195.000,173.867,0.00000,5.74107,5.74107,0.000000,0.000000,0,0,2.95800,422.016,3.375,16.000,1.8319,85,170,85,88,80
25,falling,24,407.0,,195.000,179.923,0.00000,5.93657,5.93657,0.000000,0.000000,0,0,2.95800,422.016,3.375,16.000,1.8319,85,170,85,88,80
25,falling,25,423.0,,195.000,185.796,0.00000,6.11775,6.11775,0.000000,0.000000,0,0,2.95800,422.016,3.375,16.000,1.8319,85,170,85,88,80
25,falling,26,440.0,,195.000,192.229,0.00000,6.30748,6.30748,0.000000,0.000000,0,0,2.95800,422.016,3.375,16.000,1.8319,85,170,85,88,80
25,falling,27,456.0,,195.000,198.453,0.00000,6.48332,6.48332,0.000000,0.000000,0,0,2.95800,422.016,3.375,16.000,1.8319,85,170,85,88,80
25,falling,28,473.0,,195.000,205.254,0.00000,6.66746,6.66746,0.000000,0.000000,0,0,2.95800,422.016,3.375,16.000,1.8319,85,170,85,88,80
25,falling,29,490.0,,195.000,211.819,0.00000,6.83811,6.83811,0.000000,0.000000,0,0,2.95800,422.016,3.375,16.000,1.8319,85,170,85,88,80
25,falling,30,506.0,,195.000,218.976,0.00000,7.01682,7.01682,0.000000,0.000000,0,0,2.95800,422.016,3.375,16.000,1.8319,85,170,85,88,80
25,falling,31,523.0,,195.000,226.313,0.00000,7.19280,7.19280,0.000000,0.000000,0,0,2.95800,422.016,3.375,16.000,1.8319,85,170,85,88,80
25,falling,32,540.0,,195.000,233.374,0.00000,7.35589,7.35589,0.000000,0.000000,0,0,2.95800,422.016,3.375,16.000,1.8319,85,170,85,88,80
25,falling,33,556.0,,195.000,241.051,0.00000,7.52668,7.52668,0.000000,0.000000,0,0,2.95800,422.016,3.375,16.000,1.8319,85,170,85,88,80
25,falling,34,573.0,,195.000,248.900,0.00000,7.69485,7.69485,0.000000,0.000000,0,0,2.95800,422.016,3.375,16.000,1.8319,85,170,85,88,80
25,falling,35,590.0,,195.000,256.437,0.00000,7.85071,7.85071,0.000000,0.000000,0,0,2.95800,422.016,3.375,16.000,1.8319,85,170,85,88,80
25,falling,36,606.0,,195.000,264.611,0.00000,8.01393,8.01393,0.000000,0.000000,0,0,2.95800,422.016,3.375,16.000,1.8319,85,170,85,88,80
25,falling,37,623.0,,195.000,272.949,0.00000,8.17465,8.17465,0.000000,0.000000,0,0,2.95800,422.016,3.375,16.000,1.8319,85,170,85,88,80
25,falling,38,640.0,,195.000,280.940,0.00000,8.32360,8.32360,0.000000,0.000000,0,0,2.95800,422.016,3.375,16.000,1.8319,85,170,85,88,80
25,falling,39,656.0,,195.000,289.589,0.00000,8.47958,8.47958,0.000000,0.000000,0,0,2.95800,422.016,3.375,16.000,1.8319,85,170,85,88,80
25,falling,40,673.0,,195.000,298.395,0.00000,8.63318,8.63318,0.000000,0.000000,0,0,2.95800,422.016,3.375,16.000,1.8319,85,170,85,88,80
25,falling,41,690.0,,195.000,306.819,0.00000,8.77553,8.77553,0.000000,0.000000,0,0,2.95800,422.016,3.375,16.000,1.8319,85,170,85,88,80
25,falling,42,706.0,,195.000,315.922,0.00000,8.92460,8.92460,0.000000,0.000000,0,0,2.95800,422.016,3.375,16.000,1.8319,85,170,85,88,80
25,falling,43,723.0,,195.000,325.175,0.00000,9.07138,9.07138,0.000000,0.000000,0,0,2.95800,422.016,3.375,16.000,1.8319,85,170,85,88,80
25,falling,44,740.0,,195.000,334.014,0.00000,9.20742,9.20742,0.000000,0.000000,0,0,2.95800,422.016,3.375,16.000,1.8319,85,170,85,88,80
25,falling,45,756.0,,195.000,343.551,0.00000,9.34988,9.34988,0.000000,0.000000,0,0,2.95800,422.016,3.375,16.000,1.8319,85,170,85,88,80
25,falling,46,773.0,,195.000,353.231,0.00000,9.49016,9.49016,0.000000,0.000000,0,0,2.95800,422.016,3.375,16.000,1.8319,85,170,85,88,80
25,falling,47,790.0,,195.000,362.467,0.00000,9.62017,9.62017,0.000000,0.000000,0,0,2.95800,422.016,3.375,16.000,1.8319,85,170,85,88,80
25,falling,48,806.0,,195.000,372.418,0.00000,9.75631,9.75631,0.000000,0.000000,0,0,2.95800,422.016,3.375,16.000,1.8319,85,170,85,88,80
25,falling,49,823.0,,195.000,382.506,0.00000,9.89038,9.89038,0.000000,0.000000,0,0,2.95800,422.016,3.375,16.000,1.8319,85,170,85,88,80
25,falling,50,840.0,,195.000,392.120,0.00000,10.01462,10.01462,0.000000,0.000000,0,0,2.95800,422.016,3.375,16.000,1.8319,85,170,85,88,80
25,falling,51,856.0,,195.000,402.468,0.00000,10.14473,10.14473,0.000000,0.000000,0,0,2.95800,422.016,3.375,16.000,1.8319,85,170,85,88,80
25,falling,52,873.0,,195.000,412.946,0.00000,10.27285,10.27285,0.000000,0.000000,0,0,2.95800,422.016,3.375,16.000,1.8319,85,170,85,88,80
25,falling,53,890.0,,195.000,422.922,0.00000,10.39159,10.39159,0.000000,0.000000,0,0,2.95800,422.016,3.375,16.000,1.8319,85,170,85,88,80
25,falling,54,906.0,,195.000,433.648,0.00000,10.51593,10.51593,0.000000,0.000000,0,0,2.95800,422.016,3.375,16.000,1.8319,85,170,85,88,80
25,falling,55,923.0,,195.000,444.499,0.00000,10.63837,10.63837,0.000000,0.000000,0,0,2.95800,422.016,3.375,16.000,1.8319,85,170,85,88,80
25,falling,56,940.0,,195.000,454.821,0.00000,10.75184,10.75184,0.000000,0.000000,0,0,2.95800,422.016,3.375,16.000,1.8319,85,170,85,88,80
25,falling,57,956.0,,195.000,465.909,0.00000,10.87067,10.87067,0.000000,0.000000,0,0,2.95800,422.016,3.375,16.000,1.8319,85,170,85,88,80
25,falling,58,973.0,,195.000,477.117,0.00000,10.98769,10.98769,0.000000,0.000000,0,0,2.95800,422.016,3.375,16.000,1.8319,85,170,85,88,80
25,post_landing,59,990.0,59,195.000,482.178,1.55253,-2.32639,2.79687,0.143213,0.000000,0,1,2.95800,422.016,3.375,16.000,1.8319,85,170,85,88,80
25,post_landing,60,1006.0,59,196.559,479.488,1.62960,-1.10411,1.96842,0.030728,0.143842,0,1,2.95800,422.016,3.375,16.000,1.8319,85,170,85,88,80
25,post_landing,61,1023.0,59,198.196,478.155,1.60467,-0.80388,1.79477,0.030257,0.174705,0,0,2.95800,422.016,3.375,16.000,1.8319,85,170,85,88,80
25,post_landing,62,1039.0,59,199.714,477.239,1.58156,-0.52564,1.66662,0.029822,0.203334,0,0,2.95800,422.016,3.375,16.000,1.8319,85,170,85,88,80
25,post_landing,63,1056.0,59,201.303,476.672,1.55737,-0.23426,1.57489,0.029365,0.233286,0,0,2.95800,422.016,3.375,16.000,1.8319,85,170,85,88,80
25,post_landing,64,1073.0,59,202.867,476.462,1.53354,0.05265,1.53444,0.028916,0.262781,0,0,2.95800,422.016,3.375,16.000,1.8319,85,170,85,88,80
25,post_landing,65,1089.0,59,204.318,476.768,1.51145,0.31856,1.54466,0.028500,0.290141,0,0,2.95800,422.016,3.375,16.000,1.8319,85,170,85,88,80
25,post_landing,66,1106.0,59,205.836,477.377,1.48833,0.59702,1.60361,0.028064,0.318766,0,0,2.95800,422.016,3.375,16.000,1.8319,85,170,85,88,80
25,post_landing,67,1123.0,59,207.331,478.266,1.46556,0.87122,1.70496,0.027634,0.346953,0,0,2.95800,422.016,3.375,16.000,1.8319,85,170,85,88,80
25,post_landing,68,1139.0,59,208.718,479.346,1.44445,1.12534,1.83108,0.027236,0.373100,0,0,2.95800,422.016,3.375,16.000,1.8319,85,170,85,88,80
25,post_landing,69,1156.0,59,210.169,480.794,1.47084,0.42454,1.53089,0.005026,0.400456,0,1,2.95800,422.016,3.375,16.000,1.8319,85,170,85,88,80
25,post_landing,70,1173.0,59,211.646,480.909,2.01451,-0.36092,2.04658,-0.026667,0.405503,0,1,2.95800,422.016,3.375,16.000,1.8319,85,170,85,88,80
25,post_landing,71,1190.0,59,213.552,480.556,1.51381,-0.04898,1.51460,0.033692,0.380272,0,1,2.95800,422.016,3.375,16.000,1.8319,85,170,85,88,80
25,post_landing,72,1206.0,59,215.072,480.582,1.49064,0.23510,1.50907,0.033176,0.414112,0,0,2.95800,422.016,3.375,16.000,1.8319,85,170,85,88,80
25,post_landing,73,1223.0,59,216.570,481.107,1.46784,0.51484,1.55551,0.032668,0.447433,0,0,2.95800,422.016,3.375,16.000,1.8319,85,170,85,88,80
25,post_landing,74,1239.0,59,217.958,481.851,1.44670,0.77409,1.64078,0.032198,0.478344,0,0,2.95800,422.016,3.375,16.000,1.8319,85,170,85,88,80
25,post_landing,75,1256.0,59,219.412,482.519,1.75197,0.00000,1.75197,0.018219,0.510683,0,1,2.95800,422.016,3.375,16.000,1.8319,85,170,85,88,80
25,post_landing,76,1273.0,59,221.171,482.816,1.68118,0.10767,1.68462,0.000000,0.528983,0,1,2.95800,422.016,3.375,16.000,1.8319,85,170,85,88,80
25,post_landing,77,1289.0,59,222.762,482.840,1.57992,0.14166,1.58625,-0.002678,0.528983,0,1,2.95800,422.016,3.375,16.000,1.8319,85,170,85,88,80
25,post_landing,78,1306.0,59,224.349,482.802,1.55775,0.14593,1.56457,-0.010470,0.526293,0,1,2.95800,422.016,3.375,16.000,1.8319,85,170,85,88,80
25,post_landing,79,1323.0,59,225.913,482.624,1.54044,0.13361,1.54623,-0.012271,0.515777,0,1,2.95800,422.016,3.375,16.000,1.8319,85,170,85,88,80
25,post_landing,80,1339.0,59,227.371,482.418,1.49733,0.13570,1.50346,-0.011481,0.504167,0,1,2.95800,422.016,3.375,16.000,1.8319,85,170,85,88,80
25,post_landing,81,1356.0,59,228.875,482.225,1.52367,0.21821,1.53921,-0.027336,0.492635,0,1,2.95800,422.016,3.375,16.000,1.8319,85,170,85,88,80
25,post_landing,82,1373.0,59,230.405,482.179,1.99171,-0.63968,2.09191,-0.013774,0.465179,0,1,2.95800,422.016,3.375,16.000,1.8319,85,170,85,88,80
25,post_landing,83,1390.0,59,232.290,481.549,1.81851,-0.20009,1.82948,-0.004443,0.452146,0,1,2.95800,422.016,3.375,16.000,1.8319,85,170,85,88,80
25,post_landing,84,1406.0,59,234.116,481.460,1.64871,0.06732,1.65008,0.004538,0.447684,0,1,2.95800,422.016,3.375,16.000,1.8319,85,170,85,88,80
25,post_landing,85,1423.0,59,235.772,481.552,1.31544,0.19697,1.33010,0.059987,0.452242,0,1,2.95800,422.016,3.375,16.000,1.8319,85,170,85,88,80
25,post_landing,86,1439.0,59,237.017,481.994,1.29650,0.46080,1.37595,0.059123,0.509000,0,0,2.95800,422.016,3.375,16.000,1.8319,85,170,85,88,80
25,post_landing,87,1456.0,59,238.319,482.746,1.27666,0.73709,1.47416,0.058218,0.568383,0,0,2.95800,422.016,3.375,16.000,1.8319,85,170,85,88,80
25,post_landing,88,1473.0,59,239.527,483.699,1.25827,0.99314,1.60299,0.057380,0.623468,0,0,2.95800,422.016,3.375,16.000,1.8319,85,170,85,88,80
25,post_landing,89,1489.0,59,240.791,484.986,1.23902,1.26128,1.76805,0.056502,0.681100,0,0,2.95800,422.016,3.375,16.000,1.8319,85,170,85,88,80
25,post_landing,90,1506.0,59,242.035,486.541,1.22007,1.52531,1.95324,0.055638,0.737850,0,0,2.95800,422.016,3.375,16.000,1.8319,85,170,85,88,80
25,post_landing,91,1523.0,59,243.190,488.241,1.20250,1.77002,2.13985,0.054837,0.790494,0,0,2.95800,422.016,3.375,16.000,1.8319,85,170,85,88,80
25,post_landing,92,1539.0,59,244.397,490.307,1.18410,2.02627,2.34688,0.053998,0.845571,0,0,2.95800,422.016,3.375,16.000,1.8319,85,170,85,88,80
25,post_landing,93,1556.0,59,245.587,492.329,1.52395,0.69375,1.67443,0.023907,0.899806,0,1,2.95800,422.016,3.375,16.000,1.8319,85,170,85,88,80
25,post_landing,94,1573.0,59,247.029,492.757,1.29404,0.36116,1.34349,0.020351,0.922426,0,1,2.95800,422.016,3.375,16.000,1.8319,85,170,85,88,80
25,post_landing,95,1589.0,59,248.328,493.375,1.09159,0.24281,1.11826,0.017622,0.942867,0,1,2.95800,422.016,3.375,16.000,1.8319,85,170,85,88,80
25,post_landing,96,1606.0,59,249.425,493.942,0.91799,0.19852,0.93921,0.015132,0.960566,0,1,2.95800,422.016,3.375,16.000,1.8319,85,170,85,88,80
25,post_landing,97,1623.0,59,250.293,494.411,0.77062,0.17569,0.79039,0.012926,0.974884,0,1,2.95800,422.016,3.375,16.000,1.8319,85,170,85,88,80
25,post_landing,98,1639.0,59,251.067,494.846,0.64454,0.17341,0.66746,0.010989,0.987867,0,1,2.95800,422.016,3.375,16.000,1.8319,85,170,85,88,80
25,post_landing,99,1656.0,59,251.715,495.218,0.53783,0.35419,0.64398,0.017273,0.998904,0,1,2.95800,422.016,3.375,16.000,1.8319,85,170,85,88,80
25,post_landing,100,1673.0,59,252.223,495.765,0.48117,0.48029,0.67985,0.015795,1.015247,0,1,2.95800,422.016,3.375,16.000,1.8319,85,170,85,88,80
25,post_landing,101,1689.0,59,252.707,496.321,0.44908,0.56442,0.72128,0.017735,1.031111,0,1,2.95800,422.016,3.375,16.000,1.8319,85,170,85,88,80
25,post_landing,102,1706.0,59,253.158,496.939,0.41905,0.62245,0.75036,0.020972,1.048924,0,1,2.95800,422.016,3.375,16.000,1.8319,85,170,85,88,80
25,post_landing,103,1723.0,59,253.554,497.627,0.40119,0.65871,0.77127,0.021233,1.068767,0,1,2.95800,422.016,3.375,16.000,1.8319,85,170,85,88,80
25,post_landing,104,1739.0,59,253.957,498.389,0.38616,0.69365,0.79389,0.022702,1.090093,0,1,2.95800,422.016,3.375,16.000,1.8319,85,170,85,88,80
25,post_landing,105,1756.0,59,254.345,499.209,0.37853,0.72280,0.81592,0.022630,1.112895,0,1,2.95800,422.016,3.375,16.000,1.8319,85,170,85,88,80
25,post_landing,106,1773.0,59,254.703,499.988,0.37309,0.73446,0.82379,0.022174,1.134307,0,1,2.95800,422.016,3.375,16.000,1.8319,85,170,85,88,80
25,post_landing,107,1789.0,59,255.078,500.816,0.36818,0.75481,0.83982,0.022241,1.156578,0,1,2.95800,422.016,3.375,16.000,1.8319,85,170,85,88,80
25,post_landing,108,1806.0,59,255.448,501.661,0.46670,0.17533,0.49855,0.000000,1.178917,0,1,2.95800,422.016,3.375,16.000,1.8319,85,170,85,88,80
25,post_landing,109,1823.0,59,255.889,501.742,2.51365,-0.57427,2.57842,-0.017133,1.178917,0,1,2.95800,422.016,3.375,16.000,1.8319,85,170,85,88,80
25,post_landing,110,1839.0,59,258.414,501.219,1.80348,-0.15518,1.81015,0.047148,1.161708,0,1,2.95800,422.016,3.375,16.000,1.8319,85,170,85,88,80
25,post_landing,111,1856.0,59,260.225,501.316,0.63279,-0.75239,0.98311,0.060508,1.209063,0,1,2.95800,422.016,3.375,16.000,1.8319,85,170,85,88,80
25,post_landing,112,1873.0,59,260.824,500.674,0.46315,-0.50151,0.68265,0.036302,1.266315,0,1,2.95800,422.016,3.375,16.000,1.8319,85,170,85,88,80
25,post_landing,113,1889.0,59,261.289,500.298,0.04756,-0.25888,0.26321,0.060179,1.302776,0,1,2.95800,422.016,3.375,16.000,1.8319,85,170,85,88,80
25,post_landing,114,1906.0,59,261.337,499.959,0.06094,-0.15045,0.16232,0.027014,1.363220,0,1,2.95800,422.016,3.375,16.000,1.8319,85,170,85,88,80
25,post_landing,115,1923.0,59,261.395,499.725,-0.04644,-0.25018,0.25445,0.001048,1.388780,0,1,2.95800,422.016,3.375,16.000,1.8319,85,170,85,88,80
25,post_landing,116,1939.0,59,261.348,499.553,0.10731,-0.05424,0.12024,-0.023779,1.389833,0,1,2.95800,422.016,3.375,16.000,1.8319,85,170,85,88,80
25,post_landing,117,1956.0,59,261.450,499.719,-0.06405,-0.12731,0.14251,-0.018123,1.367334,0,1,2.95800,422.016,3.375,16.000,1.8319,85,170,85,88,80
25,post_landing,118,1972.0,59,261.385,499.873,-0.24533,-0.17982,0.30418,-0.013976,1.349131,0,1,2.95800,422.016,3.375,16.000,1.8319,85,170,85,88,80
26,falling,0,12.0,,195.000,97.029,0.00000,0.55000,0.55000,0.000000,0.000000,0,0,4.03400,1163.861,2.725,11.000,1.6257,76,152,76,82,72
26,falling,1,28.0,,195.000,97.805,0.00000,0.80875,0.80875,0.000000,0.000000,0,0,4.03400,1163.861,2.725,11.000,1.6257,76,152,76,82,72
26,falling,2,45.0,,195.000,98.907,0.00000,1.07971,1.07971,0.000000,0.000000,0,0,4.03400,1163.861,2.725,11.000,1.6257,76,152,76,82,72
26,falling,3,62.0,,195.000,100.280,0.00000,1.34652,1.34652,0.000000,0.000000,0,0,4.03400,1163.861,2.725,11.000,1.6257,76,152,76,82,72
26,falling,4,78.0,,195.000,101.810,0.00000,1.59380,1.59380,0.000000,0.000000,0,0,4.03400,1163.861,2.725,11.000,1.6257,76,152,76,82,72
26,falling,5,95.0,,195.000,103.700,0.00000,1.85275,1.85275,0.000000,0.000000,0,0,4.03400,1163.861,2.725,11.000,1.6257,76,152,76,82,72
26,falling,6,112.0,,195.000,105.709,0.00000,2.09273,2.09273,0.000000,0.000000,0,0,4.03400,1163.861,2.725,11.000,1.6257,76,152,76,82,72
26,falling,7,128.0,,195.000,108.100,0.00000,2.34405,2.34405,0.000000,0.000000,0,0,4.03400,1163.861,2.725,11.000,1.6257,76,152,76,82,72
26,falling,8,145.0,,195.000,110.743,0.00000,2.59152,2.59152,0.000000,0.000000,0,0,4.03400,1163.861,2.725,11.000,1.6257,76,152,76,82,72
26,falling,9,162.0,,195.000,113.451,0.00000,2.82086,2.82086,0.000000,0.000000,0,0,4.03400,1163.861,2.725,11.000,1.6257,76,152,76,82,72
26,falling,10,178.0,,195.000,116.574,0.00000,3.06104,3.06104,0.000000,0.000000,0,0,4.03400,1163.861,2.725,11.000,1.6257,76,152,76,82,72
26,falling,11,195.0,,195.000,119.937,0.00000,3.29754,3.29754,0.000000,0.000000,0,0,4.03400,1163.861,2.725,11.000,1.6257,76,152,76,82,72
26,falling,12,212.0,,195.000,123.313,0.00000,3.51672,3.51672,0.000000,0.000000,0,0,4.03400,1163.861,2.725,11.000,1.6257,76,152,76,82,72
26,falling,13,228.0,,195.000,127.134,0.00000,3.74625,3.74625,0.000000,0.000000,0,0,4.03400,1163.861,2.725,11.000,1.6257,76,152,76,82,72
26,falling,14,245.0,,195.000,131.186,0.00000,3.97226,3.97226,0.000000,0.000000,0,0,4.03400,1163.861,2.725,11.000,1.6257,76,152,76,82,72
26,falling,15,262.0,,195.000,135.200,0.00000,4.18173,4.18173,0.000000,0.000000,0,0,4.03400,1163.861,2.725,11.000,1.6257,76,152,76,82,72
26,falling,16,278.0,,195.000,139.690,0.00000,4.40108,4.40108,0.000000,0.000000,0,0,4.03400,1163.861,2.725,11.000,1.6257,76,152,76,82,72
26,falling,17,295.0,,195.000,144.399,0.00000,4.61708,4.61708,0.000000,0.000000,0,0,4.03400,1163.861,2.725,11.000,1.6257,76,152,76,82,72
26,falling,18,312.0,,195.000,149.024,0.00000,4.81726,4.81726,0.000000,0.000000,0,0,4.03400,1163.861,2.725,11.000,1.6257,76,152,76,82,72
26,falling,19,328.0,,195.000,154.151,0.00000,5.02689,5.02689,0.000000,0.000000,0,0,4.03400,1163.861,2.725,11.000,1.6257,76,152,76,82,72
26,falling,20,345.0,,195.000,159.489,0.00000,5.23331,5.23331,0.000000,0.000000,0,0,4.03400,1163.861,2.725,11.000,1.6257,76,152,76,82,72
26,falling,21,362.0,,195.000,164.697,0.00000,5.42462,5.42462,0.000000,0.000000,0,0,4.03400,1163.861,2.725,11.000,1.6257,76,152,76,82,72
26,falling,22,378.0,,195.000,170.434,0.00000,5.62496,5.62496,0.000000,0.000000,0,0,4.03400,1163.861,2.725,11.000,1.6257,76,152,76,82,72
26,falling,23,395.0,,195.000,176.373,0.00000,5.82223,5.82223,0.000000,0.000000,0,0,4.03400,1163.861,2.725,11.000,1.6257,76,152,76,82,72
26,falling,24,412.0,,195.000,182.138,0.00000,6.00505,6.00505,0.000000,0.000000,0,0,4.03400,1163.861,2.725,11.000,1.6257,76,152,76,82,72
26,falling,25,428.0,,195.000,188.458,0.00000,6.19651,6.19651,0.000000,0.000000,0,0,4.03400,1163.861,2.725,11.000,1.6257,76,152,76,82,72
26,falling,26,445.0,,195.000,194.971,0.00000,6.38504,6.38504,0.000000,0.000000,0,0,4.03400,1163.861,2.725,11.000,1.6257,76,152,76,82,72
26,falling,27,462.0,,195.000,201.268,0.00000,6.55976,6.55976,0.000000,0.000000,0,0,4.03400,1163.861,2.725,11.000,1.6257,76,152,76,82,72
26,falling,28,478.0,,195.000,208.146,0.00000,6.74273,6.74273,0.000000,0.000000,0,0,4.03400,1163.861,2.725,11.000,1.6257,76,152,76,82,72
26,falling,29,495.0,,195.000,215.207,0.00000,6.92290,6.92290,0.000000,0.000000,0,0,4.03400,1163.861,2.725,11.000,1.6257,76,152,76,82,72
26,falling,30,512.0,,195.000,222.013,0.00000,7.08987,7.08987,0.000000,0.000000,0,0,4.03400,1163.861,2.725,11.000,1.6257,76,152,76,82,72
26,falling,31,528.0,,195.000,229.423,0.00000,7.26473,7.26473,0.000000,0.000000,0,0,4.03400,1163.861,2.725,11.000,1.6257,76,152,76,82,72
26,falling,32,545.0,,195.000,237.009,0.00000,7.43691,7.43691,0.000000,0.000000,0,0,4.03400,1163.861,2.725,11.000,1.6257,76,152,76,82,72
26,falling,33,562.0,,195.000,244.302,0.00000,7.59649,7.59649,0.000000,0.000000,0,0,4.03400,1163.861,2.725,11.000,1.6257,76,152,76,82,72
26,falling,34,578.0,,195.000,252.221,0.00000,7.76360,7.76360,0.000000,0.000000,0,0,4.03400,1163.861,2.725,11.000,1.6257,76,152,76,82,72
26,falling,35,595.0,,195.000,260.307,0.00000,7.92815,7.92815,0.000000,0.000000,0,0,4.03400,1163.861,2.725,11.000,1.6257,76,152,76,82,72
26,falling,36,612.0,,195.000,268.065,0.00000,8.08065,8.08065,0.000000,0.000000,0,0,4.03400,1163.861,2.725,11.000,1.6257,76,152,76,82,72
26,falling,37,628.0,,195.000,276.470,0.00000,8.24035,8.24035,0.000000,0.000000,0,0,4.03400,1163.861,2.725,11.000,1.6257,76,152,76,82,72
26,falling,38,645.0,,195.000,285.035,0.00000,8.39760,8.39760,0.000000,0.000000,0,0,4.03400,1163.861,2.725,11.000,1.6257,76,152,76,82,72
26,falling,39,662.0,,195.000,293.237,0.00000,8.54335,8.54335,0.000000,0.000000,0,0,4.03400,1163.861,2.725,11.000,1.6257,76,152,76,82,72
26,falling,40,678.0,,195.000,302.107,0.00000,8.69597,8.69597,0.000000,0.000000,0,0,4.03400,1163.861,2.725,11.000,1.6257,76,152,76,82,72
26,falling,41,695.0,,195.000,311.130,0.00000,8.84625,8.84625,0.000000,0.000000,0,0,4.03400,1163.861,2.725,11.000,1.6257,76,152,76,82,72
26,falling,42,712.0,,195.000,319.756,0.00000,8.98553,8.98553,0.000000,0.000000,0,0,4.03400,1163.861,2.725,11.000,1.6257,76,152,76,82,72
26,falling,43,728.0,,195.000,329.070,0.00000,9.13139,9.13139,0.000000,0.000000,0,0,4.03400,1163.861,2.725,11.000,1.6257,76,152,76,82,72
26,falling,44,745.0,,195.000,337.966,0.00000,9.26656,9.26656,0.000000,0.000000,0,0,4.03400,1163.861,2.725,11.000,1.6257,76,152,76,82,72
26,falling,45,761.0,,195.000,347.562,0.00000,9.40812,9.40812,0.000000,0.000000,0,0,4.03400,1163.861,2.725,11.000,1.6257,76,152,76,82,72
26,falling,46,778.0,,195.000,357.301,0.00000,9.54750,9.54750,0.000000,0.000000,0,0,4.03400,1163.861,2.725,11.000,1.6257,76,152,76,82,72
26,falling,47,795.0,,195.000,366.590,0.00000,9.67669,9.67669,0.000000,0.000000,0,0,4.03400,1163.861,2.725,11.000,1.6257,76,152,76,82,72
26,falling,48,811.0,,195.000,376.599,0.00000,9.81197,9.81197,0.000000,0.000000,0,0,4.03400,1163.861,2.725,11.000,1.6257,76,152,76,82,72
26,falling,49,828.0,,195.000,386.743,0.00000,9.94518,9.94518,0.000000,0.000000,0,0,4.03400,1163.861,2.725,11.000,1.6257,76,152,76,82,72
26,falling,50,845.0,,195.000,396.409,0.00000,10.06863,10.06863,0.000000,0.000000,0,0,4.03400,1163.861,2.725,11.000,1.6257,76,152,76,82,72
26,falling,51,861.0,,195.000,406.810,0.00000,10.19792,10.19792,0.000000,0.000000,0,0,4.03400,1163.861,2.725,11.000,1.6257,76,152,76,82,72
26,falling,52,878.0,,195.000,417.342,0.00000,10.32522,10.32522,0.000000,0.000000,0,0,4.03400,1163.861,2.725,11.000,1.6257,76,152,76,82,72
26,falling,53,895.0,,195.000,428.002,0.00000,10.45058,10.45058,0.000000,0.000000,0,0,4.03400,1163.861,2.725,11.000,1.6257,76,152,76,82,72
26,falling,54,911.0,,195.000,438.146,0.00000,10.56676,10.56676,0.000000,0.000000,0,0,4.03400,1163.861,2.725,11.000,1.6257,76,152,76,82,72
26,falling,55,928.0,,195.000,449.048,0.00000,10.68842,10.68842,0.000000,0.000000,0,0,4.03400,1163.861,2.725,11.000,1.6257,76,152,76,82,72
26,falling,56,945.0,,195.000,459.417,0.00000,10.80117,10.80117,0.000000,0.000000,0,0,4.03400,1163.861,2.725,11.000,1.6257,76,152,76,82,72
26,falling,57,961.0,,195.000,470.555,0.00000,10.91925,10.91925,0.000000,0.000000,0,0,4.03400,1163.861,2.725,11.000,1.6257,76,152,76,82,72
26,falling,58,978.0,,195.000,481.811,0.00000,11.03552,11.03552,0.000000,0.000000,0,0,4.03400,1163.861,2.725,11.000,1.6257,76,152,76,82,72
26,post_landing,59,995.0,59,195.000,487.981,0.97644,-0.64208,1.16863,-0.017423,0.000000,0,1,4.03400,1163.861,2.725,11.000,1.6257,76,152,76,82,72
26,post_landing,60,1011.0,59,195.981,485.200,1.33233,-0.90971,1.61329,-0.016235,-0.017499,0,1,4.03400,1163.861,2.725,11.000,1.6257,76,152,76,82,72
26,post_landing,61,1028.0,59,197.319,483.445,0.84845,-1.33440,1.58130,0.054949,-0.033806,0,1,4.03400,1163.861,2.725,11.000,1.6257,76,152,76,82,72
26,post_landing,62,1045.0,59,198.122,481.534,0.83624,-1.04852,1.34115,0.054158,0.018186,0,0,4.03400,1163.861,2.725,11.000,1.6257,76,152,76,82,72
26,post_landing,63,1061.0,59,198.962,480.047,0.82344,-0.74915,1.11323,0.053329,0.072581,0,0,4.03400,1163.861,2.725,11.000,1.6257,76,152,76,82,72
26,post_landing,64,1078.0,59,199.789,479.005,0.81084,-0.45435,0.92946,0.052513,0.126145,0,0,4.03400,1163.861,2.725,11.000,1.6257,76,152,76,82,72
26,post_landing,65,1095.0,59,200.556,478.368,0.79917,-0.18114,0.81944,0.051757,0.175831,0,0,4.03400,1163.861,2.725,11.000,1.6257,76,152,76,82,72
26,post_landing,66,1111.0,59,201.359,478.104,0.78694,0.10496,0.79391,0.050965,0.227815,0,0,4.03400,1163.861,2.725,11.000,1.6257,76,152,76,82,72
26,post_landing,67,1128.0,59,202.149,478.499,0.77490,0.38669,0.86603,0.050185,0.279004,0,0,4.03400,1163.861,2.725,11.000,1.6257,76,152,76,82,72
26,post_landing,68,1145.0,59,202.882,479.121,0.76374,0.64779,1.00147,0.049463,0.326489,0,0,4.03400,1163.861,2.725,11.000,1.6257,76,152,76,82,72
26,post_landing,69,1161.0,59,203.649,480.060,0.75206,0.92121,1.18921,0.048706,0.376168,0,0,4.03400,1163.861,2.725,11.000,1.6257,76,152,76,82,72
26,post_landing,70,1178.0,59,204.405,481.275,0.74055,1.19045,1.40199,0.047961,0.425088,0,0,4.03400,1163.861,2.725,11.000,1.6257,76,152,76,82,72
26,post_landing,71,1195.0,59,205.105,482.657,0.72989,1.43997,1.61439,0.047270,0.470467,0,0,4.03400,1163.861,2.725,11.000,1.6257,76,152,76,82,72
26,post_landing,72,1211.0,59,205.838,484.392,0.71872,1.70128,1.84686,0.046547,0.517945,0,0,4.03400,1163.861,2.725,11.000,1.6257,76,152,76,82,72
26,post_landing,73,1228.0,59,206.560,486.390,0.70772,1.95858,2.08252,0.045835,0.564696,0,0,4.03400,1163.861,2.725,11.000,1.6257,76,152,76,82,72
26,post_landing,74,1245.0,59,207.230,487.813,0.71903,-0.04044,0.72016,0.015507,0.608064,0,1,4.03400,1163.861,2.725,11.000,1.6257,76,152,76,82,72
26,post_landing,75,1261.0,59,207.952,487.657,0.54150,0.00000,0.54150,0.013224,0.623640,0,1,4.03400,1163.861,2.725,11.000,1.6257,76,152,76,82,72
26,post_landing,76,1278.0,59,208.496,487.680,0.46740,0.00000,0.46740,0.008058,0.636922,0,1,4.03400,1163.861,2.725,11.000,1.6257,76,152,76,82,72
26,post_landing,77,1295.0,59,208.938,487.698,0.52479,-0.08217,0.53119,0.000000,0.644546,0,1,4.03400,1163.861,2.725,11.000,1.6257,76,152,76,82,72
26,post_landing,78,1311.0,59,209.465,487.697,0.00937,0.00000,0.00937,0.025406,0.644546,0,1,4.03400,1163.861,2.725,11.000,1.6257,76,152,76,82,72
26,post_landing,79,1328.0,59,209.475,487.784,0.25102,0.05470,0.25691,-0.001005,0.670063,0,1,4.03400,1163.861,2.725,11.000,1.6257,76,152,76,82,72
26,post_landing,80,1345.0,59,209.712,487.786,0.35889,-0.18551,0.40400,-0.005261,0.669112,0,1,4.03400,1163.861,2.725,11.000,1.6257,76,152,76,82,72
26,post_landing,81,1361.0,59,210.073,487.644,0.48077,-0.03460,0.48202,-0.017688,0.663828,0,1,4.03400,1163.861,2.725,11.000,1.6257,76,152,76,82,72
26,post_landing,82,1378.0,59,210.556,487.701,0.49091,0.03221,0.49197,-0.016749,0.646062,0,1,4.03400,1163.861,2.725,11.000,1.6257,76,152,76,82,72
26,post_landing,83,1395.0,59,211.020,487.665,0.52224,0.08996,0.52993,-0.018243,0.630214,0,1,4.03400,1163.861,2.725,11.000,1.6257,76,152,76,82,72
26,post_landing,84,1411.0,59,211.545,487.633,0.57899,0.08928,0.58583,-0.022543,0.611891,0,1,4.03400,1163.861,2.725,11.000,1.6257,76,152,76,82,72
26,post_landing,85,1428.0,59,212.126,487.599,0.58772,0.07211,0.59213,-0.022306,0.589249,0,1,4.03400,1163.861,2.725,11.000,1.6257,76,152,76,82,72
26,post_landing,86,1445.0,59,212.682,487.575,0.56090,0.04750,0.56291,-0.019361,0.568144,0,1,4.03400,1163.861,2.725,11.000,1.6257,76,152,76,82,72
26,post_landing,87,1461.0,59,213.246,487.575,0.58725,0.03117,0.58807,-0.022642,0.548698,0,1,4.03400,1163.861,2.725,11.000,1.6257,76,152,76,82,72
26,post_landing,88,1478.0,59,213.835,487.586,0.60836,0.02537,0.60889,-0.025241,0.525956,0,1,4.03400,1163.861,2.725,11.000,1.6257,76,152,76,82,72
26,post_landing,89,1495.0,59,214.411,487.613,0.56646,0.00000,0.56646,-0.021502,0.502074,0,1,4.03400,1163.861,2.725,11.000,1.6257,76,152,76,82,72
26,post_landing,90,1511.0,59,214.980,487.661,0.57341,0.00000,0.57341,-0.023495,0.480477,0,1,4.03400,1163.861,2.725,11.000,1.6257,76,152,76,82,72
26,post_landing,91,1528.0,59,215.556,487.557,0.40071,0.00000,0.40071,-0.007678,0.456879,0,1,4.03400,1163.861,2.725,11.000,1.6257,76,152,76,82,72
26,post_landing,92,1545.0,59,215.935,487.590,0.35355,0.01956,0.35409,-0.006633,0.449615,0,1,4.03400,1163.861,2.725,11.000,1.6257,76,152,76,82,72
26,post_landing,93,1561.0,59,216.290,487.615,0.47749,-0.03600,0.47884,-0.023184,0.442952,0,1,4.03400,1163.861,2.725,11.000,1.6257,76,152,76,82,72
26,post_landing,94,1578.0,59,216.770,487.685,0.45710,-0.05072,0.45991,-0.022876,0.419667,0,1,4.03400,1163.861,2.725,11.000,1.6257,76,152,76,82,72
26,post_landing,95,1595.0,59,217.202,487.767,0.31343,-0.03090,0.31495,-0.009780,0.398022,0,1,4.03400,1163.861,2.725,11.000,1.6257,76,152,76,82,72
26,post_landing,96,1611.0,59,217.517,487.820,0.41751,-0.06308,0.42225,-0.024783,0.388199,0,1,4.03400,1163.861,2.725,11.000,1.6257,76,152,76,82,72
26,post_landing,97,1628.0,59,217.936,487.942,-0.14314,0.08078,0.16437,0.030028,0.363307,0,1,4.03400,1163.861,2.725,11.000,1.6257,76,152,76,82,72
26,post_landing,98,1645.0,59,217.801,487.787,-0.20122,0.05538,0.20871,0.025880,0.391719,0,1,4.03400,1163.861,2.725,11.000,1.6257,76,152,76,82,72
26,post_landing,99,1661.0,59,217.599,487.679,0.11039,0.00000,0.11039,-0.013087,0.417712,0,1,4.03400,1163.861,2.725,11.000,1.6257,76,152,76,82,72
26,post_landing,100,1678.0,59,217.710,487.748,0.48141,0.00000,0.48141,-0.049100,0.404567,0,1,4.03400,1163.861,2.725,11.000,1.6257,76,152,76,82,72
26,post_landing,101,1695.0,59,218.165,487.855,0.40561,0.00000,0.40561,-0.037354,0.358110,0,1,4.03400,1163.861,2.725,11.000,1.6257,76,152,76,82,72
26,post_landing,102,1711.0,59,218.573,488.051,0.34396,0.00000,0.34396,-0.030289,0.320592,0,1,4.03400,1163.861,2.725,11.000,1.6257,76,152,76,82,72
26,post_landing,103,1728.0,59,218.918,488.245,0.31482,0.00000,0.31482,-0.027947,0.290170,0,1,4.03400,1163.861,2.725,11.000,1.6257,76,152,76,82,72
26,post_landing,104,1745.0,59,219.216,488.359,0.09942,0.05960,0.11592,0.001716,0.263727,0,1,4.03400,1163.861,2.725,11.000,1.6257,76,152,76,82,72
26,post_landing,105,1761.0,59,219.316,488.491,-0.04377,-0.13709,0.14391,0.008907,0.265451,0,1,4.03400,1163.861,2.725,11.000,1.6257,76,152,76,82,72
26,post_landing,106,1778.0,59,219.272,488.430,-0.18391,-0.13792,0.22988,0.042403,0.274397,0,1,4.03400,1163.861,2.725,11.000,1.6257,76,152,76,82,72
26,post_landing,107,1795.0,59,219.098,488.244,-0.00653,-0.11245,0.11264,0.009783,0.314518,0,1,4.03400,1163.861,2.725,11.000,1.6257,76,152,76,82,72
26,post_landing,108,1811.0,59,219.091,488.177,-0.07362,0.05910,0.09441,0.012422,0.324344,0,1,4.03400,1163.861,2.725,11.000,1.6257,76,152,76,82,72
26,post_landing,109,1828.0,59,219.017,488.094,-0.30469,0.00000,0.30469,0.025323,0.336820,0,1,4.03400,1163.861,2.725,11.000,1.6257,76,152,76,82,72
26,post_landing,110,1845.0,59,218.729,487.946,-0.02614,-0.10061,0.10396,-0.011553,0.360780,0,1,4.03400,1163.861,2.725,11.000,1.6257,76,152,76,82,72
26,post_landing,111,1861.0,59,218.703,488.025,-0.11693,-0.05940,0.13116,-0.004532,0.349177,0,1,4.03400,1163.861,2.725,11.000,1.6257,76,152,76,82,72
26,post_landing,112,1878.0,59,218.585,488.044,0.01086,0.00000,0.01086,-0.019568,0.344625,0,1,4.03400,1163.861,2.725,11.000,1.6257,76,152,76,82,72
26,post_landing,113,1895.0,59,218.596,488.163,-0.31984,-0.01472,0.32018,0.009975,0.326110,0,1,4.03400,1163.861,2.725,11.000,1.6257,76,152,76,82,72
26,post_landing,114,1911.0,59,218.274,488.098,-0.47712,0.10430,0.48838,0.022025,0.336129,0,1,4.03400,1163.861,2.725,11.000,1.6257,76,152,76,82,72
26,post_landing,115,1928.0,59,217.795,487.963,-0.62515,-0.01848,0.62542,0.026957,0.358250,0,1,4.03400,1163.861,2.725,11.000,1.6257,76,152,76,82,72
26,post_landing,116,1945.0,59,217.204,487.825,-0.38664,-0.11625,0.40374,-0.004409,0.383756,0,1,4.03400,1163.861,2.725,11.000,1.6257,76,152,76,82,72
26,post_landing,117,1961.0,59,216.815,487.859,-0.04863,0.01956,0.05242,-0.034582,0.379328,0,1,4.03400,1163.861,2.725,11.000,1.6257,76,152,76,82,72
26,post_landing,118,1978.0,59,216.766,488.053,-0.20790,0.00000,0.20790,-0.016953,0.344594,0,1,4.03400,1163.861,2.725,11.000,1.6257,76,152,76,82,72
27,falling,0,12.0,,195.000,96.724,0.00000,0.46667,0.46667,0.000000,0.000000,0,0,4.88000,2744.433,3.428,6.000,1.1545,66,132,66,70,66
27,falling,1,17.0,,195.000,96.888,0.00000,0.54790,0.54790,0.000000,0.000000,0,0,4.88000,2744.433,3.428,6.000,1.1545,66,132,66,70,66
27,falling,2,34.0,,195.000,97.728,0.00000,0.82285,0.82285,0.000000,0.000000,0,0,4.88000,2744.433,3.428,6.000,1.1545,66,132,66,70,66
27,falling,3,50.0,,195.000,98.762,0.00000,1.07767,1.07767,0.000000,0.000000,0,0,4.88000,2744.433,3.428,6.000,1.1545,66,132,66,70,66
27,falling,4,67.0,,195.000,100.134,0.00000,1.34451,1.34451,0.000000,0.000000,0,0,4.88000,2744.433,3.428,6.000,1.1545,66,132,66,70,66
27,falling,5,84.0,,195.000,101.773,0.00000,1.60728,1.60728,0.000000,0.000000,0,0,4.88000,2744.433,3.428,6.000,1.1545,66,132,66,70,66
27,falling,6,100.0,,195.000,103.550,0.00000,1.85080,1.85080,0.000000,0.000000,0,0,4.88000,2744.433,3.428,6.000,1.1545,66,132,66,70,66
27,falling,7,117.0,,195.000,105.698,0.00000,2.10581,2.10581,0.000000,0.000000,0,0,4.88000,2744.433,3.428,6.000,1.1545,66,132,66,70,66
27,falling,8,134.0,,195.000,108.102,0.00000,2.35693,2.35693,0.000000,0.000000,0,0,4.88000,2744.433,3.428,6.000,1.1545,66,132,66,70,66
27,falling,9,150.0,,195.000,110.588,0.00000,2.58965,2.58965,0.000000,0.000000,0,0,4.88000,2744.433,3.428,6.000,1.1545,66,132,66,70,66
27,falling,10,167.0,,195.000,113.478,0.00000,2.83337,2.83337,0.000000,0.000000,0,0,4.88000,2744.433,3.428,6.000,1.1545,66,132,66,70,66
27,falling,11,184.0,,195.000,116.613,0.00000,3.07335,3.07335,0.000000,0.000000,0,0,4.88000,2744.433,3.428,6.000,1.1545,66,132,66,70,66
27,falling,12,200.0,,195.000,119.777,0.00000,3.29576,3.29576,0.000000,0.000000,0,0,4.88000,2744.433,3.428,6.000,1.1545,66,132,66,70,66
27,falling,13,217.0,,195.000,123.376,0.00000,3.52867,3.52867,0.000000,0.000000,0,0,4.88000,2744.433,3.428,6.000,1.1545,66,132,66,70,66
27,falling,14,234.0,,195.000,127.209,0.00000,3.75801,3.75801,0.000000,0.000000,0,0,4.88000,2744.433,3.428,6.000,1.1545,66,132,66,70,66
27,falling,15,250.0,,195.000,131.021,0.00000,3.97056,3.97056,0.000000,0.000000,0,0,4.88000,2744.433,3.428,6.000,1.1545,66,132,66,70,66
27,falling,16,267.0,,195.000,135.298,0.00000,4.19315,4.19315,0.000000,0.000000,0,0,4.88000,2744.433,3.428,6.000,1.1545,66,132,66,70,66
27,falling,17,284.0,,195.000,139.798,0.00000,4.41233,4.41233,0.000000,0.000000,0,0,4.88000,2744.433,3.428,6.000,1.1545,66,132,66,70,66
27,falling,18,300.0,,195.000,144.229,0.00000,4.61545,4.61545,0.000000,0.000000,0,0,4.88000,2744.433,3.428,6.000,1.1545,66,132,66,70,66
27,falling,19,317.0,,195.000,149.154,0.00000,4.82817,4.82817,0.000000,0.000000,0,0,4.88000,2744.433,3.428,6.000,1.1545,66,132,66,70,66
27,falling,20,334.0,,195.000,154.292,0.00000,5.03763,5.03763,0.000000,0.000000,0,0,4.88000,2744.433,3.428,6.000,1.1545,66,132,66,70,66
27,falling,21,350.0,,195.000,159.315,0.00000,5.23176,5.23176,0.000000,0.000000,0,0,4.88000,2744.433,3.428,6.000,1.1545,66,132,66,70,66
27,falling,22,367.0,,195.000,164.859,0.00000,5.43505,5.43505,0.000000,0.000000,0,0,4.88000,2744.433,3.428,6.000,1.1545,66,132,66,70,66
27,falling,23,384.0,,195.000,170.607,0.00000,5.63522,5.63522,0.000000,0.000000,0,0,4.88000,2744.433,3.428,6.000,1.1545,66,132,66,70,66
27,falling,24,400.0,,195.000,176.194,0.00000,5.82074,5.82074,0.000000,0.000000,0,0,4.88000,2744.433,3.428,6.000,1.1545,66,132,66,70,66
27,falling,25,417.0,,195.000,182.330,0.00000,6.01502,6.01502,0.000000,0.000000,0,0,4.88000,2744.433,3.428,6.000,1.1545,66,132,66,70,66
27,falling,26,434.0,,195.000,188.660,0.00000,6.20632,6.20632,0.000000,0.000000,0,0,4.88000,2744.433,3.428,6.000,1.1545,66,132,66,70,66
27,falling,27,450.0,,195.000,194.788,0.00000,6.38362,6.38362,0.000000,0.000000,0,0,4.88000,2744.433,3.428,6.000,1.1545,66,132,66,70,66
27,falling,28,467.0,,195.000,201.489,0.00000,6.56928,6.56928,0.000000,0.000000,0,0,4.88000,2744.433,3.428,6.000,1.1545,66,132,66,70,66
27,falling,29,484.0,,195.000,208.376,0.00000,6.75211,6.75211,0.000000,0.000000,0,0,4.88000,2744.433,3.428,6.000,1.1545,66,132,66,70,66
27,falling,30,500.0,,195.000,215.021,0.00000,6.92154,6.92154,0.000000,0.000000,0,0,4.88000,2744.433,3.428,6.000,1.1545,66,132,66,70,66
27,falling,31,517.0,,195.000,222.262,0.00000,7.09898,7.09898,0.000000,0.000000,0,0,4.88000,2744.433,3.428,6.000,1.1545,66,132,66,70,66
27,falling,32,534.0,,195.000,229.681,0.00000,7.27369,7.27369,0.000000,0.000000,0,0,4.88000,2744.433,3.428,6.000,1.1545,66,132,66,70,66
27,falling,33,550.0,,195.000,236.819,0.00000,7.43562,7.43562,0.000000,0.000000,0,0,4.88000,2744.433,3.428,6.000,1.1545,66,132,66,70,66
27,falling,34,567.0,,195.000,244.577,0.00000,7.60519,7.60519,0.000000,0.000000,0,0,4.88000,2744.433,3.428,6.000,1.1545,66,132,66,70,66
27,falling,35,584.0,,195.000,252.504,0.00000,7.77216,7.77216,0.000000,0.000000,0,0,4.88000,2744.433,3.428,6.000,1.1545,66,132,66,70,66
27,falling,36,601.0,,195.000,260.114,0.00000,7.92691,7.92691,0.000000,0.000000,0,0,4.88000,2744.433,3.428,6.000,1.1545,66,132,66,70,66
27,falling,37,617.0,,195.000,268.365,0.00000,8.08896,8.08896,0.000000,0.000000,0,0,4.88000,2744.433,3.428,6.000,1.1545,66,132,66,70,66
27,falling,38,634.0,,195.000,276.778,0.00000,8.24853,8.24853,0.000000,0.000000,0,0,4.88000,2744.433,3.428,6.000,1.1545,66,132,66,70,66
27,falling,39,650.0,,195.000,284.839,0.00000,8.39642,8.39642,0.000000,0.000000,0,0,4.88000,2744.433,3.428,6.000,1.1545,66,132,66,70,66
27,falling,40,667.0,,195.000,293.561,0.00000,8.55129,8.55129,0.000000,0.000000,0,0,4.88000,2744.433,3.428,6.000,1.1545,66,132,66,70,66
27,falling,41,684.0,,195.000,302.439,0.00000,8.70379,8.70379,0.000000,0.000000,0,0,4.88000,2744.433,3.428,6.000,1.1545,66,132,66,70,66
27,falling,42,700.0,,195.000,310.930,0.00000,8.84512,8.84512,0.000000,0.000000,0,0,4.88000,2744.433,3.428,6.000,1.1545,66,132,66,70,66
27,falling,43,717.0,,195.000,320.103,0.00000,8.99312,8.99312,0.000000,0.000000,0,0,4.88000,2744.433,3.428,6.000,1.1545,66,132,66,70,66
27,falling,44,734.0,,195.000,329.425,0.00000,9.13886,9.13886,0.000000,0.000000,0,0,4.88000,2744.433,3.428,6.000,1.1545,66,132,66,70,66
27,falling,45,750.0,,195.000,338.328,0.00000,9.27393,9.27393,0.000000,0.000000,0,0,4.88000,2744.433,3.428,6.000,1.1545,66,132,66,70,66
27,falling,46,767.0,,195.000,347.932,0.00000,9.41537,9.41537,0.000000,0.000000,0,0,4.88000,2744.433,3.428,6.000,1.1545,66,132,66,70,66
27,falling,47,784.0,,195.000,357.677,0.00000,9.55465,9.55465,0.000000,0.000000,0,0,4.88000,2744.433,3.428,6.000,1.1545,66,132,66,70,66
27,falling,48,800.0,,195.000,366.974,0.00000,9.68373,9.68373,0.000000,0.000000,0,0,4.88000,2744.433,3.428,6.000,1.1545,66,132,66,70,66
27,falling,49,817.0,,195.000,376.989,0.00000,9.81890,9.81890,0.000000,0.000000,0,0,4.88000,2744.433,3.428,6.000,1.1545,66,132,66,70,66
27,falling,50,834.0,,195.000,387.140,0.00000,9.95201,9.95201,0.000000,0.000000,0,0,4.88000,2744.433,3.428,6.000,1.1545,66,132,66,70,66
27,falling,51,850.0,,195.000,396.812,0.00000,10.07536,10.07536,0.000000,0.000000,0,0,4.88000,2744.433,3.428,6.000,1.1545,66,132,66,70,66
27,falling,52,867.0,,195.000,407.221,0.00000,10.20454,10.20454,0.000000,0.000000,0,0,4.88000,2744.433,3.428,6.000,1.1545,66,132,66,70,66
27,falling,53,884.0,,195.000,417.759,0.00000,10.33175,10.33175,0.000000,0.000000,0,0,4.88000,2744.433,3.428,6.000,1.1545,66,132,66,70,66
27,falling,54,900.0,,195.000,427.791,0.00000,10.44964,10.44964,0.000000,0.000000,0,0,4.88000,2744.433,3.428,6.000,1.1545,66,132,66,70,66
27,falling,55,917.0,,195.000,438.576,0.00000,10.57309,10.57309,0.000000,0.000000,0,0,4.88000,2744.433,3.428,6.000,1.1545,66,132,66,70,66
27,falling,56,934.0,,195.000,449.484,0.00000,10.69466,10.69466,0.000000,0.000000,0,0,4.88000,2744.433,3.428,6.000,1.1545,66,132,66,70,66
27,falling,57,950.0,,195.000,459.859,0.00000,10.80732,10.80732,0.000000,0.000000,0,0,4.88000,2744.433,3.428,6.000,1.1545,66,132,66,70,66
27,falling,58,967.0,,195.000,471.003,0.00000,10.92530,10.92530,0.000000,0.000000,0,0,4.88000,2744.433,3.428,6.000,1.1545,66,132,66,70,66
27,post_landing,59,984.0,59,195.000,481.503,-1.46586,0.15394,1.47392,-0.042674,0.000000,0,1,4.88000,2744.433,3.428,6.000,1.1545,66,132,66,70,66
27,post_landing,60,1000.0,59,193.613,481.282,-1.17508,0.14056,1.18346,-0.023888,-0.040378,0,1,4.88000,2744.433,3.428,6.000,1.1545,66,132,66,70,66
27,post_landing,61,1017.0,59,192.433,481.582,-1.06404,0.01868,1.06421,-0.014335,-0.064371,0,1,4.88000,2744.433,3.428,6.000,1.1545,66,132,66,70,66
27,post_landing,62,1034.0,59,191.364,481.771,-0.90959,0.11465,0.91679,-0.008274,-0.078769,0,1,4.88000,2744.433,3.428,6.000,1.1545,66,132,66,70,66
27,post_landing,63,1050.0,59,190.503,481.875,-0.74745,0.08900,0.75273,-0.007912,-0.086598,0,1,4.88000,2744.433,3.428,6.000,1.1545,66,132,66,70,66
27,post_landing,64,1067.0,59,189.753,481.987,-0.58450,0.08440,0.59057,-0.008180,-0.094545,0,1,4.88000,2744.433,3.428,6.000,1.1545,66,132,66,70,66
27,post_landing,65,1084.0,59,189.166,482.104,-0.52794,-0.05720,0.53103,-0.016698,-0.102761,0,1,4.88000,2744.433,3.428,6.000,1.1545,66,132,66,70,66
27,post_landing,66,1101.0,59,188.666,482.332,-0.46829,0.00000,0.46829,-0.018697,-0.118560,0,1,4.88000,2744.433,3.428,6.000,1.1545,66,132,66,70,66
27,post_landing,67,1117.0,59,188.196,482.625,-0.45716,-0.01550,0.45742,-0.019801,-0.137340,0,1,4.88000,2744.433,3.428,6.000,1.1545,66,132,66,70,66
27,post_landing,68,1134.0,59,187.737,482.941,-0.42000,0.01222,0.42018,-0.021149,-0.157228,0,1,4.88000,2744.433,3.428,6.000,1.1545,66,132,66,70,66
27,post_landing,69,1150.0,59,187.339,483.242,-0.41396,0.27871,0.49904,-0.020845,-0.177239,0,0,4.88000,2744.433,3.428,6.000,1.1545,66,132,66,70,66
27,post_landing,70,1167.0,59,186.923,483.650,-0.43234,0.05148,0.43539,-0.012987,-0.198175,0,1,4.88000,2744.433,3.428,6.000,1.1545,66,132,66,70,66
27,post_landing,71,1184.0,59,186.489,483.895,-0.36810,0.00000,0.36810,-0.010532,-0.211219,0,1,4.88000,2744.433,3.428,6.000,1.1545,66,132,66,70,66
27,post_landing,72,1201.0,59,186.141,484.077,-0.28228,0.01328,0.28259,-0.009350,-0.221184,0,1,4.88000,2744.433,3.428,6.000,1.1545,66,132,66,70,66
27,post_landing,73,1217.0,59,185.857,484.262,-0.23100,0.00000,0.23100,-0.009199,-0.230576,0,1,4.88000,2744.433,3.428,6.000,1.1545,66,132,66,70,66
27,post_landing,74,1234.0,59,185.625,484.440,-0.18991,0.00000,0.18991,-0.008912,-0.239815,0,1,4.88000,2744.433,3.428,6.000,1.1545,66,132,66,70,66
27,post_landing,75,1250.0,59,185.446,484.603,-0.16703,0.00000,0.16703,-0.007988,-0.248248,0,1,4.88000,2744.433,3.428,6.000,1.1545,66,132,66,70,66
27,post_landing,76,1267.0,59,185.278,484.768,-0.14464,-0.01764,0.14571,-0.015484,-0.256271,0,1,4.88000,2744.433,3.428,6.000,1.1545,66,132,66,70,66
27,post_landing,77,1284.0,59,185.133,485.074,-0.17991,0.00000,0.17991,-0.016703,-0.271823,0,1,4.88000,2744.433,3.428,6.000,1.1545,66,132,66,70,66
27,post_landing,78,1300.0,59,184.962,485.358,-0.17732,0.26667,0.32024,-0.016462,-0.287627,0,0,4.88000,2744.433,3.428,6.000,1.1545,66,132,66,70,66
27,post_landing,79,1317.0,59,184.784,485.777,-0.22806,0.14405,0.26974,-0.007741,-0.304162,0,1,4.88000,2744.433,3.428,6.000,1.1545,66,132,66,70,66
27,post_landing,80,1334.0,59,184.555,485.936,-0.40091,0.10044,0.41330,0.000000,-0.311937,0,1,4.88000,2744.433,3.428,6.000,1.1545,66,132,66,70,66
27,post_landing,81,1350.0,59,184.176,485.934,-0.46491,0.10802,0.47730,0.001252,-0.311937,0,1,4.88000,2744.433,3.428,6.000,1.1545,66,132,66,70,66
27,post_landing,82,1367.0,59,183.709,485.908,-0.51256,0.12203,0.52689,0.001674,-0.310679,0,1,4.88000,2744.433,3.428,6.000,1.1545,66,132,66,70,66
27,post_landing,83,1384.0,59,183.194,485.871,-0.53877,0.12792,0.55374,0.001385,-0.308998,0,1,4.88000,2744.433,3.428,6.000,1.1545,66,132,66,70,66
27,post_landing,84,1400.0,59,182.684,485.840,-0.53332,0.12659,0.54814,0.000000,-0.307687,0,1,4.88000,2744.433,3.428,6.000,1.1545,66,132,66,70,66
27,post_landing,85,1417.0,59,182.149,485.842,-0.56520,0.27675,0.62932,0.002082,-0.307687,0,1,4.88000,2744.433,3.428,6.000,1.1545,66,132,66,70,66
27,post_landing,86,1434.0,59,181.581,485.796,-0.61383,0.30344,0.68473,0.001171,-0.305596,0,1,4.88000,2744.433,3.428,6.000,1.1545,66,132,66,70,66
27,post_landing,87,1450.0,59,181.000,485.770,-0.62987,0.31329,0.70348,-0.000935,-0.304487,0,1,4.88000,2744.433,3.428,6.000,1.1545,66,132,66,70,66
27,post_landing,88,1467.0,59,180.368,485.793,-0.68136,0.33905,0.76105,0.000000,-0.305427,0,1,4.88000,2744.433,3.428,6.000,1.1545,66,132,66,70,66
27,post_landing,89,1484.0,59,179.723,485.791,-0.68278,0.33928,0.76243,-0.002366,-0.305427,0,1,4.88000,2744.433,3.428,6.000,1.1545,66,132,66,70,66
27,post_landing,90,1500.0,59,179.037,485.845,-0.72475,0.36008,0.80927,-0.001768,-0.307803,0,1,4.88000,2744.433,3.428,6.000,1.1545,66,132,66,70,66
27,post_landing,91,1517.0,59,178.309,485.884,-0.74549,0.37152,0.83293,-0.002439,-0.309579,0,1,4.88000,2744.433,3.428,6.000,1.1545,66,132,66,70,66
27,post_landing,92,1534.0,59,177.604,485.933,-0.73855,0.37106,0.82652,-0.004223,-0.311887,0,1,4.88000,2744.433,3.428,6.000,1.1545,66,132,66,70,66
27,post_landing,93,1551.0,59,176.819,486.035,-0.79306,0.40596,0.89092,-0.002046,-0.316374,0,1,4.88000,2744.433,3.428,6.000,1.1545,66,132,66,70,66
27,post_landing,94,1567.0,59,176.069,486.076,-0.69260,0.35736,0.77936,-0.010215,-0.318310,0,1,4.88000,2744.433,3.428,6.000,1.1545,66,132,66,70,66
27,post_landing,95,1584.0,59,175.373,486.309,-0.61855,0.34010,0.70589,-0.015270,-0.328570,0,1,4.88000,2744.433,3.428,6.000,1.1545,66,132,66,70,66
27,post_landing,96,1600.0,59,174.788,486.656,-0.51621,0.28901,0.59160,-0.022076,-0.343018,0,1,4.88000,2744.433,3.428,6.000,1.1545,66,132,66,70,66
27,post_landing,97,1617.0,59,174.269,486.977,-0.25177,-0.09738,0.26994,-0.005736,-0.365191,0,1,4.88000,2744.433,3.428,6.000,1.1545,66,132,66,70,66
27,post_landing,98,1634.0,59,174.031,486.667,-0.25173,-0.09570,0.26931,0.006910,-0.370618,0,1,4.88000,2744.433,3.428,6.000,1.1545,66,132,66,70,66
27,post_landing,99,1650.0,59,173.778,486.791,-0.12871,-0.07379,0.14836,0.009877,-0.363678,0,1,4.88000,2744.433,3.428,6.000,1.1545,66,132,66,70,66
27,post_landing,100,1667.0,59,173.649,486.953,-0.01217,0.00000,0.01217,-0.001547,-0.353758,0,1,4.88000,2744.433,3.428,6.000,1.1545,66,132,66,70,66
27,post_landing,101,1684.0,59,173.638,486.966,0.00218,0.00000,0.00218,0.000000,-0.355222,0,1,4.88000,2744.433,3.428,6.000,1.1545,66,132,66,70,66
27,post_landing,102,1700.0,59,173.640,486.950,0.00192,0.00000,0.00192,0.000000,-0.355222,0,1,4.88000,2744.433,3.428,6.000,1.1545,66,132,66,70,66
27,post_landing,103,1717.0,59,173.642,486.950,0.00008,0.00000,0.00008,0.000000,-0.355222,0,1,4.88000,2744.433,3.428,6.000,1.1545,66,132,66,70,66
27,post_landing,104,1734.0,59,173.642,486.965,-0.00284,0.00000,0.00284,0.000000,-0.355222,0,1,4.88000,2744.433,3.428,6.000,1.1545,66,132,66,70,66
27,post_landing,105,1750.0,59,173.639,486.950,-0.00035,0.00000,0.00035,0.000000,-0.355222,0,1,4.88000,2744.433,3.428,6.000,1.1545,66,132,66,70,66
27,post_landing,106,1767.0,59,173.639,486.950,0.00010,0.00000,0.00010,0.000000,-0.355222,0,1,4.88000,2744.433,3.428,6.000,1.1545,66,132,66,70,66
27,post_landing,107,1784.0,59,173.639,486.965,0.00091,0.00000,0.00091,0.000000,-0.355222,0,1,4.88000,2744.433,3.428,6.000,1.1545,66,132,66,70,66
27,post_landing,108,1800.0,59,173.640,486.950,-0.00014,0.00000,0.00014,0.000000,-0.355222,0,1,4.88000,2744.433,3.428,6.000,1.1545,66,132,66,70,66
27,post_landing,109,1817.0,59,173.639,486.950,-0.00006,0.00000,0.00006,0.000000,-0.355222,0,1,4.88000,2744.433,3.428,6.000,1.1545,66,132,66,70,66
27,post_landing,110,1834.0,59,173.639,486.965,0.00058,0.00000,0.00058,0.000000,-0.355222,0,1,4.88000,2744.433,3.428,6.000,1.1545,66,132,66,70,66
27,post_landing,111,1850.0,59,173.640,486.950,-0.00004,0.00000,0.00004,0.000000,-0.355222,0,1,4.88000,2744.433,3.428,6.000,1.1545,66,132,66,70,66
27,post_landing,112,1867.0,59,173.640,486.950,-0.00003,0.00000,0.00003,0.000000,-0.355222,0,1,4.88000,2744.433,3.428,6.000,1.1545,66,132,66,70,66
27,post_landing,113,1884.0,59,173.640,486.965,0.00044,0.00000,0.00044,0.000000,-0.355222,0,1,4.88000,2744.433,3.428,6.000,1.1545,66,132,66,70,66
27,post_landing,114,1900.0,59,173.640,486.950,-0.00002,0.00000,0.00002,0.000000,-0.355222,0,1,4.88000,2744.433,3.428,6.000,1.1545,66,132,66,70,66
27,post_landing,115,1917.0,59,173.640,486.950,-0.00002,0.00000,0.00002,0.000000,-0.355222,0,1,4.88000,2744.433,3.428,6.000,1.1545,66,132,66,70,66
27,post_landing,116,1934.0,59,173.640,486.965,0.00034,0.00000,0.00034,0.000000,-0.355222,0,1,4.88000,2744.433,3.428,6.000,1.1545,66,132,66,70,66
27,post_landing,117,1950.0,59,173.641,486.950,-0.00002,0.00000,0.00002,0.000000,-0.355222,0,1,4.88000,2744.433,3.428,6.000,1.1545,66,132,66,70,66
27,post_landing,118,1967.0,59,173.641,486.950,-0.00002,0.00000,0.00002,0.000000,-0.355222,0,1,4.88000,2744.433,3.428,6.000,1.1545,66,132,66,70,66
28,falling,0,25.0,,195.000,97.029,0.00000,0.55000,0.55000,0.000000,0.000000,0,0,3.35200,665.675,2.082,3.000,1.4097,92,184,92,95,80
28,falling,1,36.0,,195.000,97.509,0.00000,0.72789,0.72789,0.000000,0.000000,0,0,3.35200,665.675,2.082,3.000,1.4097,92,184,92,95,80
28,falling,2,53.0,,195.000,98.529,0.00000,1.00008,1.00008,0.000000,0.000000,0,0,3.35200,665.675,2.082,3.000,1.4097,92,184,92,95,80
28,falling,3,70.0,,195.000,99.823,0.00000,1.26812,1.26812,0.000000,0.000000,0,0,3.35200,665.675,2.082,3.000,1.4097,92,184,92,95,80
28,falling,4,87.0,,195.000,101.279,0.00000,1.51652,1.51652,0.000000,0.000000,0,0,3.35200,665.675,2.082,3.000,1.4097,92,184,92,95,80
28,falling,5,103.0,,195.000,103.091,0.00000,1.77665,1.77665,0.000000,0.000000,0,0,3.35200,665.675,2.082,3.000,1.4097,92,184,92,95,80
28,falling,6,120.0,,195.000,105.164,0.00000,2.03280,2.03280,0.000000,0.000000,0,0,3.35200,665.675,2.082,3.000,1.4097,92,184,92,95,80
28,falling,7,137.0,,195.000,107.344,0.00000,2.27020,2.27020,0.000000,0.000000,0,0,3.35200,665.675,2.082,3.000,1.4097,92,184,92,95,80
28,falling,8,153.0,,195.000,109.913,0.00000,2.51880,2.51880,0.000000,0.000000,0,0,3.35200,665.675,2.082,3.000,1.4097,92,184,92,95,80
28,falling,9,170.0,,195.000,112.732,0.00000,2.76359,2.76359,0.000000,0.000000,0,0,3.35200,665.675,2.082,3.000,1.4097,92,184,92,95,80
28,falling,10,186.0,,195.000,115.603,0.00000,2.99046,2.99046,0.000000,0.000000,0,0,3.35200,665.675,2.082,3.000,1.4097,92,184,92,95,80
28,falling,11,203.0,,195.000,118.895,0.00000,3.22804,3.22804,0.000000,0.000000,0,0,3.35200,665.675,2.082,3.000,1.4097,92,184,92,95,80
28,falling,12,220.0,,195.000,122.427,0.00000,3.46199,3.46199,0.000000,0.000000,0,0,3.35200,665.675,2.082,3.000,1.4097,92,184,92,95,80
28,falling,13,237.0,,195.000,125.958,0.00000,3.67880,3.67880,0.000000,0.000000,0,0,3.35200,665.675,2.082,3.000,1.4097,92,184,92,95,80
28,falling,14,253.0,,195.000,129.942,0.00000,3.90585,3.90585,0.000000,0.000000,0,0,3.35200,665.675,2.082,3.000,1.4097,92,184,92,95,80
28,falling,15,270.0,,195.000,134.154,0.00000,4.12942,4.12942,0.000000,0.000000,0,0,3.35200,665.675,2.082,3.000,1.4097,92,184,92,95,80
28,falling,16,287.0,,195.000,138.317,0.00000,4.33663,4.33663,0.000000,0.000000,0,0,3.35200,665.675,2.082,3.000,1.4097,92,184,92,95,80
28,falling,17,303.0,,195.000,142.962,0.00000,4.55361,4.55361,0.000000,0.000000,0,0,3.35200,665.675,2.082,3.000,1.4097,92,184,92,95,80
28,falling,18,320.0,,195.000,147.825,0.00000,4.76727,4.76727,0.000000,0.000000,0,0,3.35200,665.675,2.082,3.000,1.4097,92,184,92,95,80
28,falling,19,337.0,,195.000,152.591,0.00000,4.96529,4.96529,0.000000,0.000000,0,0,3.35200,665.675,2.082,3.000,1.4097,92,184,92,95,80
28,falling,20,353.0,,195.000,157.867,0.00000,5.17265,5.17265,0.000000,0.000000,0,0,3.35200,665.675,2.082,3.000,1.4097,92,184,92,95,80
28,falling,21,370.0,,195.000,163.352,0.00000,5.37685,5.37685,0.000000,0.000000,0,0,3.35200,665.675,2.082,3.000,1.4097,92,184,92,95,80
28,falling,22,387.0,,195.000,168.695,0.00000,5.56609,5.56609,0.000000,0.000000,0,0,3.35200,665.675,2.082,3.000,1.4097,92,184,92,95,80
28,falling,23,403.0,,195.000,174.575,0.00000,5.76426,5.76426,0.000000,0.000000,0,0,3.35200,665.675,2.082,3.000,1.4097,92,184,92,95,80
28,falling,24,420.0,,195.000,180.653,0.00000,5.95940,5.95940,0.000000,0.000000,0,0,3.35200,665.675,2.082,3.000,1.4097,92,184,92,95,80
28,falling,25,437.0,,195.000,186.548,0.00000,6.14025,6.14025,0.000000,0.000000,0,0,3.35200,665.675,2.082,3.000,1.4097,92,184,92,95,80
28,falling,26,453.0,,195.000,193.004,0.00000,6.32964,6.32964,0.000000,0.000000,0,0,3.35200,665.675,2.082,3.000,1.4097,92,184,92,95,80
28,falling,27,470.0,,195.000,199.651,0.00000,6.51613,6.51613,0.000000,0.000000,0,0,3.35200,665.675,2.082,3.000,1.4097,92,184,92,95,80
28,falling,28,487.0,,195.000,206.072,0.00000,6.68896,6.68896,0.000000,0.000000,0,0,3.35200,665.675,2.082,3.000,1.4097,92,184,92,95,80
28,falling,29,503.0,,195.000,213.079,0.00000,6.86995,6.86995,0.000000,0.000000,0,0,3.35200,665.675,2.082,3.000,1.4097,92,184,92,95,80
28,falling,30,520.0,,195.000,220.269,0.00000,7.04818,7.04818,0.000000,0.000000,0,0,3.35200,665.675,2.082,3.000,1.4097,92,184,92,95,80
28,falling,31,537.0,,195.000,227.193,0.00000,7.21335,7.21335,0.000000,0.000000,0,0,3.35200,665.675,2.082,3.000,1.4097,92,184,92,95,80
28,falling,32,553.0,,195.000,234.727,0.00000,7.38632,7.38632,0.000000,0.000000,0,0,3.35200,665.675,2.082,3.000,1.4097,92,184,92,95,80
28,falling,33,570.0,,195.000,242.435,0.00000,7.55664,7.55664,0.000000,0.000000,0,0,3.35200,665.675,2.082,3.000,1.4097,92,184,92,95,80
28,falling,34,587.0,,195.000,249.841,0.00000,7.71449,7.71449,0.000000,0.000000,0,0,3.35200,665.675,2.082,3.000,1.4097,92,184,92,95,80
28,falling,35,603.0,,195.000,257.879,0.00000,7.87979,7.87979,0.000000,0.000000,0,0,3.35200,665.675,2.082,3.000,1.4097,92,184,92,95,80
28,falling,36,620.0,,195.000,266.082,0.00000,8.04257,8.04257,0.000000,0.000000,0,0,3.35200,665.675,2.082,3.000,1.4097,92,184,92,95,80
28,falling,37,637.0,,195.000,273.948,0.00000,8.19342,8.19342,0.000000,0.000000,0,0,3.35200,665.675,2.082,3.000,1.4097,92,184,92,95,80
28,falling,38,653.0,,195.000,282.466,0.00000,8.35139,8.35139,0.000000,0.000000,0,0,3.35200,665.675,2.082,3.000,1.4097,92,184,92,95,80
28,falling,39,670.0,,195.000,291.143,0.00000,8.50695,8.50695,0.000000,0.000000,0,0,3.35200,665.675,2.082,3.000,1.4097,92,184,92,95,80
28,falling,40,687.0,,195.000,299.448,0.00000,8.65112,8.65112,0.000000,0.000000,0,0,3.35200,665.675,2.082,3.000,1.4097,92,184,92,95,80
28,falling,41,703.0,,195.000,308.426,0.00000,8.80209,8.80209,0.000000,0.000000,0,0,3.35200,665.675,2.082,3.000,1.4097,92,184,92,95,80
28,falling,42,720.0,,195.000,317.556,0.00000,8.95075,8.95075,0.000000,0.000000,0,0,3.35200,665.675,2.082,3.000,1.4097,92,184,92,95,80
28,falling,43,736.0,,195.000,326.281,0.00000,9.08853,9.08853,0.000000,0.000000,0,0,3.35200,665.675,2.082,3.000,1.4097,92,184,92,95,80
28,falling,44,753.0,,195.000,335.699,0.00000,9.23281,9.23281,0.000000,0.000000,0,0,3.35200,665.675,2.082,3.000,1.4097,92,184,92,95,80
28,falling,45,770.0,,195.000,345.261,0.00000,9.37488,9.37488,0.000000,0.000000,0,0,3.35200,665.675,2.082,3.000,1.4097,92,184,92,95,80
28,falling,46,786.0,,195.000,354.387,0.00000,9.50655,9.50655,0.000000,0.000000,0,0,3.35200,665.675,2.082,3.000,1.4097,92,184,92,95,80
28,falling,47,803.0,,195.000,364.225,0.00000,9.64443,9.64443,0.000000,0.000000,0,0,3.35200,665.675,2.082,3.000,1.4097,92,184,92,95,80
28,falling,48,820.0,,195.000,374.200,0.00000,9.78020,9.78020,0.000000,0.000000,0,0,3.35200,665.675,2.082,3.000,1.4097,92,184,92,95,80
28,falling,49,837.0,,195.000,384.313,0.00000,9.91390,9.91390,0.000000,0.000000,0,0,3.35200,665.675,2.082,3.000,1.4097,92,184,92,95,80
28,falling,50,853.0,,195.000,393.949,0.00000,10.03780,10.03780,0.000000,0.000000,0,0,3.35200,665.675,2.082,3.000,1.4097,92,184,92,95,80
28,falling,51,870.0,,195.000,404.320,0.00000,10.16756,10.16756,0.000000,0.000000,0,0,3.35200,665.675,2.082,3.000,1.4097,92,184,92,95,80
28,falling,52,886.0,,195.000,414.196,0.00000,10.28781,10.28781,0.000000,0.000000,0,0,3.35200,665.675,2.082,3.000,1.4097,92,184,92,95,80
28,falling,53,903.0,,195.000,424.818,0.00000,10.41374,10.41374,0.000000,0.000000,0,0,3.35200,665.675,2.082,3.000,1.4097,92,184,92,95,80
28,falling,54,920.0,,195.000,435.567,0.00000,10.53775,10.53775,0.000000,0.000000,0,0,3.35200,665.675,2.082,3.000,1.4097,92,184,92,95,80
28,falling,55,936.0,,195.000,445.793,0.00000,10.65267,10.65267,0.000000,0.000000,0,0,3.35200,665.675,2.082,3.000,1.4097,92,184,92,95,80
28,falling,56,953.0,,195.000,456.782,0.00000,10.77302,10.77302,0.000000,0.000000,0,0,3.35200,665.675,2.082,3.000,1.4097,92,184,92,95,80
28,falling,57,970.0,,195.000,467.891,0.00000,10.89152,10.89152,0.000000,0.000000,0,0,3.35200,665.675,2.082,3.000,1.4097,92,184,92,95,80
28,falling,58,986.0,,195.000,478.452,0.00000,11.00135,11.00135,0.000000,0.000000,0,0,3.35200,665.675,2.082,3.000,1.4097,92,184,92,95,80
28,post_landing,59,1003.0,59,195.000,485.895,0.05848,-0.43125,0.43519,-0.003016,0.000000,0,1,3.35200,665.675,2.082,3.000,1.4097,92,184,92,95,80
28,post_landing,60,1020.0,59,195.059,482.702,0.09935,-0.90020,0.90566,0.010708,-0.003029,0,1,3.35200,665.675,2.082,3.000,1.4097,92,184,92,95,80
28,post_landing,61,1037.0,59,195.153,481.547,1.04008,-0.79501,1.30912,-0.059099,0.007102,0,1,3.35200,665.675,2.082,3.000,1.4097,92,184,92,95,80
28,post_landing,62,1053.0,59,196.197,480.451,2.20406,-0.27473,2.22112,-0.137675,-0.052257,0,1,3.35200,665.675,2.082,3.000,1.4097,92,184,92,95,80
28,post_landing,63,1070.0,59,198.411,479.576,1.00144,-0.02700,1.00181,0.039895,-0.190536,0,1,3.35200,665.675,2.082,3.000,1.4097,92,184,92,95,80
28,post_landing,64,1087.0,59,199.359,479.740,0.75035,-0.02160,0.75066,0.035989,-0.152789,0,1,3.35200,665.675,2.082,3.000,1.4097,92,184,92,95,80
28,post_landing,65,1103.0,59,200.112,479.950,1.07812,0.20441,1.09733,-0.038239,-0.116642,0,1,3.35200,665.675,2.082,3.000,1.4097,92,184,92,95,80
28,post_landing,66,1120.0,59,201.132,479.734,0.59191,-0.07161,0.59622,0.049956,-0.152822,0,1,3.35200,665.675,2.082,3.000,1.4097,92,184,92,95,80
28,post_landing,67,1136.0,59,201.727,479.952,0.58285,0.21282,0.62049,0.049191,-0.102647,0,0,3.35200,665.675,2.082,3.000,1.4097,92,184,92,95,80
28,post_landing,68,1153.0,59,202.312,480.443,0.53950,-0.04016,0.54099,0.031265,-0.053240,0,1,3.35200,665.675,2.082,3.000,1.4097,92,184,92,95,80
28,post_landing,69,1170.0,59,202.823,480.661,0.53173,0.22709,0.57819,0.030815,-0.023657,0,0,3.35200,665.675,2.082,3.000,1.4097,92,184,92,95,80
28,post_landing,70,1187.0,59,203.357,481.054,1.39316,-0.78320,1.59822,-0.025067,0.007293,0,1,3.35200,665.675,2.082,3.000,1.4097,92,184,92,95,80
28,post_landing,71,1203.0,59,204.756,480.557,1.37185,-0.48789,1.45602,-0.024683,-0.017884,0,0,3.35200,665.675,2.082,3.000,1.4097,92,184,92,95,80
28,post_landing,72,1220.0,59,206.134,480.356,1.35086,-0.19709,1.36516,-0.024305,-0.042675,0,0,3.35200,665.675,2.082,3.000,1.4097,92,184,92,95,80
28,post_landing,73,1236.0,59,207.412,480.330,1.01830,-0.16336,1.03132,0.017190,-0.065673,0,1,3.35200,665.675,2.082,3.000,1.4097,92,184,92,95,80
28,post_landing,74,1253.0,59,208.435,480.485,0.56250,-0.08627,0.56908,0.047301,-0.048407,0,1,3.35200,665.675,2.082,3.000,1.4097,92,184,92,95,80
28,post_landing,75,1270.0,59,208.967,480.683,0.55440,0.18164,0.58340,0.046620,-0.003652,0,0,3.35200,665.675,2.082,3.000,1.4097,92,184,92,95,80
28,post_landing,76,1286.0,59,209.524,481.174,0.54592,0.46220,0.71530,0.045906,0.043172,0,0,3.35200,665.675,2.082,3.000,1.4097,92,184,92,95,80
28,post_landing,77,1303.0,59,210.072,481.970,0.50531,0.08307,0.51210,0.033067,0.089280,0,1,3.35200,665.675,2.082,3.000,1.4097,92,184,92,95,80
28,post_landing,78,1320.0,59,210.550,482.339,0.49804,0.34854,0.60788,0.032591,0.120568,0,0,3.35200,665.675,2.082,3.000,1.4097,92,184,92,95,80
28,post_landing,79,1337.0,59,211.051,482.881,0.96607,-0.39209,1.04260,0.013384,0.153302,0,1,3.35200,665.675,2.082,3.000,1.4097,92,184,92,95,80
28,post_landing,80,1353.0,59,212.021,482.776,0.95129,-0.10276,0.95682,0.013179,0.166744,0,0,3.35200,665.675,2.082,3.000,1.4097,92,184,92,95,80
28,post_landing,81,1370.0,59,212.921,482.935,0.93759,0.16539,0.95206,0.012989,0.179214,0,0,3.35200,665.675,2.082,3.000,1.4097,92,184,92,95,80
28,post_landing,82,1386.0,59,213.863,483.053,0.96371,-0.14309,0.97428,-0.018752,0.192260,0,1,3.35200,665.675,2.082,3.000,1.4097,92,184,92,95,80
28,post_landing,83,1403.0,59,214.831,483.187,0.94643,0.03117,0.94694,-0.010339,0.173426,0,1,3.35200,665.675,2.082,3.000,1.4097,92,184,92,95,80
28,post_landing,84,1420.0,59,215.726,483.215,0.44457,-0.02580,0.44531,0.023713,0.163644,0,1,3.35200,665.675,2.082,3.000,1.4097,92,184,92,95,80
28,post_landing,85,1437.0,59,216.173,483.263,0.45738,-0.35246,0.57743,-0.003763,0.187460,0,1,3.35200,665.675,2.082,3.000,1.4097,92,184,92,95,80
28,post_landing,86,1453.0,59,216.632,483.158,0.90221,-0.73482,1.16359,-0.074694,0.183681,0,1,3.35200,665.675,2.082,3.000,1.4097,92,184,92,95,80
28,post_landing,87,1470.0,59,217.486,482.285,0.59965,-0.40917,0.72595,-0.001427,0.113007,0,1,3.35200,665.675,2.082,3.000,1.4097,92,184,92,95,80
28,post_landing,88,1486.0,59,218.088,481.816,0.59047,-0.11958,0.60246,-0.001405,0.111574,0,0,3.35200,665.675,2.082,3.000,1.4097,92,184,92,95,80
28,post_landing,89,1503.0,59,218.681,481.707,0.58144,0.16558,0.60456,-0.001384,0.110162,0,0,3.35200,665.675,2.082,3.000,1.4097,92,184,92,95,80
28,post_landing,90,1520.0,59,219.231,482.120,0.57307,0.42986,0.71637,-0.001364,0.108853,0,0,3.35200,665.675,2.082,3.000,1.4097,92,184,92,95,80
28,post_landing,91,1537.0,59,219.807,482.211,0.53044,0.26577,0.59330,0.000000,0.107483,0,1,3.35200,665.675,2.082,3.000,1.4097,92,184,92,95,80
28,post_landing,92,1553.0,59,220.340,482.211,0.93336,0.03832,0.93415,-0.024821,0.107483,0,1,3.35200,665.675,2.082,3.000,1.4097,92,184,92,95,80
28,post_landing,93,1570.0,59,221.223,481.903,0.98603,-0.31173,1.03413,0.004119,0.083998,0,1,3.35200,665.675,2.082,3.000,1.4097,92,184,92,95,80
28,post_landing,94,1586.0,59,222.213,481.879,0.97094,-0.02363,0.97123,0.004056,0.088135,0,0,3.35200,665.675,2.082,3.000,1.4097,92,184,92,95,80
28,post_landing,95,1603.0,59,223.188,482.010,1.56202,-0.66885,1.69920,-0.012837,0.092209,0,1,3.35200,665.675,2.082,3.000,1.4097,92,184,92,95,80
28,post_landing,96,1620.0,59,224.666,481.633,1.53953,-0.39255,1.58879,-0.012652,0.080063,0,0,3.35200,665.675,2.082,3.000,1.4097,92,184,92,95,80
28,post_landing,97,1636.0,59,226.213,481.527,1.51598,-0.10321,1.51949,-0.012458,0.067356,0,0,3.35200,665.675,2.082,3.000,1.4097,92,184,92,95,80
28,post_landing,98,1653.0,59,227.735,481.554,1.73914,-0.52044,1.81534,-0.005251,0.054843,0,1,3.35200,665.675,2.082,3.000,1.4097,92,184,92,95,80
28,post_landing,99,1670.0,59,229.381,481.318,1.71410,-0.24628,1.73170,-0.005175,0.049875,0,0,3.35200,665.675,2.082,3.000,1.4097,92,184,92,95,80
28,post_landing,100,1686.0,59,231.102,481.359,1.68787,0.04082,1.68836,-0.005096,0.044677,0,0,3.35200,665.675,2.082,3.000,1.4097,92,184,92,95,80
28,post_landing,101,1703.0,59,232.798,481.384,1.65884,-0.26795,1.68034,0.010803,0.039559,0,1,3.35200,665.675,2.082,3.000,1.4097,92,184,92,95,80
28,post_landing,102,1720.0,59,234.367,481.386,1.63495,0.00257,1.63495,0.010648,0.049780,0,0,3.35200,665.675,2.082,3.000,1.4097,92,184,92,95,80
28,post_landing,103,1736.0,59,236.009,481.623,1.67747,-0.54669,1.76430,0.021450,0.060475,0,1,3.35200,665.675,2.082,3.000,1.4097,92,184,92,95,80
28,post_landing,104,1753.0,59,237.694,481.363,1.65180,-0.25499,1.67137,0.021122,0.082019,0,0,3.35200,665.675,2.082,3.000,1.4097,92,184,92,95,80
28,post_landing,105,1770.0,59,239.257,481.378,1.62802,0.01534,1.62809,0.020818,0.102005,0,0,3.35200,665.675,2.082,3.000,1.4097,92,184,92,95,80
28,post_landing,106,1786.0,59,240.892,481.682,1.60311,0.29844,1.63065,0.020499,0.122914,0,0,3.35200,665.675,2.082,3.000,1.4097,92,184,92,95,80
28,post_landing,107,1803.0,59,242.502,482.271,1.57858,0.57721,1.68080,0.020186,0.143504,0,0,3.35200,665.675,2.082,3.000,1.4097,92,184,92,95,80
28,post_landing,108,1820.0,59,243.996,483.017,1.48419,-0.09328,1.48712,0.039739,0.162603,0,1,3.35200,665.675,2.082,3.000,1.4097,92,184,92,95,80
28,post_landing,109,1836.0,59,245.487,482.954,1.12693,-0.04450,1.12781,0.031100,0.202517,0,1,3.35200,665.675,2.082,3.000,1.4097,92,184,92,95,80
28,post_landing,110,1853.0,59,246.619,482.601,0.79624,0.00000,0.79624,0.029502,0.233753,0,1,3.35200,665.675,2.082,3.000,1.4097,92,184,92,95,80
28,post_landing,111,1870.0,59,247.372,482.333,0.08862,0.00000,0.08862,0.064564,0.261667,0,1,3.35200,665.675,2.082,3.000,1.4097,92,184,92,95,80
28,post_landing,112,1886.0,59,247.461,481.831,0.45552,0.08246,0.46292,-0.006316,0.326515,0,1,3.35200,665.675,2.082,3.000,1.4097,92,184,92,95,80
28,post_landing,113,1903.0,59,247.918,481.896,0.57461,-0.12422,0.58789,-0.024511,0.320171,0,1,3.35200,665.675,2.082,3.000,1.4097,92,184,92,95,80
28,post_landing,114,1920.0,59,248.462,482.038,0.17064,0.11251,0.20439,0.040115,0.296979,0,1,3.35200,665.675,2.082,3.000,1.4097,92,184,92,95,80
28,post_landing,115,1936.0,59,248.634,481.764,0.07264,0.18008,0.19418,0.041590,0.337270,0,1,3.35200,665.675,2.082,3.000,1.4097,92,184,92,95,80
28,post_landing,116,1953.0,59,248.707,481.592,-0.00690,0.17977,0.17990,0.040182,0.379043,0,1,3.35200,665.675,2.082,3.000,1.4097,92,184,92,95,80
28,post_landing,117,1970.0,59,248.700,481.445,-0.06102,0.11425,0.12953,0.036531,0.417063,0,1,3.35200,665.675,2.082,3.000,1.4097,92,184,92,95,80
28,post_landing,118,1986.0,59,248.639,481.361,-0.19401,0.05745,0.20234,0.049036,0.453754,0,1,3.35200,665.675,2.082,3.000,1.4097,92,184,92,95,80
29,falling,0,32.0,,195.000,97.029,0.00000,0.55000,0.55000,0.000000,0.000000,0,0,4.63200,1624.548,2.816,3.000,1.4939,83,166,83,91,70
29,falling,1,42.0,,195.000,97.509,0.00000,0.72789,0.72789,0.000000,0.000000,0,0,4.63200,1624.548,2.816,3.000,1.4939,83,166,83,91,70
29,falling,2,58.0,,195.000,98.454,0.00000,0.98407,0.98407,0.000000,0.000000,0,0,4.63200,1624.548,2.816,3.000,1.4939,83,166,83,91,70
29,falling,3,75.0,,195.000,99.732,0.00000,1.25235,1.25235,0.000000,0.000000,0,0,4.63200,1624.548,2.816,3.000,1.4939,83,166,83,91,70
29,falling,4,92.0,,195.000,101.278,0.00000,1.51652,1.51652,0.000000,0.000000,0,0,4.63200,1624.548,2.816,3.000,1.4939,83,166,83,91,70
29,falling,5,108.0,,195.000,102.969,0.00000,1.76135,1.76135,0.000000,0.000000,0,0,4.63200,1624.548,2.816,3.000,1.4939,83,166,83,91,70
29,falling,6,125.0,,195.000,105.027,0.00000,2.01774,2.01774,0.000000,0.000000,0,0,4.63200,1624.548,2.816,3.000,1.4939,83,166,83,91,70
29,falling,7,142.0,,195.000,107.343,0.00000,2.27020,2.27020,0.000000,0.000000,0,0,4.63200,1624.548,2.816,3.000,1.4939,83,166,83,91,70
29,falling,8,158.0,,195.000,109.747,0.00000,2.50417,2.50417,0.000000,0.000000,0,0,4.63200,1624.548,2.816,3.000,1.4939,83,166,83,91,70
29,falling,9,175.0,,195.000,112.551,0.00000,2.74919,2.74919,0.000000,0.000000,0,0,4.63200,1624.548,2.816,3.000,1.4939,83,166,83,91,70
29,falling,10,192.0,,195.000,115.601,0.00000,2.99046,2.99046,0.000000,0.000000,0,0,4.63200,1624.548,2.816,3.000,1.4939,83,166,83,91,70
29,falling,11,209.0,,195.000,118.687,0.00000,3.21407,3.21407,0.000000,0.000000,0,0,4.63200,1624.548,2.816,3.000,1.4939,83,166,83,91,70
29,falling,12,225.0,,195.000,122.204,0.00000,3.44823,3.44823,0.000000,0.000000,0,0,4.63200,1624.548,2.816,3.000,1.4939,83,166,83,91,70
29,falling,13,242.0,,195.000,125.956,0.00000,3.67880,3.67880,0.000000,0.000000,0,0,4.63200,1624.548,2.816,3.000,1.4939,83,166,83,91,70
29,falling,14,259.0,,195.000,129.693,0.00000,3.89249,3.89249,0.000000,0.000000,0,0,4.63200,1624.548,2.816,3.000,1.4939,83,166,83,91,70
29,falling,15,275.0,,195.000,133.892,0.00000,4.11627,4.11627,0.000000,0.000000,0,0,4.63200,1624.548,2.816,3.000,1.4939,83,166,83,91,70
29,falling,16,292.0,,195.000,138.315,0.00000,4.33663,4.33663,0.000000,0.000000,0,0,4.63200,1624.548,2.816,3.000,1.4939,83,166,83,91,70
29,falling,17,309.0,,195.000,142.674,0.00000,4.54085,4.54085,0.000000,0.000000,0,0,4.63200,1624.548,2.816,3.000,1.4939,83,166,83,91,70
29,falling,18,325.0,,195.000,147.524,0.00000,4.75470,4.75470,0.000000,0.000000,0,0,4.63200,1624.548,2.816,3.000,1.4939,83,166,83,91,70
29,falling,19,342.0,,195.000,152.589,0.00000,4.96529,4.96529,0.000000,0.000000,0,0,4.63200,1624.548,2.816,3.000,1.4939,83,166,83,91,70
29,falling,20,359.0,,195.000,157.543,0.00000,5.16046,5.16046,0.000000,0.000000,0,0,4.63200,1624.548,2.816,3.000,1.4939,83,166,83,91,70
29,falling,21,375.0,,195.000,163.015,0.00000,5.36483,5.36483,0.000000,0.000000,0,0,4.63200,1624.548,2.816,3.000,1.4939,83,166,83,91,70
29,falling,22,392.0,,195.000,168.692,0.00000,5.56609,5.56609,0.000000,0.000000,0,0,4.63200,1624.548,2.816,3.000,1.4939,83,166,83,91,70
29,falling,23,409.0,,195.000,174.215,0.00000,5.75260,5.75260,0.000000,0.000000,0,0,4.63200,1624.548,2.816,3.000,1.4939,83,166,83,91,70
29,falling,24,425.0,,195.000,180.282,0.00000,5.94792,5.94792,0.000000,0.000000,0,0,4.63200,1624.548,2.816,3.000,1.4939,83,166,83,91,70
29,falling,25,442.0,,195.000,186.545,0.00000,6.14025,6.14025,0.000000,0.000000,0,0,4.63200,1624.548,2.816,3.000,1.4939,83,166,83,91,70
29,falling,26,459.0,,195.000,192.611,0.00000,6.31850,6.31850,0.000000,0.000000,0,0,4.63200,1624.548,2.816,3.000,1.4939,83,166,83,91,70
29,falling,27,475.0,,195.000,199.246,0.00000,6.50516,6.50516,0.000000,0.000000,0,0,4.63200,1624.548,2.816,3.000,1.4939,83,166,83,91,70
29,falling,28,492.0,,195.000,206.069,0.00000,6.68896,6.68896,0.000000,0.000000,0,0,4.63200,1624.548,2.816,3.000,1.4939,83,166,83,91,70
29,falling,29,509.0,,195.000,212.654,0.00000,6.85931,6.85931,0.000000,0.000000,0,0,4.63200,1624.548,2.816,3.000,1.4939,83,166,83,91,70
29,falling,30,525.0,,195.000,219.832,0.00000,7.03769,7.03769,0.000000,0.000000,0,0,4.63200,1624.548,2.816,3.000,1.4939,83,166,83,91,70
29,falling,31,542.0,,195.000,227.190,0.00000,7.21335,7.21335,0.000000,0.000000,0,0,4.63200,1624.548,2.816,3.000,1.4939,83,166,83,91,70
29,falling,32,559.0,,195.000,234.271,0.00000,7.37614,7.37614,0.000000,0.000000,0,0,4.63200,1624.548,2.816,3.000,1.4939,83,166,83,91,70
29,falling,33,575.0,,195.000,241.968,0.00000,7.54662,7.54662,0.000000,0.000000,0,0,4.63200,1624.548,2.816,3.000,1.4939,83,166,83,91,70
29,falling,34,592.0,,195.000,249.837,0.00000,7.71449,7.71449,0.000000,0.000000,0,0,4.63200,1624.548,2.816,3.000,1.4939,83,166,83,91,70
29,falling,35,609.0,,195.000,257.392,0.00000,7.87007,7.87007,0.000000,0.000000,0,0,4.63200,1624.548,2.816,3.000,1.4939,83,166,83,91,70
29,falling,36,625.0,,195.000,265.586,0.00000,8.03299,8.03299,0.000000,0.000000,0,0,4.63200,1624.548,2.816,3.000,1.4939,83,166,83,91,70
29,falling,37,642.0,,195.000,273.943,0.00000,8.19342,8.19342,0.000000,0.000000,0,0,4.63200,1624.548,2.816,3.000,1.4939,83,166,83,91,70
29,falling,38,659.0,,195.000,281.952,0.00000,8.34210,8.34210,0.000000,0.000000,0,0,4.63200,1624.548,2.816,3.000,1.4939,83,166,83,91,70
29,falling,39,675.0,,195.000,290.619,0.00000,8.49780,8.49780,0.000000,0.000000,0,0,4.63200,1624.548,2.816,3.000,1.4939,83,166,83,91,70
29,falling,40,692.0,,195.000,299.444,0.00000,8.65112,8.65112,0.000000,0.000000,0,0,4.63200,1624.548,2.816,3.000,1.4939,83,166,83,91,70
29,falling,41,709.0,,195.000,307.885,0.00000,8.79321,8.79321,0.000000,0.000000,0,0,4.63200,1624.548,2.816,3.000,1.4939,83,166,83,91,70
29,falling,42,725.0,,195.000,317.006,0.00000,8.94201,8.94201,0.000000,0.000000,0,0,4.63200,1624.548,2.816,3.000,1.4939,83,166,83,91,70
29,falling,43,742.0,,195.000,326.276,0.00000,9.08853,9.08853,0.000000,0.000000,0,0,4.63200,1624.548,2.816,3.000,1.4939,83,166,83,91,70
29,falling,44,759.0,,195.000,335.132,0.00000,9.22432,9.22432,0.000000,0.000000,0,0,4.63200,1624.548,2.816,3.000,1.4939,83,166,83,91,70
29,falling,45,775.0,,195.000,344.685,0.00000,9.36652,9.36652,0.000000,0.000000,0,0,4.63200,1624.548,2.816,3.000,1.4939,83,166,83,91,70
29,falling,46,792.0,,195.000,354.382,0.00000,9.50655,9.50655,0.000000,0.000000,0,0,4.63200,1624.548,2.816,3.000,1.4939,83,166,83,91,70
29,falling,47,809.0,,195.000,363.633,0.00000,9.63632,9.63632,0.000000,0.000000,0,0,4.63200,1624.548,2.816,3.000,1.4939,83,166,83,91,70
29,falling,48,825.0,,195.000,373.601,0.00000,9.77222,9.77222,0.000000,0.000000,0,0,4.63200,1624.548,2.816,3.000,1.4939,83,166,83,91,70
29,falling,49,842.0,,195.000,383.705,0.00000,9.90603,9.90603,0.000000,0.000000,0,0,4.63200,1624.548,2.816,3.000,1.4939,83,166,83,91,70
29,falling,50,859.0,,195.000,393.334,0.00000,10.03005,10.03005,0.000000,0.000000,0,0,4.63200,1624.548,2.816,3.000,1.4939,83,166,83,91,70
29,falling,51,875.0,,195.000,403.697,0.00000,10.15993,10.15993,0.000000,0.000000,0,0,4.63200,1624.548,2.816,3.000,1.4939,83,166,83,91,70
29,falling,52,892.0,,195.000,414.190,0.00000,10.28781,10.28781,0.000000,0.000000,0,0,4.63200,1624.548,2.816,3.000,1.4939,83,166,83,91,70
29,falling,53,909.0,,195.000,424.180,0.00000,10.40634,10.40634,0.000000,0.000000,0,0,4.63200,1624.548,2.816,3.000,1.4939,83,166,83,91,70
29,falling,54,925.0,,195.000,434.921,0.00000,10.53045,10.53045,0.000000,0.000000,0,0,4.63200,1624.548,2.816,3.000,1.4939,83,166,83,91,70
29,falling,55,942.0,,195.000,445.787,0.00000,10.65267,10.65267,0.000000,0.000000,0,0,4.63200,1624.548,2.816,3.000,1.4939,83,166,83,91,70
29,falling,56,959.0,,195.000,456.122,0.00000,10.76594,10.76594,0.000000,0.000000,0,0,4.63200,1624.548,2.816,3.000,1.4939,83,166,83,91,70
29,falling,57,975.0,,195.000,467.225,0.00000,10.88455,10.88455,0.000000,0.000000,0,0,4.63200,1624.548,2.816,3.000,1.4939,83,166,83,91,70
29,falling,58,992.0,,195.000,478.446,0.00000,11.00135,11.00135,0.000000,0.000000,0,0,4.63200,1624.548,2.816,3.000,1.4939,83,166,83,91,70
29,post_landing,59,1009.0,59,195.000,485.478,-1.91897,-0.09249,1.92119,0.044226,0.000000,0,1,4.63200,1624.548,2.816,3.000,1.4939,83,166,83,91,70
29,post_landing,60,1025.0,59,193.073,483.531,-0.46870,0.00000,0.46870,-0.056453,0.044421,0,1,4.63200,1624.548,2.816,3.000,1.4939,83,166,83,91,70
29,post_landing,61,1042.0,59,192.602,482.624,-0.51388,0.00000,0.51388,-0.021728,-0.012280,0,1,4.63200,1624.548,2.816,3.000,1.4939,83,166,83,91,70
29,post_landing,62,1059.0,59,192.116,482.302,-0.46033,0.02684,0.46111,-0.012167,-0.032838,0,1,4.63200,1624.548,2.816,3.000,1.4939,83,166,83,91,70
29,post_landing,63,1075.0,59,191.653,482.419,-0.45878,0.05830,0.46247,-0.005379,-0.045059,0,1,4.63200,1624.548,2.816,3.000,1.4939,83,166,83,91,70
29,post_landing,64,1092.0,59,191.192,482.471,-1.17812,0.11594,1.18381,0.034339,-0.050461,0,1,4.63200,1624.548,2.816,3.000,1.4939,83,166,83,91,70
29,post_landing,65,1109.0,59,190.078,482.170,-0.43332,0.00000,0.43332,-0.042511,-0.017971,0,1,4.63200,1624.548,2.816,3.000,1.4939,83,166,83,91,70
29,post_landing,66,1125.0,59,189.643,482.459,-0.42669,0.28333,0.51219,-0.041861,-0.060669,0,0,4.63200,1624.548,2.816,3.000,1.4939,83,166,83,91,70
29,post_landing,67,1142.0,59,189.214,483.036,-0.43232,0.09433,0.44249,-0.019948,-0.102714,0,1,4.63200,1624.548,2.816,3.000,1.4939,83,166,83,91,70
29,post_landing,68,1159.0,59,188.805,483.272,-0.56718,-0.11570,0.57887,-0.008791,-0.121588,0,1,4.63200,1624.548,2.816,3.000,1.4939,83,166,83,91,70
29,post_landing,69,1175.0,59,188.235,483.383,-0.50282,0.00000,0.50282,-0.007221,-0.130417,0,1,4.63200,1624.548,2.816,3.000,1.4939,83,166,83,91,70
29,post_landing,70,1192.0,59,187.730,483.486,-0.34329,-0.04572,0.34632,-0.014599,-0.137670,0,1,4.63200,1624.548,2.816,3.000,1.4939,83,166,83,91,70
29,post_landing,71,1209.0,59,187.405,483.659,-0.35685,0.03232,0.35831,-0.006428,-0.151483,0,1,4.63200,1624.548,2.816,3.000,1.4939,83,166,83,91,70
29,post_landing,72,1225.0,59,187.047,483.763,-0.34451,0.11976,0.36474,-0.001983,-0.157940,0,1,4.63200,1624.548,2.816,3.000,1.4939,83,166,83,91,70
29,post_landing,73,1242.0,59,186.701,483.774,-0.49775,0.00000,0.49775,0.000985,-0.159932,0,1,4.63200,1624.548,2.816,3.000,1.4939,83,166,83,91,70
29,post_landing,74,1259.0,59,186.230,483.759,-0.52925,-0.15098,0.55036,-0.011209,-0.159000,0,1,4.63200,1624.548,2.816,3.000,1.4939,83,166,83,91,70
29,post_landing,75,1275.0,59,185.698,483.919,-0.33159,0.00000,0.33159,-0.026738,-0.170259,0,1,4.63200,1624.548,2.816,3.000,1.4939,83,166,83,91,70
29,post_landing,76,1292.0,59,185.365,484.226,-0.32651,0.28333,0.43231,-0.026329,-0.197114,0,0,4.63200,1624.548,2.816,3.000,1.4939,83,166,83,91,70
29,post_landing,77,1309.0,59,185.056,484.715,-0.32219,0.11150,0.34094,-0.014903,-0.222026,0,1,4.63200,1624.548,2.816,3.000,1.4939,83,166,83,91,70
29,post_landing,78,1325.0,59,184.733,485.002,-0.50452,0.00000,0.50452,0.000000,-0.236995,0,1,4.63200,1624.548,2.816,3.000,1.4939,83,166,83,91,70
29,post_landing,79,1342.0,59,184.226,484.994,-1.24944,-0.07361,1.25161,0.031671,-0.236995,0,1,4.63200,1624.548,2.816,3.000,1.4939,83,166,83,91,70
29,post_landing,80,1359.0,59,183.044,484.628,-1.40812,0.07376,1.41005,0.024664,-0.207029,0,1,4.63200,1624.548,2.816,3.000,1.4939,83,166,83,91,70
29,post_landing,81,1375.0,59,181.630,484.354,-2.75921,-0.66636,2.83853,0.046841,-0.182256,0,1,4.63200,1624.548,2.816,3.000,1.4939,83,166,83,91,70
29,post_landing,82,1392.0,59,178.858,483.440,-1.40083,-0.20505,1.41576,-0.035687,-0.135209,0,1,4.63200,1624.548,2.816,3.000,1.4939,83,166,83,91,70
29,post_landing,83,1408.0,59,177.533,483.076,-1.38066,0.06456,1.38217,-0.035173,-0.168976,0,0,4.63200,1624.548,2.816,3.000,1.4939,83,166,83,91,70
29,post_landing,84,1425.0,59,176.146,483.430,-1.35953,0.34691,1.40310,-0.034635,-0.204303,0,0,4.63200,1624.548,2.816,3.000,1.4939,83,166,83,91,70
29,post_landing,85,1442.0,59,174.781,484.067,-1.33873,0.62494,1.47741,-0.034105,-0.239091,0,0,4.63200,1624.548,2.816,3.000,1.4939,83,166,83,91,70
29,post_landing,86,1458.0,59,173.514,484.914,-1.31946,0.88260,1.58744,-0.033614,-0.271360,0,0,4.63200,1624.548,2.816,3.000,1.4939,83,166,83,91,70
29,post_landing,87,1475.0,59,172.189,485.692,-1.30240,0.06394,1.30397,-0.023713,-0.305122,0,1,4.63200,1624.548,2.816,3.000,1.4939,83,166,83,91,70
29,post_landing,88,1492.0,59,170.881,485.970,-1.19725,0.12576,1.20384,-0.010395,-0.328939,0,1,4.63200,1624.548,2.816,3.000,1.4939,83,166,83,91,70
29,post_landing,89,1508.0,59,169.748,486.098,-1.01938,0.09512,1.02381,-0.010349,-0.338774,0,1,4.63200,1624.548,2.816,3.000,1.4939,83,166,83,91,70
29,post_landing,90,1525.0,59,168.724,486.229,-0.79468,0.07011,0.79777,-0.013777,-0.349169,0,1,4.63200,1624.548,2.816,3.000,1.4939,83,166,83,91,70
29,post_landing,91,1542.0,59,167.926,486.401,-0.69231,-0.03353,0.69312,-0.014050,-0.363007,0,1,4.63200,1624.548,2.816,3.000,1.4939,83,166,83,91,70
29,post_landing,92,1558.0,59,167.271,486.566,-0.49045,0.01947,0.49083,-0.015391,-0.376301,0,1,4.63200,1624.548,2.816,3.000,1.4939,83,166,83,91,70
29,post_landing,93,1575.0,59,166.778,486.783,-0.36726,0.00000,0.36726,-0.028167,-0.391759,0,1,4.63200,1624.548,2.816,3.000,1.4939,83,166,83,91,70
29,post_landing,94,1592.0,59,166.431,487.039,-0.36197,0.26667,0.44959,-0.027761,-0.418410,0,0,4.63200,1624.548,2.816,3.000,1.4939,83,166,83,91,70
29,post_landing,95,1608.0,59,166.067,487.590,-0.35886,0.12019,0.37846,-0.014825,-0.446293,0,1,4.63200,1624.548,2.816,3.000,1.4939,83,166,83,91,70
29,post_landing,96,1625.0,59,165.707,487.842,-0.40572,-0.02473,0.40647,-0.011763,-0.461183,0,1,4.63200,1624.548,2.816,3.000,1.4939,83,166,83,91,70
29,post_landing,97,1642.0,59,165.323,488.016,-0.33748,0.00000,0.33748,-0.011258,-0.472313,0,1,4.63200,1624.548,2.816,3.000,1.4939,83,166,83,91,70
29,post_landing,98,1659.0,59,164.984,488.212,-0.30865,-0.02038,0.30933,-0.011369,-0.483621,0,1,4.63200,1624.548,2.816,3.000,1.4939,83,166,83,91,70
29,post_landing,99,1675.0,59,164.674,488.408,-0.27778,-0.01747,0.27833,-0.011202,-0.495040,0,1,4.63200,1624.548,2.816,3.000,1.4939,83,166,83,91,70
29,post_landing,100,1692.0,59,164.411,488.591,-0.25610,0.00000,0.25610,-0.010169,-0.505639,0,1,4.63200,1624.548,2.816,3.000,1.4939,83,166,83,91,70
29,post_landing,101,1708.0,59,164.154,488.780,-0.24254,-0.01564,0.24304,-0.019969,-0.515853,0,1,4.63200,1624.548,2.816,3.000,1.4939,83,166,83,91,70
29,post_landing,102,1725.0,59,163.910,489.054,-0.23883,0.26793,0.35892,-0.019664,-0.535910,0,0,4.63200,1624.548,2.816,3.000,1.4939,83,166,83,91,70
29,post_landing,103,1742.0,59,163.684,489.501,-0.24262,0.13576,0.27802,-0.011306,-0.554515,0,1,4.63200,1624.548,2.816,3.000,1.4939,83,166,83,91,70
29,post_landing,104,1758.0,59,163.440,489.734,-0.26500,0.02319,0.26601,-0.011474,-0.565871,0,1,4.63200,1624.548,2.816,3.000,1.4939,83,166,83,91,70
29,post_landing,105,1775.0,59,163.174,489.956,-0.23555,0.02188,0.23656,-0.011112,-0.577395,0,1,4.63200,1624.548,2.816,3.000,1.4939,83,166,83,91,70
29,post_landing,106,1792.0,59,162.951,490.166,-0.21591,0.02677,0.21757,-0.010016,-0.587909,0,1,4.63200,1624.548,2.816,3.000,1.4939,83,166,83,91,70
29,post_landing,107,1808.0,59,162.735,490.377,-0.19285,0.02236,0.19414,-0.010642,-0.597969,0,1,4.63200,1624.548,2.816,3.000,1.4939,83,166,83,91,70
29,post_landing,108,1825.0,59,162.541,490.599,-0.17795,0.02442,0.17962,-0.010501,-0.608658,0,1,4.63200,1624.548,2.816,3.000,1.4939,83,166,83,91,70
29,post_landing,109,1842.0,59,162.372,490.807,-0.16995,0.06214,0.18095,-0.017733,-0.618594,0,1,4.63200,1624.548,2.816,3.000,1.4939,83,166,83,91,70
29,post_landing,110,1858.0,59,162.202,491.187,-0.20588,0.10085,0.22925,-0.020667,-0.636405,0,1,4.63200,1624.548,2.816,3.000,1.4939,83,166,83,91,70
29,post_landing,111,1875.0,59,161.995,491.490,-0.29327,0.00000,0.29327,-0.009547,-0.657163,0,1,4.63200,1624.548,2.816,3.000,1.4939,83,166,83,91,70
29,post_landing,112,1892.0,59,161.717,491.606,-0.83943,-0.29203,0.88877,0.012331,-0.666196,0,1,4.63200,1624.548,2.816,3.000,1.4939,83,166,83,91,70
29,post_landing,113,1908.0,59,160.874,491.499,-0.42874,0.00000,0.42874,-0.015043,-0.653810,0,1,4.63200,1624.548,2.816,3.000,1.4939,83,166,83,91,70
29,post_landing,114,1925.0,59,160.444,491.623,-0.74745,0.07138,0.75085,0.007470,-0.668920,0,1,4.63200,1624.548,2.816,3.000,1.4939,83,166,83,91,70
29,post_landing,115,1942.0,59,159.737,491.699,-0.54244,-0.32410,0.63189,-0.027091,-0.661852,0,1,4.63200,1624.548,2.816,3.000,1.4939,83,166,83,91,70
29,post_landing,116,1958.0,59,159.192,491.548,-0.48451,-0.03396,0.48570,-0.022230,-0.689062,0,1,4.63200,1624.548,2.816,3.000,1.4939,83,166,83,91,70
29,post_landing,117,1975.0,59,158.705,491.615,-0.35291,0.00000,0.35291,-0.025190,-0.711390,0,1,4.63200,1624.548,2.816,3.000,1.4939,83,166,83,91,70
29,post_landing,118,1992.0,59,158.371,491.708,-0.47670,0.10663,0.48848,-0.009943,-0.735224,0,1,4.63200,1624.548,2.816,3.000,1.4939,83,166,83,91,70
30,falling,0,14.0,,195.000,96.669,0.00000,0.45000,0.45000,0.000000,0.000000,0,0,3.61400,888.625,5.169,11.000,1.6908,61,122,61,63,64
30,falling,1,21.0,,195.000,96.906,0.00000,0.56383,0.56383,0.000000,0.000000,0,0,3.61400,888.625,5.169,11.000,1.6908,61,122,61,63,64
30,falling,2,38.0,,195.000,97.695,0.00000,0.82238,0.82238,0.000000,0.000000,0,0,3.61400,888.625,5.169,11.000,1.6908,61,122,61,63,64
30,falling,3,54.0,,195.000,98.810,0.00000,1.09313,1.09313,0.000000,0.000000,0,0,3.61400,888.625,5.169,11.000,1.6908,61,122,61,63,64
30,falling,4,71.0,,195.000,100.197,0.00000,1.35974,1.35974,0.000000,0.000000,0,0,3.61400,888.625,5.169,11.000,1.6908,61,122,61,63,64
30,falling,5,88.0,,195.000,101.740,0.00000,1.60682,1.60682,0.000000,0.000000,0,0,3.61400,888.625,5.169,11.000,1.6908,61,122,61,63,64
30,falling,6,104.0,,195.000,103.643,0.00000,1.86557,1.86557,0.000000,0.000000,0,0,3.61400,888.625,5.169,11.000,1.6908,61,122,61,63,64
30,falling,7,121.0,,195.000,105.805,0.00000,2.12036,2.12036,0.000000,0.000000,0,0,3.61400,888.625,5.169,11.000,1.6908,61,122,61,63,64
30,falling,8,138.0,,195.000,108.068,0.00000,2.35650,2.35650,0.000000,0.000000,0,0,3.61400,888.625,5.169,11.000,1.6908,61,122,61,63,64
30,falling,9,154.0,,195.000,110.724,0.00000,2.60378,2.60378,0.000000,0.000000,0,0,3.61400,888.625,5.169,11.000,1.6908,61,122,61,63,64
30,falling,10,171.0,,195.000,113.628,0.00000,2.84727,2.84727,0.000000,0.000000,0,0,3.61400,888.625,5.169,11.000,1.6908,61,122,61,63,64
30,falling,11,188.0,,195.000,116.578,0.00000,3.07294,3.07294,0.000000,0.000000,0,0,3.61400,888.625,5.169,11.000,1.6908,61,122,61,63,64
30,falling,12,204.0,,195.000,119.953,0.00000,3.30926,3.30926,0.000000,0.000000,0,0,3.61400,888.625,5.169,11.000,1.6908,61,122,61,63,64
30,falling,13,221.0,,195.000,123.566,0.00000,3.54196,3.54196,0.000000,0.000000,0,0,3.61400,888.625,5.169,11.000,1.6908,61,122,61,63,64
30,falling,14,238.0,,195.000,127.173,0.00000,3.75762,3.75762,0.000000,0.000000,0,0,3.61400,888.625,5.169,11.000,1.6908,61,122,61,63,64
30,falling,15,254.0,,195.000,131.236,0.00000,3.98346,3.98346,0.000000,0.000000,0,0,3.61400,888.625,5.169,11.000,1.6908,61,122,61,63,64
30,falling,16,271.0,,195.000,135.526,0.00000,4.20585,4.20585,0.000000,0.000000,0,0,3.61400,888.625,5.169,11.000,1.6908,61,122,61,63,64
30,falling,17,288.0,,195.000,139.762,0.00000,4.41195,4.41195,0.000000,0.000000,0,0,3.61400,888.625,5.169,11.000,1.6908,61,122,61,63,64
30,falling,18,304.0,,195.000,144.482,0.00000,4.62778,4.62778,0.000000,0.000000,0,0,3.61400,888.625,5.169,11.000,1.6908,61,122,61,63,64
30,falling,19,321.0,,195.000,149.419,0.00000,4.84031,4.84031,0.000000,0.000000,0,0,3.61400,888.625,5.169,11.000,1.6908,61,122,61,63,64
30,falling,20,338.0,,195.000,154.255,0.00000,5.03727,5.03727,0.000000,0.000000,0,0,3.61400,888.625,5.169,11.000,1.6908,61,122,61,63,64
30,falling,21,354.0,,195.000,159.604,0.00000,5.24354,5.24354,0.000000,0.000000,0,0,3.61400,888.625,5.169,11.000,1.6908,61,122,61,63,64
30,falling,22,371.0,,195.000,165.159,0.00000,5.44665,5.44665,0.000000,0.000000,0,0,3.61400,888.625,5.169,11.000,1.6908,61,122,61,63,64
30,falling,23,388.0,,195.000,170.569,0.00000,5.63488,5.63488,0.000000,0.000000,0,0,3.61400,888.625,5.169,11.000,1.6908,61,122,61,63,64
30,falling,24,404.0,,195.000,176.517,0.00000,5.83200,5.83200,0.000000,0.000000,0,0,3.61400,888.625,5.169,11.000,1.6908,61,122,61,63,64
30,falling,25,421.0,,195.000,182.664,0.00000,6.02610,6.02610,0.000000,0.000000,0,0,3.61400,888.625,5.169,11.000,1.6908,61,122,61,63,64
30,falling,26,438.0,,195.000,188.622,0.00000,6.20599,6.20599,0.000000,0.000000,0,0,3.61400,888.625,5.169,11.000,1.6908,61,122,61,63,64
30,falling,27,454.0,,195.000,195.144,0.00000,6.39438,6.39438,0.000000,0.000000,0,0,3.61400,888.625,5.169,11.000,1.6908,61,122,61,63,64
30,falling,28,471.0,,195.000,201.855,0.00000,6.57988,6.57988,0.000000,0.000000,0,0,3.61400,888.625,5.169,11.000,1.6908,61,122,61,63,64
30,falling,29,487.0,,195.000,208.337,0.00000,6.75179,6.75179,0.000000,0.000000,0,0,3.61400,888.625,5.169,11.000,1.6908,61,122,61,63,64
30,falling,30,504.0,,195.000,215.408,0.00000,6.93182,6.93182,0.000000,0.000000,0,0,3.61400,888.625,5.169,11.000,1.6908,61,122,61,63,64
30,falling,31,521.0,,195.000,222.659,0.00000,7.10910,7.10910,0.000000,0.000000,0,0,3.61400,888.625,5.169,11.000,1.6908,61,122,61,63,64
30,falling,32,537.0,,195.000,229.641,0.00000,7.27339,7.27339,0.000000,0.000000,0,0,3.61400,888.625,5.169,11.000,1.6908,61,122,61,63,64
30,falling,33,554.0,,195.000,237.236,0.00000,7.44545,7.44545,0.000000,0.000000,0,0,3.61400,888.625,5.169,11.000,1.6908,61,122,61,63,64
30,falling,34,571.0,,195.000,245.003,0.00000,7.61486,7.61486,0.000000,0.000000,0,0,3.61400,888.625,5.169,11.000,1.6908,61,122,61,63,64
30,falling,35,587.0,,195.000,252.464,0.00000,7.77188,7.77188,0.000000,0.000000,0,0,3.61400,888.625,5.169,11.000,1.6908,61,122,61,63,64
30,falling,36,604.0,,195.000,260.559,0.00000,7.93630,7.93630,0.000000,0.000000,0,0,3.61400,888.625,5.169,11.000,1.6908,61,122,61,63,64
30,falling,37,621.0,,195.000,268.819,0.00000,8.09821,8.09821,0.000000,0.000000,0,0,3.61400,888.625,5.169,11.000,1.6908,61,122,61,63,64
30,falling,38,637.0,,195.000,276.737,0.00000,8.24826,8.24826,0.000000,0.000000,0,0,3.61400,888.625,5.169,11.000,1.6908,61,122,61,63,64
30,falling,39,654.0,,195.000,285.311,0.00000,8.40539,8.40539,0.000000,0.000000,0,0,3.61400,888.625,5.169,11.000,1.6908,61,122,61,63,64
30,falling,40,671.0,,195.000,294.042,0.00000,8.56013,8.56013,0.000000,0.000000,0,0,3.61400,888.625,5.169,11.000,1.6908,61,122,61,63,64
30,falling,41,687.0,,195.000,302.398,0.00000,8.70353,8.70353,0.000000,0.000000,0,0,3.61400,888.625,5.169,11.000,1.6908,61,122,61,63,64
30,falling,42,704.0,,195.000,311.428,0.00000,8.85370,8.85370,0.000000,0.000000,0,0,3.61400,888.625,5.169,11.000,1.6908,61,122,61,63,64
30,falling,43,721.0,,195.000,320.610,0.00000,9.00157,9.00157,0.000000,0.000000,0,0,3.61400,888.625,5.169,11.000,1.6908,61,122,61,63,64
30,falling,44,737.0,,195.000,329.383,0.00000,9.13861,9.13861,0.000000,0.000000,0,0,3.61400,888.625,5.169,11.000,1.6908,61,122,61,63,64
30,falling,45,754.0,,195.000,338.851,0.00000,9.28212,9.28212,0.000000,0.000000,0,0,3.61400,888.625,5.169,11.000,1.6908,61,122,61,63,64
30,falling,46,771.0,,195.000,348.463,0.00000,9.42344,9.42344,0.000000,0.000000,0,0,3.61400,888.625,5.169,11.000,1.6908,61,122,61,63,64
30,falling,47,787.0,,195.000,357.635,0.00000,9.55441,9.55441,0.000000,0.000000,0,0,3.61400,888.625,5.169,11.000,1.6908,61,122,61,63,64
30,falling,48,804.0,,195.000,367.520,0.00000,9.69156,9.69156,0.000000,0.000000,0,0,3.61400,888.625,5.169,11.000,1.6908,61,122,61,63,64
30,falling,49,821.0,,195.000,377.543,0.00000,9.82661,9.82661,0.000000,0.000000,0,0,3.61400,888.625,5.169,11.000,1.6908,61,122,61,63,64
30,falling,50,837.0,,195.000,387.097,0.00000,9.95178,9.95178,0.000000,0.000000,0,0,3.61400,888.625,5.169,11.000,1.6908,61,122,61,63,64
30,falling,51,854.0,,195.000,397.382,0.00000,10.08285,10.08285,0.000000,0.000000,0,0,3.61400,888.625,5.169,11.000,1.6908,61,122,61,63,64
30,falling,52,871.0,,195.000,407.798,0.00000,10.21191,10.21191,0.000000,0.000000,0,0,3.61400,888.625,5.169,11.000,1.6908,61,122,61,63,64
30,falling,53,887.0,,195.000,417.716,0.00000,10.33153,10.33153,0.000000,0.000000,0,0,3.61400,888.625,5.169,11.000,1.6908,61,122,61,63,64
30,falling,54,904.0,,195.000,428.382,0.00000,10.45679,10.45679,0.000000,0.000000,0,0,3.61400,888.625,5.169,11.000,1.6908,61,122,61,63,64
30,falling,55,921.0,,195.000,438.532,0.00000,10.57288,10.57288,0.000000,0.000000,0,0,3.61400,888.625,5.169,11.000,1.6908,61,122,61,63,64
30,falling,56,937.0,,195.000,449.440,0.00000,10.69445,10.69445,0.000000,0.000000,0,0,3.61400,888.625,5.169,11.000,1.6908,61,122,61,63,64
30,falling,57,954.0,,195.000,460.471,0.00000,10.81416,10.81416,0.000000,0.000000,0,0,3.61400,888.625,5.169,11.000,1.6908,61,122,61,63,64
30,falling,58,971.0,,195.000,470.959,0.00000,10.92510,10.92510,0.000000,0.000000,0,0,3.61400,888.625,5.169,11.000,1.6908,61,122,61,63,64
30,post_landing,59,987.0,59,195.000,478.817,-1.27503,-0.29343,1.30836,-0.007996,0.000000,0,1,3.61400,888.625,5.169,11.000,1.6908,61,122,61,63,64
30,post_landing,60,1004.0,59,193.719,478.362,-1.80775,0.00000,1.80775,0.045349,-0.008031,0,1,3.61400,888.625,5.169,11.000,1.6908,61,122,61,63,64
30,post_landing,61,1021.0,59,192.009,477.979,-2.26589,-0.61860,2.34881,0.044814,0.034878,0,1,3.61400,888.625,5.169,11.000,1.6908,61,122,61,63,64
30,post_landing,62,1037.0,59,189.733,477.626,-0.95276,-0.17919,0.96947,-0.071786,0.079889,0,1,3.61400,888.625,5.169,11.000,1.6908,61,122,61,63,64
30,post_landing,63,1054.0,59,188.776,477.718,-0.93819,0.10689,0.94426,-0.070688,0.007787,0,0,3.61400,888.625,5.169,11.000,1.6908,61,122,61,63,64
30,post_landing,64,1071.0,59,187.888,478.076,-0.92468,0.37201,0.99671,-0.069670,-0.059096,0,0,3.61400,888.625,5.169,11.000,1.6908,61,122,61,63,64
30,post_landing,65,1087.0,59,186.960,478.738,-0.91053,0.64966,1.11853,-0.068604,-0.129071,0,0,3.61400,888.625,5.169,11.000,1.6908,61,122,61,63,64
30,post_landing,66,1104.0,59,186.045,479.680,-0.89660,0.92305,1.28682,-0.067554,-0.197977,0,0,3.61400,888.625,5.169,11.000,1.6908,61,122,61,63,64
30,post_landing,67,1121.0,59,185.197,480.809,-0.88369,1.17642,1.47135,-0.066581,-0.261895,0,0,3.61400,888.625,5.169,11.000,1.6908,61,122,61,63,64
30,post_landing,68,1137.0,59,184.309,482.019,-1.77738,-0.24936,1.79479,-0.007325,-0.328769,0,1,3.61400,888.625,5.169,11.000,1.6908,61,122,61,63,64
30,post_landing,69,1154.0,59,182.524,482.058,-1.75019,0.03779,1.75059,-0.007213,-0.336126,0,0,3.61400,888.625,5.169,11.000,1.6908,61,122,61,63,64
30,post_landing,70,1171.0,59,180.868,482.221,-1.60535,0.11549,1.60950,-0.004124,-0.342951,0,1,3.61400,888.625,5.169,11.000,1.6908,61,122,61,63,64
30,post_landing,71,1187.0,59,179.256,482.302,-1.58197,0.15088,1.58915,0.005060,-0.347093,0,1,3.61400,888.625,5.169,11.000,1.6908,61,122,61,63,64
30,post_landing,72,1204.0,59,177.667,482.423,-0.90950,0.05194,0.91098,-0.045011,-0.342011,0,1,3.61400,888.625,5.169,11.000,1.6908,61,122,61,63,64
30,post_landing,73,1221.0,59,176.806,482.728,-0.89640,0.31786,0.95109,-0.044363,-0.384600,0,0,3.61400,888.625,5.169,11.000,1.6908,61,122,61,63,64
30,post_landing,74,1237.0,59,175.906,483.336,-0.88269,0.59633,1.06524,-0.043684,-0.429158,0,0,3.61400,888.625,5.169,11.000,1.6908,61,122,61,63,64
30,post_landing,75,1254.0,59,175.019,484.224,-0.86918,0.87054,1.23017,-0.043016,-0.473034,0,0,3.61400,888.625,5.169,11.000,1.6908,61,122,61,63,64
30,post_landing,76,1271.0,59,174.197,485.304,-0.85667,1.12467,1.41377,-0.042397,-0.513735,0,0,3.61400,888.625,5.169,11.000,1.6908,61,122,61,63,64
30,post_landing,77,1287.0,59,173.336,486.369,-1.12357,0.25066,1.15119,-0.025676,-0.556318,0,1,3.61400,888.625,5.169,11.000,1.6908,61,122,61,63,64
30,post_landing,78,1304.0,59,172.208,486.950,-0.98874,0.20146,1.00906,-0.013795,-0.582107,0,1,3.61400,888.625,5.169,11.000,1.6908,61,122,61,63,64
30,post_landing,79,1321.0,59,171.272,487.279,-0.83100,0.17679,0.84960,-0.010930,-0.595159,0,1,3.61400,888.625,5.169,11.000,1.6908,61,122,61,63,64
30,post_landing,80,1337.0,59,170.438,487.556,-0.69187,0.17382,0.71337,-0.009228,-0.606137,0,1,3.61400,888.625,5.169,11.000,1.6908,61,122,61,63,64
30,post_landing,81,1354.0,59,169.743,487.791,-0.63661,0.17271,0.65962,-0.004046,-0.615406,0,1,3.61400,888.625,5.169,11.000,1.6908,61,122,61,63,64
30,post_landing,82,1371.0,59,169.141,487.892,-0.62389,0.16602,0.64560,0.000000,-0.619235,0,1,3.61400,888.625,5.169,11.000,1.6908,61,122,61,63,64
30,post_landing,83,1387.0,59,168.514,487.904,-0.62075,0.33531,0.70552,0.003483,-0.619235,0,1,3.61400,888.625,5.169,11.000,1.6908,61,122,61,63,64
30,post_landing,84,1404.0,59,167.890,487.834,-0.67565,0.36642,0.76862,0.002516,-0.615736,0,1,3.61400,888.625,5.169,11.000,1.6908,61,122,61,63,64
30,post_landing,85,1421.0,59,167.251,487.770,-0.70358,0.38241,0.80079,0.000000,-0.613356,0,1,3.61400,888.625,5.169,11.000,1.6908,61,122,61,63,64
30,post_landing,86,1437.0,59,166.544,487.772,-0.75367,0.40950,0.85773,0.000000,-0.613356,0,1,3.61400,888.625,5.169,11.000,1.6908,61,122,61,63,64
30,post_landing,87,1454.0,59,165.787,487.774,-0.79083,0.43080,0.90055,0.000000,-0.613356,0,1,3.61400,888.625,5.169,11.000,1.6908,61,122,61,63,64
30,post_landing,88,1471.0,59,165.039,487.770,-0.79796,0.44133,0.91187,-0.002669,-0.613356,0,1,3.61400,888.625,5.169,11.000,1.6908,61,122,61,63,64
30,post_landing,89,1487.0,59,164.238,487.839,-0.83182,0.46391,0.95244,-0.001450,-0.616037,0,1,3.61400,888.625,5.169,11.000,1.6908,61,122,61,63,64
30,post_landing,90,1504.0,59,163.402,487.880,-0.85224,0.47735,0.97682,-0.002171,-0.617493,0,1,3.61400,888.625,5.169,11.000,1.6908,61,122,61,63,64
30,post_landing,91,1521.0,59,162.596,487.926,-0.84805,0.48441,0.97665,-0.004463,-0.619547,0,1,3.61400,888.625,5.169,11.000,1.6908,61,122,61,63,64
30,post_landing,92,1537.0,59,161.744,488.042,-0.86979,0.50420,1.00536,-0.003185,-0.624030,0,1,3.61400,888.625,5.169,11.000,1.6908,61,122,61,63,64
30,post_landing,93,1554.0,59,160.871,488.127,-0.88012,0.51487,1.01966,-0.003826,-0.627229,0,1,3.61400,888.625,5.169,11.000,1.6908,61,122,61,63,64
30,post_landing,94,1571.0,59,160.038,488.214,-0.86819,0.51890,1.01144,-0.005971,-0.630850,0,1,3.61400,888.625,5.169,11.000,1.6908,61,122,61,63,64
30,post_landing,95,1587.0,59,159.166,488.371,-0.88042,0.53797,1.03177,-0.004707,-0.636847,0,1,3.61400,888.625,5.169,11.000,1.6908,61,122,61,63,64
30,post_landing,96,1604.0,59,158.281,488.497,-0.88348,0.54715,1.03919,-0.005308,-0.641574,0,1,3.61400,888.625,5.169,11.000,1.6908,61,122,61,63,64
30,post_landing,97,1621.0,59,157.446,488.623,-0.86667,0.54892,1.02588,-0.007313,-0.646597,0,1,3.61400,888.625,5.169,11.000,1.6908,61,122,61,63,64
30,post_landing,98,1637.0,59,156.575,488.818,-0.87067,0.56889,1.04005,-0.006099,-0.653942,0,1,3.61400,888.625,5.169,11.000,1.6908,61,122,61,63,64
30,post_landing,99,1654.0,59,155.701,488.985,-0.86847,0.57696,1.04265,-0.006694,-0.660068,0,1,3.61400,888.625,5.169,11.000,1.6908,61,122,61,63,64
30,post_landing,100,1671.0,59,154.879,489.148,-0.84880,0.57677,1.02622,-0.008559,-0.666402,0,1,3.61400,888.625,5.169,11.000,1.6908,61,122,61,63,64
30,post_landing,101,1687.0,59,154.026,489.382,-0.84123,0.59840,1.03235,-0.007873,-0.674999,0,1,3.61400,888.625,5.169,11.000,1.6908,61,122,61,63,64
30,post_landing,102,1704.0,59,153.181,489.601,-0.83656,0.60508,1.03245,-0.008312,-0.682906,0,1,3.61400,888.625,5.169,11.000,1.6908,61,122,61,63,64
30,post_landing,103,1721.0,59,152.390,489.811,-0.80943,0.59100,1.00223,-0.012002,-0.690771,0,1,3.61400,888.625,5.169,11.000,1.6908,61,122,61,63,64
30,post_landing,104,1737.0,59,151.577,490.144,-0.77357,0.58262,0.96843,-0.017199,-0.702826,0,1,3.61400,888.625,5.169,11.000,1.6908,61,122,61,63,64
30,post_landing,105,1754.0,59,150.800,490.622,-0.73256,0.57743,0.93277,-0.022091,-0.720101,0,1,3.61400,888.625,5.169,11.000,1.6908,61,122,61,63,64
30,post_landing,106,1771.0,59,150.107,491.210,-0.70455,0.58129,0.91339,-0.022762,-0.741002,0,1,3.61400,888.625,5.169,11.000,1.6908,61,122,61,63,64
30,post_landing,107,1787.0,59,149.399,491.886,-0.67434,0.60254,0.90432,-0.023184,-0.763864,0,1,3.61400,888.625,5.169,11.000,1.6908,61,122,61,63,64
30,post_landing,108,1804.0,59,148.722,492.589,-0.64494,0.62030,0.89483,-0.023697,-0.787150,0,1,3.61400,888.625,5.169,11.000,1.6908,61,122,61,63,64
30,post_landing,109,1821.0,59,148.112,493.276,-0.61466,0.62916,0.87957,-0.023673,-0.809572,0,1,3.61400,888.625,5.169,11.000,1.6908,61,122,61,63,64
30,post_landing,110,1837.0,59,147.494,494.028,-0.58249,0.65028,0.87302,-0.023929,-0.833349,0,1,3.61400,888.625,5.169,11.000,1.6908,61,122,61,63,64
30,post_landing,111,1855.0,59,146.909,494.800,-0.54874,0.66890,0.86518,-0.024337,-0.857383,0,1,3.61400,888.625,5.169,11.000,1.6908,61,122,61,63,64
30,post_landing,112,1871.0,59,146.390,495.551,-0.51345,0.67778,0.85030,-0.024250,-0.880410,0,1,3.61400,888.625,5.169,11.000,1.6908,61,122,61,63,64
30,post_landing,113,1887.0,59,145.874,496.367,-0.47623,0.69811,0.84507,-0.024498,-0.904767,0,1,3.61400,888.625,5.169,11.000,1.6908,61,122,61,63,64
30,post_landing,114,1904.0,59,145.396,497.202,-0.44751,0.71360,0.84232,-0.024351,-0.929372,0,1,3.61400,888.625,5.169,11.000,1.6908,61,122,61,63,64
30,post_landing,115,1921.0,59,144.973,497.936,-0.50627,-0.02728,0.50700,-0.015124,-0.952413,0,1,3.61400,888.625,5.169,11.000,1.6908,61,122,61,63,64
30,post_landing,116,1937.0,59,144.464,497.946,-0.52612,-0.20236,0.56370,-0.017494,-0.967604,0,1,3.61400,888.625,5.169,11.000,1.6908,61,122,61,63,64
30,post_landing,117,1954.0,59,143.936,497.872,-0.42830,0.00000,0.42830,-0.019180,-0.985174,0,1,3.61400,888.625,5.169,11.000,1.6908,61,122,61,63,64
30,post_landing,118,1971.0,59,143.530,497.933,-0.62557,-0.04630,0.62728,0.000000,-1.003322,0,1,3.61400,888.625,5.169,11.000,1.6908,61,122,61,63,64
31,falling,0,21.0,,195.000,97.029,0.00000,0.55000,0.55000,0.000000,0.000000,0,0,3.29200,592.235,0.868,7.000,1.8880,58,116,58,65,67
31,falling,1,22.0,,195.000,97.099,0.00000,0.58234,0.58234,0.000000,0.000000,0,0,3.29200,592.235,0.868,7.000,1.8880,58,116,58,65,67
31,falling,2,37.0,,195.000,97.841,0.00000,0.82448,0.82448,0.000000,0.000000,0,0,3.29200,592.235,0.868,7.000,1.8880,58,116,58,65,67
31,falling,3,54.0,,195.000,98.958,0.00000,1.09520,1.09520,0.000000,0.000000,0,0,3.29200,592.235,0.868,7.000,1.8880,58,116,58,65,67
31,falling,4,71.0,,195.000,100.347,0.00000,1.36178,1.36178,0.000000,0.000000,0,0,3.29200,592.235,0.868,7.000,1.8880,58,116,58,65,67
31,falling,5,87.0,,195.000,101.892,0.00000,1.60883,1.60883,0.000000,0.000000,0,0,3.29200,592.235,0.868,7.000,1.8880,58,116,58,65,67
31,falling,6,104.0,,195.000,103.796,0.00000,1.86755,1.86755,0.000000,0.000000,0,0,3.29200,592.235,0.868,7.000,1.8880,58,116,58,65,67
31,falling,7,121.0,,195.000,105.961,0.00000,2.12231,2.12231,0.000000,0.000000,0,0,3.29200,592.235,0.868,7.000,1.8880,58,116,58,65,67
31,falling,8,137.0,,195.000,108.225,0.00000,2.35842,2.35842,0.000000,0.000000,0,0,3.29200,592.235,0.868,7.000,1.8880,58,116,58,65,67
31,falling,9,154.0,,195.000,110.883,0.00000,2.60567,2.60567,0.000000,0.000000,0,0,3.29200,592.235,0.868,7.000,1.8880,58,116,58,65,67
31,falling,10,171.0,,195.000,113.789,0.00000,2.84913,2.84913,0.000000,0.000000,0,0,3.29200,592.235,0.868,7.000,1.8880,58,116,58,65,67
31,falling,11,187.0,,195.000,116.741,0.00000,3.07477,3.07477,0.000000,0.000000,0,0,3.29200,592.235,0.868,7.000,1.8880,58,116,58,65,67
31,falling,12,204.0,,195.000,120.118,0.00000,3.31106,3.31106,0.000000,0.000000,0,0,3.29200,592.235,0.868,7.000,1.8880,58,116,58,65,67
31,falling,13,221.0,,195.000,123.733,0.00000,3.54374,3.54374,0.000000,0.000000,0,0,3.29200,592.235,0.868,7.000,1.8880,58,116,58,65,67
31,falling,14,237.0,,195.000,127.342,0.00000,3.75937,3.75937,0.000000,0.000000,0,0,3.29200,592.235,0.868,7.000,1.8880,58,116,58,65,67
31,falling,15,254.0,,195.000,131.407,0.00000,3.98519,3.98519,0.000000,0.000000,0,0,3.29200,592.235,0.868,7.000,1.8880,58,116,58,65,67
31,falling,16,271.0,,195.000,135.698,0.00000,4.20755,4.20755,0.000000,0.000000,0,0,3.29200,592.235,0.868,7.000,1.8880,58,116,58,65,67
31,falling,17,287.0,,195.000,139.935,0.00000,4.41363,4.41363,0.000000,0.000000,0,0,3.29200,592.235,0.868,7.000,1.8880,58,116,58,65,67
31,falling,18,304.0,,195.000,144.658,0.00000,4.62943,4.62943,0.000000,0.000000,0,0,3.29200,592.235,0.868,7.000,1.8880,58,116,58,65,67
31,falling,19,321.0,,195.000,149.596,0.00000,4.84193,4.84193,0.000000,0.000000,0,0,3.29200,592.235,0.868,7.000,1.8880,58,116,58,65,67
31,falling,20,337.0,,195.000,154.434,0.00000,5.03888,5.03888,0.000000,0.000000,0,0,3.29200,592.235,0.868,7.000,1.8880,58,116,58,65,67
31,falling,21,354.0,,195.000,159.784,0.00000,5.24512,5.24512,0.000000,0.000000,0,0,3.29200,592.235,0.868,7.000,1.8880,58,116,58,65,67
31,falling,22,371.0,,195.000,165.341,0.00000,5.44820,5.44820,0.000000,0.000000,0,0,3.29200,592.235,0.868,7.000,1.8880,58,116,58,65,67
31,falling,23,387.0,,195.000,170.752,0.00000,5.63641,5.63641,0.000000,0.000000,0,0,3.29200,592.235,0.868,7.000,1.8880,58,116,58,65,67
31,falling,24,404.0,,195.000,176.702,0.00000,5.83351,5.83351,0.000000,0.000000,0,0,3.29200,592.235,0.868,7.000,1.8880,58,116,58,65,67
31,falling,25,421.0,,195.000,182.850,0.00000,6.02759,6.02759,0.000000,0.000000,0,0,3.29200,592.235,0.868,7.000,1.8880,58,116,58,65,67
31,falling,26,437.0,,195.000,188.809,0.00000,6.20746,6.20746,0.000000,0.000000,0,0,3.29200,592.235,0.868,7.000,1.8880,58,116,58,65,67
31,falling,27,454.0,,195.000,195.333,0.00000,6.39582,6.39582,0.000000,0.000000,0,0,3.29200,592.235,0.868,7.000,1.8880,58,116,58,65,67
31,falling,28,471.0,,195.000,202.046,0.00000,6.58129,6.58129,0.000000,0.000000,0,0,3.29200,592.235,0.868,7.000,1.8880,58,116,58,65,67
31,falling,29,487.0,,195.000,208.529,0.00000,6.75319,6.75319,0.000000,0.000000,0,0,3.29200,592.235,0.868,7.000,1.8880,58,116,58,65,67
31,falling,30,504.0,,195.000,215.601,0.00000,6.93320,6.93320,0.000000,0.000000,0,0,3.29200,592.235,0.868,7.000,1.8880,58,116,58,65,67
31,falling,31,521.0,,195.000,222.417,0.00000,7.10003,7.10003,0.000000,0.000000,0,0,3.29200,592.235,0.868,7.000,1.8880,58,116,58,65,67
31,falling,32,537.0,,195.000,229.837,0.00000,7.27473,7.27473,0.000000,0.000000,0,0,3.29200,592.235,0.868,7.000,1.8880,58,116,58,65,67
31,falling,33,554.0,,195.000,237.433,0.00000,7.44676,7.44676,0.000000,0.000000,0,0,3.29200,592.235,0.868,7.000,1.8880,58,116,58,65,67
31,falling,34,571.0,,195.000,245.201,0.00000,7.61616,7.61616,0.000000,0.000000,0,0,3.29200,592.235,0.868,7.000,1.8880,58,116,58,65,67
31,falling,35,587.0,,195.000,252.663,0.00000,7.77315,7.77315,0.000000,0.000000,0,0,3.29200,592.235,0.868,7.000,1.8880,58,116,58,65,67
31,falling,36,604.0,,195.000,260.760,0.00000,7.93756,7.93756,0.000000,0.000000,0,0,3.29200,592.235,0.868,7.000,1.8880,58,116,58,65,67
31,falling,37,621.0,,195.000,268.526,0.00000,8.08992,8.08992,0.000000,0.000000,0,0,3.29200,592.235,0.868,7.000,1.8880,58,116,58,65,67
31,falling,38,637.0,,195.000,276.941,0.00000,8.24948,8.24948,0.000000,0.000000,0,0,3.29200,592.235,0.868,7.000,1.8880,58,116,58,65,67
31,falling,39,654.0,,195.000,285.515,0.00000,8.40660,8.40660,0.000000,0.000000,0,0,3.29200,592.235,0.868,7.000,1.8880,58,116,58,65,67
31,falling,40,671.0,,195.000,293.725,0.00000,8.55221,8.55221,0.000000,0.000000,0,0,3.29200,592.235,0.868,7.000,1.8880,58,116,58,65,67
31,falling,41,687.0,,195.000,302.604,0.00000,8.70469,8.70469,0.000000,0.000000,0,0,3.29200,592.235,0.868,7.000,1.8880,58,116,58,65,67
31,falling,42,704.0,,195.000,311.636,0.00000,8.85484,8.85484,0.000000,0.000000,0,0,3.29200,592.235,0.868,7.000,1.8880,58,116,58,65,67
31,falling,43,721.0,,195.000,320.270,0.00000,8.99400,8.99400,0.000000,0.000000,0,0,3.29200,592.235,0.868,7.000,1.8880,58,116,58,65,67
31,falling,44,737.0,,195.000,329.593,0.00000,9.13973,9.13973,0.000000,0.000000,0,0,3.29200,592.235,0.868,7.000,1.8880,58,116,58,65,67
31,falling,45,754.0,,195.000,339.062,0.00000,9.28322,9.28322,0.000000,0.000000,0,0,3.29200,592.235,0.868,7.000,1.8880,58,116,58,65,67
31,falling,46,771.0,,195.000,348.101,0.00000,9.41621,9.41621,0.000000,0.000000,0,0,3.29200,592.235,0.868,7.000,1.8880,58,116,58,65,67
31,falling,47,787.0,,195.000,357.848,0.00000,9.55548,9.55548,0.000000,0.000000,0,0,3.29200,592.235,0.868,7.000,1.8880,58,116,58,65,67
31,falling,48,804.0,,195.000,367.734,0.00000,9.69261,9.69261,0.000000,0.000000,0,0,3.29200,592.235,0.868,7.000,1.8880,58,116,58,65,67
31,falling,49,821.0,,195.000,377.161,0.00000,9.81970,9.81970,0.000000,0.000000,0,0,3.29200,592.235,0.868,7.000,1.8880,58,116,58,65,67
31,falling,50,837.0,,195.000,387.313,0.00000,9.95279,9.95279,0.000000,0.000000,0,0,3.29200,592.235,0.868,7.000,1.8880,58,116,58,65,67
31,falling,51,854.0,,195.000,397.599,0.00000,10.08385,10.08385,0.000000,0.000000,0,0,3.29200,592.235,0.868,7.000,1.8880,58,116,58,65,67
31,falling,52,871.0,,195.000,407.396,0.00000,10.20531,10.20531,0.000000,0.000000,0,0,3.29200,592.235,0.868,7.000,1.8880,58,116,58,65,67
31,falling,53,887.0,,195.000,417.935,0.00000,10.33250,10.33250,0.000000,0.000000,0,0,3.29200,592.235,0.868,7.000,1.8880,58,116,58,65,67
31,falling,54,904.0,,195.000,428.602,0.00000,10.45775,10.45775,0.000000,0.000000,0,0,3.29200,592.235,0.868,7.000,1.8880,58,116,58,65,67
31,falling,55,921.0,,195.000,438.753,0.00000,10.57382,10.57382,0.000000,0.000000,0,0,3.29200,592.235,0.868,7.000,1.8880,58,116,58,65,67
31,falling,56,937.0,,195.000,449.662,0.00000,10.69538,10.69538,0.000000,0.000000,0,0,3.29200,592.235,0.868,7.000,1.8880,58,116,58,65,67
31,falling,57,954.0,,195.000,460.693,0.00000,10.81507,10.81507,0.000000,0.000000,0,0,3.29200,592.235,0.868,7.000,1.8880,58,116,58,65,67
31,falling,58,971.0,,195.000,471.182,0.00000,10.92600,10.92600,0.000000,0.000000,0,0,3.29200,592.235,0.868,7.000,1.8880,58,116,58,65,67
31,post_landing,59,987.0,59,195.000,481.636,1.08635,0.06098,1.08806,0.053553,0.000000,0,1,3.29200,592.235,0.868,7.000,1.8880,58,116,58,65,67
31,post_landing,60,1004.0,59,196.091,481.482,1.37408,0.13048,1.38026,-0.013828,0.053788,0,1,3.29200,592.235,0.868,7.000,1.8880,58,116,58,65,67
31,post_landing,61,1021.0,59,197.391,481.385,0.89894,0.03853,0.89976,0.037059,0.040705,0,1,3.29200,592.235,0.868,7.000,1.8880,58,116,58,65,67
31,post_landing,62,1037.0,59,198.294,481.677,0.65567,0.00000,0.65567,0.038557,0.077927,0,1,3.29200,592.235,0.868,7.000,1.8880,58,116,58,65,67
31,post_landing,63,1054.0,59,198.953,481.966,0.64564,0.28333,0.70507,0.037967,0.116653,0,0,3.29200,592.235,0.868,7.000,1.8880,58,116,58,65,67
31,post_landing,64,1071.0,59,199.564,482.418,0.55199,0.04805,0.55408,0.031280,0.152577,0,1,3.29200,592.235,0.868,7.000,1.8880,58,116,58,65,67
31,post_landing,65,1087.0,59,200.118,482.788,1.08796,-0.64569,1.26514,0.002280,0.183994,0,1,3.29200,592.235,0.868,7.000,1.8880,58,116,58,65,67
31,post_landing,66,1104.0,59,201.211,482.455,1.07131,-0.35248,1.12781,0.002245,0.186284,0,0,3.29200,592.235,0.868,7.000,1.8880,58,116,58,65,67
31,post_landing,67,1121.0,59,202.224,482.378,1.05589,-0.08074,1.05897,0.002213,0.188409,0,0,3.29200,592.235,0.868,7.000,1.8880,58,116,58,65,67
31,post_landing,68,1137.0,59,203.285,482.586,1.03973,0.20383,1.05952,0.002179,0.190631,0,0,3.29200,592.235,0.868,7.000,1.8880,58,116,58,65,67
31,post_landing,69,1154.0,59,204.329,482.915,0.94409,-0.59334,1.11506,0.049748,0.192820,0,1,3.29200,592.235,0.868,7.000,1.8880,58,116,58,65,67
31,post_landing,70,1171.0,59,205.222,482.610,0.93050,-0.31813,0.98338,0.049032,0.239890,0,0,3.29200,592.235,0.868,7.000,1.8880,58,116,58,65,67
31,post_landing,71,1187.0,59,206.157,482.579,0.91626,-0.02993,0.91675,0.048282,0.289138,0,0,3.29200,592.235,0.868,7.000,1.8880,58,116,58,65,67
31,post_landing,72,1204.0,59,207.077,482.838,0.90224,0.25386,0.93728,0.047543,0.337631,0,0,3.29200,592.235,0.868,7.000,1.8880,58,116,58,65,67
31,post_landing,73,1221.0,59,207.931,483.334,0.88925,0.51688,1.02856,0.046858,0.382615,0,0,3.29200,592.235,0.868,7.000,1.8880,58,116,58,65,67
31,post_landing,74,1237.0,59,208.824,484.143,0.87565,0.79230,1.18089,0.046141,0.429680,0,0,3.29200,592.235,0.868,7.000,1.8880,58,116,58,65,67
31,post_landing,75,1254.0,59,209.704,485.227,0.86225,1.06351,1.36913,0.045435,0.476024,0,0,3.29200,592.235,0.868,7.000,1.8880,58,116,58,65,67
31,post_landing,76,1271.0,59,210.520,486.490,0.84983,1.31486,1.56559,0.044781,0.519014,0,0,3.29200,592.235,0.868,7.000,1.8880,58,116,58,65,67
31,post_landing,77,1287.0,59,211.373,488.099,0.83683,1.57808,1.78623,0.044096,0.563991,0,0,3.29200,592.235,0.868,7.000,1.8880,58,116,58,65,67
31,post_landing,78,1304.0,59,212.214,489.973,0.82403,1.83727,2.01360,0.043421,0.608281,0,0,3.29200,592.235,0.868,7.000,1.8880,58,116,58,65,67
31,post_landing,79,1321.0,59,212.993,491.439,1.50695,0.21703,1.52249,0.015854,0.649365,0,1,3.29200,592.235,0.868,7.000,1.8880,58,116,58,65,67
31,post_landing,80,1337.0,59,214.507,491.356,1.43878,0.01624,1.43887,0.016161,0.665289,0,1,3.29200,592.235,0.868,7.000,1.8880,58,116,58,65,67
31,post_landing,81,1354.0,59,215.952,491.536,1.15430,0.06857,1.15634,0.023171,0.681521,0,1,3.29200,592.235,0.868,7.000,1.8880,58,116,58,65,67
31,post_landing,82,1371.0,59,217.044,491.830,0.91930,0.11968,0.92705,0.021181,0.703445,0,1,3.29200,592.235,0.868,7.000,1.8880,58,116,58,65,67
31,post_landing,83,1387.0,59,217.967,492.144,0.80386,0.05984,0.80609,0.020921,0.724719,0,1,3.29200,592.235,0.868,7.000,1.8880,58,116,58,65,67
31,post_landing,84,1404.0,59,218.775,492.455,0.81661,0.00000,0.81661,0.015709,0.745732,0,1,3.29200,592.235,0.868,7.000,1.8880,58,116,58,65,67
31,post_landing,85,1421.0,59,219.548,492.684,0.83077,0.12525,0.84016,0.009971,0.760595,0,1,3.29200,592.235,0.868,7.000,1.8880,58,116,58,65,67
31,post_landing,86,1437.0,59,220.382,492.860,0.90891,0.10585,0.91506,0.007455,0.770610,0,1,3.29200,592.235,0.868,7.000,1.8880,58,116,58,65,67
31,post_landing,87,1454.0,59,221.295,492.984,0.78355,0.12928,0.79414,0.028151,0.778098,0,1,3.29200,592.235,0.868,7.000,1.8880,58,116,58,65,67
31,post_landing,88,1471.0,59,222.036,493.389,0.80765,0.30739,0.86417,0.011216,0.804734,0,1,3.29200,592.235,0.868,7.000,1.8880,58,116,58,65,67
31,post_landing,89,1487.0,59,222.847,493.628,0.70077,0.23124,0.73794,0.037106,0.816000,0,1,3.29200,592.235,0.868,7.000,1.8880,58,116,58,65,67
31,post_landing,90,1504.0,59,223.551,494.149,0.69005,0.51104,0.85868,0.036538,0.853269,0,0,3.29200,592.235,0.868,7.000,1.8880,58,116,58,65,67
31,post_landing,91,1521.0,59,224.204,494.842,0.75240,0.17537,0.77257,0.021124,0.887840,0,1,3.29200,592.235,0.868,7.000,1.8880,58,116,58,65,67
31,post_landing,92,1537.0,59,224.960,495.244,0.59615,0.14156,0.61273,0.018884,0.909057,0,1,3.29200,592.235,0.868,7.000,1.8880,58,116,58,65,67
31,post_landing,93,1554.0,59,225.559,495.611,0.48203,0.12643,0.49834,0.016332,0.928024,0,1,3.29200,592.235,0.868,7.000,1.8880,58,116,58,65,67
31,post_landing,94,1571.0,59,226.015,495.915,0.39276,0.11156,0.40830,0.014673,0.943477,0,1,3.29200,592.235,0.868,7.000,1.8880,58,116,58,65,67
31,post_landing,95,1587.0,59,226.409,496.216,0.32187,0.10416,0.33830,0.014291,0.958215,0,1,3.29200,592.235,0.868,7.000,1.8880,58,116,58,65,67
31,post_landing,96,1604.0,59,226.733,496.510,0.28157,0.09646,0.29763,0.013284,0.972569,0,1,3.29200,592.235,0.868,7.000,1.8880,58,116,58,65,67
31,post_landing,97,1621.0,59,226.999,496.769,0.26655,0.19103,0.32794,0.020206,0.985138,0,1,3.29200,592.235,0.868,7.000,1.8880,58,116,58,65,67
31,post_landing,98,1637.0,59,227.267,497.199,0.31699,0.26021,0.41011,0.020625,1.005432,0,1,3.29200,592.235,0.868,7.000,1.8880,58,116,58,65,67
31,post_landing,99,1654.0,59,227.585,497.653,0.35659,0.31309,0.47453,0.022180,1.026148,0,1,3.29200,592.235,0.868,7.000,1.8880,58,116,58,65,67
31,post_landing,100,1671.0,59,227.922,498.116,0.38027,0.35535,0.52046,0.023421,1.047133,0,1,3.29200,592.235,0.868,7.000,1.8880,58,116,58,65,67
31,post_landing,101,1687.0,59,228.304,498.654,0.39467,0.40520,0.56564,0.024915,1.070657,0,1,3.29200,592.235,0.868,7.000,1.8880,58,116,58,65,67
31,post_landing,102,1704.0,59,228.701,499.237,0.40037,0.44973,0.60212,0.026402,1.095682,0,1,3.29200,592.235,0.868,7.000,1.8880,58,116,58,65,67
31,post_landing,103,1721.0,59,229.080,499.828,0.39734,0.48377,0.62602,0.027076,1.120663,0,1,3.29200,592.235,0.868,7.000,1.8880,58,116,58,65,67
31,post_landing,104,1737.0,59,229.479,500.494,0.38522,0.52685,0.65266,0.028145,1.147858,0,1,3.29200,592.235,0.868,7.000,1.8880,58,116,58,65,67
31,post_landing,105,1754.0,59,229.866,501.270,0.57150,0.34840,0.66933,0.024194,1.176126,0,1,3.29200,592.235,0.868,7.000,1.8880,58,116,58,65,67
31,post_landing,106,1771.0,59,230.406,501.733,0.56991,0.36332,0.67587,0.024352,1.199018,0,1,3.29200,592.235,0.868,7.000,1.8880,58,116,58,65,67
31,post_landing,107,1787.0,59,230.979,502.282,0.57844,0.36694,0.68501,0.025452,1.223477,0,1,3.29200,592.235,0.868,7.000,1.8880,58,116,58,65,67
31,post_landing,108,1804.0,59,231.560,502.606,0.58370,0.38532,0.69941,0.025198,1.249041,0,1,3.29200,592.235,0.868,7.000,1.8880,58,116,58,65,67
31,post_landing,109,1821.0,59,232.146,503.001,0.57227,0.40414,0.70059,0.026331,1.274350,0,1,3.29200,592.235,0.868,7.000,1.8880,58,116,58,65,67
31,post_landing,110,1837.0,59,232.687,503.484,0.30475,-0.07142,0.31301,0.014454,1.299264,0,1,3.29200,592.235,0.868,7.000,1.8880,58,116,58,65,67
31,post_landing,111,1854.0,59,232.994,503.545,0.19702,-0.04448,0.20198,0.009374,1.313781,0,1,3.29200,592.235,0.868,7.000,1.8880,58,116,58,65,67
31,post_landing,112,1871.0,59,233.180,503.632,0.10962,-0.02770,0.11307,0.005191,1.322651,0,1,3.29200,592.235,0.868,7.000,1.8880,58,116,58,65,67
31,post_landing,113,1887.0,59,233.290,503.639,0.10093,-0.02425,0.10380,-0.004758,1.327865,0,1,3.29200,592.235,0.868,7.000,1.8880,58,116,58,65,67
31,post_landing,114,1904.0,59,233.391,503.705,-0.00064,0.00000,0.00064,0.000000,1.323086,0,1,3.29200,592.235,0.868,7.000,1.8880,58,116,58,65,67
31,post_landing,115,1921.0,59,233.391,503.756,-0.00155,0.00000,0.00155,0.000000,1.323086,0,1,3.29200,592.235,0.868,7.000,1.8880,58,116,58,65,67
31,post_landing,116,1937.0,59,233.389,503.758,0.00070,0.00000,0.00070,0.000000,1.323086,0,1,3.29200,592.235,0.868,7.000,1.8880,58,116,58,65,67
31,post_landing,117,1954.0,59,233.390,503.758,-0.00012,0.00000,0.00012,0.000000,1.323086,0,1,3.29200,592.235,0.868,7.000,1.8880,58,116,58,65,67
31,post_landing,118,1971.0,59,233.390,503.756,-0.00042,0.00000,0.00042,0.000000,1.323086,0,1,3.29200,592.235,0.868,7.000,1.8880,58,116,58,65,67
32,falling,0,19.0,,195.000,97.029,0.00000,0.55000,0.55000,0.000000,0.000000,0,0,2.09200,204.507,2.907,1.000,2.0219,65,130,65,69,61
32,falling,1,34.0,,195.000,97.742,0.00000,0.79258,0.79258,0.000000,0.000000,0,0,2.09200,204.507,2.907,1.000,2.0219,65,130,65,69,61
32,falling,2,51.0,,195.000,98.827,0.00000,1.06378,1.06378,0.000000,0.000000,0,0,2.09200,204.507,2.907,1.000,2.0219,65,130,65,69,61
32,falling,3,68.0,,195.000,100.185,0.00000,1.33084,1.33084,0.000000,0.000000,0,0,2.09200,204.507,2.907,1.000,2.0219,65,130,65,69,61
32,falling,4,84.0,,195.000,101.700,0.00000,1.57834,1.57834,0.000000,0.000000,0,0,2.09200,204.507,2.907,1.000,2.0219,65,130,65,69,61
32,falling,5,101.0,,195.000,103.574,0.00000,1.83753,1.83753,0.000000,0.000000,0,0,2.09200,204.507,2.907,1.000,2.0219,65,130,65,69,61
32,falling,6,118.0,,195.000,105.709,0.00000,2.09275,2.09275,0.000000,0.000000,0,0,2.09200,204.507,2.907,1.000,2.0219,65,130,65,69,61
32,falling,7,134.0,,195.000,107.945,0.00000,2.32928,2.32928,0.000000,0.000000,0,0,2.09200,204.507,2.907,1.000,2.0219,65,130,65,69,61
32,falling,8,151.0,,195.000,110.574,0.00000,2.57697,2.57697,0.000000,0.000000,0,0,2.09200,204.507,2.907,1.000,2.0219,65,130,65,69,61
32,falling,9,168.0,,195.000,113.451,0.00000,2.82088,2.82088,0.000000,0.000000,0,0,2.09200,204.507,2.907,1.000,2.0219,65,130,65,69,61
32,falling,10,184.0,,195.000,116.376,0.00000,3.04692,3.04692,0.000000,0.000000,0,0,2.09200,204.507,2.907,1.000,2.0219,65,130,65,69,61
32,falling,11,201.0,,195.000,119.725,0.00000,3.28364,3.28364,0.000000,0.000000,0,0,2.09200,204.507,2.907,1.000,2.0219,65,130,65,69,61
32,falling,12,218.0,,195.000,123.312,0.00000,3.51673,3.51673,0.000000,0.000000,0,0,2.09200,204.507,2.907,1.000,2.0219,65,130,65,69,61
32,falling,13,234.0,,195.000,126.896,0.00000,3.73276,3.73276,0.000000,0.000000,0,0,2.09200,204.507,2.907,1.000,2.0219,65,130,65,69,61
32,falling,14,251.0,,195.000,130.934,0.00000,3.95898,3.95898,0.000000,0.000000,0,0,2.09200,204.507,2.907,1.000,2.0219,65,130,65,69,61
32,falling,15,268.0,,195.000,135.199,0.00000,4.18174,4.18174,0.000000,0.000000,0,0,2.09200,204.507,2.907,1.000,2.0219,65,130,65,69,61
32,falling,16,284.0,,195.000,139.412,0.00000,4.38819,4.38819,0.000000,0.000000,0,0,2.09200,204.507,2.907,1.000,2.0219,65,130,65,69,61
32,falling,17,301.0,,195.000,144.108,0.00000,4.60439,4.60439,0.000000,0.000000,0,0,2.09200,204.507,2.907,1.000,2.0219,65,130,65,69,61
32,falling,18,318.0,,195.000,149.022,0.00000,4.81727,4.81727,0.000000,0.000000,0,0,2.09200,204.507,2.907,1.000,2.0219,65,130,65,69,61
32,falling,19,335.0,,195.000,153.836,0.00000,5.01457,5.01457,0.000000,0.000000,0,0,2.09200,204.507,2.907,1.000,2.0219,65,130,65,69,61
32,falling,20,351.0,,195.000,159.162,0.00000,5.22118,5.22118,0.000000,0.000000,0,0,2.09200,204.507,2.907,1.000,2.0219,65,130,65,69,61
32,falling,21,368.0,,195.000,164.695,0.00000,5.42463,5.42463,0.000000,0.000000,0,0,2.09200,204.507,2.907,1.000,2.0219,65,130,65,69,61
32,falling,22,384.0,,195.000,170.083,0.00000,5.61318,5.61318,0.000000,0.000000,0,0,2.09200,204.507,2.907,1.000,2.0219,65,130,65,69,61
32,falling,23,401.0,,195.000,176.010,0.00000,5.81063,5.81063,0.000000,0.000000,0,0,2.09200,204.507,2.907,1.000,2.0219,65,130,65,69,61
32,falling,24,418.0,,195.000,182.135,0.00000,6.00506,6.00506,0.000000,0.000000,0,0,2.09200,204.507,2.907,1.000,2.0219,65,130,65,69,61
32,falling,25,434.0,,195.000,188.073,0.00000,6.18526,6.18526,0.000000,0.000000,0,0,2.09200,204.507,2.907,1.000,2.0219,65,130,65,69,61
32,falling,26,451.0,,195.000,194.575,0.00000,6.37396,6.37396,0.000000,0.000000,0,0,2.09200,204.507,2.907,1.000,2.0219,65,130,65,69,61
32,falling,27,468.0,,195.000,201.266,0.00000,6.55977,6.55977,0.000000,0.000000,0,0,2.09200,204.507,2.907,1.000,2.0219,65,130,65,69,61
32,falling,28,484.0,,195.000,207.728,0.00000,6.73197,6.73197,0.000000,0.000000,0,0,2.09200,204.507,2.907,1.000,2.0219,65,130,65,69,61
32,falling,29,501.0,,195.000,214.779,0.00000,6.91231,6.91231,0.000000,0.000000,0,0,2.09200,204.507,2.907,1.000,2.0219,65,130,65,69,61
32,falling,30,518.0,,195.000,222.011,0.00000,7.08988,7.08988,0.000000,0.000000,0,0,2.09200,204.507,2.907,1.000,2.0219,65,130,65,69,61
32,falling,31,534.0,,195.000,228.975,0.00000,7.25446,7.25446,0.000000,0.000000,0,0,2.09200,204.507,2.907,1.000,2.0219,65,130,65,69,61
32,falling,32,551.0,,195.000,236.550,0.00000,7.42680,7.42680,0.000000,0.000000,0,0,2.09200,204.507,2.907,1.000,2.0219,65,130,65,69,61
32,falling,33,568.0,,195.000,244.299,0.00000,7.59650,7.59650,0.000000,0.000000,0,0,2.09200,204.507,2.907,1.000,2.0219,65,130,65,69,61
32,falling,34,584.0,,195.000,251.742,0.00000,7.75378,7.75378,0.000000,0.000000,0,0,2.09200,204.507,2.907,1.000,2.0219,65,130,65,69,61
32,falling,35,601.0,,195.000,259.819,0.00000,7.91848,7.91848,0.000000,0.000000,0,0,2.09200,204.507,2.907,1.000,2.0219,65,130,65,69,61
32,falling,36,618.0,,195.000,268.061,0.00000,8.08066,8.08066,0.000000,0.000000,0,0,2.09200,204.507,2.907,1.000,2.0219,65,130,65,69,61
32,falling,37,634.0,,195.000,275.963,0.00000,8.23096,8.23096,0.000000,0.000000,0,0,2.09200,204.507,2.907,1.000,2.0219,65,130,65,69,61
32,falling,38,651.0,,195.000,284.519,0.00000,8.38836,8.38836,0.000000,0.000000,0,0,2.09200,204.507,2.907,1.000,2.0219,65,130,65,69,61
32,falling,39,668.0,,195.000,292.712,0.00000,8.53424,8.53424,0.000000,0.000000,0,0,2.09200,204.507,2.907,1.000,2.0219,65,130,65,69,61
32,falling,40,684.0,,195.000,301.573,0.00000,8.68700,8.68700,0.000000,0.000000,0,0,2.09200,204.507,2.907,1.000,2.0219,65,130,65,69,61
32,falling,41,701.0,,195.000,310.587,0.00000,8.83742,8.83742,0.000000,0.000000,0,0,2.09200,204.507,2.907,1.000,2.0219,65,130,65,69,61
32,falling,42,718.0,,195.000,319.205,0.00000,8.97683,8.97683,0.000000,0.000000,0,0,2.09200,204.507,2.907,1.000,2.0219,65,130,65,69,61
32,falling,43,734.0,,195.000,328.510,0.00000,9.12281,9.12281,0.000000,0.000000,0,0,2.09200,204.507,2.907,1.000,2.0219,65,130,65,69,61
32,falling,44,751.0,,195.000,337.962,0.00000,9.26657,9.26657,0.000000,0.000000,0,0,2.09200,204.507,2.907,1.000,2.0219,65,130,65,69,61
32,falling,45,768.0,,195.000,346.986,0.00000,9.39980,9.39980,0.000000,0.000000,0,0,2.09200,204.507,2.907,1.000,2.0219,65,130,65,69,61
32,falling,46,784.0,,195.000,356.716,0.00000,9.53931,9.53931,0.000000,0.000000,0,0,2.09200,204.507,2.907,1.000,2.0219,65,130,65,69,61
32,falling,47,801.0,,195.000,366.586,0.00000,9.67669,9.67669,0.000000,0.000000,0,0,2.09200,204.507,2.907,1.000,2.0219,65,130,65,69,61
32,falling,48,818.0,,195.000,375.998,0.00000,9.80402,9.80402,0.000000,0.000000,0,0,2.09200,204.507,2.907,1.000,2.0219,65,130,65,69,61
32,falling,49,834.0,,195.000,386.134,0.00000,9.93735,9.93735,0.000000,0.000000,0,0,2.09200,204.507,2.907,1.000,2.0219,65,130,65,69,61
32,falling,50,851.0,,195.000,396.404,0.00000,10.06864,10.06864,0.000000,0.000000,0,0,2.09200,204.507,2.907,1.000,2.0219,65,130,65,69,61
32,falling,51,868.0,,195.000,406.187,0.00000,10.19032,10.19032,0.000000,0.000000,0,0,2.09200,204.507,2.907,1.000,2.0219,65,130,65,69,61
32,falling,52,884.0,,195.000,416.711,0.00000,10.31774,10.31774,0.000000,0.000000,0,0,2.09200,204.507,2.907,1.000,2.0219,65,130,65,69,61
32,falling,53,901.0,,195.000,427.363,0.00000,10.44321,10.44321,0.000000,0.000000,0,0,2.09200,204.507,2.907,1.000,2.0219,65,130,65,69,61
32,falling,54,918.0,,195.000,437.500,0.00000,10.55950,10.55950,0.000000,0.000000,0,0,2.09200,204.507,2.907,1.000,2.0219,65,130,65,69,61
32,falling,55,934.0,,195.000,448.395,0.00000,10.68127,10.68127,0.000000,0.000000,0,0,2.09200,204.507,2.907,1.000,2.0219,65,130,65,69,61
32,falling,56,951.0,,195.000,459.412,0.00000,10.80118,10.80118,0.000000,0.000000,0,0,2.09200,204.507,2.907,1.000,2.0219,65,130,65,69,61
32,falling,57,968.0,,195.000,469.888,0.00000,10.91231,10.91231,0.000000,0.000000,0,0,2.09200,204.507,2.907,1.000,2.0219,65,130,65,69,61
32,falling,58,984.0,,195.000,481.137,0.00000,11.02868,11.02868,0.000000,0.000000,0,0,2.09200,204.507,2.907,1.000,2.0219,65,130,65,69,61
32,post_landing,59,1001.0,59,195.000,487.849,1.02893,-0.98704,1.42581,0.062327,0.000000,0,1,2.09200,204.507,2.907,1.000,2.0219,65,130,65,69,61
32,post_landing,60,1018.0,59,195.974,484.487,0.95073,-0.55619,1.10147,0.012755,0.058973,0,1,2.09200,204.507,2.907,1.000,2.0219,65,130,65,69,61
32,post_landing,61,1034.0,59,196.928,482.801,0.98740,-0.15622,0.99968,-0.013617,0.071784,0,1,2.09200,204.507,2.907,1.000,2.0219,65,130,65,69,61
32,post_landing,62,1051.0,59,197.920,482.827,0.91395,-0.17524,0.93060,-0.009353,0.058107,0,1,2.09200,204.507,2.907,1.000,2.0219,65,130,65,69,61
32,post_landing,63,1068.0,59,198.785,482.845,0.84674,-0.18527,0.86677,-0.008034,0.049258,0,1,2.09200,204.507,2.907,1.000,2.0219,65,130,65,69,61
32,post_landing,64,1084.0,59,199.635,482.868,0.78376,-0.23805,0.81911,-0.009101,0.041188,0,1,2.09200,204.507,2.907,1.000,2.0219,65,130,65,69,61
32,post_landing,65,1101.0,59,200.423,482.895,0.23908,-0.03456,0.24156,0.147736,0.032048,0,1,2.09200,204.507,2.907,1.000,2.0219,65,130,65,69,61
32,post_landing,66,1118.0,59,200.649,482.828,0.57415,0.18143,0.60213,0.000000,0.171832,0,1,2.09200,204.507,2.907,1.000,2.0219,65,130,65,69,61
32,post_landing,67,1134.0,59,201.226,482.830,0.53743,0.34989,0.64129,-0.001702,0.171832,0,1,2.09200,204.507,2.907,1.000,2.0219,65,130,65,69,61
32,post_landing,68,1151.0,59,201.765,482.827,0.55180,0.32847,0.64217,-0.015365,0.170122,0,1,2.09200,204.507,2.907,1.000,2.0219,65,130,65,69,61
32,post_landing,69,1168.0,59,202.287,482.798,0.51122,0.22671,0.55924,-0.008014,0.155584,0,1,2.09200,204.507,2.907,1.000,2.0219,65,130,65,69,61
32,post_landing,70,1184.0,59,202.801,482.788,0.47320,0.20826,0.51700,-0.003709,0.147535,0,1,2.09200,204.507,2.907,1.000,2.0219,65,130,65,69,61
32,post_landing,71,1201.0,59,203.276,482.784,0.51211,0.17511,0.54122,-0.024487,0.143809,0,1,2.09200,204.507,2.907,1.000,2.0219,65,130,65,69,61
32,post_landing,72,1218.0,59,203.761,482.765,0.47446,0.04744,0.47682,-0.018069,0.120640,0,1,2.09200,204.507,2.907,1.000,2.0219,65,130,65,69,61
32,post_landing,73,1234.0,59,204.237,482.769,0.43916,-0.03151,0.44029,-0.015251,0.102492,0,1,2.09200,204.507,2.907,1.000,2.0219,65,130,65,69,61
32,post_landing,74,1251.0,59,204.678,482.781,0.40650,-0.07328,0.41305,-0.014884,0.087174,0,1,2.09200,204.507,2.907,1.000,2.0219,65,130,65,69,61
32,post_landing,75,1268.0,59,205.063,482.797,0.37661,-0.10250,0.39031,-0.016060,0.073092,0,1,2.09200,204.507,2.907,1.000,2.0219,65,130,65,69,61
32,post_landing,76,1284.0,59,205.441,482.829,0.34859,-0.17606,0.39053,-0.020386,0.056961,0,1,2.09200,204.507,2.907,1.000,2.0219,65,130,65,69,61
32,post_landing,77,1301.0,59,205.791,482.882,0.32266,-0.23652,0.40007,-0.027142,0.036486,0,1,2.09200,204.507,2.907,1.000,2.0219,65,130,65,69,61
32,post_landing,78,1318.0,59,206.097,482.914,0.31802,0.03356,0.31978,-0.026752,0.010805,0,0,2.09200,204.507,2.907,1.000,2.0219,65,130,65,69,61
32,post_landing,79,1334.0,59,206.416,483.074,0.29436,-0.29063,0.41366,-0.027553,-0.016065,0,1,2.09200,204.507,2.907,1.000,2.0219,65,130,65,69,61
32,post_landing,80,1351.0,59,206.712,483.072,0.28986,-0.00285,0.28987,-0.027131,-0.043738,0,0,2.09200,204.507,2.907,1.000,2.0219,65,130,65,69,61
32,post_landing,81,1368.0,59,206.986,483.337,0.26854,-0.24133,0.36105,-0.029308,-0.069409,0,1,2.09200,204.507,2.907,1.000,2.0219,65,130,65,69,61
32,post_landing,82,1384.0,59,207.256,483.394,0.26444,0.04570,0.26835,-0.028860,-0.098846,0,0,2.09200,204.507,2.907,1.000,2.0219,65,130,65,69,61
32,post_landing,83,1401.0,59,207.521,483.753,0.24477,-0.19687,0.31412,-0.036054,-0.127833,0,1,2.09200,204.507,2.907,1.000,2.0219,65,130,65,69,61
32,post_landing,84,1418.0,59,207.753,483.842,0.24124,0.07263,0.25194,-0.035535,-0.161947,0,0,2.09200,204.507,2.907,1.000,2.0219,65,130,65,69,61
32,post_landing,85,1434.0,59,207.995,484.220,0.23755,0.35485,0.42703,-0.034992,-0.197638,0,0,2.09200,204.507,2.907,1.000,2.0219,65,130,65,69,61
32,post_landing,86,1451.0,59,208.234,484.820,0.21988,0.04974,0.22544,-0.040436,-0.232784,0,1,2.09200,204.507,2.907,1.000,2.0219,65,130,65,69,61
32,post_landing,87,1468.0,59,208.442,485.123,0.21671,0.31569,0.38292,-0.039854,-0.271043,0,0,2.09200,204.507,2.907,1.000,2.0219,65,130,65,69,61
32,post_landing,88,1484.0,59,208.659,485.730,0.21340,0.59420,0.63135,-0.039244,-0.311072,0,0,2.09200,204.507,2.907,1.000,2.0219,65,130,65,69,61
32,post_landing,89,1501.0,59,208.874,486.490,0.09450,0.14876,0.17623,-0.033177,-0.350489,0,1,2.09200,204.507,2.907,1.000,2.0219,65,130,65,69,61
32,post_landing,90,1518.0,59,208.963,486.792,0.08755,0.15705,0.17980,-0.013734,-0.381881,0,1,2.09200,204.507,2.907,1.000,2.0219,65,130,65,69,61
32,post_landing,91,1534.0,59,209.051,486.987,0.16811,-0.35515,0.39293,-0.104079,-0.395675,0,1,2.09200,204.507,2.907,1.000,2.0219,65,130,65,69,61
32,post_landing,92,1551.0,59,209.220,486.205,-0.42534,-0.11098,0.43958,0.051543,-0.500211,0,1,2.09200,204.507,2.907,1.000,2.0219,65,130,65,69,61
32,post_landing,93,1568.0,59,208.818,486.314,-0.14955,0.05977,0.16105,-0.017437,-0.451442,0,1,2.09200,204.507,2.907,1.000,2.0219,65,130,65,69,61
32,post_landing,94,1584.0,59,208.667,486.300,0.10845,0.10427,0.15044,-0.045171,-0.468956,0,1,2.09200,204.507,2.907,1.000,2.0219,65,130,65,69,61
32,post_landing,95,1601.0,59,208.776,486.149,0.10038,0.30109,0.31738,-0.034695,-0.514326,0,1,2.09200,204.507,2.907,1.000,2.0219,65,130,65,69,61
32,post_landing,96,1618.0,59,208.871,486.079,0.09300,0.19229,0.21360,-0.022453,-0.547153,0,1,2.09200,204.507,2.907,1.000,2.0219,65,130,65,69,61
32,post_landing,97,1634.0,59,208.965,486.045,0.27268,0.07785,0.28358,-0.070137,-0.569705,0,1,2.09200,204.507,2.907,1.000,2.0219,65,130,65,69,61
32,post_landing,98,1651.0,59,209.239,486.058,0.25240,-0.10647,0.27394,-0.060894,-0.640150,0,1,2.09200,204.507,2.907,1.000,2.0219,65,130,65,69,61
32,post_landing,99,1668.0,59,209.477,486.182,0.23384,-0.16379,0.28550,-0.060027,-0.697766,0,1,2.09200,204.507,2.907,1.000,2.0219,65,130,65,69,61
32,post_landing,100,1684.0,59,209.712,486.307,0.23026,0.12204,0.26061,-0.059109,-0.758057,0,0,2.09200,204.507,2.907,1.000,2.0219,65,130,65,69,61
32,post_landing,101,1701.0,59,209.944,486.718,0.22674,0.40351,0.46285,-0.058205,-0.817426,0,0,2.09200,204.507,2.907,1.000,2.0219,65,130,65,69,61
32,post_landing,102,1718.0,59,210.158,487.338,0.21007,0.06161,0.21891,-0.044832,-0.872498,0,1,2.09200,204.507,2.907,1.000,2.0219,65,130,65,69,61
32,post_landing,103,1734.0,59,210.369,487.689,0.20685,0.34400,0.40140,-0.044147,-0.917527,0,0,2.09200,204.507,2.907,1.000,2.0219,65,130,65,69,61
32,post_landing,104,1751.0,59,210.577,488.331,0.19147,0.09201,0.21243,-0.038794,-0.961868,0,1,2.09200,204.507,2.907,1.000,2.0219,65,130,65,69,61
32,post_landing,105,1768.0,59,210.758,488.680,0.18871,0.35735,0.40412,-0.038236,-0.998574,0,0,2.09200,204.507,2.907,1.000,2.0219,65,130,65,69,61
32,post_landing,106,1784.0,59,210.947,489.365,0.14568,0.11906,0.18814,-0.032362,-1.036978,0,1,2.09200,204.507,2.907,1.000,2.0219,65,130,65,69,61
32,post_landing,107,1801.0,59,211.094,489.804,0.14345,0.40057,0.42548,-0.031867,-1.069482,0,0,2.09200,204.507,2.907,1.000,2.0219,65,130,65,69,61
32,post_landing,108,1818.0,59,211.230,490.374,-0.27070,-0.06860,0.27925,-0.013865,-1.099633,0,1,2.09200,204.507,2.907,1.000,2.0219,65,130,65,69,61
32,post_landing,109,1834.0,59,210.958,490.607,-0.40044,-0.09628,0.41185,-0.014067,-1.113560,0,1,2.09200,204.507,2.907,1.000,2.0219,65,130,65,69,61
32,post_landing,110,1851.0,59,210.555,490.810,-0.39431,0.18852,0.43706,-0.013852,-1.127689,0,0,2.09200,204.507,2.907,1.000,2.0219,65,130,65,69,61
32,post_landing,111,1868.0,59,210.182,491.102,-0.64181,0.08247,0.64709,0.013710,-1.140795,0,1,2.09200,204.507,2.907,1.000,2.0219,65,130,65,69,61
32,post_landing,112,1885.0,59,209.538,491.060,-0.66006,0.01994,0.66036,-0.007183,-1.127025,0,1,2.09200,204.507,2.907,1.000,2.0219,65,130,65,69,61
32,post_landing,113,1901.0,59,208.875,491.186,-0.79553,0.00000,0.79553,0.000000,-1.134240,0,1,2.09200,204.507,2.907,1.000,2.0219,65,130,65,69,61
32,post_landing,114,1918.0,59,208.122,491.184,-1.46690,-0.53887,1.56274,0.003396,-1.134240,0,1,2.09200,204.507,2.907,1.000,2.0219,65,130,65,69,61
32,post_landing,115,1934.0,59,206.649,490.914,-1.09090,-0.13601,1.09935,-0.035357,-1.130829,0,1,2.09200,204.507,2.907,1.000,2.0219,65,130,65,69,61
32,post_landing,116,1951.0,59,205.553,491.053,-1.07421,0.14940,1.08455,-0.034816,-1.166342,0,0,2.09200,204.507,2.907,1.000,2.0219,65,130,65,69,61
32,post_landing,117,1967.0,59,204.537,491.450,-1.05875,0.41392,1.13678,-0.034315,-1.199284,0,0,2.09200,204.507,2.907,1.000,2.0219,65,130,65,69,61
32,post_landing,118,1984.0,59,203.473,492.155,-1.04255,0.69092,1.25071,-0.033790,-1.233750,0,0,2.09200,204.507,2.907,1.000,2.0219,65,130,65,69,61
33,falling,0,6.0,,195.000,96.301,0.00000,0.31667,0.31667,0.000000,0.000000,0,0,4.17400,3360.447,4.337,18.000,1.1582,60,120,60,61,58
33,falling,1,21.0,,195.000,96.760,0.00000,0.54601,0.54601,0.000000,0.000000,0,0,4.17400,3360.447,4.337,18.000,1.1582,60,120,60,61,58
33,falling,2,37.0,,195.000,97.597,0.00000,0.82099,0.82099,0.000000,0.000000,0,0,4.17400,3360.447,4.337,18.000,1.1582,60,120,60,61,58
33,falling,3,54.0,,195.000,98.711,0.00000,1.09176,1.09176,0.000000,0.000000,0,0,4.17400,3360.447,4.337,18.000,1.1582,60,120,60,61,58
33,falling,4,70.0,,195.000,100.000,0.00000,1.34271,1.34271,0.000000,0.000000,0,0,4.17400,3360.447,4.337,18.000,1.1582,60,120,60,61,58
33,falling,5,87.0,,195.000,101.637,0.00000,1.60550,1.60550,0.000000,0.000000,0,0,4.17400,3360.447,4.337,18.000,1.1582,60,120,60,61,58
33,falling,6,104.0,,195.000,103.539,0.00000,1.86427,1.86427,0.000000,0.000000,0,0,4.17400,3360.447,4.337,18.000,1.1582,60,120,60,61,58
33,falling,7,120.0,,195.000,105.559,0.00000,2.10409,2.10409,0.000000,0.000000,0,0,4.17400,3360.447,4.337,18.000,1.1582,60,120,60,61,58
33,falling,8,137.0,,195.000,107.961,0.00000,2.35523,2.35523,0.000000,0.000000,0,0,4.17400,3360.447,4.337,18.000,1.1582,60,120,60,61,58
33,falling,9,154.0,,195.000,110.616,0.00000,2.60253,2.60253,0.000000,0.000000,0,0,4.17400,3360.447,4.337,18.000,1.1582,60,120,60,61,58
33,falling,10,170.0,,195.000,113.334,0.00000,2.83172,2.83172,0.000000,0.000000,0,0,4.17400,3360.447,4.337,18.000,1.1582,60,120,60,61,58
33,falling,11,187.0,,195.000,116.467,0.00000,3.07172,3.07172,0.000000,0.000000,0,0,4.17400,3360.447,4.337,18.000,1.1582,60,120,60,61,58
33,falling,12,204.0,,195.000,119.841,0.00000,3.30806,3.30806,0.000000,0.000000,0,0,4.17400,3360.447,4.337,18.000,1.1582,60,120,60,61,58
33,falling,13,221.0,,195.000,123.227,0.00000,3.52709,3.52709,0.000000,0.000000,0,0,4.17400,3360.447,4.337,18.000,1.1582,60,120,60,61,58
33,falling,14,237.0,,195.000,127.059,0.00000,3.75646,3.75646,0.000000,0.000000,0,0,4.17400,3360.447,4.337,18.000,1.1582,60,120,60,61,58
33,falling,15,254.0,,195.000,131.121,0.00000,3.98232,3.98232,0.000000,0.000000,0,0,4.17400,3360.447,4.337,18.000,1.1582,60,120,60,61,58
33,falling,16,270.0,,195.000,135.145,0.00000,4.19164,4.19164,0.000000,0.000000,0,0,4.17400,3360.447,4.337,18.000,1.1582,60,120,60,61,58
33,falling,17,287.0,,195.000,139.644,0.00000,4.41084,4.41084,0.000000,0.000000,0,0,4.17400,3360.447,4.337,18.000,1.1582,60,120,60,61,58
33,falling,18,304.0,,195.000,144.363,0.00000,4.62669,4.62669,0.000000,0.000000,0,0,4.17400,3360.447,4.337,18.000,1.1582,60,120,60,61,58
33,falling,19,320.0,,195.000,148.997,0.00000,4.82673,4.82673,0.000000,0.000000,0,0,4.17400,3360.447,4.337,18.000,1.1582,60,120,60,61,58
33,falling,20,337.0,,195.000,154.134,0.00000,5.03622,5.03622,0.000000,0.000000,0,0,4.17400,3360.447,4.337,18.000,1.1582,60,120,60,61,58
33,falling,21,354.0,,195.000,159.481,0.00000,5.24250,5.24250,0.000000,0.000000,0,0,4.17400,3360.447,4.337,18.000,1.1582,60,120,60,61,58
33,falling,22,370.0,,195.000,164.698,0.00000,5.43367,5.43367,0.000000,0.000000,0,0,4.17400,3360.447,4.337,18.000,1.1582,60,120,60,61,58
33,falling,23,387.0,,195.000,170.444,0.00000,5.63387,5.63387,0.000000,0.000000,0,0,4.17400,3360.447,4.337,18.000,1.1582,60,120,60,61,58
33,falling,24,404.0,,195.000,176.392,0.00000,5.83100,5.83100,0.000000,0.000000,0,0,4.17400,3360.447,4.337,18.000,1.1582,60,120,60,61,58
33,falling,25,420.0,,195.000,182.165,0.00000,6.01370,6.01370,0.000000,0.000000,0,0,4.17400,3360.447,4.337,18.000,1.1582,60,120,60,61,58
33,falling,26,437.0,,195.000,188.494,0.00000,6.20503,6.20503,0.000000,0.000000,0,0,4.17400,3360.447,4.337,18.000,1.1582,60,120,60,61,58
33,falling,27,454.0,,195.000,195.015,0.00000,6.39342,6.39342,0.000000,0.000000,0,0,4.17400,3360.447,4.337,18.000,1.1582,60,120,60,61,58
33,falling,28,471.0,,195.000,201.321,0.00000,6.56803,6.56803,0.000000,0.000000,0,0,4.17400,3360.447,4.337,18.000,1.1582,60,120,60,61,58
33,falling,29,487.0,,195.000,208.207,0.00000,6.75087,6.75087,0.000000,0.000000,0,0,4.17400,3360.447,4.337,18.000,1.1582,60,120,60,61,58
33,falling,30,504.0,,195.000,215.276,0.00000,6.93091,6.93091,0.000000,0.000000,0,0,4.17400,3360.447,4.337,18.000,1.1582,60,120,60,61,58
33,falling,31,521.0,,195.000,222.090,0.00000,7.09777,7.09777,0.000000,0.000000,0,0,4.17400,3360.447,4.337,18.000,1.1582,60,120,60,61,58
33,falling,32,537.0,,195.000,229.508,0.00000,7.27251,7.27251,0.000000,0.000000,0,0,4.17400,3360.447,4.337,18.000,1.1582,60,120,60,61,58
33,falling,33,554.0,,195.000,237.101,0.00000,7.44458,7.44458,0.000000,0.000000,0,0,4.17400,3360.447,4.337,18.000,1.1582,60,120,60,61,58
33,falling,34,570.0,,195.000,244.401,0.00000,7.60404,7.60404,0.000000,0.000000,0,0,4.17400,3360.447,4.337,18.000,1.1582,60,120,60,61,58
33,falling,35,587.0,,195.000,252.328,0.00000,7.77103,7.77103,0.000000,0.000000,0,0,4.17400,3360.447,4.337,18.000,1.1582,60,120,60,61,58
33,falling,36,604.0,,195.000,260.422,0.00000,7.93547,7.93547,0.000000,0.000000,0,0,4.17400,3360.447,4.337,18.000,1.1582,60,120,60,61,58
33,falling,37,620.0,,195.000,268.186,0.00000,8.08786,8.08786,0.000000,0.000000,0,0,4.17400,3360.447,4.337,18.000,1.1582,60,120,60,61,58
33,falling,38,637.0,,195.000,276.599,0.00000,8.24745,8.24745,0.000000,0.000000,0,0,4.17400,3360.447,4.337,18.000,1.1582,60,120,60,61,58
33,falling,39,654.0,,195.000,285.171,0.00000,8.40460,8.40460,0.000000,0.000000,0,0,4.17400,3360.447,4.337,18.000,1.1582,60,120,60,61,58
33,falling,40,670.0,,195.000,293.380,0.00000,8.55024,8.55024,0.000000,0.000000,0,0,4.17400,3360.447,4.337,18.000,1.1582,60,120,60,61,58
33,falling,41,687.0,,195.000,302.256,0.00000,8.70276,8.70276,0.000000,0.000000,0,0,4.17400,3360.447,4.337,18.000,1.1582,60,120,60,61,58
33,falling,42,704.0,,195.000,311.286,0.00000,8.85294,8.85294,0.000000,0.000000,0,0,4.17400,3360.447,4.337,18.000,1.1582,60,120,60,61,58
33,falling,43,720.0,,195.000,319.919,0.00000,8.99212,8.99212,0.000000,0.000000,0,0,4.17400,3360.447,4.337,18.000,1.1582,60,120,60,61,58
33,falling,44,737.0,,195.000,329.239,0.00000,9.13788,9.13788,0.000000,0.000000,0,0,4.17400,3360.447,4.337,18.000,1.1582,60,120,60,61,58
33,falling,45,754.0,,195.000,338.706,0.00000,9.28140,9.28140,0.000000,0.000000,0,0,4.17400,3360.447,4.337,18.000,1.1582,60,120,60,61,58
33,falling,46,770.0,,195.000,347.744,0.00000,9.41441,9.41441,0.000000,0.000000,0,0,4.17400,3360.447,4.337,18.000,1.1582,60,120,60,61,58
33,falling,47,787.0,,195.000,357.489,0.00000,9.55371,9.55371,0.000000,0.000000,0,0,4.17400,3360.447,4.337,18.000,1.1582,60,120,60,61,58
33,falling,48,804.0,,195.000,367.374,0.00000,9.69087,9.69087,0.000000,0.000000,0,0,4.17400,3360.447,4.337,18.000,1.1582,60,120,60,61,58
33,falling,49,820.0,,195.000,376.799,0.00000,9.81799,9.81799,0.000000,0.000000,0,0,4.17400,3360.447,4.337,18.000,1.1582,60,120,60,61,58
33,falling,50,837.0,,195.000,386.949,0.00000,9.95110,9.95110,0.000000,0.000000,0,0,4.17400,3360.447,4.337,18.000,1.1582,60,120,60,61,58
33,falling,51,854.0,,195.000,397.233,0.00000,10.08219,10.08219,0.000000,0.000000,0,0,4.17400,3360.447,4.337,18.000,1.1582,60,120,60,61,58
33,falling,52,870.0,,195.000,407.028,0.00000,10.20367,10.20367,0.000000,0.000000,0,0,4.17400,3360.447,4.337,18.000,1.1582,60,120,60,61,58
33,falling,53,887.0,,195.000,417.566,0.00000,10.33089,10.33089,0.000000,0.000000,0,0,4.17400,3360.447,4.337,18.000,1.1582,60,120,60,61,58
33,falling,54,904.0,,195.000,428.231,0.00000,10.45616,10.45616,0.000000,0.000000,0,0,4.17400,3360.447,4.337,18.000,1.1582,60,120,60,61,58
33,falling,55,920.0,,195.000,438.381,0.00000,10.57225,10.57225,0.000000,0.000000,0,0,4.17400,3360.447,4.337,18.000,1.1582,60,120,60,61,58
33,falling,56,937.0,,195.000,449.288,0.00000,10.69383,10.69383,0.000000,0.000000,0,0,4.17400,3360.447,4.337,18.000,1.1582,60,120,60,61,58
33,falling,57,954.0,,195.000,460.318,0.00000,10.81355,10.81355,0.000000,0.000000,0,0,4.17400,3360.447,4.337,18.000,1.1582,60,120,60,61,58
33,falling,58,970.0,,195.000,470.806,0.00000,10.92450,10.92450,0.000000,0.000000,0,0,4.17400,3360.447,4.337,18.000,1.1582,60,120,60,61,58
33,falling,59,987.0,,195.000,482.067,0.00000,11.04069,11.04069,0.000000,0.000000,0,0,4.17400,3360.447,4.337,18.000,1.1582,60,120,60,61,58
33,post_landing,60,1004.0,60,195.000,491.422,1.63297,0.06386,1.63422,0.023058,0.000000,0,1,4.17400,3360.447,4.337,18.000,1.1582,60,120,60,61,58
33,post_landing,61,1021.0,60,196.545,490.922,1.13879,0.06068,1.14041,0.016131,0.021817,0,1,4.17400,3360.447,4.337,18.000,1.1582,60,120,60,61,58
33,post_landing,62,1037.0,60,197.689,490.884,0.79064,0.04810,0.79210,0.011626,0.038019,0,1,4.17400,3360.447,4.337,18.000,1.1582,60,120,60,61,58
33,post_landing,63,1054.0,60,198.483,491.004,0.55950,0.03694,0.56071,0.008290,0.049696,0,1,4.17400,3360.447,4.337,18.000,1.1582,60,120,60,61,58
33,post_landing,64,1071.0,60,199.012,491.084,0.40195,0.02795,0.40292,0.005984,0.057540,0,1,4.17400,3360.447,4.337,18.000,1.1582,60,120,60,61,58
33,post_landing,65,1087.0,60,199.416,491.151,0.29658,0.02141,0.29735,0.004431,0.063550,0,1,4.17400,3360.447,4.337,18.000,1.1582,60,120,60,61,58
33,post_landing,66,1104.0,60,199.714,491.200,0.22555,0.03434,0.22815,0.006277,0.068000,0,1,4.17400,3360.447,4.337,18.000,1.1582,60,120,60,61,58
33,post_landing,67,1121.0,60,199.927,491.279,0.21626,0.03392,0.21890,0.006007,0.073939,0,1,4.17400,3360.447,4.337,18.000,1.1582,60,120,60,61,58
33,post_landing,68,1137.0,60,200.145,491.352,0.21003,0.03409,0.21277,0.005852,0.079973,0,1,4.17400,3360.447,4.337,18.000,1.1582,60,120,60,61,58
33,post_landing,69,1154.0,60,200.356,491.420,0.20540,0.03446,0.20827,0.005743,0.085850,0,1,4.17400,3360.447,4.337,18.000,1.1582,60,120,60,61,58
33,post_landing,70,1171.0,60,200.550,491.479,0.20057,0.03469,0.20355,0.005630,0.091284,0,1,4.17400,3360.447,4.337,18.000,1.1582,60,120,60,61,58
33,post_landing,71,1187.0,60,200.751,491.549,0.19829,0.03547,0.20144,0.005607,0.096939,0,1,4.17400,3360.447,4.337,18.000,1.1582,60,120,60,61,58
33,post_landing,72,1204.0,60,200.950,491.616,0.19684,0.03641,0.20018,0.005606,0.102571,0,1,4.17400,3360.447,4.337,18.000,1.1582,60,120,60,61,58
33,post_landing,73,1221.0,60,201.137,491.677,0.19504,0.03708,0.19853,0.005581,0.107875,0,1,4.17400,3360.447,4.337,18.000,1.1582,60,120,60,61,58
33,post_landing,74,1237.0,60,201.333,491.749,0.19627,0.03787,0.19989,0.005600,0.113481,0,1,4.17400,3360.447,4.337,18.000,1.1582,60,120,60,61,58
33,post_landing,75,1254.0,60,201.530,491.819,0.19891,0.03918,0.20273,0.005608,0.119106,0,1,4.17400,3360.447,4.337,18.000,1.1582,60,120,60,61,58
33,post_landing,76,1271.0,60,201.718,491.882,0.19902,0.04012,0.20303,0.005620,0.124412,0,1,4.17400,3360.447,4.337,18.000,1.1582,60,120,60,61,58
33,post_landing,77,1287.0,60,201.918,491.958,0.20128,0.04162,0.20554,0.005707,0.130056,0,1,4.17400,3360.447,4.337,18.000,1.1582,60,120,60,61,58
33,post_landing,78,1304.0,60,202.120,492.032,0.20430,0.04323,0.20882,0.005786,0.135788,0,1,4.17400,3360.447,4.337,18.000,1.1582,60,120,60,61,58
33,post_landing,79,1321.0,60,202.313,492.099,0.20551,0.04447,0.21027,0.005823,0.141262,0,1,4.17400,3360.447,4.337,18.000,1.1582,60,120,60,61,58
33,post_landing,80,1337.0,60,202.520,492.180,0.20865,0.04629,0.21372,0.005941,0.147110,0,1,4.17400,3360.447,4.337,18.000,1.1582,60,120,60,61,58
33,post_landing,81,1354.0,60,202.729,491.940,0.19941,0.05116,0.20587,0.006409,0.153077,0,1,4.17400,3360.447,4.337,18.000,1.1582,60,120,60,61,58
33,post_landing,82,1370.0,60,202.918,491.965,0.19202,0.04463,0.19713,0.006761,0.159141,0,1,4.17400,3360.447,4.337,18.000,1.1582,60,120,60,61,58
33,post_landing,83,1387.0,60,203.111,492.022,0.24024,0.05733,0.24699,0.005375,0.165932,0,1,4.17400,3360.447,4.337,18.000,1.1582,60,120,60,61,58
33,post_landing,84,1404.0,60,203.352,492.070,0.23043,0.05608,0.23715,0.006095,0.171330,0,1,4.17400,3360.447,4.337,18.000,1.1582,60,120,60,61,58
33,post_landing,85,1421.0,60,203.570,492.115,0.21714,0.05397,0.22374,0.006700,0.177097,0,1,4.17400,3360.447,4.337,18.000,1.1582,60,120,60,61,58
33,post_landing,86,1437.0,60,203.788,492.177,0.23821,0.06067,0.24582,0.006260,0.183827,0,1,4.17400,3360.447,4.337,18.000,1.1582,60,120,60,61,58
33,post_landing,87,1454.0,60,204.028,492.234,0.24787,0.06454,0.25614,0.006277,0.190115,0,1,4.17400,3360.447,4.337,18.000,1.1582,60,120,60,61,58
33,post_landing,88,1471.0,60,204.262,492.284,0.24396,0.06485,0.25244,0.006608,0.196054,0,1,4.17400,3360.447,4.337,18.000,1.1582,60,120,60,61,58
33,post_landing,89,1487.0,60,204.507,492.350,0.24975,0.06791,0.25881,0.006739,0.202691,0,1,4.17400,3360.447,4.337,18.000,1.1582,60,120,60,61,58
33,post_landing,90,1504.0,60,204.758,492.414,0.25083,0.06976,0.26035,0.007022,0.209460,0,1,4.17400,3360.447,4.337,18.000,1.1582,60,120,60,61,58
33,post_landing,91,1520.0,60,204.995,492.475,0.24651,0.07008,0.25627,0.007313,0.216104,0,1,4.17400,3360.447,4.337,18.000,1.1582,60,120,60,61,58
33,post_landing,92,1537.0,60,205.243,492.551,0.26865,0.07832,0.27983,0.006869,0.223449,0,1,4.17400,3360.447,4.337,18.000,1.1582,60,120,60,61,58
33,post_landing,93,1554.0,60,205.513,492.622,0.27050,0.08049,0.28222,0.007178,0.230348,0,1,4.17400,3360.447,4.337,18.000,1.1582,60,120,60,61,58
33,post_landing,94,1570.0,60,205.769,492.687,0.26235,0.07974,0.27420,0.007630,0.237140,0,1,4.17400,3360.447,4.337,18.000,1.1582,60,120,60,61,58
33,post_landing,95,1587.0,60,206.032,492.771,0.27424,0.08533,0.28721,0.007540,0.244803,0,1,4.17400,3360.447,4.337,18.000,1.1582,60,120,60,61,58
33,post_landing,96,1604.0,60,206.308,492.853,0.27543,0.08768,0.28905,0.007837,0.252377,0,1,4.17400,3360.447,4.337,18.000,1.1582,60,120,60,61,58
33,post_landing,97,1621.0,60,206.568,492.930,0.27155,0.08837,0.28557,0.008114,0.259792,0,1,4.17400,3360.447,4.337,18.000,1.1582,60,120,60,61,58
33,post_landing,98,1637.0,60,206.841,493.024,0.29265,0.09780,0.30856,0.007711,0.267942,0,1,4.17400,3360.447,4.337,18.000,1.1582,60,120,60,61,58
33,post_landing,99,1654.0,60,207.135,493.113,0.28999,0.09881,0.30636,0.008186,0.275687,0,1,4.17400,3360.447,4.337,18.000,1.1582,60,120,60,61,58
33,post_landing,100,1671.0,60,207.409,493.199,0.28370,0.09880,0.30041,0.008551,0.283432,0,1,4.17400,3360.447,4.337,18.000,1.1582,60,120,60,61,58
33,post_landing,101,1687.0,60,207.694,493.304,0.30457,0.10904,0.32350,0.008152,0.292021,0,1,4.17400,3360.447,4.337,18.000,1.1582,60,120,60,61,58
33,post_landing,102,1704.0,60,208.000,493.403,0.30016,0.10949,0.31951,0.008691,0.300209,0,1,4.17400,3360.447,4.337,18.000,1.1582,60,120,60,61,58
33,post_landing,103,1720.0,60,208.284,493.500,0.29518,0.11008,0.31503,0.008998,0.308432,0,1,4.17400,3360.447,4.337,18.000,1.1582,60,120,60,61,58
33,post_landing,104,1737.0,60,208.581,493.616,0.31584,0.12123,0.33831,0.008598,0.317469,0,1,4.17400,3360.447,4.337,18.000,1.1582,60,120,60,61,58
33,post_landing,105,1754.0,60,208.898,493.728,0.31013,0.12117,0.33296,0.009189,0.326105,0,1,4.17400,3360.447,4.337,18.000,1.1582,60,120,60,61,58
33,post_landing,106,1770.0,60,209.191,493.836,0.30643,0.12244,0.32999,0.009438,0.334799,0,1,4.17400,3360.447,4.337,18.000,1.1582,60,120,60,61,58
33,post_landing,107,1787.0,60,209.499,493.965,0.32623,0.13434,0.35281,0.009060,0.344279,0,1,4.17400,3360.447,4.337,18.000,1.1582,60,120,60,61,58
33,post_landing,108,1804.0,60,209.827,494.089,0.31974,0.13388,0.34664,0.009683,0.353379,0,1,4.17400,3360.447,4.337,18.000,1.1582,60,120,60,61,58
33,post_landing,109,1820.0,60,210.129,494.210,0.31717,0.13585,0.34503,0.009879,0.362541,0,1,4.17400,3360.447,4.337,18.000,1.1582,60,120,60,61,58
33,post_landing,110,1837.0,60,210.448,494.352,0.33567,0.14840,0.36701,0.009534,0.372464,0,1,4.17400,3360.447,4.337,18.000,1.1582,60,120,60,61,58
33,post_landing,111,1854.0,60,210.785,494.490,0.32911,0.14778,0.36077,0.010163,0.382039,0,1,4.17400,3360.447,4.337,18.000,1.1582,60,120,60,61,58
33,post_landing,112,1870.0,60,211.096,494.625,0.32715,0.15028,0.36001,0.010322,0.391655,0,1,4.17400,3360.447,4.337,18.000,1.1582,60,120,60,61,58
33,post_landing,113,1887.0,60,211.425,494.782,0.34404,0.16342,0.38088,0.010015,0.402022,0,1,4.17400,3360.447,4.337,18.000,1.1582,60,120,60,61,58
33,post_landing,114,1904.0,60,211.770,494.934,0.33733,0.16252,0.37444,0.010652,0.412081,0,1,4.17400,3360.447,4.337,18.000,1.1582,60,120,60,61,58
33,post_landing,115,1920.0,60,212.090,495.084,0.33600,0.16566,0.37462,0.010768,0.422160,0,1,4.17400,3360.447,4.337,18.000,1.1582,60,120,60,61,58
33,post_landing,116,1937.0,60,212.427,495.256,0.35115,0.17937,0.39431,0.010499,0.432976,0,1,4.17400,3360.447,4.337,18.000,1.1582,60,120,60,61,58
33,post_landing,117,1954.0,60,212.780,495.424,0.34482,0.17838,0.38823,0.011124,0.443521,0,1,4.17400,3360.447,4.337,18.000,1.1582,60,120,60,61,58
33,post_landing,118,1970.0,60,213.106,495.689,0.23728,-0.03326,0.23960,0.007737,0.454046,0,1,4.17400,3360.447,4.337,18.000,1.1582,60,120,60,61,58
33,post_landing,119,1987.0,60,213.344,495.735,0.16964,-0.02315,0.17121,0.005573,0.461817,0,1,4.17400,3360.447,4.337,18.000,1.1582,60,120,60,61,58
34,falling,0,7.0,,195.000,96.724,0.00000,0.46667,0.46667,0.000000,0.000000,0,0,5.67800,3952.389,3.007,18.000,1.1538,74,148,74,79,73
34,falling,1,12.0,,195.000,96.888,0.00000,0.54790,0.54790,0.000000,0.000000,0,0,5.67800,3952.389,3.007,18.000,1.1538,74,148,74,79,73
34,falling,2,29.0,,195.000,97.728,0.00000,0.82285,0.82285,0.000000,0.000000,0,0,5.67800,3952.389,3.007,18.000,1.1538,74,148,74,79,73
34,falling,3,46.0,,195.000,98.843,0.00000,1.09359,1.09359,0.000000,0.000000,0,0,5.67800,3952.389,3.007,18.000,1.1538,74,148,74,79,73
34,falling,4,62.0,,195.000,100.134,0.00000,1.34451,1.34451,0.000000,0.000000,0,0,5.67800,3952.389,3.007,18.000,1.1538,74,148,74,79,73
34,falling,5,79.0,,195.000,101.773,0.00000,1.60728,1.60728,0.000000,0.000000,0,0,5.67800,3952.389,3.007,18.000,1.1538,74,148,74,79,73
34,falling,6,96.0,,195.000,103.677,0.00000,1.86602,1.86602,0.000000,0.000000,0,0,5.67800,3952.389,3.007,18.000,1.1538,74,148,74,79,73
34,falling,7,112.0,,195.000,105.698,0.00000,2.10581,2.10581,0.000000,0.000000,0,0,5.67800,3952.389,3.007,18.000,1.1538,74,148,74,79,73
34,falling,8,129.0,,195.000,108.102,0.00000,2.35693,2.35693,0.000000,0.000000,0,0,5.67800,3952.389,3.007,18.000,1.1538,74,148,74,79,73
34,falling,9,146.0,,195.000,110.759,0.00000,2.60420,2.60420,0.000000,0.000000,0,0,5.67800,3952.389,3.007,18.000,1.1538,74,148,74,79,73
34,falling,10,162.0,,195.000,113.479,0.00000,2.83337,2.83337,0.000000,0.000000,0,0,5.67800,3952.389,3.007,18.000,1.1538,74,148,74,79,73
34,falling,11,179.0,,195.000,116.613,0.00000,3.07335,3.07335,0.000000,0.000000,0,0,5.67800,3952.389,3.007,18.000,1.1538,74,148,74,79,73
34,falling,12,196.0,,195.000,119.989,0.00000,3.30966,3.30966,0.000000,0.000000,0,0,5.67800,3952.389,3.007,18.000,1.1538,74,148,74,79,73
34,falling,13,212.0,,195.000,123.377,0.00000,3.52867,3.52867,0.000000,0.000000,0,0,5.67800,3952.389,3.007,18.000,1.1538,74,148,74,79,73
34,falling,14,229.0,,195.000,127.210,0.00000,3.75801,3.75801,0.000000,0.000000,0,0,5.67800,3952.389,3.007,18.000,1.1538,74,148,74,79,73
34,falling,15,246.0,,195.000,131.273,0.00000,3.98385,3.98385,0.000000,0.000000,0,0,5.67800,3952.389,3.007,18.000,1.1538,74,148,74,79,73
34,falling,16,262.0,,195.000,135.299,0.00000,4.19315,4.19315,0.000000,0.000000,0,0,5.67800,3952.389,3.007,18.000,1.1538,74,148,74,79,73
34,falling,17,279.0,,195.000,139.799,0.00000,4.41233,4.41233,0.000000,0.000000,0,0,5.67800,3952.389,3.007,18.000,1.1538,74,148,74,79,73
34,falling,18,296.0,,195.000,144.520,0.00000,4.62815,4.62815,0.000000,0.000000,0,0,5.67800,3952.389,3.007,18.000,1.1538,74,148,74,79,73
34,falling,19,312.0,,195.000,149.155,0.00000,4.82817,4.82817,0.000000,0.000000,0,0,5.67800,3952.389,3.007,18.000,1.1538,74,148,74,79,73
34,falling,20,329.0,,195.000,154.294,0.00000,5.03763,5.03763,0.000000,0.000000,0,0,5.67800,3952.389,3.007,18.000,1.1538,74,148,74,79,73
34,falling,21,346.0,,195.000,159.642,0.00000,5.24389,5.24389,0.000000,0.000000,0,0,5.67800,3952.389,3.007,18.000,1.1538,74,148,74,79,73
34,falling,22,362.0,,195.000,164.860,0.00000,5.43505,5.43505,0.000000,0.000000,0,0,5.67800,3952.389,3.007,18.000,1.1538,74,148,74,79,73
34,falling,23,379.0,,195.000,170.608,0.00000,5.63522,5.63522,0.000000,0.000000,0,0,5.67800,3952.389,3.007,18.000,1.1538,74,148,74,79,73
34,falling,24,396.0,,195.000,176.196,0.00000,5.82074,5.82074,0.000000,0.000000,0,0,5.67800,3952.389,3.007,18.000,1.1538,74,148,74,79,73
34,falling,25,412.0,,195.000,182.331,0.00000,6.01502,6.01502,0.000000,0.000000,0,0,5.67800,3952.389,3.007,18.000,1.1538,74,148,74,79,73
34,falling,26,429.0,,195.000,188.662,0.00000,6.20632,6.20632,0.000000,0.000000,0,0,5.67800,3952.389,3.007,18.000,1.1538,74,148,74,79,73
34,falling,27,446.0,,195.000,194.790,0.00000,6.38362,6.38362,0.000000,0.000000,0,0,5.67800,3952.389,3.007,18.000,1.1538,74,148,74,79,73
34,falling,28,462.0,,195.000,201.491,0.00000,6.56928,6.56928,0.000000,0.000000,0,0,5.67800,3952.389,3.007,18.000,1.1538,74,148,74,79,73
34,falling,29,479.0,,195.000,208.378,0.00000,6.75211,6.75211,0.000000,0.000000,0,0,5.67800,3952.389,3.007,18.000,1.1538,74,148,74,79,73
34,falling,30,496.0,,195.000,215.022,0.00000,6.92154,6.92154,0.000000,0.000000,0,0,5.67800,3952.389,3.007,18.000,1.1538,74,148,74,79,73
34,falling,31,512.0,,195.000,222.263,0.00000,7.09898,7.09898,0.000000,0.000000,0,0,5.67800,3952.389,3.007,18.000,1.1538,74,148,74,79,73
34,falling,32,529.0,,195.000,229.683,0.00000,7.27369,7.27369,0.000000,0.000000,0,0,5.67800,3952.389,3.007,18.000,1.1538,74,148,74,79,73
34,falling,33,546.0,,195.000,236.821,0.00000,7.43562,7.43562,0.000000,0.000000,0,0,5.67800,3952.389,3.007,18.000,1.1538,74,148,74,79,73
34,falling,34,562.0,,195.000,244.578,0.00000,7.60519,7.60519,0.000000,0.000000,0,0,5.67800,3952.389,3.007,18.000,1.1538,74,148,74,79,73
34,falling,35,579.0,,195.000,252.506,0.00000,7.77216,7.77216,0.000000,0.000000,0,0,5.67800,3952.389,3.007,18.000,1.1538,74,148,74,79,73
34,falling,36,596.0,,195.000,260.115,0.00000,7.92691,7.92691,0.000000,0.000000,0,0,5.67800,3952.389,3.007,18.000,1.1538,74,148,74,79,73
34,falling,37,612.0,,195.000,268.366,0.00000,8.08896,8.08896,0.000000,0.000000,0,0,5.67800,3952.389,3.007,18.000,1.1538,74,148,74,79,73
34,falling,38,629.0,,195.000,276.780,0.00000,8.24853,8.24853,0.000000,0.000000,0,0,5.67800,3952.389,3.007,18.000,1.1538,74,148,74,79,73
34,falling,39,646.0,,195.000,284.840,0.00000,8.39642,8.39642,0.000000,0.000000,0,0,5.67800,3952.389,3.007,18.000,1.1538,74,148,74,79,73
34,falling,40,662.0,,195.000,293.563,0.00000,8.55129,8.55129,0.000000,0.000000,0,0,5.67800,3952.389,3.007,18.000,1.1538,74,148,74,79,73
34,falling,41,679.0,,195.000,302.440,0.00000,8.70379,8.70379,0.000000,0.000000,0,0,5.67800,3952.389,3.007,18.000,1.1538,74,148,74,79,73
34,falling,42,696.0,,195.000,310.932,0.00000,8.84512,8.84512,0.000000,0.000000,0,0,5.67800,3952.389,3.007,18.000,1.1538,74,148,74,79,73
34,falling,43,712.0,,195.000,320.105,0.00000,8.99312,8.99312,0.000000,0.000000,0,0,5.67800,3952.389,3.007,18.000,1.1538,74,148,74,79,73
34,falling,44,729.0,,195.000,329.426,0.00000,9.13886,9.13886,0.000000,0.000000,0,0,5.67800,3952.389,3.007,18.000,1.1538,74,148,74,79,73
34,falling,45,746.0,,195.000,338.329,0.00000,9.27393,9.27393,0.000000,0.000000,0,0,5.67800,3952.389,3.007,18.000,1.1538,74,148,74,79,73
34,falling,46,762.0,,195.000,347.933,0.00000,9.41537,9.41537,0.000000,0.000000,0,0,5.67800,3952.389,3.007,18.000,1.1538,74,148,74,79,73
34,falling,47,779.0,,195.000,357.679,0.00000,9.55465,9.55465,0.000000,0.000000,0,0,5.67800,3952.389,3.007,18.000,1.1538,74,148,74,79,73
34,falling,48,796.0,,195.000,366.975,0.00000,9.68373,9.68373,0.000000,0.000000,0,0,5.67800,3952.389,3.007,18.000,1.1538,74,148,74,79,73
34,falling,49,812.0,,195.000,376.990,0.00000,9.81890,9.81890,0.000000,0.000000,0,0,5.67800,3952.389,3.007,18.000,1.1538,74,148,74,79,73
34,falling,50,829.0,,195.000,387.141,0.00000,9.95201,9.95201,0.000000,0.000000,0,0,5.67800,3952.389,3.007,18.000,1.1538,74,148,74,79,73
34,falling,51,846.0,,195.000,396.814,0.00000,10.07536,10.07536,0.000000,0.000000,0,0,5.67800,3952.389,3.007,18.000,1.1538,74,148,74,79,73
34,falling,52,862.0,,195.000,407.222,0.00000,10.20454,10.20454,0.000000,0.000000,0,0,5.67800,3952.389,3.007,18.000,1.1538,74,148,74,79,73
34,falling,53,879.0,,195.000,417.761,0.00000,10.33175,10.33175,0.000000,0.000000,0,0,5.67800,3952.389,3.007,18.000,1.1538,74,148,74,79,73
34,falling,54,896.0,,195.000,427.793,0.00000,10.44964,10.44964,0.000000,0.000000,0,0,5.67800,3952.389,3.007,18.000,1.1538,74,148,74,79,73
34,falling,55,912.0,,195.000,438.577,0.00000,10.57309,10.57309,0.000000,0.000000,0,0,5.67800,3952.389,3.007,18.000,1.1538,74,148,74,79,73
34,falling,56,929.0,,195.000,449.486,0.00000,10.69466,10.69466,0.000000,0.000000,0,0,5.67800,3952.389,3.007,18.000,1.1538,74,148,74,79,73
34,falling,57,946.0,,195.000,459.861,0.00000,10.80732,10.80732,0.000000,0.000000,0,0,5.67800,3952.389,3.007,18.000,1.1538,74,148,74,79,73
34,falling,58,962.0,,195.000,471.004,0.00000,10.92530,10.92530,0.000000,0.000000,0,0,5.67800,3952.389,3.007,18.000,1.1538,74,148,74,79,73
34,falling,59,979.0,,195.000,482.267,0.00000,11.04148,11.04148,0.000000,0.000000,0,0,5.67800,3952.389,3.007,18.000,1.1538,74,148,74,79,73
34,post_landing,60,996.0,60,195.000,489.204,2.03101,-0.35792,2.06230,0.013277,0.000000,0,1,5.67800,3952.389,3.007,18.000,1.1538,74,148,74,79,73
34,post_landing,61,1012.0,60,197.040,487.020,1.70604,-0.19870,1.71757,0.004807,0.013335,0,1,5.67800,3952.389,3.007,18.000,1.1538,74,148,74,79,73
34,post_landing,62,1029.0,60,198.753,486.074,1.25511,0.00000,1.25511,0.008981,0.018163,0,1,5.67800,3952.389,3.007,18.000,1.1538,74,148,74,79,73
34,post_landing,63,1046.0,60,199.941,485.886,0.84986,0.02153,0.85014,0.011143,0.026661,0,1,5.67800,3952.389,3.007,18.000,1.1538,74,148,74,79,73
34,post_landing,64,1062.0,60,200.795,485.773,0.56894,0.01736,0.56920,0.009947,0.037852,0,1,5.67800,3952.389,3.007,18.000,1.1538,74,148,74,79,73
34,post_landing,65,1079.0,60,201.366,485.874,0.46876,0.01529,0.46901,0.005867,0.047843,0,1,5.67800,3952.389,3.007,18.000,1.1538,74,148,74,79,73
34,post_landing,66,1096.0,60,201.810,485.930,0.36058,0.02558,0.36149,0.008441,0.053394,0,1,5.67800,3952.389,3.007,18.000,1.1538,74,148,74,79,73
34,post_landing,67,1112.0,60,202.172,486.023,0.33842,0.02497,0.33934,0.007300,0.061872,0,1,5.67800,3952.389,3.007,18.000,1.1538,74,148,74,79,73
34,post_landing,68,1129.0,60,202.512,486.103,0.17135,0.00000,0.17135,0.014024,0.069204,0,1,5.67800,3952.389,3.007,18.000,1.1538,74,148,74,79,73
34,post_landing,69,1146.0,60,202.674,486.252,0.38592,0.01950,0.38641,0.002610,0.082473,0,1,5.67800,3952.389,3.007,18.000,1.1538,74,148,74,79,73
34,post_landing,70,1162.0,60,203.061,486.284,0.44106,0.00000,0.44106,0.000000,0.085095,0,1,5.67800,3952.389,3.007,18.000,1.1538,74,148,74,79,73
34,post_landing,71,1179.0,60,203.504,486.284,0.27892,0.04065,0.28187,0.007384,0.085095,0,1,5.67800,3952.389,3.007,18.000,1.1538,74,148,74,79,73
34,post_landing,72,1196.0,60,203.768,486.364,0.18646,0.03556,0.18982,0.010266,0.092082,0,1,5.67800,3952.389,3.007,18.000,1.1538,74,148,74,79,73
34,post_landing,73,1212.0,60,203.956,486.221,0.14870,0.02344,0.15053,0.010567,0.102393,0,1,5.67800,3952.389,3.007,18.000,1.1538,74,148,74,79,73
34,post_landing,74,1229.0,60,204.105,486.291,0.16871,0.04207,0.17388,0.008271,0.113007,0,1,5.67800,3952.389,3.007,18.000,1.1538,74,148,74,79,73
34,post_landing,75,1246.0,60,204.265,486.331,0.17719,0.03793,0.18120,0.007056,0.120832,0,1,5.67800,3952.389,3.007,18.000,1.1538,74,148,74,79,73
34,post_landing,76,1262.0,60,204.443,486.374,0.18006,0.03642,0.18370,0.006480,0.127919,0,1,5.67800,3952.389,3.007,18.000,1.1538,74,148,74,79,73
34,post_landing,77,1279.0,60,204.623,486.412,0.18046,0.03620,0.18405,0.006193,0.134428,0,1,5.67800,3952.389,3.007,18.000,1.1538,74,148,74,79,73
34,post_landing,78,1296.0,60,204.794,486.443,0.27346,0.03962,0.27631,0.002079,0.140288,0,1,5.67800,3952.389,3.007,18.000,1.1538,74,148,74,79,73
34,post_landing,79,1312.0,60,205.069,486.461,0.24165,0.02546,0.24299,0.004056,0.142376,0,1,5.67800,3952.389,3.007,18.000,1.1538,74,148,74,79,73
34,post_landing,80,1329.0,60,205.312,486.485,0.21101,0.02638,0.21265,0.005564,0.146450,0,1,5.67800,3952.389,3.007,18.000,1.1538,74,148,74,79,73
34,post_landing,81,1346.0,60,205.511,486.513,0.13358,0.00000,0.13358,0.008923,0.151714,0,1,5.67800,3952.389,3.007,18.000,1.1538,74,148,74,79,73
34,post_landing,82,1362.0,60,205.645,486.573,0.15069,0.04964,0.15866,0.007404,0.160676,0,1,5.67800,3952.389,3.007,18.000,1.1538,74,148,74,79,73
34,post_landing,83,1379.0,60,205.797,486.628,0.16155,0.04840,0.16865,0.006901,0.168113,0,1,5.67800,3952.389,3.007,18.000,1.1538,74,148,74,79,73
34,post_landing,84,1395.0,60,205.950,486.671,0.16730,0.04722,0.17384,0.006640,0.174642,0,1,5.67800,3952.389,3.007,18.000,1.1538,74,148,74,79,73
34,post_landing,85,1412.0,60,206.118,486.723,0.17261,0.04927,0.17950,0.006603,0.181311,0,1,5.67800,3952.389,3.007,18.000,1.1538,74,148,74,79,73
34,post_landing,86,1429.0,60,206.291,486.774,0.17705,0.05119,0.18431,0.006658,0.187943,0,1,5.67800,3952.389,3.007,18.000,1.1538,74,148,74,79,73
34,post_landing,87,1446.0,60,206.458,486.819,0.17970,0.05209,0.18710,0.006696,0.194243,0,1,5.67800,3952.389,3.007,18.000,1.1538,74,148,74,79,73
34,post_landing,88,1462.0,60,206.639,486.877,0.18363,0.05563,0.19187,0.006838,0.200968,0,1,5.67800,3952.389,3.007,18.000,1.1538,74,148,74,79,73
34,post_landing,89,1479.0,60,206.823,486.934,0.18764,0.05858,0.19657,0.007000,0.207836,0,1,5.67800,3952.389,3.007,18.000,1.1538,74,148,74,79,73
34,post_landing,90,1496.0,60,207.001,486.986,0.19022,0.06004,0.19947,0.007099,0.214459,0,1,5.67800,3952.389,3.007,18.000,1.1538,74,148,74,79,73
34,post_landing,91,1512.0,60,207.192,487.052,0.19442,0.06437,0.20480,0.007283,0.221590,0,1,5.67800,3952.389,3.007,18.000,1.1538,74,148,74,79,73
34,post_landing,92,1529.0,60,207.387,487.118,0.19880,0.06792,0.21009,0.007474,0.228904,0,1,5.67800,3952.389,3.007,18.000,1.1538,74,148,74,79,73
34,post_landing,93,1546.0,60,207.575,487.179,0.20169,0.06968,0.21339,0.007592,0.235977,0,1,5.67800,3952.389,3.007,18.000,1.1538,74,148,74,79,73
34,post_landing,94,1562.0,60,207.778,487.255,0.20629,0.07469,0.21940,0.007792,0.243602,0,1,5.67800,3952.389,3.007,18.000,1.1538,74,148,74,79,73
34,post_landing,95,1579.0,60,207.985,487.331,0.21106,0.07879,0.22529,0.008000,0.251428,0,1,5.67800,3952.389,3.007,18.000,1.1538,74,148,74,79,73
34,post_landing,96,1595.0,60,208.185,487.402,0.08387,-0.01333,0.08492,0.014804,0.258998,0,1,5.67800,3952.389,3.007,18.000,1.1538,74,148,74,79,73
34,post_landing,97,1612.0,60,208.269,487.634,0.24882,0.00000,0.24882,0.004585,0.273867,0,1,5.67800,3952.389,3.007,18.000,1.1538,74,148,74,79,73
34,post_landing,98,1629.0,60,208.519,487.674,0.19623,0.00000,0.19623,0.004981,0.278473,0,1,5.67800,3952.389,3.007,18.000,1.1538,74,148,74,79,73
34,post_landing,99,1645.0,60,208.705,487.698,0.17482,0.00000,0.17482,0.004248,0.283186,0,1,5.67800,3952.389,3.007,18.000,1.1538,74,148,74,79,73
34,post_landing,100,1662.0,60,208.880,487.726,0.14345,0.00000,0.14345,0.004188,0.287452,0,1,5.67800,3952.389,3.007,18.000,1.1538,74,148,74,79,73
34,post_landing,101,1679.0,60,209.024,487.752,0.11457,0.00000,0.11457,0.004178,0.291658,0,1,5.67800,3952.389,3.007,18.000,1.1538,74,148,74,79,73
34,post_landing,102,1695.0,60,209.133,487.771,0.08794,0.00000,0.08794,0.004200,0.295612,0,1,5.67800,3952.389,3.007,18.000,1.1538,74,148,74,79,73
34,post_landing,103,1712.0,60,209.221,487.901,0.11978,0.00000,0.11978,0.001768,0.299830,0,1,5.67800,3952.389,3.007,18.000,1.1538,74,148,74,79,73
34,post_landing,104,1729.0,60,209.341,487.916,0.15537,0.00000,0.15537,0.000984,0.301606,0,1,5.67800,3952.389,3.007,18.000,1.1538,74,148,74,79,73
34,post_landing,105,1745.0,60,209.488,487.916,0.33745,-0.05414,0.34176,-0.002362,0.302537,0,1,5.67800,3952.389,3.007,18.000,1.1538,74,148,74,79,73
34,post_landing,106,1762.0,60,209.827,487.908,0.09533,0.00000,0.09533,0.006941,0.300165,0,1,5.67800,3952.389,3.007,18.000,1.1538,74,148,74,79,73
34,post_landing,107,1779.0,60,209.923,487.937,0.25722,0.00000,0.25722,0.000938,0.307137,0,1,5.67800,3952.389,3.007,18.000,1.1538,74,148,74,79,73
34,post_landing,108,1795.0,60,210.166,487.938,0.65168,0.00000,0.65168,-0.014339,0.308025,0,1,5.67800,3952.389,3.007,18.000,1.1538,74,148,74,79,73
34,post_landing,109,1812.0,60,210.821,487.891,0.32719,0.00000,0.32719,0.001066,0.293623,0,1,5.67800,3952.389,3.007,18.000,1.1538,74,148,74,79,73
34,post_landing,110,1829.0,60,211.150,487.891,0.23879,0.00000,0.23879,0.003416,0.294693,0,1,5.67800,3952.389,3.007,18.000,1.1538,74,148,74,79,73
34,post_landing,111,1845.0,60,211.376,487.898,0.84865,0.05094,0.85018,-0.022453,0.297925,0,1,5.67800,3952.389,3.007,18.000,1.1538,74,148,74,79,73
34,post_landing,112,1862.0,60,212.228,487.938,0.42974,-0.01597,0.43004,-0.001173,0.275374,0,1,5.67800,3952.389,3.007,18.000,1.1538,74,148,74,79,73
34,post_landing,113,1879.0,60,212.635,487.827,0.34900,0.00000,0.34900,0.000000,0.274264,0,1,5.67800,3952.389,3.007,18.000,1.1538,74,148,74,79,73
34,post_landing,114,1895.0,60,212.985,487.825,0.26652,0.00000,0.26652,0.001823,0.274264,0,1,5.67800,3952.389,3.007,18.000,1.1538,74,148,74,79,73
34,post_landing,115,1912.0,60,213.253,487.830,0.09103,-0.01850,0.09289,0.008397,0.276094,0,1,5.67800,3952.389,3.007,18.000,1.1538,74,148,74,79,73
34,post_landing,116,1929.0,60,213.339,487.712,0.16041,0.00000,0.16041,0.003565,0.284040,0,1,5.67800,3952.389,3.007,18.000,1.1538,74,148,74,79,73
34,post_landing,117,1945.0,60,213.500,487.728,0.13184,0.00000,0.13184,0.003596,0.287621,0,1,5.67800,3952.389,3.007,18.000,1.1538,74,148,74,79,73
34,post_landing,118,1962.0,60,213.632,487.749,0.10440,0.00000,0.10440,0.003697,0.291232,0,1,5.67800,3952.389,3.007,18.000,1.1538,74,148,74,79,73
34,post_landing,119,1979.0,60,213.731,487.766,0.07918,0.00000,0.07918,0.003794,0.294730,0,1,5.67800,3952.389,3.007,18.000,1.1538,74,148,74,79,73
35,falling,0,26.0,,195.000,96.964,0.00000,0.53333,0.53333,0.000000,0.000000,0,0,3.64800,4219.988,2.161,14.000,2.1192,38,76,38,38,48
35,falling,1,28.0,,195.000,97.032,0.00000,0.56571,0.56571,0.000000,0.000000,0,0,3.64800,4219.988,2.161,14.000,2.1192,38,76,38,38,48
35,falling,2,45.0,,195.000,97.823,0.00000,0.82423,0.82423,0.000000,0.000000,0,0,3.64800,4219.988,2.161,14.000,2.1192,38,76,38,38,48
35,falling,3,61.0,,195.000,98.940,0.00000,1.09495,1.09495,0.000000,0.000000,0,0,3.64800,4219.988,2.161,14.000,2.1192,38,76,38,38,48
35,falling,4,78.0,,195.000,100.329,0.00000,1.36153,1.36153,0.000000,0.000000,0,0,3.64800,4219.988,2.161,14.000,2.1192,38,76,38,38,48
35,falling,5,95.0,,195.000,101.873,0.00000,1.60859,1.60859,0.000000,0.000000,0,0,3.64800,4219.988,2.161,14.000,2.1192,38,76,38,38,48
35,falling,6,111.0,,195.000,103.778,0.00000,1.86731,1.86731,0.000000,0.000000,0,0,3.64800,4219.988,2.161,14.000,2.1192,38,76,38,38,48
35,falling,7,128.0,,195.000,105.942,0.00000,2.12208,2.12208,0.000000,0.000000,0,0,3.64800,4219.988,2.161,14.000,2.1192,38,76,38,38,48
35,falling,8,145.0,,195.000,108.206,0.00000,2.35819,2.35819,0.000000,0.000000,0,0,3.64800,4219.988,2.161,14.000,2.1192,38,76,38,38,48
35,falling,9,161.0,,195.000,110.864,0.00000,2.60544,2.60544,0.000000,0.000000,0,0,3.64800,4219.988,2.161,14.000,2.1192,38,76,38,38,48
35,falling,10,178.0,,195.000,113.769,0.00000,2.84891,2.84891,0.000000,0.000000,0,0,3.64800,4219.988,2.161,14.000,2.1192,38,76,38,38,48
35,falling,11,195.0,,195.000,116.721,0.00000,3.07455,3.07455,0.000000,0.000000,0,0,3.64800,4219.988,2.161,14.000,2.1192,38,76,38,38,48
35,falling,12,211.0,,195.000,120.098,0.00000,3.31084,3.31084,0.000000,0.000000,0,0,3.64800,4219.988,2.161,14.000,2.1192,38,76,38,38,48
35,falling,13,228.0,,195.000,123.712,0.00000,3.54352,3.54352,0.000000,0.000000,0,0,3.64800,4219.988,2.161,14.000,2.1192,38,76,38,38,48
35,falling,14,245.0,,195.000,127.321,0.00000,3.75916,3.75916,0.000000,0.000000,0,0,3.64800,4219.988,2.161,14.000,2.1192,38,76,38,38,48
35,falling,15,261.0,,195.000,131.386,0.00000,3.98498,3.98498,0.000000,0.000000,0,0,3.64800,4219.988,2.161,14.000,2.1192,38,76,38,38,48
35,falling,16,278.0,,195.000,135.677,0.00000,4.20734,4.20734,0.000000,0.000000,0,0,3.64800,4219.988,2.161,14.000,2.1192,38,76,38,38,48
35,falling,17,295.0,,195.000,139.914,0.00000,4.41342,4.41342,0.000000,0.000000,0,0,3.64800,4219.988,2.161,14.000,2.1192,38,76,38,38,48
35,falling,18,311.0,,195.000,144.636,0.00000,4.62923,4.62923,0.000000,0.000000,0,0,3.64800,4219.988,2.161,14.000,2.1192,38,76,38,38,48
35,falling,19,328.0,,195.000,149.575,0.00000,4.84174,4.84174,0.000000,0.000000,0,0,3.64800,4219.988,2.161,14.000,2.1192,38,76,38,38,48
35,falling,20,345.0,,195.000,154.412,0.00000,5.03868,5.03868,0.000000,0.000000,0,0,3.64800,4219.988,2.161,14.000,2.1192,38,76,38,38,48
35,falling,21,361.0,,195.000,159.762,0.00000,5.24492,5.24492,0.000000,0.000000,0,0,3.64800,4219.988,2.161,14.000,2.1192,38,76,38,38,48
35,falling,22,378.0,,195.000,165.319,0.00000,5.44801,5.44801,0.000000,0.000000,0,0,3.64800,4219.988,2.161,14.000,2.1192,38,76,38,38,48
35,falling,23,395.0,,195.000,170.729,0.00000,5.63623,5.63623,0.000000,0.000000,0,0,3.64800,4219.988,2.161,14.000,2.1192,38,76,38,38,48
35,falling,24,411.0,,195.000,176.679,0.00000,5.83332,5.83332,0.000000,0.000000,0,0,3.64800,4219.988,2.161,14.000,2.1192,38,76,38,38,48
35,falling,25,428.0,,195.000,182.827,0.00000,6.02741,6.02741,0.000000,0.000000,0,0,3.64800,4219.988,2.161,14.000,2.1192,38,76,38,38,48
35,falling,26,445.0,,195.000,188.786,0.00000,6.20728,6.20728,0.000000,0.000000,0,0,3.64800,4219.988,2.161,14.000,2.1192,38,76,38,38,48
35,falling,27,461.0,,195.000,195.310,0.00000,6.39564,6.39564,0.000000,0.000000,0,0,3.64800,4219.988,2.161,14.000,2.1192,38,76,38,38,48
35,falling,28,478.0,,195.000,202.023,0.00000,6.58112,6.58112,0.000000,0.000000,0,0,3.64800,4219.988,2.161,14.000,2.1192,38,76,38,38,48
35,falling,29,495.0,,195.000,208.506,0.00000,6.75302,6.75302,0.000000,0.000000,0,0,3.64800,4219.988,2.161,14.000,2.1192,38,76,38,38,48
35,falling,30,511.0,,195.000,215.577,0.00000,6.93303,6.93303,0.000000,0.000000,0,0,3.64800,4219.988,2.161,14.000,2.1192,38,76,38,38,48
35,falling,31,528.0,,195.000,222.830,0.00000,7.11029,7.11029,0.000000,0.000000,0,0,3.64800,4219.988,2.161,14.000,2.1192,38,76,38,38,48
35,falling,32,545.0,,195.000,229.813,0.00000,7.27457,7.27457,0.000000,0.000000,0,0,3.64800,4219.988,2.161,14.000,2.1192,38,76,38,38,48
35,falling,33,561.0,,195.000,237.409,0.00000,7.44660,7.44660,0.000000,0.000000,0,0,3.64800,4219.988,2.161,14.000,2.1192,38,76,38,38,48
35,falling,34,578.0,,195.000,245.177,0.00000,7.61600,7.61600,0.000000,0.000000,0,0,3.64800,4219.988,2.161,14.000,2.1192,38,76,38,38,48
35,falling,35,595.0,,195.000,252.639,0.00000,7.77300,7.77300,0.000000,0.000000,0,0,3.64800,4219.988,2.161,14.000,2.1192,38,76,38,38,48
35,falling,36,611.0,,195.000,260.735,0.00000,7.93740,7.93740,0.000000,0.000000,0,0,3.64800,4219.988,2.161,14.000,2.1192,38,76,38,38,48
35,falling,37,628.0,,195.000,268.997,0.00000,8.09930,8.09930,0.000000,0.000000,0,0,3.64800,4219.988,2.161,14.000,2.1192,38,76,38,38,48
35,falling,38,645.0,,195.000,276.916,0.00000,8.24933,8.24933,0.000000,0.000000,0,0,3.64800,4219.988,2.161,14.000,2.1192,38,76,38,38,48
35,falling,39,661.0,,195.000,285.491,0.00000,8.40645,8.40645,0.000000,0.000000,0,0,3.64800,4219.988,2.161,14.000,2.1192,38,76,38,38,48
35,falling,40,678.0,,195.000,294.223,0.00000,8.56117,8.56117,0.000000,0.000000,0,0,3.64800,4219.988,2.161,14.000,2.1192,38,76,38,38,48
35,falling,41,694.0,,195.000,302.579,0.00000,8.70455,8.70455,0.000000,0.000000,0,0,3.64800,4219.988,2.161,14.000,2.1192,38,76,38,38,48
35,falling,42,711.0,,195.000,311.611,0.00000,8.85471,8.85471,0.000000,0.000000,0,0,3.64800,4219.988,2.161,14.000,2.1192,38,76,38,38,48
35,falling,43,728.0,,195.000,320.794,0.00000,9.00256,9.00256,0.000000,0.000000,0,0,3.64800,4219.988,2.161,14.000,2.1192,38,76,38,38,48
35,falling,44,744.0,,195.000,329.568,0.00000,9.13959,9.13959,0.000000,0.000000,0,0,3.64800,4219.988,2.161,14.000,2.1192,38,76,38,38,48
35,falling,45,761.0,,195.000,339.037,0.00000,9.28309,9.28309,0.000000,0.000000,0,0,3.64800,4219.988,2.161,14.000,2.1192,38,76,38,38,48
35,falling,46,778.0,,195.000,348.649,0.00000,9.42439,9.42439,0.000000,0.000000,0,0,3.64800,4219.988,2.161,14.000,2.1192,38,76,38,38,48
35,falling,47,794.0,,195.000,357.823,0.00000,9.55535,9.55535,0.000000,0.000000,0,0,3.64800,4219.988,2.161,14.000,2.1192,38,76,38,38,48
35,falling,48,811.0,,195.000,367.709,0.00000,9.69248,9.69248,0.000000,0.000000,0,0,3.64800,4219.988,2.161,14.000,2.1192,38,76,38,38,48
35,falling,49,828.0,,195.000,377.733,0.00000,9.82752,9.82752,0.000000,0.000000,0,0,3.64800,4219.988,2.161,14.000,2.1192,38,76,38,38,48
35,falling,50,844.0,,195.000,387.288,0.00000,9.95267,9.95267,0.000000,0.000000,0,0,3.64800,4219.988,2.161,14.000,2.1192,38,76,38,38,48
35,falling,51,861.0,,195.000,397.573,0.00000,10.08373,10.08373,0.000000,0.000000,0,0,3.64800,4219.988,2.161,14.000,2.1192,38,76,38,38,48
35,falling,52,878.0,,195.000,407.990,0.00000,10.21278,10.21278,0.000000,0.000000,0,0,3.64800,4219.988,2.161,14.000,2.1192,38,76,38,38,48
35,falling,53,894.0,,195.000,417.909,0.00000,10.33238,10.33238,0.000000,0.000000,0,0,3.64800,4219.988,2.161,14.000,2.1192,38,76,38,38,48
35,falling,54,911.0,,195.000,428.576,0.00000,10.45763,10.45763,0.000000,0.000000,0,0,3.64800,4219.988,2.161,14.000,2.1192,38,76,38,38,48
35,falling,55,928.0,,195.000,439.368,0.00000,10.58096,10.58096,0.000000,0.000000,0,0,3.64800,4219.988,2.161,14.000,2.1192,38,76,38,38,48
35,falling,56,945.0,,195.000,450.285,0.00000,10.70241,10.70241,0.000000,0.000000,0,0,3.64800,4219.988,2.161,14.000,2.1192,38,76,38,38,48
35,falling,57,961.0,,195.000,460.667,0.00000,10.81496,10.81496,0.000000,0.000000,0,0,3.64800,4219.988,2.161,14.000,2.1192,38,76,38,38,48
35,falling,58,978.0,,195.000,471.819,0.00000,10.93282,10.93282,0.000000,0.000000,0,0,3.64800,4219.988,2.161,14.000,2.1192,38,76,38,38,48
35,falling,59,994.0,,195.000,482.419,0.00000,11.04206,11.04206,0.000000,0.000000,0,0,3.64800,4219.988,2.161,14.000,2.1192,38,76,38,38,48
35,falling,60,1011.0,,195.000,493.799,0.00000,11.15645,11.15645,0.000000,0.000000,0,0,3.64800,4219.988,2.161,14.000,2.1192,38,76,38,38,48
35,post_landing,61,1028.0,61,195.000,503.783,-0.68711,0.00000,0.68711,-0.017183,0.000000,0,1,3.64800,4219.988,2.161,14.000,2.1192,38,76,38,38,48
35,post_landing,62,1044.0,61,194.310,503.396,-0.36550,0.05585,0.36975,-0.009275,-0.017258,0,1,3.64800,4219.988,2.161,14.000,2.1192,38,76,38,38,48
35,post_landing,63,1061.0,61,193.943,503.458,-0.20894,0.03288,0.21151,-0.005328,-0.026574,0,1,3.64800,4219.988,2.161,14.000,2.1192,38,76,38,38,48
35,post_landing,64,1078.0,61,193.733,503.494,-0.12868,0.02042,0.13029,-0.003290,-0.031925,0,1,3.64800,4219.988,2.161,14.000,2.1192,38,76,38,38,48
35,post_landing,65,1094.0,61,193.611,503.514,-0.08629,0.01376,0.08738,-0.002209,-0.035037,0,1,3.64800,4219.988,2.161,14.000,2.1192,38,76,38,38,48
35,post_landing,66,1111.0,61,193.524,503.531,-0.06568,0.00000,0.06568,-0.001684,-0.037256,0,1,3.64800,4219.988,2.161,14.000,2.1192,38,76,38,38,48
35,post_landing,67,1128.0,61,193.462,503.540,-0.05317,0.01752,0.05598,-0.002533,-0.038850,0,1,3.64800,4219.988,2.161,14.000,2.1192,38,76,38,38,48
35,post_landing,68,1144.0,61,193.409,503.560,-0.06387,0.02177,0.06748,-0.003049,-0.041394,0,1,3.64800,4219.988,2.161,14.000,2.1192,38,76,38,38,48
35,post_landing,69,1161.0,61,193.345,503.582,-0.07266,0.02456,0.07670,-0.003473,-0.044456,0,1,3.64800,4219.988,2.161,14.000,2.1192,38,76,38,38,48
35,post_landing,70,1178.0,61,193.276,503.603,-0.07853,0.02668,0.08293,-0.003759,-0.047742,0,1,3.64800,4219.988,2.161,14.000,2.1192,38,76,38,38,48
35,post_landing,71,1194.0,61,193.197,503.632,-0.08451,0.02930,0.08944,-0.004055,-0.051518,0,1,3.64800,4219.988,2.161,14.000,2.1192,38,76,38,38,48
35,post_landing,72,1211.0,61,193.112,503.661,-0.08947,0.03126,0.09477,-0.004302,-0.055591,0,1,3.64800,4219.988,2.161,14.000,2.1192,38,76,38,38,48
35,post_landing,73,1228.0,61,193.028,503.689,-0.09231,0.03252,0.09787,-0.004449,-0.059662,0,1,3.64800,4219.988,2.161,14.000,2.1192,38,76,38,38,48
35,post_landing,74,1244.0,61,192.935,503.724,-0.09591,0.03448,0.10192,-0.004635,-0.064130,0,1,3.64800,4219.988,2.161,14.000,2.1192,38,76,38,38,48
35,post_landing,75,1261.0,61,192.839,503.779,-0.09987,0.03592,0.10614,-0.004793,-0.068785,0,1,3.64800,4219.988,2.161,14.000,2.1192,38,76,38,38,48
35,post_landing,76,1278.0,61,192.744,503.810,-0.10140,0.03692,0.10791,-0.004876,-0.073320,0,1,3.64800,4219.988,2.161,14.000,2.1192,38,76,38,38,48
35,post_landing,77,1294.0,61,192.642,503.851,-0.10407,0.03840,0.11093,-0.005015,-0.078217,0,1,3.64800,4219.988,2.161,14.000,2.1192,38,76,38,38,48
35,post_landing,78,1311.0,61,192.538,503.890,-0.10639,0.03979,0.11359,-0.005138,-0.083254,0,1,3.64800,4219.988,2.161,14.000,2.1192,38,76,38,38,48
35,post_landing,79,1328.0,61,192.437,503.924,-0.10712,0.04058,0.11455,-0.005185,-0.088116,0,1,3.64800,4219.988,2.161,14.000,2.1192,38,76,38,38,48
35,post_landing,80,1344.0,61,192.329,504.129,-0.09006,0.00000,0.09006,-0.004277,-0.093324,0,1,3.64800,4219.988,2.161,14.000,2.1192,38,76,38,38,48
35,post_landing,81,1361.0,61,192.239,504.158,-0.07361,0.00000,0.07361,-0.003579,-0.097619,0,1,3.64800,4219.988,2.161,14.000,2.1192,38,76,38,38,48
35,post_landing,82,1378.0,61,192.169,504.170,-0.06170,0.00000,0.06170,-0.003005,-0.101005,0,1,3.64800,4219.988,2.161,14.000,2.1192,38,76,38,38,48
35,post_landing,83,1394.0,61,192.107,504.188,-0.05248,0.00000,0.05248,-0.002559,-0.104023,0,1,3.64800,4219.988,2.161,14.000,2.1192,38,76,38,38,48
35,post_landing,84,1411.0,61,192.055,504.200,-0.04525,0.00000,0.04525,-0.002209,-0.106594,0,1,3.64800,4219.988,2.161,14.000,2.1192,38,76,38,38,48
35,post_landing,85,1427.0,61,192.012,504.205,-0.03942,0.00000,0.03942,-0.001927,-0.108684,0,1,3.64800,4219.988,2.161,14.000,2.1192,38,76,38,38,48
35,post_landing,86,1444.0,61,191.972,504.218,-0.03504,0.00000,0.03504,-0.001714,-0.110619,0,1,3.64800,4219.988,2.161,14.000,2.1192,38,76,38,38,48
35,post_landing,87,1461.0,61,191.937,504.227,-0.03163,0.00000,0.03163,-0.001548,-0.112341,0,1,3.64800,4219.988,2.161,14.000,2.1192,38,76,38,38,48
35,post_landing,88,1478.0,61,191.907,504.230,-0.02878,0.00000,0.02878,-0.001410,-0.113806,0,1,3.64800,4219.988,2.161,14.000,2.1192,38,76,38,38,48
35,post_landing,89,1494.0,61,191.878,504.240,-0.02678,0.00000,0.02678,-0.001313,-0.115222,0,1,3.64800,4219.988,2.161,14.000,2.1192,38,76,38,38,48
35,post_landing,90,1511.0,61,191.851,504.247,-0.02525,0.00000,0.02525,-0.001239,-0.116541,0,1,3.64800,4219.988,2.161,14.000,2.1192,38,76,38,38,48
35,post_landing,91,1527.0,61,191.827,504.248,-0.02387,0.00000,0.02387,-0.001172,-0.117713,0,1,3.64800,4219.988,2.161,14.000,2.1192,38,76,38,38,48
35,post_landing,92,1544.0,61,191.803,504.258,-0.02304,0.00000,0.02304,-0.001132,-0.118890,0,1,3.64800,4219.988,2.161,14.000,2.1192,38,76,38,38,48
35,post_landing,93,1561.0,61,191.780,504.264,-0.02244,0.00000,0.02244,-0.001103,-0.120027,0,1,3.64800,4219.988,2.161,14.000,2.1192,38,76,38,38,48
35,post_landing,94,1578.0,61,191.759,504.265,-0.02178,0.00000,0.02178,-0.001071,-0.121070,0,1,3.64800,4219.988,2.161,14.000,2.1192,38,76,38,38,48
35,post_landing,95,1594.0,61,191.737,504.274,-0.02154,0.00000,0.02154,-0.001060,-0.122146,0,1,3.64800,4219.988,2.161,14.000,2.1192,38,76,38,38,48
35,post_landing,96,1611.0,61,191.716,504.279,-0.02140,0.00000,0.02140,-0.001053,-0.123210,0,1,3.64800,4219.988,2.161,14.000,2.1192,38,76,38,38,48
35,post_landing,97,1627.0,61,191.695,504.280,-0.02110,0.00000,0.02110,-0.001039,-0.124207,0,1,3.64800,4219.988,2.161,14.000,2.1192,38,76,38,38,48
35,post_landing,98,1644.0,61,191.674,504.289,-0.02115,0.00000,0.02115,-0.001042,-0.125250,0,1,3.64800,4219.988,2.161,14.000,2.1192,38,76,38,38,48
35,post_landing,99,1661.0,61,191.653,504.294,-0.02124,0.00000,0.02124,-0.001047,-0.126297,0,1,3.64800,4219.988,2.161,14.000,2.1192,38,76,38,38,48
35,post_landing,100,1677.0,61,191.633,504.295,-0.02112,0.00000,0.02112,-0.001042,-0.127288,0,1,3.64800,4219.988,2.161,14.000,2.1192,38,76,38,38,48
35,post_landing,101,1694.0,61,191.612,504.304,-0.02131,0.00000,0.02131,-0.001052,-0.128334,0,1,3.64800,4219.988,2.161,14.000,2.1192,38,76,38,38,48
35,post_landing,102,1711.0,61,191.590,504.310,-0.02152,0.00000,0.02152,-0.001063,-0.129390,0,1,3.64800,4219.988,2.161,14.000,2.1192,38,76,38,38,48
35,post_landing,103,1727.0,61,191.570,504.311,-0.02149,0.00000,0.02149,-0.001061,-0.130396,0,1,3.64800,4219.988,2.161,14.000,2.1192,38,76,38,38,48
35,post_landing,104,1744.0,61,191.548,504.320,-0.02176,0.00000,0.02176,-0.001076,-0.131462,0,1,3.64800,4219.988,2.161,14.000,2.1192,38,76,38,38,48
35,post_landing,105,1761.0,61,191.526,504.325,-0.02204,0.00000,0.02204,-0.001090,-0.132542,0,1,3.64800,4219.988,2.161,14.000,2.1192,38,76,38,38,48
35,post_landing,106,1777.0,61,191.506,504.327,-0.02204,0.00000,0.02204,-0.001091,-0.133574,0,1,3.64800,4219.988,2.161,14.000,2.1192,38,76,38,38,48
35,post_landing,107,1794.0,61,191.483,504.336,-0.02236,0.00000,0.02236,-0.001107,-0.134669,0,1,3.64800,4219.988,2.161,14.000,2.1192,38,76,38,38,48
35,post_landing,108,1811.0,61,191.461,504.342,-0.02261,0.00000,0.02261,-0.001124,-0.135781,0,1,3.64800,4219.988,2.161,14.000,2.1192,38,76,38,38,48
35,post_landing,109,1827.0,61,191.440,504.343,-0.02265,0.00000,0.02265,-0.001126,-0.136845,0,1,3.64800,4219.988,2.161,14.000,2.1192,38,76,38,38,48
35,post_landing,110,1844.0,61,191.417,504.353,-0.02301,0.00000,0.02301,-0.001143,-0.137975,0,1,3.64800,4219.988,2.161,14.000,2.1192,38,76,38,38,48
35,post_landing,111,1861.0,61,191.394,504.359,-0.02335,0.00000,0.02335,-0.001160,-0.139124,0,1,3.64800,4219.988,2.161,14.000,2.1192,38,76,38,38,48
35,post_landing,112,1877.0,61,191.372,504.361,-0.02340,0.00000,0.02340,-0.001163,-0.140221,0,1,3.64800,4219.988,2.161,14.000,2.1192,38,76,38,38,48
35,post_landing,113,1894.0,61,191.348,504.370,-0.02378,0.00000,0.02378,-0.001182,-0.141389,0,1,3.64800,4219.988,2.161,14.000,2.1192,38,76,38,38,48
35,post_landing,114,1911.0,61,191.324,504.377,-0.02414,0.00000,0.02414,-0.001200,-0.142576,0,1,3.64800,4219.988,2.161,14.000,2.1192,38,76,38,38,48
35,post_landing,115,1927.0,61,191.301,504.379,-0.02420,0.00000,0.02420,-0.001202,-0.143711,0,1,3.64800,4219.988,2.161,14.000,2.1192,38,76,38,38,48
35,post_landing,116,1944.0,61,191.277,504.389,-0.02460,0.00000,0.02460,-0.001222,-0.144919,0,1,3.64800,4219.988,2.161,14.000,2.1192,38,76,38,38,48
35,post_landing,117,1961.0,61,191.252,504.396,-0.02497,0.00000,0.02497,-0.001241,-0.146147,0,1,3.64800,4219.988,2.161,14.000,2.1192,38,76,38,38,48
35,post_landing,118,1977.0,61,191.229,504.398,-0.02503,0.00000,0.02503,-0.001244,-0.147321,0,1,3.64800,4219.988,2.161,14.000,2.1192,38,76,38,38,48
35,post_landing,119,1994.0,61,191.204,504.408,-0.02545,0.00000,0.02545,-0.001264,-0.148570,0,1,3.64800,4219.988,2.161,14.000,2.1192,38,76,38,38,48
35,post_landing,120,2011.0,61,191.180,504.411,-0.02553,0.00000,0.02553,-0.001268,-0.149767,0,1,3.64800,4219.988,2.161,14.000,2.1192,38,76,38,38,48
36,falling,0,35.0,,195.000,97.029,0.00000,0.55000,0.55000,0.000000,0.000000,0,0,4.75600,2213.019,1.122,5.000,1.3877,63,126,63,63,48
36,falling,1,37.0,,195.000,97.137,0.00000,0.59851,0.59851,0.000000,0.000000,0,0,4.75600,2213.019,1.122,5.000,1.3877,63,126,63,63,48
36,falling,2,52.0,,195.000,97.893,0.00000,0.84044,0.84044,0.000000,0.000000,0,0,4.75600,2213.019,1.122,5.000,1.3877,63,126,63,63,48
36,falling,3,69.0,,195.000,99.026,0.00000,1.11091,1.11091,0.000000,0.000000,0,0,4.75600,2213.019,1.122,5.000,1.3877,63,126,63,63,48
36,falling,4,86.0,,195.000,100.333,0.00000,1.36158,1.36158,0.000000,0.000000,0,0,4.75600,2213.019,1.122,5.000,1.3877,63,126,63,63,48
36,falling,5,102.0,,195.000,101.990,0.00000,1.62408,1.62408,0.000000,0.000000,0,0,4.75600,2213.019,1.122,5.000,1.3877,63,126,63,63,48
36,falling,6,119.0,,195.000,103.910,0.00000,1.88257,1.88257,0.000000,0.000000,0,0,4.75600,2213.019,1.122,5.000,1.3877,63,126,63,63,48
36,falling,7,136.0,,195.000,105.947,0.00000,2.12212,2.12212,0.000000,0.000000,0,0,4.75600,2213.019,1.122,5.000,1.3877,63,126,63,63,48
36,falling,8,152.0,,195.000,108.368,0.00000,2.37299,2.37299,0.000000,0.000000,0,0,4.75600,2213.019,1.122,5.000,1.3877,63,126,63,63,48
36,falling,9,169.0,,195.000,111.040,0.00000,2.62001,2.62001,0.000000,0.000000,0,0,4.75600,2213.019,1.122,5.000,1.3877,63,126,63,63,48
36,falling,10,186.0,,195.000,113.961,0.00000,2.86326,2.86326,0.000000,0.000000,0,0,4.75600,2213.019,1.122,5.000,1.3877,63,126,63,63,48
36,falling,11,202.0,,195.000,116.926,0.00000,3.08870,3.08870,0.000000,0.000000,0,0,4.75600,2213.019,1.122,5.000,1.3877,63,126,63,63,48
36,falling,12,219.0,,195.000,120.317,0.00000,3.32477,3.32477,0.000000,0.000000,0,0,4.75600,2213.019,1.122,5.000,1.3877,63,126,63,63,48
36,falling,13,236.0,,195.000,123.719,0.00000,3.54356,3.54356,0.000000,0.000000,0,0,4.75600,2213.019,1.122,5.000,1.3877,63,126,63,63,48
36,falling,14,252.0,,195.000,127.567,0.00000,3.77268,3.77268,0.000000,0.000000,0,0,4.75600,2213.019,1.122,5.000,1.3877,63,126,63,63,48
36,falling,15,269.0,,195.000,131.645,0.00000,3.99829,3.99829,0.000000,0.000000,0,0,4.75600,2213.019,1.122,5.000,1.3877,63,126,63,63,48
36,falling,16,286.0,,195.000,135.684,0.00000,4.20738,4.20738,0.000000,0.000000,0,0,4.75600,2213.019,1.122,5.000,1.3877,63,126,63,63,48
36,falling,17,302.0,,195.000,140.199,0.00000,4.42634,4.42634,0.000000,0.000000,0,0,4.75600,2213.019,1.122,5.000,1.3877,63,126,63,63,48
36,falling,18,319.0,,195.000,144.934,0.00000,4.64195,4.64195,0.000000,0.000000,0,0,4.75600,2213.019,1.122,5.000,1.3877,63,126,63,63,48
36,falling,19,336.0,,195.000,149.582,0.00000,4.84178,4.84178,0.000000,0.000000,0,0,4.75600,2213.019,1.122,5.000,1.3877,63,126,63,63,48
36,falling,20,352.0,,195.000,154.734,0.00000,5.05103,5.05103,0.000000,0.000000,0,0,4.75600,2213.019,1.122,5.000,1.3877,63,126,63,63,48
36,falling,21,369.0,,195.000,160.097,0.00000,5.25708,5.25708,0.000000,0.000000,0,0,4.75600,2213.019,1.122,5.000,1.3877,63,126,63,63,48
36,falling,22,386.0,,195.000,165.327,0.00000,5.44805,5.44805,0.000000,0.000000,0,0,4.75600,2213.019,1.122,5.000,1.3877,63,126,63,63,48
36,falling,23,402.0,,195.000,171.088,0.00000,5.64803,5.64803,0.000000,0.000000,0,0,4.75600,2213.019,1.122,5.000,1.3877,63,126,63,63,48
36,falling,24,419.0,,195.000,177.049,0.00000,5.84494,5.84494,0.000000,0.000000,0,0,4.75600,2213.019,1.122,5.000,1.3877,63,126,63,63,48
36,falling,25,436.0,,195.000,182.836,0.00000,6.02744,6.02744,0.000000,0.000000,0,0,4.75600,2213.019,1.122,5.000,1.3877,63,126,63,63,48
36,falling,26,452.0,,195.000,189.179,0.00000,6.21856,6.21856,0.000000,0.000000,0,0,4.75600,2213.019,1.122,5.000,1.3877,63,126,63,63,48
36,falling,27,469.0,,195.000,195.714,0.00000,6.40675,6.40675,0.000000,0.000000,0,0,4.75600,2213.019,1.122,5.000,1.3877,63,126,63,63,48
36,falling,28,486.0,,195.000,202.032,0.00000,6.58116,6.58116,0.000000,0.000000,0,0,4.75600,2213.019,1.122,5.000,1.3877,63,126,63,63,48
36,falling,29,502.0,,195.000,208.931,0.00000,6.76380,6.76380,0.000000,0.000000,0,0,4.75600,2213.019,1.122,5.000,1.3877,63,126,63,63,48
36,falling,30,519.0,,195.000,216.013,0.00000,6.94365,6.94365,0.000000,0.000000,0,0,4.75600,2213.019,1.122,5.000,1.3877,63,126,63,63,48
36,falling,31,536.0,,195.000,222.839,0.00000,7.11032,7.11032,0.000000,0.000000,0,0,4.75600,2213.019,1.122,5.000,1.3877,63,126,63,63,48
36,falling,32,552.0,,195.000,230.270,0.00000,7.28487,7.28487,0.000000,0.000000,0,0,4.75600,2213.019,1.122,5.000,1.3877,63,126,63,63,48
36,falling,33,569.0,,195.000,237.876,0.00000,7.45674,7.45674,0.000000,0.000000,0,0,4.75600,2213.019,1.122,5.000,1.3877,63,126,63,63,48
36,falling,34,586.0,,195.000,245.187,0.00000,7.61603,7.61603,0.000000,0.000000,0,0,4.75600,2213.019,1.122,5.000,1.3877,63,126,63,63,48
36,falling,35,602.0,,195.000,253.125,0.00000,7.78284,7.78284,0.000000,0.000000,0,0,4.75600,2213.019,1.122,5.000,1.3877,63,126,63,63,48
36,falling,36,619.0,,195.000,261.231,0.00000,7.94710,7.94710,0.000000,0.000000,0,0,4.75600,2213.019,1.122,5.000,1.3877,63,126,63,63,48
36,falling,37,636.0,,195.000,269.007,0.00000,8.09933,8.09933,0.000000,0.000000,0,0,4.75600,2213.019,1.122,5.000,1.3877,63,126,63,63,48
36,falling,38,652.0,,195.000,277.431,0.00000,8.25874,8.25874,0.000000,0.000000,0,0,4.75600,2213.019,1.122,5.000,1.3877,63,126,63,63,48
36,falling,39,669.0,,195.000,286.015,0.00000,8.41571,8.41571,0.000000,0.000000,0,0,4.75600,2213.019,1.122,5.000,1.3877,63,126,63,63,48
36,falling,40,686.0,,195.000,294.233,0.00000,8.56119,8.56119,0.000000,0.000000,0,0,4.75600,2213.019,1.122,5.000,1.3877,63,126,63,63,48
36,falling,41,702.0,,195.000,303.121,0.00000,8.71354,8.71354,0.000000,0.000000,0,0,4.75600,2213.019,1.122,5.000,1.3877,63,126,63,63,48
36,falling,42,719.0,,195.000,312.162,0.00000,8.86356,8.86356,0.000000,0.000000,0,0,4.75600,2213.019,1.122,5.000,1.3877,63,126,63,63,48
36,falling,43,735.0,,195.000,320.805,0.00000,9.00259,9.00259,0.000000,0.000000,0,0,4.75600,2213.019,1.122,5.000,1.3877,63,126,63,63,48
36,falling,44,752.0,,195.000,330.136,0.00000,9.14818,9.14818,0.000000,0.000000,0,0,4.75600,2213.019,1.122,5.000,1.3877,63,126,63,63,48
36,falling,45,769.0,,195.000,339.613,0.00000,9.29155,9.29155,0.000000,0.000000,0,0,4.75600,2213.019,1.122,5.000,1.3877,63,126,63,63,48
36,falling,46,785.0,,195.000,348.661,0.00000,9.42442,9.42442,0.000000,0.000000,0,0,4.75600,2213.019,1.122,5.000,1.3877,63,126,63,63,48
36,falling,47,802.0,,195.000,358.415,0.00000,9.56356,9.56356,0.000000,0.000000,0,0,4.75600,2213.019,1.122,5.000,1.3877,63,126,63,63,48
36,falling,48,819.0,,195.000,367.720,0.00000,9.69251,9.69251,0.000000,0.000000,0,0,4.75600,2213.019,1.122,5.000,1.3877,63,126,63,63,48
36,falling,49,835.0,,195.000,377.744,0.00000,9.82755,9.82755,0.000000,0.000000,0,0,4.75600,2213.019,1.122,5.000,1.3877,63,126,63,63,48
36,falling,50,852.0,,195.000,387.904,0.00000,9.96052,9.96052,0.000000,0.000000,0,0,4.75600,2213.019,1.122,5.000,1.3877,63,126,63,63,48
36,falling,51,869.0,,195.000,398.197,0.00000,10.09146,10.09146,0.000000,0.000000,0,0,4.75600,2213.019,1.122,5.000,1.3877,63,126,63,63,48
36,falling,52,885.0,,195.000,408.002,0.00000,10.21281,10.21281,0.000000,0.000000,0,0,4.75600,2213.019,1.122,5.000,1.3877,63,126,63,63,48
36,falling,53,902.0,,195.000,418.548,0.00000,10.33988,10.33988,0.000000,0.000000,0,0,4.75600,2213.019,1.122,5.000,1.3877,63,126,63,63,48
36,falling,54,919.0,,195.000,428.588,0.00000,10.45765,10.45765,0.000000,0.000000,0,0,4.75600,2213.019,1.122,5.000,1.3877,63,126,63,63,48
36,falling,55,935.0,,195.000,439.380,0.00000,10.58099,10.58099,0.000000,0.000000,0,0,4.75600,2213.019,1.122,5.000,1.3877,63,126,63,63,48
36,falling,56,952.0,,195.000,450.297,0.00000,10.70243,10.70243,0.000000,0.000000,0,0,4.75600,2213.019,1.122,5.000,1.3877,63,126,63,63,48
36,falling,57,969.0,,195.000,460.679,0.00000,10.81498,10.81498,0.000000,0.000000,0,0,4.75600,2213.019,1.122,5.000,1.3877,63,126,63,63,48
36,falling,58,985.0,,195.000,471.831,0.00000,10.93285,10.93285,0.000000,0.000000,0,0,4.75600,2213.019,1.122,5.000,1.3877,63,126,63,63,48
36,post_landing,59,1002.0,59,195.000,481.542,3.53278,0.66848,3.59547,0.022816,0.000000,0,1,4.75600,2213.019,1.122,5.000,1.3877,63,126,63,63,48
36,post_landing,60,1019.0,59,198.343,481.927,2.73332,0.35170,2.75586,0.029433,0.021587,0,1,4.75600,2213.019,1.122,5.000,1.3877,63,126,63,63,48
36,post_landing,61,1035.0,59,201.088,482.015,2.36151,0.23927,2.37360,0.018476,0.051150,0,1,4.75600,2213.019,1.122,5.000,1.3877,63,126,63,63,48
36,post_landing,62,1052.0,59,203.460,482.405,1.99657,0.19720,2.00628,0.014667,0.069707,0,1,4.75600,2213.019,1.122,5.000,1.3877,63,126,63,63,48
36,post_landing,63,1069.0,59,205.349,482.695,1.68938,0.17519,1.69844,0.011979,0.083585,0,1,4.75600,2213.019,1.122,5.000,1.3877,63,126,63,63,48
36,post_landing,64,1085.0,59,207.046,482.960,1.42806,0.17322,1.43852,0.009918,0.095616,0,1,4.75600,2213.019,1.122,5.000,1.3877,63,126,63,63,48
36,post_landing,65,1102.0,59,208.480,483.182,1.14302,0.35404,1.19660,0.019699,0.105578,0,1,4.75600,2213.019,1.122,5.000,1.3877,63,126,63,63,48
36,post_landing,66,1119.0,59,209.562,483.594,1.02551,0.45559,1.12216,0.018586,0.124217,0,1,4.75600,2213.019,1.122,5.000,1.3877,63,126,63,63,48
36,post_landing,67,1135.0,59,210.592,484.038,0.92787,0.47671,1.04317,0.020452,0.142885,0,1,4.75600,2213.019,1.122,5.000,1.3877,63,126,63,63,48
36,post_landing,68,1152.0,59,211.524,484.528,0.75579,0.40297,0.85651,0.032040,0.163426,0,1,4.75600,2213.019,1.122,5.000,1.3877,63,126,63,63,48
36,post_landing,69,1169.0,59,212.239,485.165,0.74491,0.66384,0.99778,0.031579,0.193742,0,0,4.75600,2213.019,1.122,5.000,1.3877,63,126,63,63,48
36,post_landing,70,1185.0,59,212.987,486.086,0.75084,0.27209,0.79862,0.016289,0.225460,0,1,4.75600,2213.019,1.122,5.000,1.3877,63,126,63,63,48
36,post_landing,71,1202.0,59,213.741,486.531,0.65620,0.20155,0.68645,0.008533,0.241820,0,1,4.75600,2213.019,1.122,5.000,1.3877,63,126,63,63,48
36,post_landing,72,1219.0,59,214.362,486.756,0.58504,0.15078,0.60416,0.005979,0.249894,0,1,4.75600,2213.019,1.122,5.000,1.3877,63,126,63,63,48
36,post_landing,73,1235.0,59,214.949,486.927,0.47435,0.14676,0.49653,0.005810,0.255899,0,1,4.75600,2213.019,1.122,5.000,1.3877,63,126,63,63,48
36,post_landing,74,1252.0,59,215.426,487.088,0.40514,0.13332,0.42651,0.005440,0.261735,0,1,4.75600,2213.019,1.122,5.000,1.3877,63,126,63,63,48
36,post_landing,75,1269.0,59,215.809,487.227,0.36046,0.12013,0.37995,0.004802,0.266881,0,1,4.75600,2213.019,1.122,5.000,1.3877,63,126,63,63,48
36,post_landing,76,1285.0,59,216.171,487.367,0.33662,0.23333,0.40958,0.008337,0.271704,0,1,4.75600,2213.019,1.122,5.000,1.3877,63,126,63,63,48
36,post_landing,77,1302.0,59,216.509,487.604,0.33990,0.26206,0.42919,0.013140,0.280077,0,1,4.75600,2213.019,1.122,5.000,1.3877,63,126,63,63,48
36,post_landing,78,1319.0,59,216.831,487.948,0.35623,0.28396,0.45556,0.015428,0.292510,0,1,4.75600,2213.019,1.122,5.000,1.3877,63,126,63,63,48
36,post_landing,79,1335.0,59,217.189,488.398,0.37176,0.31953,0.49020,0.016933,0.308006,0,1,4.75600,2213.019,1.122,5.000,1.3877,63,126,63,63,48
36,post_landing,80,1352.0,59,217.562,488.900,0.38416,0.35287,0.52163,0.017994,0.325013,0,1,4.75600,2213.019,1.122,5.000,1.3877,63,126,63,63,48
36,post_landing,81,1369.0,59,217.926,489.409,0.39126,0.37923,0.54489,0.018374,0.342038,0,1,4.75600,2213.019,1.122,5.000,1.3877,63,126,63,63,48
36,post_landing,82,1385.0,59,218.319,489.978,0.39323,0.41154,0.56921,0.019097,0.360493,0,1,4.75600,2213.019,1.122,5.000,1.3877,63,126,63,63,48
36,post_landing,83,1402.0,59,218.714,490.578,0.39126,0.44051,0.58918,0.019737,0.379674,0,1,4.75600,2213.019,1.122,5.000,1.3877,63,126,63,63,48
36,post_landing,84,1419.0,59,219.084,491.170,0.38503,0.46131,0.60087,0.019866,0.398349,0,1,4.75600,2213.019,1.122,5.000,1.3877,63,126,63,63,48
36,post_landing,85,1435.0,59,219.471,491.820,0.37416,0.48940,0.61604,0.020374,0.418302,0,1,4.75600,2213.019,1.122,5.000,1.3877,63,126,63,63,48
36,post_landing,86,1452.0,59,219.846,492.496,0.35983,0.51477,0.62807,0.020840,0.438766,0,1,4.75600,2213.019,1.122,5.000,1.3877,63,126,63,63,48
36,post_landing,87,1469.0,59,220.187,493.180,0.54458,0.40402,0.67808,0.016217,0.458483,0,1,4.75600,2213.019,1.122,5.000,1.3877,63,126,63,63,48
36,post_landing,88,1485.0,59,220.734,493.664,0.54575,0.41960,0.68841,0.016516,0.474771,0,1,4.75600,2213.019,1.122,5.000,1.3877,63,126,63,63,48
36,post_landing,89,1502.0,59,221.282,494.151,0.54533,0.43483,0.69747,0.016784,0.491360,0,1,4.75600,2213.019,1.122,5.000,1.3877,63,126,63,63,48
36,post_landing,90,1518.0,59,221.798,494.673,0.54021,0.43137,0.69131,0.017328,0.507241,0,1,4.75600,2213.019,1.122,5.000,1.3877,63,126,63,63,48
36,post_landing,91,1535.0,59,222.340,495.095,0.54427,0.43992,0.69983,0.017356,0.524646,0,1,4.75600,2213.019,1.122,5.000,1.3877,63,126,63,63,48
36,post_landing,92,1552.0,59,222.887,495.567,0.53985,0.45263,0.70449,0.017549,0.542078,0,1,4.75600,2213.019,1.122,5.000,1.3877,63,126,63,63,48
36,post_landing,93,1568.0,59,223.398,496.022,0.52962,0.45989,0.70143,0.017547,0.558683,0,1,4.75600,2213.019,1.122,5.000,1.3877,63,126,63,63,48
36,post_landing,94,1585.0,59,223.930,496.520,0.52445,0.47271,0.70605,0.017742,0.576307,0,1,4.75600,2213.019,1.122,5.000,1.3877,63,126,63,63,48
36,post_landing,95,1602.0,59,224.457,497.029,0.51822,0.48510,0.70985,0.017917,0.594127,0,1,4.75600,2213.019,1.122,5.000,1.3877,63,126,63,63,48
36,post_landing,96,1618.0,59,224.947,497.516,0.51692,0.48812,0.71096,0.017694,0.611079,0,1,4.75600,2213.019,1.122,5.000,1.3877,63,126,63,63,48
36,post_landing,97,1635.0,59,225.466,498.098,0.51119,0.48830,0.70693,0.018431,0.628851,0,1,4.75600,2213.019,1.122,5.000,1.3877,63,126,63,63,48
36,post_landing,98,1652.0,59,225.980,498.638,0.50325,0.49899,0.70869,0.018542,0.647363,0,1,4.75600,2213.019,1.122,5.000,1.3877,63,126,63,63,48
36,post_landing,99,1668.0,59,226.456,499.218,0.52339,0.41545,0.66823,0.019882,0.664907,0,1,4.75600,2213.019,1.122,5.000,1.3877,63,126,63,63,48
36,post_landing,100,1685.0,59,226.981,499.754,0.51682,0.39986,0.65345,0.020075,0.684877,0,1,4.75600,2213.019,1.122,5.000,1.3877,63,126,63,63,48
36,post_landing,101,1702.0,59,227.470,500.261,0.50340,0.37894,0.63009,0.020042,0.703871,0,1,4.75600,2213.019,1.122,5.000,1.3877,63,126,63,63,48
36,post_landing,102,1718.0,59,227.976,500.776,0.48688,0.38373,0.61992,0.019902,0.724001,0,1,4.75600,2213.019,1.122,5.000,1.3877,63,126,63,63,48
36,post_landing,103,1735.0,59,228.465,501.255,0.47420,0.38918,0.61345,0.019760,0.743991,0,1,4.75600,2213.019,1.122,5.000,1.3877,63,126,63,63,48
36,post_landing,104,1752.0,59,228.914,501.502,0.45961,0.39140,0.60369,0.019482,0.762688,0,1,4.75600,2213.019,1.122,5.000,1.3877,63,126,63,63,48
36,post_landing,105,1768.0,59,229.375,501.987,0.08979,-0.04875,0.10217,0.003913,0.782255,0,1,4.75600,2213.019,1.122,5.000,1.3877,63,126,63,63,48
36,post_landing,106,1785.0,59,229.466,501.986,0.00007,0.00000,0.00007,0.000000,0.786185,0,1,4.75600,2213.019,1.122,5.000,1.3877,63,126,63,63,48
36,post_landing,107,1802.0,59,229.466,501.986,-0.00000,0.00000,0.00000,0.000000,0.786185,0,1,4.75600,2213.019,1.122,5.000,1.3877,63,126,63,63,48
36,post_landing,108,1818.0,59,229.466,501.990,0.00000,0.00000,0.00000,0.000000,0.786185,0,1,4.75600,2213.019,1.122,5.000,1.3877,63,126,63,63,48
36,post_landing,109,1835.0,59,229.466,501.990,0.00000,0.00000,0.00000,0.000000,0.786185,0,1,4.75600,2213.019,1.122,5.000,1.3877,63,126,63,63,48
36,post_landing,110,1852.0,59,229.466,501.986,-0.00000,0.00000,0.00000,0.000000,0.786185,0,1,4.75600,2213.019,1.122,5.000,1.3877,63,126,63,63,48
36,post_landing,111,1868.0,59,229.466,501.990,0.00000,0.00000,0.00000,0.000000,0.786185,0,1,4.75600,2213.019,1.122,5.000,1.3877,63,126,63,63,48
36,post_landing,112,1885.0,59,229.466,501.990,0.00000,0.00000,0.00000,0.000000,0.786185,0,1,4.75600,2213.019,1.122,5.000,1.3877,63,126,63,63,48
36,post_landing,113,1902.0,59,229.466,501.986,-0.00000,0.00000,0.00000,0.000000,0.786185,0,1,4.75600,2213.019,1.122,5.000,1.3877,63,126,63,63,48
36,post_landing,114,1918.0,59,229.466,501.990,0.00000,0.00000,0.00000,0.000000,0.786185,0,1,4.75600,2213.019,1.122,5.000,1.3877,63,126,63,63,48
36,post_landing,115,1935.0,59,229.466,501.990,0.00000,0.00000,0.00000,0.000000,0.786185,0,1,4.75600,2213.019,1.122,5.000,1.3877,63,126,63,63,48
36,post_landing,116,1952.0,59,229.466,501.986,-0.00000,0.00000,0.00000,0.000000,0.786185,0,1,4.75600,2213.019,1.122,5.000,1.3877,63,126,63,63,48
36,post_landing,117,1968.0,59,229.466,501.990,0.00000,0.00000,0.00000,0.000000,0.786185,0,1,4.75600,2213.019,1.122,5.000,1.3877,63,126,63,63,48
36,post_landing,118,1985.0,59,229.466,501.990,0.00000,0.00000,0.00000,0.000000,0.786185,0,1,4.75600,2213.019,1.122,5.000,1.3877,63,126,63,63,48
37,falling,0,29.0,,195.000,97.029,0.00000,0.55000,0.55000,0.000000,0.000000,0,0,3.77600,957.905,2.374,13.000,1.5385,71,142,71,83,62
37,falling,1,31.0,,195.000,97.099,0.00000,0.58234,0.58234,0.000000,0.000000,0,0,3.77600,957.905,2.374,13.000,1.5385,71,142,71,83,62
37,falling,2,46.0,,195.000,97.841,0.00000,0.82448,0.82448,0.000000,0.000000,0,0,3.77600,957.905,2.374,13.000,1.5385,71,142,71,83,62
37,falling,3,63.0,,195.000,98.958,0.00000,1.09520,1.09520,0.000000,0.000000,0,0,3.77600,957.905,2.374,13.000,1.5385,71,142,71,83,62
37,falling,4,80.0,,195.000,100.347,0.00000,1.36178,1.36178,0.000000,0.000000,0,0,3.77600,957.905,2.374,13.000,1.5385,71,142,71,83,62
37,falling,5,96.0,,195.000,101.892,0.00000,1.60883,1.60883,0.000000,0.000000,0,0,3.77600,957.905,2.374,13.000,1.5385,71,142,71,83,62
37,falling,6,113.0,,195.000,103.796,0.00000,1.86755,1.86755,0.000000,0.000000,0,0,3.77600,957.905,2.374,13.000,1.5385,71,142,71,83,62
37,falling,7,130.0,,195.000,105.961,0.00000,2.12231,2.12231,0.000000,0.000000,0,0,3.77600,957.905,2.374,13.000,1.5385,71,142,71,83,62
37,falling,8,146.0,,195.000,108.225,0.00000,2.35842,2.35842,0.000000,0.000000,0,0,3.77600,957.905,2.374,13.000,1.5385,71,142,71,83,62
37,falling,9,163.0,,195.000,110.883,0.00000,2.60567,2.60567,0.000000,0.000000,0,0,3.77600,957.905,2.374,13.000,1.5385,71,142,71,83,62
37,falling,10,180.0,,195.000,113.789,0.00000,2.84913,2.84913,0.000000,0.000000,0,0,3.77600,957.905,2.374,13.000,1.5385,71,142,71,83,62
37,falling,11,196.0,,195.000,116.741,0.00000,3.07477,3.07477,0.000000,0.000000,0,0,3.77600,957.905,2.374,13.000,1.5385,71,142,71,83,62
37,falling,12,213.0,,195.000,120.118,0.00000,3.31106,3.31106,0.000000,0.000000,0,0,3.77600,957.905,2.374,13.000,1.5385,71,142,71,83,62
37,falling,13,230.0,,195.000,123.733,0.00000,3.54374,3.54374,0.000000,0.000000,0,0,3.77600,957.905,2.374,13.000,1.5385,71,142,71,83,62
37,falling,14,246.0,,195.000,127.342,0.00000,3.75937,3.75937,0.000000,0.000000,0,0,3.77600,957.905,2.374,13.000,1.5385,71,142,71,83,62
37,falling,15,263.0,,195.000,131.407,0.00000,3.98519,3.98519,0.000000,0.000000,0,0,3.77600,957.905,2.374,13.000,1.5385,71,142,71,83,62
37,falling,16,280.0,,195.000,135.698,0.00000,4.20755,4.20755,0.000000,0.000000,0,0,3.77600,957.905,2.374,13.000,1.5385,71,142,71,83,62
37,falling,17,296.0,,195.000,139.935,0.00000,4.41363,4.41363,0.000000,0.000000,0,0,3.77600,957.905,2.374,13.000,1.5385,71,142,71,83,62
37,falling,18,313.0,,195.000,144.658,0.00000,4.62943,4.62943,0.000000,0.000000,0,0,3.77600,957.905,2.374,13.000,1.5385,71,142,71,83,62
37,falling,19,330.0,,195.000,149.596,0.00000,4.84193,4.84193,0.000000,0.000000,0,0,3.77600,957.905,2.374,13.000,1.5385,71,142,71,83,62
37,falling,20,346.0,,195.000,154.434,0.00000,5.03888,5.03888,0.000000,0.000000,0,0,3.77600,957.905,2.374,13.000,1.5385,71,142,71,83,62
37,falling,21,363.0,,195.000,159.784,0.00000,5.24512,5.24512,0.000000,0.000000,0,0,3.77600,957.905,2.374,13.000,1.5385,71,142,71,83,62
37,falling,22,380.0,,195.000,165.002,0.00000,5.43625,5.43625,0.000000,0.000000,0,0,3.77600,957.905,2.374,13.000,1.5385,71,142,71,83,62
37,falling,23,396.0,,195.000,170.752,0.00000,5.63641,5.63641,0.000000,0.000000,0,0,3.77600,957.905,2.374,13.000,1.5385,71,142,71,83,62
37,falling,24,413.0,,195.000,176.702,0.00000,5.83351,5.83351,0.000000,0.000000,0,0,3.77600,957.905,2.374,13.000,1.5385,71,142,71,83,62
37,falling,25,430.0,,195.000,182.477,0.00000,6.01617,6.01617,0.000000,0.000000,0,0,3.77600,957.905,2.374,13.000,1.5385,71,142,71,83,62
37,falling,26,446.0,,195.000,188.809,0.00000,6.20746,6.20746,0.000000,0.000000,0,0,3.77600,957.905,2.374,13.000,1.5385,71,142,71,83,62
37,falling,27,463.0,,195.000,195.333,0.00000,6.39582,6.39582,0.000000,0.000000,0,0,3.77600,957.905,2.374,13.000,1.5385,71,142,71,83,62
37,falling,28,480.0,,195.000,201.640,0.00000,6.57038,6.57038,0.000000,0.000000,0,0,3.77600,957.905,2.374,13.000,1.5385,71,142,71,83,62
37,falling,29,496.0,,195.000,208.528,0.00000,6.75319,6.75319,0.000000,0.000000,0,0,3.77600,957.905,2.374,13.000,1.5385,71,142,71,83,62
37,falling,30,513.0,,195.000,215.600,0.00000,6.93320,6.93320,0.000000,0.000000,0,0,3.77600,957.905,2.374,13.000,1.5385,71,142,71,83,62
37,falling,31,530.0,,195.000,222.416,0.00000,7.10003,7.10003,0.000000,0.000000,0,0,3.77600,957.905,2.374,13.000,1.5385,71,142,71,83,62
37,falling,32,546.0,,195.000,229.837,0.00000,7.27473,7.27473,0.000000,0.000000,0,0,3.77600,957.905,2.374,13.000,1.5385,71,142,71,83,62
37,falling,33,563.0,,195.000,237.432,0.00000,7.44676,7.44676,0.000000,0.000000,0,0,3.77600,957.905,2.374,13.000,1.5385,71,142,71,83,62
37,falling,34,580.0,,195.000,244.734,0.00000,7.60619,7.60619,0.000000,0.000000,0,0,3.77600,957.905,2.374,13.000,1.5385,71,142,71,83,62
37,falling,35,596.0,,195.000,252.663,0.00000,7.77315,7.77315,0.000000,0.000000,0,0,3.77600,957.905,2.374,13.000,1.5385,71,142,71,83,62
37,falling,36,613.0,,195.000,260.759,0.00000,7.93756,7.93756,0.000000,0.000000,0,0,3.77600,957.905,2.374,13.000,1.5385,71,142,71,83,62
37,falling,37,630.0,,195.000,268.525,0.00000,8.08992,8.08992,0.000000,0.000000,0,0,3.77600,957.905,2.374,13.000,1.5385,71,142,71,83,62
37,falling,38,646.0,,195.000,276.940,0.00000,8.24948,8.24948,0.000000,0.000000,0,0,3.77600,957.905,2.374,13.000,1.5385,71,142,71,83,62
37,falling,39,663.0,,195.000,285.515,0.00000,8.40660,8.40660,0.000000,0.000000,0,0,3.77600,957.905,2.374,13.000,1.5385,71,142,71,83,62
37,falling,40,680.0,,195.000,293.725,0.00000,8.55221,8.55221,0.000000,0.000000,0,0,3.77600,957.905,2.374,13.000,1.5385,71,142,71,83,62
37,falling,41,696.0,,195.000,302.604,0.00000,8.70469,8.70469,0.000000,0.000000,0,0,3.77600,957.905,2.374,13.000,1.5385,71,142,71,83,62
37,falling,42,713.0,,195.000,311.635,0.00000,8.85484,8.85484,0.000000,0.000000,0,0,3.77600,957.905,2.374,13.000,1.5385,71,142,71,83,62
37,falling,43,730.0,,195.000,320.270,0.00000,8.99400,8.99400,0.000000,0.000000,0,0,3.77600,957.905,2.374,13.000,1.5385,71,142,71,83,62
37,falling,44,746.0,,195.000,329.592,0.00000,9.13973,9.13973,0.000000,0.000000,0,0,3.77600,957.905,2.374,13.000,1.5385,71,142,71,83,62
37,falling,45,763.0,,195.000,339.061,0.00000,9.28322,9.28322,0.000000,0.000000,0,0,3.77600,957.905,2.374,13.000,1.5385,71,142,71,83,62
37,falling,46,780.0,,195.000,348.101,0.00000,9.41621,9.41621,0.000000,0.000000,0,0,3.77600,957.905,2.374,13.000,1.5385,71,142,71,83,62
37,falling,47,796.0,,195.000,357.847,0.00000,9.55548,9.55548,0.000000,0.000000,0,0,3.77600,957.905,2.374,13.000,1.5385,71,142,71,83,62
37,falling,48,813.0,,195.000,367.734,0.00000,9.69261,9.69261,0.000000,0.000000,0,0,3.77600,957.905,2.374,13.000,1.5385,71,142,71,83,62
37,falling,49,829.0,,195.000,377.161,0.00000,9.81970,9.81970,0.000000,0.000000,0,0,3.77600,957.905,2.374,13.000,1.5385,71,142,71,83,62
37,falling,50,846.0,,195.000,387.313,0.00000,9.95279,9.95279,0.000000,0.000000,0,0,3.77600,957.905,2.374,13.000,1.5385,71,142,71,83,62
37,falling,51,863.0,,195.000,397.598,0.00000,10.08385,10.08385,0.000000,0.000000,0,0,3.77600,957.905,2.374,13.000,1.5385,71,142,71,83,62
37,falling,52,879.0,,195.000,407.395,0.00000,10.20531,10.20531,0.000000,0.000000,0,0,3.77600,957.905,2.374,13.000,1.5385,71,142,71,83,62
37,falling,53,896.0,,195.000,417.934,0.00000,10.33250,10.33250,0.000000,0.000000,0,0,3.77600,957.905,2.374,13.000,1.5385,71,142,71,83,62
37,falling,54,913.0,,195.000,428.601,0.00000,10.45775,10.45775,0.000000,0.000000,0,0,3.77600,957.905,2.374,13.000,1.5385,71,142,71,83,62
37,falling,55,929.0,,195.000,438.752,0.00000,10.57382,10.57382,0.000000,0.000000,0,0,3.77600,957.905,2.374,13.000,1.5385,71,142,71,83,62
37,falling,56,946.0,,195.000,449.661,0.00000,10.69538,10.69538,0.000000,0.000000,0,0,3.77600,957.905,2.374,13.000,1.5385,71,142,71,83,62
37,falling,57,963.0,,195.000,460.037,0.00000,10.80803,10.80803,0.000000,0.000000,0,0,3.77600,957.905,2.374,13.000,1.5385,71,142,71,83,62
37,falling,58,979.0,,195.000,471.182,0.00000,10.92600,10.92600,0.000000,0.000000,0,0,3.77600,957.905,2.374,13.000,1.5385,71,142,71,83,62
37,post_landing,59,996.0,59,195.000,479.681,-2.80197,-0.28318,2.81624,-0.044388,0.000000,0,1,3.77600,957.905,2.374,13.000,1.5385,71,142,71,83,62
37,post_landing,60,1013.0,59,192.349,479.530,-2.50105,0.00000,2.50105,-0.025045,-0.041999,0,1,3.77600,957.905,2.374,13.000,1.5385,71,142,71,83,62
37,post_landing,61,1029.0,59,189.837,479.659,-1.99522,0.10767,1.99812,-0.033617,-0.067153,0,1,3.77600,957.905,2.374,13.000,1.5385,71,142,71,83,62
37,post_landing,62,1046.0,59,187.833,480.093,-1.68705,0.14199,1.69301,-0.025782,-0.100919,0,1,3.77600,957.905,2.374,13.000,1.5385,71,142,71,83,62
37,post_landing,63,1063.0,59,186.237,480.443,-1.55570,0.10309,1.55911,-0.014469,-0.125313,0,1,3.77600,957.905,2.374,13.000,1.5385,71,142,71,83,62
37,post_landing,64,1079.0,59,184.674,480.669,-1.77654,0.14624,1.78255,0.017960,-0.139845,0,1,3.77600,957.905,2.374,13.000,1.5385,71,142,71,83,62
37,post_landing,65,1096.0,59,182.890,480.389,-1.47572,-0.03579,1.47615,-0.032394,-0.121807,0,1,3.77600,957.905,2.374,13.000,1.5385,71,142,71,83,62
37,post_landing,66,1113.0,59,181.493,480.611,-1.45446,0.23139,1.47276,-0.031927,-0.152457,0,0,3.77600,957.905,2.374,13.000,1.5385,71,142,71,83,62
37,post_landing,67,1129.0,59,180.033,481.133,-1.43221,0.51118,1.52070,-0.031439,-0.184525,0,0,3.77600,957.905,2.374,13.000,1.5385,71,142,71,83,62
37,post_landing,68,1146.0,59,178.594,481.933,-1.68248,0.24802,1.70066,0.007532,-0.216102,0,1,3.77600,957.905,2.374,13.000,1.5385,71,142,71,83,62
37,post_landing,69,1163.0,59,177.002,481.802,-1.33093,0.11027,1.33549,-0.019481,-0.208975,0,1,3.77600,957.905,2.374,13.000,1.5385,71,142,71,83,62
37,post_landing,70,1179.0,59,175.665,482.166,-1.16753,0.06511,1.16935,-0.019306,-0.228542,0,1,3.77600,957.905,2.374,13.000,1.5385,71,142,71,83,62
37,post_landing,71,1196.0,59,174.493,482.532,-1.01901,0.06179,1.02088,-0.018129,-0.247934,0,1,3.77600,957.905,2.374,13.000,1.5385,71,142,71,83,62
37,post_landing,72,1213.0,59,173.529,482.870,-0.89127,0.06762,0.89383,-0.016043,-0.265087,0,1,3.77600,957.905,2.374,13.000,1.5385,71,142,71,83,62
37,post_landing,73,1229.0,59,172.633,483.205,-0.80305,0.04747,0.80445,-0.015825,-0.281200,0,1,3.77600,957.905,2.374,13.000,1.5385,71,142,71,83,62
37,post_landing,74,1246.0,59,171.827,483.537,-0.72690,0.09337,0.73287,-0.027977,-0.297095,0,1,3.77600,957.905,2.374,13.000,1.5385,71,142,71,83,62
37,post_landing,75,1263.0,59,171.139,483.882,-0.71643,0.35869,0.80121,-0.027575,-0.323566,0,0,3.77600,957.905,2.374,13.000,1.5385,71,142,71,83,62
37,post_landing,76,1279.0,59,170.419,484.531,-0.70547,0.63653,0.95019,-0.027153,-0.351262,0,0,3.77600,957.905,2.374,13.000,1.5385,71,142,71,83,62
37,post_landing,77,1296.0,59,169.711,485.245,-1.14518,-0.69883,1.34156,-0.041778,-0.378534,0,1,3.77600,957.905,2.374,13.000,1.5385,71,142,71,83,62
37,post_landing,78,1313.0,59,168.627,484.840,-1.12869,-0.42210,1.20503,-0.041176,-0.418063,0,0,3.77600,957.905,2.374,13.000,1.5385,71,142,71,83,62
37,post_landing,79,1329.0,59,167.494,484.705,-1.11142,-0.13231,1.11926,-0.040546,-0.459420,0,0,3.77600,957.905,2.374,13.000,1.5385,71,142,71,83,62
37,post_landing,80,1346.0,59,166.377,484.861,-1.09441,0.15305,1.10506,-0.039926,-0.500144,0,0,3.77600,957.905,2.374,13.000,1.5385,71,142,71,83,62
37,post_landing,81,1363.0,59,165.342,485.262,-1.07865,0.41751,1.15664,-0.039351,-0.537921,0,0,3.77600,957.905,2.374,13.000,1.5385,71,142,71,83,62
37,post_landing,82,1379.0,59,164.258,485.970,-1.06215,0.69446,1.26903,-0.038749,-0.577444,0,0,3.77600,957.905,2.374,13.000,1.5385,71,142,71,83,62
37,post_landing,83,1396.0,59,163.192,486.956,-1.04590,0.96717,1.42454,-0.038156,-0.616363,0,0,3.77600,957.905,2.374,13.000,1.5385,71,142,71,83,62
37,post_landing,84,1413.0,59,162.202,488.128,-1.03084,1.21991,1.59712,-0.037606,-0.652465,0,0,3.77600,957.905,2.374,13.000,1.5385,71,142,71,83,62
37,post_landing,85,1429.0,59,161.167,489.526,-1.47480,0.33840,1.51312,-0.006416,-0.690237,0,1,3.77600,957.905,2.374,13.000,1.5385,71,142,71,83,62
37,post_landing,86,1446.0,59,159.685,489.683,-1.34060,0.09388,1.34388,-0.016435,-0.696681,0,1,3.77600,957.905,2.374,13.000,1.5385,71,142,71,83,62
37,post_landing,87,1463.0,59,158.417,489.970,-1.11385,0.13649,1.12218,-0.013820,-0.712232,0,1,3.77600,957.905,2.374,13.000,1.5385,71,142,71,83,62
37,post_landing,88,1479.0,59,157.298,490.269,-0.89506,0.15874,0.90903,-0.013088,-0.726113,0,1,3.77600,957.905,2.374,13.000,1.5385,71,142,71,83,62
37,post_landing,89,1496.0,59,156.399,490.553,-0.72912,0.16707,0.74801,-0.010752,-0.739258,0,1,3.77600,957.905,2.374,13.000,1.5385,71,142,71,83,62
37,post_landing,90,1513.0,59,155.709,490.775,-0.65646,0.16173,0.67609,-0.005674,-0.749431,0,1,3.77600,957.905,2.374,13.000,1.5385,71,142,71,83,62
37,post_landing,91,1529.0,59,155.050,490.912,-0.53842,0.31317,0.62287,-0.013981,-0.755130,0,1,3.77600,957.905,2.374,13.000,1.5385,71,142,71,83,62
37,post_landing,92,1546.0,59,154.509,491.223,-0.46630,0.28054,0.54419,-0.029946,-0.769172,0,1,3.77600,957.905,2.374,13.000,1.5385,71,142,71,83,62
37,post_landing,93,1563.0,59,154.068,491.745,-0.45958,0.54317,0.71151,-0.029515,-0.797506,0,0,3.77600,957.905,2.374,13.000,1.5385,71,142,71,83,62
37,post_landing,94,1579.0,59,153.606,492.559,-0.55072,0.20864,0.58892,-0.016712,-0.827151,0,1,3.77600,957.905,2.374,13.000,1.5385,71,142,71,83,62
37,post_landing,95,1596.0,59,153.053,492.974,-0.49320,0.16655,0.52057,-0.009795,-0.843936,0,1,3.77600,957.905,2.374,13.000,1.5385,71,142,71,83,62
37,post_landing,96,1613.0,59,152.587,493.210,-0.42352,0.15240,0.45011,-0.006924,-0.853203,0,1,3.77600,957.905,2.374,13.000,1.5385,71,142,71,83,62
37,post_landing,97,1629.0,59,152.161,493.392,-0.38042,0.13919,0.40508,-0.006223,-0.860157,0,1,3.77600,957.905,2.374,13.000,1.5385,71,142,71,83,62
37,post_landing,98,1646.0,59,151.779,493.550,-0.35108,0.13114,0.37477,-0.005781,-0.866408,0,1,3.77600,957.905,2.374,13.000,1.5385,71,142,71,83,62
37,post_landing,99,1663.0,59,151.447,493.685,-0.32615,0.12254,0.34841,-0.005448,-0.871878,0,1,3.77600,957.905,2.374,13.000,1.5385,71,142,71,83,62
37,post_landing,100,1679.0,59,151.119,493.829,-0.31619,0.24871,0.40229,-0.009618,-0.877351,0,1,3.77600,957.905,2.374,13.000,1.5385,71,142,71,83,62
37,post_landing,101,1696.0,59,150.802,494.079,-0.31945,0.30077,0.43877,-0.016376,-0.887011,0,1,3.77600,957.905,2.374,13.000,1.5385,71,142,71,83,62
37,post_landing,102,1713.0,59,150.500,494.471,-0.33720,0.33570,0.47581,-0.019736,-0.902505,0,1,3.77600,957.905,2.374,13.000,1.5385,71,142,71,83,62
37,post_landing,103,1729.0,59,150.161,494.996,-0.35286,0.38491,0.52217,-0.021618,-0.922328,0,1,3.77600,957.905,2.374,13.000,1.5385,71,142,71,83,62
37,post_landing,104,1746.0,59,149.806,495.584,-0.36193,0.43013,0.56214,-0.022999,-0.944041,0,1,3.77600,957.905,2.374,13.000,1.5385,71,142,71,83,62
37,post_landing,105,1763.0,59,149.464,496.182,-0.36317,0.46438,0.58952,-0.023594,-0.965802,0,1,3.77600,957.905,2.374,13.000,1.5385,71,142,71,83,62
37,post_landing,106,1779.0,59,149.099,496.854,-0.35590,0.50666,0.61917,-0.024541,-0.989500,0,1,3.77600,957.905,2.374,13.000,1.5385,71,142,71,83,62
37,post_landing,107,1796.0,59,148.742,497.565,-0.34163,0.54444,0.64275,-0.025448,-1.014149,0,1,3.77600,957.905,2.374,13.000,1.5385,71,142,71,83,62
37,post_landing,108,1813.0,59,148.419,498.117,-0.07565,-0.02665,0.08021,-0.002820,-1.038227,0,1,3.77600,957.905,2.374,13.000,1.5385,71,142,71,83,62
37,post_landing,109,1829.0,59,148.343,498.127,-0.09450,-0.02537,0.09785,0.005024,-1.041060,0,1,3.77600,957.905,2.374,13.000,1.5385,71,142,71,83,62
37,post_landing,110,1846.0,59,148.248,498.120,0.01071,0.00000,0.01071,0.000000,-1.036014,0,1,3.77600,957.905,2.374,13.000,1.5385,71,142,71,83,62
37,post_landing,111,1862.0,59,148.258,498.117,0.09462,0.06255,0.11343,-0.001434,-1.036014,0,1,3.77600,957.905,2.374,13.000,1.5385,71,142,71,83,62
37,post_landing,112,1879.0,59,148.353,498.127,0.12859,0.00000,0.12859,0.000000,-1.037454,0,1,3.77600,957.905,2.374,13.000,1.5385,71,142,71,83,62
37,post_landing,113,1896.0,59,148.482,498.124,0.03508,0.00000,0.03508,-0.002039,-1.037454,0,1,3.77600,957.905,2.374,13.000,1.5385,71,142,71,83,62
37,post_landing,114,1913.0,59,148.515,498.122,-0.03669,-0.01454,0.03947,0.000000,-1.039383,0,1,3.77600,957.905,2.374,13.000,1.5385,71,142,71,83,62
37,post_landing,115,1929.0,59,148.478,498.125,-0.07263,-0.02362,0.07637,0.004136,-1.039383,0,1,3.77600,957.905,2.374,13.000,1.5385,71,142,71,83,62
37,post_landing,116,1946.0,59,148.410,498.115,-0.17894,-0.06340,0.18984,-0.001015,-1.035469,0,1,3.77600,957.905,2.374,13.000,1.5385,71,142,71,83,62
37,post_landing,117,1962.0,59,148.230,498.117,-0.61319,-0.23420,0.65639,-0.018744,-1.036489,0,1,3.77600,957.905,2.374,13.000,1.5385,71,142,71,83,62
37,post_landing,118,1979.0,59,147.614,497.840,-0.52472,-0.22279,0.57006,-0.001224,-1.055316,0,1,3.77600,957.905,2.374,13.000,1.5385,71,142,71,83,62
