piece,phase,frame,time_ms,landing_frame,x,y,velocity_x,velocity_y,speed,angular_velocity,angle,sleeping,ground_contact,mass,inertia,com_offset_px,footprint_width_px,bottom_width_1px,bottom_width_2px,bottom_width_4px,bottom_width_8px,contact_width_px,contact_center_offset_px,contact_points,contact_parts,aspect_ratio,physics_parts,triangles,regions,raw_regions,contour_vertices
1,falling,0,2.0,,195.000,97.029,0.00000,0.55000,0.55000,0.000000,0.000000,0,0,4.34800,1775.255,7.415,3.000,3.000,11.000,12.000,12.000,0.000,0.000,0,0,1.0110,88,176,88,91,83
1,falling,1,7.0,,195.000,97.262,0.00000,0.64703,0.64703,0.000000,0.000000,0,0,4.34800,1775.255,7.415,3.000,3.000,11.000,12.000,12.000,0.000,0.000,0,0,1.0110,88,176,88,91,83
1,falling,2,16.0,,195.000,97.689,0.00000,0.79179,0.79179,0.000000,0.000000,0,0,4.34800,1775.255,7.415,3.000,3.000,11.000,12.000,12.000,0.000,0.000,0,0,1.0110,88,176,88,91,83
1,falling,3,32.0,,195.000,98.695,0.00000,1.04705,1.04705,0.000000,0.000000,0,0,4.34800,1775.255,7.415,3.000,3.000,11.000,12.000,12.000,0.000,0.000,0,0,1.0110,88,176,88,91,83
1,falling,4,49.0,,195.000,100.035,0.00000,1.31437,1.31437,0.000000,0.000000,0,0,4.34800,1775.255,7.415,3.000,3.000,11.000,12.000,12.000,0.000,0.000,0,0,1.0110,88,176,88,91,83
1,falling,5,66.0,,195.000,101.644,0.00000,1.57759,1.57759,0.000000,0.000000,0,0,4.34800,1775.255,7.415,3.000,3.000,11.000,12.000,12.000,0.000,0.000,0,0,1.0110,88,176,88,91,83
1,falling,6,82.0,,195.000,103.393,0.00000,1.82154,1.82154,0.000000,0.000000,0,0,4.34800,1775.255,7.415,3.000,3.000,11.000,12.000,12.000,0.000,0.000,0,0,1.0110,88,176,88,91,83
1,falling,7,99.0,,195.000,105.512,0.00000,2.07700,2.07700,0.000000,0.000000,0,0,4.34800,1775.255,7.415,3.000,3.000,11.000,12.000,12.000,0.000,0.000,0,0,1.0110,88,176,88,91,83
1,falling,8,116.0,,195.000,107.887,0.00000,2.32856,2.32856,0.000000,0.000000,0,0,4.34800,1775.255,7.415,3.000,3.000,11.000,12.000,12.000,0.000,0.000,0,0,1.0110,88,176,88,91,83
1,falling,9,132.0,,195.000,110.346,0.00000,2.56169,2.56169,0.000000,0.000000,0,0,4.34800,1775.255,7.415,3.000,3.000,11.000,12.000,12.000,0.000,0.000,0,0,1.0110,88,176,88,91,83
1,falling,10,149.0,,195.000,113.208,0.00000,2.80583,2.80583,0.000000,0.000000,0,0,4.34800,1775.255,7.415,3.000,3.000,11.000,12.000,12.000,0.000,0.000,0,0,1.0110,88,176,88,91,83
1,falling,11,166.0,,195.000,116.315,0.00000,3.04624,3.04624,0.000000,0.000000,0,0,4.34800,1775.255,7.415,3.000,3.000,11.000,12.000,12.000,0.000,0.000,0,0,1.0110,88,176,88,91,83
1,falling,12,183.0,,195.000,119.453,0.00000,3.26904,3.26904,0.000000,0.000000,0,0,4.34800,1775.255,7.415,3.000,3.000,11.000,12.000,12.000,0.000,0.000,0,0,1.0110,88,176,88,91,83
1,falling,13,199.0,,195.000,123.026,0.00000,3.50236,3.50236,0.000000,0.000000,0,0,4.34800,1775.255,7.415,3.000,3.000,11.000,12.000,12.000,0.000,0.000,0,0,1.0110,88,176,88,91,83
1,falling,14,216.0,,195.000,126.833,0.00000,3.73210,3.73210,0.000000,0.000000,0,0,4.34800,1775.255,7.415,3.000,3.000,11.000,12.000,12.000,0.000,0.000,0,0,1.0110,88,176,88,91,83
1,falling,15,233.0,,195.000,130.620,0.00000,3.94503,3.94503,0.000000,0.000000,0,0,4.34800,1775.255,7.415,3.000,3.000,11.000,12.000,12.000,0.000,0.000,0,0,1.0110,88,176,88,91,83
1,falling,16,250.0,,195.000,134.871,0.00000,4.16800,4.16800,0.000000,0.000000,0,0,4.34800,1775.255,7.415,3.000,3.000,11.000,12.000,12.000,0.000,0.000,0,0,1.0110,88,176,88,91,83
1,falling,17,266.0,,195.000,139.346,0.00000,4.38756,4.38756,0.000000,0.000000,0,0,4.34800,1775.255,7.415,3.000,3.000,11.000,12.000,12.000,0.000,0.000,0,0,1.0110,88,176,88,91,83
1,falling,18,283.0,,195.000,143.754,0.00000,4.59105,4.59105,0.000000,0.000000,0,0,4.34800,1775.255,7.415,3.000,3.000,11.000,12.000,12.000,0.000,0.000,0,0,1.0110,88,176,88,91,83
1,falling,19,300.0,,195.000,148.654,0.00000,4.80414,4.80414,0.000000,0.000000,0,0,4.34800,1775.255,7.415,3.000,3.000,11.000,12.000,12.000,0.000,0.000,0,0,1.0110,88,176,88,91,83
1,falling,20,316.0,,195.000,153.768,0.00000,5.01397,5.01397,0.000000,0.000000,0,0,4.34800,1775.255,7.415,3.000,3.000,11.000,12.000,12.000,0.000,0.000,0,0,1.0110,88,176,88,91,83
1,falling,21,333.0,,195.000,158.768,0.00000,5.20844,5.20844,0.000000,0.000000,0,0,4.34800,1775.255,7.415,3.000,3.000,11.000,12.000,12.000,0.000,0.000,0,0,1.0110,88,176,88,91,83
1,falling,22,350.0,,195.000,164.289,0.00000,5.41208,5.41208,0.000000,0.000000,0,0,4.34800,1775.255,7.415,3.000,3.000,11.000,12.000,12.000,0.000,0.000,0,0,1.0110,88,176,88,91,83
1,falling,23,366.0,,195.000,170.014,0.00000,5.61261,5.61261,0.000000,0.000000,0,0,4.34800,1775.255,7.415,3.000,3.000,11.000,12.000,12.000,0.000,0.000,0,0,1.0110,88,176,88,91,83
1,falling,24,383.0,,195.000,175.580,0.00000,5.79845,5.79845,0.000000,0.000000,0,0,4.34800,1775.255,7.415,3.000,3.000,11.000,12.000,12.000,0.000,0.000,0,0,1.0110,88,176,88,91,83
1,falling,25,401.0,,195.000,181.693,0.00000,5.99307,5.99307,0.000000,0.000000,0,0,4.34800,1775.255,7.415,3.000,3.000,11.000,12.000,12.000,0.000,0.000,0,0,1.0110,88,176,88,91,83
1,falling,26,416.0,,195.000,188.002,0.00000,6.18471,6.18471,0.000000,0.000000,0,0,4.34800,1775.255,7.415,3.000,3.000,11.000,12.000,12.000,0.000,0.000,0,0,1.0110,88,176,88,91,83
1,falling,27,433.0,,195.000,194.502,0.00000,6.37342,6.37342,0.000000,0.000000,0,0,4.34800,1775.255,7.415,3.000,3.000,11.000,12.000,12.000,0.000,0.000,0,0,1.0110,88,176,88,91,83
1,falling,28,450.0,,195.000,200.789,0.00000,6.54831,6.54831,0.000000,0.000000,0,0,4.34800,1775.255,7.415,3.000,3.000,11.000,12.000,12.000,0.000,0.000,0,0,1.0110,88,176,88,91,83
1,falling,29,466.0,,195.000,207.655,0.00000,6.73145,6.73145,0.000000,0.000000,0,0,4.34800,1775.255,7.415,3.000,1.000,3.000,12.000,12.000,0.000,0.000,0,0,1.0110,88,176,88,91,83
1,falling,30,483.0,,195.000,214.705,0.00000,6.91179,6.91179,0.000000,0.000000,0,0,4.34800,1775.255,7.415,3.000,1.000,3.000,12.000,12.000,0.000,0.000,0,0,1.0110,88,176,88,91,83
1,falling,31,500.0,,195.000,221.501,0.00000,7.07893,7.07893,0.000000,0.000000,0,0,4.34800,1775.255,7.415,3.000,1.000,3.000,12.000,12.000,0.000,0.000,0,0,1.0110,88,176,88,91,83
1,falling,32,516.0,,195.000,228.900,0.00000,7.25396,7.25396,0.000000,0.000000,0,0,4.34800,1775.255,7.415,3.000,1.000,3.000,12.000,12.000,0.000,0.000,0,0,1.0110,88,176,88,91,83
1,falling,33,533.0,,195.000,236.475,0.00000,7.42630,7.42630,0.000000,0.000000,0,0,4.34800,1775.255,7.415,3.000,1.000,3.000,12.000,12.000,0.000,0.000,0,0,1.0110,88,176,88,91,83
1,falling,34,550.0,,195.000,243.757,0.00000,7.58603,7.58603,0.000000,0.000000,0,0,4.34800,1775.255,7.415,3.000,1.000,3.000,12.000,12.000,0.000,0.000,0,0,1.0110,88,176,88,91,83
1,falling,35,566.0,,195.000,251.665,0.00000,7.75330,7.75330,0.000000,0.000000,0,0,4.34800,1775.255,7.415,3.000,1.000,3.000,12.000,12.000,0.000,0.000,0,0,1.0110,88,176,88,91,83
1,falling,36,583.0,,195.000,259.742,0.00000,7.91801,7.91801,0.000000,0.000000,0,0,4.34800,1775.255,7.415,3.000,1.000,3.000,12.000,12.000,0.000,0.000,0,0,1.0110,88,176,88,91,83
1,falling,37,600.0,,195.000,267.490,0.00000,8.07065,8.07065,0.000000,0.000000,0,0,4.34800,1775.255,7.415,3.000,1.000,3.000,12.000,12.000,0.000,0.000,0,0,1.0110,88,176,88,91,83
1,falling,38,616.0,,195.000,275.885,0.00000,8.23051,8.23051,0.000000,0.000000,0,0,4.34800,1775.255,7.415,3.000,1.000,3.000,12.000,12.000,0.000,0.000,0,0,1.0110,88,176,88,91,83
1,falling,39,633.0,,195.000,284.440,0.00000,8.38791,8.38791,0.000000,0.000000,0,0,4.34800,1775.255,7.415,3.000,1.000,3.000,12.000,12.000,0.000,0.000,0,0,1.0110,88,176,88,91,83
1,falling,40,650.0,,195.000,292.633,0.00000,8.53379,8.53379,0.000000,0.000000,0,0,4.34800,1775.255,7.415,3.000,1.000,3.000,12.000,12.000,0.000,0.000,0,0,1.0110,88,176,88,91,83
1,falling,41,667.0,,195.000,301.493,0.00000,8.68656,8.68656,0.000000,0.000000,0,0,4.34800,1775.255,7.415,3.000,1.000,3.000,12.000,12.000,0.000,0.000,0,0,1.0110,88,176,88,91,83
1,falling,42,683.0,,195.000,310.507,0.00000,8.83699,8.83699,0.000000,0.000000,0,0,4.34800,1775.255,7.415,3.000,1.000,3.000,12.000,12.000,0.000,0.000,0,0,1.0110,88,176,88,91,83
1,falling,43,700.0,,195.000,319.672,0.00000,8.98512,8.98512,0.000000,0.000000,0,0,4.34800,1775.255,7.415,3.000,1.000,3.000,12.000,12.000,0.000,0.000,0,0,1.0110,88,176,88,91,83
1,falling,44,717.0,,195.000,328.429,0.00000,9.12240,9.12240,0.000000,0.000000,0,0,4.34800,1775.255,7.415,3.000,1.000,3.000,12.000,12.000,0.000,0.000,0,0,1.0110,88,176,88,91,83
1,falling,45,733.0,,195.000,337.881,0.00000,9.26616,9.26616,0.000000,0.000000,0,0,4.34800,1775.255,7.415,3.000,1.000,3.000,12.000,12.000,0.000,0.000,0,0,1.0110,88,176,88,91,83
1,falling,46,750.0,,195.000,347.477,0.00000,9.40772,9.40772,0.000000,0.000000,0,0,4.34800,1775.255,7.415,3.000,1.000,3.000,12.000,12.000,0.000,0.000,0,0,1.0110,88,176,88,91,83
1,falling,47,767.0,,195.000,356.634,0.00000,9.53891,9.53891,0.000000,0.000000,0,0,4.34800,1775.255,7.415,3.000,1.000,3.000,12.000,12.000,0.000,0.000,0,0,1.0110,88,176,88,91,83
1,falling,48,783.0,,195.000,366.504,0.00000,9.67630,9.67630,0.000000,0.000000,0,0,4.34800,1775.255,7.415,3.000,1.000,3.000,12.000,12.000,0.000,0.000,0,0,1.0110,88,176,88,91,83
1,falling,49,800.0,,195.000,376.512,0.00000,9.81159,9.81159,0.000000,0.000000,0,0,4.34800,1775.255,7.415,3.000,1.000,3.000,12.000,12.000,0.000,0.000,0,0,1.0110,88,176,88,91,83
1,falling,50,817.0,,195.000,386.051,0.00000,9.93697,9.93697,0.000000,0.000000,0,0,4.34800,1775.255,7.415,3.000,1.000,3.000,12.000,12.000,0.000,0.000,0,0,1.0110,88,176,88,91,83
1,falling,51,833.0,,195.000,396.321,0.00000,10.06827,10.06827,0.000000,0.000000,0,0,4.34800,1775.255,7.415,3.000,1.000,3.000,12.000,12.000,0.000,0.000,0,0,1.0110,88,176,88,91,83
1,falling,52,850.0,,195.000,406.722,0.00000,10.19755,10.19755,0.000000,0.000000,0,0,4.34800,1775.255,7.415,3.000,1.000,3.000,12.000,12.000,0.000,0.000,0,0,1.0110,88,176,88,91,83
1,falling,53,867.0,,195.000,416.627,0.00000,10.31738,10.31738,0.000000,0.000000,0,0,4.34800,1775.255,7.415,3.000,1.000,3.000,12.000,12.000,0.000,0.000,0,0,1.0110,88,176,88,91,83
1,falling,54,883.0,,195.000,427.279,0.00000,10.44285,10.44285,0.000000,0.000000,0,0,4.34800,1775.255,7.415,3.000,1.000,3.000,12.000,12.000,0.000,0.000,0,0,1.0110,88,176,88,91,83
1,falling,55,900.0,,195.000,438.056,0.00000,10.56641,10.56641,0.000000,0.000000,0,0,4.34800,1775.255,7.415,3.000,1.000,3.000,12.000,12.000,0.000,0.000,0,0,1.0110,88,176,88,91,83
1,falling,56,917.0,,195.000,448.310,0.00000,10.68092,10.68092,0.000000,0.000000,0,0,4.34800,1775.255,7.415,3.000,1.000,3.000,12.000,12.000,0.000,0.000,0,0,1.0110,88,176,88,91,83
1,falling,57,934.0,,195.000,459.327,0.00000,10.80084,10.80084,0.000000,0.000000,0,0,4.34800,1775.255,7.415,3.000,1.000,3.000,12.000,12.000,0.000,0.000,0,0,1.0110,88,176,88,91,83
1,falling,58,951.0,,195.000,470.464,0.00000,10.91892,10.91892,0.000000,0.000000,0,0,4.34800,1775.255,7.415,3.000,3.000,11.000,12.000,12.000,0.000,0.000,0,0,1.0110,88,176,88,91,83
1,post_landing,59,969.0,59,195.000,475.677,1.77984,-0.28699,1.80283,-0.117969,0.000000,0,1,4.34800,1775.255,7.415,3.000,3.000,11.000,12.000,12.000,12.000,0.713,20,10,1.0110,88,176,88,91,83
1,post_landing,60,985.0,59,196.684,474.662,1.54352,-0.57995,1.64887,-0.060459,-0.111620,0,1,4.34800,1775.255,7.415,3.000,2.099,6.074,12.037,12.482,11.043,5.321,13,7,1.0110,88,176,88,91,83
1,post_landing,61,1001.0,59,198.234,473.580,1.26642,-0.15826,1.27627,-0.018617,-0.172345,0,1,4.34800,1775.255,7.415,3.000,2.142,6.083,11.180,12.680,2.142,6.941,3,2,1.0110,88,176,88,91,83
1,post_landing,62,1017.0,59,199.506,473.313,1.05195,-0.20027,1.07084,-0.005697,-0.191043,0,1,4.34800,1775.255,7.415,3.000,2.153,6.081,11.180,12.731,0.982,8.412,2,1,1.0110,88,176,88,91,83
1,post_landing,63,1034.0,59,200.502,473.356,1.05104,-0.13285,1.05940,-0.008964,-0.196434,0,1,4.34800,1775.255,7.415,3.000,2.157,6.080,11.179,12.745,0.000,8.178,1,1,1.0110,88,176,88,91,83
1,post_landing,64,1051.0,59,201.557,473.437,1.04482,-0.14232,1.05447,-0.011098,-0.205437,0,1,4.34800,1775.255,7.415,3.000,2.162,6.078,11.177,12.768,0.000,8.607,1,1,1.0110,88,176,88,91,83
1,post_landing,65,1067.0,59,202.607,473.534,0.32258,-0.07049,0.33019,0.048984,-0.216584,0,1,4.34800,1775.255,7.415,3.000,2.168,6.075,11.173,12.794,0.000,9.138,1,1,1.0110,88,176,88,91,83
1,post_landing,66,1084.0,59,202.912,473.156,0.31542,0.04936,0.31926,0.034108,-0.170236,0,1,4.34800,1775.255,7.415,3.000,2.141,6.083,11.180,12.674,0.986,7.419,2,1,1.0110,88,176,88,91,83
1,post_landing,67,1101.0,59,203.229,472.949,0.27241,0.12859,0.30123,0.026228,-0.135978,0,1,4.34800,1775.255,7.415,3.000,2.117,6.080,11.170,12.567,0.991,5.777,2,1,1.0110,88,176,88,91,83
1,post_landing,68,1117.0,59,203.502,472.827,0.12255,0.08954,0.15177,0.030243,-0.109635,0,1,4.34800,1775.255,7.415,3.000,2.097,6.073,12.037,12.475,0.994,4.510,2,1,1.0110,88,176,88,91,83
1,post_landing,69,1134.0,59,203.618,472.729,-0.02416,0.03382,0.04156,0.034794,-0.081020,0,1,4.34800,1775.255,7.415,3.000,2.074,6.061,12.042,12.365,0.997,3.130,2,1,1.0110,88,176,88,91,83
1,post_landing,70,1151.0,59,203.594,472.669,-0.15196,0.02021,0.15330,0.038503,-0.046074,0,1,4.34800,1775.255,7.415,3.000,2.044,6.040,12.033,12.218,0.999,1.441,2,1,1.0110,88,176,88,91,83
1,post_landing,71,1167.0,59,203.441,472.669,0.39913,0.01257,0.39933,-0.023499,-0.007401,0,1,4.34800,1775.255,7.415,3.000,2.007,6.007,12.007,12.037,1.000,-0.429,2,1,1.0110,88,176,88,91,83
1,post_landing,72,1184.0,59,203.819,472.658,-0.01071,0.01801,0.02095,0.018855,-0.029635,0,1,4.34800,1775.255,7.415,3.000,2.029,6.027,12.024,12.143,1.000,0.646,2,1,1.0110,88,176,88,91,83
1,post_landing,73,1201.0,59,203.808,472.666,0.37930,0.00000,0.37930,-0.023857,-0.010698,0,1,4.34800,1775.255,7.415,3.000,2.011,6.010,12.010,12.053,1.000,-0.270,2,1,1.0110,88,176,88,91,83
1,post_landing,74,1217.0,59,204.189,472.661,0.47313,-0.01359,0.47332,-0.031032,-0.034659,0,1,4.34800,1775.255,7.415,3.000,2.033,6.031,12.027,12.166,0.999,0.889,2,1,1.0110,88,176,88,91,83
1,post_landing,75,1234.0,59,204.637,472.692,-0.11825,0.03764,0.12410,0.029827,-0.064021,0,1,4.34800,1775.255,7.415,3.000,2.060,6.052,12.039,12.295,0.998,2.309,2,1,1.0110,88,176,88,91,83
1,post_landing,76,1251.0,59,204.518,472.661,-0.22013,0.01680,0.22077,0.033187,-0.034063,0,1,4.34800,1775.255,7.415,3.000,2.033,6.031,12.027,12.163,0.999,0.860,2,1,1.0110,88,176,88,91,83
1,post_landing,77,1268.0,59,204.297,472.676,0.39816,0.01452,0.39843,-0.033424,-0.000731,0,1,4.34800,1775.255,7.415,3.000,2.001,6.001,12.001,12.004,1.000,-0.752,2,1,1.0110,88,176,88,91,83
1,post_landing,78,1284.0,59,204.674,472.659,-0.17943,0.01475,0.18004,0.027736,-0.032356,0,1,4.34800,1775.255,7.415,3.000,2.031,6.029,12.026,12.155,0.999,0.778,2,1,1.0110,88,176,88,91,83
1,post_landing,79,1301.0,59,204.494,472.672,-0.30838,0.00000,0.30838,0.035505,-0.004499,0,1,4.34800,1775.255,7.415,3.000,2.004,6.004,12.004,12.022,1.000,-0.570,2,1,1.0110,88,176,88,91,83
1,post_landing,80,1318.0,59,204.184,472.709,0.23890,0.06558,0.24773,-0.023492,0.031162,0,1,4.34800,1775.255,7.415,3.000,2.030,8.027,12.056,12.181,1.000,-2.294,2,1,1.0110,88,176,88,91,83
1,post_landing,81,1334.0,59,204.424,472.681,-0.31977,-0.01366,0.32006,0.035826,0.007567,0,1,4.34800,1775.255,7.415,3.000,2.008,8.007,12.015,12.045,1.000,-1.153,2,1,1.0110,88,176,88,91,83
1,post_landing,82,1351.0,59,204.121,472.728,0.29628,0.04515,0.29970,-0.029661,0.041464,0,1,4.34800,1775.255,7.415,3.000,2.040,8.035,12.073,12.238,0.999,-2.792,2,1,1.0110,88,176,88,91,83
1,post_landing,83,1368.0,59,204.419,472.684,0.23683,0.04604,0.24126,-0.018496,0.011673,0,1,4.34800,1775.255,7.415,3.000,2.012,8.011,12.023,12.069,1.000,-1.352,2,1,1.0110,88,176,88,91,83
1,post_landing,84,1384.0,59,204.657,472.669,0.27867,0.01491,0.27907,-0.019904,-0.006903,0,1,4.34800,1775.255,7.415,3.000,2.007,6.007,12.007,12.034,1.000,-0.454,2,1,1.0110,88,176,88,91,83
1,post_landing,85,1401.0,59,204.920,472.658,0.32134,0.00000,0.32134,-0.021906,-0.025736,0,1,4.34800,1775.255,7.415,3.000,2.025,6.024,12.022,12.125,1.000,0.458,2,1,1.0110,88,176,88,91,83
1,post_landing,86,1418.0,59,205.243,472.671,0.35689,-0.03078,0.35822,-0.023795,-0.047738,0,1,4.34800,1775.255,7.415,3.000,2.045,6.041,12.034,12.225,0.999,1.522,2,1,1.0110,88,176,88,91,83
1,post_landing,87,1434.0,59,205.602,472.709,0.38980,-0.04873,0.39284,-0.026002,-0.071638,0,1,4.34800,1775.255,7.415,3.000,2.066,6.056,12.041,12.327,0.997,2.677,2,1,1.0110,88,176,88,91,83
1,post_landing,88,1451.0,59,205.970,472.775,0.42431,-0.04498,0.42668,-0.028485,-0.096240,0,1,4.34800,1775.255,7.415,3.000,2.087,6.068,12.041,12.425,0.995,3.864,2,1,1.0110,88,176,88,91,83
1,post_landing,89,1468.0,59,206.397,472.893,0.45220,-0.06606,0.45700,-0.031332,-0.124850,0,1,4.34800,1775.255,7.415,3.000,2.109,6.078,12.031,12.529,0.992,5.242,2,1,1.0110,88,176,88,91,83
1,post_landing,90,1485.0,59,206.851,473.070,-0.11670,0.12757,0.17290,0.027479,-0.156319,0,1,4.34800,1775.255,7.415,3.000,2.131,6.083,11.177,12.632,0.000,6.259,1,1,1.0110,88,176,88,91,83
1,post_landing,91,1501.0,59,206.740,472.918,-0.18332,0.09770,0.20773,0.025531,-0.130319,0,1,4.34800,1775.255,7.415,3.000,2.113,6.079,11.167,12.548,0.992,5.505,2,1,1.0110,88,176,88,91,83
1,post_landing,92,1518.0,59,206.556,472.807,-0.24046,0.11054,0.26465,0.024480,-0.104675,0,1,4.34800,1775.255,7.415,3.000,2.094,6.072,12.039,12.457,0.995,4.271,2,1,1.0110,88,176,88,91,83
1,post_landing,93,1535.0,59,206.315,472.729,-0.29336,0.08496,0.30541,0.023962,-0.080088,0,1,4.34800,1775.255,7.415,3.000,2.074,6.061,12.042,12.362,0.997,3.085,2,1,1.0110,88,176,88,91,83
1,post_landing,94,1551.0,59,206.020,472.681,-0.34231,0.05409,0.34656,0.024155,-0.056020,0,1,4.34800,1775.255,7.415,3.000,2.053,6.047,12.037,12.261,0.998,1.922,2,1,1.0110,88,176,88,91,83
1,post_landing,95,1568.0,59,205.696,472.659,-0.39234,0.01743,0.39273,0.025365,-0.033165,0,1,4.34800,1775.255,7.415,3.000,2.032,6.030,12.027,12.159,0.999,0.817,2,1,1.0110,88,176,88,91,83
1,post_landing,96,1585.0,59,205.302,472.668,-0.43394,0.00000,0.43394,0.026559,-0.007688,0,1,4.34800,1775.255,7.415,3.000,2.008,6.008,12.007,12.038,1.000,-0.416,2,1,1.0110,88,176,88,91,83
1,post_landing,97,1601.0,59,204.866,472.691,-0.47244,-0.02899,0.47332,0.028302,0.018988,0,1,4.34800,1775.255,7.415,3.000,2.019,8.018,12.036,12.112,1.000,-1.706,2,1,1.0110,88,176,88,91,83
1,post_landing,98,1618.0,59,204.419,472.739,-0.51290,-0.03171,0.51388,0.030700,0.045766,0,1,4.34800,1775.255,7.415,3.000,2.044,8.037,12.079,12.262,0.999,-3.000,2,1,1.0110,88,176,88,91,83
1,post_landing,99,1635.0,59,203.904,472.841,-0.52170,-0.05995,0.52514,0.031174,0.076601,0,1,4.34800,1775.255,7.415,3.000,2.071,8.053,12.118,12.424,0.997,-4.487,2,1,1.0110,88,176,88,91,83
1,post_landing,100,1651.0,59,203.380,472.989,-0.00684,0.15395,0.15410,-0.022222,0.107912,0,1,4.34800,1775.255,7.415,3.000,2.096,8.061,12.146,12.576,0.994,-5.993,2,1,1.0110,88,176,88,91,83
1,post_landing,101,1668.0,59,203.374,472.882,-0.37916,-0.06790,0.38519,0.024548,0.086886,0,1,4.34800,1775.255,7.415,3.000,2.079,8.057,12.128,12.475,0.996,-4.982,2,1,1.0110,88,176,88,91,83
1,post_landing,102,1685.0,59,202.993,473.010,0.16960,0.10483,0.19939,-0.030937,0.111542,0,1,4.34800,1775.255,7.415,3.000,2.099,8.062,12.148,12.593,0.994,-6.167,2,1,1.0110,88,176,88,91,83
1,post_landing,103,1703.0,59,203.163,472.857,0.25034,0.09082,0.26631,-0.030471,0.080469,0,1,4.34800,1775.255,7.415,3.000,2.074,8.054,12.122,12.443,0.997,-4.673,2,1,1.0110,88,176,88,91,83
1,post_landing,104,1718.0,59,203.400,472.754,-0.21475,-0.05141,0.22082,0.023269,0.051638,0,1,4.34800,1775.255,7.415,3.000,2.049,8.041,12.087,12.294,0.999,-3.283,2,1,1.0110,88,176,88,91,83
1,post_landing,105,1735.0,59,203.184,472.835,0.33712,0.05758,0.34200,-0.033256,0.075009,0,1,4.34800,1775.255,7.415,3.000,2.069,8.052,12.116,12.416,0.997,-4.410,2,1,1.0110,88,176,88,91,83
1,post_landing,106,1751.0,59,203.523,472.731,-0.26956,-0.03552,0.27189,0.033739,0.041607,0,1,4.34800,1775.255,7.415,3.000,2.040,8.035,12.073,12.239,0.999,-2.799,2,1,1.0110,88,176,88,91,83
1,post_landing,107,1768.0,59,203.268,472.827,0.29241,0.08001,0.30316,-0.026106,0.073529,0,1,4.34800,1775.255,7.415,3.000,2.068,8.052,12.115,12.408,0.997,-4.339,2,1,1.0110,88,176,88,91,83
1,post_landing,108,1785.0,59,203.562,472.745,0.40694,0.06078,0.41145,-0.031746,0.047308,0,1,4.34800,1775.255,7.415,3.000,2.045,8.038,12.081,12.270,0.999,-3.074,2,1,1.0110,88,176,88,91,83
1,post_landing,109,1802.0,59,203.970,472.687,-0.21138,-0.01939,0.21227,0.034549,0.015423,0,1,4.34800,1775.255,7.415,3.000,2.015,8.014,12.029,12.091,1.000,-1.533,2,1,1.0110,88,176,88,91,83
1,post_landing,110,1818.0,59,203.758,472.752,0.31858,0.09103,0.33133,-0.023039,0.050124,0,1,4.34800,1775.255,7.415,3.000,2.048,8.040,12.085,12.286,0.999,-3.210,2,1,1.0110,88,176,88,91,83
1,post_landing,111,1835.0,59,204.059,472.703,-0.08936,-0.03707,0.09675,0.021835,0.028325,0,1,4.34800,1775.255,7.415,3.000,2.028,8.025,12.052,12.165,1.000,-2.157,2,1,1.0110,88,176,88,91,83
1,post_landing,112,1852.0,59,203.970,472.752,0.28018,0.10675,0.29982,-0.018201,0.050256,0,1,4.34800,1775.255,7.415,3.000,2.048,8.040,12.085,12.286,0.999,-3.216,2,1,1.0110,88,176,88,91,83
1,post_landing,113,1868.0,59,204.251,472.711,0.30440,0.08125,0.31506,-0.017228,0.031974,0,1,4.34800,1775.255,7.415,3.000,2.031,8.028,12.058,12.186,0.999,-2.334,2,1,1.0110,88,176,88,91,83
1,post_landing,114,1885.0,59,204.539,472.685,0.29202,0.05090,0.29643,-0.013542,0.015673,0,1,4.34800,1775.255,7.415,3.000,2.015,8.015,12.030,12.093,1.000,-1.546,2,1,1.0110,88,176,88,91,83
1,post_landing,115,1902.0,59,204.832,472.678,0.38283,0.02802,0.38385,-0.021127,0.002072,0,1,4.34800,1775.255,7.415,3.000,2.002,8.002,12.004,12.012,1.000,-0.888,2,1,1.0110,88,176,88,91,83
1,post_landing,116,1918.0,59,205.217,472.661,0.46688,0.00000,0.46688,-0.027537,-0.019148,0,1,4.34800,1775.255,7.415,3.000,2.019,6.018,12.017,12.094,1.000,0.139,2,1,1.0110,88,176,88,91,83
1,post_landing,117,1935.0,59,205.659,472.666,0.38944,-0.02819,0.39046,-0.017963,-0.045203,0,1,4.34800,1775.255,7.415,3.000,2.043,6.039,12.033,12.214,0.999,1.399,2,1,1.0110,88,176,88,91,83
1,post_landing,118,1952.0,59,206.050,472.692,0.42848,-0.04797,0.43115,-0.022139,-0.063244,0,1,4.34800,1775.255,7.415,3.000,2.059,6.051,12.039,12.292,0.998,2.271,2,1,1.0110,88,176,88,91,83
2,falling,0,22.0,,195.000,97.029,0.00000,0.55000,0.55000,0.000000,0.000000,0,0,4.14400,971.803,3.723,6.000,6.000,6.000,7.000,10.000,0.000,0.000,0,0,1.3076,83,166,83,90,76
2,falling,1,24.0,,195.000,97.099,0.00000,0.58234,0.58234,0.000000,0.000000,0,0,4.14400,971.803,3.723,6.000,6.000,6.000,7.000,10.000,0.000,0.000,0,0,1.3076,83,166,83,90,76
2,falling,2,40.0,,195.000,97.906,0.00000,0.84062,0.84062,0.000000,0.000000,0,0,4.14400,971.803,3.723,6.000,6.000,6.000,7.000,10.000,0.000,0.000,0,0,1.3076,83,166,83,90,76
2,falling,3,57.0,,195.000,98.957,0.00000,1.09519,1.09519,0.000000,0.000000,0,0,4.14400,971.803,3.723,6.000,6.000,6.000,7.000,10.000,0.000,0.000,0,0,1.3076,83,166,83,90,76
2,falling,4,73.0,,195.000,100.346,0.00000,1.36176,1.36176,0.000000,0.000000,0,0,4.14400,971.803,3.723,6.000,6.000,6.000,7.000,10.000,0.000,0.000,0,0,1.3076,83,166,83,90,76
2,falling,5,90.0,,195.000,102.003,0.00000,1.62426,1.62426,0.000000,0.000000,0,0,4.14400,971.803,3.723,6.000,6.000,6.000,7.000,10.000,0.000,0.000,0,0,1.3076,83,166,83,90,76
2,falling,6,107.0,,195.000,103.923,0.00000,1.88274,1.88274,0.000000,0.000000,0,0,4.14400,971.803,3.723,6.000,6.000,6.000,7.000,10.000,0.000,0.000,0,0,1.3076,83,166,83,90,76
2,falling,7,123.0,,195.000,105.961,0.00000,2.12230,2.12230,0.000000,0.000000,0,0,4.14400,971.803,3.723,6.000,6.000,6.000,7.000,10.000,0.000,0.000,0,0,1.3076,83,166,83,90,76
2,falling,8,140.0,,195.000,108.381,0.00000,2.37316,2.37316,0.000000,0.000000,0,0,4.14400,971.803,3.723,6.000,6.000,6.000,7.000,10.000,0.000,0.000,0,0,1.3076,83,166,83,90,76
2,falling,9,157.0,,195.000,111.054,0.00000,2.62018,2.62018,0.000000,0.000000,0,0,4.14400,971.803,3.723,6.000,6.000,6.000,7.000,10.000,0.000,0.000,0,0,1.3076,83,166,83,90,76
2,falling,10,174.0,,195.000,113.789,0.00000,2.84912,2.84912,0.000000,0.000000,0,0,4.14400,971.803,3.723,6.000,6.000,6.000,7.000,10.000,0.000,0.000,0,0,1.3076,83,166,83,90,76
2,falling,11,190.0,,195.000,116.940,0.00000,3.08886,3.08886,0.000000,0.000000,0,0,4.14400,971.803,3.723,6.000,6.000,6.000,7.000,10.000,0.000,0.000,0,0,1.3076,83,166,83,90,76
2,falling,12,207.0,,195.000,120.331,0.00000,3.32494,3.32494,0.000000,0.000000,0,0,4.14400,971.803,3.723,6.000,6.000,6.000,7.000,10.000,0.000,0.000,0,0,1.3076,83,166,83,90,76
2,falling,13,224.0,,195.000,123.733,0.00000,3.54372,3.54372,0.000000,0.000000,0,0,4.14400,971.803,3.723,6.000,6.000,6.000,7.000,10.000,0.000,0.000,0,0,1.3076,83,166,83,90,76
2,falling,14,241.0,,195.000,127.582,0.00000,3.77284,3.77284,0.000000,0.000000,0,0,4.14400,971.803,3.723,6.000,6.000,6.000,7.000,10.000,0.000,0.000,0,0,1.3076,83,166,83,90,76
2,falling,15,257.0,,195.000,131.660,0.00000,3.99845,3.99845,0.000000,0.000000,0,0,4.14400,971.803,3.723,6.000,6.000,6.000,7.000,10.000,0.000,0.000,0,0,1.3076,83,166,83,90,76
2,falling,16,274.0,,195.000,135.965,0.00000,4.22060,4.22060,0.000000,0.000000,0,0,4.14400,971.803,3.723,6.000,6.000,6.000,7.000,10.000,0.000,0.000,0,0,1.3076,83,166,83,90,76
2,falling,17,291.0,,195.000,140.214,0.00000,4.42649,4.42649,0.000000,0.000000,0,0,4.14400,971.803,3.723,6.000,6.000,6.000,7.000,10.000,0.000,0.000,0,0,1.3076,83,166,83,90,76
2,falling,18,307.0,,195.000,144.949,0.00000,4.64210,4.64210,0.000000,0.000000,0,0,4.14400,971.803,3.723,6.000,6.000,6.000,7.000,10.000,0.000,0.000,0,0,1.3076,83,166,83,90,76
2,falling,19,324.0,,195.000,149.901,0.00000,4.85441,4.85441,0.000000,0.000000,0,0,4.14400,971.803,3.723,6.000,6.000,6.000,7.000,10.000,0.000,0.000,0,0,1.3076,83,166,83,90,76
2,falling,20,341.0,,195.000,154.750,0.00000,5.05117,5.05117,0.000000,0.000000,0,0,4.14400,971.803,3.723,6.000,6.000,6.000,7.000,10.000,0.000,0.000,0,0,1.3076,83,166,83,90,76
2,falling,21,357.0,,195.000,160.112,0.00000,5.25722,5.25722,0.000000,0.000000,0,0,4.14400,971.803,3.723,6.000,6.000,6.000,7.000,10.000,0.000,0.000,0,0,1.3076,83,166,83,90,76
2,falling,22,374.0,,195.000,165.682,0.00000,5.46012,5.46012,0.000000,0.000000,0,0,4.14400,971.803,3.723,6.000,6.000,6.000,7.000,10.000,0.000,0.000,0,0,1.3076,83,166,83,90,76
2,falling,23,391.0,,195.000,171.104,0.00000,5.64816,5.64816,0.000000,0.000000,0,0,4.14400,971.803,3.723,6.000,6.000,6.000,7.000,10.000,0.000,0.000,0,0,1.3076,83,166,83,90,76
2,falling,24,407.0,,195.000,177.066,0.00000,5.84508,5.84508,0.000000,0.000000,0,0,4.14400,971.803,3.723,6.000,6.000,6.000,7.000,10.000,0.000,0.000,0,0,1.3076,83,166,83,90,76
2,falling,25,424.0,,195.000,183.226,0.00000,6.03898,6.03898,0.000000,0.000000,0,0,4.14400,971.803,3.723,6.000,6.000,6.000,7.000,10.000,0.000,0.000,0,0,1.3076,83,166,83,90,76
2,falling,26,441.0,,195.000,189.196,0.00000,6.21869,6.21869,0.000000,0.000000,0,0,4.14400,971.803,3.723,6.000,6.000,6.000,7.000,10.000,0.000,0.000,0,0,1.3076,83,166,83,90,76
2,falling,27,458.0,,195.000,195.731,0.00000,6.40688,6.40688,0.000000,0.000000,0,0,4.14400,971.803,3.723,6.000,6.000,6.000,7.000,10.000,0.000,0.000,0,0,1.3076,83,166,83,90,76
2,falling,28,474.0,,195.000,202.455,0.00000,6.59218,6.59218,0.000000,0.000000,0,0,4.14400,971.803,3.723,6.000,6.000,6.000,7.000,10.000,0.000,0.000,0,0,1.3076,83,166,83,90,76
2,falling,29,491.0,,195.000,208.948,0.00000,6.76392,6.76392,0.000000,0.000000,0,0,4.14400,971.803,3.723,6.000,6.000,6.000,7.000,10.000,0.000,0.000,0,0,1.3076,83,166,83,90,76
2,falling,30,507.0,,195.000,216.031,0.00000,6.94377,6.94377,0.000000,0.000000,0,0,4.14400,971.803,3.723,6.000,6.000,6.000,7.000,10.000,0.000,0.000,0,0,1.3076,83,166,83,90,76
2,falling,31,524.0,,195.000,223.294,0.00000,7.12086,7.12086,0.000000,0.000000,0,0,4.14400,971.803,3.723,6.000,6.000,6.000,7.000,10.000,0.000,0.000,0,0,1.3076,83,166,83,90,76
2,falling,32,541.0,,195.000,230.287,0.00000,7.28499,7.28499,0.000000,0.000000,0,0,4.14400,971.803,3.723,6.000,6.000,6.000,7.000,10.000,0.000,0.000,0,0,1.3076,83,166,83,90,76
2,falling,33,558.0,,195.000,237.893,0.00000,7.45686,7.45686,0.000000,0.000000,0,0,4.14400,971.803,3.723,6.000,6.000,6.000,7.000,10.000,0.000,0.000,0,0,1.3076,83,166,83,90,76
2,falling,34,574.0,,195.000,245.672,0.00000,7.62611,7.62611,0.000000,0.000000,0,0,4.14400,971.803,3.723,6.000,6.000,6.000,7.000,10.000,0.000,0.000,0,0,1.3076,83,166,83,90,76
2,falling,35,591.0,,195.000,253.144,0.00000,7.78296,7.78296,0.000000,0.000000,0,0,4.14400,971.803,3.723,6.000,6.000,6.000,7.000,10.000,0.000,0.000,0,0,1.3076,83,166,83,90,76
2,falling,36,608.0,,195.000,261.250,0.00000,7.94721,7.94721,0.000000,0.000000,0,0,4.14400,971.803,3.723,6.000,6.000,6.000,7.000,10.000,0.000,0.000,0,0,1.3076,83,166,83,90,76
2,falling,37,624.0,,195.000,269.521,0.00000,8.10895,8.10895,0.000000,0.000000,0,0,4.14400,971.803,3.723,6.000,6.000,6.000,7.000,10.000,0.000,0.000,0,0,1.3076,83,166,83,90,76
2,falling,38,644.0,,195.000,277.450,0.00000,8.25885,8.25885,0.000000,0.000000,0,0,4.14400,971.803,3.723,6.000,6.000,6.000,7.000,10.000,0.000,0.000,0,0,1.3076,83,166,83,90,76
2,falling,39,658.0,,195.000,286.034,0.00000,8.41582,8.41582,0.000000,0.000000,0,0,4.14400,971.803,3.723,6.000,6.000,6.000,7.000,10.000,0.000,0.000,0,0,1.3076,83,166,83,90,76
2,falling,40,674.0,,195.000,294.775,0.00000,8.57039,8.57039,0.000000,0.000000,0,0,4.14400,971.803,3.723,6.000,6.000,6.000,7.000,10.000,0.000,0.000,0,0,1.3076,83,166,83,90,76
2,falling,41,691.0,,195.000,303.673,0.00000,8.72260,8.72260,0.000000,0.000000,0,0,4.14400,971.803,3.723,6.000,6.000,6.000,7.000,10.000,0.000,0.000,0,0,1.3076,83,166,83,90,76
2,falling,42,708.0,,195.000,312.182,0.00000,8.86366,8.86366,0.000000,0.000000,0,0,4.14400,971.803,3.723,6.000,6.000,6.000,7.000,10.000,0.000,0.000,0,0,1.3076,83,166,83,90,76
2,falling,43,724.0,,195.000,321.373,0.00000,9.01138,9.01138,0.000000,0.000000,0,0,4.14400,971.803,3.723,6.000,6.000,6.000,7.000,10.000,0.000,0.000,0,0,1.3076,83,166,83,90,76
2,falling,44,741.0,,195.000,330.713,0.00000,9.15684,9.15684,0.000000,0.000000,0,0,4.14400,971.803,3.723,6.000,6.000,6.000,7.000,10.000,0.000,0.000,0,0,1.3076,83,166,83,90,76
2,falling,45,758.0,,195.000,339.633,0.00000,9.29165,9.29165,0.000000,0.000000,0,0,4.14400,971.803,3.723,6.000,6.000,6.000,7.000,10.000,0.000,0.000,0,0,1.3076,83,166,83,90,76
2,falling,46,774.0,,195.000,349.255,0.00000,9.43282,9.43282,0.000000,0.000000,0,0,4.14400,971.803,3.723,6.000,6.000,6.000,7.000,10.000,0.000,0.000,0,0,1.3076,83,166,83,90,76
2,falling,47,791.0,,195.000,359.018,0.00000,9.57183,9.57183,0.000000,0.000000,0,0,4.14400,971.803,3.723,6.000,6.000,6.000,7.000,10.000,0.000,0.000,0,0,1.3076,83,166,83,90,76
2,falling,48,808.0,,195.000,368.331,0.00000,9.70066,9.70066,0.000000,0.000000,0,0,4.14400,971.803,3.723,6.000,6.000,6.000,7.000,10.000,0.000,0.000,0,0,1.3076,83,166,83,90,76
2,falling,49,824.0,,195.000,378.363,0.00000,9.83558,9.83558,0.000000,0.000000,0,0,4.14400,971.803,3.723,6.000,6.000,6.000,7.000,10.000,0.000,0.000,0,0,1.3076,83,166,83,90,76
2,falling,50,841.0,,195.000,388.531,0.00000,9.96842,9.96842,0.000000,0.000000,0,0,4.14400,971.803,3.723,6.000,6.000,6.000,7.000,10.000,0.000,0.000,0,0,1.3076,83,166,83,90,76
2,falling,51,858.0,,195.000,398.219,0.00000,10.09155,10.09155,0.000000,0.000000,0,0,4.14400,971.803,3.723,6.000,6.000,6.000,7.000,10.000,0.000,0.000,0,0,1.3076,83,166,83,90,76
2,falling,52,874.0,,195.000,408.643,0.00000,10.22048,10.22048,0.000000,0.000000,0,0,4.14400,971.803,3.723,6.000,6.000,6.000,7.000,10.000,0.000,0.000,0,0,1.3076,83,166,83,90,76
2,falling,53,891.0,,195.000,419.198,0.00000,10.34744,10.34744,0.000000,0.000000,0,0,4.14400,971.803,3.723,6.000,6.000,6.000,7.000,10.000,0.000,0.000,0,0,1.3076,83,166,83,90,76
2,falling,54,908.0,,195.000,429.244,0.00000,10.46510,10.46510,0.000000,0.000000,0,0,4.14400,971.803,3.723,6.000,6.000,6.000,7.000,10.000,0.000,0.000,0,0,1.3076,83,166,83,90,76
2,falling,55,925.0,,195.000,440.044,0.00000,10.58832,10.58832,0.000000,0.000000,0,0,4.14400,971.803,3.723,6.000,6.000,6.000,7.000,10.000,0.000,0.000,0,0,1.3076,83,166,83,90,76
2,falling,56,941.0,,195.000,450.968,0.00000,10.70965,10.70965,0.000000,0.000000,0,0,4.14400,971.803,3.723,6.000,6.000,6.000,7.000,10.000,0.000,0.000,0,0,1.3076,83,166,83,90,76
2,falling,57,958.0,,195.000,462.014,0.00000,10.82913,10.82913,0.000000,0.000000,0,0,4.14400,971.803,3.723,6.000,6.000,6.000,7.000,10.000,0.000,0.000,0,0,1.3076,83,166,83,90,76
2,falling,58,975.0,,195.000,472.516,0.00000,10.93985,10.93985,0.000000,0.000000,0,0,4.14400,971.803,3.723,6.000,6.000,6.000,7.000,10.000,0.000,0.000,0,0,1.3076,83,166,83,90,76
2,post_landing,59,992.0,59,195.000,479.839,1.31996,-0.25669,1.34469,-0.077178,0.000000,0,1,4.14400,971.803,3.723,6.000,6.000,6.000,7.000,10.000,9.000,-2.094,10,5,1.3076,83,166,83,90,76
2,post_landing,60,1008.0,59,196.326,476.831,0.95570,-0.14046,0.96597,-0.015633,-0.077518,0,1,4.14400,971.803,3.723,6.000,4.065,5.982,7.211,10.512,5.982,2.785,4,2,1.3076,83,166,83,90,76
2,post_landing,61,1025.0,59,197.230,476.387,0.88543,-0.11529,0.89290,-0.008983,-0.092309,0,1,4.14400,971.803,3.723,6.000,4.075,5.974,7.247,10.603,2.987,3.023,2,1,1.3076,83,166,83,90,76
2,post_landing,62,1042.0,59,198.119,476.416,0.92709,-0.07868,0.93042,-0.013944,-0.101332,0,1,4.14400,971.803,3.723,6.000,4.081,5.969,7.268,10.657,0.000,1.933,1,1,1.3076,83,166,83,90,76
2,post_landing,63,1058.0,59,199.051,476.449,0.99241,-0.08588,0.99612,-0.018839,-0.115338,0,1,4.14400,971.803,3.723,6.000,4.089,5.960,7.299,10.739,0.000,2.558,1,1,1.3076,83,166,83,90,76
2,post_landing,64,1075.0,59,199.990,476.497,0.50208,0.03491,0.50329,0.027094,-0.133163,0,1,4.14400,971.803,3.723,6.000,4.097,5.947,7.336,10.841,0.000,3.352,1,1,1.3076,83,166,83,90,76
2,post_landing,65,1092.0,59,200.494,476.414,0.38677,0.16949,0.42227,0.031822,-0.105950,0,1,4.14400,971.803,3.723,6.000,4.083,5.966,7.278,10.684,2.983,3.630,2,1,1.3076,83,166,83,90,76
2,post_landing,66,1108.0,59,200.882,476.369,0.27544,0.10055,0.29322,0.035675,-0.073988,0,1,4.14400,971.803,3.723,6.000,4.063,5.984,7.203,10.490,2.992,2.207,2,1,1.3076,83,166,83,90,76
2,post_landing,67,1125.0,59,201.143,476.368,0.25518,0.03173,0.25715,0.028016,-0.040233,0,1,4.14400,971.803,3.723,6.000,4.037,5.995,7.115,10.273,2.998,0.702,2,1,1.3076,83,166,83,90,76
2,post_landing,68,1142.0,59,201.399,476.410,0.19615,-0.03612,0.19945,0.030439,-0.012094,0,1,4.14400,971.803,3.723,6.000,4.012,6.000,7.036,10.084,3.000,-0.554,2,1,1.3076,83,166,83,90,76
2,post_landing,69,1158.0,59,201.596,476.439,0.18156,-0.07332,0.19581,0.027542,0.018480,0,1,4.14400,971.803,3.723,6.000,5.018,5.999,6.054,8.943,2.999,-1.918,2,1,1.3076,83,166,83,90,76
2,post_landing,70,1175.0,59,201.768,476.463,0.16821,-0.09667,0.19401,0.026141,0.044539,0,1,4.14400,971.803,3.723,6.000,5.040,5.994,6.128,8.858,2.997,-3.079,2,1,1.3076,83,166,83,90,76
2,post_landing,71,1192.0,59,201.937,476.531,-0.00437,-0.06591,0.06605,0.048116,0.070795,0,1,4.14400,971.803,3.723,6.000,5.058,5.985,6.197,8.765,0.000,-2.750,1,1,1.3076,83,166,83,90,76
2,post_landing,72,1208.0,59,201.933,476.710,-0.00405,-0.11295,0.11303,0.043860,0.119122,0,1,4.14400,971.803,3.723,6.000,5.083,5.957,6.314,8.580,0.000,-4.898,1,1,1.3076,83,166,83,90,76
2,post_landing,73,1225.0,59,201.929,476.859,-0.00399,0.15534,0.15539,0.043229,0.160621,0,0,4.14400,971.803,3.723,6.000,5.096,5.923,6.403,7.737,0.000,0.000,0,0,1.3076,83,166,83,90,76
2,post_landing,74,1242.0,59,201.925,477.283,-0.00369,-0.08060,0.08069,0.026899,0.204040,0,1,4.14400,971.803,3.723,6.000,5.099,5.876,6.483,7.631,0.000,-8.642,1,1,1.3076,83,166,83,90,76
2,post_landing,75,1258.0,59,201.921,477.528,0.29082,0.07751,0.30097,-0.013272,0.231057,0,1,4.14400,971.803,3.723,6.000,5.096,5.841,6.528,7.558,0.000,-9.821,1,1,1.3076,83,166,83,90,76
2,post_landing,76,1275.0,59,202.213,477.440,0.46917,0.10189,0.48010,-0.020604,0.217726,0,1,4.14400,971.803,3.723,6.000,5.098,5.858,6.506,7.595,0.000,-9.240,1,1,1.3076,83,166,83,90,76
2,post_landing,77,1292.0,59,202.657,477.523,2.28901,-0.85992,2.44521,-0.140034,0.198231,0,1,4.14400,971.803,3.723,6.000,5.099,5.882,6.473,7.646,5.099,-8.779,3,2,1.3076,83,166,83,90,76
2,post_landing,78,1308.0,59,204.956,476.489,1.87777,-0.41427,1.92293,-0.035742,0.057581,0,1,4.14400,971.803,3.723,6.000,5.049,5.990,6.163,8.812,2.995,-3.659,2,1,1.3076,83,166,83,90,76
2,post_landing,79,1325.0,59,206.842,475.994,1.84904,-0.12460,1.85324,-0.035195,0.021682,0,0,4.14400,971.803,3.723,6.000,5.021,5.999,6.064,8.933,0.000,0.000,0,0,1.3076,83,166,83,90,76
2,post_landing,80,1342.0,59,208.592,475.838,1.82242,0.14386,1.82809,-0.034688,-0.011618,0,0,4.14400,971.803,3.723,6.000,4.011,6.000,7.034,10.081,0.000,0.000,0,0,1.3076,83,166,83,90,76
2,post_landing,81,1358.0,59,210.422,476.272,1.79454,0.42500,1.84417,-0.034157,-0.046459,0,0,4.14400,971.803,3.723,6.000,4.042,5.994,7.132,10.314,0.000,0.000,0,0,1.3076,83,166,83,90,76
2,post_landing,82,1375.0,59,212.224,476.375,1.66105,-0.08285,1.66312,-0.018263,-0.080766,0,1,4.14400,971.803,3.723,6.000,4.068,5.980,7.219,10.532,2.990,2.509,2,1,1.3076,83,166,83,90,76
2,post_landing,83,1392.0,59,213.796,476.408,1.04096,0.00000,1.04096,0.034289,-0.098046,0,1,4.14400,971.803,3.723,6.000,4.079,5.971,7.260,10.637,0.000,1.786,1,1,1.3076,83,166,83,90,76
2,post_landing,84,1409.0,59,214.842,476.364,0.61996,-0.04241,0.62141,0.041377,-0.063607,0,1,4.14400,971.803,3.723,6.000,4.055,5.988,7.177,10.425,2.994,1.744,2,1,1.3076,83,166,83,90,76
2,post_landing,85,1425.0,59,215.464,476.392,1.05047,0.00000,1.05047,-0.024010,-0.022047,0,1,4.14400,971.803,3.723,6.000,4.021,5.999,7.064,10.152,2.999,-0.110,2,1,1.3076,83,166,83,90,76
2,post_landing,86,1442.0,59,216.458,476.365,0.59849,0.01466,0.59867,0.021513,-0.044765,0,1,4.14400,971.803,3.723,6.000,4.041,5.994,7.127,10.303,2.997,0.904,2,1,1.3076,83,166,83,90,76
2,post_landing,87,1459.0,59,217.059,476.390,0.18226,0.00000,0.18226,0.039687,-0.023158,0,1,4.14400,971.803,3.723,6.000,4.022,5.998,7.068,10.159,2.999,-0.060,2,1,1.3076,83,166,83,90,76
2,post_landing,88,1475.0,59,217.242,476.438,0.68704,0.05712,0.68941,-0.050799,0.016704,0,1,4.14400,971.803,3.723,6.000,5.016,5.999,6.049,8.949,3.000,-1.839,2,1,1.3076,83,166,83,90,76
2,post_landing,89,1492.0,59,217.893,476.377,0.23798,0.00000,0.23798,0.025128,-0.031361,0,1,4.14400,971.803,3.723,6.000,4.029,5.997,7.091,10.215,2.999,0.306,2,1,1.3076,83,166,83,90,76
2,post_landing,90,1509.0,59,218.132,476.423,0.14282,-0.03547,0.14716,0.034213,-0.006123,0,1,4.14400,971.803,3.723,6.000,4.006,6.000,7.018,10.043,3.000,-0.820,2,1,1.3076,83,166,83,90,76
2,post_landing,91,1525.0,59,218.275,476.445,0.13220,-0.08324,0.15622,0.030920,0.028241,0,1,4.14400,971.803,3.723,6.000,5.026,5.998,6.082,8.912,2.999,-2.353,2,1,1.3076,83,166,83,90,76
2,post_landing,92,1542.0,59,218.400,476.487,0.12248,-0.10403,0.16069,0.029200,0.057496,0,1,4.14400,971.803,3.723,6.000,5.049,5.990,6.162,8.813,2.995,-3.655,2,1,1.3076,83,166,83,90,76
2,post_landing,93,1559.0,59,218.523,476.578,0.02302,-0.09713,0.09982,0.040765,0.086824,0,1,4.14400,971.803,3.723,6.000,5.068,5.977,6.238,8.706,0.000,-3.464,1,1,1.3076,83,166,83,90,76
2,post_landing,94,1575.0,59,218.546,476.752,0.01973,-0.13478,0.13622,0.039160,0.127768,0,1,4.14400,971.803,3.723,6.000,5.087,5.951,6.333,8.544,0.000,-5.281,1,1,1.3076,83,166,83,90,76
2,post_landing,95,1592.0,59,218.566,476.905,0.01942,0.15062,0.15186,0.038561,0.167100,0,0,4.14400,971.803,3.723,6.000,5.097,5.916,6.415,7.722,0.000,0.000,0,0,1.3076,83,166,83,90,76
2,post_landing,96,1609.0,59,218.584,477.278,0.01800,-0.06688,0.06926,0.024250,0.203585,0,1,4.14400,971.803,3.723,6.000,5.099,5.876,6.483,7.633,0.000,-8.622,1,1,1.3076,83,166,83,90,76
2,post_landing,97,1625.0,59,218.602,477.501,0.41836,-0.84941,0.94685,0.007259,0.227942,0,1,4.14400,971.803,3.723,6.000,5.097,5.845,6.523,7.567,0.000,-9.685,1,1,1.3076,83,166,83,90,76
2,post_landing,98,1642.0,59,219.023,476.937,0.41196,-0.55308,0.68965,0.007148,0.235232,0,0,4.14400,971.803,3.723,6.000,5.095,5.835,6.534,7.547,0.000,0.000,0,0,1.3076,83,166,83,90,76
2,post_landing,99,1659.0,59,219.412,476.670,0.40603,-0.27845,0.49233,0.007045,0.241995,0,0,4.14400,971.803,3.723,6.000,5.094,5.825,6.544,7.527,0.000,0.000,0,0,1.3076,83,166,83,90,76
2,post_landing,100,1675.0,59,219.820,476.679,0.39982,0.00914,0.39992,0.006937,0.249071,0,0,4.14400,971.803,3.723,6.000,5.092,5.815,6.554,7.524,0.000,0.000,0,0,1.3076,83,166,83,90,76
2,post_landing,101,1692.0,59,220.222,476.977,0.39370,0.29234,0.49037,0.006831,0.256039,0,0,4.14400,971.803,3.723,6.000,5.090,5.804,6.564,7.532,0.000,0.000,0,0,1.3076,83,166,83,90,76
2,post_landing,102,1709.0,59,220.594,477.510,0.38803,0.55479,0.67703,0.006733,0.262502,0,0,4.14400,971.803,3.723,6.000,5.088,5.088,6.573,7.539,0.000,0.000,0,0,1.3076,83,166,83,90,76
2,post_landing,103,1726.0,59,220.984,478.168,1.21745,-0.17747,1.23031,-0.049938,0.269264,0,1,4.14400,971.803,3.723,6.000,5.086,5.086,6.582,7.546,2.194,-10.379,2,2,1.3076,83,166,83,90,76
2,post_landing,104,1742.0,59,222.207,477.687,0.61292,-0.06581,0.61644,0.025030,0.219106,0,1,4.14400,971.803,3.723,6.000,5.098,5.857,6.509,7.591,5.098,-9.679,3,2,1.3076,83,166,83,90,76
2,post_landing,105,1759.0,59,222.787,477.663,0.74175,0.07668,0.74570,-0.004019,0.242789,0,1,4.14400,971.803,3.723,6.000,5.094,5.824,6.545,7.525,0.000,-10.331,1,1,1.3076,83,166,83,90,76
2,post_landing,106,1776.0,59,223.532,477.637,1.70950,-0.67807,1.83907,-0.057380,0.238753,0,1,4.14400,971.803,3.723,6.000,5.095,5.830,6.539,7.537,0.000,-10.155,1,1,1.3076,83,166,83,90,76
2,post_landing,107,1792.0,59,225.249,477.105,1.72727,-0.61826,1.83459,-0.025751,0.181121,0,1,4.14400,971.803,3.723,6.000,5.098,5.902,6.442,7.689,0.000,-7.636,1,1,1.3076,83,166,83,90,76
2,post_landing,108,1809.0,59,226.883,476.665,1.70240,-0.34269,1.73655,-0.025380,0.156756,0,0,4.14400,971.803,3.723,6.000,5.095,5.926,6.395,7.746,0.000,0.000,0,0,1.3076,83,166,83,90,76
2,post_landing,109,1826.0,59,228.593,476.520,1.67635,-0.05411,1.67722,-0.024992,0.131265,0,0,4.14400,971.803,3.723,6.000,5.088,5.948,6.341,8.530,0.000,0.000,0,0,1.3076,83,166,83,90,76
2,post_landing,110,1843.0,59,230.277,476.649,1.55166,0.08742,1.55412,-0.010336,0.106163,0,1,4.14400,971.803,3.723,6.000,5.078,5.966,6.284,8.631,0.000,-4.323,1,1,1.3076,83,166,83,90,76
2,post_landing,111,1859.0,59,231.835,476.604,1.43624,0.12739,1.44188,-0.004038,0.095782,0,1,4.14400,971.803,3.723,6.000,5.073,5.972,6.259,8.672,2.986,-5.355,2,1,1.3076,83,166,83,90,76
2,post_landing,112,1876.0,59,233.194,476.588,1.33063,0.11488,1.33558,-0.001077,0.091961,0,1,4.14400,971.803,3.723,6.000,5.071,5.975,6.250,8.686,2.987,-5.186,2,1,1.3076,83,166,83,90,76
2,post_landing,113,1892.0,59,234.531,476.586,1.23165,0.12857,1.23835,0.000000,0.090879,0,1,4.14400,971.803,3.723,6.000,5.070,5.975,6.248,8.691,2.988,-5.138,2,1,1.3076,83,166,83,90,76
2,post_landing,114,1909.0,59,235.768,476.586,1.14004,0.13047,1.14748,0.000000,0.090879,0,1,4.14400,971.803,3.723,6.000,5.070,5.975,6.248,8.691,2.988,-5.138,2,1,1.3076,83,166,83,90,76
2,post_landing,115,1926.0,59,236.846,476.584,1.05621,0.11626,1.06259,0.000000,0.090879,0,1,4.14400,971.803,3.723,6.000,5.070,5.975,6.248,8.691,2.988,-5.138,2,1,1.3076,83,166,83,90,76
2,post_landing,116,1943.0,59,237.907,476.586,1.01308,0.25370,1.04436,-0.004692,0.090879,0,1,4.14400,971.803,3.723,6.000,5.070,5.975,6.248,8.691,2.988,-5.138,2,1,1.3076,83,166,83,90,76
2,post_landing,117,1959.0,59,238.925,476.569,0.94446,0.25455,0.97816,-0.002302,0.086166,0,1,4.14400,971.803,3.723,6.000,5.068,5.978,6.236,8.708,2.989,-4.929,2,1,1.3076,83,166,83,90,76
2,post_landing,118,1976.0,59,239.818,476.560,0.90091,0.21296,0.92573,-0.003131,0.083988,0,1,4.14400,971.803,3.723,6.000,5.066,5.979,6.231,8.717,2.989,-4.832,2,1,1.3076,83,166,83,90,76
3,falling,0,25.0,,195.000,97.029,0.00000,0.55000,0.55000,0.000000,0.000000,0,0,6.21800,2680.781,8.535,8.000,8.000,60.000,61.000,61.000,0.000,0.000,0,0,1.1111,89,178,89,93,68
3,falling,1,37.0,,195.000,97.622,0.00000,0.76023,0.76023,0.000000,0.000000,0,0,6.21800,2680.781,8.535,8.000,8.000,60.000,61.000,61.000,0.000,0.000,0,0,1.1111,89,178,89,93,68
3,falling,2,54.0,,195.000,98.675,0.00000,1.03193,1.03193,0.000000,0.000000,0,0,6.21800,2680.781,8.535,8.000,8.000,60.000,61.000,61.000,0.000,0.000,0,0,1.1111,89,178,89,93,68
3,falling,3,71.0,,195.000,99.907,0.00000,1.28374,1.28374,0.000000,0.000000,0,0,6.21800,2680.781,8.535,8.000,8.000,60.000,61.000,61.000,0.000,0.000,0,0,1.1111,89,178,89,93,68
3,falling,4,87.0,,195.000,101.485,0.00000,1.54743,1.54743,0.000000,0.000000,0,0,6.21800,2680.781,8.535,8.000,8.000,60.000,61.000,61.000,0.000,0.000,0,0,1.1111,89,178,89,93,68
3,falling,5,104.0,,195.000,103.329,0.00000,1.80709,1.80709,0.000000,0.000000,0,0,6.21800,2680.781,8.535,8.000,8.000,60.000,61.000,61.000,0.000,0.000,0,0,1.1111,89,178,89,93,68
3,falling,6,121.0,,195.000,105.294,0.00000,2.04773,2.04773,0.000000,0.000000,0,0,6.21800,2680.781,8.535,8.000,8.000,60.000,61.000,61.000,0.000,0.000,0,0,1.1111,89,178,89,93,68
3,falling,7,137.0,,195.000,107.640,0.00000,2.29974,2.29974,0.000000,0.000000,0,0,6.21800,2680.781,8.535,8.000,8.000,60.000,61.000,61.000,0.000,0.000,0,0,1.1111,89,178,89,93,68
3,falling,8,154.0,,195.000,110.239,0.00000,2.54788,2.54788,0.000000,0.000000,0,0,6.21800,2680.781,8.535,8.000,8.000,60.000,61.000,61.000,0.000,0.000,0,0,1.1111,89,178,89,93,68
3,falling,9,171.0,,195.000,113.087,0.00000,2.79224,2.79224,0.000000,0.000000,0,0,6.21800,2680.781,8.535,8.000,8.000,60.000,61.000,61.000,0.000,0.000,0,0,1.1111,89,178,89,93,68
3,falling,10,187.0,,195.000,115.985,0.00000,3.01869,3.01869,0.000000,0.000000,0,0,6.21800,2680.781,8.535,8.000,8.000,60.000,61.000,61.000,0.000,0.000,0,0,1.1111,89,178,89,93,68
3,falling,11,204.0,,195.000,119.306,0.00000,3.25584,3.25584,0.000000,0.000000,0,0,6.21800,2680.781,8.535,8.000,8.000,60.000,61.000,61.000,0.000,0.000,0,0,1.1111,89,178,89,93,68
3,falling,12,221.0,,195.000,122.865,0.00000,3.48936,3.48936,0.000000,0.000000,0,0,6.21800,2680.781,8.535,8.000,8.000,60.000,61.000,61.000,0.000,0.000,0,0,1.1111,89,178,89,93,68
3,falling,13,238.0,,195.000,126.423,0.00000,3.70578,3.70578,0.000000,0.000000,0,0,6.21800,2680.781,8.535,8.000,8.000,60.000,61.000,61.000,0.000,0.000,0,0,1.1111,89,178,89,93,68
3,falling,14,254.0,,195.000,130.434,0.00000,3.93242,3.93242,0.000000,0.000000,0,0,6.21800,2680.781,8.535,8.000,8.000,60.000,61.000,61.000,0.000,0.000,0,0,1.1111,89,178,89,93,68
3,falling,15,271.0,,195.000,134.672,0.00000,4.15558,4.15558,0.000000,0.000000,0,0,6.21800,2680.781,8.535,8.000,8.000,60.000,61.000,61.000,0.000,0.000,0,0,1.1111,89,178,89,93,68
3,falling,16,288.0,,195.000,138.860,0.00000,4.36241,4.36241,0.000000,0.000000,0,0,6.21800,2680.781,8.535,8.000,8.000,60.000,61.000,61.000,0.000,0.000,0,0,1.1111,89,178,89,93,68
3,falling,17,304.0,,195.000,143.531,0.00000,4.57900,4.57900,0.000000,0.000000,0,0,6.21800,2680.781,8.535,8.000,8.000,60.000,61.000,61.000,0.000,0.000,0,0,1.1111,89,178,89,93,68
3,falling,18,321.0,,195.000,148.419,0.00000,4.79227,4.79227,0.000000,0.000000,0,0,6.21800,2680.781,8.535,8.000,8.000,60.000,61.000,61.000,0.000,0.000,0,0,1.1111,89,178,89,93,68
3,falling,19,338.0,,195.000,153.209,0.00000,4.98993,4.98993,0.000000,0.000000,0,0,6.21800,2680.781,8.535,8.000,8.000,60.000,61.000,61.000,0.000,0.000,0,0,1.1111,89,178,89,93,68
3,falling,20,355.0,,195.000,158.510,0.00000,5.19692,5.19692,0.000000,0.000000,0,0,6.21800,2680.781,8.535,8.000,8.000,60.000,61.000,61.000,0.000,0.000,0,0,1.1111,89,178,89,93,68
3,falling,21,371.0,,195.000,164.019,0.00000,5.40074,5.40074,0.000000,0.000000,0,0,6.21800,2680.781,8.535,8.000,8.000,60.000,61.000,61.000,0.000,0.000,0,0,1.1111,89,178,89,93,68
3,falling,22,388.0,,195.000,169.385,0.00000,5.58963,5.58963,0.000000,0.000000,0,0,6.21800,2680.781,8.535,8.000,8.000,60.000,61.000,61.000,0.000,0.000,0,0,1.1111,89,178,89,93,68
3,falling,23,404.0,,195.000,175.288,0.00000,5.78745,5.78745,0.000000,0.000000,0,0,6.21800,2680.781,8.535,8.000,8.000,60.000,61.000,61.000,0.000,0.000,0,0,1.1111,89,178,89,93,68
3,falling,24,421.0,,195.000,181.390,0.00000,5.98223,5.98223,0.000000,0.000000,0,0,6.21800,2680.781,8.535,8.000,8.000,60.000,61.000,61.000,0.000,0.000,0,0,1.1111,89,178,89,93,68
3,falling,25,438.0,,195.000,187.306,0.00000,6.16275,6.16275,0.000000,0.000000,0,0,6.21800,2680.781,8.535,8.000,8.000,60.000,61.000,61.000,0.000,0.000,0,0,1.1111,89,178,89,93,68
3,falling,26,455.0,,195.000,193.785,0.00000,6.35180,6.35180,0.000000,0.000000,0,0,6.21800,2680.781,8.535,8.000,8.000,60.000,61.000,61.000,0.000,0.000,0,0,1.1111,89,178,89,93,68
3,falling,27,471.0,,195.000,200.454,0.00000,6.53795,6.53795,0.000000,0.000000,0,0,6.21800,2680.781,8.535,8.000,8.000,60.000,61.000,61.000,0.000,0.000,0,0,1.1111,89,178,89,93,68
3,falling,28,488.0,,195.000,206.896,0.00000,6.71047,6.71047,0.000000,0.000000,0,0,6.21800,2680.781,8.535,8.000,8.000,60.000,61.000,61.000,0.000,0.000,0,0,1.1111,89,178,89,93,68
3,falling,29,505.0,,195.000,213.925,0.00000,6.89113,6.89113,0.000000,0.000000,0,0,6.21800,2680.781,8.535,8.000,8.000,60.000,61.000,61.000,0.000,0.000,0,0,1.1111,89,178,89,93,68
3,falling,30,521.0,,195.000,221.135,0.00000,7.06903,7.06903,0.000000,0.000000,0,0,6.21800,2680.781,8.535,8.000,8.000,60.000,61.000,61.000,0.000,0.000,0,0,1.1111,89,178,89,93,68
3,falling,31,538.0,,195.000,228.080,0.00000,7.23390,7.23390,0.000000,0.000000,0,0,6.21800,2680.781,8.535,8.000,8.000,60.000,61.000,61.000,0.000,0.000,0,0,1.1111,89,178,89,93,68
3,falling,32,555.0,,195.000,235.634,0.00000,7.40656,7.40656,0.000000,0.000000,0,0,6.21800,2680.781,8.535,8.000,8.000,60.000,61.000,61.000,0.000,0.000,0,0,1.1111,89,178,89,93,68
3,falling,33,571.0,,195.000,243.363,0.00000,7.57657,7.57657,0.000000,0.000000,0,0,6.21800,2680.781,8.535,8.000,8.000,60.000,61.000,61.000,0.000,0.000,0,0,1.1111,89,178,89,93,68
3,falling,34,588.0,,195.000,251.261,0.00000,7.74398,7.74398,0.000000,0.000000,0,0,6.21800,2680.781,8.535,8.000,8.000,60.000,61.000,61.000,0.000,0.000,0,0,1.1111,89,178,89,93,68
3,falling,35,605.0,,195.000,258.845,0.00000,7.89914,7.89914,0.000000,0.000000,0,0,6.21800,2680.781,8.535,8.000,8.000,60.000,61.000,61.000,0.000,0.000,0,0,1.1111,89,178,89,93,68
3,falling,36,621.0,,195.000,267.067,0.00000,8.06161,8.06161,0.000000,0.000000,0,0,6.21800,2680.781,8.535,8.000,8.000,60.000,61.000,61.000,0.000,0.000,0,0,1.1111,89,178,89,93,68
3,falling,37,638.0,,195.000,275.454,0.00000,8.22160,8.22160,0.000000,0.000000,0,0,6.21800,2680.781,8.535,8.000,8.000,60.000,61.000,61.000,0.000,0.000,0,0,1.1111,89,178,89,93,68
3,falling,38,655.0,,195.000,283.489,0.00000,8.36988,8.36988,0.000000,0.000000,0,0,6.21800,2680.781,8.535,8.000,8.000,60.000,61.000,61.000,0.000,0.000,0,0,1.1111,89,178,89,93,68
3,falling,39,671.0,,195.000,292.184,0.00000,8.52515,8.52515,0.000000,0.000000,0,0,6.21800,2680.781,8.535,8.000,8.000,60.000,61.000,61.000,0.000,0.000,0,0,1.1111,89,178,89,93,68
3,falling,40,688.0,,195.000,301.036,0.00000,8.67805,8.67805,0.000000,0.000000,0,0,6.21800,2680.781,8.535,8.000,8.000,60.000,61.000,61.000,0.000,0.000,0,0,1.1111,89,178,89,93,68
3,falling,41,705.0,,195.000,309.503,0.00000,8.81975,8.81975,0.000000,0.000000,0,0,6.21800,2680.781,8.535,8.000,8.000,60.000,61.000,61.000,0.000,0.000,0,0,1.1111,89,178,89,93,68
3,falling,42,721.0,,195.000,318.650,0.00000,8.96814,8.96814,0.000000,0.000000,0,0,6.21800,2680.781,8.535,8.000,8.000,60.000,61.000,61.000,0.000,0.000,0,0,1.1111,89,178,89,93,68
3,falling,43,738.0,,195.000,327.947,0.00000,9.11427,9.11427,0.000000,0.000000,0,0,6.21800,2680.781,8.535,8.000,8.000,60.000,61.000,61.000,0.000,0.000,0,0,1.1111,89,178,89,93,68
3,falling,44,755.0,,195.000,336.827,0.00000,9.24969,9.24969,0.000000,0.000000,0,0,6.21800,2680.781,8.535,8.000,8.000,60.000,61.000,61.000,0.000,0.000,0,0,1.1111,89,178,89,93,68
3,falling,45,771.0,,195.000,346.406,0.00000,9.39150,9.39150,0.000000,0.000000,0,0,6.21800,2680.781,8.535,8.000,8.000,60.000,61.000,61.000,0.000,0.000,0,0,1.1111,89,178,89,93,68
3,falling,46,788.0,,195.000,356.128,0.00000,9.53114,9.53114,0.000000,0.000000,0,0,6.21800,2680.781,8.535,8.000,8.000,60.000,61.000,61.000,0.000,0.000,0,0,1.1111,89,178,89,93,68
3,falling,47,805.0,,195.000,365.402,0.00000,9.66056,9.66056,0.000000,0.000000,0,0,6.21800,2680.781,8.535,8.000,8.000,60.000,61.000,61.000,0.000,0.000,0,0,1.1111,89,178,89,93,68
3,falling,48,821.0,,195.000,375.394,0.00000,9.79609,9.79609,0.000000,0.000000,0,0,6.21800,2680.781,8.535,8.000,8.000,60.000,61.000,61.000,0.000,0.000,0,0,1.1111,89,178,89,93,68
3,falling,49,839.0,,195.000,385.522,0.00000,9.92954,9.92954,0.000000,0.000000,0,0,6.21800,2680.781,8.535,8.000,8.000,60.000,61.000,61.000,0.000,0.000,0,0,1.1111,89,178,89,93,68
3,falling,50,855.0,,195.000,395.173,0.00000,10.05322,10.05322,0.000000,0.000000,0,0,6.21800,2680.781,8.535,8.000,8.000,60.000,61.000,61.000,0.000,0.000,0,0,1.1111,89,178,89,93,68
3,falling,51,871.0,,195.000,405.559,0.00000,10.18274,10.18274,0.000000,0.000000,0,0,6.21800,2680.781,8.535,8.000,8.000,60.000,61.000,61.000,0.000,0.000,0,0,1.1111,89,178,89,93,68
3,falling,52,888.0,,195.000,416.076,0.00000,10.31028,10.31028,0.000000,0.000000,0,0,6.21800,2680.781,8.535,8.000,8.000,60.000,61.000,61.000,0.000,0.000,0,0,1.1111,89,178,89,93,68
3,falling,53,905.0,,195.000,426.087,0.00000,10.42848,10.42848,0.000000,0.000000,0,0,6.21800,2680.781,8.535,8.000,8.000,60.000,61.000,61.000,0.000,0.000,0,0,1.1111,89,178,89,93,68
3,falling,54,922.0,,195.000,436.851,0.00000,10.55226,10.55226,0.000000,0.000000,0,0,6.21800,2680.781,8.535,8.000,8.000,60.000,61.000,61.000,0.000,0.000,0,0,1.1111,89,178,89,93,68
3,falling,55,938.0,,195.000,447.738,0.00000,10.67414,10.67414,0.000000,0.000000,0,0,6.21800,2680.781,8.535,8.000,8.000,60.000,61.000,61.000,0.000,0.000,0,0,1.1111,89,178,89,93,68
3,falling,56,955.0,,195.000,458.748,0.00000,10.79416,10.79416,0.000000,0.000000,0,0,6.21800,2680.781,8.535,8.000,8.000,60.000,61.000,61.000,0.000,0.000,0,0,1.1111,89,178,89,93,68
3,falling,57,972.0,,195.000,469.217,0.00000,10.90539,10.90539,0.000000,0.000000,0,0,6.21800,2680.781,8.535,8.000,8.000,60.000,61.000,61.000,0.000,0.000,0,0,1.1111,89,178,89,93,68
3,falling,58,988.0,,195.000,480.460,0.00000,11.02187,11.02187,0.000000,0.000000,0,0,6.21800,2680.781,8.535,8.000,8.000,60.000,61.000,61.000,0.000,0.000,0,0,1.1111,89,178,89,93,68
3,post_landing,59,1005.0,59,195.000,490.122,0.02191,0.00000,0.02191,0.000000,0.000000,0,1,6.21800,2680.781,8.535,8.000,8.000,60.000,61.000,61.000,61.000,-10.188,16,8,1.1111,89,178,89,93,68
3,post_landing,60,1022.0,59,195.021,488.995,0.00023,0.00000,0.00023,0.002522,0.000000,0,1,6.21800,2680.781,8.535,8.000,8.000,60.000,61.000,61.000,60.000,-9.688,8,4,1.1111,89,178,89,93,68
3,post_landing,61,1039.0,59,195.021,488.198,0.00017,-0.07400,0.07400,-0.004791,0.002533,0,1,6.21800,2680.781,8.535,8.000,7.003,9.003,61.002,61.010,8.000,15.230,4,2,1.1111,89,178,89,93,68
3,post_landing,62,1056.0,59,195.021,487.775,-0.32757,0.03190,0.32912,0.007327,-0.002280,0,1,6.21800,2680.781,8.535,8.000,8.002,59.004,61.004,61.014,7.000,15.888,2,1,1.1111,89,178,89,93,68
3,post_landing,63,1072.0,59,194.711,487.656,-0.33798,0.05336,0.34216,0.001916,0.004653,0,1,6.21800,2680.781,8.535,8.000,7.005,9.005,61.004,61.018,7.000,15.657,2,1,1.1111,89,178,89,93,68
3,post_landing,64,1089.0,59,194.372,487.621,-0.51213,0.06657,0.51644,0.005708,0.006577,0,1,6.21800,2680.781,8.535,8.000,7.006,9.006,61.005,61.025,7.000,15.592,2,1,1.1111,89,178,89,93,68
3,post_landing,65,1105.0,59,193.857,487.512,-0.61662,0.16051,0.63717,0.010490,0.012310,0,1,6.21800,2680.781,8.535,8.000,7.012,9.012,61.008,61.045,6.999,15.401,2,1,1.1111,89,178,89,93,68
3,post_landing,66,1122.0,59,193.274,487.324,-0.42536,0.12569,0.44354,-0.006916,0.022235,0,1,6.21800,2680.781,8.535,8.000,7.021,9.020,60.030,61.074,6.998,15.068,2,1,1.1111,89,178,89,93,68
3,post_landing,67,1139.0,59,192.847,487.456,-0.31969,-0.01599,0.32009,-0.020906,0.015288,0,1,6.21800,2680.781,8.535,8.000,7.014,9.014,61.008,61.054,6.999,15.301,2,1,1.1111,89,178,89,93,68
3,post_landing,68,1155.0,59,192.526,487.729,-0.31480,0.26759,0.41317,-0.020586,-0.005710,0,0,6.21800,2680.781,8.535,8.000,8.006,59.010,61.010,61.033,0.000,0.000,0,0,1.1111,89,178,89,93,68
3,post_landing,69,1172.0,59,192.228,488.066,-0.42834,0.01641,0.42865,-0.010970,-0.025188,0,1,6.21800,2680.781,8.535,8.000,59.032,60.057,61.056,61.157,6.998,16.646,2,1,1.1111,89,178,89,93,68
3,post_landing,70,1189.0,59,191.798,488.280,-0.03471,-0.06195,0.07101,-0.001384,-0.036206,0,1,6.21800,2680.781,8.535,8.000,59.034,60.069,61.069,61.213,52.038,-12.510,2,2,1.1111,89,178,89,93,68
3,post_landing,71,1205.0,59,191.763,488.255,0.04024,0.00000,0.04024,0.000000,-0.037597,0,1,6.21800,2680.781,8.535,8.000,59.033,60.070,61.070,61.220,59.033,-8.967,4,2,1.1111,89,178,89,93,68
3,post_landing,72,1222.0,59,191.801,488.253,0.01953,0.00000,0.01953,0.000000,-0.037597,0,1,6.21800,2680.781,8.535,8.000,59.033,60.070,61.070,61.220,59.033,-8.967,4,2,1.1111,89,178,89,93,68
3,post_landing,73,1239.0,59,191.820,488.255,0.00700,0.02027,0.02145,0.000000,-0.037597,0,1,6.21800,2680.781,8.535,8.000,59.033,60.070,61.070,61.220,59.033,-8.967,4,2,1.1111,89,178,89,93,68
3,post_landing,74,1255.0,59,191.827,488.255,0.02823,0.00000,0.02823,0.000000,-0.037597,0,1,6.21800,2680.781,8.535,8.000,59.033,60.070,61.070,61.220,59.033,-8.967,4,2,1.1111,89,178,89,93,68
3,post_landing,75,1272.0,59,191.854,488.253,-0.00203,0.00000,0.00203,0.000000,-0.037597,0,1,6.21800,2680.781,8.535,8.000,59.033,60.070,61.070,61.220,59.033,-8.967,4,2,1.1111,89,178,89,93,68
3,post_landing,76,1289.0,59,191.852,488.255,-0.00122,0.00000,0.00122,0.000000,-0.037597,0,1,6.21800,2680.781,8.535,8.000,59.033,60.070,61.070,61.220,59.033,-8.967,4,2,1.1111,89,178,89,93,68
3,post_landing,77,1305.0,59,191.851,488.255,0.00003,0.00000,0.00003,0.000000,-0.037597,0,1,6.21800,2680.781,8.535,8.000,59.033,60.070,61.070,61.220,59.033,-8.967,4,2,1.1111,89,178,89,93,68
3,post_landing,78,1322.0,59,191.851,488.253,0.00022,0.00000,0.00022,0.000000,-0.037597,0,1,6.21800,2680.781,8.535,8.000,59.033,60.070,61.070,61.220,59.033,-8.967,4,2,1.1111,89,178,89,93,68
3,post_landing,79,1339.0,59,191.851,488.255,-0.00022,0.00000,0.00022,0.000000,-0.037597,0,1,6.21800,2680.781,8.535,8.000,59.033,60.070,61.070,61.220,59.033,-8.967,4,2,1.1111,89,178,89,93,68
3,post_landing,80,1355.0,59,191.851,488.255,0.00003,0.00000,0.00003,0.000000,-0.037597,0,1,6.21800,2680.781,8.535,8.000,59.033,60.070,61.070,61.220,59.033,-8.967,4,2,1.1111,89,178,89,93,68
3,post_landing,81,1372.0,59,191.851,488.253,0.00020,0.00000,0.00020,0.000000,-0.037597,0,1,6.21800,2680.781,8.535,8.000,59.033,60.070,61.070,61.220,59.033,-8.967,4,2,1.1111,89,178,89,93,68
3,post_landing,82,1389.0,59,191.851,488.255,-0.00022,0.00000,0.00022,0.000000,-0.037597,0,1,6.21800,2680.781,8.535,8.000,59.033,60.070,61.070,61.220,59.033,-8.967,4,2,1.1111,89,178,89,93,68
3,post_landing,83,1405.0,59,191.851,488.255,0.00003,0.00000,0.00003,0.000000,-0.037597,0,1,6.21800,2680.781,8.535,8.000,59.033,60.070,61.070,61.220,59.033,-8.967,4,2,1.1111,89,178,89,93,68
3,post_landing,84,1422.0,59,191.851,488.253,0.00020,0.00000,0.00020,0.000000,-0.037597,0,1,6.21800,2680.781,8.535,8.000,59.033,60.070,61.070,61.220,59.033,-8.967,4,2,1.1111,89,178,89,93,68
3,post_landing,85,1439.0,59,191.851,488.255,-0.00022,0.00000,0.00022,0.000000,-0.037597,0,1,6.21800,2680.781,8.535,8.000,59.033,60.070,61.070,61.220,59.033,-8.967,4,2,1.1111,89,178,89,93,68
3,post_landing,86,1455.0,59,191.851,488.255,0.00003,0.00000,0.00003,0.000000,-0.037597,0,1,6.21800,2680.781,8.535,8.000,59.033,60.070,61.070,61.220,59.033,-8.967,4,2,1.1111,89,178,89,93,68
3,post_landing,87,1472.0,59,191.851,488.255,0.00000,0.00000,0.00000,0.000000,-0.037597,0,1,6.21800,2680.781,8.535,8.000,59.033,60.070,61.070,61.220,59.033,-8.967,4,2,1.1111,89,178,89,93,68
3,post_landing,88,1489.0,59,191.851,488.253,0.00020,0.00000,0.00020,0.000000,-0.037597,0,1,6.21800,2680.781,8.535,8.000,59.033,60.070,61.070,61.220,59.033,-8.967,4,2,1.1111,89,178,89,93,68
3,post_landing,89,1505.0,59,191.851,488.255,-0.00021,0.00000,0.00021,0.000000,-0.037597,0,1,6.21800,2680.781,8.535,8.000,59.033,60.070,61.070,61.220,59.033,-8.967,4,2,1.1111,89,178,89,93,68
3,post_landing,90,1522.0,59,191.851,488.255,0.00003,0.00000,0.00003,0.000000,-0.037597,0,1,6.21800,2680.781,8.535,8.000,59.033,60.070,61.070,61.220,59.033,-8.967,4,2,1.1111,89,178,89,93,68
3,post_landing,91,1539.0,59,191.851,488.253,0.00020,0.00000,0.00020,0.000000,-0.037597,0,1,6.21800,2680.781,8.535,8.000,59.033,60.070,61.070,61.220,59.033,-8.967,4,2,1.1111,89,178,89,93,68
3,post_landing,92,1555.0,59,191.851,488.255,-0.00022,0.00000,0.00022,0.000000,-0.037597,0,1,6.21800,2680.781,8.535,8.000,59.033,60.070,61.070,61.220,59.033,-8.967,4,2,1.1111,89,178,89,93,68
3,post_landing,93,1572.0,59,191.851,488.255,0.00003,0.00000,0.00003,0.000000,-0.037597,0,1,6.21800,2680.781,8.535,8.000,59.033,60.070,61.070,61.220,59.033,-8.967,4,2,1.1111,89,178,89,93,68
3,post_landing,94,1589.0,59,191.851,488.253,0.00020,0.00000,0.00020,0.000000,-0.037597,0,1,6.21800,2680.781,8.535,8.000,59.033,60.070,61.070,61.220,59.033,-8.967,4,2,1.1111,89,178,89,93,68
3,post_landing,95,1605.0,59,191.851,488.255,-0.00022,0.00000,0.00022,0.000000,-0.037597,0,1,6.21800,2680.781,8.535,8.000,59.033,60.070,61.070,61.220,59.033,-8.967,4,2,1.1111,89,178,89,93,68
3,post_landing,96,1622.0,59,191.851,488.255,0.00003,0.00000,0.00003,0.000000,-0.037597,0,1,6.21800,2680.781,8.535,8.000,59.033,60.070,61.070,61.220,59.033,-8.967,4,2,1.1111,89,178,89,93,68
3,post_landing,97,1639.0,59,191.851,488.253,0.00020,0.00000,0.00020,0.000000,-0.037597,0,1,6.21800,2680.781,8.535,8.000,59.033,60.070,61.070,61.220,59.033,-8.967,4,2,1.1111,89,178,89,93,68
3,post_landing,98,1655.0,59,191.851,488.255,-0.00022,0.00000,0.00022,0.000000,-0.037597,0,1,6.21800,2680.781,8.535,8.000,59.033,60.070,61.070,61.220,59.033,-8.967,4,2,1.1111,89,178,89,93,68
3,post_landing,99,1672.0,59,191.851,488.255,0.00003,0.00000,0.00003,0.000000,-0.037597,0,1,6.21800,2680.781,8.535,8.000,59.033,60.070,61.070,61.220,59.033,-8.967,4,2,1.1111,89,178,89,93,68
3,post_landing,100,1689.0,59,191.851,488.253,0.00020,0.00000,0.00020,0.000000,-0.037597,0,1,6.21800,2680.781,8.535,8.000,59.033,60.070,61.070,61.220,59.033,-8.967,4,2,1.1111,89,178,89,93,68
3,post_landing,101,1706.0,59,191.851,488.255,-0.00022,0.00000,0.00022,0.000000,-0.037597,0,1,6.21800,2680.781,8.535,8.000,59.033,60.070,61.070,61.220,59.033,-8.967,4,2,1.1111,89,178,89,93,68
3,post_landing,102,1722.0,59,191.851,488.255,0.00003,0.00000,0.00003,0.000000,-0.037597,0,1,6.21800,2680.781,8.535,8.000,59.033,60.070,61.070,61.220,59.033,-8.967,4,2,1.1111,89,178,89,93,68
3,post_landing,103,1739.0,59,191.851,488.253,0.00020,0.00000,0.00020,0.000000,-0.037597,0,1,6.21800,2680.781,8.535,8.000,59.033,60.070,61.070,61.220,59.033,-8.967,4,2,1.1111,89,178,89,93,68
3,post_landing,104,1756.0,59,191.851,488.255,-0.00022,0.00000,0.00022,0.000000,-0.037597,0,1,6.21800,2680.781,8.535,8.000,59.033,60.070,61.070,61.220,59.033,-8.967,4,2,1.1111,89,178,89,93,68
3,post_landing,105,1772.0,59,191.851,488.255,0.00003,0.00000,0.00003,0.000000,-0.037597,0,1,6.21800,2680.781,8.535,8.000,59.033,60.070,61.070,61.220,59.033,-8.967,4,2,1.1111,89,178,89,93,68
3,post_landing,106,1789.0,59,191.851,488.253,0.00020,0.00000,0.00020,0.000000,-0.037597,0,1,6.21800,2680.781,8.535,8.000,59.033,60.070,61.070,61.220,59.033,-8.967,4,2,1.1111,89,178,89,93,68
3,post_landing,107,1806.0,59,191.851,488.255,-0.00022,0.00000,0.00022,0.000000,-0.037597,0,1,6.21800,2680.781,8.535,8.000,59.033,60.070,61.070,61.220,59.033,-8.967,4,2,1.1111,89,178,89,93,68
3,post_landing,108,1822.0,59,191.851,488.255,0.00003,0.00000,0.00003,0.000000,-0.037597,0,1,6.21800,2680.781,8.535,8.000,59.033,60.070,61.070,61.220,59.033,-8.967,4,2,1.1111,89,178,89,93,68
3,post_landing,109,1839.0,59,191.851,488.253,0.00020,0.00000,0.00020,0.000000,-0.037597,0,1,6.21800,2680.781,8.535,8.000,59.033,60.070,61.070,61.220,59.033,-8.967,4,2,1.1111,89,178,89,93,68
3,post_landing,110,1855.0,59,191.851,488.255,-0.00022,0.00000,0.00022,0.000000,-0.037597,0,1,6.21800,2680.781,8.535,8.000,59.033,60.070,61.070,61.220,59.033,-8.967,4,2,1.1111,89,178,89,93,68
3,post_landing,111,1872.0,59,191.851,488.255,0.00003,0.00000,0.00003,0.000000,-0.037597,0,1,6.21800,2680.781,8.535,8.000,59.033,60.070,61.070,61.220,59.033,-8.967,4,2,1.1111,89,178,89,93,68
3,post_landing,112,1889.0,59,191.851,488.253,0.00020,0.00000,0.00020,0.000000,-0.037597,0,1,6.21800,2680.781,8.535,8.000,59.033,60.070,61.070,61.220,59.033,-8.967,4,2,1.1111,89,178,89,93,68
3,post_landing,113,1905.0,59,191.851,488.255,-0.00022,0.00000,0.00022,0.000000,-0.037597,0,1,6.21800,2680.781,8.535,8.000,59.033,60.070,61.070,61.220,59.033,-8.967,4,2,1.1111,89,178,89,93,68
3,post_landing,114,1923.0,59,191.851,488.255,0.00003,0.00000,0.00003,0.000000,-0.037597,0,1,6.21800,2680.781,8.535,8.000,59.033,60.070,61.070,61.220,59.033,-8.967,4,2,1.1111,89,178,89,93,68
3,post_landing,115,1939.0,59,191.851,488.253,0.00020,0.00000,0.00020,0.000000,-0.037597,0,1,6.21800,2680.781,8.535,8.000,59.033,60.070,61.070,61.220,59.033,-8.967,4,2,1.1111,89,178,89,93,68
3,post_landing,116,1956.0,59,191.851,488.255,-0.00022,0.00000,0.00022,0.000000,-0.037597,0,1,6.21800,2680.781,8.535,8.000,59.033,60.070,61.070,61.220,59.033,-8.967,4,2,1.1111,89,178,89,93,68
3,post_landing,117,1972.0,59,191.851,488.255,0.00003,0.00000,0.00003,0.000000,-0.037597,0,1,6.21800,2680.781,8.535,8.000,59.033,60.070,61.070,61.220,59.033,-8.967,4,2,1.1111,89,178,89,93,68
3,post_landing,118,1989.0,59,191.851,488.253,0.00020,0.00000,0.00020,0.000000,-0.037597,0,1,6.21800,2680.781,8.535,8.000,59.033,60.070,61.070,61.220,59.033,-8.967,4,2,1.1111,89,178,89,93,68
4,falling,0,24.0,,195.000,97.029,0.00000,0.55000,0.55000,0.000000,0.000000,0,0,2.63600,378.793,10.821,9.000,9.000,10.000,11.000,11.000,0.000,0.000,0,0,1.8861,54,108,54,54,62
4,falling,1,38.0,,195.000,97.681,0.00000,0.77640,0.77640,0.000000,0.000000,0,0,2.63600,378.793,10.821,9.000,9.000,10.000,11.000,11.000,0.000,0.000,0,0,1.8861,54,108,54,54,62
4,falling,2,54.0,,195.000,98.672,0.00000,1.03189,1.03189,0.000000,0.000000,0,0,2.63600,378.793,10.821,9.000,9.000,10.000,11.000,11.000,0.000,0.000,0,0,1.8861,54,108,54,54,62
4,falling,3,71.0,,195.000,99.997,0.00000,1.29944,1.29944,0.000000,0.000000,0,0,2.63600,378.793,10.821,9.000,9.000,10.000,11.000,11.000,0.000,0.000,0,0,1.8861,54,108,54,54,62
4,falling,4,88.0,,195.000,101.591,0.00000,1.56289,1.56289,0.000000,0.000000,0,0,2.63600,378.793,10.821,9.000,9.000,10.000,11.000,11.000,0.000,0.000,0,0,1.8861,54,108,54,54,62
4,falling,5,104.0,,195.000,103.326,0.00000,1.80705,1.80705,0.000000,0.000000,0,0,2.63600,378.793,10.821,9.000,9.000,10.000,11.000,11.000,0.000,0.000,0,0,1.8861,54,108,54,54,62
4,falling,6,121.0,,195.000,105.430,0.00000,2.06273,2.06273,0.000000,0.000000,0,0,2.63600,378.793,10.821,9.000,9.000,10.000,11.000,11.000,0.000,0.000,0,0,1.8861,54,108,54,54,62
4,falling,7,138.0,,195.000,107.791,0.00000,2.31451,2.31451,0.000000,0.000000,0,0,2.63600,378.793,10.821,9.000,9.000,10.000,11.000,11.000,0.000,0.000,0,0,1.8861,54,108,54,54,62
4,falling,8,156.0,,195.000,110.237,0.00000,2.54785,2.54785,0.000000,0.000000,0,0,2.63600,378.793,10.821,9.000,9.000,10.000,11.000,11.000,0.000,0.000,0,0,1.8861,54,108,54,54,62
4,falling,9,171.0,,195.000,113.085,0.00000,2.79220,2.79220,0.000000,0.000000,0,0,2.63600,378.793,10.821,9.000,9.000,10.000,11.000,11.000,0.000,0.000,0,0,1.8861,54,108,54,54,62
4,falling,10,188.0,,195.000,116.178,0.00000,3.03281,3.03281,0.000000,0.000000,0,0,2.63600,378.793,10.821,9.000,9.000,10.000,11.000,11.000,0.000,0.000,0,0,1.8861,54,108,54,54,62
4,falling,11,205.0,,195.000,119.304,0.00000,3.25580,3.25580,0.000000,0.000000,0,0,2.63600,378.793,10.821,9.000,9.000,10.000,11.000,11.000,0.000,0.000,0,0,1.8861,54,108,54,54,62
4,falling,12,221.0,,195.000,122.863,0.00000,3.48932,3.48932,0.000000,0.000000,0,0,2.63600,378.793,10.821,9.000,9.000,10.000,11.000,11.000,0.000,0.000,0,0,1.8861,54,108,54,54,62
4,falling,13,238.0,,195.000,126.657,0.00000,3.71927,3.71927,0.000000,0.000000,0,0,2.63600,378.793,10.821,9.000,9.000,10.000,11.000,11.000,0.000,0.000,0,0,1.8861,54,108,54,54,62
4,falling,14,255.0,,195.000,130.432,0.00000,3.93238,3.93238,0.000000,0.000000,0,0,2.63600,378.793,10.821,9.000,9.000,10.000,11.000,11.000,0.000,0.000,0,0,1.8861,54,108,54,54,62
4,falling,15,271.0,,195.000,134.670,0.00000,4.15555,4.15555,0.000000,0.000000,0,0,2.63600,378.793,10.821,9.000,9.000,10.000,11.000,11.000,0.000,0.000,0,0,1.8861,54,108,54,54,62
4,falling,16,288.0,,195.000,139.133,0.00000,4.37530,4.37530,0.000000,0.000000,0,0,2.63600,378.793,10.821,9.000,9.000,10.000,11.000,11.000,0.000,0.000,0,0,1.8861,54,108,54,54,62
4,falling,17,305.0,,195.000,143.529,0.00000,4.57896,4.57896,0.000000,0.000000,0,0,2.63600,378.793,10.821,9.000,9.000,10.000,11.000,11.000,0.000,0.000,0,0,1.8861,54,108,54,54,62
4,falling,18,321.0,,195.000,148.417,0.00000,4.79224,4.79224,0.000000,0.000000,0,0,2.63600,378.793,10.821,9.000,9.000,10.000,11.000,11.000,0.000,0.000,0,0,1.8861,54,108,54,54,62
4,falling,19,338.0,,195.000,153.519,0.00000,5.00225,5.00225,0.000000,0.000000,0,0,2.63600,378.793,10.821,9.000,9.000,10.000,11.000,11.000,0.000,0.000,0,0,1.8861,54,108,54,54,62
4,falling,20,355.0,,195.000,158.508,0.00000,5.19688,5.19688,0.000000,0.000000,0,0,2.63600,378.793,10.821,9.000,9.000,10.000,11.000,11.000,0.000,0.000,0,0,1.8861,54,108,54,54,62
4,falling,21,371.0,,195.000,164.017,0.00000,5.40071,5.40071,0.000000,0.000000,0,0,2.63600,378.793,10.821,9.000,9.000,10.000,11.000,11.000,0.000,0.000,0,0,1.8861,54,108,54,54,62
4,falling,22,388.0,,195.000,169.731,0.00000,5.60141,5.60141,0.000000,0.000000,0,0,2.63600,378.793,10.821,9.000,9.000,10.000,11.000,11.000,0.000,0.000,0,0,1.8861,54,108,54,54,62
4,falling,23,405.0,,195.000,175.286,0.00000,5.78741,5.78741,0.000000,0.000000,0,0,2.63600,378.793,10.821,9.000,9.000,10.000,11.000,11.000,0.000,0.000,0,0,1.8861,54,108,54,54,62
4,falling,24,421.0,,195.000,181.388,0.00000,5.98220,5.98220,0.000000,0.000000,0,0,2.63600,378.793,10.821,9.000,9.000,10.000,11.000,11.000,0.000,0.000,0,0,1.8861,54,108,54,54,62
4,falling,25,438.0,,195.000,187.686,0.00000,6.17401,6.17401,0.000000,0.000000,0,0,2.63600,378.793,10.821,9.000,9.000,10.000,11.000,11.000,0.000,0.000,0,0,1.8861,54,108,54,54,62
4,falling,26,455.0,,195.000,194.176,0.00000,6.36288,6.36288,0.000000,0.000000,0,0,2.63600,378.793,10.821,9.000,9.000,10.000,11.000,11.000,0.000,0.000,0,0,1.8861,54,108,54,54,62
4,falling,27,471.0,,195.000,200.452,0.00000,6.53792,6.53792,0.000000,0.000000,0,0,2.63600,378.793,10.821,9.000,9.000,10.000,11.000,11.000,0.000,0.000,0,0,1.8861,54,108,54,54,62
4,falling,28,488.0,,195.000,207.308,0.00000,6.72122,6.72122,0.000000,0.000000,0,0,2.63600,378.793,10.821,9.000,9.000,10.000,11.000,11.000,0.000,0.000,0,0,1.8861,54,108,54,54,62
4,falling,29,505.0,,195.000,214.348,0.00000,6.90172,6.90172,0.000000,0.000000,0,0,2.63600,378.793,10.821,9.000,9.000,10.000,11.000,11.000,0.000,0.000,0,0,1.8861,54,108,54,54,62
4,falling,30,521.0,,195.000,221.134,0.00000,7.06900,7.06900,0.000000,0.000000,0,0,2.63600,378.793,10.821,9.000,9.000,10.000,11.000,11.000,0.000,0.000,0,0,1.8861,54,108,54,54,62
4,falling,31,538.0,,195.000,228.523,0.00000,7.24418,7.24418,0.000000,0.000000,0,0,2.63600,378.793,10.821,9.000,9.000,10.000,11.000,11.000,0.000,0.000,0,0,1.8861,54,108,54,54,62
4,falling,32,555.0,,195.000,236.088,0.00000,7.41668,7.41668,0.000000,0.000000,0,0,2.63600,378.793,10.821,9.000,9.000,10.000,11.000,11.000,0.000,0.000,0,0,1.8861,54,108,54,54,62
4,falling,33,571.0,,195.000,243.362,0.00000,7.57654,7.57654,0.000000,0.000000,0,0,2.63600,378.793,10.821,9.000,9.000,10.000,11.000,11.000,0.000,0.000,0,0,1.8861,54,108,54,54,62
4,falling,34,588.0,,195.000,251.260,0.00000,7.74396,7.74396,0.000000,0.000000,0,0,2.63600,378.793,10.821,9.000,9.000,10.000,11.000,11.000,0.000,0.000,0,0,1.8861,54,108,54,54,62
4,falling,35,605.0,,195.000,259.327,0.00000,7.90881,7.90881,0.000000,0.000000,0,0,2.63600,378.793,10.821,9.000,9.000,10.000,11.000,11.000,0.000,0.000,0,0,1.8861,54,108,54,54,62
4,falling,36,622.0,,195.000,267.066,0.00000,8.06159,8.06159,0.000000,0.000000,0,0,2.63600,378.793,10.821,9.000,9.000,10.000,11.000,11.000,0.000,0.000,0,0,1.8861,54,108,54,54,62
4,falling,37,638.0,,195.000,275.453,0.00000,8.22158,8.22158,0.000000,0.000000,0,0,2.63600,378.793,10.821,9.000,9.000,10.000,11.000,11.000,0.000,0.000,0,0,1.8861,54,108,54,54,62
4,falling,38,655.0,,195.000,283.999,0.00000,8.37912,8.37912,0.000000,0.000000,0,0,2.63600,378.793,10.821,9.000,9.000,10.000,11.000,11.000,0.000,0.000,0,0,1.8861,54,108,54,54,62
4,falling,39,672.0,,195.000,292.183,0.00000,8.52513,8.52513,0.000000,0.000000,0,0,2.63600,378.793,10.821,9.000,9.000,10.000,11.000,11.000,0.000,0.000,0,0,1.8861,54,108,54,54,62
4,falling,40,688.0,,195.000,301.035,0.00000,8.67803,8.67803,0.000000,0.000000,0,0,2.63600,378.793,10.821,9.000,9.000,10.000,11.000,11.000,0.000,0.000,0,0,1.8861,54,108,54,54,62
4,falling,41,705.0,,195.000,310.040,0.00000,8.82859,8.82859,0.000000,0.000000,0,0,2.63600,378.793,10.821,9.000,9.000,10.000,11.000,11.000,0.000,0.000,0,0,1.8861,54,108,54,54,62
4,falling,42,722.0,,195.000,318.649,0.00000,8.96812,8.96812,0.000000,0.000000,0,0,2.63600,378.793,10.821,9.000,9.000,10.000,11.000,11.000,0.000,0.000,0,0,1.8861,54,108,54,54,62
4,falling,43,738.0,,195.000,327.946,0.00000,9.11424,9.11424,0.000000,0.000000,0,0,2.63600,378.793,10.821,9.000,9.000,10.000,11.000,11.000,0.000,0.000,0,0,1.8861,54,108,54,54,62
4,falling,44,755.0,,195.000,337.389,0.00000,9.25813,9.25813,0.000000,0.000000,0,0,2.63600,378.793,10.821,9.000,9.000,10.000,11.000,11.000,0.000,0.000,0,0,1.8861,54,108,54,54,62
4,falling,45,772.0,,195.000,346.405,0.00000,9.39148,9.39148,0.000000,0.000000,0,0,2.63600,378.793,10.821,9.000,9.000,10.000,11.000,11.000,0.000,0.000,0,0,1.8861,54,108,54,54,62
4,falling,46,788.0,,195.000,356.127,0.00000,9.53112,9.53112,0.000000,0.000000,0,0,2.63600,378.793,10.821,9.000,9.000,10.000,11.000,11.000,0.000,0.000,0,0,1.8861,54,108,54,54,62
4,falling,47,805.0,,195.000,365.989,0.00000,9.66863,9.66863,0.000000,0.000000,0,0,2.63600,378.793,10.821,9.000,9.000,10.000,11.000,11.000,0.000,0.000,0,0,1.8861,54,108,54,54,62
4,falling,48,822.0,,195.000,375.393,0.00000,9.79607,9.79607,0.000000,0.000000,0,0,2.63600,378.793,10.821,9.000,9.000,10.000,11.000,11.000,0.000,0.000,0,0,1.8861,54,108,54,54,62
4,falling,49,838.0,,195.000,385.521,0.00000,9.92952,9.92952,0.000000,0.000000,0,0,2.63600,378.793,10.821,9.000,9.000,10.000,11.000,11.000,0.000,0.000,0,0,1.8861,54,108,54,54,62
4,falling,50,855.0,,195.000,395.783,0.00000,10.06093,10.06093,0.000000,0.000000,0,0,2.63600,378.793,10.821,9.000,9.000,10.000,11.000,11.000,0.000,0.000,0,0,1.8861,54,108,54,54,62
4,falling,51,872.0,,195.000,405.559,0.00000,10.18272,10.18272,0.000000,0.000000,0,0,2.63600,378.793,10.821,9.000,9.000,10.000,11.000,11.000,0.000,0.000,0,0,1.8861,54,108,54,54,62
4,falling,52,888.0,,195.000,416.075,0.00000,10.31026,10.31026,0.000000,0.000000,0,0,2.63600,378.793,10.821,9.000,9.000,10.000,11.000,11.000,0.000,0.000,0,0,1.8861,54,108,54,54,62
4,falling,53,905.0,,195.000,426.720,0.00000,10.43585,10.43585,0.000000,0.000000,0,0,2.63600,378.793,10.821,9.000,9.000,10.000,11.000,11.000,0.000,0.000,0,0,1.8861,54,108,54,54,62
4,falling,54,922.0,,195.000,436.850,0.00000,10.55224,10.55224,0.000000,0.000000,0,0,2.63600,378.793,10.821,9.000,9.000,10.000,11.000,11.000,0.000,0.000,0,0,1.8861,54,108,54,54,62
4,falling,55,938.0,,195.000,447.738,0.00000,10.67412,10.67412,0.000000,0.000000,0,0,2.63600,378.793,10.821,9.000,9.000,10.000,11.000,11.000,0.000,0.000,0,0,1.8861,54,108,54,54,62
4,falling,56,955.0,,195.000,458.748,0.00000,10.79414,10.79414,0.000000,0.000000,0,0,2.63600,378.793,10.821,9.000,9.000,10.000,11.000,11.000,0.000,0.000,0,0,1.8861,54,108,54,54,62
4,falling,57,972.0,,195.000,469.878,0.00000,10.91232,10.91232,0.000000,0.000000,0,0,2.63600,378.793,10.821,9.000,9.000,10.000,11.000,11.000,0.000,0.000,0,0,1.8861,54,108,54,54,62
4,post_landing,58,989.0,58,195.000,478.053,2.29604,-1.07191,2.53392,-0.159628,0.000000,0,1,2.63600,378.793,10.821,9.000,9.000,10.000,11.000,11.000,11.000,-3.944,10,5,1.8861,54,108,54,54,62
4,post_landing,59,1005.0,58,197.306,476.537,1.80144,-0.42469,1.85082,-0.021093,-0.160329,0,1,2.63600,378.793,10.821,9.000,8.057,10.031,11.338,11.657,9.204,3.130,4,3,1.8861,54,108,54,54,62
4,post_landing,60,1022.0,58,199.115,476.185,1.87532,-0.13391,1.88010,-0.041380,-0.181514,0,1,2.63600,378.793,10.821,9.000,8.049,9.213,11.361,12.263,3.131,2.186,2,2,1.8861,54,108,54,54,62
4,post_landing,61,1039.0,58,200.890,476.169,1.42025,0.05118,1.42117,0.027128,-0.220667,0,1,2.63600,378.793,10.821,9.000,3.146,10.414,11.609,12.484,0.000,5.513,1,1,1.8861,54,108,54,54,62
4,post_landing,62,1055.0,58,202.316,476.260,1.16584,-0.03712,1.16643,0.034790,-0.193420,0,1,2.63600,378.793,10.821,9.000,8.043,10.390,11.564,12.333,3.136,2.720,2,2,1.8861,54,108,54,54,62
4,post_landing,63,1072.0,58,203.487,476.197,0.72871,-0.18123,0.75091,0.053747,-0.158477,0,1,2.63600,378.793,10.821,9.000,8.058,10.033,11.336,11.651,3.120,1.153,2,2,1.8861,54,108,54,54,62
4,post_landing,64,1089.0,58,204.177,475.866,0.67513,0.03446,0.67600,0.041220,-0.107623,0,1,2.63600,378.793,10.821,9.000,8.061,10.050,11.259,11.473,0.000,0.415,1,1,1.8861,54,108,54,54,62
4,post_landing,65,1105.0,58,204.855,475.859,0.62491,-0.03372,0.62582,0.034653,-0.066222,0,1,2.63600,378.793,10.821,9.000,8.049,10.044,11.174,11.307,4.989,1.038,2,1,1.8861,54,108,54,54,62
4,post_landing,66,1122.0,58,205.483,475.937,0.57843,-0.11724,0.59019,0.034231,-0.031417,0,1,2.63600,378.793,10.821,9.000,8.027,10.026,11.089,11.152,4.998,-0.530,2,1,1.8861,54,108,54,54,62
4,post_landing,67,1139.0,58,206.030,476.052,0.53589,-0.13173,0.55184,0.035831,0.000972,0,1,2.63600,378.793,10.821,9.000,6.001,9.001,11.001,11.001,5.000,-1.988,2,1,1.8861,54,108,54,54,62
4,post_landing,68,1155.0,58,206.568,476.065,0.62459,-0.43934,0.76363,0.026385,0.036960,0,1,2.63600,378.793,10.821,9.000,6.033,9.031,11.029,11.029,4.997,-3.605,2,1,1.8861,54,108,54,54,62
4,post_landing,69,1172.0,58,207.195,475.912,0.61503,-0.14928,0.63289,0.025981,0.063461,0,0,2.63600,378.793,10.821,9.000,6.051,9.045,11.041,11.041,0.000,0.000,0,0,1.8861,54,108,54,54,62
4,post_landing,70,1189.0,58,207.777,476.027,0.60617,0.11954,0.61785,0.025607,0.088044,0,0,2.63600,378.793,10.821,9.000,6.065,9.053,11.045,11.045,0.000,0.000,0,0,1.8861,54,108,54,54,62
4,post_landing,71,1206.0,58,208.386,476.293,0.28076,-0.05460,0.28602,0.056272,0.113763,0,1,2.63600,378.793,10.821,9.000,6.075,9.055,10.162,11.042,0.000,-4.555,1,1,1.8861,54,108,54,54,62
4,post_landing,72,1222.0,58,208.668,476.527,0.27646,0.22957,0.35935,0.055411,0.170283,0,0,2.63600,378.793,10.821,9.000,6.083,6.252,10.194,11.010,0.000,0.000,0,0,1.8861,54,108,54,54,62
4,post_landing,73,1239.0,58,208.930,477.038,0.25613,-0.02980,0.25786,0.037963,0.222712,0,1,2.63600,378.793,10.821,9.000,1.196,6.294,10.195,10.949,0.000,-9.396,1,1,1.8861,54,108,54,54,62
4,post_landing,74,1255.0,58,209.187,477.328,0.25221,0.25399,0.35794,0.037382,0.260841,0,0,2.63600,378.793,10.821,9.000,1.224,6.313,9.469,10.886,0.000,0.000,0,0,1.8861,54,108,54,54,62
4,post_landing,75,1272.0,58,209.440,477.880,0.23345,0.00000,0.23345,0.034607,0.298388,0,1,2.63600,378.793,10.821,9.000,1.250,6.323,9.484,10.808,0.000,-12.696,1,1,1.8861,54,108,54,54,62
4,post_landing,76,1289.0,58,209.661,478.143,0.23009,0.26667,0.35221,0.034109,0.331132,0,0,2.63600,378.793,10.821,9.000,1.271,6.324,9.486,10.728,0.000,0.000,0,0,1.8861,54,108,54,54,62
4,post_landing,77,1305.0,58,209.892,478.706,0.22657,0.54592,0.59107,0.033587,0.365390,0,0,2.63600,378.793,10.821,9.000,1.291,6.319,9.478,10.631,0.000,0.000,0,0,1.8861,54,108,54,54,62
4,post_landing,78,1322.0,58,210.120,479.387,0.20972,0.16057,0.26413,0.033652,0.399125,0,1,2.63600,378.793,10.821,9.000,1.310,6.306,7.083,10.524,0.000,-16.973,1,1,1.8861,54,108,54,54,62
4,post_landing,79,1339.0,58,210.318,479.795,0.20670,0.42493,0.47253,0.033167,0.430965,0,0,2.63600,378.793,10.821,9.000,1.326,1.744,7.122,10.412,0.000,0.000,0,0,1.8861,54,108,54,54,62
4,post_landing,80,1355.0,58,210.526,480.511,0.20353,0.70176,0.73068,0.032660,0.464278,0,0,2.63600,378.793,10.821,9.000,1.342,1.790,7.156,10.283,0.000,0.000,0,0,1.8861,54,108,54,54,62
4,post_landing,81,1372.0,58,210.730,481.253,0.68008,-0.02742,0.68063,0.015405,0.497082,0,1,2.63600,378.793,10.821,9.000,1.356,1.833,7.181,10.146,0.000,-20.968,1,1,1.8861,54,108,54,54,62
4,post_landing,82,1389.0,58,211.413,481.561,0.85133,0.06316,0.85367,-0.015180,0.512554,0,1,2.63600,378.793,10.821,9.000,1.362,1.852,7.191,19.719,0.000,-21.581,1,1,1.8861,54,108,54,54,62
4,post_landing,83,1406.0,58,212.219,481.488,0.79191,-0.02747,0.79239,0.014754,0.498191,0,1,2.63600,378.793,10.821,9.000,1.356,1.834,7.182,10.141,1.356,-20.334,2,2,1.8861,54,108,54,54,62
4,post_landing,84,1422.0,58,213.014,481.586,1.13336,-0.24942,1.16048,0.001769,0.513010,0,1,2.63600,378.793,10.821,9.000,1.362,1.853,7.191,19.720,0.000,-21.599,1,1,1.8861,54,108,54,54,62
4,post_landing,85,1439.0,58,214.153,481.613,1.04218,0.01434,1.04228,0.001575,0.514787,0,1,2.63600,378.793,10.821,9.000,1.363,1.855,7.192,19.720,0.000,-21.669,1,1,1.8861,54,108,54,54,62
4,post_landing,86,1456.0,58,215.139,481.659,1.03674,0.10670,1.04222,-0.008071,0.516277,0,1,2.63600,378.793,10.821,9.000,1.363,1.857,7.193,19.721,0.000,-21.728,1,1,1.8861,54,108,54,54,62
4,post_landing,87,1472.0,58,216.180,481.690,0.96645,0.00000,0.96645,0.032612,0.508170,0,1,2.63600,378.793,10.821,9.000,1.360,1.847,7.188,19.718,1.360,-20.728,2,2,1.8861,54,108,54,54,62
4,post_landing,88,1489.0,58,217.151,481.979,0.95166,0.28333,0.99295,0.032113,0.540926,0,0,2.63600,378.793,10.821,9.000,1.372,1.887,7.203,21.094,0.000,0.000,0,0,1.8861,54,108,54,54,62
4,post_landing,89,1506.0,58,218.051,482.503,0.93796,0.54592,1.08526,0.031651,0.571311,0,0,2.63600,378.793,10.821,9.000,1.382,2.463,7.210,21.090,0.000,0.000,0,0,1.8861,54,108,54,54,62
4,post_landing,90,1522.0,58,218.993,483.341,0.92361,0.82090,1.23569,0.031167,0.603101,0,0,2.63600,378.793,10.821,9.000,1.391,2.525,7.210,21.374,0.000,0.000,0,0,1.8861,54,108,54,54,62
4,post_landing,91,1539.0,58,219.921,484.478,1.12590,0.34598,1.17786,-0.004038,0.634405,0,1,2.63600,378.793,10.821,9.000,1.398,2.584,7.203,21.397,0.000,-26.221,1,1,1.8861,54,108,54,54,62
4,post_landing,92,1556.0,58,220.986,484.528,1.05493,0.17413,1.06920,0.008297,0.630584,0,1,2.63600,378.793,10.821,9.000,1.397,2.577,7.205,21.396,1.397,-25.382,2,2,1.8861,54,108,54,54,62
4,post_landing,93,1572.0,58,222.046,484.722,0.83145,0.17282,0.84922,0.019793,0.638918,0,1,2.63600,378.793,10.821,9.000,1.399,2.592,7.202,21.399,1.399,-25.686,2,2,1.8861,54,108,54,54,62
4,post_landing,94,1589.0,58,222.881,485.134,0.75794,0.17233,0.77728,0.009489,0.658798,0,1,2.63600,378.793,10.821,9.000,2.015,2.627,7.193,21.401,0.000,-27.105,1,1,1.8861,54,108,54,54,62
4,post_landing,95,1606.0,58,223.598,485.463,0.68902,0.15692,0.70666,0.007310,0.667776,0,1,2.63600,378.793,10.821,9.000,2.024,2.643,7.188,21.399,1.404,-26.724,2,2,1.8861,54,108,54,54,62
4,post_landing,96,1622.0,58,224.290,485.673,0.68416,0.12703,0.69585,0.006371,0.675118,0,1,2.63600,378.793,10.821,9.000,2.031,2.656,7.184,21.396,1.406,-26.985,2,2,1.8861,54,108,54,54,62
4,post_landing,97,1639.0,58,224.977,485.847,0.64104,0.28081,0.69985,0.010713,0.681517,0,1,2.63600,378.793,10.821,9.000,2.037,2.667,7.180,21.392,1.407,-27.211,2,2,1.8861,54,108,54,54,62
4,post_landing,98,1656.0,58,225.584,486.122,0.68215,0.29963,0.74505,0.014964,0.691654,0,1,2.63600,378.793,10.821,9.000,2.046,2.684,7.172,21.385,1.408,-27.566,2,2,1.8861,54,108,54,54,62
4,post_landing,99,1672.0,58,226.269,486.537,0.71604,0.37744,0.80942,0.009423,0.706684,0,1,2.63600,378.793,10.821,9.000,2.059,2.708,7.160,21.370,1.410,-28.088,2,2,1.8861,54,108,54,54,62
4,post_landing,100,1689.0,58,226.988,486.820,0.76230,0.39147,0.85694,0.011808,0.716149,0,1,2.63600,378.793,10.821,9.000,2.067,2.724,7.152,21.358,1.411,-28.414,2,2,1.8861,54,108,54,54,62
4,post_landing,101,1706.0,58,227.709,487.133,0.72411,0.45959,0.85765,0.015205,0.727322,0,1,2.63600,378.793,10.821,9.000,2.077,2.742,7.141,21.342,1.412,-28.795,2,2,1.8861,54,108,54,54,62
4,post_landing,102,1722.0,58,228.437,487.578,0.75990,0.46823,0.89258,0.015358,0.742593,0,1,2.63600,378.793,10.821,9.000,2.089,2.765,7.125,21.315,1.413,-29.310,2,2,1.8861,54,108,54,54,62
4,post_landing,103,1739.0,58,229.200,488.034,0.77138,0.49807,0.91820,0.015537,0.758019,0,1,2.63600,378.793,10.821,9.000,2.101,2.789,7.107,21.283,1.414,-29.823,2,2,1.8861,54,108,54,54,62
4,post_landing,104,1756.0,58,229.930,488.473,0.75514,0.53586,0.92595,0.015742,0.772719,0,1,2.63600,378.793,10.821,9.000,2.112,2.810,7.088,21.247,1.414,-30.305,2,2,1.8861,54,108,54,54,62
4,post_landing,105,1773.0,58,230.688,488.961,0.71410,0.57179,0.91481,0.022022,0.788530,0,1,2.63600,378.793,10.821,9.000,2.124,2.833,7.067,21.213,1.414,-30.817,2,2,1.8861,54,108,54,54,62
4,post_landing,106,1789.0,58,231.405,489.640,0.72676,0.59369,0.93843,0.019245,0.810649,0,1,2.63600,378.793,10.821,9.000,2.138,2.863,19.104,21.206,1.414,-31.520,2,2,1.8861,54,108,54,54,62
4,post_landing,107,1806.0,58,232.093,490.221,0.71503,0.60941,0.93949,0.019393,0.828859,0,1,2.63600,378.793,10.821,9.000,2.150,2.887,19.105,21.193,1.413,-32.087,2,2,1.8861,54,108,54,54,62
4,post_landing,108,1823.0,58,232.811,490.856,0.71283,0.62886,0.95057,0.019407,0.848337,0,1,2.63600,378.793,10.821,9.000,2.162,3.662,19.099,21.171,1.411,-32.681,2,2,1.8861,54,108,54,54,62
4,post_landing,109,1839.0,58,233.527,491.499,0.70672,0.64728,0.95834,0.019749,0.867830,0,1,2.63600,378.793,10.821,9.000,2.172,3.698,19.848,21.141,1.409,-33.264,2,2,1.8861,54,108,54,54,62
4,post_landing,110,1856.0,58,234.196,492.121,0.69209,0.65877,0.95549,0.019718,0.886516,0,1,2.63600,378.793,10.821,9.000,2.182,3.732,16.680,21.105,1.407,-33.811,2,2,1.8861,54,108,54,54,62
4,post_landing,111,1873.0,58,234.891,492.801,0.68087,0.67791,0.96081,0.020051,0.906320,0,1,2.63600,378.793,10.821,9.000,2.191,3.766,16.742,21.058,1.404,-34.377,2,2,1.8861,54,108,54,54,62
4,post_landing,112,1889.0,58,235.575,493.499,0.67231,0.69332,0.96576,0.020199,0.926459,0,1,2.63600,378.793,10.821,9.000,2.200,3.799,16.798,21.003,1.400,-34.940,2,2,1.8861,54,108,54,54,62
4,post_landing,113,1906.0,58,236.250,494.213,0.66250,0.70783,0.96950,0.020312,0.946747,0,1,2.63600,378.793,10.821,9.000,2.207,16.036,17.075,20.938,1.396,-35.492,2,2,1.8861,54,108,54,54,62
4,post_landing,114,1923.0,58,236.877,494.896,0.64786,0.71239,0.96293,0.020200,0.965966,0,1,2.63600,378.793,10.821,9.000,2.214,16.065,17.142,69.064,1.391,-36.001,2,2,1.8861,54,108,54,54,62
4,post_landing,115,1939.0,58,237.528,495.635,0.63064,0.72998,0.96467,0.020457,0.986254,0,1,2.63600,378.793,10.821,9.000,2.220,16.924,17.206,70.725,1.386,-36.525,2,2,1.8861,54,108,54,54,62
4,post_landing,116,1956.0,58,238.161,496.391,0.61432,0.74533,0.96587,0.020513,1.006801,0,1,2.63600,378.793,10.821,9.000,2.225,16.953,17.264,70.711,1.380,-37.040,2,2,1.8861,54,108,54,54,62
4,post_landing,117,1973.0,58,238.742,497.111,0.59653,0.74814,0.95684,0.020363,1.026210,0,1,2.63600,378.793,10.821,9.000,16.119,16.975,65.670,70.670,1.373,-37.512,2,2,1.8861,54,108,54,54,62
5,falling,0,14.0,,195.000,97.029,0.00000,0.55000,0.55000,0.000000,0.000000,0,0,4.20200,918.333,0.519,9.000,9.000,11.000,12.000,16.000,0.000,0.000,0,0,1.6043,84,168,84,91,85
5,falling,1,23.0,,195.000,97.308,0.00000,0.66320,0.66320,0.000000,0.000000,0,0,4.20200,918.333,0.519,9.000,9.000,11.000,12.000,16.000,0.000,0.000,0,0,1.6043,84,168,84,91,85
5,falling,2,38.0,,195.000,98.263,0.00000,0.93639,0.93639,0.000000,0.000000,0,0,4.20200,918.333,0.519,9.000,9.000,11.000,12.000,16.000,0.000,0.000,0,0,1.6043,84,168,84,91,85
5,falling,3,55.0,,195.000,99.492,0.00000,1.20539,1.20539,0.000000,0.000000,0,0,4.20200,918.333,0.519,9.000,9.000,11.000,12.000,16.000,0.000,0.000,0,0,1.6043,84,168,84,91,85
5,falling,4,71.0,,195.000,100.889,0.00000,1.45470,1.45470,0.000000,0.000000,0,0,4.20200,918.333,0.519,9.000,9.000,11.000,12.000,16.000,0.000,0.000,0,0,1.6043,84,168,84,91,85
5,falling,5,88.0,,195.000,102.639,0.00000,1.71578,1.71578,0.000000,0.000000,0,0,4.20200,918.333,0.519,9.000,9.000,11.000,12.000,16.000,0.000,0.000,0,0,1.6043,84,168,84,91,85
5,falling,6,105.0,,195.000,104.651,0.00000,1.97286,1.97286,0.000000,0.000000,0,0,4.20200,918.333,0.519,9.000,9.000,11.000,12.000,16.000,0.000,0.000,0,0,1.6043,84,168,84,91,85
5,falling,7,122.0,,195.000,106.774,0.00000,2.21112,2.21112,0.000000,0.000000,0,0,4.20200,918.333,0.519,9.000,9.000,11.000,12.000,16.000,0.000,0.000,0,0,1.6043,84,168,84,91,85
5,falling,8,138.0,,195.000,109.284,0.00000,2.46062,2.46062,0.000000,0.000000,0,0,4.20200,918.333,0.519,9.000,9.000,11.000,12.000,16.000,0.000,0.000,0,0,1.6043,84,168,84,91,85
5,falling,9,155.0,,195.000,112.044,0.00000,2.70631,2.70631,0.000000,0.000000,0,0,4.20200,918.333,0.519,9.000,9.000,11.000,12.000,16.000,0.000,0.000,0,0,1.6043,84,168,84,91,85
5,falling,10,172.0,,195.000,114.861,0.00000,2.93400,2.93400,0.000000,0.000000,0,0,4.20200,918.333,0.519,9.000,9.000,11.000,12.000,16.000,0.000,0.000,0,0,1.6043,84,168,84,91,85
5,falling,11,189.0,,195.000,118.097,0.00000,3.17245,3.17245,0.000000,0.000000,0,0,4.20200,918.333,0.519,9.000,9.000,11.000,12.000,16.000,0.000,0.000,0,0,1.6043,84,168,84,91,85
5,falling,12,205.0,,195.000,121.572,0.00000,3.40724,3.40724,0.000000,0.000000,0,0,4.20200,918.333,0.519,9.000,9.000,11.000,12.000,16.000,0.000,0.000,0,0,1.6043,84,168,84,91,85
5,falling,13,222.0,,195.000,125.283,0.00000,3.63844,3.63844,0.000000,0.000000,0,0,4.20200,918.333,0.519,9.000,9.000,11.000,12.000,16.000,0.000,0.000,0,0,1.6043,84,168,84,91,85
5,falling,14,239.0,,195.000,128.982,0.00000,3.85272,3.85272,0.000000,0.000000,0,0,4.20200,918.333,0.519,9.000,9.000,11.000,12.000,16.000,0.000,0.000,0,0,1.6043,84,168,84,91,85
5,falling,15,255.0,,195.000,133.140,0.00000,4.07710,4.07710,0.000000,0.000000,0,0,4.20200,918.333,0.519,9.000,9.000,11.000,12.000,16.000,0.000,0.000,0,0,1.6043,84,168,84,91,85
5,falling,16,272.0,,195.000,137.524,0.00000,4.29806,4.29806,0.000000,0.000000,0,0,4.20200,918.333,0.519,9.000,9.000,11.000,12.000,16.000,0.000,0.000,0,0,1.6043,84,168,84,91,85
5,falling,17,289.0,,195.000,141.847,0.00000,4.50283,4.50283,0.000000,0.000000,0,0,4.20200,918.333,0.519,9.000,9.000,11.000,12.000,16.000,0.000,0.000,0,0,1.6043,84,168,84,91,85
5,falling,18,305.0,,195.000,146.659,0.00000,4.71727,4.71727,0.000000,0.000000,0,0,4.20200,918.333,0.519,9.000,9.000,11.000,12.000,16.000,0.000,0.000,0,0,1.6043,84,168,84,91,85
5,falling,19,322.0,,195.000,151.686,0.00000,4.92843,4.92843,0.000000,0.000000,0,0,4.20200,918.333,0.519,9.000,9.000,11.000,12.000,16.000,0.000,0.000,0,0,1.6043,84,168,84,91,85
5,falling,20,339.0,,195.000,156.605,0.00000,5.12413,5.12413,0.000000,0.000000,0,0,4.20200,918.333,0.519,9.000,9.000,11.000,12.000,16.000,0.000,0.000,0,0,1.6043,84,168,84,91,85
5,falling,21,355.0,,195.000,162.041,0.00000,5.32906,5.32906,0.000000,0.000000,0,0,4.20200,918.333,0.519,9.000,9.000,11.000,12.000,16.000,0.000,0.000,0,0,1.6043,84,168,84,91,85
5,falling,22,372.0,,195.000,167.682,0.00000,5.53086,5.53086,0.000000,0.000000,0,0,4.20200,918.333,0.519,9.000,9.000,11.000,12.000,16.000,0.000,0.000,0,0,1.6043,84,168,84,91,85
5,falling,23,389.0,,195.000,173.171,0.00000,5.71788,5.71788,0.000000,0.000000,0,0,4.20200,918.333,0.519,9.000,9.000,11.000,12.000,16.000,0.000,0.000,0,0,1.6043,84,168,84,91,85
5,falling,24,405.0,,195.000,179.203,0.00000,5.91373,5.91373,0.000000,0.000000,0,0,4.20200,918.333,0.519,9.000,9.000,11.000,12.000,16.000,0.000,0.000,0,0,1.6043,84,168,84,91,85
5,falling,25,422.0,,195.000,185.432,0.00000,6.10659,6.10659,0.000000,0.000000,0,0,4.20200,918.333,0.519,9.000,9.000,11.000,12.000,16.000,0.000,0.000,0,0,1.6043,84,168,84,91,85
5,falling,26,439.0,,195.000,191.466,0.00000,6.28532,6.28532,0.000000,0.000000,0,0,4.20200,918.333,0.519,9.000,9.000,11.000,12.000,16.000,0.000,0.000,0,0,1.6043,84,168,84,91,85
5,falling,27,456.0,,195.000,198.068,0.00000,6.47249,6.47249,0.000000,0.000000,0,0,4.20200,918.333,0.519,9.000,9.000,11.000,12.000,16.000,0.000,0.000,0,0,1.6043,84,168,84,91,85
5,falling,28,472.0,,195.000,204.858,0.00000,6.65679,6.65679,0.000000,0.000000,0,0,4.20200,918.333,0.519,9.000,9.000,11.000,12.000,16.000,0.000,0.000,0,0,1.6043,84,168,84,91,85
5,falling,29,489.0,,195.000,211.833,0.00000,6.83828,6.83828,0.000000,0.000000,0,0,4.20200,918.333,0.519,9.000,9.000,11.000,12.000,16.000,0.000,0.000,0,0,1.6043,84,168,84,91,85
5,falling,30,506.0,,195.000,218.559,0.00000,7.00647,7.00647,0.000000,0.000000,0,0,4.20200,918.333,0.519,9.000,9.000,11.000,12.000,16.000,0.000,0.000,0,0,1.6043,84,168,84,91,85
5,falling,31,522.0,,195.000,225.885,0.00000,7.18261,7.18261,0.000000,0.000000,0,0,4.20200,918.333,0.519,9.000,9.000,11.000,12.000,16.000,0.000,0.000,0,0,1.6043,84,168,84,91,85
5,falling,32,539.0,,195.000,233.388,0.00000,7.35604,7.35604,0.000000,0.000000,0,0,4.20200,918.333,0.519,9.000,9.000,11.000,12.000,16.000,0.000,0.000,0,0,1.6043,84,168,84,91,85
5,falling,33,556.0,,195.000,240.605,0.00000,7.51678,7.51678,0.000000,0.000000,0,0,4.20200,918.333,0.519,9.000,9.000,11.000,12.000,16.000,0.000,0.000,0,0,1.6043,84,168,84,91,85
5,falling,34,572.0,,195.000,248.443,0.00000,7.68511,7.68511,0.000000,0.000000,0,0,4.20200,918.333,0.519,9.000,9.000,11.000,12.000,16.000,0.000,0.000,0,0,1.6043,84,168,84,91,85
5,falling,35,589.0,,195.000,256.451,0.00000,7.85086,7.85086,0.000000,0.000000,0,0,4.20200,918.333,0.519,9.000,9.000,11.000,12.000,16.000,0.000,0.000,0,0,1.6043,84,168,84,91,85
5,falling,36,606.0,,195.000,264.136,0.00000,8.00448,8.00448,0.000000,0.000000,0,0,4.20200,918.333,0.519,9.000,9.000,11.000,12.000,16.000,0.000,0.000,0,0,1.6043,84,168,84,91,85
5,falling,37,622.0,,195.000,272.464,0.00000,8.16534,8.16534,0.000000,0.000000,0,0,4.20200,918.333,0.519,9.000,9.000,11.000,12.000,16.000,0.000,0.000,0,0,1.6043,84,168,84,91,85
5,falling,38,639.0,,195.000,280.954,0.00000,8.32374,8.32374,0.000000,0.000000,0,0,4.20200,918.333,0.519,9.000,9.000,11.000,12.000,16.000,0.000,0.000,0,0,1.6043,84,168,84,91,85
5,falling,39,656.0,,195.000,289.086,0.00000,8.47055,8.47055,0.000000,0.000000,0,0,4.20200,918.333,0.519,9.000,9.000,11.000,12.000,16.000,0.000,0.000,0,0,1.6043,84,168,84,91,85
5,falling,40,672.0,,195.000,297.883,0.00000,8.62428,8.62428,0.000000,0.000000,0,0,4.20200,918.333,0.519,9.000,9.000,11.000,12.000,16.000,0.000,0.000,0,0,1.6043,84,168,84,91,85
5,falling,41,689.0,,195.000,306.834,0.00000,8.77567,8.77567,0.000000,0.000000,0,0,4.20200,918.333,0.519,9.000,9.000,11.000,12.000,16.000,0.000,0.000,0,0,1.6043,84,168,84,91,85
5,falling,42,706.0,,195.000,315.393,0.00000,8.91596,8.91596,0.000000,0.000000,0,0,4.20200,918.333,0.519,9.000,9.000,11.000,12.000,16.000,0.000,0.000,0,0,1.6043,84,168,84,91,85
5,falling,43,722.0,,195.000,324.638,0.00000,9.06288,9.06288,0.000000,0.000000,0,0,4.20200,918.333,0.519,9.000,9.000,11.000,12.000,16.000,0.000,0.000,0,0,1.6043,84,168,84,91,85
5,falling,44,739.0,,195.000,334.029,0.00000,9.20755,9.20755,0.000000,0.000000,0,0,4.20200,918.333,0.519,9.000,9.000,11.000,12.000,16.000,0.000,0.000,0,0,1.6043,84,168,84,91,85
5,falling,45,756.0,,195.000,342.997,0.00000,9.34163,9.34163,0.000000,0.000000,0,0,4.20200,918.333,0.519,9.000,9.000,11.000,12.000,16.000,0.000,0.000,0,0,1.6043,84,168,84,91,85
5,falling,46,773.0,,195.000,352.669,0.00000,9.48204,9.48204,0.000000,0.000000,0,0,4.20200,918.333,0.519,9.000,9.000,11.000,12.000,16.000,0.000,0.000,0,0,1.6043,84,168,84,91,85
5,falling,47,789.0,,195.000,362.482,0.00000,9.62030,9.62030,0.000000,0.000000,0,0,4.20200,918.333,0.519,9.000,9.000,11.000,12.000,16.000,0.000,0.000,0,0,1.6043,84,168,84,91,85
5,falling,48,806.0,,195.000,372.433,0.00000,9.75644,9.75644,0.000000,0.000000,0,0,4.20200,918.333,0.519,9.000,9.000,11.000,12.000,16.000,0.000,0.000,0,0,1.6043,84,168,84,91,85
5,falling,49,823.0,,195.000,381.920,0.00000,9.88261,9.88261,0.000000,0.000000,0,0,4.20200,918.333,0.519,9.000,9.000,11.000,12.000,16.000,0.000,0.000,0,0,1.6043,84,168,84,91,85
5,falling,50,839.0,,195.000,392.135,0.00000,10.01474,10.01474,0.000000,0.000000,0,0,4.20200,918.333,0.519,9.000,9.000,11.000,12.000,16.000,0.000,0.000,0,0,1.6043,84,168,84,91,85
5,falling,51,856.0,,195.000,402.483,0.00000,10.14485,10.14485,0.000000,0.000000,0,0,4.20200,918.333,0.519,9.000,9.000,11.000,12.000,16.000,0.000,0.000,0,0,1.6043,84,168,84,91,85
5,falling,52,873.0,,195.000,412.338,0.00000,10.26543,10.26543,0.000000,0.000000,0,0,4.20200,918.333,0.519,9.000,9.000,11.000,12.000,16.000,0.000,0.000,0,0,1.6043,84,168,84,91,85
5,falling,53,889.0,,195.000,422.938,0.00000,10.39170,10.39170,0.000000,0.000000,0,0,4.20200,918.333,0.519,9.000,9.000,11.000,12.000,16.000,0.000,0.000,0,0,1.6043,84,168,84,91,85
5,falling,54,906.0,,195.000,433.664,0.00000,10.51604,10.51604,0.000000,0.000000,0,0,4.20200,918.333,0.519,9.000,9.000,11.000,12.000,16.000,0.000,0.000,0,0,1.6043,84,168,84,91,85
5,falling,55,923.0,,195.000,443.870,0.00000,10.63128,10.63128,0.000000,0.000000,0,0,4.20200,918.333,0.519,9.000,9.000,11.000,12.000,16.000,0.000,0.000,0,0,1.6043,84,168,84,91,85
5,falling,56,939.0,,195.000,454.837,0.00000,10.75195,10.75195,0.000000,0.000000,0,0,4.20200,918.333,0.519,9.000,9.000,11.000,12.000,16.000,0.000,0.000,0,0,1.6043,84,168,84,91,85
5,falling,57,956.0,,195.000,465.925,0.00000,10.87078,10.87078,0.000000,0.000000,0,0,4.20200,918.333,0.519,9.000,9.000,11.000,12.000,16.000,0.000,0.000,0,0,1.6043,84,168,84,91,85
5,falling,58,973.0,,195.000,476.467,0.00000,10.98091,10.98091,0.000000,0.000000,0,0,4.20200,918.333,0.519,9.000,9.000,11.000,12.000,16.000,0.000,0.000,0,0,1.6043,84,168,84,91,85
5,post_landing,59,990.0,59,195.000,483.981,-1.18266,-0.05748,1.18405,-0.081053,0.000000,0,1,4.20200,918.333,0.519,9.000,9.000,11.000,12.000,16.000,16.000,8.874,14,7,1.6043,84,168,84,91,85
5,post_landing,60,1006.0,59,193.812,481.856,-1.64563,-0.22972,1.66159,-0.012220,-0.081409,0,1,4.20200,918.333,0.519,9.000,6.061,10.048,12.123,15.947,10.964,11.489,6,3,1.6043,84,168,84,91,85
5,post_landing,61,1023.0,59,192.255,481.488,-1.38509,-0.08200,1.38752,-0.019098,-0.092971,0,1,4.20200,918.333,0.519,9.000,6.067,10.050,12.134,15.121,6.067,10.571,3,2,1.6043,84,168,84,91,85
5,post_landing,62,1040.0,59,190.864,481.244,-1.40287,0.07698,1.40498,0.001941,-0.112154,0,1,4.20200,918.333,0.519,9.000,6.074,10.049,12.148,15.130,0.000,9.392,1,1,1.6043,84,168,84,91,85
5,post_landing,63,1056.0,59,189.455,481.221,-0.80837,-0.03093,0.80896,-0.046573,-0.110204,0,1,4.20200,918.333,0.519,9.000,6.074,10.049,12.147,15.129,0.000,9.314,1,1,1.6043,84,168,84,91,85
5,post_landing,64,1073.0,59,188.643,481.479,-0.79600,0.25288,0.83520,-0.045861,-0.156982,0,0,4.20200,918.333,0.519,9.000,6.083,7.227,12.165,38.627,0.000,0.000,0,0,1.6043,84,168,84,91,85
5,post_landing,65,1090.0,59,187.890,481.975,-0.78454,0.51591,0.93897,-0.045200,-0.200375,0,0,4.20200,918.333,0.519,9.000,6.079,7.258,12.158,38.832,0.000,0.000,0,0,1.6043,84,168,84,91,85
5,post_landing,66,1106.0,59,187.102,482.815,-0.66203,0.16500,0.68228,-0.033740,-0.245773,0,1,4.20200,918.333,0.519,9.000,1.213,7.276,11.399,39.291,0.000,14.616,1,1,1.6043,84,168,84,91,85
5,post_landing,67,1123.0,59,186.437,483.296,-0.65190,0.44581,0.78976,-0.033223,-0.279661,0,0,4.20200,918.333,0.519,9.000,1.237,7.280,11.677,39.284,0.000,0.000,0,0,1.6043,84,168,84,91,85
5,post_landing,68,1140.0,59,185.820,483.861,-0.85406,0.05117,0.85559,-0.013490,-0.311097,0,1,4.20200,918.333,0.519,9.000,1.258,7.276,36.687,38.863,0.000,17.080,1,1,1.6043,84,168,84,91,85
5,post_landing,69,1156.0,59,184.962,484.095,-1.52881,-0.39759,1.57966,0.014509,-0.324645,0,1,4.20200,918.333,0.519,9.000,1.267,7.272,36.999,38.904,0.000,17.583,1,1,1.6043,84,168,84,91,85
5,post_landing,70,1173.0,59,183.427,483.846,-1.07967,-0.05950,1.08131,-0.019520,-0.310073,0,1,4.20200,918.333,0.519,9.000,1.257,7.276,36.687,38.860,0.000,17.042,1,1,1.6043,84,168,84,91,85
5,post_landing,71,1190.0,59,182.405,483.934,-1.06412,0.20803,1.08427,-0.019239,-0.328542,0,0,4.20200,918.333,0.519,9.000,1.269,7.271,37.000,38.914,0.000,0.000,0,0,1.6043,84,168,84,91,85
5,post_landing,72,1206.0,59,181.336,484.432,-1.04784,0.48818,1.15598,-0.018944,-0.347865,0,0,4.20200,918.333,0.519,9.000,1.281,7.263,37.335,38.957,0.000,0.000,0,0,1.6043,84,168,84,91,85
5,post_landing,73,1223.0,59,180.284,484.887,-1.27556,0.18585,1.28903,0.004671,-0.366893,0,1,4.20200,918.333,0.519,9.000,1.292,34.175,37.334,38.985,0.000,19.128,1,1,1.6043,84,168,84,91,85
5,post_landing,74,1240.0,59,179.077,485.085,-1.02179,0.07117,1.02427,-0.018757,-0.362474,0,1,4.20200,918.333,0.519,9.000,1.290,34.176,37.335,38.980,1.290,18.323,2,2,1.6043,84,168,84,91,85
5,post_landing,75,1257.0,59,178.051,485.164,-0.91229,0.05968,0.91424,-0.017631,-0.381313,0,1,4.20200,918.333,0.519,9.000,1.300,34.167,37.696,38.996,0.000,19.648,1,1,1.6043,84,168,84,91,85
5,post_landing,76,1273.0,59,177.134,485.497,-0.80854,0.06155,0.81088,-0.016921,-0.399022,0,1,4.20200,918.333,0.519,9.000,29.541,34.537,35.314,39.000,0.000,20.281,1,1,1.6043,84,168,84,91,85
5,post_landing,77,1290.0,59,176.369,485.823,-0.71716,0.06902,0.72047,-0.015141,-0.415032,0,1,4.20200,918.333,0.519,9.000,29.546,30.353,35.332,39.287,0.000,20.847,1,1,1.6043,84,168,84,91,85
5,post_landing,78,1307.0,59,175.649,485.984,-0.40226,-0.08727,0.41162,-0.035033,-0.430239,0,1,4.20200,918.333,0.519,9.000,29.962,30.379,35.340,39.318,29.544,6.608,2,2,1.6043,84,168,84,91,85
5,post_landing,79,1324.0,59,175.245,485.572,0.09378,-0.02702,0.09759,-0.083690,-0.465426,0,1,4.20200,918.333,0.519,9.000,0.449,30.411,35.328,39.356,0.000,-6.919,1,1,1.6043,84,168,84,91,85
5,post_landing,80,1340.0,59,175.334,485.137,-0.06284,0.04215,0.07567,-0.041184,-0.544611,0,1,4.20200,918.333,0.519,9.000,0.518,3.602,30.865,36.877,0.000,-4.087,1,1,1.6043,84,168,84,91,85
5,post_landing,81,1357.0,59,175.271,484.988,-0.01627,0.09358,0.09498,-0.035474,-0.585976,0,1,4.20200,918.333,0.519,9.000,0.553,3.606,4.159,36.889,0.000,-2.596,1,1,1.6043,84,168,84,91,85
5,post_landing,82,1373.0,59,175.254,484.916,0.04583,0.05121,0.06873,-0.034162,-0.621606,0,1,4.20200,918.333,0.519,9.000,0.582,3.604,4.186,32.783,0.000,-1.309,1,1,1.6043,84,168,84,91,85
5,post_landing,83,1390.0,59,175.298,484.882,0.13529,0.00000,0.13529,-0.038863,-0.653929,0,1,4.20200,918.333,0.519,9.000,0.608,3.598,5.423,34.813,0.000,-0.139,1,1,1.6043,84,168,84,91,85
5,post_landing,84,1407.0,59,175.434,484.901,0.23310,-0.02439,0.23437,-0.046152,-0.692963,0,1,4.20200,918.333,0.519,9.000,0.639,3.586,5.502,12.804,0.000,1.273,1,1,1.6043,84,168,84,91,85
5,post_landing,85,1423.0,59,175.668,484.992,-0.25536,0.12617,0.28482,0.028048,-0.739318,0,1,4.20200,918.333,0.519,9.000,0.674,1.348,5.586,12.714,0.000,2.948,1,1,1.6043,84,168,84,91,85
5,post_landing,86,1440.0,59,175.411,484.945,-0.47306,0.04054,0.47479,0.051572,-0.711146,0,1,4.20200,918.333,0.519,9.000,0.653,3.578,5.536,12.693,0.000,1.930,1,1,1.6043,84,168,84,91,85
5,post_landing,87,1457.0,59,174.964,484.883,0.09657,0.00000,0.09657,-0.034031,-0.662351,0,1,4.20200,918.333,0.519,9.000,0.615,3.596,5.441,34.820,0.000,0.165,1,1,1.6043,84,168,84,91,85
5,post_landing,88,1473.0,59,175.061,484.906,0.19114,-0.03103,0.19364,-0.041810,-0.696532,0,1,4.20200,918.333,0.519,9.000,0.642,3.584,5.509,12.803,0.000,1.402,1,1,1.6043,84,168,84,91,85
5,post_landing,89,1490.0,59,175.253,484.990,-0.29605,0.11484,0.31754,0.031567,-0.738525,0,1,4.20200,918.333,0.519,9.000,0.673,1.346,5.584,12.714,0.000,2.919,1,1,1.6043,84,168,84,91,85
5,post_landing,90,1507.0,59,174.973,484.935,0.06416,-0.05076,0.08181,-0.025278,-0.708657,0,1,4.20200,918.333,0.519,9.000,0.651,3.579,5.532,12.690,0.000,1.841,1,1,1.6043,84,168,84,91,85
5,post_landing,91,1524.0,59,175.037,484.978,0.01871,-0.02938,0.03484,-0.016665,-0.734046,0,1,4.20200,918.333,0.519,9.000,0.670,1.340,5.577,12.711,0.000,2.757,1,1,1.6043,84,168,84,91,85
5,post_landing,92,1540.0,59,175.056,485.031,0.05044,-0.04763,0.06937,-0.021421,-0.750784,0,1,4.20200,918.333,0.519,9.000,0.682,1.364,5.605,12.720,0.000,3.361,1,1,1.6043,84,168,84,91,85
5,post_landing,93,1557.0,59,175.103,485.099,0.10038,-0.08955,0.13452,-0.029379,-0.771052,0,1,4.20200,918.333,0.519,9.000,0.697,1.394,5.636,14.838,0.000,4.091,1,1,1.6043,84,168,84,91,85
5,post_landing,94,1574.0,59,175.204,485.232,-0.79180,0.07178,0.79505,0.095874,-0.800560,0,1,4.20200,918.333,0.519,9.000,0.718,1.435,5.678,14.858,0.000,5.150,1,1,1.6043,84,168,84,91,85
5,post_landing,95,1590.0,59,174.409,484.946,-0.05004,-0.05932,0.07761,-0.022867,-0.704265,0,1,4.20200,918.333,0.519,9.000,0.647,3.581,5.524,12.801,0.000,1.682,1,1,1.6043,84,168,84,91,85
5,post_landing,96,1607.0,59,174.362,484.955,-0.46463,0.06142,0.46867,0.038624,-0.725902,0,1,4.20200,918.333,0.519,9.000,0.664,3.571,5.563,12.705,0.000,2.464,1,1,1.6043,84,168,84,91,85
5,post_landing,97,1624.0,59,173.895,484.904,-0.57324,0.02224,0.57367,0.048136,-0.687109,0,1,4.20200,918.333,0.519,9.000,0.634,3.588,5.491,34.828,0.000,1.061,1,1,1.6043,84,168,84,91,85
5,post_landing,98,1640.0,59,173.319,484.889,-0.42652,-0.02437,0.42722,0.023531,-0.638761,0,1,4.20200,918.333,0.519,9.000,0.596,3.601,4.197,32.798,0.000,-0.688,1,1,1.6043,84,168,84,91,85
5,post_landing,99,1657.0,59,172.916,484.904,-0.41781,-0.04406,0.42013,0.022921,-0.616496,0,1,4.20200,918.333,0.519,9.000,0.578,3.604,4.182,32.777,0.000,-1.494,1,1,1.6043,84,168,84,91,85
5,post_landing,100,1674.0,59,172.496,484.948,-0.44053,-0.07202,0.44638,0.028060,-0.593475,0,1,4.20200,918.333,0.519,9.000,0.559,3.605,4.165,36.884,0.000,-2.326,1,1,1.6043,84,168,84,91,85
5,post_landing,101,1690.0,59,172.054,485.024,-0.42182,-0.09868,0.43321,0.028150,-0.565291,0,1,4.20200,918.333,0.519,9.000,0.536,3.605,4.140,36.891,0.000,-3.343,1,1,1.6043,84,168,84,91,85
5,post_landing,102,1707.0,59,171.630,485.129,-0.52564,-0.06941,0.53020,0.044924,-0.537017,0,1,4.20200,918.333,0.519,9.000,0.512,3.601,30.873,36.868,0.000,-4.360,1,1,1.6043,84,168,84,91,85
5,post_landing,103,1724.0,59,171.133,485.337,-0.02058,0.15464,0.15600,-0.028702,-0.494512,0,1,4.20200,918.333,0.519,9.000,0.475,3.590,30.884,38.944,0.000,-5.883,1,1,1.6043,84,168,84,91,85
5,post_landing,104,1740.0,59,171.112,485.227,0.03216,0.07325,0.07999,-0.023102,-0.523339,0,1,4.20200,918.333,0.519,9.000,0.500,3.598,30.883,38.945,0.000,-4.851,1,1,1.6043,84,168,84,91,85
5,post_landing,105,1757.0,59,171.144,485.117,0.06621,0.06093,0.08998,-0.018744,-0.546543,0,1,4.20200,918.333,0.519,9.000,0.520,3.602,30.863,36.879,0.000,-4.018,1,1,1.6043,84,168,84,91,85
5,post_landing,106,1774.0,59,171.207,485.044,0.27460,0.07162,0.28379,-0.040753,-0.564278,0,1,4.20200,918.333,0.519,9.000,0.535,3.605,4.139,36.890,0.000,-3.379,1,1,1.6043,84,168,84,91,85
5,post_landing,107,1790.0,59,171.483,484.943,0.31402,0.06641,0.32097,-0.037690,-0.605210,0,1,4.20200,918.333,0.519,9.000,0.569,3.605,4.174,32.761,0.000,-1.902,1,1,1.6043,84,168,84,91,85
5,post_landing,108,1807.0,59,171.798,484.893,-0.31784,0.00000,0.31784,0.055342,-0.643065,0,1,4.20200,918.333,0.519,9.000,0.600,3.600,4.200,32.800,0.000,-0.533,1,1,1.6043,84,168,84,91,85
5,post_landing,109,1824.0,59,171.497,484.953,0.17782,0.10326,0.20563,-0.021044,-0.590702,0,1,4.20200,918.333,0.519,9.000,0.557,3.606,4.162,36.886,0.000,-2.426,1,1,1.6043,84,168,84,91,85
5,post_landing,110,1840.0,59,171.676,484.928,0.36814,0.05103,0.37166,-0.042209,-0.611839,0,1,4.20200,918.333,0.519,9.000,0.574,3.605,4.179,32.771,0.000,-1.662,1,1,1.6043,84,168,84,91,85
5,post_landing,111,1857.0,59,172.046,484.887,0.38239,0.00000,0.38239,-0.037990,-0.654233,0,1,4.20200,918.333,0.519,9.000,0.609,3.598,5.423,34.813,0.000,-0.128,1,1,1.6043,84,168,84,91,85
5,post_landing,112,1874.0,59,172.407,484.894,-0.15874,0.02900,0.16137,0.040292,-0.690178,0,1,4.20200,918.333,0.519,9.000,0.637,3.587,5.497,34.827,0.000,1.172,1,1,1.6043,84,168,84,91,85
5,post_landing,113,1891.0,59,172.248,484.884,-0.24639,0.00000,0.24639,0.044949,-0.649709,0,1,4.20200,918.333,0.519,9.000,0.605,3.599,5.414,34.808,0.000,-0.292,1,1,1.6043,84,168,84,91,85
5,post_landing,114,1907.0,59,172.001,484.928,-0.25638,-0.04301,0.25996,0.040894,-0.604563,0,1,4.20200,918.333,0.519,9.000,0.568,3.605,4.173,32.760,0.000,-1.925,1,1,1.6043,84,168,84,91,85
5,post_landing,115,1924.0,59,171.758,485.019,0.28334,0.07870,0.29406,-0.038370,-0.565870,0,1,4.20200,918.333,0.519,9.000,0.536,3.605,4.141,36.891,0.000,-3.322,1,1,1.6043,84,168,84,91,85
5,post_landing,116,1941.0,59,172.043,484.943,0.18301,0.04929,0.18953,-0.016546,-0.604409,0,1,4.20200,918.333,0.519,9.000,0.568,3.605,4.173,32.759,0.000,-1.931,1,1,1.6043,84,168,84,91,85
5,post_landing,117,1957.0,59,172.226,484.911,0.32031,0.05463,0.32493,-0.032188,-0.621028,0,1,4.20200,918.333,0.519,9.000,0.582,3.604,4.185,32.783,0.000,-1.330,1,1,1.6043,84,168,84,91,85
5,post_landing,118,1974.0,59,172.529,484.882,-0.12185,0.00000,0.12185,0.033043,-0.651484,0,1,4.20200,918.333,0.519,9.000,0.606,3.598,5.417,34.810,0.000,-0.228,1,1,1.6043,84,168,84,91,85
6,falling,0,31.0,,195.000,97.029,0.00000,0.55000,0.55000,0.000000,0.000000,0,0,4.95600,1754.612,4.805,35.000,35.000,35.000,37.000,39.000,0.000,0.000,0,0,1.5583,63,126,63,66,67
6,falling,1,34.0,,195.000,97.099,0.00000,0.58234,0.58234,0.000000,0.000000,0,0,4.95600,1754.612,4.805,35.000,35.000,35.000,37.000,39.000,0.000,0.000,0,0,1.5583,63,126,63,66,67
6,falling,2,50.0,,195.000,97.973,0.00000,0.85677,0.85677,0.000000,0.000000,0,0,4.95600,1754.612,4.805,35.000,35.000,35.000,37.000,39.000,0.000,0.000,0,0,1.5583,63,126,63,66,67
6,falling,3,67.0,,195.000,99.122,0.00000,1.12699,1.12699,0.000000,0.000000,0,0,4.95600,1754.612,4.805,35.000,35.000,35.000,37.000,39.000,0.000,0.000,0,0,1.5583,63,126,63,66,67
6,falling,4,84.0,,195.000,100.445,0.00000,1.37743,1.37743,0.000000,0.000000,0,0,4.95600,1754.612,4.805,35.000,35.000,35.000,37.000,39.000,0.000,0.000,0,0,1.5583,63,126,63,66,67
6,falling,5,100.0,,195.000,102.117,0.00000,1.63969,1.63969,0.000000,0.000000,0,0,4.95600,1754.612,4.805,35.000,35.000,35.000,37.000,39.000,0.000,0.000,0,0,1.5583,63,126,63,66,67
6,falling,6,117.0,,195.000,104.053,0.00000,1.89793,1.89793,0.000000,0.000000,0,0,4.95600,1754.612,4.805,35.000,35.000,35.000,37.000,39.000,0.000,0.000,0,0,1.5583,63,126,63,66,67
6,falling,7,134.0,,195.000,106.248,0.00000,2.15223,2.15223,0.000000,0.000000,0,0,4.95600,1754.612,4.805,35.000,35.000,35.000,37.000,39.000,0.000,0.000,0,0,1.5583,63,126,63,66,67
6,falling,8,151.0,,195.000,108.541,0.00000,2.38790,2.38790,0.000000,0.000000,0,0,4.95600,1754.612,4.805,35.000,35.000,35.000,37.000,39.000,0.000,0.000,0,0,1.5583,63,126,63,66,67
6,falling,9,167.0,,195.000,111.228,0.00000,2.63470,2.63470,0.000000,0.000000,0,0,4.95600,1754.612,4.805,35.000,35.000,35.000,37.000,39.000,0.000,0.000,0,0,1.5583,63,126,63,66,67
6,falling,10,184.0,,195.000,114.163,0.00000,2.87772,2.87772,0.000000,0.000000,0,0,4.95600,1754.612,4.805,35.000,35.000,35.000,37.000,39.000,0.000,0.000,0,0,1.5583,63,126,63,66,67
6,falling,11,201.0,,195.000,117.142,0.00000,3.10295,3.10295,0.000000,0.000000,0,0,4.95600,1754.612,4.805,35.000,35.000,35.000,37.000,39.000,0.000,0.000,0,0,1.5583,63,126,63,66,67
6,falling,12,217.0,,195.000,120.548,0.00000,3.33881,3.33881,0.000000,0.000000,0,0,4.95600,1754.612,4.805,35.000,35.000,35.000,37.000,39.000,0.000,0.000,0,0,1.5583,63,126,63,66,67
6,falling,13,234.0,,195.000,124.190,0.00000,3.57106,3.57106,0.000000,0.000000,0,0,4.95600,1754.612,4.805,35.000,35.000,35.000,37.000,39.000,0.000,0.000,0,0,1.5583,63,126,63,66,67
6,falling,14,251.0,,195.000,127.825,0.00000,3.78630,3.78630,0.000000,0.000000,0,0,4.95600,1754.612,4.805,35.000,35.000,35.000,37.000,39.000,0.000,0.000,0,0,1.5583,63,126,63,66,67
6,falling,15,267.0,,195.000,131.917,0.00000,4.01171,4.01171,0.000000,0.000000,0,0,4.95600,1754.612,4.805,35.000,35.000,35.000,37.000,39.000,0.000,0.000,0,0,1.5583,63,126,63,66,67
6,falling,16,284.0,,195.000,136.235,0.00000,4.23366,4.23366,0.000000,0.000000,0,0,4.95600,1754.612,4.805,35.000,35.000,35.000,37.000,39.000,0.000,0.000,0,0,1.5583,63,126,63,66,67
6,falling,17,301.0,,195.000,140.497,0.00000,4.43936,4.43936,0.000000,0.000000,0,0,4.95600,1754.612,4.805,35.000,35.000,35.000,37.000,39.000,0.000,0.000,0,0,1.5583,63,126,63,66,67
6,falling,18,317.0,,195.000,145.245,0.00000,4.65477,4.65477,0.000000,0.000000,0,0,4.95600,1754.612,4.805,35.000,35.000,35.000,37.000,39.000,0.000,0.000,0,0,1.5583,63,126,63,66,67
6,falling,19,335.0,,195.000,150.209,0.00000,4.86689,4.86689,0.000000,0.000000,0,0,4.95600,1754.612,4.805,35.000,35.000,35.000,37.000,39.000,0.000,0.000,0,0,1.5583,63,126,63,66,67
6,falling,20,351.0,,195.000,155.070,0.00000,5.06347,5.06347,0.000000,0.000000,0,0,4.95600,1754.612,4.805,35.000,35.000,35.000,37.000,39.000,0.000,0.000,0,0,1.5583,63,126,63,66,67
6,falling,21,367.0,,195.000,160.445,0.00000,5.26933,5.26933,0.000000,0.000000,0,0,4.95600,1754.612,4.805,35.000,35.000,35.000,37.000,39.000,0.000,0.000,0,0,1.5583,63,126,63,66,67
6,falling,22,384.0,,195.000,166.026,0.00000,5.47205,5.47205,0.000000,0.000000,0,0,4.95600,1754.612,4.805,35.000,35.000,35.000,37.000,39.000,0.000,0.000,0,0,1.5583,63,126,63,66,67
6,falling,23,401.0,,195.000,171.812,0.00000,5.67166,5.67166,0.000000,0.000000,0,0,4.95600,1754.612,4.805,35.000,35.000,35.000,37.000,39.000,0.000,0.000,0,0,1.5583,63,126,63,66,67
6,falling,24,417.0,,195.000,177.434,0.00000,5.85665,5.85665,0.000000,0.000000,0,0,4.95600,1754.612,4.805,35.000,35.000,35.000,37.000,39.000,0.000,0.000,0,0,1.5583,63,126,63,66,67
6,falling,25,434.0,,195.000,183.605,0.00000,6.05038,6.05038,0.000000,0.000000,0,0,4.95600,1754.612,4.805,35.000,35.000,35.000,37.000,39.000,0.000,0.000,0,0,1.5583,63,126,63,66,67
6,falling,26,451.0,,195.000,189.971,0.00000,6.24114,6.24114,0.000000,0.000000,0,0,4.95600,1754.612,4.805,35.000,35.000,35.000,37.000,39.000,0.000,0.000,0,0,1.5583,63,126,63,66,67
6,falling,27,468.0,,195.000,196.132,0.00000,6.41794,6.41794,0.000000,0.000000,0,0,4.95600,1754.612,4.805,35.000,35.000,35.000,37.000,39.000,0.000,0.000,0,0,1.5583,63,126,63,66,67
6,falling,28,484.0,,195.000,202.868,0.00000,6.60307,6.60307,0.000000,0.000000,0,0,4.95600,1754.612,4.805,35.000,35.000,35.000,37.000,39.000,0.000,0.000,0,0,1.5583,63,126,63,66,67
6,falling,29,501.0,,195.000,209.789,0.00000,6.78538,6.78538,0.000000,0.000000,0,0,4.95600,1754.612,4.805,35.000,35.000,35.000,37.000,39.000,0.000,0.000,0,0,1.5583,63,126,63,66,67
6,falling,30,518.0,,195.000,216.465,0.00000,6.95434,6.95434,0.000000,0.000000,0,0,4.95600,1754.612,4.805,35.000,35.000,35.000,37.000,39.000,0.000,0.000,0,0,1.5583,63,126,63,66,67
6,falling,31,534.0,,195.000,223.739,0.00000,7.13127,7.13127,0.000000,0.000000,0,0,4.95600,1754.612,4.805,35.000,35.000,35.000,37.000,39.000,0.000,0.000,0,0,1.5583,63,126,63,66,67
6,falling,32,551.0,,195.000,231.190,0.00000,7.30550,7.30550,0.000000,0.000000,0,0,4.95600,1754.612,4.805,35.000,35.000,35.000,37.000,39.000,0.000,0.000,0,0,1.5583,63,126,63,66,67
6,falling,33,568.0,,195.000,238.359,0.00000,7.46696,7.46696,0.000000,0.000000,0,0,4.95600,1754.612,4.805,35.000,35.000,35.000,37.000,39.000,0.000,0.000,0,0,1.5583,63,126,63,66,67
6,falling,34,584.0,,195.000,246.147,0.00000,7.63605,7.63605,0.000000,0.000000,0,0,4.95600,1754.612,4.805,35.000,35.000,35.000,37.000,39.000,0.000,0.000,0,0,1.5583,63,126,63,66,67
6,falling,35,601.0,,195.000,254.106,0.00000,7.80255,7.80255,0.000000,0.000000,0,0,4.95600,1754.612,4.805,35.000,35.000,35.000,37.000,39.000,0.000,0.000,0,0,1.5583,63,126,63,66,67
6,falling,36,618.0,,195.000,261.745,0.00000,7.95686,7.95686,0.000000,0.000000,0,0,4.95600,1754.612,4.805,35.000,35.000,35.000,37.000,39.000,0.000,0.000,0,0,1.5583,63,126,63,66,67
6,falling,37,634.0,,195.000,270.025,0.00000,8.11846,8.11846,0.000000,0.000000,0,0,4.95600,1754.612,4.805,35.000,35.000,35.000,37.000,39.000,0.000,0.000,0,0,1.5583,63,126,63,66,67
6,falling,38,651.0,,195.000,278.469,0.00000,8.27758,8.27758,0.000000,0.000000,0,0,4.95600,1754.612,4.805,35.000,35.000,35.000,37.000,39.000,0.000,0.000,0,0,1.5583,63,126,63,66,67
6,falling,39,668.0,,195.000,287.072,0.00000,8.43426,8.43426,0.000000,0.000000,0,0,4.95600,1754.612,4.805,35.000,35.000,35.000,37.000,39.000,0.000,0.000,0,0,1.5583,63,126,63,66,67
6,falling,40,684.0,,195.000,295.308,0.00000,8.57948,8.57948,0.000000,0.000000,0,0,4.95600,1754.612,4.805,35.000,35.000,35.000,37.000,39.000,0.000,0.000,0,0,1.5583,63,126,63,66,67
6,falling,41,701.0,,195.000,304.214,0.00000,8.73154,8.73154,0.000000,0.000000,0,0,4.95600,1754.612,4.805,35.000,35.000,35.000,37.000,39.000,0.000,0.000,0,0,1.5583,63,126,63,66,67
6,falling,42,718.0,,195.000,313.273,0.00000,8.88129,8.88129,0.000000,0.000000,0,0,4.95600,1754.612,4.805,35.000,35.000,35.000,37.000,39.000,0.000,0.000,0,0,1.5583,63,126,63,66,67
6,falling,43,735.0,,195.000,321.932,0.00000,9.02006,9.02006,0.000000,0.000000,0,0,4.95600,1754.612,4.805,35.000,35.000,35.000,37.000,39.000,0.000,0.000,0,0,1.5583,63,126,63,66,67
6,falling,44,751.0,,195.000,331.281,0.00000,9.16539,9.16539,0.000000,0.000000,0,0,4.95600,1754.612,4.805,35.000,35.000,35.000,37.000,39.000,0.000,0.000,0,0,1.5583,63,126,63,66,67
6,falling,45,768.0,,195.000,340.776,0.00000,9.30849,9.30849,0.000000,0.000000,0,0,4.95600,1754.612,4.805,35.000,35.000,35.000,37.000,39.000,0.000,0.000,0,0,1.5583,63,126,63,66,67
6,falling,46,785.0,,195.000,349.839,0.00000,9.44112,9.44112,0.000000,0.000000,0,0,4.95600,1754.612,4.805,35.000,35.000,35.000,37.000,39.000,0.000,0.000,0,0,1.5583,63,126,63,66,67
6,falling,47,801.0,,195.000,359.611,0.00000,9.58000,9.58000,0.000000,0.000000,0,0,4.95600,1754.612,4.805,35.000,35.000,35.000,37.000,39.000,0.000,0.000,0,0,1.5583,63,126,63,66,67
6,falling,48,818.0,,195.000,369.522,0.00000,9.71676,9.71676,0.000000,0.000000,0,0,4.95600,1754.612,4.805,35.000,35.000,35.000,37.000,39.000,0.000,0.000,0,0,1.5583,63,126,63,66,67
6,falling,49,835.0,,195.000,378.971,0.00000,9.84350,9.84350,0.000000,0.000000,0,0,4.95600,1754.612,4.805,35.000,35.000,35.000,37.000,39.000,0.000,0.000,0,0,1.5583,63,126,63,66,67
6,falling,50,851.0,,195.000,389.147,0.00000,9.97623,9.97623,0.000000,0.000000,0,0,4.95600,1754.612,4.805,35.000,35.000,35.000,37.000,39.000,0.000,0.000,0,0,1.5583,63,126,63,66,67
6,falling,51,868.0,,195.000,399.456,0.00000,10.10693,10.10693,0.000000,0.000000,0,0,4.95600,1754.612,4.805,35.000,35.000,35.000,37.000,39.000,0.000,0.000,0,0,1.5583,63,126,63,66,67
6,falling,52,885.0,,195.000,409.275,0.00000,10.22806,10.22806,0.000000,0.000000,0,0,4.95600,1754.612,4.805,35.000,35.000,35.000,37.000,39.000,0.000,0.000,0,0,1.5583,63,126,63,66,67
6,falling,53,901.0,,195.000,419.837,0.00000,10.35490,10.35490,0.000000,0.000000,0,0,4.95600,1754.612,4.805,35.000,35.000,35.000,37.000,39.000,0.000,0.000,0,0,1.5583,63,126,63,66,67
6,falling,54,918.0,,195.000,430.527,0.00000,10.47980,10.47980,0.000000,0.000000,0,0,4.95600,1754.612,4.805,35.000,35.000,35.000,37.000,39.000,0.000,0.000,0,0,1.5583,63,126,63,66,67
6,falling,55,935.0,,195.000,441.341,0.00000,10.60280,10.60280,0.000000,0.000000,0,0,4.95600,1754.612,4.805,35.000,35.000,35.000,37.000,39.000,0.000,0.000,0,0,1.5583,63,126,63,66,67
6,falling,56,952.0,,195.000,451.630,0.00000,10.71678,10.71678,0.000000,0.000000,0,0,4.95600,1754.612,4.805,35.000,35.000,35.000,37.000,39.000,0.000,0.000,0,0,1.5583,63,126,63,66,67
6,falling,57,968.0,,195.000,462.682,0.00000,10.83615,10.83615,0.000000,0.000000,0,0,4.95600,1754.612,4.805,35.000,35.000,35.000,37.000,39.000,0.000,0.000,0,0,1.5583,63,126,63,66,67
6,falling,58,985.0,,195.000,473.855,0.00000,10.95369,10.95369,0.000000,0.000000,0,0,4.95600,1754.612,4.805,35.000,35.000,35.000,37.000,39.000,0.000,0.000,0,0,1.5583,63,126,63,66,67
6,post_landing,59,1002.0,59,195.000,481.136,0.62950,-0.61990,0.88349,-0.096122,0.000000,0,1,4.95600,1754.612,4.805,35.000,35.000,35.000,37.000,39.000,37.000,1.422,22,11,1.5583,63,126,63,66,67
6,post_landing,60,1018.0,59,195.632,478.172,-0.80207,-0.54679,0.97072,0.043601,-0.096544,0,1,4.95600,1754.612,4.805,35.000,1.092,12.137,12.137,39.300,10.949,-7.625,6,3,1.5583,63,126,63,66,67
6,post_landing,61,1035.0,59,194.827,477.667,0.21716,-0.14030,0.25854,-0.034339,-0.052751,0,1,4.95600,1754.612,4.805,35.000,12.036,12.089,35.004,39.209,0.000,-13.817,1,1,1.5583,63,126,63,66,67
6,post_landing,62,1052.0,59,195.032,477.391,0.11119,-0.19678,0.22602,-0.002100,-0.085242,0,1,4.95600,1754.612,4.805,35.000,12.042,12.127,34.958,39.284,0.000,-12.405,1,1,1.5583,63,126,63,66,67
6,post_landing,63,1068.0,59,195.144,477.361,0.59324,-0.89355,1.07255,-0.002869,-0.087351,0,1,4.95600,1754.612,4.805,35.000,12.041,12.129,34.954,39.288,0.000,-12.313,1,1,1.5583,63,126,63,66,67
6,post_landing,64,1085.0,59,195.740,476.752,0.58416,-0.59655,0.83493,-0.002825,-0.090233,0,0,4.95600,1754.612,4.805,35.000,12.041,12.131,32.956,39.292,0.000,0.000,0,0,1.5583,63,126,63,66,67
6,post_landing,65,1102.0,59,196.292,476.444,0.57575,-0.32129,0.65933,-0.002785,-0.092906,0,0,4.95600,1754.612,4.805,35.000,1.088,12.134,32.950,39.296,0.000,0.000,0,0,1.5583,63,126,63,66,67
6,post_landing,66,1118.0,59,196.871,476.410,0.56694,-0.03304,0.56790,-0.002742,-0.095703,0,0,4.95600,1754.612,4.805,35.000,1.091,12.136,12.136,39.299,0.000,0.000,0,0,1.5583,63,126,63,66,67
6,post_landing,67,1135.0,59,197.440,476.666,0.55827,0.25080,0.61202,-0.002700,-0.098457,0,0,4.95600,1754.612,4.805,35.000,1.093,12.138,12.138,39.303,0.000,0.000,0,0,1.5583,63,126,63,66,67
6,post_landing,68,1152.0,59,197.968,477.184,0.62199,0.04986,0.62398,-0.001600,-0.101012,0,1,4.95600,1754.612,4.805,35.000,1.096,12.141,12.141,39.305,0.000,-11.715,1,1,1.5583,63,126,63,66,67
6,post_landing,69,1169.0,59,198.593,477.195,0.55153,-0.01216,0.55166,0.005576,-0.102619,0,1,4.95600,1754.612,4.805,35.000,1.097,12.142,12.142,39.307,0.000,-11.644,1,1,1.5583,63,126,63,66,67
6,post_landing,70,1185.0,59,199.147,477.251,0.93862,0.05754,0.94038,-0.019675,-0.097018,0,1,4.95600,1754.612,4.805,35.000,1.092,12.137,12.137,39.301,0.000,-11.890,1,1,1.5583,63,126,63,66,67
6,post_landing,71,1202.0,59,200.090,477.049,0.49435,-0.05521,0.49742,0.018434,-0.116780,0,1,4.95600,1754.612,4.805,35.000,1.110,12.151,12.151,39.317,0.000,-11.022,1,1,1.5583,63,126,63,66,67
6,post_landing,72,1219.0,59,200.557,477.209,1.88594,-0.76210,2.03410,-0.049032,-0.099338,0,1,4.95600,1754.612,4.805,35.000,1.094,12.139,12.139,39.304,0.000,-11.788,1,1,1.5583,63,126,63,66,67
6,post_landing,73,1235.0,59,202.452,476.684,1.04591,-0.25691,1.07700,0.018904,-0.148586,0,1,4.95600,1754.612,4.805,35.000,1.137,12.164,12.164,37.629,0.000,-9.616,1,1,1.5583,63,126,63,66,67
6,post_landing,74,1252.0,59,203.502,476.676,1.02991,0.03035,1.03036,0.018615,-0.129599,0,0,4.95600,1754.612,4.805,35.000,1.121,12.158,12.158,39.319,0.000,0.000,0,0,1.5583,63,126,63,66,67
6,post_landing,75,1269.0,59,204.477,476.961,1.01508,0.29658,1.05752,0.018347,-0.111985,0,0,4.95600,1754.612,4.805,35.000,1.105,12.148,12.148,39.314,0.000,0.000,0,0,1.5583,63,126,63,66,67
6,post_landing,76,1285.0,59,205.496,477.295,1.11231,0.21136,1.13221,-0.001681,-0.093558,0,1,4.95600,1754.612,4.805,35.000,1.089,12.134,32.949,39.297,0.000,-12.042,1,1,1.5583,63,126,63,66,67
6,post_landing,77,1302.0,59,206.613,477.293,0.63084,-0.03108,0.63161,0.029122,-0.095246,0,1,4.95600,1754.612,4.805,35.000,1.091,12.136,12.136,39.299,0.000,-11.968,1,1,1.5583,63,126,63,66,67
6,post_landing,78,1319.0,59,207.210,477.520,0.62176,0.23604,0.66505,0.028703,-0.067691,0,0,4.95600,1754.612,4.805,35.000,12.040,12.108,34.987,39.249,0.000,0.000,0,0,1.5583,63,126,63,66,67
6,post_landing,79,1335.0,59,207.835,478.003,1.19976,-0.37635,1.25740,-0.001521,-0.038862,0,1,4.95600,1754.612,4.805,35.000,12.030,12.069,35.012,39.165,0.000,-14.417,1,1,1.5583,63,126,63,66,67
6,post_landing,80,1352.0,59,209.040,477.914,1.18140,-0.08726,1.18462,-0.001498,-0.040390,0,0,4.95600,1754.612,4.805,35.000,12.031,12.071,35.012,39.170,0.000,0.000,0,0,1.5583,63,126,63,66,67
6,post_landing,81,1369.0,59,210.158,477.965,1.29455,0.06865,1.29637,-0.011498,-0.041807,0,1,4.95600,1754.612,4.805,35.000,12.031,12.073,35.011,39.175,0.000,-14.290,1,1,1.5583,63,126,63,66,67
6,post_landing,82,1385.0,59,211.458,477.832,1.21644,-0.22448,1.23698,0.006671,-0.053356,0,1,4.95600,1754.612,4.805,35.000,12.036,12.090,35.004,39.211,0.000,-13.791,1,1,1.5583,63,126,63,66,67
6,post_landing,83,1402.0,59,212.680,477.890,1.28791,0.02367,1.28812,-0.006062,-0.046656,0,1,4.95600,1754.612,4.805,35.000,12.034,12.080,35.009,39.191,0.000,-14.081,1,1,1.5583,63,126,63,66,67
6,post_landing,84,1419.0,59,213.898,477.832,1.04340,0.09037,1.04730,0.006522,-0.052392,0,1,4.95600,1754.612,4.805,35.000,12.036,12.088,35.004,39.208,0.000,-13.833,1,1,1.5583,63,126,63,66,67
6,post_landing,85,1435.0,59,214.946,477.922,0.83015,0.06806,0.83294,0.013319,-0.045841,0,1,4.95600,1754.612,4.805,35.000,12.033,12.079,35.009,39.188,0.000,-14.116,1,1,1.5583,63,126,63,66,67
6,post_landing,86,1452.0,59,215.780,478.106,0.81160,0.04224,0.81270,0.007336,-0.032464,0,1,4.95600,1754.612,4.805,35.000,12.026,12.059,35.014,39.142,0.000,-14.692,1,1,1.5583,63,126,63,66,67
6,post_landing,87,1469.0,59,216.548,478.209,0.64868,0.04335,0.65013,0.024354,-0.025523,0,1,4.95600,1754.612,4.805,35.000,12.022,35.014,36.962,39.115,0.000,-14.990,1,1,1.5583,63,126,63,66,67
6,post_landing,88,1486.0,59,217.199,478.576,0.74099,-0.13885,0.75389,0.017911,-0.001062,0,1,4.95600,1754.612,4.805,35.000,12.001,35.001,36.999,39.005,11.000,-10.533,2,1,1.5583,63,126,63,66,67
6,post_landing,89,1502.0,59,217.944,478.690,0.45849,-0.03947,0.46018,0.039124,0.016928,0,1,4.95600,1754.612,4.805,35.000,34.012,34.995,37.045,37.961,0.000,-5.796,1,1,1.5583,63,126,63,66,67
6,post_landing,90,1519.0,59,218.378,478.806,-0.42312,-0.03318,0.42442,0.104446,0.053945,0,1,4.95600,1754.612,4.805,35.000,34.004,37.054,37.162,37.837,23.020,4.150,3,2,1.5583,63,126,63,66,67
6,post_landing,91,1536.0,59,217.953,478.373,1.05147,-0.95283,1.41897,-0.100982,0.158850,0,1,4.95600,1754.612,4.805,35.000,1.975,8.057,25.476,37.167,6.083,10.388,5,3,1.5583,63,126,63,66,67
6,post_landing,92,1552.0,59,219.009,477.705,1.03538,-0.65491,1.22512,-0.099437,0.057424,0,0,4.95600,1754.612,4.805,35.000,34.001,36.113,37.169,37.169,0.000,0.000,0,0,1.5583,63,126,63,66,67
6,post_landing,93,1569.0,59,220.049,477.336,1.01954,-0.36156,1.08175,-0.097916,-0.042450,0,0,4.95600,1754.612,4.805,35.000,12.032,12.074,35.011,39.177,0.000,0.000,0,0,1.5583,63,126,63,66,67
6,post_landing,94,1586.0,59,221.013,476.842,0.25117,-0.13440,0.28487,0.000000,-0.135096,0,1,4.95600,1754.612,4.805,35.000,1.126,12.160,12.160,39.318,0.000,-10.213,1,1,1.5583,63,126,63,66,67
6,post_landing,95,1602.0,59,221.266,476.804,0.29776,-0.03124,0.29939,-0.001127,-0.135096,0,1,4.95600,1754.612,4.805,35.000,1.126,12.160,12.160,39.318,0.000,-10.213,1,1,1.5583,63,126,63,66,67
6,post_landing,96,1619.0,59,221.565,476.820,0.08162,-0.10139,0.13016,0.015635,-0.136228,0,1,4.95600,1754.612,4.805,35.000,1.127,12.160,12.160,39.318,0.000,-10.163,1,1,1.5583,63,126,63,66,67
6,post_landing,97,1636.0,59,221.642,476.957,-0.03871,-0.05274,0.06542,0.016204,-0.121434,0,1,4.95600,1754.612,4.805,35.000,1.114,12.154,12.154,39.318,0.000,-10.817,1,1,1.5583,63,126,63,66,67
6,post_landing,98,1652.0,59,221.603,477.143,-0.14344,-0.06408,0.15710,0.017425,-0.105159,0,1,4.95600,1754.612,4.805,35.000,1.099,12.144,12.144,39.309,0.000,-11.533,1,1,1.5583,63,126,63,66,67
6,post_landing,99,1669.0,59,221.459,477.350,-0.24038,-0.04999,0.24552,0.017681,-0.087658,0,1,4.95600,1754.612,4.805,35.000,12.041,12.129,34.953,39.288,0.000,-12.300,1,1,1.5583,63,126,63,66,67
6,post_landing,100,1686.0,59,221.231,477.558,-0.27339,-0.04861,0.27767,0.027536,-0.070928,0,1,4.95600,1754.612,4.805,35.000,12.041,12.112,34.983,39.256,0.000,-13.029,1,1,1.5583,63,126,63,66,67
6,post_landing,101,1702.0,59,220.957,477.798,-0.26920,0.23547,0.35765,0.027115,-0.043271,0,0,4.95600,1754.612,4.805,35.000,12.032,12.075,35.010,39.180,0.000,0.000,0,0,1.5583,63,126,63,66,67
6,post_landing,102,1719.0,59,220.686,478.339,-0.22430,0.01599,0.22487,0.018514,-0.016037,0,1,4.95600,1754.612,4.805,35.000,12.014,35.012,36.979,39.075,0.000,-15.395,1,1,1.5583,63,126,63,66,67
6,post_landing,103,1736.0,59,220.474,478.598,0.38591,-0.05847,0.39032,-0.016690,0.001480,0,1,4.95600,1754.612,4.805,35.000,34.001,35.000,37.004,37.997,11.000,-10.641,2,1,1.5583,63,126,63,66,67
6,post_landing,104,1752.0,59,220.862,478.352,0.38139,0.03938,0.38341,-0.007201,-0.015283,0,1,4.95600,1754.612,4.805,35.000,12.014,35.011,36.980,39.072,10.999,-9.928,2,1,1.5583,63,126,63,66,67
6,post_landing,105,1769.0,59,221.245,478.242,0.27552,-0.02506,0.27665,0.006337,-0.022516,0,1,4.95600,1754.612,4.805,35.000,12.019,35.014,36.968,39.103,10.997,-9.620,2,1,1.5583,63,126,63,66,67
6,post_landing,106,1786.0,59,221.506,478.331,0.43491,0.00000,0.43491,-0.003165,-0.016520,0,1,4.95600,1754.612,4.805,35.000,12.015,35.012,36.978,39.077,10.998,-9.875,2,1,1.5583,63,126,63,66,67
6,post_landing,107,1803.0,59,221.942,478.284,0.92391,0.05074,0.92530,-0.026701,-0.019698,0,1,4.95600,1754.612,4.805,35.000,12.017,35.013,36.973,39.091,10.998,-9.740,2,1,1.5583,63,126,63,66,67
6,post_landing,108,1819.0,59,222.870,477.891,0.70749,-0.18758,0.73193,0.006683,-0.046517,0,1,4.95600,1754.612,4.805,35.000,12.034,12.080,35.009,39.190,10.988,-8.593,2,1,1.5583,63,126,63,66,67
6,post_landing,109,1836.0,59,223.581,477.987,0.75578,0.03741,0.75670,-0.003448,-0.039805,0,1,4.95600,1754.612,4.805,35.000,12.030,12.070,35.012,39.168,0.000,-14.376,1,1,1.5583,63,126,63,66,67
6,post_landing,110,1853.0,59,224.296,477.961,1.77174,0.23676,1.78749,-0.110920,-0.043067,0,1,4.95600,1754.612,4.805,35.000,12.032,12.075,35.011,39.179,0.000,-14.235,1,1,1.5583,63,126,63,66,67
6,post_landing,111,1870.0,59,226.076,477.510,0.28405,-0.82652,0.87396,0.096376,-0.154474,0,1,4.95600,1754.612,4.805,35.000,1.142,12.165,12.165,37.636,1.296,-10.002,5,3,1.5583,63,126,63,66,67
6,post_landing,112,1886.0,59,226.361,476.969,0.27970,-0.53054,0.59975,0.094901,-0.057675,0,0,4.95600,1754.612,4.805,35.000,12.038,12.095,34.999,39.223,0.000,0.000,0,0,1.5583,63,126,63,66,67
6,post_landing,113,1903.0,59,226.626,476.723,0.27568,-0.25623,0.37636,0.093535,0.032118,0,0,4.95600,1754.612,4.805,35.000,34.015,34.982,37.077,37.916,0.000,0.000,0,0,1.5583,63,126,63,66,67
6,post_landing,114,1919.0,59,226.902,476.755,0.27146,0.03102,0.27322,0.092104,0.126064,0,0,4.95600,1754.612,4.805,35.000,1.984,25.179,36.343,37.209,0.000,0.000,0,0,1.5583,63,126,63,66,67
6,post_landing,115,1937.0,59,227.175,476.719,0.44786,0.00000,0.44786,0.024103,0.218572,0,1,4.95600,1754.612,4.805,35.000,1.952,6.074,10.196,36.987,0.000,8.506,1,1,1.5583,63,126,63,66,67
6,post_landing,116,1953.0,59,227.599,476.509,-0.09327,-0.05936,0.11056,0.035140,0.241378,0,1,4.95600,1754.612,4.805,35.000,1.942,6.065,10.188,36.152,1.942,6.521,2,1,1.5583,63,126,63,66,67
6,post_landing,117,1969.0,59,227.505,476.306,-0.19146,0.04270,0.19616,0.019684,0.276672,0,1,4.95600,1754.612,4.805,35.000,1.924,4.394,8.515,25.831,0.000,5.916,1,1,1.5583,63,126,63,66,67
6,post_landing,118,1986.0,59,227.313,476.198,-0.35016,0.05284,0.35413,0.016825,0.296442,0,1,4.95600,1754.612,4.805,35.000,1.913,4.410,8.527,25.742,0.000,5.030,1,1,1.5583,63,126,63,66,67
7,falling,0,29.0,,195.000,97.029,0.00000,0.55000,0.55000,0.000000,0.000000,0,0,4.74000,1831.832,2.853,4.000,4.000,5.000,7.000,12.000,0.000,0.000,0,0,1.2705,102,204,102,107,84
7,falling,1,40.0,,195.000,97.565,0.00000,0.74406,0.74406,0.000000,0.000000,0,0,4.74000,1831.832,2.853,4.000,4.000,5.000,7.000,12.000,0.000,0.000,0,0,1.2705,102,204,102,107,84
7,falling,2,57.0,,195.000,98.601,0.00000,1.01601,1.01601,0.000000,0.000000,0,0,4.74000,1831.832,2.853,4.000,4.000,5.000,7.000,12.000,0.000,0.000,0,0,1.2705,102,204,102,107,84
7,falling,3,74.0,,195.000,99.911,0.00000,1.28380,1.28380,0.000000,0.000000,0,0,4.74000,1831.832,2.853,4.000,4.000,5.000,7.000,12.000,0.000,0.000,0,0,1.2705,102,204,102,107,84
7,falling,4,90.0,,195.000,101.381,0.00000,1.53198,1.53198,0.000000,0.000000,0,0,4.74000,1831.832,2.853,4.000,4.000,5.000,7.000,12.000,0.000,0.000,0,0,1.2705,102,204,102,107,84
7,falling,5,107.0,,195.000,103.209,0.00000,1.79187,1.79187,0.000000,0.000000,0,0,4.74000,1831.832,2.853,4.000,4.000,5.000,7.000,12.000,0.000,0.000,0,0,1.2705,102,204,102,107,84
7,falling,6,124.0,,195.000,105.298,0.00000,2.04779,2.04779,0.000000,0.000000,0,0,4.74000,1831.832,2.853,4.000,4.000,5.000,7.000,12.000,0.000,0.000,0,0,1.2705,102,204,102,107,84
7,falling,7,140.0,,195.000,107.491,0.00000,2.28497,2.28497,0.000000,0.000000,0,0,4.74000,1831.832,2.853,4.000,4.000,5.000,7.000,12.000,0.000,0.000,0,0,1.2705,102,204,102,107,84
7,falling,8,157.0,,195.000,110.075,0.00000,2.53334,2.53334,0.000000,0.000000,0,0,4.74000,1831.832,2.853,4.000,4.000,5.000,7.000,12.000,0.000,0.000,0,0,1.2705,102,204,102,107,84
7,falling,9,174.0,,195.000,112.909,0.00000,2.77791,2.77791,0.000000,0.000000,0,0,4.74000,1831.832,2.853,4.000,4.000,5.000,7.000,12.000,0.000,0.000,0,0,1.2705,102,204,102,107,84
7,falling,10,191.0,,195.000,115.793,0.00000,3.00458,3.00458,0.000000,0.000000,0,0,4.74000,1831.832,2.853,4.000,4.000,5.000,7.000,12.000,0.000,0.000,0,0,1.2705,102,204,102,107,84
7,falling,11,207.0,,195.000,119.100,0.00000,3.24194,3.24194,0.000000,0.000000,0,0,4.74000,1831.832,2.853,4.000,4.000,5.000,7.000,12.000,0.000,0.000,0,0,1.2705,102,204,102,107,84
7,falling,12,224.0,,195.000,122.645,0.00000,3.47567,3.47567,0.000000,0.000000,0,0,4.74000,1831.832,2.853,4.000,4.000,5.000,7.000,12.000,0.000,0.000,0,0,1.2705,102,204,102,107,84
7,falling,13,241.0,,195.000,126.190,0.00000,3.69229,3.69229,0.000000,0.000000,0,0,4.74000,1831.832,2.853,4.000,4.000,5.000,7.000,12.000,0.000,0.000,0,0,1.2705,102,204,102,107,84
7,falling,14,257.0,,195.000,130.187,0.00000,3.91913,3.91913,0.000000,0.000000,0,0,4.74000,1831.832,2.853,4.000,4.000,5.000,7.000,12.000,0.000,0.000,0,0,1.2705,102,204,102,107,84
7,falling,15,274.0,,195.000,134.413,0.00000,4.14250,4.14250,0.000000,0.000000,0,0,4.74000,1831.832,2.853,4.000,4.000,5.000,7.000,12.000,0.000,0.000,0,0,1.2705,102,204,102,107,84
7,falling,16,291.0,,195.000,138.862,0.00000,4.36246,4.36246,0.000000,0.000000,0,0,4.74000,1831.832,2.853,4.000,4.000,5.000,7.000,12.000,0.000,0.000,0,0,1.2705,102,204,102,107,84
7,falling,17,308.0,,195.000,143.246,0.00000,4.56630,4.56630,0.000000,0.000000,0,0,4.74000,1831.832,2.853,4.000,4.000,5.000,7.000,12.000,0.000,0.000,0,0,1.2705,102,204,102,107,84
7,falling,18,324.0,,195.000,148.121,0.00000,4.77977,4.77977,0.000000,0.000000,0,0,4.74000,1831.832,2.853,4.000,4.000,5.000,7.000,12.000,0.000,0.000,0,0,1.2705,102,204,102,107,84
7,falling,19,341.0,,195.000,153.211,0.00000,4.98997,4.98997,0.000000,0.000000,0,0,4.74000,1831.832,2.853,4.000,4.000,5.000,7.000,12.000,0.000,0.000,0,0,1.2705,102,204,102,107,84
7,falling,20,358.0,,195.000,158.188,0.00000,5.18479,5.18479,0.000000,0.000000,0,0,4.74000,1831.832,2.853,4.000,4.000,5.000,7.000,12.000,0.000,0.000,0,0,1.2705,102,204,102,107,84
7,falling,21,374.0,,195.000,163.685,0.00000,5.38879,5.38879,0.000000,0.000000,0,0,4.74000,1831.832,2.853,4.000,4.000,5.000,7.000,12.000,0.000,0.000,0,0,1.2705,102,204,102,107,84
7,falling,22,391.0,,195.000,169.386,0.00000,5.58968,5.58968,0.000000,0.000000,0,0,4.74000,1831.832,2.853,4.000,4.000,5.000,7.000,12.000,0.000,0.000,0,0,1.2705,102,204,102,107,84
7,falling,23,408.0,,195.000,174.931,0.00000,5.77585,5.77585,0.000000,0.000000,0,0,4.74000,1831.832,2.853,4.000,4.000,5.000,7.000,12.000,0.000,0.000,0,0,1.2705,102,204,102,107,84
7,falling,24,424.0,,195.000,181.022,0.00000,5.97081,5.97081,0.000000,0.000000,0,0,4.74000,1831.832,2.853,4.000,4.000,5.000,7.000,12.000,0.000,0.000,0,0,1.2705,102,204,102,107,84
7,falling,25,441.0,,195.000,187.308,0.00000,6.16279,6.16279,0.000000,0.000000,0,0,4.74000,1831.832,2.853,4.000,4.000,5.000,7.000,12.000,0.000,0.000,0,0,1.2705,102,204,102,107,84
7,falling,26,458.0,,195.000,193.395,0.00000,6.34072,6.34072,0.000000,0.000000,0,0,4.74000,1831.832,2.853,4.000,4.000,5.000,7.000,12.000,0.000,0.000,0,0,1.2705,102,204,102,107,84
7,falling,27,474.0,,195.000,200.052,0.00000,6.52704,6.52704,0.000000,0.000000,0,0,4.74000,1831.832,2.853,4.000,4.000,5.000,7.000,12.000,0.000,0.000,0,0,1.2705,102,204,102,107,84
7,falling,28,491.0,,195.000,206.897,0.00000,6.71051,6.71051,0.000000,0.000000,0,0,4.74000,1831.832,2.853,4.000,4.000,5.000,7.000,12.000,0.000,0.000,0,0,1.2705,102,204,102,107,84
7,falling,29,508.0,,195.000,213.502,0.00000,6.88054,6.88054,0.000000,0.000000,0,0,4.74000,1831.832,2.853,4.000,4.000,5.000,7.000,12.000,0.000,0.000,0,0,1.2705,102,204,102,107,84
7,falling,30,524.0,,195.000,220.702,0.00000,7.05860,7.05860,0.000000,0.000000,0,0,4.74000,1831.832,2.853,4.000,4.000,5.000,7.000,12.000,0.000,0.000,0,0,1.2705,102,204,102,107,84
7,falling,31,541.0,,195.000,228.081,0.00000,7.23394,7.23394,0.000000,0.000000,0,0,4.74000,1831.832,2.853,4.000,4.000,5.000,7.000,12.000,0.000,0.000,0,0,1.2705,102,204,102,107,84
7,falling,32,558.0,,195.000,235.181,0.00000,7.39644,7.39644,0.000000,0.000000,0,0,4.74000,1831.832,2.853,4.000,4.000,5.000,7.000,12.000,0.000,0.000,0,0,1.2705,102,204,102,107,84
7,falling,33,575.0,,195.000,242.899,0.00000,7.56661,7.56661,0.000000,0.000000,0,0,4.74000,1831.832,2.853,4.000,4.000,5.000,7.000,12.000,0.000,0.000,0,0,1.2705,102,204,102,107,84
7,falling,34,591.0,,195.000,250.788,0.00000,7.73417,7.73417,0.000000,0.000000,0,0,4.74000,1831.832,2.853,4.000,4.000,5.000,7.000,12.000,0.000,0.000,0,0,1.2705,102,204,102,107,84
7,falling,35,608.0,,195.000,258.845,0.00000,7.89917,7.89917,0.000000,0.000000,0,0,4.74000,1831.832,2.853,4.000,4.000,5.000,7.000,12.000,0.000,0.000,0,0,1.2705,102,204,102,107,84
7,falling,36,625.0,,195.000,266.575,0.00000,8.05209,8.05209,0.000000,0.000000,0,0,4.74000,1831.832,2.853,4.000,4.000,5.000,7.000,12.000,0.000,0.000,0,0,1.2705,102,204,102,107,84
7,falling,37,641.0,,195.000,274.952,0.00000,8.21223,8.21223,0.000000,0.000000,0,0,4.74000,1831.832,2.853,4.000,4.000,5.000,7.000,12.000,0.000,0.000,0,0,1.2705,102,204,102,107,84
7,falling,38,658.0,,195.000,283.489,0.00000,8.36991,8.36991,0.000000,0.000000,0,0,4.74000,1831.832,2.853,4.000,4.000,5.000,7.000,12.000,0.000,0.000,0,0,1.2705,102,204,102,107,84
7,falling,39,675.0,,195.000,291.664,0.00000,8.51605,8.51605,0.000000,0.000000,0,0,4.74000,1831.832,2.853,4.000,4.000,5.000,7.000,12.000,0.000,0.000,0,0,1.2705,102,204,102,107,84
7,falling,40,691.0,,195.000,300.507,0.00000,8.66909,8.66909,0.000000,0.000000,0,0,4.74000,1831.832,2.853,4.000,4.000,5.000,7.000,12.000,0.000,0.000,0,0,1.2705,102,204,102,107,84
7,falling,41,708.0,,195.000,309.503,0.00000,8.81979,8.81979,0.000000,0.000000,0,0,4.74000,1831.832,2.853,4.000,4.000,5.000,7.000,12.000,0.000,0.000,0,0,1.2705,102,204,102,107,84
7,falling,42,725.0,,195.000,318.104,0.00000,8.95945,8.95945,0.000000,0.000000,0,0,4.74000,1831.832,2.853,4.000,4.000,5.000,7.000,12.000,0.000,0.000,0,0,1.2705,102,204,102,107,84
7,falling,43,741.0,,195.000,327.392,0.00000,9.10570,9.10570,0.000000,0.000000,0,0,4.74000,1831.832,2.853,4.000,4.000,5.000,7.000,12.000,0.000,0.000,0,0,1.2705,102,204,102,107,84
7,falling,44,758.0,,195.000,336.827,0.00000,9.24972,9.24972,0.000000,0.000000,0,0,4.74000,1831.832,2.853,4.000,4.000,5.000,7.000,12.000,0.000,0.000,0,0,1.2705,102,204,102,107,84
7,falling,45,776.0,,195.000,345.835,0.00000,9.38319,9.38319,0.000000,0.000000,0,0,4.74000,1831.832,2.853,4.000,4.000,5.000,7.000,12.000,0.000,0.000,0,0,1.2705,102,204,102,107,84
7,falling,46,791.0,,195.000,355.548,0.00000,9.52296,9.52296,0.000000,0.000000,0,0,4.74000,1831.832,2.853,4.000,4.000,5.000,7.000,12.000,0.000,0.000,0,0,1.2705,102,204,102,107,84
7,falling,47,808.0,,195.000,365.402,0.00000,9.66059,9.66059,0.000000,0.000000,0,0,4.74000,1831.832,2.853,4.000,4.000,5.000,7.000,12.000,0.000,0.000,0,0,1.2705,102,204,102,107,84
7,falling,48,825.0,,195.000,374.798,0.00000,9.78815,9.78815,0.000000,0.000000,0,0,4.74000,1831.832,2.853,4.000,4.000,5.000,7.000,12.000,0.000,0.000,0,0,1.2705,102,204,102,107,84
7,falling,49,841.0,,195.000,384.919,0.00000,9.92172,9.92172,0.000000,0.000000,0,0,4.74000,1831.832,2.853,4.000,4.000,5.000,7.000,12.000,0.000,0.000,0,0,1.2705,102,204,102,107,84
7,falling,50,858.0,,195.000,395.173,0.00000,10.05325,10.05325,0.000000,0.000000,0,0,4.74000,1831.832,2.853,4.000,4.000,5.000,7.000,12.000,0.000,0.000,0,0,1.2705,102,204,102,107,84
7,falling,51,875.0,,195.000,404.941,0.00000,10.17515,10.17515,0.000000,0.000000,0,0,4.74000,1831.832,2.853,4.000,4.000,5.000,7.000,12.000,0.000,0.000,0,0,1.2705,102,204,102,107,84
7,falling,52,891.0,,195.000,415.450,0.00000,10.30280,10.30280,0.000000,0.000000,0,0,4.74000,1831.832,2.853,4.000,4.000,5.000,7.000,12.000,0.000,0.000,0,0,1.2705,102,204,102,107,84
7,falling,53,908.0,,195.000,426.087,0.00000,10.42850,10.42850,0.000000,0.000000,0,0,4.74000,1831.832,2.853,4.000,4.000,5.000,7.000,12.000,0.000,0.000,0,0,1.2705,102,204,102,107,84
7,falling,54,925.0,,195.000,436.210,0.00000,10.54500,10.54500,0.000000,0.000000,0,0,4.74000,1831.832,2.853,4.000,4.000,5.000,7.000,12.000,0.000,0.000,0,0,1.2705,102,204,102,107,84
7,falling,55,941.0,,195.000,447.090,0.00000,10.66700,10.66700,0.000000,0.000000,0,0,4.74000,1831.832,2.853,4.000,4.000,5.000,7.000,12.000,0.000,0.000,0,0,1.2705,102,204,102,107,84
7,falling,56,958.0,,195.000,458.093,0.00000,10.78712,10.78712,0.000000,0.000000,0,0,4.74000,1831.832,2.853,4.000,4.000,5.000,7.000,12.000,0.000,0.000,0,0,1.2705,102,204,102,107,84
7,falling,57,975.0,,195.000,469.217,0.00000,10.90541,10.90541,0.000000,0.000000,0,0,4.74000,1831.832,2.853,4.000,4.000,4.000,6.000,10.000,0.000,0.000,0,0,1.2705,102,204,102,107,84
7,post_landing,58,992.0,58,195.000,478.259,1.58097,0.15782,1.58883,0.064724,0.000000,0,1,4.74000,1831.832,2.853,4.000,4.000,4.000,6.000,10.000,5.000,-12.603,6,3,1.2705,102,204,102,107,84
7,post_landing,59,1008.0,58,196.588,478.140,2.02962,0.16672,2.03646,-0.001285,0.065008,0,1,4.74000,1831.832,2.853,4.000,3.059,5.054,7.180,12.429,1.996,-15.920,2,1,1.2705,102,204,102,107,84
7,post_landing,60,1025.0,58,198.626,478.120,1.55738,0.17005,1.56664,0.015390,0.063717,0,1,4.74000,1831.832,2.853,4.000,3.058,5.054,7.177,12.421,1.996,-15.865,2,1,1.2705,102,204,102,107,84
7,post_landing,61,1042.0,58,200.100,478.340,1.61696,0.16502,1.62536,-0.002213,0.078279,0,1,4.74000,1831.832,2.853,4.000,3.069,5.063,7.213,42.653,1.994,-16.487,2,1,1.2705,102,204,102,107,84
7,post_landing,62,1058.0,58,201.724,478.307,1.45852,0.16942,1.46833,0.000966,0.076057,0,1,4.74000,1831.832,2.853,4.000,3.067,5.062,7.208,12.497,1.994,-16.392,2,1,1.2705,102,204,102,107,84
7,post_landing,63,1075.0,58,203.189,478.322,1.34308,0.12587,1.34897,0.002850,0.077027,0,1,4.74000,1831.832,2.853,4.000,3.068,5.062,7.210,42.645,1.994,-16.434,2,1,1.2705,102,204,102,107,84
7,post_landing,64,1092.0,58,204.460,478.362,1.40120,0.30476,1.43396,-0.012163,0.079724,0,1,4.74000,1831.832,2.853,4.000,3.070,5.064,7.217,42.663,1.994,-16.549,2,1,1.2705,102,204,102,107,84
7,post_landing,65,1108.0,58,205.867,478.177,1.57572,0.41945,1.63059,-0.033580,0.067507,0,1,4.74000,1831.832,2.853,4.000,3.061,5.056,7.186,12.445,1.995,-16.027,2,1,1.2705,102,204,102,107,84
7,post_landing,66,1125.0,58,207.450,478.178,1.03469,0.32712,1.08517,0.020989,0.033780,0,1,4.74000,1831.832,2.853,4.000,3.032,5.031,7.097,12.230,3.998,-14.541,4,2,1.2705,102,204,102,107,84
7,post_landing,67,1142.0,58,208.429,477.971,1.08488,-0.03000,1.08529,0.024458,0.053640,0,1,4.74000,1831.832,2.853,4.000,3.049,5.046,7.151,12.358,1.997,-15.432,2,1,1.2705,102,204,102,107,84
7,post_landing,68,1158.0,58,209.518,478.230,1.06828,0.25379,1.09801,0.024084,0.078205,0,0,4.74000,1831.832,2.853,4.000,3.069,5.063,7.213,42.653,0.000,0.000,0,0,1.2705,102,204,102,107,84
7,post_landing,69,1175.0,58,210.591,478.731,1.29420,0.13283,1.30099,-0.001685,0.102395,0,1,4.74000,1831.832,2.853,4.000,3.087,5.076,7.270,42.904,0.000,-16.516,1,1,1.2705,102,204,102,107,84
7,post_landing,70,1192.0,58,211.816,478.699,1.01869,0.02253,1.01894,0.014456,0.100801,0,1,4.74000,1831.832,2.853,4.000,3.085,5.075,7.266,42.793,1.990,-17.443,2,1,1.2705,102,204,102,107,84
7,post_landing,71,1209.0,58,212.839,478.949,0.91116,-0.02225,0.91143,0.013939,0.115320,0,1,4.74000,1831.832,2.853,4.000,3.095,5.082,7.299,42.987,0.000,-17.061,1,1,1.2705,102,204,102,107,84
7,post_landing,72,1225.0,58,213.754,479.189,0.77541,0.00000,0.77541,0.014224,0.129321,0,1,4.74000,1831.832,2.853,4.000,3.104,5.087,7.328,43.197,0.000,-17.649,1,1,1.2705,102,204,102,107,84
7,post_landing,73,1242.0,58,214.488,479.428,0.62483,0.02951,0.62553,0.014130,0.142779,0,1,4.74000,1831.832,2.853,4.000,3.112,5.091,7.356,43.280,0.000,-18.211,1,1,1.2705,102,204,102,107,84
7,post_landing,74,1259.0,58,215.116,479.695,0.59297,-0.02451,0.59347,0.012439,0.156971,0,1,4.74000,1831.832,2.853,4.000,3.119,5.095,7.383,43.360,0.000,-18.800,1,1,1.2705,102,204,102,107,84
7,post_landing,75,1275.0,58,215.711,479.932,0.54417,-0.02836,0.54491,0.022082,0.169464,0,1,4.74000,1831.832,2.853,4.000,3.126,5.097,7.406,43.422,0.000,-19.315,1,1,1.2705,102,204,102,107,84
7,post_landing,76,1292.0,58,216.226,480.161,0.53633,0.23872,0.58706,0.021764,0.190358,0,0,4.74000,1831.832,2.853,4.000,3.135,5.099,43.133,43.512,0.000,0.000,0,0,1.2705,102,204,102,107,84
7,post_landing,77,1309.0,58,216.765,480.689,0.52813,0.51840,0.74004,0.021431,0.212218,0,0,4.74000,1831.832,2.853,4.000,3.143,5.098,43.375,43.585,0.000,0.000,0,0,1.2705,102,204,102,107,84
7,post_landing,78,1325.0,58,217.295,481.272,0.49685,0.18689,0.53084,0.015687,0.233743,0,1,4.74000,1831.832,2.853,4.000,3.150,43.174,43.637,43.637,0.000,-21.916,1,1,1.2705,102,204,102,107,84
7,post_landing,79,1342.0,58,217.794,481.615,0.53930,0.03276,0.54030,0.012204,0.249500,0,1,4.74000,1831.832,2.853,4.000,3.154,43.416,43.663,43.663,0.000,-22.541,1,1,1.2705,102,204,102,107,84
7,post_landing,80,1359.0,58,218.304,481.869,0.48056,0.03754,0.48202,0.010919,0.261046,0,1,4.74000,1831.832,2.853,4.000,42.450,43.416,43.674,43.674,0.000,-22.994,1,1,1.2705,102,204,102,107,84
7,post_landing,81,1375.0,58,218.787,482.182,0.29127,-0.10715,0.31035,0.006877,0.272013,0,1,4.74000,1831.832,2.853,4.000,42.448,43.411,43.680,43.680,40.521,-3.162,2,2,1.2705,102,204,102,107,84
7,post_landing,82,1392.0,58,219.080,482.215,-0.22482,0.05230,0.23082,0.024567,0.278920,0,1,4.74000,1831.832,2.853,4.000,42.719,43.681,43.681,43.681,40.521,-3.430,2,2,1.2705,102,204,102,107,84
7,post_landing,83,1409.0,58,218.867,481.794,0.05768,-0.20189,0.20996,-0.013774,0.302165,0,1,4.74000,1831.832,2.853,4.000,3.162,43.011,43.668,43.668,0.000,15.921,1,1,1.2705,102,204,102,107,84
7,post_landing,84,1425.0,58,218.925,481.880,0.05679,0.08454,0.10184,-0.013563,0.288330,0,0,4.74000,1831.832,2.853,4.000,40.802,43.004,43.678,43.678,0.000,0.000,0,0,1.2705,102,204,102,107,84
7,post_landing,85,1442.0,58,218.982,482.194,0.19702,-0.02406,0.19849,-0.005693,0.274707,0,1,4.74000,1831.832,2.853,4.000,42.718,43.680,43.680,43.680,40.522,-3.267,2,2,1.2705,102,204,102,107,84
7,post_landing,86,1459.0,58,219.168,482.189,0.13936,-0.05201,0.14875,0.000000,0.269321,0,1,4.74000,1831.832,2.853,4.000,42.449,43.413,43.679,43.679,40.521,-3.057,2,2,1.2705,102,204,102,107,84
7,post_landing,87,1475.0,58,219.308,482.190,0.13988,-0.17595,0.22477,0.004312,0.269321,0,1,4.74000,1831.832,2.853,4.000,42.449,43.413,43.679,43.679,40.521,-3.057,2,2,1.2705,102,204,102,107,84
7,post_landing,88,1492.0,58,219.449,482.195,-0.03213,-0.23345,0.23565,0.001252,0.273651,0,1,4.74000,1831.832,2.853,4.000,42.447,43.680,43.680,43.680,40.522,-3.226,2,2,1.2705,102,204,102,107,84
7,post_landing,89,1509.0,58,219.418,482.191,-0.31107,0.01390,0.31138,0.013152,0.274836,0,1,4.74000,1831.832,2.853,4.000,42.718,43.680,43.680,43.680,40.522,-3.272,2,2,1.2705,102,204,102,107,84
7,post_landing,90,1526.0,58,219.106,482.255,-0.64975,-0.75008,0.99237,-0.007522,0.288046,0,1,4.74000,1831.832,2.853,4.000,40.802,43.004,43.679,43.679,40.518,-3.785,2,2,1.2705,102,204,102,107,84
7,post_landing,91,1542.0,58,218.453,481.790,-0.63981,-0.45527,0.78526,-0.007407,0.280491,0,0,4.74000,1831.832,2.853,4.000,42.720,42.996,43.681,43.681,0.000,0.000,0,0,1.2705,102,204,102,107,84
7,post_landing,92,1559.0,58,217.848,481.616,-0.63060,-0.18205,0.65635,-0.007301,0.273482,0,0,4.74000,1831.832,2.853,4.000,42.447,43.680,43.680,43.680,0.000,0.000,0,0,1.2705,102,204,102,107,84
7,post_landing,93,1576.0,58,217.215,481.722,-0.62095,0.10407,0.62961,-0.007189,0.266150,0,0,4.74000,1831.832,2.853,4.000,42.450,43.414,43.677,43.677,0.000,0.000,0,0,1.2705,102,204,102,107,84
7,post_landing,94,1592.0,58,216.591,481.840,-0.41307,0.02881,0.41408,-0.002588,0.258929,0,1,4.74000,1831.832,2.853,4.000,42.450,43.416,43.672,43.672,0.000,-22.911,1,1,1.2705,102,204,102,107,84
7,post_landing,95,1609.0,58,216.200,481.786,0.06144,-0.04102,0.07387,-0.012079,0.256480,0,1,4.74000,1831.832,2.853,4.000,42.449,43.417,43.670,43.670,0.000,-22.815,1,1,1.2705,102,204,102,107,84
7,post_landing,96,1626.0,58,216.262,481.490,0.26540,0.00000,0.26540,-0.009348,0.244348,0,1,4.74000,1831.832,2.853,4.000,3.153,43.172,43.655,43.655,1.941,-23.307,2,1,1.2705,102,204,102,107,84
7,post_landing,97,1642.0,58,216.528,481.282,0.42184,0.04508,0.42424,-0.008049,0.234960,0,1,4.74000,1831.832,2.853,4.000,3.150,43.174,43.640,43.640,1.945,-22.937,2,1,1.2705,102,204,102,107,84
7,post_landing,98,1659.0,58,216.952,481.105,0.54367,0.06970,0.54812,-0.007031,0.226875,0,1,4.74000,1831.832,2.853,4.000,3.148,43.173,43.623,43.623,1.949,-22.617,2,1,1.2705,102,204,102,107,84
7,post_landing,99,1676.0,58,217.466,480.960,0.60415,0.08495,0.61009,-0.005008,0.220222,0,1,4.74000,1831.832,2.853,4.000,3.146,5.098,43.389,43.607,1.952,-22.352,2,1,1.2705,102,204,102,107,84
7,post_landing,100,1692.0,58,218.073,480.855,0.69437,0.20425,0.72379,-0.011066,0.215192,0,1,4.74000,1831.832,2.853,4.000,3.144,5.098,43.380,43.594,1.954,-22.151,2,1,1.2705,102,204,102,107,84
7,post_landing,101,1709.0,58,218.771,481.011,1.16418,-0.34570,1.21442,-0.009261,0.204078,0,1,4.74000,1831.832,2.853,4.000,3.140,5.099,43.358,43.560,3.140,-21.115,3,2,1.2705,102,204,102,107,84
7,post_landing,102,1726.0,58,219.872,480.440,0.90078,-0.04073,0.90170,0.008305,0.195315,0,1,4.74000,1831.832,2.853,4.000,3.137,5.099,43.142,43.530,1.962,-21.352,2,1,1.2705,102,204,102,107,84
7,post_landing,103,1742.0,58,220.777,480.591,0.77933,0.18971,0.80209,0.011106,0.203656,0,1,4.74000,1831.832,2.853,4.000,3.140,5.099,43.357,43.559,0.000,-20.709,1,1,1.2705,102,204,102,107,84
7,post_landing,104,1759.0,58,221.560,480.863,0.57380,0.19444,0.60584,0.030700,0.214810,0,1,4.74000,1831.832,2.853,4.000,3.144,5.098,43.379,43.593,0.000,-21.159,1,1,1.2705,102,204,102,107,84
7,post_landing,105,1776.0,58,222.103,481.303,0.56553,0.45830,0.72792,0.030258,0.243858,0,0,4.74000,1831.832,2.853,4.000,3.153,43.172,43.655,43.655,0.000,0.000,0,0,1.2705,102,204,102,107,84
7,post_landing,106,1792.0,58,222.671,482.052,0.55688,0.73462,0.92184,0.029795,0.274250,0,0,4.74000,1831.832,2.853,4.000,42.718,43.680,43.680,43.680,0.000,0.000,0,0,1.2705,102,204,102,107,84
7,post_landing,107,1809.0,58,223.230,482.424,0.49599,-0.17489,0.52592,-0.004158,0.304176,0,1,4.74000,1831.832,2.853,4.000,3.162,43.011,43.666,43.666,40.804,-4.261,4,3,1.2705,102,204,102,107,84
7,post_landing,108,1826.0,58,223.699,481.822,-0.02161,-0.22961,0.23062,0.011230,0.300242,0,1,4.74000,1831.832,2.853,4.000,3.162,43.011,43.670,43.670,0.000,15.996,1,1,1.2705,102,204,102,107,84
7,post_landing,109,1843.0,58,223.678,481.615,0.12296,-0.08624,0.15019,-0.005495,0.311522,0,1,4.74000,1831.832,2.853,4.000,3.162,41.107,43.657,43.657,0.000,15.552,1,1,1.2705,102,204,102,107,84
7,post_landing,110,1859.0,58,223.801,481.691,0.00039,0.07540,0.07540,0.002890,0.306003,0,1,4.74000,1831.832,2.853,4.000,3.162,43.012,43.664,43.664,0.000,15.770,1,1,1.2705,102,204,102,107,84
7,post_landing,111,1876.0,58,223.801,481.663,-0.25377,0.01718,0.25435,0.007741,0.308738,0,1,4.74000,1831.832,2.853,4.000,3.162,43.012,43.660,43.660,0.000,15.662,1,1,1.2705,102,204,102,107,84
7,post_landing,112,1893.0,58,223.547,481.549,-0.67238,0.08364,0.67757,0.021860,0.316513,0,1,4.74000,1831.832,2.853,4.000,3.162,41.109,43.649,43.649,0.000,15.355,1,1,1.2705,102,204,102,107,84
7,post_landing,113,1909.0,58,222.871,481.241,-0.37847,0.00000,0.37847,-0.015402,0.338469,0,1,4.74000,1831.832,2.853,4.000,3.162,3.494,42.990,43.602,0.000,14.484,1,1,1.2705,102,204,102,107,84
7,post_landing,114,1926.0,58,222.513,481.410,-0.44073,0.07885,0.44773,-0.009206,0.323896,0,1,4.74000,1831.832,2.853,4.000,3.162,41.110,43.635,43.635,0.000,15.063,1,1,1.2705,102,204,102,107,84
7,post_landing,115,1943.0,58,222.070,481.562,-0.57238,0.08854,0.57919,-0.000829,0.314650,0,1,4.74000,1831.832,2.853,4.000,3.162,41.109,43.652,43.652,0.000,15.429,1,1,1.2705,102,204,102,107,84
7,post_landing,116,1959.0,58,221.496,481.586,-0.42479,-0.04765,0.42746,-0.023807,0.313817,0,1,4.74000,1831.832,2.853,4.000,3.162,41.108,43.653,43.653,0.000,15.462,1,1,1.2705,102,204,102,107,84
7,post_landing,117,1976.0,58,221.069,481.827,-0.41830,0.23642,0.48048,-0.023443,0.289905,0,0,4.74000,1831.832,2.853,4.000,40.803,43.005,43.678,43.678,0.000,0.000,0,0,1.2705,102,204,102,107,84
8,falling,0,26.0,,195.000,97.029,0.00000,0.55000,0.55000,0.000000,0.000000,0,0,5.50800,2566.696,2.475,5.000,5.000,6.000,10.000,22.000,0.000,0.000,0,0,1.4251,68,136,68,69,57
8,falling,1,31.0,,195.000,97.218,0.00000,0.63086,0.63086,0.000000,0.000000,0,0,5.50800,2566.696,2.475,5.000,5.000,6.000,10.000,22.000,0.000,0.000,0,0,1.4251,68,136,68,69,57
8,falling,2,47.0,,195.000,98.071,0.00000,0.88844,0.88844,0.000000,0.000000,0,0,5.50800,2566.696,2.475,5.000,5.000,6.000,10.000,22.000,0.000,0.000,0,0,1.4251,68,136,68,69,57
8,falling,3,64.0,,195.000,99.253,0.00000,1.15818,1.15818,0.000000,0.000000,0,0,5.50800,2566.696,2.475,5.000,5.000,6.000,10.000,22.000,0.000,0.000,0,0,1.4251,68,136,68,69,57
8,falling,4,81.0,,195.000,100.705,0.00000,1.42379,1.42379,0.000000,0.000000,0,0,5.50800,2566.696,2.475,5.000,5.000,6.000,10.000,22.000,0.000,0.000,0,0,1.4251,68,136,68,69,57
8,falling,5,97.0,,195.000,102.308,0.00000,1.66996,1.66996,0.000000,0.000000,0,0,5.50800,2566.696,2.475,5.000,5.000,6.000,10.000,22.000,0.000,0.000,0,0,1.4251,68,136,68,69,57
8,falling,6,114.0,,195.000,104.274,0.00000,1.92774,1.92774,0.000000,0.000000,0,0,5.50800,2566.696,2.475,5.000,5.000,6.000,10.000,22.000,0.000,0.000,0,0,1.4251,68,136,68,69,57
8,falling,7,131.0,,195.000,106.499,0.00000,2.18158,2.18158,0.000000,0.000000,0,0,5.50800,2566.696,2.475,5.000,5.000,6.000,10.000,22.000,0.000,0.000,0,0,1.4251,68,136,68,69,57
8,falling,8,148.0,,195.000,108.820,0.00000,2.41683,2.41683,0.000000,0.000000,0,0,5.50800,2566.696,2.475,5.000,5.000,6.000,10.000,22.000,0.000,0.000,0,0,1.4251,68,136,68,69,57
8,falling,9,166.0,,195.000,111.536,0.00000,2.66319,2.66319,0.000000,0.000000,0,0,5.50800,2566.696,2.475,5.000,5.000,6.000,10.000,22.000,0.000,0.000,0,0,1.4251,68,136,68,69,57
8,falling,10,181.0,,195.000,114.500,0.00000,2.90577,2.90577,0.000000,0.000000,0,0,5.50800,2566.696,2.475,5.000,5.000,6.000,10.000,22.000,0.000,0.000,0,0,1.4251,68,136,68,69,57
8,falling,11,198.0,,195.000,117.505,0.00000,3.13060,3.13060,0.000000,0.000000,0,0,5.50800,2566.696,2.475,5.000,5.000,6.000,10.000,22.000,0.000,0.000,0,0,1.4251,68,136,68,69,57
8,falling,12,214.0,,195.000,120.939,0.00000,3.36603,3.36603,0.000000,0.000000,0,0,5.50800,2566.696,2.475,5.000,5.000,6.000,10.000,22.000,0.000,0.000,0,0,1.4251,68,136,68,69,57
8,falling,13,231.0,,195.000,124.608,0.00000,3.59787,3.59787,0.000000,0.000000,0,0,5.50800,2566.696,2.475,5.000,5.000,6.000,10.000,22.000,0.000,0.000,0,0,1.4251,68,136,68,69,57
8,falling,14,248.0,,195.000,128.269,0.00000,3.81272,3.81272,0.000000,0.000000,0,0,5.50800,2566.696,2.475,5.000,5.000,6.000,10.000,22.000,0.000,0.000,0,0,1.4251,68,136,68,69,57
8,falling,15,264.0,,195.000,132.387,0.00000,4.03772,4.03772,0.000000,0.000000,0,0,5.50800,2566.696,2.475,5.000,5.000,6.000,10.000,22.000,0.000,0.000,0,0,1.4251,68,136,68,69,57
8,falling,16,281.0,,195.000,136.732,0.00000,4.25928,4.25928,0.000000,0.000000,0,0,5.50800,2566.696,2.475,5.000,5.000,6.000,10.000,22.000,0.000,0.000,0,0,1.4251,68,136,68,69,57
8,falling,17,298.0,,195.000,141.299,0.00000,4.47744,4.47744,0.000000,0.000000,0,0,5.50800,2566.696,2.475,5.000,5.000,6.000,10.000,22.000,0.000,0.000,0,0,1.4251,68,136,68,69,57
8,falling,18,314.0,,195.000,145.791,0.00000,4.67964,4.67964,0.000000,0.000000,0,0,5.50800,2566.696,2.475,5.000,5.000,6.000,10.000,22.000,0.000,0.000,0,0,1.4251,68,136,68,69,57
8,falling,19,331.0,,195.000,150.780,0.00000,4.89137,4.89137,0.000000,0.000000,0,0,5.50800,2566.696,2.475,5.000,5.000,6.000,10.000,22.000,0.000,0.000,0,0,1.4251,68,136,68,69,57
8,falling,20,348.0,,195.000,155.982,0.00000,5.09987,5.09987,0.000000,0.000000,0,0,5.50800,2566.696,2.475,5.000,5.000,6.000,10.000,22.000,0.000,0.000,0,0,1.4251,68,136,68,69,57
8,falling,21,364.0,,195.000,161.064,0.00000,5.29309,5.29309,0.000000,0.000000,0,0,5.50800,2566.696,2.475,5.000,5.000,6.000,10.000,22.000,0.000,0.000,0,0,1.4251,68,136,68,69,57
8,falling,22,381.0,,195.000,166.669,0.00000,5.49544,5.49544,0.000000,0.000000,0,0,5.50800,2566.696,2.475,5.000,5.000,6.000,10.000,22.000,0.000,0.000,0,0,1.4251,68,136,68,69,57
8,falling,23,398.0,,195.000,172.477,0.00000,5.69470,5.69470,0.000000,0.000000,0,0,5.50800,2566.696,2.475,5.000,5.000,6.000,10.000,22.000,0.000,0.000,0,0,1.4251,68,136,68,69,57
8,falling,24,415.0,,195.000,178.122,0.00000,5.87936,5.87936,0.000000,0.000000,0,0,5.50800,2566.696,2.475,5.000,5.000,6.000,10.000,22.000,0.000,0.000,0,0,1.4251,68,136,68,69,57
8,falling,25,431.0,,195.000,184.316,0.00000,6.07274,6.07274,0.000000,0.000000,0,0,5.50800,2566.696,2.475,5.000,5.000,6.000,10.000,22.000,0.000,0.000,0,0,1.4251,68,136,68,69,57
8,falling,26,448.0,,195.000,190.704,0.00000,6.26316,6.26316,0.000000,0.000000,0,0,5.50800,2566.696,2.475,5.000,5.000,6.000,10.000,22.000,0.000,0.000,0,0,1.4251,68,136,68,69,57
8,falling,27,465.0,,195.000,196.886,0.00000,6.43964,6.43964,0.000000,0.000000,0,0,5.50800,2566.696,2.475,5.000,5.000,6.000,10.000,22.000,0.000,0.000,0,0,1.4251,68,136,68,69,57
8,falling,28,481.0,,195.000,203.643,0.00000,6.62444,6.62444,0.000000,0.000000,0,0,5.50800,2566.696,2.475,5.000,5.000,6.000,10.000,22.000,0.000,0.000,0,0,1.4251,68,136,68,69,57
8,falling,29,498.0,,195.000,210.586,0.00000,6.80642,6.80642,0.000000,0.000000,0,0,5.50800,2566.696,2.475,5.000,5.000,6.000,10.000,22.000,0.000,0.000,0,0,1.4251,68,136,68,69,57
8,falling,30,515.0,,195.000,217.282,0.00000,6.97508,6.97508,0.000000,0.000000,0,0,5.50800,2566.696,2.475,5.000,5.000,6.000,8.000,20.000,0.000,0.000,0,0,1.4251,68,136,68,69,57
8,falling,31,531.0,,195.000,224.577,0.00000,7.15169,7.15169,0.000000,0.000000,0,0,5.50800,2566.696,2.475,5.000,5.000,6.000,10.000,22.000,0.000,0.000,0,0,1.4251,68,136,68,69,57
8,falling,32,548.0,,195.000,232.049,0.00000,7.32560,7.32560,0.000000,0.000000,0,0,5.50800,2566.696,2.475,5.000,5.000,6.000,10.000,22.000,0.000,0.000,0,0,1.4251,68,136,68,69,57
8,falling,33,565.0,,195.000,239.236,0.00000,7.48678,7.48678,0.000000,0.000000,0,0,5.50800,2566.696,2.475,5.000,5.000,6.000,10.000,22.000,0.000,0.000,0,0,1.4251,68,136,68,69,57
8,falling,34,581.0,,195.000,247.045,0.00000,7.65557,7.65557,0.000000,0.000000,0,0,5.50800,2566.696,2.475,5.000,5.000,6.000,10.000,22.000,0.000,0.000,0,0,1.4251,68,136,68,69,57
8,falling,35,598.0,,195.000,255.023,0.00000,7.82177,7.82177,0.000000,0.000000,0,0,5.50800,2566.696,2.475,5.000,5.000,6.000,10.000,22.000,0.000,0.000,0,0,1.4251,68,136,68,69,57
8,falling,36,615.0,,195.000,262.680,0.00000,7.97580,7.97580,0.000000,0.000000,0,0,5.50800,2566.696,2.475,5.000,5.000,6.000,10.000,22.000,0.000,0.000,0,0,1.4251,68,136,68,69,57
8,falling,37,631.0,,195.000,270.980,0.00000,8.13711,8.13711,0.000000,0.000000,0,0,5.50800,2566.696,2.475,5.000,5.000,6.000,10.000,22.000,0.000,0.000,0,0,1.4251,68,136,68,69,57
8,falling,38,648.0,,195.000,279.441,0.00000,8.29594,8.29594,0.000000,0.000000,0,0,5.50800,2566.696,2.475,5.000,5.000,6.000,10.000,22.000,0.000,0.000,0,0,1.4251,68,136,68,69,57
8,falling,39,665.0,,195.000,287.547,0.00000,8.44315,8.44315,0.000000,0.000000,0,0,5.50800,2566.696,2.475,5.000,5.000,6.000,10.000,22.000,0.000,0.000,0,0,1.4251,68,136,68,69,57
8,falling,40,681.0,,195.000,296.316,0.00000,8.59730,8.59730,0.000000,0.000000,0,0,5.50800,2566.696,2.475,5.000,5.000,6.000,10.000,22.000,0.000,0.000,0,0,1.4251,68,136,68,69,57
8,falling,41,698.0,,195.000,305.240,0.00000,8.74910,8.74910,0.000000,0.000000,0,0,5.50800,2566.696,2.475,5.000,5.000,6.000,10.000,22.000,0.000,0.000,0,0,1.4251,68,136,68,69,57
8,falling,42,715.0,,195.000,313.774,0.00000,8.88978,8.88978,0.000000,0.000000,0,0,5.50800,2566.696,2.475,5.000,5.000,6.000,10.000,22.000,0.000,0.000,0,0,1.4251,68,136,68,69,57
8,falling,43,732.0,,195.000,322.992,0.00000,9.03710,9.03710,0.000000,0.000000,0,0,5.50800,2566.696,2.475,5.000,5.000,6.000,10.000,22.000,0.000,0.000,0,0,1.4251,68,136,68,69,57
8,falling,44,748.0,,195.000,332.358,0.00000,9.18216,9.18216,0.000000,0.000000,0,0,5.50800,2566.696,2.475,5.000,5.000,6.000,10.000,22.000,0.000,0.000,0,0,1.4251,68,136,68,69,57
8,falling,45,765.0,,195.000,341.869,0.00000,9.32501,9.32501,0.000000,0.000000,0,0,5.50800,2566.696,2.475,5.000,5.000,6.000,10.000,22.000,0.000,0.000,0,0,1.4251,68,136,68,69,57
8,falling,46,782.0,,195.000,350.949,0.00000,9.45739,9.45739,0.000000,0.000000,0,0,5.50800,2566.696,2.475,5.000,5.000,6.000,10.000,22.000,0.000,0.000,0,0,1.4251,68,136,68,69,57
8,falling,47,798.0,,195.000,360.737,0.00000,9.59603,9.59603,0.000000,0.000000,0,0,5.50800,2566.696,2.475,5.000,5.000,6.000,10.000,22.000,0.000,0.000,0,0,1.4251,68,136,68,69,57
8,falling,48,815.0,,195.000,370.664,0.00000,9.73254,9.73254,0.000000,0.000000,0,0,5.50800,2566.696,2.475,5.000,5.000,6.000,10.000,22.000,0.000,0.000,0,0,1.4251,68,136,68,69,57
8,falling,49,832.0,,195.000,380.128,0.00000,9.85906,9.85906,0.000000,0.000000,0,0,5.50800,2566.696,2.475,5.000,5.000,6.000,10.000,22.000,0.000,0.000,0,0,1.4251,68,136,68,69,57
8,falling,50,848.0,,195.000,390.320,0.00000,9.99155,9.99155,0.000000,0.000000,0,0,5.50800,2566.696,2.475,5.000,5.000,6.000,10.000,22.000,0.000,0.000,0,0,1.4251,68,136,68,69,57
8,falling,51,865.0,,195.000,400.644,0.00000,10.12201,10.12201,0.000000,0.000000,0,0,5.50800,2566.696,2.475,5.000,5.000,6.000,10.000,22.000,0.000,0.000,0,0,1.4251,68,136,68,69,57
8,falling,52,882.0,,195.000,410.477,0.00000,10.24292,10.24292,0.000000,0.000000,0,0,5.50800,2566.696,2.475,5.000,5.000,6.000,10.000,22.000,0.000,0.000,0,0,1.4251,68,136,68,69,57
8,falling,53,898.0,,195.000,421.054,0.00000,10.36954,10.36954,0.000000,0.000000,0,0,5.50800,2566.696,2.475,5.000,5.000,6.000,10.000,22.000,0.000,0.000,0,0,1.4251,68,136,68,69,57
8,falling,54,915.0,,195.000,431.758,0.00000,10.49422,10.49422,0.000000,0.000000,0,0,5.50800,2566.696,2.475,5.000,5.000,6.000,10.000,22.000,0.000,0.000,0,0,1.4251,68,136,68,69,57
8,falling,55,932.0,,195.000,441.944,0.00000,10.60977,10.60977,0.000000,0.000000,0,0,5.50800,2566.696,2.475,5.000,5.000,6.000,10.000,22.000,0.000,0.000,0,0,1.4251,68,136,68,69,57
8,falling,56,948.0,,195.000,452.889,0.00000,10.73077,10.73077,0.000000,0.000000,0,0,5.50800,2566.696,2.475,5.000,5.000,6.000,10.000,22.000,0.000,0.000,0,0,1.4251,68,136,68,69,57
8,falling,57,965.0,,195.000,463.956,0.00000,10.84993,10.84993,0.000000,0.000000,0,0,5.50800,2566.696,2.475,5.000,5.000,6.000,10.000,22.000,0.000,0.000,0,0,1.4251,68,136,68,69,57
8,falling,58,982.0,,195.000,474.478,0.00000,10.96035,10.96035,0.000000,0.000000,0,0,5.50800,2566.696,2.475,5.000,5.000,6.000,10.000,22.000,0.000,0.000,0,0,1.4251,68,136,68,69,57
8,post_landing,59,999.0,59,195.000,482.363,3.51976,0.77107,3.60323,0.040848,0.000000,0,1,5.50800,2566.696,2.475,5.000,5.000,6.000,10.000,22.000,11.000,-23.968,12,6,1.4251,68,136,68,69,57
8,post_landing,60,1015.0,59,198.535,481.832,2.87602,0.39619,2.90318,0.032392,0.041028,0,1,5.50800,2566.696,2.475,5.000,4.038,6.036,9.033,22.023,6.036,-26.075,6,3,1.4251,68,136,68,69,57
8,post_landing,61,1032.0,59,201.256,481.719,2.32443,0.24972,2.33780,0.026210,0.071676,0,1,5.50800,2566.696,2.475,5.000,4.061,6.056,9.049,24.082,1.995,-28.352,2,1,1.4251,68,136,68,69,57
8,post_landing,62,1048.0,59,203.591,482.259,2.28886,0.52923,2.34925,0.025809,0.098001,0,0,5.50800,2566.696,2.475,5.000,4.079,6.069,9.055,29.154,0.000,0.000,0,0,1.4251,68,136,68,69,57
8,post_landing,63,1065.0,59,205.890,483.079,2.25384,0.80447,2.39311,0.025414,0.123924,0,0,5.50800,2566.696,2.475,5.000,4.093,6.078,9.055,32.249,0.000,0.000,0,0,1.4251,68,136,68,69,57
8,post_landing,64,1082.0,59,208.023,483.931,1.78149,0.40263,1.82642,0.021436,0.147970,0,1,5.50800,2566.696,2.475,5.000,4.104,6.082,9.049,36.344,0.000,-30.273,1,1,1.4251,68,136,68,69,57
8,post_landing,65,1099.0,59,209.812,484.584,1.40888,0.25832,1.43236,0.017261,0.169500,0,1,5.50800,2566.696,2.475,5.000,4.111,6.083,10.194,36.665,0.000,-31.065,1,1,1.4251,68,136,68,69,57
8,post_landing,66,1115.0,59,211.227,485.125,1.11040,0.20433,1.12905,0.013810,0.186837,0,1,5.50800,2566.696,2.475,5.000,4.116,6.081,15.296,36.674,0.000,-31.693,1,1,1.4251,68,136,68,69,57
8,post_landing,67,1132.0,59,212.342,485.571,0.87268,0.18412,0.89189,0.010989,0.200708,0,1,5.50800,2566.696,2.475,5.000,4.119,6.079,15.297,36.872,0.000,-32.188,1,1,1.4251,68,136,68,69,57
8,post_landing,68,1149.0,59,213.168,485.909,0.68506,0.17029,0.70590,0.008709,0.211106,0,1,5.50800,2566.696,2.475,5.000,4.121,6.076,15.296,36.877,0.000,-32.555,1,1,1.4251,68,136,68,69,57
8,post_landing,69,1165.0,59,213.856,486.203,0.53623,0.17139,0.56295,0.006873,0.219853,0,1,5.50800,2566.696,2.475,5.000,4.122,6.074,17.463,38.072,0.000,-32.861,1,1,1.4251,68,136,68,69,57
8,post_landing,70,1182.0,59,214.395,486.435,0.45166,0.32522,0.55657,0.009982,0.226756,0,1,5.50800,2566.696,2.475,5.000,4.122,6.071,17.464,38.076,0.000,-33.101,1,1,1.4251,68,136,68,69,57
8,post_landing,71,1199.0,59,214.822,486.749,0.42753,0.37651,0.56969,0.012965,0.236201,0,1,5.50800,2566.696,2.475,5.000,4.123,7.274,17.464,40.257,0.000,-33.427,1,1,1.4251,68,136,68,69,57
8,post_landing,72,1215.0,59,215.251,487.187,0.41702,0.40720,0.58285,0.016159,0.249223,0,1,5.50800,2566.696,2.475,5.000,4.123,7.277,17.461,40.262,0.000,-33.871,1,1,1.4251,68,136,68,69,57
8,post_landing,73,1232.0,59,215.670,487.736,0.41094,0.43842,0.60090,0.017973,0.265454,0,1,5.50800,2566.696,2.475,5.000,4.122,7.280,34.205,41.485,0.000,-34.416,1,1,1.4251,68,136,68,69,57
8,post_landing,74,1249.0,59,216.059,488.319,0.40359,0.46313,0.61431,0.018632,0.282459,0,1,5.50800,2566.696,2.475,5.000,4.120,7.280,34.201,56.320,0.000,-34.978,1,1,1.4251,68,136,68,69,57
8,post_landing,75,1265.0,59,216.464,488.982,0.39275,0.49561,0.63236,0.019409,0.301173,0,1,5.50800,2566.696,2.475,5.000,4.117,7.278,35.074,57.567,0.000,-35.584,1,1,1.4251,68,136,68,69,57
8,post_landing,76,1282.0,59,216.859,489.681,0.37915,0.52431,0.64704,0.020044,0.320667,0,1,5.50800,2566.696,2.475,5.000,5.376,7.274,35.415,60.083,0.000,-36.203,1,1,1.4251,68,136,68,69,57
8,post_landing,77,1299.0,59,217.218,490.370,0.36268,0.54313,0.65309,0.020151,0.339632,0,1,5.50800,2566.696,2.475,5.000,5.381,33.837,36.722,60.407,0.000,-36.791,1,1,1.4251,68,136,68,69,57
8,post_landing,78,1316.0,59,217.582,491.124,0.34221,0.57044,0.66521,0.020566,0.359871,0,1,5.50800,2566.696,2.475,5.000,5.384,35.112,55.128,60.392,0.000,-37.405,1,1,1.4251,68,136,68,69,57
8,post_landing,79,1332.0,59,217.926,491.903,0.31874,0.59490,0.67491,0.020933,0.380528,0,1,5.50800,2566.696,2.475,5.000,34.539,34.911,57.751,61.465,0.000,-38.015,1,1,1.4251,68,136,68,69,57
8,post_landing,80,1349.0,59,218.227,492.541,0.50079,0.10449,0.51158,0.014345,0.400334,0,1,5.50800,2566.696,2.475,5.000,32.694,54.621,59.084,61.315,31.384,-22.893,2,2,1.4251,68,136,68,69,57
8,post_landing,81,1365.0,59,218.730,492.540,0.40370,0.06503,0.40890,0.017919,0.414742,0,1,5.50800,2566.696,2.475,5.000,32.695,54.626,59.496,61.326,0.000,-7.613,1,1,1.4251,68,136,68,69,57
8,post_landing,82,1382.0,59,219.136,492.670,0.27590,0.00000,0.27590,0.023480,0.432739,0,1,5.50800,2566.696,2.475,5.000,5.378,54.128,59.506,61.322,0.000,-8.126,1,1,1.4251,68,136,68,69,57
8,post_landing,83,1399.0,59,219.397,492.844,0.17624,0.04053,0.18084,0.025184,0.454956,0,1,5.50800,2566.696,2.475,5.000,25.494,55.460,59.034,62.168,0.000,-8.754,1,1,1.4251,68,136,68,69,57
8,post_landing,84,1416.0,59,219.574,493.146,0.18400,-0.06538,0.19527,0.010048,0.480250,0,1,5.50800,2566.696,2.475,5.000,28.178,32.650,59.017,61.752,21.471,1.270,3,3,1.4251,68,136,68,69,57
8,post_landing,85,1432.0,59,219.759,493.122,0.15463,-0.04628,0.16141,0.002811,0.490342,0,1,5.50800,2566.696,2.475,5.000,24.177,32.647,57.235,61.765,21.471,0.988,3,3,1.4251,68,136,68,69,57
8,post_landing,86,1449.0,59,219.914,493.112,0.03237,0.00000,0.03237,0.003178,0.493166,0,1,5.50800,2566.696,2.475,5.000,24.179,32.646,57.232,61.768,21.470,0.909,3,3,1.4251,68,136,68,69,57
8,post_landing,87,1466.0,59,219.944,493.169,-0.20750,-0.06116,0.21633,0.006227,0.496173,0,1,5.50800,2566.696,2.475,5.000,24.180,32.644,57.228,61.770,22.825,1.503,4,4,1.4251,68,136,68,69,57
8,post_landing,88,1482.0,59,219.736,493.138,-0.30283,0.11104,0.32255,0.008462,0.502427,0,1,5.50800,2566.696,2.475,5.000,24.183,29.529,57.218,61.773,22.825,1.329,4,4,1.4251,68,136,68,69,57
8,post_landing,89,1500.0,59,219.432,493.196,-0.01776,0.02416,0.02999,-0.001769,0.510927,0,1,5.50800,2566.696,2.475,5.000,24.186,29.525,40.204,61.773,24.186,1.774,5,5,1.4251,68,136,68,69,57
8,post_landing,90,1516.0,59,219.415,493.105,-0.38303,-0.07540,0.39038,0.007986,0.509253,0,1,5.50800,2566.696,2.475,5.000,24.186,29.526,42.441,61.774,22.825,1.140,4,4,1.4251,68,136,68,69,57
8,post_landing,91,1532.0,59,219.030,492.930,-0.75962,-0.14453,0.77324,0.016789,0.517274,0,1,5.50800,2566.696,2.475,5.000,24.187,30.016,33.118,61.771,3.597,10.530,3,3,1.4251,68,136,68,69,57
8,post_landing,92,1549.0,59,218.267,492.749,-0.48094,0.02682,0.48169,0.000000,0.534137,0,1,5.50800,2566.696,2.475,5.000,4.970,26.063,33.106,61.751,3.600,10.056,3,3,1.4251,68,136,68,69,57
8,post_landing,93,1566.0,59,217.812,492.744,-0.47738,0.03463,0.47864,-0.003472,0.534137,0,1,5.50800,2566.696,2.475,5.000,4.970,26.063,33.106,61.751,3.600,10.056,3,3,1.4251,68,136,68,69,57
8,post_landing,94,1582.0,59,217.333,492.782,-0.98975,-0.10209,0.99500,0.014499,0.530649,0,1,5.50800,2566.696,2.475,5.000,24.185,26.060,33.109,61.757,3.600,10.154,3,3,1.4251,68,136,68,69,57
8,post_landing,95,1599.0,59,216.339,492.638,-0.55991,0.05420,0.56252,-0.009127,0.545212,0,1,5.50800,2566.696,2.475,5.000,4.976,26.071,33.093,61.393,3.602,9.742,3,3,1.4251,68,136,68,69,57
8,post_landing,96,1616.0,59,215.809,492.715,-0.52717,0.11309,0.53916,-0.008959,0.536576,0,1,5.50800,2566.696,2.475,5.000,4.971,26.065,33.104,61.399,3.601,9.987,3,3,1.4251,68,136,68,69,57
8,post_landing,97,1632.0,59,215.279,492.815,-0.43874,0.11080,0.45252,-0.013006,0.527578,0,1,5.50800,2566.696,2.475,5.000,24.186,26.057,33.112,61.761,3.599,10.241,3,3,1.4251,68,136,68,69,57
8,post_landing,98,1649.0,59,214.839,492.950,-0.79218,0.02720,0.79265,0.002050,0.514515,0,1,5.50800,2566.696,2.475,5.000,24.187,29.523,37.964,61.772,3.596,10.608,3,3,1.4251,68,136,68,69,57
8,post_landing,99,1666.0,59,214.089,492.930,-0.59179,0.09329,0.59910,-0.009161,0.516455,0,1,5.50800,2566.696,2.475,5.000,24.187,30.016,33.118,61.771,3.596,10.553,3,3,1.4251,68,136,68,69,57
8,post_landing,100,1683.0,59,213.495,493.107,-0.33204,-0.08172,0.34195,-0.009013,0.507253,0,1,5.50800,2566.696,2.475,5.000,24.185,29.527,54.974,61.774,22.825,1.195,4,4,1.4251,68,136,68,69,57
8,post_landing,101,1699.0,59,213.161,493.155,-0.44197,0.00000,0.44197,0.000000,0.498200,0,1,5.50800,2566.696,2.475,5.000,24.181,32.643,57.225,61.771,22.825,1.447,4,4,1.4251,68,136,68,69,57
8,post_landing,102,1716.0,59,212.743,493.160,0.21422,-0.28391,0.35567,-0.044980,0.498200,0,1,5.50800,2566.696,2.475,5.000,24.181,32.643,57.225,61.771,22.825,1.447,4,4,1.4251,68,136,68,69,57
8,post_landing,103,1733.0,59,212.958,492.847,0.18635,-0.17538,0.25590,-0.029249,0.453022,0,1,5.50800,2566.696,2.475,5.000,25.494,55.461,59.034,62.169,0.000,-8.700,1,1,1.4251,68,136,68,69,57
8,post_landing,104,1749.0,59,213.146,492.606,0.07056,-0.07852,0.10557,-0.013961,0.423644,0,1,5.50800,2566.696,2.475,5.000,32.692,55.946,59.503,61.327,0.000,-7.867,1,1,1.4251,68,136,68,69,57
8,post_landing,105,1766.0,59,213.212,492.498,0.01007,-0.03622,0.03760,-0.004721,0.410435,0,1,5.50800,2566.696,2.475,5.000,32.696,54.626,59.091,61.324,0.000,-7.490,1,1,1.4251,68,136,68,69,57
8,post_landing,106,1783.0,59,213.222,492.465,0.00914,0.00000,0.00914,0.000000,0.405693,0,1,5.50800,2566.696,2.475,5.000,32.695,54.624,59.089,61.321,0.000,-7.355,1,1,1.4251,68,136,68,69,57
8,post_landing,107,1799.0,59,213.232,492.465,0.02065,0.01881,0.02793,0.002570,0.405693,0,1,5.50800,2566.696,2.475,5.000,32.695,54.624,59.089,61.321,0.000,-7.355,1,1,1.4251,68,136,68,69,57
8,post_landing,108,1816.0,59,213.252,492.484,0.03853,0.03142,0.04972,0.004238,0.408275,0,1,5.50800,2566.696,2.475,5.000,32.696,54.625,59.090,61.323,0.000,-7.429,1,1,1.4251,68,136,68,69,57
8,post_landing,109,1833.0,59,213.289,492.510,0.05600,0.03837,0.06789,0.005362,0.412285,0,1,5.50800,2566.696,2.475,5.000,32.695,54.626,59.092,61.325,0.000,-7.543,1,1,1.4251,68,136,68,69,57
8,post_landing,110,1849.0,59,213.345,492.555,0.07663,0.04776,0.09029,0.006208,0.417671,0,1,5.50800,2566.696,2.475,5.000,32.694,55.945,59.499,61.327,0.000,-7.697,1,1,1.4251,68,136,68,69,57
8,post_landing,111,1866.0,59,213.422,492.604,0.09645,0.05440,0.11073,0.006910,0.423906,0,1,5.50800,2566.696,2.475,5.000,32.692,55.946,59.504,61.326,0.000,-7.874,1,1,1.4251,68,136,68,69,57
8,post_landing,112,1883.0,59,213.513,492.651,0.11225,0.05793,0.12631,0.007473,0.430443,0,1,5.50800,2566.696,2.475,5.000,5.378,54.128,59.506,61.324,0.000,-8.060,1,1,1.4251,68,136,68,69,57
8,post_landing,113,1900.0,59,213.626,492.716,0.12980,0.06597,0.14560,0.007974,0.437949,0,1,5.50800,2566.696,2.475,5.000,25.494,55.459,59.506,62.165,0.000,-8.273,1,1,1.4251,68,136,68,69,57
8,post_landing,114,1916.0,59,213.756,492.784,0.14602,0.07195,0.16278,0.008464,0.445959,0,1,5.50800,2566.696,2.475,5.000,25.495,55.462,59.502,62.169,0.000,-8.500,1,1,1.4251,68,136,68,69,57
8,post_landing,115,1933.0,59,213.895,492.849,0.07056,-0.03114,0.07713,0.015517,0.453967,0,1,5.50800,2566.696,2.475,5.000,25.494,55.461,59.034,62.168,0.000,-8.727,1,1,1.4251,68,136,68,69,57
8,post_landing,116,1949.0,59,213.965,492.981,-0.03088,0.00000,0.03088,0.020849,0.469553,0,1,5.50800,2566.696,2.475,5.000,26.832,32.649,59.029,61.730,0.000,-9.165,1,1,1.4251,68,136,68,69,57
8,post_landing,117,1966.0,59,213.934,493.115,0.17217,-0.04961,0.17918,-0.000974,0.490494,0,1,5.50800,2566.696,2.475,5.000,24.177,32.647,57.235,61.765,21.471,0.984,3,3,1.4251,68,136,68,69,57
8,post_landing,118,1983.0,59,214.097,493.120,-0.36420,-0.13531,0.38853,0.018566,0.489573,0,1,5.50800,2566.696,2.475,5.000,24.176,32.647,57.236,61.764,21.471,1.010,3,3,1.4251,68,136,68,69,57
