piece,phase,frame,time_ms,landing_frame,x,y,velocity_x,velocity_y,speed,angular_velocity,angle,sleeping,ground_contact,mass,inertia,com_offset_px,footprint_width_px,bottom_width_1px,bottom_width_2px,bottom_width_4px,bottom_width_8px,contact_width_px,contact_center_offset_px,contact_points,contact_parts,aspect_ratio,physics_parts,triangles,regions,raw_regions,contour_vertices
1,falling,0,1.0,,195.000,97.029,0.00000,0.55000,0.55000,0.000000,0.000000,0,0,4.34800,1775.255,7.415,3.000,3.000,11.000,12.000,12.000,0.000,0.000,0,0,1.0110,88,176,88,91,83
1,falling,1,6.0,,195.000,97.218,0.00000,0.63086,0.63086,0.000000,0.000000,0,0,4.34800,1775.255,7.415,3.000,3.000,11.000,12.000,12.000,0.000,0.000,0,0,1.0110,88,176,88,91,83
1,falling,2,15.0,,195.000,97.637,0.00000,0.77575,0.77575,0.000000,0.000000,0,0,4.34800,1775.255,7.415,3.000,3.000,11.000,12.000,12.000,0.000,0.000,0,0,1.0110,88,176,88,91,83
1,falling,3,31.0,,195.000,98.627,0.00000,1.03124,1.03124,0.000000,0.000000,0,0,4.34800,1775.255,7.415,3.000,3.000,11.000,12.000,12.000,0.000,0.000,0,0,1.0110,88,176,88,91,83
1,falling,4,48.0,,195.000,99.952,0.00000,1.29880,1.29880,0.000000,0.000000,0,0,4.34800,1775.255,7.415,3.000,3.000,11.000,12.000,12.000,0.000,0.000,0,0,1.0110,88,176,88,91,83
1,falling,5,65.0,,195.000,101.545,0.00000,1.56226,1.56226,0.000000,0.000000,0,0,4.34800,1775.255,7.415,3.000,3.000,11.000,12.000,12.000,0.000,0.000,0,0,1.0110,88,176,88,91,83
1,falling,6,81.0,,195.000,103.280,0.00000,1.80643,1.80643,0.000000,0.000000,0,0,4.34800,1775.255,7.415,3.000,3.000,11.000,12.000,12.000,0.000,0.000,0,0,1.0110,88,176,88,91,83
1,falling,7,98.0,,195.000,105.383,0.00000,2.06213,2.06213,0.000000,0.000000,0,0,4.34800,1775.255,7.415,3.000,3.000,11.000,12.000,12.000,0.000,0.000,0,0,1.0110,88,176,88,91,83
1,falling,8,115.0,,195.000,107.743,0.00000,2.31391,2.31391,0.000000,0.000000,0,0,4.34800,1775.255,7.415,3.000,3.000,11.000,12.000,12.000,0.000,0.000,0,0,1.0110,88,176,88,91,83
1,falling,9,132.0,,195.000,110.189,0.00000,2.54726,2.54726,0.000000,0.000000,0,0,4.34800,1775.255,7.415,3.000,3.000,11.000,12.000,12.000,0.000,0.000,0,0,1.0110,88,176,88,91,83
1,falling,10,148.0,,195.000,113.036,0.00000,2.79162,2.79162,0.000000,0.000000,0,0,4.34800,1775.255,7.415,3.000,3.000,11.000,12.000,12.000,0.000,0.000,0,0,1.0110,88,176,88,91,83
1,falling,11,165.0,,195.000,116.129,0.00000,3.03224,3.03224,0.000000,0.000000,0,0,4.34800,1775.255,7.415,3.000,3.000,11.000,12.000,12.000,0.000,0.000,0,0,1.0110,88,176,88,91,83
1,falling,12,181.0,,195.000,119.254,0.00000,3.25524,3.25524,0.000000,0.000000,0,0,4.34800,1775.255,7.415,3.000,3.000,11.000,12.000,12.000,0.000,0.000,0,0,1.0110,88,176,88,91,83
1,falling,13,198.0,,195.000,122.812,0.00000,3.48877,3.48877,0.000000,0.000000,0,0,4.34800,1775.255,7.415,3.000,3.000,11.000,12.000,12.000,0.000,0.000,0,0,1.0110,88,176,88,91,83
1,falling,14,215.0,,195.000,126.606,0.00000,3.71872,3.71872,0.000000,0.000000,0,0,4.34800,1775.255,7.415,3.000,3.000,11.000,12.000,12.000,0.000,0.000,0,0,1.0110,88,176,88,91,83
1,falling,15,231.0,,195.000,130.380,0.00000,3.93184,3.93184,0.000000,0.000000,0,0,4.34800,1775.255,7.415,3.000,3.000,11.000,12.000,12.000,0.000,0.000,0,0,1.0110,88,176,88,91,83
1,falling,16,248.0,,195.000,134.618,0.00000,4.15502,4.15502,0.000000,0.000000,0,0,4.34800,1775.255,7.415,3.000,3.000,11.000,12.000,12.000,0.000,0.000,0,0,1.0110,88,176,88,91,83
1,falling,17,265.0,,195.000,139.080,0.00000,4.37478,4.37478,0.000000,0.000000,0,0,4.34800,1775.255,7.415,3.000,3.000,11.000,12.000,12.000,0.000,0.000,0,0,1.0110,88,176,88,91,83
1,falling,18,281.0,,195.000,143.476,0.00000,4.57845,4.57845,0.000000,0.000000,0,0,4.34800,1775.255,7.415,3.000,3.000,11.000,12.000,12.000,0.000,0.000,0,0,1.0110,88,176,88,91,83
1,falling,19,298.0,,195.000,148.363,0.00000,4.79173,4.79173,0.000000,0.000000,0,0,4.34800,1775.255,7.415,3.000,3.000,11.000,12.000,12.000,0.000,0.000,0,0,1.0110,88,176,88,91,83
1,falling,20,315.0,,195.000,153.465,0.00000,5.00175,5.00175,0.000000,0.000000,0,0,4.34800,1775.255,7.415,3.000,3.000,11.000,12.000,12.000,0.000,0.000,0,0,1.0110,88,176,88,91,83
1,falling,21,331.0,,195.000,158.454,0.00000,5.19639,5.19639,0.000000,0.000000,0,0,4.34800,1775.255,7.415,3.000,3.000,11.000,12.000,12.000,0.000,0.000,0,0,1.0110,88,176,88,91,83
1,falling,22,348.0,,195.000,163.962,0.00000,5.40022,5.40022,0.000000,0.000000,0,0,4.34800,1775.255,7.415,3.000,3.000,11.000,12.000,12.000,0.000,0.000,0,0,1.0110,88,176,88,91,83
1,falling,23,365.0,,195.000,169.327,0.00000,5.58912,5.58912,0.000000,0.000000,0,0,4.34800,1775.255,7.415,3.000,3.000,11.000,12.000,12.000,0.000,0.000,0,0,1.0110,88,176,88,91,83
1,falling,24,381.0,,195.000,175.230,0.00000,5.78694,5.78694,0.000000,0.000000,0,0,4.34800,1775.255,7.415,3.000,3.000,11.000,12.000,12.000,0.000,0.000,0,0,1.0110,88,176,88,91,83
1,falling,25,398.0,,195.000,181.332,0.00000,5.98174,5.98174,0.000000,0.000000,0,0,4.34800,1775.255,7.415,3.000,3.000,11.000,12.000,12.000,0.000,0.000,0,0,1.0110,88,176,88,91,83
1,falling,26,415.0,,195.000,187.629,0.00000,6.17355,6.17355,0.000000,0.000000,0,0,4.34800,1775.255,7.415,3.000,3.000,11.000,12.000,12.000,0.000,0.000,0,0,1.0110,88,176,88,91,83
1,falling,27,432.0,,195.000,193.726,0.00000,6.35132,6.35132,0.000000,0.000000,0,0,4.34800,1775.255,7.415,3.000,3.000,11.000,12.000,12.000,0.000,0.000,0,0,1.0110,88,176,88,91,83
1,falling,28,448.0,,195.000,200.394,0.00000,6.53748,6.53748,0.000000,0.000000,0,0,4.34800,1775.255,7.415,3.000,3.000,11.000,12.000,12.000,0.000,0.000,0,0,1.0110,88,176,88,91,83
1,falling,29,465.0,,195.000,206.836,0.00000,6.71000,6.71000,0.000000,0.000000,0,0,4.34800,1775.255,7.415,3.000,3.000,11.000,12.000,12.000,0.000,0.000,0,0,1.0110,88,176,88,91,83
1,falling,30,482.0,,195.000,213.864,0.00000,6.89067,6.89067,0.000000,0.000000,0,0,4.34800,1775.255,7.415,3.000,3.000,11.000,12.000,12.000,0.000,0.000,0,0,1.0110,88,176,88,91,83
1,falling,31,498.0,,195.000,221.074,0.00000,7.06858,7.06858,0.000000,0.000000,0,0,4.34800,1775.255,7.415,3.000,3.000,11.000,12.000,12.000,0.000,0.000,0,0,1.0110,88,176,88,91,83
1,falling,32,515.0,,195.000,228.018,0.00000,7.23346,7.23346,0.000000,0.000000,0,0,4.34800,1775.255,7.415,3.000,3.000,11.000,12.000,12.000,0.000,0.000,0,0,1.0110,88,176,88,91,83
1,falling,33,532.0,,195.000,235.572,0.00000,7.40612,7.40612,0.000000,0.000000,0,0,4.34800,1775.255,7.415,3.000,3.000,11.000,12.000,12.000,0.000,0.000,0,0,1.0110,88,176,88,91,83
1,falling,34,548.0,,195.000,243.300,0.00000,7.57614,7.57614,0.000000,0.000000,0,0,4.34800,1775.255,7.415,3.000,3.000,11.000,12.000,12.000,0.000,0.000,0,0,1.0110,88,176,88,91,83
1,falling,35,565.0,,195.000,251.199,0.00000,7.74356,7.74356,0.000000,0.000000,0,0,4.34800,1775.255,7.415,3.000,3.000,11.000,12.000,12.000,0.000,0.000,0,0,1.0110,88,176,88,91,83
1,falling,36,582.0,,195.000,258.781,0.00000,7.89872,7.89872,0.000000,0.000000,0,0,4.34800,1775.255,7.415,3.000,3.000,11.000,12.000,12.000,0.000,0.000,0,0,1.0110,88,176,88,91,83
1,falling,37,598.0,,195.000,267.004,0.00000,8.06120,8.06120,0.000000,0.000000,0,0,4.34800,1775.255,7.415,3.000,3.000,11.000,12.000,12.000,0.000,0.000,0,0,1.0110,88,176,88,91,83
1,falling,38,615.0,,195.000,275.389,0.00000,8.22120,8.22120,0.000000,0.000000,0,0,4.34800,1775.255,7.415,3.000,3.000,11.000,12.000,12.000,0.000,0.000,0,0,1.0110,88,176,88,91,83
1,falling,39,632.0,,195.000,283.424,0.00000,8.36948,8.36948,0.000000,0.000000,0,0,4.34800,1775.255,7.415,3.000,3.000,11.000,12.000,12.000,0.000,0.000,0,0,1.0110,88,176,88,91,83
1,falling,40,648.0,,195.000,292.119,0.00000,8.52476,8.52476,0.000000,0.000000,0,0,4.34800,1775.255,7.415,3.000,3.000,11.000,12.000,12.000,0.000,0.000,0,0,1.0110,88,176,88,91,83
1,falling,41,665.0,,195.000,300.971,0.00000,8.67766,8.67766,0.000000,0.000000,0,0,4.34800,1775.255,7.415,3.000,3.000,11.000,12.000,12.000,0.000,0.000,0,0,1.0110,88,176,88,91,83
1,falling,42,682.0,,195.000,309.437,0.00000,8.81937,8.81937,0.000000,0.000000,0,0,4.34800,1775.255,7.415,3.000,3.000,11.000,12.000,12.000,0.000,0.000,0,0,1.0110,88,176,88,91,83
1,falling,43,698.0,,195.000,318.584,0.00000,8.96777,8.96777,0.000000,0.000000,0,0,4.34800,1775.255,7.415,3.000,3.000,11.000,12.000,12.000,0.000,0.000,0,0,1.0110,88,176,88,91,83
1,falling,44,715.0,,195.000,327.325,0.00000,9.10530,9.10530,0.000000,0.000000,0,0,4.34800,1775.255,7.415,3.000,3.000,11.000,12.000,12.000,0.000,0.000,0,0,1.0110,88,176,88,91,83
1,falling,45,732.0,,195.000,336.760,0.00000,9.24932,9.24932,0.000000,0.000000,0,0,4.34800,1775.255,7.415,3.000,3.000,11.000,12.000,12.000,0.000,0.000,0,0,1.0110,88,176,88,91,83
1,falling,46,748.0,,195.000,346.339,0.00000,9.39114,9.39114,0.000000,0.000000,0,0,4.34800,1775.255,7.415,3.000,3.000,11.000,12.000,12.000,0.000,0.000,0,0,1.0110,88,176,88,91,83
1,falling,47,765.0,,195.000,356.060,0.00000,9.53079,9.53079,0.000000,0.000000,0,0,4.34800,1775.255,7.415,3.000,3.000,11.000,12.000,12.000,0.000,0.000,0,0,1.0110,88,176,88,91,83
1,falling,48,782.0,,195.000,365.334,0.00000,9.66021,9.66021,0.000000,0.000000,0,0,4.34800,1775.255,7.415,3.000,3.000,11.000,12.000,12.000,0.000,0.000,0,0,1.0110,88,176,88,91,83
1,falling,49,798.0,,195.000,375.325,0.00000,9.79574,9.79574,0.000000,0.000000,0,0,4.34800,1775.255,7.415,3.000,3.000,11.000,12.000,12.000,0.000,0.000,0,0,1.0110,88,176,88,91,83
1,falling,50,815.0,,195.000,384.850,0.00000,9.92135,9.92135,0.000000,0.000000,0,0,4.34800,1775.255,7.415,3.000,3.000,11.000,12.000,12.000,0.000,0.000,0,0,1.0110,88,176,88,91,83
1,falling,51,832.0,,195.000,395.104,0.00000,10.05289,10.05289,0.000000,0.000000,0,0,4.34800,1775.255,7.415,3.000,3.000,11.000,12.000,12.000,0.000,0.000,0,0,1.0110,88,176,88,91,83
1,falling,52,848.0,,195.000,405.490,0.00000,10.18241,10.18241,0.000000,0.000000,0,0,4.34800,1775.255,7.415,3.000,3.000,11.000,12.000,12.000,0.000,0.000,0,0,1.0110,88,176,88,91,83
1,falling,53,865.0,,195.000,415.380,0.00000,10.30245,10.30245,0.000000,0.000000,0,0,4.34800,1775.255,7.415,3.000,3.000,11.000,12.000,12.000,0.000,0.000,0,0,1.0110,88,176,88,91,83
1,falling,54,882.0,,195.000,426.017,0.00000,10.42816,10.42816,0.000000,0.000000,0,0,4.34800,1775.255,7.415,3.000,3.000,11.000,12.000,12.000,0.000,0.000,0,0,1.0110,88,176,88,91,83
1,falling,55,898.0,,195.000,436.780,0.00000,10.55194,10.55194,0.000000,0.000000,0,0,4.34800,1775.255,7.415,3.000,3.000,11.000,12.000,12.000,0.000,0.000,0,0,1.0110,88,176,88,91,83
1,falling,56,915.0,,195.000,447.020,0.00000,10.66666,10.66666,0.000000,0.000000,0,0,4.34800,1775.255,7.415,3.000,3.000,11.000,12.000,12.000,0.000,0.000,0,0,1.0110,88,176,88,91,83
1,falling,57,932.0,,195.000,458.023,0.00000,10.78679,10.78679,0.000000,0.000000,0,0,4.34800,1775.255,7.415,3.000,3.000,11.000,12.000,12.000,0.000,0.000,0,0,1.0110,88,176,88,91,83
1,falling,58,949.0,,195.000,469.146,0.00000,10.90509,10.90509,0.000000,0.000000,0,0,4.34800,1775.255,7.415,3.000,3.000,11.000,12.000,12.000,0.000,0.000,0,0,1.0110,88,176,88,91,83
1,post_landing,59,967.0,59,195.000,475.119,-0.05296,-0.05862,0.07900,0.001492,0.000000,0,1,4.34800,1775.255,7.415,3.000,3.000,11.000,12.000,12.000,0.000,0.000,0,9,1.0110,88,176,88,91,83
1,post_landing,60,983.0,59,194.947,474.075,-1.38204,-0.28620,1.41136,0.070148,0.001498,0,1,4.34800,1775.255,7.415,3.000,2.001,8.001,12.003,12.009,0.000,0.000,0,5,1.0110,88,176,88,91,83
1,post_landing,61,999.0,59,193.559,473.286,-2.13160,-0.25582,2.14689,0.074289,0.071954,0,1,4.34800,1775.255,7.415,3.000,2.067,8.051,12.113,12.400,0.000,0.000,0,2,1.0110,88,176,88,91,83
1,post_landing,62,1015.0,59,191.542,473.204,-1.36135,-0.20090,1.37610,0.001685,0.142245,0,1,4.34800,1775.255,7.415,3.000,2.122,9.193,12.304,12.729,0.000,0.000,0,1,1.0110,88,176,88,91,83
1,post_landing,63,1032.0,59,190.174,473.223,-1.34180,-0.16234,1.35159,0.007802,0.143938,0,1,4.34800,1775.255,7.415,3.000,2.123,9.194,12.306,12.737,0.000,0.000,0,1,1.0110,88,176,88,91,83
1,post_landing,64,1049.0,59,188.827,473.282,-1.13448,-0.22722,1.15701,0.001800,0.151774,0,1,4.34800,1775.255,7.415,3.000,2.128,9.199,12.316,12.769,0.000,0.000,0,1,1.0110,88,176,88,91,83
1,post_landing,65,1065.0,59,187.753,473.290,-0.71836,0.03332,0.71913,-0.030910,0.153477,0,1,4.34800,1775.255,7.415,3.000,2.129,9.200,12.318,12.776,0.000,0.000,0,1,1.0110,88,176,88,91,83
1,post_landing,66,1082.0,59,187.032,473.074,-0.53652,0.08472,0.54317,-0.033431,0.122432,0,1,4.34800,1775.255,7.415,3.000,2.107,8.062,12.154,12.643,0.000,0.000,0,1,1.0110,88,176,88,91,83
1,post_landing,67,1098.0,59,186.493,472.893,-0.36821,0.07142,0.37507,-0.035349,0.088854,0,1,4.34800,1775.255,7.415,3.000,2.081,8.057,12.130,12.485,0.000,0.000,0,1,1.0110,88,176,88,91,83
1,post_landing,68,1115.0,59,186.145,472.765,-0.20470,0.01406,0.20519,-0.038155,0.055408,0,1,4.34800,1775.255,7.415,3.000,2.052,8.043,12.092,12.314,0.000,0.000,0,1,1.0110,88,176,88,91,83
1,post_landing,69,1132.0,59,185.939,472.689,-0.06107,0.00000,0.06107,-0.040750,0.017085,0,1,4.34800,1775.255,7.415,3.000,2.017,8.016,12.032,12.101,0.000,0.000,0,1,1.0110,88,176,88,91,83
1,post_landing,70,1148.0,59,185.878,472.660,-0.59713,0.00000,0.59713,0.021925,-0.023844,0,1,4.34800,1775.255,7.415,3.000,2.023,6.022,12.020,12.116,0.000,0.000,0,1,1.0110,88,176,88,91,83
1,post_landing,71,1165.0,59,185.313,472.671,-0.17278,0.01700,0.17362,-0.020062,-0.003100,0,1,4.34800,1775.255,7.415,3.000,2.003,6.003,12.003,12.015,0.000,0.000,0,1,1.0110,88,176,88,91,83
1,post_landing,72,1182.0,59,185.139,472.660,-0.57870,0.00000,0.57870,0.025801,-0.023250,0,1,4.34800,1775.255,7.415,3.000,2.023,6.022,12.020,12.113,0.000,0.000,0,1,1.0110,88,176,88,91,83
1,post_landing,73,1199.0,59,184.558,472.678,0.08068,0.00000,0.08068,-0.040079,0.002664,0,1,4.34800,1775.255,7.415,3.000,2.003,8.003,12.005,12.016,0.000,0.000,0,1,1.0110,88,176,88,91,83
1,post_landing,74,1215.0,59,184.634,472.660,-0.46884,0.02025,0.46927,0.022434,-0.035258,0,1,4.34800,1775.255,7.415,3.000,2.034,6.032,12.028,12.169,0.000,0.000,0,1,1.0110,88,176,88,91,83
1,post_landing,75,1232.0,59,184.163,472.664,-0.56944,0.00000,0.56944,0.030845,-0.012726,0,1,4.34800,1775.255,7.415,3.000,2.013,6.012,12.012,12.063,0.000,0.000,0,1,1.0110,88,176,88,91,83
1,post_landing,76,1248.0,59,183.591,472.690,0.00324,0.04151,0.04163,-0.027568,0.018254,0,1,4.34800,1775.255,7.415,3.000,2.018,8.017,12.035,12.108,0.000,0.000,0,1,1.0110,88,176,88,91,83
1,post_landing,77,1265.0,59,183.594,472.666,-0.38167,0.00000,0.38167,0.017094,-0.007830,0,1,4.34800,1775.255,7.415,3.000,2.008,6.008,12.007,12.039,0.000,0.000,0,1,1.0110,88,176,88,91,83
1,post_landing,78,1282.0,59,183.211,472.682,-0.00563,0.03995,0.04034,-0.020352,0.009339,0,1,4.34800,1775.255,7.415,3.000,2.009,8.009,12.018,12.056,0.000,0.000,0,1,1.0110,88,176,88,91,83
1,post_landing,79,1299.0,59,183.205,472.666,0.12221,0.00000,0.12221,-0.027869,-0.011103,0,1,4.34800,1775.255,7.415,3.000,2.011,6.011,12.010,12.055,0.000,0.000,0,1,1.0110,88,176,88,91,83
1,post_landing,80,1315.0,59,183.321,472.661,0.24861,0.00000,0.24861,-0.035080,-0.037471,0,1,4.34800,1775.255,7.415,3.000,2.036,6.033,12.029,12.179,0.000,0.000,0,1,1.0110,88,176,88,91,83
1,post_landing,81,1332.0,59,183.571,472.711,0.21823,-0.04667,0.22316,-0.027527,-0.072706,0,1,4.34800,1775.255,7.415,3.000,2.067,6.057,12.041,12.332,0.000,0.000,0,1,1.0110,88,176,88,91,83
1,post_landing,82,1348.0,59,183.790,472.791,-0.20287,0.12420,0.23786,0.017992,-0.100354,0,1,4.34800,1775.255,7.415,3.000,2.090,6.070,12.040,12.441,0.000,0.000,0,1,1.0110,88,176,88,91,83
1,post_landing,83,1365.0,59,183.598,472.736,-0.20728,0.10131,0.23072,0.014248,-0.083330,0,1,4.34800,1775.255,7.415,3.000,2.076,6.062,12.042,12.375,0.000,0.000,0,1,1.0110,88,176,88,91,83
1,post_landing,84,1382.0,59,183.390,472.703,-0.31216,0.07750,0.32163,0.021519,-0.069019,0,1,4.34800,1775.255,7.415,3.000,2.064,6.055,12.040,12.316,0.000,0.000,0,1,1.0110,88,176,88,91,83
1,post_landing,85,1398.0,59,183.076,472.670,-0.40923,0.03749,0.41094,0.027594,-0.047406,0,1,4.34800,1775.255,7.415,3.000,2.045,6.041,12.034,12.223,0.000,0.000,0,1,1.0110,88,176,88,91,83
1,post_landing,86,1415.0,59,182.689,472.659,-0.36659,0.00000,0.36659,0.019993,-0.021297,0,1,4.34800,1775.255,7.415,3.000,2.021,6.020,12.019,12.104,0.000,0.000,0,1,1.0110,88,176,88,91,83
1,post_landing,87,1432.0,59,182.321,472.675,-0.43534,-0.01406,0.43557,0.025358,-0.001217,0,1,4.34800,1775.255,7.415,3.000,2.001,6.001,12.001,12.006,0.000,0.000,0,1,1.0110,88,176,88,91,83
1,post_landing,88,1449.0,59,181.884,472.698,0.16904,0.03243,0.17213,-0.035737,0.024253,0,1,4.34800,1775.255,7.415,3.000,2.024,8.022,12.045,12.142,0.000,0.000,0,1,1.0110,88,176,88,91,83
1,post_landing,89,1465.0,59,182.044,472.665,-0.27689,0.00000,0.27689,0.015574,-0.009561,0,1,4.34800,1775.255,7.415,3.000,2.009,6.009,12.009,12.047,0.000,0.000,0,1,1.0110,88,176,88,91,83
1,post_landing,90,1482.0,59,181.765,472.680,0.16862,0.02544,0.17053,-0.029126,0.006081,0,1,4.34800,1775.255,7.415,3.000,2.006,8.006,12.012,12.036,0.000,0.000,0,1,1.0110,88,176,88,91,83
1,post_landing,91,1498.0,59,181.935,472.660,0.28742,0.00000,0.28742,-0.035277,-0.023173,0,1,4.34800,1775.255,7.415,3.000,2.023,6.022,12.020,12.113,0.000,0.000,0,1,1.0110,88,176,88,91,83
1,post_landing,92,1515.0,59,182.207,472.680,-0.28868,0.03807,0.29118,0.026767,-0.056551,0,1,4.34800,1775.255,7.415,3.000,2.053,6.047,12.037,12.263,0.000,0.000,0,1,1.0110,88,176,88,91,83
1,post_landing,93,1532.0,59,181.917,472.660,-0.36682,0.01466,0.36711,0.030116,-0.029666,0,1,4.34800,1775.255,7.415,3.000,2.029,6.027,12.024,12.143,0.000,0.000,0,1,1.0110,88,176,88,91,83
1,post_landing,94,1548.0,59,181.548,472.677,0.26885,0.01354,0.26919,-0.036121,0.000582,0,1,4.34800,1775.255,7.415,3.000,2.001,8.001,12.001,12.003,0.000,0.000,0,1,1.0110,88,176,88,91,83
1,post_landing,95,1565.0,59,181.803,472.659,-0.29277,0.01792,0.29332,0.025294,-0.033594,0,1,4.34800,1775.255,7.415,3.000,2.032,6.030,12.027,12.161,0.000,0.000,0,1,1.0110,88,176,88,91,83
1,post_landing,96,1582.0,59,181.509,472.668,-0.42280,0.00000,0.42280,0.034737,-0.008189,0,1,4.34800,1775.255,7.415,3.000,2.008,6.008,12.008,12.041,0.000,0.000,0,1,1.0110,88,176,88,91,83
1,post_landing,97,1598.0,59,181.084,472.702,0.13518,0.05831,0.14723,-0.024153,0.026701,0,1,4.34800,1775.255,7.415,3.000,2.026,8.024,12.049,12.156,0.000,0.000,0,1,1.0110,88,176,88,91,83
1,post_landing,98,1615.0,59,181.212,472.676,-0.25972,-0.01825,0.26036,0.020077,0.003848,0,1,4.34800,1775.255,7.415,3.000,2.004,8.004,12.008,12.023,0.000,0.000,0,1,1.0110,88,176,88,91,83
1,post_landing,99,1632.0,59,180.951,472.698,0.11858,0.06464,0.13505,-0.019106,0.024013,0,1,4.34800,1775.255,7.415,3.000,2.023,8.022,12.045,12.141,0.000,0.000,0,1,1.0110,88,176,88,91,83
1,post_landing,100,1648.0,59,181.070,472.679,0.21321,0.02906,0.21518,-0.024195,0.004823,0,1,4.34800,1775.255,7.415,3.000,2.005,8.005,12.010,12.029,0.000,0.000,0,1,1.0110,88,176,88,91,83
1,post_landing,101,1665.0,59,181.272,472.660,0.30745,0.00000,0.30745,-0.029380,-0.018070,0,1,4.34800,1775.255,7.415,3.000,2.018,6.017,12.016,12.088,0.000,0.000,0,1,1.0110,88,176,88,91,83
1,post_landing,102,1682.0,59,181.581,472.670,0.38803,-0.02022,0.38856,-0.033551,-0.047579,0,1,4.34800,1775.255,7.415,3.000,2.045,6.041,12.034,12.224,0.000,0.000,0,1,1.0110,88,176,88,91,83
1,post_landing,103,1698.0,59,181.970,472.732,-0.15607,0.08645,0.17841,0.023945,-0.081278,0,1,4.34800,1775.255,7.415,3.000,2.075,6.061,12.042,12.366,0.000,0.000,0,1,1.0110,88,176,88,91,83
1,post_landing,104,1715.0,59,181.823,472.683,0.24040,-0.03643,0.24314,-0.021031,-0.058621,0,1,4.34800,1775.255,7.415,3.000,2.055,6.048,12.038,12.272,0.000,0.000,0,1,1.0110,88,176,88,91,83
1,post_landing,105,1732.0,59,182.064,472.728,-0.14566,0.09876,0.17598,0.019328,-0.079744,0,1,4.34800,1775.255,7.415,3.000,2.073,6.061,12.042,12.360,0.000,0.000,0,1,1.0110,88,176,88,91,83
1,post_landing,106,1748.0,59,181.918,472.687,-0.21825,0.06447,0.22757,0.021917,-0.060331,0,1,4.34800,1775.255,7.415,3.000,2.057,6.049,12.038,12.280,0.000,0.000,0,1,1.0110,88,176,88,91,83
1,post_landing,107,1765.0,59,181.711,472.662,-0.29084,0.02438,0.29186,0.025005,-0.039594,0,1,4.34800,1775.255,7.415,3.000,2.038,6.035,12.030,12.189,0.000,0.000,0,1,1.0110,88,176,88,91,83
1,post_landing,108,1782.0,59,181.419,472.663,-0.35263,0.00000,0.35263,0.027536,-0.014480,0,1,4.34800,1775.255,7.415,3.000,2.014,6.014,12.013,12.071,0.000,0.000,0,1,1.0110,88,176,88,91,83
1,post_landing,109,1798.0,59,181.065,472.685,-0.40983,-0.02234,0.41044,0.030288,0.013177,0,1,4.34800,1775.255,7.415,3.000,2.013,8.012,12.025,12.078,0.000,0.000,0,1,1.0110,88,176,88,91,83
1,post_landing,110,1815.0,59,180.677,472.729,-0.35262,-0.04631,0.35565,0.022444,0.041835,0,1,4.34800,1775.255,7.415,3.000,2.040,8.035,12.073,12.240,0.000,0.000,0,1,1.0110,88,176,88,91,83
1,post_landing,111,1832.0,59,180.323,472.796,0.11295,0.10033,0.15108,-0.025022,0.064378,0,1,4.34800,1775.255,7.415,3.000,2.060,8.048,12.104,12.361,0.000,0.000,0,1,1.0110,88,176,88,91,83
1,post_landing,112,1848.0,59,180.437,472.725,0.20642,0.06476,0.21634,-0.027694,0.039247,0,1,4.34800,1775.255,7.415,3.000,2.038,8.033,12.069,12.226,0.000,0.000,0,1,1.0110,88,176,88,91,83
1,post_landing,113,1865.0,59,180.632,472.683,0.29947,0.02192,0.30027,-0.031080,0.013043,0,1,4.34800,1775.255,7.415,3.000,2.013,8.012,12.025,12.077,0.000,0.000,0,1,1.0110,88,176,88,91,83
1,post_landing,114,1882.0,59,180.933,472.662,0.37906,0.00000,0.37906,-0.033878,-0.018173,0,1,4.34800,1775.255,7.415,3.000,2.018,6.017,12.016,12.089,0.000,0.000,0,1,1.0110,88,176,88,91,83
1,post_landing,115,1898.0,59,181.313,472.676,-0.17884,0.04687,0.18488,0.025413,-0.052201,0,1,4.34800,1775.255,7.415,3.000,2.049,6.044,12.036,12.245,0.000,0.000,0,1,1.0110,88,176,88,91,83
1,post_landing,116,1915.0,59,181.144,472.658,0.21892,0.00000,0.21892,-0.018589,-0.028155,0,1,4.34800,1775.255,7.415,3.000,2.027,6.026,12.023,12.136,0.000,0.000,0,1,1.0110,88,176,88,91,83
1,post_landing,117,1932.0,59,181.364,472.670,-0.18325,0.04341,0.18832,0.023121,-0.046826,0,1,4.34800,1775.255,7.415,3.000,2.045,6.040,12.034,12.221,0.000,0.000,0,1,1.0110,88,176,88,91,83
1,post_landing,118,1948.0,59,181.180,472.660,-0.25086,0.00000,0.25086,0.025654,-0.023603,0,1,4.34800,1775.255,7.415,3.000,2.023,6.022,12.020,12.115,0.000,0.000,0,1,1.0110,88,176,88,91,83
2,falling,0,22.0,,195.000,97.029,0.00000,0.55000,0.55000,0.000000,0.000000,0,0,4.14400,971.803,3.723,6.000,6.000,6.000,7.000,10.000,0.000,0.000,0,0,1.3076,83,166,83,90,76
2,falling,1,24.0,,195.000,97.063,0.00000,0.56617,0.56617,0.000000,0.000000,0,0,4.14400,971.803,3.723,6.000,6.000,6.000,7.000,10.000,0.000,0.000,0,0,1.3076,83,166,83,90,76
2,falling,2,40.0,,195.000,97.855,0.00000,0.82469,0.82469,0.000000,0.000000,0,0,4.14400,971.803,3.723,6.000,6.000,6.000,7.000,10.000,0.000,0.000,0,0,1.3076,83,166,83,90,76
2,falling,3,56.0,,195.000,98.972,0.00000,1.09540,1.09540,0.000000,0.000000,0,0,4.14400,971.803,3.723,6.000,6.000,6.000,7.000,10.000,0.000,0.000,0,0,1.3076,83,166,83,90,76
2,falling,4,73.0,,195.000,100.361,0.00000,1.36197,1.36197,0.000000,0.000000,0,0,4.14400,971.803,3.723,6.000,6.000,6.000,7.000,10.000,0.000,0.000,0,0,1.3076,83,166,83,90,76
2,falling,5,90.0,,195.000,101.906,0.00000,1.60903,1.60903,0.000000,0.000000,0,0,4.14400,971.803,3.723,6.000,6.000,6.000,7.000,10.000,0.000,0.000,0,0,1.3076,83,166,83,90,76
2,falling,6,106.0,,195.000,103.811,0.00000,1.86774,1.86774,0.000000,0.000000,0,0,4.14400,971.803,3.723,6.000,6.000,6.000,7.000,10.000,0.000,0.000,0,0,1.3076,83,166,83,90,76
2,falling,7,123.0,,195.000,105.976,0.00000,2.12250,2.12250,0.000000,0.000000,0,0,4.14400,971.803,3.723,6.000,6.000,6.000,7.000,10.000,0.000,0.000,0,0,1.3076,83,166,83,90,76
2,falling,8,140.0,,195.000,108.240,0.00000,2.35860,2.35860,0.000000,0.000000,0,0,4.14400,971.803,3.723,6.000,6.000,6.000,7.000,10.000,0.000,0.000,0,0,1.3076,83,166,83,90,76
2,falling,9,156.0,,195.000,110.898,0.00000,2.60585,2.60585,0.000000,0.000000,0,0,4.14400,971.803,3.723,6.000,6.000,6.000,7.000,10.000,0.000,0.000,0,0,1.3076,83,166,83,90,76
2,falling,10,173.0,,195.000,113.804,0.00000,2.84931,2.84931,0.000000,0.000000,0,0,4.14400,971.803,3.723,6.000,6.000,6.000,7.000,10.000,0.000,0.000,0,0,1.3076,83,166,83,90,76
2,falling,11,190.0,,195.000,116.756,0.00000,3.07495,3.07495,0.000000,0.000000,0,0,4.14400,971.803,3.723,6.000,6.000,6.000,7.000,10.000,0.000,0.000,0,0,1.3076,83,166,83,90,76
2,falling,12,206.0,,195.000,120.134,0.00000,3.31124,3.31124,0.000000,0.000000,0,0,4.14400,971.803,3.723,6.000,6.000,6.000,7.000,10.000,0.000,0.000,0,0,1.3076,83,166,83,90,76
2,falling,13,223.0,,195.000,123.749,0.00000,3.54391,3.54391,0.000000,0.000000,0,0,4.14400,971.803,3.723,6.000,6.000,6.000,7.000,10.000,0.000,0.000,0,0,1.3076,83,166,83,90,76
2,falling,14,239.0,,195.000,127.358,0.00000,3.75954,3.75954,0.000000,0.000000,0,0,4.14400,971.803,3.723,6.000,6.000,6.000,7.000,10.000,0.000,0.000,0,0,1.3076,83,166,83,90,76
2,falling,15,256.0,,195.000,131.423,0.00000,3.98536,3.98536,0.000000,0.000000,0,0,4.14400,971.803,3.723,6.000,6.000,6.000,7.000,10.000,0.000,0.000,0,0,1.3076,83,166,83,90,76
2,falling,16,273.0,,195.000,135.715,0.00000,4.20771,4.20771,0.000000,0.000000,0,0,4.14400,971.803,3.723,6.000,6.000,6.000,7.000,10.000,0.000,0.000,0,0,1.3076,83,166,83,90,76
2,falling,17,290.0,,195.000,139.952,0.00000,4.41379,4.41379,0.000000,0.000000,0,0,4.14400,971.803,3.723,6.000,6.000,6.000,7.000,10.000,0.000,0.000,0,0,1.3076,83,166,83,90,76
2,falling,18,306.0,,195.000,144.674,0.00000,4.62959,4.62959,0.000000,0.000000,0,0,4.14400,971.803,3.723,6.000,6.000,6.000,7.000,10.000,0.000,0.000,0,0,1.3076,83,166,83,90,76
2,falling,19,323.0,,195.000,149.613,0.00000,4.84209,4.84209,0.000000,0.000000,0,0,4.14400,971.803,3.723,6.000,6.000,6.000,7.000,10.000,0.000,0.000,0,0,1.3076,83,166,83,90,76
2,falling,20,340.0,,195.000,154.451,0.00000,5.03903,5.03903,0.000000,0.000000,0,0,4.14400,971.803,3.723,6.000,6.000,6.000,7.000,10.000,0.000,0.000,0,0,1.3076,83,166,83,90,76
2,falling,21,357.0,,195.000,159.801,0.00000,5.24527,5.24527,0.000000,0.000000,0,0,4.14400,971.803,3.723,6.000,6.000,6.000,7.000,10.000,0.000,0.000,0,0,1.3076,83,166,83,90,76
2,falling,22,373.0,,195.000,165.358,0.00000,5.44835,5.44835,0.000000,0.000000,0,0,4.14400,971.803,3.723,6.000,6.000,6.000,7.000,10.000,0.000,0.000,0,0,1.3076,83,166,83,90,76
2,falling,23,390.0,,195.000,170.769,0.00000,5.63656,5.63656,0.000000,0.000000,0,0,4.14400,971.803,3.723,6.000,6.000,6.000,7.000,10.000,0.000,0.000,0,0,1.3076,83,166,83,90,76
2,falling,24,406.0,,195.000,176.719,0.00000,5.83365,5.83365,0.000000,0.000000,0,0,4.14400,971.803,3.723,6.000,6.000,6.000,7.000,10.000,0.000,0.000,0,0,1.3076,83,166,83,90,76
2,falling,25,423.0,,195.000,182.868,0.00000,6.02773,6.02773,0.000000,0.000000,0,0,4.14400,971.803,3.723,6.000,6.000,6.000,7.000,10.000,0.000,0.000,0,0,1.3076,83,166,83,90,76
2,falling,26,440.0,,195.000,188.827,0.00000,6.20760,6.20760,0.000000,0.000000,0,0,4.14400,971.803,3.723,6.000,6.000,6.000,7.000,10.000,0.000,0.000,0,0,1.3076,83,166,83,90,76
2,falling,27,456.0,,195.000,195.351,0.00000,6.39596,6.39596,0.000000,0.000000,0,0,4.14400,971.803,3.723,6.000,6.000,6.000,7.000,10.000,0.000,0.000,0,0,1.3076,83,166,83,90,76
2,falling,28,473.0,,195.000,202.064,0.00000,6.58143,6.58143,0.000000,0.000000,0,0,4.14400,971.803,3.723,6.000,6.000,6.000,7.000,10.000,0.000,0.000,0,0,1.3076,83,166,83,90,76
2,falling,29,490.0,,195.000,208.547,0.00000,6.75333,6.75333,0.000000,0.000000,0,0,4.14400,971.803,3.723,6.000,6.000,6.000,7.000,10.000,0.000,0.000,0,0,1.3076,83,166,83,90,76
2,falling,30,506.0,,195.000,215.619,0.00000,6.93333,6.93333,0.000000,0.000000,0,0,4.14400,971.803,3.723,6.000,6.000,6.000,7.000,10.000,0.000,0.000,0,0,1.3076,83,166,83,90,76
2,falling,31,523.0,,195.000,222.872,0.00000,7.11059,7.11059,0.000000,0.000000,0,0,4.14400,971.803,3.723,6.000,6.000,6.000,7.000,10.000,0.000,0.000,0,0,1.3076,83,166,83,90,76
2,falling,32,540.0,,195.000,229.856,0.00000,7.27486,7.27486,0.000000,0.000000,0,0,4.14400,971.803,3.723,6.000,6.000,6.000,7.000,10.000,0.000,0.000,0,0,1.3076,83,166,83,90,76
2,falling,33,557.0,,195.000,237.452,0.00000,7.44689,7.44689,0.000000,0.000000,0,0,4.14400,971.803,3.723,6.000,6.000,6.000,7.000,10.000,0.000,0.000,0,0,1.3076,83,166,83,90,76
2,falling,34,573.0,,195.000,245.220,0.00000,7.61628,7.61628,0.000000,0.000000,0,0,4.14400,971.803,3.723,6.000,6.000,6.000,7.000,10.000,0.000,0.000,0,0,1.3076,83,166,83,90,76
2,falling,35,590.0,,195.000,252.683,0.00000,7.77328,7.77328,0.000000,0.000000,0,0,4.14400,971.803,3.723,6.000,6.000,6.000,7.000,10.000,0.000,0.000,0,0,1.3076,83,166,83,90,76
2,falling,36,606.0,,195.000,260.779,0.00000,7.93768,7.93768,0.000000,0.000000,0,0,4.14400,971.803,3.723,6.000,6.000,6.000,7.000,10.000,0.000,0.000,0,0,1.3076,83,166,83,90,76
2,falling,37,623.0,,195.000,269.041,0.00000,8.09957,8.09957,0.000000,0.000000,0,0,4.14400,971.803,3.723,6.000,6.000,6.000,7.000,10.000,0.000,0.000,0,0,1.3076,83,166,83,90,76
2,falling,38,640.0,,195.000,276.960,0.00000,8.24960,8.24960,0.000000,0.000000,0,0,4.14400,971.803,3.723,6.000,6.000,6.000,7.000,10.000,0.000,0.000,0,0,1.3076,83,166,83,90,76
2,falling,39,656.0,,195.000,285.535,0.00000,8.40671,8.40671,0.000000,0.000000,0,0,4.14400,971.803,3.723,6.000,6.000,6.000,7.000,10.000,0.000,0.000,0,0,1.3076,83,166,83,90,76
2,falling,40,673.0,,195.000,294.268,0.00000,8.56142,8.56142,0.000000,0.000000,0,0,4.14400,971.803,3.723,6.000,6.000,6.000,7.000,10.000,0.000,0.000,0,0,1.3076,83,166,83,90,76
2,falling,41,690.0,,195.000,302.624,0.00000,8.70481,8.70481,0.000000,0.000000,0,0,4.14400,971.803,3.723,6.000,6.000,6.000,7.000,10.000,0.000,0.000,0,0,1.3076,83,166,83,90,76
2,falling,42,706.0,,195.000,311.656,0.00000,8.85496,8.85496,0.000000,0.000000,0,0,4.14400,971.803,3.723,6.000,6.000,6.000,7.000,10.000,0.000,0.000,0,0,1.3076,83,166,83,90,76
2,falling,43,723.0,,195.000,320.839,0.00000,9.00281,9.00281,0.000000,0.000000,0,0,4.14400,971.803,3.723,6.000,6.000,6.000,7.000,10.000,0.000,0.000,0,0,1.3076,83,166,83,90,76
2,falling,44,740.0,,195.000,329.613,0.00000,9.13983,9.13983,0.000000,0.000000,0,0,4.14400,971.803,3.723,6.000,6.000,6.000,7.000,10.000,0.000,0.000,0,0,1.3076,83,166,83,90,76
2,falling,45,756.0,,195.000,339.082,0.00000,9.28333,9.28333,0.000000,0.000000,0,0,4.14400,971.803,3.723,6.000,6.000,6.000,7.000,10.000,0.000,0.000,0,0,1.3076,83,166,83,90,76
2,falling,46,773.0,,195.000,348.696,0.00000,9.42463,9.42463,0.000000,0.000000,0,0,4.14400,971.803,3.723,6.000,6.000,6.000,7.000,10.000,0.000,0.000,0,0,1.3076,83,166,83,90,76
2,falling,47,790.0,,195.000,357.869,0.00000,9.55558,9.55558,0.000000,0.000000,0,0,4.14400,971.803,3.723,6.000,6.000,6.000,7.000,10.000,0.000,0.000,0,0,1.3076,83,166,83,90,76
2,falling,48,806.0,,195.000,367.756,0.00000,9.69271,9.69271,0.000000,0.000000,0,0,4.14400,971.803,3.723,6.000,6.000,6.000,7.000,10.000,0.000,0.000,0,0,1.3076,83,166,83,90,76
2,falling,49,823.0,,195.000,377.780,0.00000,9.82775,9.82775,0.000000,0.000000,0,0,4.14400,971.803,3.723,6.000,6.000,6.000,7.000,10.000,0.000,0.000,0,0,1.3076,83,166,83,90,76
2,falling,50,840.0,,195.000,387.335,0.00000,9.95289,9.95289,0.000000,0.000000,0,0,4.14400,971.803,3.723,6.000,6.000,6.000,7.000,10.000,0.000,0.000,0,0,1.3076,83,166,83,90,76
2,falling,51,856.0,,195.000,397.620,0.00000,10.08395,10.08395,0.000000,0.000000,0,0,4.14400,971.803,3.723,6.000,6.000,6.000,7.000,10.000,0.000,0.000,0,0,1.3076,83,166,83,90,76
2,falling,52,873.0,,195.000,407.417,0.00000,10.20541,10.20541,0.000000,0.000000,0,0,4.14400,971.803,3.723,6.000,6.000,6.000,7.000,10.000,0.000,0.000,0,0,1.3076,83,166,83,90,76
2,falling,53,890.0,,195.000,417.957,0.00000,10.33260,10.33260,0.000000,0.000000,0,0,4.14400,971.803,3.723,6.000,6.000,6.000,7.000,10.000,0.000,0.000,0,0,1.3076,83,166,83,90,76
2,falling,54,906.0,,195.000,428.624,0.00000,10.45784,10.45784,0.000000,0.000000,0,0,4.14400,971.803,3.723,6.000,6.000,6.000,7.000,10.000,0.000,0.000,0,0,1.3076,83,166,83,90,76
2,falling,55,923.0,,195.000,438.775,0.00000,10.57391,10.57391,0.000000,0.000000,0,0,4.14400,971.803,3.723,6.000,6.000,6.000,7.000,10.000,0.000,0.000,0,0,1.3076,83,166,83,90,76
2,falling,56,940.0,,195.000,449.684,0.00000,10.69547,10.69547,0.000000,0.000000,0,0,4.14400,971.803,3.723,6.000,6.000,6.000,7.000,10.000,0.000,0.000,0,0,1.3076,83,166,83,90,76
2,falling,57,956.0,,195.000,460.715,0.00000,10.81516,10.81516,0.000000,0.000000,0,0,4.14400,971.803,3.723,6.000,6.000,6.000,7.000,10.000,0.000,0.000,0,0,1.3076,83,166,83,90,76
2,falling,58,973.0,,195.000,471.867,0.00000,10.93302,10.93302,0.000000,0.000000,0,0,4.14400,971.803,3.723,6.000,6.000,6.000,7.000,10.000,0.000,0.000,0,0,1.3076,83,166,83,90,76
2,post_landing,59,990.0,59,195.000,478.937,-0.91688,-0.23641,0.94687,0.118445,0.000000,0,1,4.14400,971.803,3.723,6.000,6.000,6.000,7.000,10.000,0.000,0.000,0,4,1.3076,83,166,83,90,76
2,post_landing,60,1007.0,59,194.079,477.083,-0.02517,-0.16496,0.16687,-0.009171,0.118966,0,1,4.14400,971.803,3.723,6.000,5.083,5.958,6.314,8.580,0.000,0.000,0,2,1.3076,83,166,83,90,76
2,post_landing,61,1023.0,59,194.054,476.662,-0.35088,-0.09339,0.36310,0.026985,0.109754,0,1,4.14400,971.803,3.723,6.000,5.079,5.964,6.293,8.617,0.000,0.000,0,1,1.3076,83,166,83,90,76
2,post_landing,62,1040.0,59,193.722,476.792,-0.34188,-0.13658,0.36815,0.016840,0.135287,0,1,4.14400,971.803,3.723,6.000,5.089,5.945,6.350,8.513,0.000,0.000,0,1,1.3076,83,166,83,90,76
2,post_landing,63,1056.0,59,193.378,476.896,-0.44247,-0.13734,0.46329,0.022108,0.152202,0,1,4.14400,971.803,3.723,6.000,5.094,5.931,6.385,8.441,0.000,0.000,0,1,1.3076,83,166,83,90,76
2,post_landing,64,1073.0,59,192.934,477.045,-0.06709,0.05628,0.08757,-0.019570,0.174407,0,1,4.14400,971.803,3.723,6.000,5.098,5.909,6.430,7.705,0.000,0.000,0,1,1.3076,83,166,83,90,76
2,post_landing,65,1090.0,59,192.871,476.914,-0.29305,-0.12357,0.31804,0.035706,0.155890,0,1,4.14400,971.803,3.723,6.000,5.095,5.927,6.393,7.748,0.000,0.000,0,1,1.3076,83,166,83,90,76
2,post_landing,66,1106.0,59,192.576,477.079,-0.28857,0.16166,0.33076,0.035160,0.191754,0,0,4.14400,971.803,3.723,6.000,5.099,5.890,6.462,7.663,0.000,0.000,0,0,1.3076,83,166,83,90,76
2,post_landing,67,1123.0,59,192.303,477.472,-0.24271,-0.07809,0.25496,0.022231,0.225021,0,1,4.14400,971.803,3.723,6.000,5.097,5.849,6.518,7.575,0.000,0.000,0,1,1.3076,83,166,83,90,76
2,post_landing,68,1140.0,59,192.059,477.696,1.11262,0.07845,1.11538,-0.101266,0.247350,0,1,4.14400,971.803,3.723,6.000,5.093,5.817,6.552,7.521,0.000,0.000,0,1,1.3076,83,166,83,90,76
2,post_landing,69,1156.0,59,193.177,477.201,0.60863,-1.16227,1.31198,0.025538,0.145639,0,1,4.14400,971.803,3.723,6.000,5.092,5.936,6.372,8.469,0.000,0.000,0,2,1.3076,83,166,83,90,76
2,post_landing,70,1173.0,59,193.753,476.358,0.59987,-0.87886,1.06407,0.025171,0.169803,0,0,4.14400,971.803,3.723,6.000,5.097,5.914,6.421,7.716,0.000,0.000,0,0,1.3076,83,166,83,90,76
2,post_landing,71,1190.0,59,194.355,475.764,0.59069,-0.58208,0.82930,0.024785,0.195084,0,0,4.14400,971.803,3.723,6.000,5.099,5.886,6.468,7.654,0.000,0.000,0,0,1.3076,83,166,83,90,76
2,post_landing,72,1206.0,59,194.949,475.468,0.58165,-0.28984,0.64987,0.024406,0.219978,0,0,4.14400,971.803,3.723,6.000,5.098,5.855,6.510,7.589,0.000,0.000,0,0,1.3076,83,166,83,90,76
2,post_landing,73,1223.0,59,195.533,475.466,0.57276,-0.00208,0.57276,0.024033,0.244492,0,0,4.14400,971.803,3.723,6.000,5.093,5.822,6.548,7.520,0.000,0.000,0,0,1.3076,83,166,83,90,76
2,post_landing,74,1240.0,59,196.075,475.720,0.56451,0.26462,0.62345,0.023687,0.267231,0,0,4.14400,971.803,3.723,6.000,5.087,5.087,6.579,7.544,0.000,0.000,0,0,1.3076,83,166,83,90,76
2,post_landing,75,1256.0,59,196.642,476.275,0.55587,0.54390,0.77770,0.023324,0.291022,0,0,4.14400,971.803,3.723,6.000,5.077,5.077,6.609,7.566,0.000,0.000,0,0,1.3076,83,166,83,90,76
2,post_landing,76,1273.0,59,197.200,477.110,0.54737,0.81892,0.98500,0.022967,0.314449,0,0,4.14400,971.803,3.723,6.000,5.064,5.064,6.634,8.845,0.000,0.000,0,0,1.3076,83,166,83,90,76
2,post_landing,77,1290.0,59,197.718,478.141,0.53948,1.07379,1.20169,0.022637,0.336180,0,0,4.14400,971.803,3.723,6.000,5.050,5.050,6.654,20.575,0.000,0.000,0,0,1.3076,83,166,83,90,76
2,post_landing,78,1306.0,59,198.260,479.273,1.67941,-0.59660,1.78223,-0.028637,0.358916,0,1,4.14400,971.803,3.723,6.000,2.224,5.033,6.671,20.599,0.000,0.000,0,2,1.3076,83,166,83,90,76
2,post_landing,79,1323.0,59,199.947,478.733,1.42385,-0.16728,1.43364,-0.001306,0.330153,0,1,4.14400,971.803,3.723,6.000,5.054,5.054,6.649,8.865,0.000,0.000,0,1,1.3076,83,166,83,90,76
2,post_landing,80,1340.0,59,201.294,478.693,1.89161,0.03868,1.89201,-0.046734,0.328917,0,1,4.14400,971.803,3.723,6.000,5.055,5.055,6.647,8.863,0.000,0.000,0,1,1.3076,83,166,83,90,76
2,post_landing,81,1357.0,59,203.194,478.289,2.39141,-1.16125,2.65845,-0.010874,0.281978,0,1,4.14400,971.803,3.723,6.000,5.081,5.081,6.598,7.558,0.000,0.000,0,2,1.3076,83,166,83,90,76
2,post_landing,82,1373.0,59,205.596,477.412,2.35482,-0.86015,2.50700,-0.010708,0.271056,0,0,4.14400,971.803,3.723,6.000,5.085,5.085,6.584,7.548,0.000,0.000,0,0,1.3076,83,166,83,90,76
2,post_landing,83,1390.0,59,207.824,476.854,2.32091,-0.58110,2.39255,-0.010554,0.260925,0,0,4.14400,971.803,3.723,6.000,5.089,5.797,6.571,7.537,0.000,0.000,0,0,1.3076,83,166,83,90,76
2,post_landing,84,1406.0,59,210.155,476.559,2.28540,-0.28887,2.30358,-0.010392,0.250325,0,0,4.14400,971.803,3.723,6.000,5.092,5.813,6.556,7.525,0.000,0.000,0,0,1.3076,83,166,83,90,76
2,post_landing,85,1423.0,59,212.450,476.558,2.25043,-0.00112,2.25043,-0.010233,0.239887,0,0,4.14400,971.803,3.723,6.000,5.094,5.828,6.541,7.533,0.000,0.000,0,0,1.3076,83,166,83,90,76
2,post_landing,86,1440.0,59,214.580,476.813,2.21803,0.26556,2.23387,-0.010086,0.230205,0,0,4.14400,971.803,3.723,6.000,5.096,5.842,6.526,7.561,0.000,0.000,0,0,1.3076,83,166,83,90,76
2,post_landing,87,1456.0,59,216.807,477.369,2.18409,0.54483,2.25102,-0.009931,0.220074,0,0,4.14400,971.803,3.723,6.000,5.098,5.855,6.510,7.589,0.000,0.000,0,0,1.3076,83,166,83,90,76
2,post_landing,88,1473.0,59,219.001,477.615,2.72958,0.03390,2.72979,-0.055274,0.210099,0,1,4.14400,971.803,3.723,6.000,5.099,5.868,6.494,7.616,0.000,0.000,0,2,1.3076,83,166,83,90,76
2,post_landing,89,1490.0,59,221.584,477.264,2.64447,0.05717,2.64509,-0.032891,0.157800,0,1,4.14400,971.803,3.723,6.000,5.095,5.925,6.397,7.743,0.000,0.000,0,2,1.3076,83,166,83,90,76
2,post_landing,90,1506.0,59,224.240,477.106,1.83188,0.02160,1.83201,0.041564,0.124765,0,1,4.14400,971.803,3.723,6.000,5.086,5.953,6.327,8.557,0.000,0.000,0,2,1.3076,83,166,83,90,76
2,post_landing,91,1523.0,59,226.080,477.018,1.98230,0.11575,1.98568,-0.006877,0.166512,0,1,4.14400,971.803,3.723,6.000,5.097,5.917,6.414,7.724,0.000,0.000,0,1,1.3076,83,166,83,90,76
2,post_landing,92,1540.0,59,227.955,476.942,1.84585,0.11799,1.84962,-0.003142,0.160005,0,1,4.14400,971.803,3.723,6.000,5.095,5.923,6.401,7.738,0.000,0.000,0,1,1.3076,83,166,83,90,76
2,post_landing,93,1557.0,59,229.809,476.923,1.22847,0.05351,1.22964,0.042527,0.156849,0,1,4.14400,971.803,3.723,6.000,5.095,5.926,6.395,7.746,0.000,0.000,0,1,1.3076,83,166,83,90,76
2,post_landing,94,1573.0,59,231.043,477.245,1.05352,-0.04052,1.05430,0.057127,0.199563,0,1,4.14400,971.803,3.723,6.000,5.099,5.881,6.476,7.643,0.000,0.000,0,1,1.3076,83,166,83,90,76
2,post_landing,95,1590.0,59,232.040,477.463,1.03835,0.22673,1.06282,0.056304,0.253615,0,0,4.14400,971.803,3.723,6.000,5.091,5.808,6.561,7.529,0.000,0.000,0,0,1.3076,83,166,83,90,76
2,post_landing,96,1606.0,59,233.083,477.979,1.02247,0.50659,1.14109,0.055443,0.310166,0,0,4.14400,971.803,3.723,6.000,5.067,5.067,6.629,8.839,0.000,0.000,0,0,1.3076,83,166,83,90,76
2,post_landing,97,1623.0,59,234.110,478.777,1.00682,0.78218,1.27495,0.054594,0.365853,0,0,4.14400,971.803,3.723,6.000,2.225,5.027,6.676,20.605,0.000,0.000,0,0,1.3076,83,166,83,90,76
2,post_landing,98,1640.0,59,235.062,479.773,0.99232,1.03758,1.43572,0.053808,0.417508,0,0,4.14400,971.803,3.723,6.000,2.234,4.976,6.701,21.017,0.000,0.000,0,0,1.3076,83,166,83,90,76
2,post_landing,99,1656.0,59,236.059,481.113,1.48368,0.00000,1.48368,0.020751,0.471553,0,1,4.14400,971.803,3.723,6.000,2.236,4.909,6.708,21.504,0.000,0.000,0,2,1.3076,83,166,83,90,76
2,post_landing,100,1673.0,59,237.549,481.409,1.46098,0.28333,1.48820,0.020434,0.492396,0,0,4.14400,971.803,3.723,6.000,2.235,4.879,6.705,21.599,0.000,0.000,0,0,1.3076,83,166,83,90,76
2,post_landing,101,1690.0,59,238.932,481.901,1.46366,0.10541,1.46745,0.009549,0.511730,0,1,4.14400,971.803,3.723,6.000,2.233,4.849,6.700,21.678,0.000,0.000,0,2,1.3076,83,166,83,90,76
2,post_landing,102,1706.0,59,240.402,482.111,1.18074,0.12304,1.18714,0.019335,0.521320,0,1,4.14400,971.803,3.723,6.000,2.232,4.834,6.697,21.714,0.000,0.000,0,2,1.3076,83,166,83,90,76
2,post_landing,103,1723.0,59,241.588,482.429,1.09656,0.15371,1.10728,0.007728,0.540740,0,1,4.14400,971.803,3.723,6.000,2.229,4.801,6.688,21.781,0.000,0.000,0,1,1.3076,83,166,83,90,76
2,post_landing,104,1740.0,59,242.625,482.676,0.93054,0.08886,0.93477,0.016309,0.548053,0,1,4.14400,971.803,3.723,6.000,2.228,4.789,6.684,21.805,0.000,0.000,0,2,1.3076,83,166,83,90,76
2,post_landing,105,1756.0,59,243.560,482.925,0.84775,0.05619,0.84960,0.016236,0.564433,0,1,4.14400,971.803,3.723,6.000,2.225,4.759,6.674,24.302,0.000,0.000,0,1,1.3076,83,166,83,90,76
2,post_landing,106,1773.0,59,244.411,483.268,0.72954,0.12523,0.74022,0.011041,0.580741,0,1,4.14400,971.803,3.723,6.000,2.221,4.729,20.797,25.761,0.000,0.000,0,1,1.3076,83,166,83,90,76
2,post_landing,107,1790.0,59,245.102,483.507,0.68067,0.11806,0.69083,0.025569,0.591188,0,1,4.14400,971.803,3.723,6.000,2.218,4.709,20.803,27.195,0.000,0.000,0,1,1.3076,83,166,83,90,76
2,post_landing,108,1806.0,59,245.785,483.915,0.67026,0.39959,0.78033,0.025177,0.616869,0,0,4.14400,971.803,3.723,6.000,2.210,2.210,20.809,27.305,0.000,0.000,0,0,1.3076,83,166,83,90,76
2,post_landing,109,1823.0,59,246.458,484.605,0.66000,0.67681,0.94534,0.024792,0.642157,0,0,4.14400,971.803,3.723,6.000,2.201,2.201,21.400,29.394,0.000,0.000,0,0,1.3076,83,166,83,90,76
2,post_landing,110,1840.0,59,247.083,485.277,0.80133,0.18714,0.82289,0.017105,0.665615,0,1,4.14400,971.803,3.723,6.000,2.191,2.191,21.399,29.486,0.000,0.000,0,1,1.3076,83,166,83,90,76
2,post_landing,111,1857.0,59,247.888,485.701,0.69455,0.13546,0.70763,0.015357,0.682795,0,1,4.14400,971.803,3.723,6.000,2.183,2.183,22.022,32.987,0.000,0.000,0,1,1.3076,83,166,83,90,76
2,post_landing,112,1873.0,59,248.585,486.099,0.58684,0.12380,0.59976,0.014349,0.698220,0,1,4.14400,971.803,3.723,6.000,2.175,2.175,22.022,33.046,0.000,0.000,0,1,1.3076,83,166,83,90,76
2,post_landing,113,1891.0,59,249.141,486.455,0.50316,0.11599,0.51635,0.012597,0.711797,0,1,4.14400,971.803,3.723,6.000,2.168,18.335,22.017,33.092,0.000,0.000,0,1,1.3076,83,166,83,90,76
2,post_landing,114,1907.0,59,249.646,486.801,0.43647,0.10633,0.44924,0.012833,0.724449,0,1,4.14400,971.803,3.723,6.000,2.160,18.351,22.009,33.129,0.000,0.000,0,1,1.3076,83,166,83,90,76
2,post_landing,115,1923.0,59,250.084,487.152,0.39107,0.10049,0.40377,0.012239,0.737338,0,1,4.14400,971.803,3.723,6.000,2.153,18.364,21.929,33.162,0.000,0.000,0,1,1.3076,83,166,83,90,76
2,post_landing,116,1940.0,59,250.454,487.470,0.35346,0.20238,0.40730,0.020331,0.748918,0,1,4.14400,971.803,3.723,6.000,2.146,18.373,21.932,33.186,0.000,0.000,0,1,1.3076,83,166,83,90,76
2,post_landing,117,1956.0,59,250.809,487.962,0.34805,0.48262,0.59503,0.020020,0.769339,0,0,4.14400,971.803,3.723,6.000,18.382,19.078,27.562,33.218,0.000,0.000,0,0,1.3076,83,166,83,90,76
2,post_landing,118,1973.0,59,251.159,488.636,0.42113,0.19844,0.46554,0.014556,0.789447,0,1,4.14400,971.803,3.723,6.000,18.385,19.095,27.580,33.242,0.000,0.000,0,1,1.3076,83,166,83,90,76
3,falling,0,19.0,,195.000,97.029,0.00000,0.55000,0.55000,0.000000,0.000000,0,0,6.21800,2680.781,8.535,8.000,8.000,60.000,61.000,61.000,0.000,0.000,0,0,1.1111,89,178,89,93,68
3,falling,1,22.0,,195.000,97.137,0.00000,0.59851,0.59851,0.000000,0.000000,0,0,6.21800,2680.781,8.535,8.000,8.000,60.000,61.000,61.000,0.000,0.000,0,0,1.1111,89,178,89,93,68
3,falling,2,39.0,,195.000,98.027,0.00000,0.87269,0.87269,0.000000,0.000000,0,0,6.21800,2680.781,8.535,8.000,8.000,60.000,61.000,61.000,0.000,0.000,0,0,1.1111,89,178,89,93,68
3,falling,3,56.0,,195.000,99.192,0.00000,1.14267,1.14267,0.000000,0.000000,0,0,6.21800,2680.781,8.535,8.000,8.000,60.000,61.000,61.000,0.000,0.000,0,0,1.1111,89,178,89,93,68
3,falling,4,72.0,,195.000,100.530,0.00000,1.39288,1.39288,0.000000,0.000000,0,0,6.21800,2680.781,8.535,8.000,8.000,60.000,61.000,61.000,0.000,0.000,0,0,1.1111,89,178,89,93,68
3,falling,5,89.0,,195.000,102.218,0.00000,1.65491,1.65491,0.000000,0.000000,0,0,6.21800,2680.781,8.535,8.000,8.000,60.000,61.000,61.000,0.000,0.000,0,0,1.1111,89,178,89,93,68
3,falling,6,106.0,,195.000,104.169,0.00000,1.91292,1.91292,0.000000,0.000000,0,0,6.21800,2680.781,8.535,8.000,8.000,60.000,61.000,61.000,0.000,0.000,0,0,1.1111,89,178,89,93,68
3,falling,7,122.0,,195.000,106.235,0.00000,2.15204,2.15204,0.000000,0.000000,0,0,6.21800,2680.781,8.535,8.000,8.000,60.000,61.000,61.000,0.000,0.000,0,0,1.1111,89,178,89,93,68
3,falling,8,139.0,,195.000,108.685,0.00000,2.40245,2.40245,0.000000,0.000000,0,0,6.21800,2680.781,8.535,8.000,8.000,60.000,61.000,61.000,0.000,0.000,0,0,1.1111,89,178,89,93,68
3,falling,9,156.0,,195.000,111.387,0.00000,2.64902,2.64902,0.000000,0.000000,0,0,6.21800,2680.781,8.535,8.000,8.000,60.000,61.000,61.000,0.000,0.000,0,0,1.1111,89,178,89,93,68
3,falling,10,172.0,,195.000,114.150,0.00000,2.87754,2.87754,0.000000,0.000000,0,0,6.21800,2680.781,8.535,8.000,8.000,60.000,61.000,61.000,0.000,0.000,0,0,1.1111,89,178,89,93,68
3,falling,11,189.0,,195.000,117.329,0.00000,3.11685,3.11685,0.000000,0.000000,0,0,6.21800,2680.781,8.535,8.000,8.000,60.000,61.000,61.000,0.000,0.000,0,0,1.1111,89,178,89,93,68
3,falling,12,206.0,,195.000,120.748,0.00000,3.35250,3.35250,0.000000,0.000000,0,0,6.21800,2680.781,8.535,8.000,8.000,60.000,61.000,61.000,0.000,0.000,0,0,1.1111,89,178,89,93,68
3,falling,13,222.0,,195.000,124.176,0.00000,3.57089,3.57089,0.000000,0.000000,0,0,6.21800,2680.781,8.535,8.000,8.000,60.000,61.000,61.000,0.000,0.000,0,0,1.1111,89,178,89,93,68
3,falling,14,239.0,,195.000,128.052,0.00000,3.79959,3.79959,0.000000,0.000000,0,0,6.21800,2680.781,8.535,8.000,8.000,60.000,61.000,61.000,0.000,0.000,0,0,1.1111,89,178,89,93,68
3,falling,15,256.0,,195.000,132.157,0.00000,4.02479,4.02479,0.000000,0.000000,0,0,6.21800,2680.781,8.535,8.000,8.000,60.000,61.000,61.000,0.000,0.000,0,0,1.1111,89,178,89,93,68
3,falling,16,273.0,,195.000,136.221,0.00000,4.23350,4.23350,0.000000,0.000000,0,0,6.21800,2680.781,8.535,8.000,8.000,60.000,61.000,61.000,0.000,0.000,0,0,1.1111,89,178,89,93,68
3,falling,17,289.0,,195.000,140.763,0.00000,4.45206,4.45206,0.000000,0.000000,0,0,6.21800,2680.781,8.535,8.000,8.000,60.000,61.000,61.000,0.000,0.000,0,0,1.1111,89,178,89,93,68
3,falling,18,306.0,,195.000,145.523,0.00000,4.66727,4.66727,0.000000,0.000000,0,0,6.21800,2680.781,8.535,8.000,8.000,60.000,61.000,61.000,0.000,0.000,0,0,1.1111,89,178,89,93,68
3,falling,19,323.0,,195.000,150.195,0.00000,4.86673,4.86673,0.000000,0.000000,0,0,6.21800,2680.781,8.535,8.000,8.000,60.000,61.000,61.000,0.000,0.000,0,0,1.1111,89,178,89,93,68
3,falling,20,339.0,,195.000,155.372,0.00000,5.07560,5.07560,0.000000,0.000000,0,0,6.21800,2680.781,8.535,8.000,8.000,60.000,61.000,61.000,0.000,0.000,0,0,1.1111,89,178,89,93,68
3,falling,21,356.0,,195.000,160.759,0.00000,5.28128,5.28128,0.000000,0.000000,0,0,6.21800,2680.781,8.535,8.000,8.000,60.000,61.000,61.000,0.000,0.000,0,0,1.1111,89,178,89,93,68
3,falling,22,373.0,,195.000,166.012,0.00000,5.47190,5.47190,0.000000,0.000000,0,0,6.21800,2680.781,8.535,8.000,8.000,60.000,61.000,61.000,0.000,0.000,0,0,1.1111,89,178,89,93,68
3,falling,23,389.0,,195.000,171.797,0.00000,5.67151,5.67151,0.000000,0.000000,0,0,6.21800,2680.781,8.535,8.000,8.000,60.000,61.000,61.000,0.000,0.000,0,0,1.1111,89,178,89,93,68
3,falling,24,406.0,,195.000,177.783,0.00000,5.86807,5.86807,0.000000,0.000000,0,0,6.21800,2680.781,8.535,8.000,8.000,60.000,61.000,61.000,0.000,0.000,0,0,1.1111,89,178,89,93,68
3,falling,25,423.0,,195.000,183.591,0.00000,6.05024,6.05024,0.000000,0.000000,0,0,6.21800,2680.781,8.535,8.000,8.000,60.000,61.000,61.000,0.000,0.000,0,0,1.1111,89,178,89,93,68
3,falling,26,439.0,,195.000,189.957,0.00000,6.24100,6.24100,0.000000,0.000000,0,0,6.21800,2680.781,8.535,8.000,8.000,60.000,61.000,61.000,0.000,0.000,0,0,1.1111,89,178,89,93,68
3,falling,27,456.0,,195.000,196.514,0.00000,6.42885,6.42885,0.000000,0.000000,0,0,6.21800,2680.781,8.535,8.000,8.000,60.000,61.000,61.000,0.000,0.000,0,0,1.1111,89,178,89,93,68
3,falling,28,473.0,,195.000,202.853,0.00000,6.60294,6.60294,0.000000,0.000000,0,0,6.21800,2680.781,8.535,8.000,8.000,60.000,61.000,61.000,0.000,0.000,0,0,1.1111,89,178,89,93,68
3,falling,29,489.0,,195.000,209.774,0.00000,6.78525,6.78525,0.000000,0.000000,0,0,6.21800,2680.781,8.535,8.000,8.000,60.000,61.000,61.000,0.000,0.000,0,0,1.1111,89,178,89,93,68
3,falling,30,506.0,,195.000,216.878,0.00000,6.96476,6.96476,0.000000,0.000000,0,0,6.21800,2680.781,8.535,8.000,8.000,60.000,61.000,61.000,0.000,0.000,0,0,1.1111,89,178,89,93,68
3,falling,31,523.0,,195.000,223.724,0.00000,7.13114,7.13114,0.000000,0.000000,0,0,6.21800,2680.781,8.535,8.000,8.000,60.000,61.000,61.000,0.000,0.000,0,0,1.1111,89,178,89,93,68
3,falling,32,539.0,,195.000,231.175,0.00000,7.30537,7.30537,0.000000,0.000000,0,0,6.21800,2680.781,8.535,8.000,8.000,60.000,61.000,61.000,0.000,0.000,0,0,1.1111,89,178,89,93,68
3,falling,33,556.0,,195.000,238.802,0.00000,7.47693,7.47693,0.000000,0.000000,0,0,6.21800,2680.781,8.535,8.000,8.000,60.000,61.000,61.000,0.000,0.000,0,0,1.1111,89,178,89,93,68
3,falling,34,573.0,,195.000,246.132,0.00000,7.63593,7.63593,0.000000,0.000000,0,0,6.21800,2680.781,8.535,8.000,8.000,60.000,61.000,61.000,0.000,0.000,0,0,1.1111,89,178,89,93,68
3,falling,35,589.0,,195.000,254.091,0.00000,7.80243,7.80243,0.000000,0.000000,0,0,6.21800,2680.781,8.535,8.000,8.000,60.000,61.000,61.000,0.000,0.000,0,0,1.1111,89,178,89,93,68
3,falling,36,606.0,,195.000,262.216,0.00000,7.96639,7.96639,0.000000,0.000000,0,0,6.21800,2680.781,8.535,8.000,8.000,60.000,61.000,61.000,0.000,0.000,0,0,1.1111,89,178,89,93,68
3,falling,37,623.0,,195.000,270.010,0.00000,8.11834,8.11834,0.000000,0.000000,0,0,6.21800,2680.781,8.535,8.000,8.000,60.000,61.000,61.000,0.000,0.000,0,0,1.1111,89,178,89,93,68
3,falling,38,639.0,,195.000,278.453,0.00000,8.27746,8.27746,0.000000,0.000000,0,0,6.21800,2680.781,8.535,8.000,8.000,60.000,61.000,61.000,0.000,0.000,0,0,1.1111,89,178,89,93,68
3,falling,39,656.0,,195.000,287.056,0.00000,8.43415,8.43415,0.000000,0.000000,0,0,6.21800,2680.781,8.535,8.000,8.000,60.000,61.000,61.000,0.000,0.000,0,0,1.1111,89,178,89,93,68
3,falling,40,673.0,,195.000,295.292,0.00000,8.57936,8.57936,0.000000,0.000000,0,0,6.21800,2680.781,8.535,8.000,8.000,60.000,61.000,61.000,0.000,0.000,0,0,1.1111,89,178,89,93,68
3,falling,41,689.0,,195.000,304.198,0.00000,8.73143,8.73143,0.000000,0.000000,0,0,6.21800,2680.781,8.535,8.000,8.000,60.000,61.000,61.000,0.000,0.000,0,0,1.1111,89,178,89,93,68
3,falling,42,706.0,,195.000,313.257,0.00000,8.88117,8.88117,0.000000,0.000000,0,0,6.21800,2680.781,8.535,8.000,8.000,60.000,61.000,61.000,0.000,0.000,0,0,1.1111,89,178,89,93,68
3,falling,43,723.0,,195.000,321.916,0.00000,9.01995,9.01995,0.000000,0.000000,0,0,6.21800,2680.781,8.535,8.000,8.000,60.000,61.000,61.000,0.000,0.000,0,0,1.1111,89,178,89,93,68
3,falling,44,739.0,,195.000,331.265,0.00000,9.16528,9.16528,0.000000,0.000000,0,0,6.21800,2680.781,8.535,8.000,8.000,60.000,61.000,61.000,0.000,0.000,0,0,1.1111,89,178,89,93,68
3,falling,45,756.0,,195.000,340.759,0.00000,9.30838,9.30838,0.000000,0.000000,0,0,6.21800,2680.781,8.535,8.000,8.000,60.000,61.000,61.000,0.000,0.000,0,0,1.1111,89,178,89,93,68
3,falling,46,773.0,,195.000,349.823,0.00000,9.44101,9.44101,0.000000,0.000000,0,0,6.21800,2680.781,8.535,8.000,8.000,60.000,61.000,61.000,0.000,0.000,0,0,1.1111,89,178,89,93,68
3,falling,47,789.0,,195.000,359.594,0.00000,9.57990,9.57990,0.000000,0.000000,0,0,6.21800,2680.781,8.535,8.000,8.000,60.000,61.000,61.000,0.000,0.000,0,0,1.1111,89,178,89,93,68
3,falling,48,806.0,,195.000,369.505,0.00000,9.71666,9.71666,0.000000,0.000000,0,0,6.21800,2680.781,8.535,8.000,8.000,60.000,61.000,61.000,0.000,0.000,0,0,1.1111,89,178,89,93,68
3,falling,49,823.0,,195.000,378.955,0.00000,9.84340,9.84340,0.000000,0.000000,0,0,6.21800,2680.781,8.535,8.000,8.000,60.000,61.000,61.000,0.000,0.000,0,0,1.1111,89,178,89,93,68
3,falling,50,839.0,,195.000,389.130,0.00000,9.97613,9.97613,0.000000,0.000000,0,0,6.21800,2680.781,8.535,8.000,8.000,60.000,61.000,61.000,0.000,0.000,0,0,1.1111,89,178,89,93,68
3,falling,51,856.0,,195.000,399.439,0.00000,10.10683,10.10683,0.000000,0.000000,0,0,6.21800,2680.781,8.535,8.000,8.000,60.000,61.000,61.000,0.000,0.000,0,0,1.1111,89,178,89,93,68
3,falling,52,873.0,,195.000,409.258,0.00000,10.22796,10.22796,0.000000,0.000000,0,0,6.21800,2680.781,8.535,8.000,8.000,60.000,61.000,61.000,0.000,0.000,0,0,1.1111,89,178,89,93,68
3,falling,53,889.0,,195.000,419.820,0.00000,10.35481,10.35481,0.000000,0.000000,0,0,6.21800,2680.781,8.535,8.000,8.000,60.000,61.000,61.000,0.000,0.000,0,0,1.1111,89,178,89,93,68
3,falling,54,906.0,,195.000,429.874,0.00000,10.47236,10.47236,0.000000,0.000000,0,0,6.21800,2680.781,8.535,8.000,8.000,60.000,61.000,61.000,0.000,0.000,0,0,1.1111,89,178,89,93,68
3,falling,55,923.0,,195.000,440.681,0.00000,10.59547,10.59547,0.000000,0.000000,0,0,6.21800,2680.781,8.535,8.000,8.000,60.000,61.000,61.000,0.000,0.000,0,0,1.1111,89,178,89,93,68
3,falling,56,939.0,,195.000,451.612,0.00000,10.71669,10.71669,0.000000,0.000000,0,0,6.21800,2680.781,8.535,8.000,8.000,60.000,61.000,61.000,0.000,0.000,0,0,1.1111,89,178,89,93,68
3,falling,57,956.0,,195.000,462.665,0.00000,10.83606,10.83606,0.000000,0.000000,0,0,6.21800,2680.781,8.535,8.000,8.000,60.000,61.000,61.000,0.000,0.000,0,0,1.1111,89,178,89,93,68
3,falling,58,973.0,,195.000,473.174,0.00000,10.94669,10.94669,0.000000,0.000000,0,0,6.21800,2680.781,8.535,8.000,8.000,60.000,61.000,61.000,0.000,0.000,0,0,1.1111,89,178,89,93,68
3,falling,59,989.0,,195.000,484.457,0.00000,11.06254,11.06254,0.000000,0.000000,0,0,6.21800,2680.781,8.535,8.000,8.000,60.000,61.000,61.000,0.000,0.000,0,0,1.1111,89,178,89,93,68
3,post_landing,60,1006.0,60,195.000,491.591,-0.01103,0.00000,0.01103,0.000000,0.000000,0,1,6.21800,2680.781,8.535,8.000,8.000,60.000,61.000,61.000,0.000,0.000,0,13,1.1111,89,178,89,93,68
3,post_landing,61,1023.0,60,194.989,490.122,-0.00786,0.00000,0.00786,0.002104,0.000000,0,1,6.21800,2680.781,8.535,8.000,8.000,60.000,61.000,61.000,0.000,0.000,0,8,1.1111,89,178,89,93,68
3,post_landing,62,1039.0,60,194.981,488.984,0.03459,-0.01327,0.03705,-0.000975,0.002113,0,1,6.21800,2680.781,8.535,8.000,7.002,9.002,61.002,61.008,0.000,0.000,0,4,1.1111,89,178,89,93,68
3,post_landing,63,1056.0,60,195.014,488.222,-0.02897,0.01268,0.03162,-0.001461,0.001190,0,1,6.21800,2680.781,8.535,8.000,7.001,9.001,61.001,61.005,0.000,0.000,0,2,1.1111,89,178,89,93,68
3,post_landing,64,1073.0,60,194.985,487.751,-0.01395,-0.08313,0.08429,-0.007625,-0.000277,0,1,6.21800,2680.781,8.535,8.000,8.000,59.001,61.001,61.002,0.000,0.000,0,1,1.1111,89,178,89,93,68
3,post_landing,65,1089.0,60,194.971,487.846,-0.00316,-0.06521,0.06529,-0.008411,-0.007936,0,1,6.21800,2680.781,8.535,8.000,8.008,59.014,61.014,61.046,0.000,0.000,0,1,1.1111,89,178,89,93,68
3,post_landing,66,1106.0,60,194.968,487.945,-0.02508,-0.05506,0.06051,-0.013856,-0.015894,0,1,6.21800,2680.781,8.535,8.000,8.015,59.024,61.024,61.088,0.000,0.000,0,1,1.1111,89,178,89,93,68
3,post_landing,67,1123.0,60,194.942,488.132,-0.14667,-0.10530,0.18056,-0.012939,-0.029811,0,1,6.21800,2680.781,8.535,8.000,59.033,60.063,61.062,61.182,0.000,0.000,0,1,1.1111,89,178,89,93,68
3,post_landing,68,1139.0,60,194.795,488.191,-0.05047,-0.02513,0.05638,-0.000955,-0.042807,0,1,6.21800,2680.781,8.535,8.000,60.073,60.116,61.115,61.286,0.000,0.000,0,2,1.1111,89,178,89,93,68
3,post_landing,69,1156.0,60,194.747,488.178,0.01726,0.00000,0.01726,0.000000,-0.043710,0,1,6.21800,2680.781,8.535,8.000,60.074,60.117,61.117,61.291,0.000,0.000,0,2,1.1111,89,178,89,93,68
3,post_landing,70,1173.0,60,194.765,488.180,0.01530,0.00000,0.01530,0.000000,-0.043710,0,1,6.21800,2680.781,8.535,8.000,60.074,60.117,61.117,61.291,0.000,0.000,0,2,1.1111,89,178,89,93,68
3,post_landing,71,1189.0,60,194.780,488.180,0.00339,0.00000,0.00339,0.000000,-0.043710,0,1,6.21800,2680.781,8.535,8.000,60.074,60.117,61.117,61.291,0.000,0.000,0,2,1.1111,89,178,89,93,68
3,post_landing,72,1206.0,60,194.783,488.178,-0.00053,0.00000,0.00053,0.000000,-0.043710,0,1,6.21800,2680.781,8.535,8.000,60.074,60.117,61.117,61.291,0.000,0.000,0,2,1.1111,89,178,89,93,68
3,post_landing,73,1223.0,60,194.783,488.180,-0.00199,0.00000,0.00199,0.000000,-0.043710,0,1,6.21800,2680.781,8.535,8.000,60.074,60.117,61.117,61.291,0.000,0.000,0,2,1.1111,89,178,89,93,68
3,post_landing,74,1239.0,60,194.781,488.180,-0.00076,0.00000,0.00076,0.000000,-0.043710,0,1,6.21800,2680.781,8.535,8.000,60.074,60.117,61.117,61.291,0.000,0.000,0,2,1.1111,89,178,89,93,68
3,post_landing,75,1256.0,60,194.780,488.178,0.00121,0.00000,0.00121,0.000000,-0.043710,0,1,6.21800,2680.781,8.535,8.000,60.074,60.117,61.117,61.291,0.000,0.000,0,2,1.1111,89,178,89,93,68
3,post_landing,76,1273.0,60,194.781,488.180,-0.00045,0.00000,0.00045,0.000000,-0.043710,0,1,6.21800,2680.781,8.535,8.000,60.074,60.117,61.117,61.291,0.000,0.000,0,2,1.1111,89,178,89,93,68
3,post_landing,77,1289.0,60,194.781,488.180,-0.00042,0.00000,0.00042,0.000000,-0.043710,0,1,6.21800,2680.781,8.535,8.000,60.074,60.117,61.117,61.291,0.000,0.000,0,2,1.1111,89,178,89,93,68
3,post_landing,78,1306.0,60,194.780,488.178,0.00107,0.00000,0.00107,0.000000,-0.043710,0,1,6.21800,2680.781,8.535,8.000,60.074,60.117,61.117,61.291,0.000,0.000,0,2,1.1111,89,178,89,93,68
3,post_landing,79,1323.0,60,194.781,488.180,-0.00059,0.00000,0.00059,0.000000,-0.043710,0,1,6.21800,2680.781,8.535,8.000,60.074,60.117,61.117,61.291,0.000,0.000,0,2,1.1111,89,178,89,93,68
3,post_landing,80,1339.0,60,194.781,488.180,-0.00045,0.00000,0.00045,0.000000,-0.043710,0,1,6.21800,2680.781,8.535,8.000,60.074,60.117,61.117,61.291,0.000,0.000,0,2,1.1111,89,178,89,93,68
3,post_landing,81,1356.0,60,194.780,488.178,0.00108,0.00000,0.00108,0.000000,-0.043710,0,1,6.21800,2680.781,8.535,8.000,60.074,60.117,61.117,61.291,0.000,0.000,0,2,1.1111,89,178,89,93,68
3,post_landing,82,1373.0,60,194.782,488.180,-0.00058,0.00000,0.00058,0.000000,-0.043710,0,1,6.21800,2680.781,8.535,8.000,60.074,60.117,61.117,61.291,0.000,0.000,0,2,1.1111,89,178,89,93,68
3,post_landing,83,1389.0,60,194.781,488.180,-0.00045,0.00000,0.00045,0.000000,-0.043710,0,1,6.21800,2680.781,8.535,8.000,60.074,60.117,61.117,61.291,0.000,0.000,0,2,1.1111,89,178,89,93,68
3,post_landing,84,1406.0,60,194.781,488.178,0.00108,0.00000,0.00108,0.000000,-0.043710,0,1,6.21800,2680.781,8.535,8.000,60.074,60.117,61.117,61.291,0.000,0.000,0,2,1.1111,89,178,89,93,68
3,post_landing,85,1423.0,60,194.782,488.180,-0.00058,0.00000,0.00058,0.000000,-0.043710,0,1,6.21800,2680.781,8.535,8.000,60.074,60.117,61.117,61.291,0.000,0.000,0,2,1.1111,89,178,89,93,68
3,post_landing,86,1439.0,60,194.781,488.180,-0.00045,0.00000,0.00045,0.000000,-0.043710,0,1,6.21800,2680.781,8.535,8.000,60.074,60.117,61.117,61.291,0.000,0.000,0,2,1.1111,89,178,89,93,68
3,post_landing,87,1456.0,60,194.781,488.178,0.00108,0.00000,0.00108,0.000000,-0.043710,0,1,6.21800,2680.781,8.535,8.000,60.074,60.117,61.117,61.291,0.000,0.000,0,2,1.1111,89,178,89,93,68
3,post_landing,88,1473.0,60,194.782,488.180,-0.00058,0.00000,0.00058,0.000000,-0.043710,0,1,6.21800,2680.781,8.535,8.000,60.074,60.117,61.117,61.291,0.000,0.000,0,2,1.1111,89,178,89,93,68
3,post_landing,89,1489.0,60,194.781,488.180,-0.00045,0.00000,0.00045,0.000000,-0.043710,0,1,6.21800,2680.781,8.535,8.000,60.074,60.117,61.117,61.291,0.000,0.000,0,2,1.1111,89,178,89,93,68
3,post_landing,90,1506.0,60,194.781,488.178,0.00108,0.00000,0.00108,0.000000,-0.043710,0,1,6.21800,2680.781,8.535,8.000,60.074,60.117,61.117,61.291,0.000,0.000,0,2,1.1111,89,178,89,93,68
3,post_landing,91,1523.0,60,194.782,488.180,-0.00058,0.00000,0.00058,0.000000,-0.043710,0,1,6.21800,2680.781,8.535,8.000,60.074,60.117,61.117,61.291,0.000,0.000,0,2,1.1111,89,178,89,93,68
3,post_landing,92,1539.0,60,194.781,488.180,-0.00045,0.00000,0.00045,0.000000,-0.043710,0,1,6.21800,2680.781,8.535,8.000,60.074,60.117,61.117,61.291,0.000,0.000,0,2,1.1111,89,178,89,93,68
3,post_landing,93,1556.0,60,194.781,488.178,0.00108,0.00000,0.00108,0.000000,-0.043710,0,1,6.21800,2680.781,8.535,8.000,60.074,60.117,61.117,61.291,0.000,0.000,0,2,1.1111,89,178,89,93,68
3,post_landing,94,1573.0,60,194.782,488.180,-0.00058,0.00000,0.00058,0.000000,-0.043710,0,1,6.21800,2680.781,8.535,8.000,60.074,60.117,61.117,61.291,0.000,0.000,0,2,1.1111,89,178,89,93,68
3,post_landing,95,1589.0,60,194.781,488.180,-0.00045,0.00000,0.00045,0.000000,-0.043710,0,1,6.21800,2680.781,8.535,8.000,60.074,60.117,61.117,61.291,0.000,0.000,0,2,1.1111,89,178,89,93,68
3,post_landing,96,1606.0,60,194.781,488.178,0.00108,0.00000,0.00108,0.000000,-0.043710,0,1,6.21800,2680.781,8.535,8.000,60.074,60.117,61.117,61.291,0.000,0.000,0,2,1.1111,89,178,89,93,68
3,post_landing,97,1623.0,60,194.782,488.180,-0.00058,0.00000,0.00058,0.000000,-0.043710,0,1,6.21800,2680.781,8.535,8.000,60.074,60.117,61.117,61.291,0.000,0.000,0,2,1.1111,89,178,89,93,68
3,post_landing,98,1639.0,60,194.781,488.180,-0.00045,0.00000,0.00045,0.000000,-0.043710,0,1,6.21800,2680.781,8.535,8.000,60.074,60.117,61.117,61.291,0.000,0.000,0,2,1.1111,89,178,89,93,68
3,post_landing,99,1656.0,60,194.781,488.178,0.00108,0.00000,0.00108,0.000000,-0.043710,0,1,6.21800,2680.781,8.535,8.000,60.074,60.117,61.117,61.291,0.000,0.000,0,2,1.1111,89,178,89,93,68
3,post_landing,100,1673.0,60,194.782,488.180,-0.00058,0.00000,0.00058,0.000000,-0.043710,0,1,6.21800,2680.781,8.535,8.000,60.074,60.117,61.117,61.291,0.000,0.000,0,2,1.1111,89,178,89,93,68
3,post_landing,101,1689.0,60,194.781,488.180,-0.00045,0.00000,0.00045,0.000000,-0.043710,0,1,6.21800,2680.781,8.535,8.000,60.074,60.117,61.117,61.291,0.000,0.000,0,2,1.1111,89,178,89,93,68
3,post_landing,102,1706.0,60,194.781,488.178,0.00108,0.00000,0.00108,0.000000,-0.043710,0,1,6.21800,2680.781,8.535,8.000,60.074,60.117,61.117,61.291,0.000,0.000,0,2,1.1111,89,178,89,93,68
3,post_landing,103,1723.0,60,194.782,488.180,-0.00058,0.00000,0.00058,0.000000,-0.043710,0,1,6.21800,2680.781,8.535,8.000,60.074,60.117,61.117,61.291,0.000,0.000,0,2,1.1111,89,178,89,93,68
3,post_landing,104,1739.0,60,194.782,488.180,-0.00045,0.00000,0.00045,0.000000,-0.043710,0,1,6.21800,2680.781,8.535,8.000,60.074,60.117,61.117,61.291,0.000,0.000,0,2,1.1111,89,178,89,93,68
3,post_landing,105,1756.0,60,194.781,488.178,0.00108,0.00000,0.00108,0.000000,-0.043710,0,1,6.21800,2680.781,8.535,8.000,60.074,60.117,61.117,61.291,0.000,0.000,0,2,1.1111,89,178,89,93,68
3,post_landing,106,1773.0,60,194.782,488.180,-0.00058,0.00000,0.00058,0.000000,-0.043710,0,1,6.21800,2680.781,8.535,8.000,60.074,60.117,61.117,61.291,0.000,0.000,0,2,1.1111,89,178,89,93,68
3,post_landing,107,1789.0,60,194.782,488.180,-0.00045,0.00000,0.00045,0.000000,-0.043710,0,1,6.21800,2680.781,8.535,8.000,60.074,60.117,61.117,61.291,0.000,0.000,0,2,1.1111,89,178,89,93,68
3,post_landing,108,1806.0,60,194.781,488.178,0.00108,0.00000,0.00108,0.000000,-0.043710,0,1,6.21800,2680.781,8.535,8.000,60.074,60.117,61.117,61.291,0.000,0.000,0,2,1.1111,89,178,89,93,68
3,post_landing,109,1823.0,60,194.782,488.180,-0.00058,0.00000,0.00058,0.000000,-0.043710,0,1,6.21800,2680.781,8.535,8.000,60.074,60.117,61.117,61.291,0.000,0.000,0,2,1.1111,89,178,89,93,68
3,post_landing,110,1839.0,60,194.782,488.180,-0.00045,0.00000,0.00045,0.000000,-0.043710,0,1,6.21800,2680.781,8.535,8.000,60.074,60.117,61.117,61.291,0.000,0.000,0,2,1.1111,89,178,89,93,68
3,post_landing,111,1856.0,60,194.781,488.178,0.00108,0.00000,0.00108,0.000000,-0.043710,0,1,6.21800,2680.781,8.535,8.000,60.074,60.117,61.117,61.291,0.000,0.000,0,2,1.1111,89,178,89,93,68
3,post_landing,112,1873.0,60,194.782,488.180,-0.00058,0.00000,0.00058,0.000000,-0.043710,0,1,6.21800,2680.781,8.535,8.000,60.074,60.117,61.117,61.291,0.000,0.000,0,2,1.1111,89,178,89,93,68
3,post_landing,113,1889.0,60,194.782,488.180,-0.00045,0.00000,0.00045,0.000000,-0.043710,0,1,6.21800,2680.781,8.535,8.000,60.074,60.117,61.117,61.291,0.000,0.000,0,2,1.1111,89,178,89,93,68
3,post_landing,114,1906.0,60,194.781,488.178,0.00108,0.00000,0.00108,0.000000,-0.043710,0,1,6.21800,2680.781,8.535,8.000,60.074,60.117,61.117,61.291,0.000,0.000,0,2,1.1111,89,178,89,93,68
3,post_landing,115,1923.0,60,194.782,488.180,-0.00058,0.00000,0.00058,0.000000,-0.043710,0,1,6.21800,2680.781,8.535,8.000,60.074,60.117,61.117,61.291,0.000,0.000,0,2,1.1111,89,178,89,93,68
3,post_landing,116,1939.0,60,194.782,488.180,-0.00045,0.00000,0.00045,0.000000,-0.043710,0,1,6.21800,2680.781,8.535,8.000,60.074,60.117,61.117,61.291,0.000,0.000,0,2,1.1111,89,178,89,93,68
3,post_landing,117,1956.0,60,194.781,488.178,0.00108,0.00000,0.00108,0.000000,-0.043710,0,1,6.21800,2680.781,8.535,8.000,60.074,60.117,61.117,61.291,0.000,0.000,0,2,1.1111,89,178,89,93,68
3,post_landing,118,1972.0,60,194.782,488.180,-0.00058,0.00000,0.00058,0.000000,-0.043710,0,1,6.21800,2680.781,8.535,8.000,60.074,60.117,61.117,61.291,0.000,0.000,0,2,1.1111,89,178,89,93,68
3,post_landing,119,1989.0,60,194.782,488.180,-0.00045,0.00000,0.00045,0.000000,-0.043710,0,1,6.21800,2680.781,8.535,8.000,60.074,60.117,61.117,61.291,0.000,0.000,0,2,1.1111,89,178,89,93,68
4,falling,0,24.0,,195.000,97.029,0.00000,0.55000,0.55000,0.000000,0.000000,0,0,2.63600,378.793,10.821,9.000,9.000,10.000,11.000,11.000,0.000,0.000,0,0,1.8861,54,108,54,54,62
4,falling,1,39.0,,195.000,97.742,0.00000,0.79258,0.79258,0.000000,0.000000,0,0,2.63600,378.793,10.821,9.000,9.000,10.000,11.000,11.000,0.000,0.000,0,0,1.8861,54,108,54,54,62
4,falling,2,56.0,,195.000,98.748,0.00000,1.04783,1.04783,0.000000,0.000000,0,0,2.63600,378.793,10.821,9.000,9.000,10.000,11.000,11.000,0.000,0.000,0,0,1.8861,54,108,54,54,62
4,falling,3,72.0,,195.000,100.090,0.00000,1.31513,1.31513,0.000000,0.000000,0,0,2.63600,378.793,10.821,9.000,9.000,10.000,11.000,11.000,0.000,0.000,0,0,1.8861,54,108,54,54,62
4,falling,4,89.0,,195.000,101.700,0.00000,1.57834,1.57834,0.000000,0.000000,0,0,2.63600,378.793,10.821,9.000,9.000,10.000,11.000,11.000,0.000,0.000,0,0,1.8861,54,108,54,54,62
4,falling,5,106.0,,195.000,103.449,0.00000,1.82228,1.82228,0.000000,0.000000,0,0,2.63600,378.793,10.821,9.000,9.000,10.000,11.000,11.000,0.000,0.000,0,0,1.8861,54,108,54,54,62
4,falling,6,122.0,,195.000,105.568,0.00000,2.07773,2.07773,0.000000,0.000000,0,0,2.63600,378.793,10.821,9.000,9.000,10.000,11.000,11.000,0.000,0.000,0,0,1.8861,54,108,54,54,62
4,falling,7,139.0,,195.000,107.944,0.00000,2.32928,2.32928,0.000000,0.000000,0,0,2.63600,378.793,10.821,9.000,9.000,10.000,11.000,11.000,0.000,0.000,0,0,1.8861,54,108,54,54,62
4,falling,8,156.0,,195.000,110.404,0.00000,2.56240,2.56240,0.000000,0.000000,0,0,2.63600,378.793,10.821,9.000,9.000,10.000,11.000,11.000,0.000,0.000,0,0,1.8861,54,108,54,54,62
4,falling,9,172.0,,195.000,113.267,0.00000,2.80653,2.80653,0.000000,0.000000,0,0,2.63600,378.793,10.821,9.000,9.000,10.000,11.000,11.000,0.000,0.000,0,0,1.8861,54,108,54,54,62
4,falling,10,189.0,,195.000,116.375,0.00000,3.04692,3.04692,0.000000,0.000000,0,0,2.63600,378.793,10.821,9.000,9.000,10.000,11.000,11.000,0.000,0.000,0,0,1.8861,54,108,54,54,62
4,falling,11,206.0,,195.000,119.513,0.00000,3.26972,3.26972,0.000000,0.000000,0,0,2.63600,378.793,10.821,9.000,9.000,10.000,11.000,11.000,0.000,0.000,0,0,1.8861,54,108,54,54,62
4,falling,12,222.0,,195.000,123.087,0.00000,3.50302,3.50302,0.000000,0.000000,0,0,2.63600,378.793,10.821,9.000,9.000,10.000,11.000,11.000,0.000,0.000,0,0,1.8861,54,108,54,54,62
4,falling,13,239.0,,195.000,126.894,0.00000,3.73276,3.73276,0.000000,0.000000,0,0,2.63600,378.793,10.821,9.000,9.000,10.000,11.000,11.000,0.000,0.000,0,0,1.8861,54,108,54,54,62
4,falling,14,256.0,,195.000,130.682,0.00000,3.94567,3.94567,0.000000,0.000000,0,0,2.63600,378.793,10.821,9.000,9.000,10.000,11.000,11.000,0.000,0.000,0,0,1.8861,54,108,54,54,62
4,falling,15,272.0,,195.000,134.934,0.00000,4.16864,4.16864,0.000000,0.000000,0,0,2.63600,378.793,10.821,9.000,9.000,10.000,11.000,11.000,0.000,0.000,0,0,1.8861,54,108,54,54,62
4,falling,16,289.0,,195.000,139.410,0.00000,4.38819,4.38819,0.000000,0.000000,0,0,2.63600,378.793,10.821,9.000,9.000,10.000,11.000,11.000,0.000,0.000,0,0,1.8861,54,108,54,54,62
4,falling,17,306.0,,195.000,143.818,0.00000,4.59167,4.59167,0.000000,0.000000,0,0,2.63600,378.793,10.821,9.000,9.000,10.000,11.000,11.000,0.000,0.000,0,0,1.8861,54,108,54,54,62
4,falling,18,322.0,,195.000,148.719,0.00000,4.80475,4.80475,0.000000,0.000000,0,0,2.63600,378.793,10.821,9.000,9.000,10.000,11.000,11.000,0.000,0.000,0,0,1.8861,54,108,54,54,62
4,falling,19,339.0,,195.000,153.833,0.00000,5.01457,5.01457,0.000000,0.000000,0,0,2.63600,378.793,10.821,9.000,9.000,10.000,11.000,11.000,0.000,0.000,0,0,1.8861,54,108,54,54,62
4,falling,20,356.0,,195.000,158.834,0.00000,5.20903,5.20903,0.000000,0.000000,0,0,2.63600,378.793,10.821,9.000,9.000,10.000,11.000,11.000,0.000,0.000,0,0,1.8861,54,108,54,54,62
4,falling,21,372.0,,195.000,164.355,0.00000,5.41266,5.41266,0.000000,0.000000,0,0,2.63600,378.793,10.821,9.000,9.000,10.000,11.000,11.000,0.000,0.000,0,0,1.8861,54,108,54,54,62
4,falling,22,389.0,,195.000,170.081,0.00000,5.61318,5.61318,0.000000,0.000000,0,0,2.63600,378.793,10.821,9.000,9.000,10.000,11.000,11.000,0.000,0.000,0,0,1.8861,54,108,54,54,62
4,falling,23,406.0,,195.000,175.648,0.00000,5.79902,5.79902,0.000000,0.000000,0,0,2.63600,378.793,10.821,9.000,9.000,10.000,11.000,11.000,0.000,0.000,0,0,1.8861,54,108,54,54,62
4,falling,24,422.0,,195.000,181.761,0.00000,5.99363,5.99363,0.000000,0.000000,0,0,2.63600,378.793,10.821,9.000,9.000,10.000,11.000,11.000,0.000,0.000,0,0,1.8861,54,108,54,54,62
4,falling,25,439.0,,195.000,188.070,0.00000,6.18526,6.18526,0.000000,0.000000,0,0,2.63600,378.793,10.821,9.000,9.000,10.000,11.000,11.000,0.000,0.000,0,0,1.8861,54,108,54,54,62
4,falling,26,456.0,,195.000,194.178,0.00000,6.36286,6.36286,0.000000,0.000000,0,0,2.63600,378.793,10.821,9.000,9.000,10.000,11.000,11.000,0.000,0.000,0,0,1.8861,54,108,54,54,62
4,falling,27,472.0,,195.000,200.858,0.00000,6.54884,6.54884,0.000000,0.000000,0,0,2.63600,378.793,10.821,9.000,9.000,10.000,11.000,11.000,0.000,0.000,0,0,1.8861,54,108,54,54,62
4,falling,28,489.0,,195.000,207.725,0.00000,6.73197,6.73197,0.000000,0.000000,0,0,2.63600,378.793,10.821,9.000,9.000,10.000,11.000,11.000,0.000,0.000,0,0,1.8861,54,108,54,54,62
4,falling,29,506.0,,195.000,214.350,0.00000,6.90170,6.90170,0.000000,0.000000,0,0,2.63600,378.793,10.821,9.000,9.000,10.000,11.000,11.000,0.000,0.000,0,0,1.8861,54,108,54,54,62
4,falling,30,522.0,,195.000,221.571,0.00000,7.07944,7.07944,0.000000,0.000000,0,0,2.63600,378.793,10.821,9.000,9.000,10.000,11.000,11.000,0.000,0.000,0,0,1.8861,54,108,54,54,62
4,falling,31,539.0,,195.000,228.971,0.00000,7.25446,7.25446,0.000000,0.000000,0,0,2.63600,378.793,10.821,9.000,9.000,10.000,11.000,11.000,0.000,0.000,0,0,1.8861,54,108,54,54,62
4,falling,32,556.0,,195.000,236.091,0.00000,7.41666,7.41666,0.000000,0.000000,0,0,2.63600,378.793,10.821,9.000,9.000,10.000,11.000,11.000,0.000,0.000,0,0,1.8861,54,108,54,54,62
4,falling,33,572.0,,195.000,243.829,0.00000,7.58652,7.58652,0.000000,0.000000,0,0,2.63600,378.793,10.821,9.000,9.000,10.000,11.000,11.000,0.000,0.000,0,0,1.8861,54,108,54,54,62
4,falling,34,589.0,,195.000,251.738,0.00000,7.75378,7.75378,0.000000,0.000000,0,0,2.63600,378.793,10.821,9.000,9.000,10.000,11.000,11.000,0.000,0.000,0,0,1.8861,54,108,54,54,62
4,falling,35,606.0,,195.000,259.331,0.00000,7.90879,7.90879,0.000000,0.000000,0,0,2.63600,378.793,10.821,9.000,9.000,10.000,11.000,11.000,0.000,0.000,0,0,1.8861,54,108,54,54,62
4,falling,36,622.0,,195.000,267.563,0.00000,8.07112,8.07112,0.000000,0.000000,0,0,2.63600,378.793,10.821,9.000,9.000,10.000,11.000,11.000,0.000,0.000,0,0,1.8861,54,108,54,54,62
4,falling,37,639.0,,195.000,275.959,0.00000,8.23096,8.23096,0.000000,0.000000,0,0,2.63600,378.793,10.821,9.000,9.000,10.000,11.000,11.000,0.000,0.000,0,0,1.8861,54,108,54,54,62
4,falling,38,656.0,,195.000,284.003,0.00000,8.37910,8.37910,0.000000,0.000000,0,0,2.63600,378.793,10.821,9.000,9.000,10.000,11.000,11.000,0.000,0.000,0,0,1.8861,54,108,54,54,62
4,falling,39,672.0,,195.000,292.708,0.00000,8.53424,8.53424,0.000000,0.000000,0,0,2.63600,378.793,10.821,9.000,9.000,10.000,11.000,11.000,0.000,0.000,0,0,1.8861,54,108,54,54,62
4,falling,40,689.0,,195.000,301.568,0.00000,8.68700,8.68700,0.000000,0.000000,0,0,2.63600,378.793,10.821,9.000,9.000,10.000,11.000,11.000,0.000,0.000,0,0,1.8861,54,108,54,54,62
4,falling,41,706.0,,195.000,310.044,0.00000,8.82857,8.82857,0.000000,0.000000,0,0,2.63600,378.793,10.821,9.000,9.000,10.000,11.000,11.000,0.000,0.000,0,0,1.8861,54,108,54,54,62
4,falling,42,722.0,,195.000,319.200,0.00000,8.97683,8.97683,0.000000,0.000000,0,0,2.63600,378.793,10.821,9.000,9.000,10.000,11.000,11.000,0.000,0.000,0,0,1.8861,54,108,54,54,62
4,falling,43,739.0,,195.000,328.505,0.00000,9.12281,9.12281,0.000000,0.000000,0,0,2.63600,378.793,10.821,9.000,9.000,10.000,11.000,11.000,0.000,0.000,0,0,1.8861,54,108,54,54,62
4,falling,44,756.0,,195.000,337.393,0.00000,9.25811,9.25811,0.000000,0.000000,0,0,2.63600,378.793,10.821,9.000,9.000,10.000,11.000,11.000,0.000,0.000,0,0,1.8861,54,108,54,54,62
4,falling,45,772.0,,195.000,346.981,0.00000,9.39980,9.39980,0.000000,0.000000,0,0,2.63600,378.793,10.821,9.000,9.000,10.000,11.000,11.000,0.000,0.000,0,0,1.8861,54,108,54,54,62
4,falling,46,789.0,,195.000,356.711,0.00000,9.53931,9.53931,0.000000,0.000000,0,0,2.63600,378.793,10.821,9.000,9.000,10.000,11.000,11.000,0.000,0.000,0,0,1.8861,54,108,54,54,62
4,falling,47,806.0,,195.000,365.993,0.00000,9.66861,9.66861,0.000000,0.000000,0,0,2.63600,378.793,10.821,9.000,9.000,10.000,11.000,11.000,0.000,0.000,0,0,1.8861,54,108,54,54,62
4,falling,48,822.0,,195.000,375.993,0.00000,9.80402,9.80402,0.000000,0.000000,0,0,2.63600,378.793,10.821,9.000,9.000,10.000,11.000,11.000,0.000,0.000,0,0,1.8861,54,108,54,54,62
4,falling,49,839.0,,195.000,386.129,0.00000,9.93735,9.93735,0.000000,0.000000,0,0,2.63600,378.793,10.821,9.000,9.000,10.000,11.000,11.000,0.000,0.000,0,0,1.8861,54,108,54,54,62
4,falling,50,856.0,,195.000,395.788,0.00000,10.06092,10.06092,0.000000,0.000000,0,0,2.63600,378.793,10.821,9.000,9.000,10.000,11.000,11.000,0.000,0.000,0,0,1.8861,54,108,54,54,62
4,falling,51,872.0,,195.000,406.182,0.00000,10.19032,10.19032,0.000000,0.000000,0,0,2.63600,378.793,10.821,9.000,9.000,10.000,11.000,11.000,0.000,0.000,0,0,1.8861,54,108,54,54,62
4,falling,52,889.0,,195.000,416.706,0.00000,10.31774,10.31774,0.000000,0.000000,0,0,2.63600,378.793,10.821,9.000,9.000,10.000,11.000,11.000,0.000,0.000,0,0,1.8861,54,108,54,54,62
4,falling,53,906.0,,195.000,426.724,0.00000,10.43583,10.43583,0.000000,0.000000,0,0,2.63600,378.793,10.821,9.000,9.000,10.000,11.000,11.000,0.000,0.000,0,0,1.8861,54,108,54,54,62
4,falling,54,922.0,,195.000,437.495,0.00000,10.55950,10.55950,0.000000,0.000000,0,0,2.63600,378.793,10.821,9.000,9.000,10.000,11.000,11.000,0.000,0.000,0,0,1.8861,54,108,54,54,62
4,falling,55,939.0,,195.000,448.390,0.00000,10.68127,10.68127,0.000000,0.000000,0,0,2.63600,378.793,10.821,9.000,9.000,10.000,11.000,11.000,0.000,0.000,0,0,1.8861,54,108,54,54,62
4,falling,56,956.0,,195.000,458.752,0.00000,10.79413,10.79413,0.000000,0.000000,0,0,2.63600,378.793,10.821,9.000,9.000,10.000,11.000,11.000,0.000,0.000,0,0,1.8861,54,108,54,54,62
4,falling,57,972.0,,195.000,469.883,0.00000,10.91231,10.91231,0.000000,0.000000,0,0,2.63600,378.793,10.821,9.000,9.000,10.000,11.000,11.000,0.000,0.000,0,0,1.8861,54,108,54,54,62
4,post_landing,58,989.0,58,195.000,478.555,1.34443,-0.03997,1.34503,-0.027557,0.000000,0,1,2.63600,378.793,10.821,9.000,9.000,10.000,11.000,11.000,0.000,0.000,0,6,1.8861,54,108,54,54,62
4,post_landing,59,1006.0,58,196.272,477.373,-0.06346,-2.15231,2.15325,0.268570,-0.026074,0,1,2.63600,378.793,10.821,9.000,8.023,10.023,11.074,11.127,0.000,0.000,0,4,1.8861,54,108,54,54,62
4,post_landing,60,1022.0,58,196.208,475.500,-0.06249,-1.83605,1.83711,0.264461,0.243676,0,0,2.63600,378.793,10.821,9.000,1.212,6.305,9.458,10.916,0.000,0.000,0,0,1.8861,54,108,54,54,62
4,post_landing,61,1039.0,58,196.146,473.945,-0.06153,-1.52462,1.52587,0.260415,0.509299,0,0,2.63600,378.793,10.821,9.000,1.361,1.848,7.189,19.718,0.000,0.000,0,0,1.8861,54,108,54,54,62
4,post_landing,62,1056.0,58,196.087,472.759,-0.06065,-1.23600,1.23749,0.256665,0.755697,0,0,2.63600,378.793,10.821,9.000,2.099,2.785,7.110,21.288,0.000,0.000,0,0,1.8861,54,108,54,54,62
4,post_landing,63,1072.0,58,196.026,471.806,-0.05972,-0.93376,0.93567,0.252738,1.013490,0,0,2.63600,378.793,10.821,9.000,16.113,16.961,17.281,70.699,0.000,0.000,0,0,1.8861,54,108,54,54,62
4,post_landing,64,1089.0,58,195.966,471.158,-0.05881,-0.63614,0.63885,0.248871,1.267338,0,0,2.63600,378.793,10.821,9.000,2.863,2.863,5.967,6.564,0.000,0.000,0,0,1.8861,54,108,54,54,62
4,post_landing,65,1106.0,58,195.911,470.812,-0.05796,-0.36031,0.36494,0.245287,1.502814,0,0,2.63600,378.793,10.821,9.000,2.993,2.993,5.260,5.396,0.000,0.000,0,0,1.8861,54,108,54,54,62
4,post_landing,66,1122.0,58,195.853,470.739,-0.05707,-0.07147,0.09146,0.241534,1.749179,0,0,2.63600,378.793,10.821,9.000,2.952,2.952,4.388,5.453,0.000,0.000,0,0,1.8861,54,108,54,54,62
4,post_landing,67,1139.0,58,195.795,470.956,-0.05620,0.21296,0.22025,0.237839,1.991774,0,0,2.63600,378.793,10.821,9.000,1.825,2.738,2.738,5.789,0.000,0.000,0,0,1.8861,54,108,54,54,62
4,post_landing,68,1156.0,58,195.742,471.413,-0.05539,0.47656,0.47977,0.234414,2.216812,0,0,2.63600,378.793,10.821,9.000,0.798,2.395,2.801,6.008,0.000,0.000,0,0,1.8861,54,108,54,54,62
4,post_landing,69,1172.0,58,195.686,472.181,-0.05454,0.75260,0.75458,0.230827,2.452255,0,0,2.63600,378.793,10.821,9.000,0.636,34.828,40.594,43.816,0.000,0.000,0,0,1.8861,54,108,54,54,62
4,post_landing,70,1189.0,58,195.632,473.226,-0.05371,1.02442,1.02583,0.227296,2.684097,0,0,2.63600,378.793,10.821,9.000,5.811,7.150,13.416,45.618,0.000,0.000,0,0,1.8861,54,108,54,54,62
4,post_landing,71,1206.0,58,195.581,474.451,-0.05293,1.27634,1.27743,0.224023,2.899159,0,0,2.63600,378.793,10.821,9.000,9.217,9.457,13.340,16.983,0.000,0.000,0,0,1.8861,54,108,54,54,62
4,post_landing,72,1222.0,58,195.528,476.022,-0.05212,1.54014,1.54102,0.220595,3.124166,0,0,2.63600,378.793,10.821,9.000,7.016,10.016,14.015,17.032,0.000,0.000,0,0,1.8861,54,108,54,54,62
4,post_landing,73,1239.0,58,195.475,477.858,-0.05133,1.79991,1.80064,0.217220,3.345730,0,0,2.63600,378.793,10.821,9.000,5.099,7.260,15.297,16.276,0.000,0.000,0,0,1.8861,54,108,54,54,62
4,post_landing,74,1256.0,58,195.427,479.817,-0.05059,2.04066,2.04129,0.214092,3.551258,0,0,2.63600,378.793,10.821,9.000,3.548,9.848,13.518,15.871,0.000,0.000,0,0,1.8861,54,108,54,54,62
4,post_landing,75,1272.0,58,195.376,482.156,-0.04981,2.29277,2.29331,0.210816,3.766291,0,0,2.63600,378.793,10.821,9.000,7.791,7.791,12.205,15.091,0.000,0.000,0,0,1.8861,54,108,54,54,62
4,post_landing,76,1289.0,58,195.326,484.748,-0.04905,2.54102,2.54150,0.207591,3.978034,0,0,2.63600,378.793,10.821,9.000,4.237,9.216,9.216,13.165,0.000,0.000,0,0,1.8861,54,108,54,54,62
4,post_landing,77,1306.0,58,195.280,487.408,-0.04835,2.77110,2.77152,0.204602,4.174451,0,0,2.63600,378.793,10.821,9.000,2.742,5.831,9.086,20.581,0.000,0.000,0,0,1.8861,54,108,54,54,62
4,post_landing,78,1322.0,58,195.231,490.480,-0.04761,3.01204,3.01241,0.201471,4.379952,0,0,2.63600,378.793,10.821,9.000,3.162,5.705,7.303,31.002,0.000,0.000,0,0,1.8861,54,108,54,54,62
4,post_landing,79,1339.0,58,195.183,493.794,-0.04688,3.24928,3.24962,0.198389,4.582308,0,0,2.63600,378.793,10.821,9.000,3.104,25.178,28.153,58.288,0.000,0.000,0,0,1.8861,54,108,54,54,62
4,post_landing,80,1356.0,58,195.139,497.125,-0.04620,3.46916,3.46947,0.195532,4.770019,0,0,2.63600,378.793,10.821,9.000,29.067,56.080,76.047,80.040,0.000,0.000,0,0,1.8861,54,108,54,54,62
4,post_landing,81,1372.0,58,195.092,500.898,-0.04550,3.69942,3.69970,0.192540,4.966410,0,0,2.63600,378.793,10.821,9.000,4.123,8.246,25.203,35.385,0.000,0.000,0,0,1.8861,54,108,54,54,62
4,post_landing,82,1389.0,58,195.047,499.401,-0.08135,0.00000,0.08135,-0.001475,5.159796,0,1,2.63600,378.793,10.821,9.000,4.472,5.373,12.080,19.220,0.000,0.000,0,21,1.8861,54,108,54,54,62
4,post_landing,83,1406.0,58,194.970,496.441,-0.14758,0.05738,0.15834,-0.002569,5.158401,0,1,2.63600,378.793,10.821,9.000,4.471,5.374,12.081,19.219,0.000,0.000,0,11,1.8861,54,108,54,54,62
4,post_landing,84,1422.0,58,194.821,495.168,-0.20120,0.09717,0.22344,-0.003505,5.155821,0,1,2.63600,378.793,10.821,9.000,4.471,5.375,12.081,19.217,0.000,0.000,0,6,1.8861,54,108,54,54,62
4,post_landing,85,1439.0,58,194.619,495.164,-0.23876,0.11621,0.26553,-0.004100,5.152300,0,1,2.63600,378.793,10.821,9.000,4.471,5.376,12.082,28.635,0.000,0.000,0,5,1.8861,54,108,54,54,62
4,post_landing,86,1456.0,58,194.394,495.053,-0.24878,0.12614,0.27893,-0.004247,5.148421,0,1,2.63600,378.793,10.821,9.000,4.470,5.377,12.083,28.635,0.000,0.000,0,3,1.8861,54,108,54,54,62
4,post_landing,87,1472.0,58,194.144,495.201,-0.25924,0.13535,0.29245,-0.004412,5.144156,0,1,2.63600,378.793,10.821,9.000,4.470,5.378,12.083,28.636,0.000,0.000,0,3,1.8861,54,108,54,54,62
4,post_landing,88,1489.0,58,193.883,495.354,-0.26722,0.28523,0.39085,-0.008546,5.139724,0,1,2.63600,378.793,10.821,9.000,4.469,5.379,12.083,28.635,0.000,0.000,0,3,1.8861,54,108,54,54,62
4,post_landing,89,1506.0,58,193.630,495.631,-0.31555,0.36766,0.48451,-0.010480,5.131638,0,1,2.63600,378.793,10.821,9.000,3.147,5.381,12.083,28.633,0.000,0.000,0,3,1.8861,54,108,54,54,62
4,post_landing,90,1522.0,58,193.313,495.999,-0.37512,0.43281,0.57275,-0.012606,5.121112,0,1,2.63600,378.793,10.821,9.000,3.150,5.383,13.916,28.628,0.000,0.000,0,3,1.8861,54,108,54,54,62
4,post_landing,91,1539.0,58,192.937,496.443,-0.42465,0.48762,0.64660,-0.014257,5.108450,0,1,2.63600,378.793,10.821,9.000,3.154,5.385,13.923,26.688,0.000,0.000,0,3,1.8861,54,108,54,54,62
4,post_landing,92,1556.0,58,192.535,496.919,-0.45632,0.52753,0.69750,-0.015404,5.094960,0,1,2.63600,378.793,10.821,9.000,3.156,5.385,13.927,29.517,0.000,0.000,0,3,1.8861,54,108,54,54,62
4,post_landing,93,1572.0,58,192.077,497.474,-0.47444,0.57713,0.74711,-0.016564,5.079488,0,1,2.63600,378.793,10.821,9.000,3.159,5.385,14.862,30.514,0.000,0.000,0,3,1.8861,54,108,54,54,62
4,post_landing,94,1589.0,58,191.600,498.075,-0.48811,0.61789,0.78743,-0.017521,5.062851,0,1,2.63600,378.793,10.821,9.000,3.161,5.383,14.866,31.519,0.000,0.000,0,3,1.8861,54,108,54,54,62
4,post_landing,95,1606.0,58,191.138,498.527,-0.49847,0.63992,0.81115,-0.018109,5.046273,0,1,2.63600,378.793,10.821,9.000,4.107,8.214,15.810,32.527,0.000,0.000,0,2,1.8861,54,108,54,54,62
4,post_landing,96,1622.0,58,190.638,499.189,-0.49847,0.67429,0.83853,-0.018780,5.028084,0,1,2.63600,378.793,10.821,9.000,4.113,8.226,15.811,32.592,0.000,0.000,0,2,1.8861,54,108,54,54,62
4,post_landing,97,1639.0,58,190.137,499.882,-0.49507,0.70319,0.85999,-0.019331,5.009222,0,1,2.63600,378.793,10.821,9.000,4.118,8.235,15.806,33.312,0.000,0.000,0,2,1.8861,54,108,54,54,62
4,post_landing,98,1656.0,58,189.668,500.559,-0.48662,0.71728,0.86677,-0.019544,4.990932,0,1,2.63600,378.793,10.821,9.000,4.121,8.242,15.797,35.301,0.000,0.000,0,2,1.8861,54,108,54,54,62
4,post_landing,99,1672.0,58,189.180,501.297,-0.47588,0.74155,0.88111,-0.019942,4.971302,0,1,2.63600,378.793,10.821,9.000,4.123,8.245,25.191,35.370,0.000,0.000,0,2,1.8861,54,108,54,54,62
4,post_landing,100,1689.0,58,188.702,502.056,-0.46458,0.76143,0.89197,-0.020264,4.951272,0,1,2.63600,378.793,10.821,9.000,4.123,10.189,25.237,36.161,0.000,0.000,0,2,1.8861,54,108,54,54,62
4,post_landing,101,1706.0,58,188.262,502.787,-0.44979,0.76775,0.88980,-0.020272,4.932099,0,1,2.63600,378.793,10.821,9.000,4.122,10.196,29.175,39.152,0.000,0.000,0,2,1.8861,54,108,54,54,62
4,post_landing,102,1722.0,58,187.810,503.675,-0.43698,0.78211,0.89591,-0.020946,4.911738,0,1,2.63600,378.793,10.821,9.000,4.119,12.158,31.178,53.337,0.000,0.000,0,3,1.8861,54,108,54,54,62
4,post_landing,103,1739.0,58,187.372,504.485,-0.42298,0.79552,0.90098,-0.021155,4.890700,0,1,2.63600,378.793,10.821,9.000,4.114,13.149,31.218,58.322,0.000,0.000,0,3,1.8861,54,108,54,54,62
4,post_landing,104,1756.0,58,186.971,505.260,-0.40331,0.79769,0.89385,-0.020979,4.870684,0,1,2.63600,378.793,10.821,9.000,7.070,25.318,32.073,60.196,0.000,0.000,0,3,1.8861,54,108,54,54,62
4,post_landing,105,1772.0,58,186.566,506.155,-0.38456,0.80875,0.89553,-0.021668,4.849613,0,1,2.63600,378.793,10.821,9.000,7.071,31.256,34.091,64.219,0.000,0.000,0,4,1.8861,54,108,54,54,62
4,post_landing,106,1789.0,58,186.180,507.004,-0.36874,0.81872,0.89793,-0.021738,4.827850,0,1,2.63600,378.793,10.821,9.000,24.186,31.254,53.108,77.179,0.000,0.000,0,4,1.8861,54,108,54,54,62
4,post_landing,107,1806.0,58,185.831,507.819,-0.51398,0.59448,0.78587,-0.033655,4.807281,0,1,2.63600,378.793,10.821,9.000,30.149,32.140,57.123,78.123,0.000,0.000,0,5,1.8861,54,108,54,54,62
4,post_landing,108,1822.0,58,185.315,508.610,-0.56003,0.51579,0.76136,-0.035810,4.773479,0,1,2.63600,378.793,10.821,9.000,29.068,56.079,74.045,80.034,0.000,0.000,0,3,1.8861,54,108,54,54,62
4,post_landing,109,1839.0,58,184.752,509.208,-0.52900,0.49955,0.72759,-0.037862,4.737511,0,1,2.63600,378.793,10.821,9.000,34.014,61.006,77.026,81.000,0.000,0.000,0,4,1.8861,54,108,54,54,62
4,post_landing,110,1856.0,58,184.252,509.608,-0.06065,-0.03181,0.06849,-0.004348,4.701687,0,1,2.63600,378.793,10.821,9.000,51.008,54.008,78.006,81.995,0.000,0.000,0,9,1.8861,54,108,54,54,62
4,post_landing,111,1872.0,58,184.191,509.612,0.00280,0.00000,0.00280,0.000000,4.697320,0,1,2.63600,378.793,10.821,9.000,51.009,54.009,78.006,81.991,0.000,0.000,0,9,1.8861,54,108,54,54,62
4,post_landing,112,1889.0,58,184.194,509.612,0.00260,0.00000,0.00260,0.000000,4.697320,0,1,2.63600,378.793,10.821,9.000,51.009,54.009,78.006,81.991,0.000,0.000,0,9,1.8861,54,108,54,54,62
4,post_landing,113,1906.0,58,184.196,509.610,-0.00019,0.00000,0.00019,0.000000,4.697320,0,1,2.63600,378.793,10.821,9.000,51.009,54.009,78.006,81.991,0.000,0.000,0,9,1.8861,54,108,54,54,62
4,post_landing,114,1922.0,58,184.196,509.612,0.00014,0.00000,0.00014,0.000000,4.697320,0,1,2.63600,378.793,10.821,9.000,51.009,54.009,78.006,81.991,0.000,0.000,0,9,1.8861,54,108,54,54,62
4,post_landing,115,1939.0,58,184.196,509.612,0.00002,0.00000,0.00002,0.000000,4.697320,0,1,2.63600,378.793,10.821,9.000,51.009,54.009,78.006,81.991,0.000,0.000,0,9,1.8861,54,108,54,54,62
4,post_landing,116,1956.0,58,184.196,509.610,-0.00009,0.00000,0.00009,0.000000,4.697320,0,1,2.63600,378.793,10.821,9.000,51.009,54.009,78.006,81.991,0.000,0.000,0,9,1.8861,54,108,54,54,62
4,post_landing,117,1972.0,58,184.196,509.612,0.00013,0.00000,0.00013,0.000000,4.697320,0,1,2.63600,378.793,10.821,9.000,51.009,54.009,78.006,81.991,0.000,0.000,0,9,1.8861,54,108,54,54,62
5,falling,0,15.0,,195.000,97.029,0.00000,0.55000,0.55000,0.000000,0.000000,0,0,4.20200,918.333,0.519,9.000,9.000,11.000,12.000,16.000,0.000,0.000,0,0,1.6043,84,168,84,91,85
5,falling,1,24.0,,195.000,97.405,0.00000,0.69555,0.69555,0.000000,0.000000,0,0,4.20200,918.333,0.519,9.000,9.000,11.000,12.000,16.000,0.000,0.000,0,0,1.6043,84,168,84,91,85
5,falling,2,41.0,,195.000,98.392,0.00000,0.96824,0.96824,0.000000,0.000000,0,0,4.20200,918.333,0.519,9.000,9.000,11.000,12.000,16.000,0.000,0.000,0,0,1.6043,84,168,84,91,85
5,falling,3,57.0,,195.000,99.564,0.00000,1.22096,1.22096,0.000000,0.000000,0,0,4.20200,918.333,0.519,9.000,9.000,11.000,12.000,16.000,0.000,0.000,0,0,1.6043,84,168,84,91,85
5,falling,4,74.0,,195.000,101.080,0.00000,1.48561,1.48561,0.000000,0.000000,0,0,4.20200,918.333,0.519,9.000,9.000,11.000,12.000,16.000,0.000,0.000,0,0,1.6043,84,168,84,91,85
5,falling,5,91.0,,195.000,102.861,0.00000,1.74622,1.74622,0.000000,0.000000,0,0,4.20200,918.333,0.519,9.000,9.000,11.000,12.000,16.000,0.000,0.000,0,0,1.6043,84,168,84,91,85
5,falling,6,108.0,,195.000,104.769,0.00000,1.98774,1.98774,0.000000,0.000000,0,0,4.20200,918.333,0.519,9.000,9.000,11.000,12.000,16.000,0.000,0.000,0,0,1.6043,84,168,84,91,85
5,falling,7,124.0,,195.000,107.054,0.00000,2.24066,2.24066,0.000000,0.000000,0,0,4.20200,918.333,0.519,9.000,9.000,11.000,12.000,16.000,0.000,0.000,0,0,1.6043,84,168,84,91,85
5,falling,8,141.0,,195.000,109.431,0.00000,2.47506,2.47506,0.000000,0.000000,0,0,4.20200,918.333,0.519,9.000,9.000,11.000,12.000,16.000,0.000,0.000,0,0,1.6043,84,168,84,91,85
5,falling,9,158.0,,195.000,112.205,0.00000,2.72052,2.72052,0.000000,0.000000,0,0,4.20200,918.333,0.519,9.000,9.000,11.000,12.000,16.000,0.000,0.000,0,0,1.6043,84,168,84,91,85
5,falling,10,174.0,,195.000,115.227,0.00000,2.96223,2.96223,0.000000,0.000000,0,0,4.20200,918.333,0.519,9.000,9.000,11.000,12.000,16.000,0.000,0.000,0,0,1.6043,84,168,84,91,85
5,falling,11,191.0,,195.000,118.286,0.00000,3.18624,3.18624,0.000000,0.000000,0,0,4.20200,918.333,0.519,9.000,9.000,11.000,12.000,16.000,0.000,0.000,0,0,1.6043,84,168,84,91,85
5,falling,12,208.0,,195.000,121.775,0.00000,3.42083,3.42083,0.000000,0.000000,0,0,4.20200,918.333,0.519,9.000,9.000,11.000,12.000,16.000,0.000,0.000,0,0,1.6043,84,168,84,91,85
5,falling,13,224.0,,195.000,125.500,0.00000,3.65182,3.65182,0.000000,0.000000,0,0,4.20200,918.333,0.519,9.000,9.000,11.000,12.000,16.000,0.000,0.000,0,0,1.6043,84,168,84,91,85
5,falling,14,241.0,,195.000,129.211,0.00000,3.86590,3.86590,0.000000,0.000000,0,0,4.20200,918.333,0.519,9.000,9.000,11.000,12.000,16.000,0.000,0.000,0,0,1.6043,84,168,84,91,85
5,falling,15,257.0,,195.000,133.383,0.00000,4.09009,4.09009,0.000000,0.000000,0,0,4.20200,918.333,0.519,9.000,9.000,11.000,12.000,16.000,0.000,0.000,0,0,1.6043,84,168,84,91,85
5,falling,16,274.0,,195.000,137.780,0.00000,4.31084,4.31084,0.000000,0.000000,0,0,4.20200,918.333,0.519,9.000,9.000,11.000,12.000,16.000,0.000,0.000,0,0,1.6043,84,168,84,91,85
5,falling,17,291.0,,195.000,142.115,0.00000,4.51543,4.51543,0.000000,0.000000,0,0,4.20200,918.333,0.519,9.000,9.000,11.000,12.000,16.000,0.000,0.000,0,0,1.6043,84,168,84,91,85
5,falling,18,307.0,,195.000,146.939,0.00000,4.72968,4.72968,0.000000,0.000000,0,0,4.20200,918.333,0.519,9.000,9.000,11.000,12.000,16.000,0.000,0.000,0,0,1.6043,84,168,84,91,85
5,falling,19,324.0,,195.000,151.979,0.00000,4.94065,4.94065,0.000000,0.000000,0,0,4.20200,918.333,0.519,9.000,9.000,11.000,12.000,16.000,0.000,0.000,0,0,1.6043,84,168,84,91,85
5,falling,20,341.0,,195.000,156.909,0.00000,5.13617,5.13617,0.000000,0.000000,0,0,4.20200,918.333,0.519,9.000,9.000,11.000,12.000,16.000,0.000,0.000,0,0,1.6043,84,168,84,91,85
5,falling,21,357.0,,195.000,162.357,0.00000,5.34092,5.34092,0.000000,0.000000,0,0,4.20200,918.333,0.519,9.000,9.000,11.000,12.000,16.000,0.000,0.000,0,0,1.6043,84,168,84,91,85
5,falling,22,374.0,,195.000,168.010,0.00000,5.54254,5.54254,0.000000,0.000000,0,0,4.20200,918.333,0.519,9.000,9.000,11.000,12.000,16.000,0.000,0.000,0,0,1.6043,84,168,84,91,85
5,falling,23,391.0,,195.000,173.511,0.00000,5.72939,5.72939,0.000000,0.000000,0,0,4.20200,918.333,0.519,9.000,9.000,11.000,12.000,16.000,0.000,0.000,0,0,1.6043,84,168,84,91,85
5,falling,24,407.0,,195.000,179.554,0.00000,5.92507,5.92507,0.000000,0.000000,0,0,4.20200,918.333,0.519,9.000,9.000,11.000,12.000,16.000,0.000,0.000,0,0,1.6043,84,168,84,91,85
5,falling,25,424.0,,195.000,185.794,0.00000,6.11775,6.11775,0.000000,0.000000,0,0,4.20200,918.333,0.519,9.000,9.000,11.000,12.000,16.000,0.000,0.000,0,0,1.6043,84,168,84,91,85
5,falling,26,441.0,,195.000,191.839,0.00000,6.29632,6.29632,0.000000,0.000000,0,0,4.20200,918.333,0.519,9.000,9.000,11.000,12.000,16.000,0.000,0.000,0,0,1.6043,84,168,84,91,85
5,falling,27,458.0,,195.000,198.452,0.00000,6.48332,6.48332,0.000000,0.000000,0,0,4.20200,918.333,0.519,9.000,9.000,11.000,12.000,16.000,0.000,0.000,0,0,1.6043,84,168,84,91,85
5,falling,28,474.0,,195.000,205.253,0.00000,6.66746,6.66746,0.000000,0.000000,0,0,4.20200,918.333,0.519,9.000,9.000,11.000,12.000,16.000,0.000,0.000,0,0,1.6043,84,168,84,91,85
5,falling,29,491.0,,195.000,211.817,0.00000,6.83811,6.83811,0.000000,0.000000,0,0,4.20200,918.333,0.519,9.000,9.000,11.000,12.000,16.000,0.000,0.000,0,0,1.6043,84,168,84,91,85
5,falling,30,508.0,,195.000,218.974,0.00000,7.01682,7.01682,0.000000,0.000000,0,0,4.20200,918.333,0.519,9.000,9.000,11.000,12.000,16.000,0.000,0.000,0,0,1.6043,84,168,84,91,85
5,falling,31,524.0,,195.000,226.311,0.00000,7.19280,7.19280,0.000000,0.000000,0,0,4.20200,918.333,0.519,9.000,9.000,11.000,12.000,16.000,0.000,0.000,0,0,1.6043,84,168,84,91,85
5,falling,32,541.0,,195.000,233.824,0.00000,7.36608,7.36608,0.000000,0.000000,0,0,4.20200,918.333,0.519,9.000,9.000,11.000,12.000,16.000,0.000,0.000,0,0,1.6043,84,168,84,91,85
5,falling,33,557.0,,195.000,241.050,0.00000,7.52668,7.52668,0.000000,0.000000,0,0,4.20200,918.333,0.519,9.000,9.000,11.000,12.000,16.000,0.000,0.000,0,0,1.6043,84,168,84,91,85
5,falling,34,574.0,,195.000,248.899,0.00000,7.69485,7.69485,0.000000,0.000000,0,0,4.20200,918.333,0.519,9.000,9.000,11.000,12.000,16.000,0.000,0.000,0,0,1.6043,84,168,84,91,85
5,falling,35,591.0,,195.000,256.435,0.00000,7.85071,7.85071,0.000000,0.000000,0,0,4.20200,918.333,0.519,9.000,9.000,11.000,12.000,16.000,0.000,0.000,0,0,1.6043,84,168,84,91,85
5,falling,36,607.0,,195.000,264.610,0.00000,8.01393,8.01393,0.000000,0.000000,0,0,4.20200,918.333,0.519,9.000,9.000,11.000,12.000,16.000,0.000,0.000,0,0,1.6043,84,168,84,91,85
5,falling,37,624.0,,195.000,272.948,0.00000,8.17465,8.17465,0.000000,0.000000,0,0,4.20200,918.333,0.519,9.000,9.000,11.000,12.000,16.000,0.000,0.000,0,0,1.6043,84,168,84,91,85
5,falling,38,641.0,,195.000,280.938,0.00000,8.32360,8.32360,0.000000,0.000000,0,0,4.20200,918.333,0.519,9.000,9.000,11.000,12.000,16.000,0.000,0.000,0,0,1.6043,84,168,84,91,85
5,falling,39,658.0,,195.000,289.588,0.00000,8.47958,8.47958,0.000000,0.000000,0,0,4.20200,918.333,0.519,9.000,9.000,11.000,12.000,16.000,0.000,0.000,0,0,1.6043,84,168,84,91,85
5,falling,40,674.0,,195.000,298.393,0.00000,8.63318,8.63318,0.000000,0.000000,0,0,4.20200,918.333,0.519,9.000,9.000,11.000,12.000,16.000,0.000,0.000,0,0,1.6043,84,168,84,91,85
5,falling,41,691.0,,195.000,307.354,0.00000,8.78442,8.78442,0.000000,0.000000,0,0,4.20200,918.333,0.519,9.000,9.000,11.000,12.000,16.000,0.000,0.000,0,0,1.6043,84,168,84,91,85
5,falling,42,707.0,,195.000,315.921,0.00000,8.92460,8.92460,0.000000,0.000000,0,0,4.20200,918.333,0.519,9.000,9.000,11.000,12.000,16.000,0.000,0.000,0,0,1.6043,84,168,84,91,85
5,falling,43,724.0,,195.000,325.174,0.00000,9.07138,9.07138,0.000000,0.000000,0,0,4.20200,918.333,0.519,9.000,9.000,11.000,12.000,16.000,0.000,0.000,0,0,1.6043,84,168,84,91,85
5,falling,44,741.0,,195.000,334.013,0.00000,9.20742,9.20742,0.000000,0.000000,0,0,4.20200,918.333,0.519,9.000,9.000,11.000,12.000,16.000,0.000,0.000,0,0,1.6043,84,168,84,91,85
5,falling,45,757.0,,195.000,343.550,0.00000,9.34988,9.34988,0.000000,0.000000,0,0,4.20200,918.333,0.519,9.000,9.000,11.000,12.000,16.000,0.000,0.000,0,0,1.6043,84,168,84,91,85
5,falling,46,774.0,,195.000,353.230,0.00000,9.49016,9.49016,0.000000,0.000000,0,0,4.20200,918.333,0.519,9.000,9.000,11.000,12.000,16.000,0.000,0.000,0,0,1.6043,84,168,84,91,85
5,falling,47,791.0,,195.000,363.051,0.00000,9.62830,9.62830,0.000000,0.000000,0,0,4.20200,918.333,0.519,9.000,9.000,11.000,12.000,16.000,0.000,0.000,0,0,1.6043,84,168,84,91,85
5,falling,48,807.0,,195.000,372.417,0.00000,9.75631,9.75631,0.000000,0.000000,0,0,4.20200,918.333,0.519,9.000,9.000,11.000,12.000,16.000,0.000,0.000,0,0,1.6043,84,168,84,91,85
5,falling,49,824.0,,195.000,382.505,0.00000,9.89038,9.89038,0.000000,0.000000,0,0,4.20200,918.333,0.519,9.000,9.000,11.000,12.000,16.000,0.000,0.000,0,0,1.6043,84,168,84,91,85
5,falling,50,841.0,,195.000,392.728,0.00000,10.02239,10.02239,0.000000,0.000000,0,0,4.20200,918.333,0.519,9.000,9.000,11.000,12.000,16.000,0.000,0.000,0,0,1.6043,84,168,84,91,85
5,falling,51,858.0,,195.000,402.467,0.00000,10.14473,10.14473,0.000000,0.000000,0,0,4.20200,918.333,0.519,9.000,9.000,11.000,12.000,16.000,0.000,0.000,0,0,1.6043,84,168,84,91,85
5,falling,52,874.0,,195.000,412.945,0.00000,10.27285,10.27285,0.000000,0.000000,0,0,4.20200,918.333,0.519,9.000,9.000,11.000,12.000,16.000,0.000,0.000,0,0,1.6043,84,168,84,91,85
5,falling,53,891.0,,195.000,423.552,0.00000,10.39901,10.39901,0.000000,0.000000,0,0,4.20200,918.333,0.519,9.000,9.000,11.000,12.000,16.000,0.000,0.000,0,0,1.6043,84,168,84,91,85
5,falling,54,908.0,,195.000,433.647,0.00000,10.51593,10.51593,0.000000,0.000000,0,0,4.20200,918.333,0.519,9.000,9.000,11.000,12.000,16.000,0.000,0.000,0,0,1.6043,84,168,84,91,85
5,falling,55,924.0,,195.000,444.499,0.00000,10.63837,10.63837,0.000000,0.000000,0,0,4.20200,918.333,0.519,9.000,9.000,11.000,12.000,16.000,0.000,0.000,0,0,1.6043,84,168,84,91,85
5,falling,56,941.0,,195.000,455.473,0.00000,10.75894,10.75894,0.000000,0.000000,0,0,4.20200,918.333,0.519,9.000,9.000,11.000,12.000,16.000,0.000,0.000,0,0,1.6043,84,168,84,91,85
5,falling,57,958.0,,195.000,465.909,0.00000,10.87067,10.87067,0.000000,0.000000,0,0,4.20200,918.333,0.519,9.000,9.000,11.000,12.000,16.000,0.000,0.000,0,0,1.6043,84,168,84,91,85
5,falling,58,974.0,,195.000,477.116,0.00000,10.98769,10.98769,0.000000,0.000000,0,0,4.20200,918.333,0.519,9.000,9.000,11.000,12.000,16.000,0.000,0.000,0,0,1.6043,84,168,84,91,85
5,post_landing,59,991.0,59,195.000,483.981,-2.57149,-0.67415,2.65839,0.037935,0.000000,0,1,4.20200,918.333,0.519,9.000,9.000,11.000,12.000,16.000,0.000,0.000,0,7,1.6043,84,168,84,91,85
5,post_landing,60,1008.0,59,192.567,480.996,-1.15749,-1.03074,1.54990,-0.110481,0.035893,0,1,4.20200,918.333,0.519,9.000,8.031,10.029,11.065,16.026,0.000,0.000,0,3,1.6043,84,168,84,91,85
5,post_landing,61,1024.0,59,191.404,478.166,-1.13978,-0.73163,1.35439,-0.108791,-0.075073,0,0,4.20200,918.333,0.519,9.000,6.058,10.047,12.116,15.955,0.000,0.000,0,0,1.6043,84,168,84,91,85
5,post_landing,62,1041.0,59,190.260,476.054,-1.12234,-0.43710,1.20445,-0.107126,-0.184342,0,0,4.20200,918.333,0.519,9.000,6.082,7.248,12.163,38.823,0.000,0.000,0,0,1.6043,84,168,84,91,85
5,post_landing,63,1058.0,59,189.198,474.563,-1.10618,-0.16414,1.11829,-0.105584,-0.285702,0,0,4.20200,918.333,0.519,9.000,1.241,7.280,36.681,39.278,0.000,0.000,0,0,1.6043,84,168,84,91,85
5,post_landing,64,1074.0,59,188.087,473.620,-1.08925,0.12170,1.09603,-0.103968,-0.391750,0,0,4.20200,918.333,0.519,9.000,29.536,34.539,37.694,39.000,0.000,0.000,0,0,1.6043,84,168,84,91,85
5,post_landing,65,1091.0,59,186.993,474.031,-1.07259,0.40317,1.14586,-0.102377,-0.496175,0,0,4.20200,918.333,0.519,9.000,0.476,3.590,30.885,38.945,0.000,0.000,0,0,1.6043,84,168,84,91,85
5,post_landing,66,1108.0,59,185.978,474.669,-1.05714,0.66403,1.24839,-0.100903,-0.593042,0,0,4.20200,918.333,0.519,9.000,0.559,3.606,4.164,36.884,0.000,0.000,0,0,1.6043,84,168,84,91,85
5,post_landing,67,1124.0,59,184.916,475.625,-1.04097,0.93721,1.40070,-0.099359,-0.694388,0,0,4.20200,918.333,0.519,9.000,0.640,3.585,5.505,12.804,0.000,0.000,0,0,1.6043,84,168,84,91,85
5,post_landing,68,1141.0,59,183.870,476.855,-1.02504,1.20620,1.58292,-0.097839,-0.794184,0,0,4.20200,918.333,0.519,9.000,0.713,1.427,5.669,14.855,0.000,0.000,0,0,1.6043,84,168,84,91,85
5,post_landing,69,1158.0,59,182.900,478.252,-1.01028,1.45550,1.77176,-0.096430,-0.886757,0,0,4.20200,918.333,0.519,9.000,0.775,2.325,5.771,17.027,0.000,0.000,0,0,1.6043,84,168,84,91,85
5,post_landing,70,1174.0,59,181.886,480.003,-0.99482,1.71656,1.98400,-0.094955,-0.983611,0,0,4.20200,918.333,0.519,9.000,0.833,2.498,5.825,18.309,0.000,0.000,0,0,1.6043,84,168,84,91,85
5,post_landing,71,1191.0,59,180.887,482.016,-0.97960,1.97363,2.20337,-0.093502,-1.078983,0,0,4.20200,918.333,0.519,9.000,1.763,2.644,6.233,22.226,0.000,0.000,0,0,1.6043,84,168,84,91,85
5,post_landing,72,1208.0,59,179.960,484.140,-0.96550,2.21188,2.41342,-0.092156,-1.167453,0,0,4.20200,918.333,0.519,9.000,1.840,4.599,14.839,26.269,0.000,0.000,0,0,1.6043,84,168,84,91,85
5,post_landing,73,1224.0,59,178.990,486.650,-0.95072,2.46137,2.63860,-0.090746,-1.260013,0,0,4.20200,918.333,0.519,9.000,2.856,4.760,22.781,28.834,0.000,0.000,0,0,1.6043,84,168,84,91,85
5,post_landing,74,1241.0,59,178.035,489.412,-0.93618,2.70704,2.86435,-0.089357,-1.351158,0,0,4.20200,918.333,0.519,9.000,18.221,22.125,26.683,29.715,0.000,0.000,0,0,1.6043,84,168,84,91,85
5,post_landing,75,1258.0,59,177.149,492.229,-0.92270,2.93473,3.07636,-0.088071,-1.435705,0,0,4.20200,918.333,0.519,9.000,25.176,26.167,29.275,29.996,0.000,0.000,0,0,1.6043,84,168,84,91,85
5,post_landing,76,1274.0,59,176.223,495.456,-1.33833,0.46464,1.41670,-0.046531,-1.524163,0,1,4.20200,918.333,0.519,9.000,12.034,16.029,29.015,30.920,0.000,0.000,0,1,1.6043,84,168,84,91,85
5,post_landing,77,1291.0,59,174.878,495.925,-0.58475,0.22515,0.62660,-0.054334,-1.570898,0,1,4.20200,918.333,0.519,9.000,10.000,15.000,30.000,33.001,0.000,0.000,0,5,1.6043,84,168,84,91,85
5,post_landing,78,1308.0,59,174.325,496.225,-1.46356,-0.29370,1.49274,0.007552,-1.622308,0,1,4.20200,918.333,0.519,9.000,10.038,15.032,20.025,33.214,0.000,0.000,0,5,1.6043,84,168,84,91,85
5,post_landing,79,1324.0,59,172.855,496.141,-1.13420,-0.03516,1.13475,-0.008939,-1.614723,0,1,4.20200,918.333,0.519,9.000,10.034,15.029,25.020,33.188,0.000,0.000,0,4,1.6043,84,168,84,91,85
5,post_landing,80,1341.0,59,171.716,496.236,-1.29372,-0.24447,1.31661,0.000000,-1.623701,0,1,4.20200,918.333,0.519,9.000,10.039,15.032,20.025,33.218,0.000,0.000,0,5,1.6043,84,168,84,91,85
5,post_landing,81,1358.0,59,170.492,496.189,-0.92123,0.00000,0.92123,-0.014934,-1.623701,0,1,4.20200,918.333,0.519,9.000,10.039,15.032,20.025,33.218,0.000,0.000,0,4,1.6043,84,168,84,91,85
5,post_landing,82,1374.0,59,169.566,496.280,-1.02899,-0.15346,1.04037,-0.012033,-1.638700,0,1,4.20200,918.333,0.519,9.000,10.045,15.033,18.094,33.263,0.000,0.000,0,4,1.6043,84,168,84,91,85
5,post_landing,83,1391.0,59,168.533,496.295,-1.05944,0.10313,1.06445,0.000000,-1.650786,0,1,4.20200,918.333,0.519,9.000,10.048,15.032,18.102,33.294,0.000,0.000,0,3,1.6043,84,168,84,91,85
5,post_landing,84,1408.0,59,167.531,496.421,-1.26190,-0.05205,1.26297,0.013866,-1.650786,0,1,4.20200,918.333,0.519,9.000,10.048,15.032,18.102,33.294,0.000,0.000,0,5,1.6043,84,168,84,91,85
5,post_landing,85,1424.0,59,166.263,496.325,-0.79174,-0.07171,0.79498,-0.033987,-1.636859,0,1,4.20200,918.333,0.519,9.000,10.044,15.033,18.093,33.258,0.000,0.000,0,5,1.6043,84,168,84,91,85
5,post_landing,86,1441.0,59,165.468,496.414,-1.10118,0.04167,1.10197,0.004552,-1.670995,0,1,4.20200,918.333,0.519,9.000,10.050,13.035,18.110,33.335,0.000,0.000,0,3,1.6043,84,168,84,91,85
5,post_landing,87,1458.0,59,164.426,496.458,-1.21062,-0.04363,1.21140,0.011162,-1.666688,0,1,4.20200,918.333,0.519,9.000,10.050,13.036,18.109,33.327,0.000,0.000,0,4,1.6043,84,168,84,91,85
5,post_landing,88,1474.0,59,163.210,496.457,0.09994,0.15148,0.18148,-0.106376,-1.655477,0,1,4.20200,918.333,0.519,9.000,10.049,13.038,18.105,33.305,0.000,0.000,0,5,1.6043,84,168,84,91,85
5,post_landing,89,1491.0,59,163.310,496.887,-0.54687,0.32571,0.63652,-0.023435,-1.762320,0,1,4.20200,918.333,0.519,9.000,6.081,11.180,16.279,34.520,0.000,0.000,0,1,1.6043,84,168,84,91,85
5,post_landing,90,1508.0,59,162.793,497.266,-0.77390,0.19826,0.79890,-0.004494,-1.784494,0,1,4.20200,918.333,0.519,9.000,6.076,11.174,16.272,32.757,0.000,0.000,0,3,1.6043,84,168,84,91,85
5,post_landing,91,1524.0,59,162.016,497.390,-0.62392,0.04592,0.62561,-0.026714,-1.789008,0,1,4.20200,918.333,0.519,9.000,6.074,11.172,16.270,60.415,0.000,0.000,0,4,1.6043,84,168,84,91,85
5,post_landing,92,1541.0,59,161.389,497.436,-0.59974,0.11068,0.60987,-0.024839,-1.815839,0,1,4.20200,918.333,0.519,9.000,6.063,11.157,16.250,54.813,0.000,0.000,0,2,1.6043,84,168,84,91,85
5,post_landing,93,1558.0,59,160.822,497.656,-0.78951,0.02701,0.78997,-0.010400,-1.839342,0,1,4.20200,918.333,0.519,9.000,4.122,9.208,14.294,57.274,0.000,0.000,0,2,1.6043,84,168,84,91,85
5,post_landing,94,1574.0,59,160.029,497.760,-0.64994,-0.02508,0.65043,-0.028177,-1.849787,0,1,4.20200,918.333,0.519,9.000,4.121,9.203,14.285,57.280,0.000,0.000,0,2,1.6043,84,168,84,91,85
5,post_landing,95,1591.0,59,159.376,497.908,-0.90267,0.20173,0.92494,0.004821,-1.878088,0,1,4.20200,918.333,0.519,9.000,5.371,9.183,14.252,59.775,0.000,0.000,0,1,1.6043,84,168,84,91,85
5,post_landing,96,1608.0,59,158.522,498.071,-0.54008,0.07325,0.54503,-0.033403,-1.873526,0,1,4.20200,918.333,0.519,9.000,4.116,9.187,14.258,59.774,0.000,0.000,0,3,1.6043,84,168,84,91,85
5,post_landing,97,1624.0,59,157.979,498.218,-0.47359,0.07857,0.48006,-0.037743,-1.907076,0,1,4.20200,918.333,0.519,9.000,5.380,9.156,48.703,59.463,0.000,0.000,0,1,1.6043,84,168,84,91,85
5,post_landing,98,1641.0,59,157.504,498.625,-0.45110,0.10509,0.46318,-0.037293,-1.944985,0,1,4.20200,918.333,0.519,9.000,5.385,43.080,51.989,61.097,0.000,0.000,0,1,1.6043,84,168,84,91,85
5,post_landing,99,1658.0,59,157.077,499.011,-0.44461,0.37024,0.57858,-0.036756,-1.980270,0,0,4.20200,918.333,0.519,9.000,42.544,47.010,54.625,62.760,0.000,0.000,0,0,1.6043,84,168,84,91,85
5,post_landing,100,1675.0,59,156.630,499.150,-0.02718,0.00000,0.02718,0.000000,-2.017187,0,1,4.20200,918.333,0.519,9.000,2.667,46.519,52.794,61.305,0.000,0.000,0,5,1.6043,84,168,84,91,85
5,post_landing,101,1691.0,59,156.603,498.887,0.10429,0.05082,0.11601,0.002081,-2.017187,0,1,4.20200,918.333,0.519,9.000,2.667,46.519,52.794,61.305,0.000,0.000,0,3,1.6043,84,168,84,91,85
5,post_landing,102,1708.0,59,156.702,498.736,0.16390,0.07973,0.18226,0.003366,-2.015218,0,1,4.20200,918.333,0.519,9.000,2.666,46.519,52.796,61.309,0.000,0.000,0,2,1.6043,84,168,84,91,85
5,post_landing,103,1724.0,59,156.866,498.817,0.20376,0.09948,0.22675,0.004199,-2.011838,0,1,4.20200,918.333,0.519,9.000,42.048,46.519,52.798,61.313,0.000,0.000,0,2,1.6043,84,168,84,91,85
5,post_landing,104,1741.0,59,157.071,498.929,0.22520,0.11080,0.25098,0.004661,-2.007621,0,1,4.20200,918.333,0.519,9.000,42.047,46.517,52.800,61.318,0.000,0.000,0,2,1.6043,84,168,84,91,85
5,post_landing,105,1758.0,59,157.284,499.045,0.23523,0.11297,0.26095,0.004715,-2.003211,0,1,4.20200,918.333,0.519,9.000,42.953,46.515,54.617,61.811,0.000,0.000,0,2,1.6043,84,168,84,91,85
5,post_landing,106,1775.0,59,157.520,499.254,0.06783,0.00000,0.06783,0.000000,-1.998476,0,1,4.20200,918.333,0.519,9.000,42.953,46.512,54.621,62.730,0.000,0.000,0,4,1.6043,84,168,84,91,85
5,post_landing,107,1791.0,59,157.588,499.261,-0.01268,0.00000,0.01268,0.000000,-1.998476,0,1,4.20200,918.333,0.519,9.000,42.953,46.512,54.621,62.730,0.000,0.000,0,4,1.6043,84,168,84,91,85
5,post_landing,108,1808.0,59,157.576,499.257,-0.01324,0.00000,0.01324,0.000000,-1.998476,0,1,4.20200,918.333,0.519,9.000,42.953,46.512,54.621,62.730,0.000,0.000,0,4,1.6043,84,168,84,91,85
5,post_landing,109,1825.0,59,157.563,499.261,-0.00104,0.00000,0.00104,0.000000,-1.998476,0,1,4.20200,918.333,0.519,9.000,42.953,46.512,54.621,62.730,0.000,0.000,0,4,1.6043,84,168,84,91,85
5,post_landing,110,1841.0,59,157.562,499.261,0.00131,0.00000,0.00131,0.000000,-1.998476,0,1,4.20200,918.333,0.519,9.000,42.953,46.512,54.621,62.730,0.000,0.000,0,4,1.6043,84,168,84,91,85
5,post_landing,111,1858.0,59,157.563,499.257,-0.00052,0.00000,0.00052,0.000000,-1.998476,0,1,4.20200,918.333,0.519,9.000,42.953,46.512,54.621,62.730,0.000,0.000,0,4,1.6043,84,168,84,91,85
5,post_landing,112,1875.0,59,157.563,499.261,0.00066,0.00000,0.00066,0.000000,-1.998476,0,1,4.20200,918.333,0.519,9.000,42.953,46.512,54.621,62.730,0.000,0.000,0,4,1.6043,84,168,84,91,85
5,post_landing,113,1891.0,59,157.563,499.261,0.00024,0.00000,0.00024,0.000000,-1.998476,0,1,4.20200,918.333,0.519,9.000,42.953,46.512,54.621,62.730,0.000,0.000,0,4,1.6043,84,168,84,91,85
5,post_landing,114,1908.0,59,157.564,499.257,-0.00099,0.00000,0.00099,0.000000,-1.998476,0,1,4.20200,918.333,0.519,9.000,42.953,46.512,54.621,62.730,0.000,0.000,0,4,1.6043,84,168,84,91,85
5,post_landing,115,1927.0,59,157.562,499.266,0.00191,0.00000,0.00191,0.000000,-1.998476,0,1,4.20200,918.333,0.519,9.000,42.953,46.512,54.621,62.730,0.000,0.000,0,4,1.6043,84,168,84,91,85
5,post_landing,116,1941.0,59,157.564,499.252,-0.00366,0.00000,0.00366,0.000000,-1.998476,0,1,4.20200,918.333,0.519,9.000,42.953,46.512,54.621,62.730,0.000,0.000,0,4,1.6043,84,168,84,91,85
5,post_landing,117,1958.0,59,157.561,499.256,-0.00022,0.00000,0.00022,0.000000,-1.998476,0,1,4.20200,918.333,0.519,9.000,42.953,46.512,54.621,62.730,0.000,0.000,0,4,1.6043,84,168,84,91,85
5,post_landing,118,1975.0,59,157.560,499.261,0.00128,0.00000,0.00128,0.000000,-1.998476,0,1,4.20200,918.333,0.519,9.000,42.953,46.512,54.621,62.730,0.000,0.000,0,4,1.6043,84,168,84,91,85
6,falling,0,30.0,,195.000,97.029,0.00000,0.55000,0.55000,0.000000,0.000000,0,0,4.95600,1754.612,4.805,35.000,35.000,35.000,37.000,39.000,0.000,0.000,0,0,1.5583,63,126,63,66,67
6,falling,1,36.0,,195.000,97.262,0.00000,0.64703,0.64703,0.000000,0.000000,0,0,4.95600,1754.612,4.805,35.000,35.000,35.000,37.000,39.000,0.000,0.000,0,0,1.5583,63,126,63,66,67
6,falling,2,53.0,,195.000,98.201,0.00000,0.92046,0.92046,0.000000,0.000000,0,0,4.95600,1754.612,4.805,35.000,35.000,35.000,37.000,39.000,0.000,0.000,0,0,1.5583,63,126,63,66,67
6,falling,3,70.0,,195.000,99.328,0.00000,1.17388,1.17388,0.000000,0.000000,0,0,4.95600,1754.612,4.805,35.000,35.000,35.000,37.000,39.000,0.000,0.000,0,0,1.5583,63,126,63,66,67
6,falling,4,86.0,,195.000,100.796,0.00000,1.43925,1.43925,0.000000,0.000000,0,0,4.95600,1754.612,4.805,35.000,35.000,35.000,37.000,39.000,0.000,0.000,0,0,1.5583,63,126,63,66,67
6,falling,5,103.0,,195.000,102.530,0.00000,1.70056,1.70056,0.000000,0.000000,0,0,4.95600,1754.612,4.805,35.000,35.000,35.000,37.000,39.000,0.000,0.000,0,0,1.5583,63,126,63,66,67
6,falling,6,120.0,,195.000,104.395,0.00000,1.94274,1.94274,0.000000,0.000000,0,0,4.95600,1754.612,4.805,35.000,35.000,35.000,37.000,39.000,0.000,0.000,0,0,1.5583,63,126,63,66,67
6,falling,7,136.0,,195.000,106.636,0.00000,2.19635,2.19635,0.000000,0.000000,0,0,4.95600,1754.612,4.805,35.000,35.000,35.000,37.000,39.000,0.000,0.000,0,0,1.5583,63,126,63,66,67
6,falling,8,153.0,,195.000,109.131,0.00000,2.44608,2.44608,0.000000,0.000000,0,0,4.95600,1754.612,4.805,35.000,35.000,35.000,37.000,39.000,0.000,0.000,0,0,1.5583,63,126,63,66,67
6,falling,9,170.0,,195.000,111.876,0.00000,2.69199,2.69199,0.000000,0.000000,0,0,4.95600,1754.612,4.805,35.000,35.000,35.000,37.000,39.000,0.000,0.000,0,0,1.5583,63,126,63,66,67
6,falling,10,187.0,,195.000,114.680,0.00000,2.91989,2.91989,0.000000,0.000000,0,0,4.95600,1754.612,4.805,35.000,35.000,35.000,37.000,39.000,0.000,0.000,0,0,1.5583,63,126,63,66,67
6,falling,11,203.0,,195.000,117.901,0.00000,3.15855,3.15855,0.000000,0.000000,0,0,4.95600,1754.612,4.805,35.000,35.000,35.000,37.000,39.000,0.000,0.000,0,0,1.5583,63,126,63,66,67
6,falling,12,220.0,,195.000,121.146,0.00000,3.37973,3.37973,0.000000,0.000000,0,0,4.95600,1754.612,4.805,35.000,35.000,35.000,37.000,39.000,0.000,0.000,0,0,1.5583,63,126,63,66,67
6,falling,13,236.0,,195.000,124.829,0.00000,3.61136,3.61136,0.000000,0.000000,0,0,4.95600,1754.612,4.805,35.000,35.000,35.000,37.000,39.000,0.000,0.000,0,0,1.5583,63,126,63,66,67
6,falling,14,253.0,,195.000,128.746,0.00000,3.83943,3.83943,0.000000,0.000000,0,0,4.95600,1754.612,4.805,35.000,35.000,35.000,37.000,39.000,0.000,0.000,0,0,1.5583,63,126,63,66,67
6,falling,15,270.0,,195.000,132.634,0.00000,4.05081,4.05081,0.000000,0.000000,0,0,4.95600,1754.612,4.805,35.000,35.000,35.000,37.000,39.000,0.000,0.000,0,0,1.5583,63,126,63,66,67
6,falling,16,287.0,,195.000,136.992,0.00000,4.27217,4.27217,0.000000,0.000000,0,0,4.95600,1754.612,4.805,35.000,35.000,35.000,37.000,39.000,0.000,0.000,0,0,1.5583,63,126,63,66,67
6,falling,17,303.0,,195.000,141.572,0.00000,4.49014,4.49014,0.000000,0.000000,0,0,4.95600,1754.612,4.805,35.000,35.000,35.000,37.000,39.000,0.000,0.000,0,0,1.5583,63,126,63,66,67
6,falling,18,320.0,,195.000,146.076,0.00000,4.69215,4.69215,0.000000,0.000000,0,0,4.95600,1754.612,4.805,35.000,35.000,35.000,37.000,39.000,0.000,0.000,0,0,1.5583,63,126,63,66,67
6,falling,19,336.0,,195.000,151.078,0.00000,4.90369,4.90369,0.000000,0.000000,0,0,4.95600,1754.612,4.805,35.000,35.000,35.000,37.000,39.000,0.000,0.000,0,0,1.5583,63,126,63,66,67
6,falling,20,353.0,,195.000,156.292,0.00000,5.11200,5.11200,0.000000,0.000000,0,0,4.95600,1754.612,4.805,35.000,35.000,35.000,37.000,39.000,0.000,0.000,0,0,1.5583,63,126,63,66,67
6,falling,21,370.0,,195.000,161.385,0.00000,5.30505,5.30505,0.000000,0.000000,0,0,4.95600,1754.612,4.805,35.000,35.000,35.000,37.000,39.000,0.000,0.000,0,0,1.5583,63,126,63,66,67
6,falling,22,386.0,,195.000,167.003,0.00000,5.50722,5.50722,0.000000,0.000000,0,0,4.95600,1754.612,4.805,35.000,35.000,35.000,37.000,39.000,0.000,0.000,0,0,1.5583,63,126,63,66,67
6,falling,23,403.0,,195.000,172.823,0.00000,5.70629,5.70629,0.000000,0.000000,0,0,4.95600,1754.612,4.805,35.000,35.000,35.000,37.000,39.000,0.000,0.000,0,0,1.5583,63,126,63,66,67
6,falling,24,420.0,,195.000,178.478,0.00000,5.89079,5.89079,0.000000,0.000000,0,0,4.95600,1754.612,4.805,35.000,35.000,35.000,37.000,39.000,0.000,0.000,0,0,1.5583,63,126,63,66,67
6,falling,25,437.0,,195.000,184.684,0.00000,6.08399,6.08399,0.000000,0.000000,0,0,4.95600,1754.612,4.805,35.000,35.000,35.000,37.000,39.000,0.000,0.000,0,0,1.5583,63,126,63,66,67
6,falling,26,453.0,,195.000,191.084,0.00000,6.27424,6.27424,0.000000,0.000000,0,0,4.95600,1754.612,4.805,35.000,35.000,35.000,37.000,39.000,0.000,0.000,0,0,1.5583,63,126,63,66,67
6,falling,27,470.0,,195.000,197.276,0.00000,6.45056,6.45056,0.000000,0.000000,0,0,4.95600,1754.612,4.805,35.000,35.000,35.000,37.000,39.000,0.000,0.000,0,0,1.5583,63,126,63,66,67
6,falling,28,487.0,,195.000,204.044,0.00000,6.63520,6.63520,0.000000,0.000000,0,0,4.95600,1754.612,4.805,35.000,35.000,35.000,37.000,39.000,0.000,0.000,0,0,1.5583,63,126,63,66,67
6,falling,29,503.0,,195.000,210.997,0.00000,6.81701,6.81701,0.000000,0.000000,0,0,4.95600,1754.612,4.805,35.000,35.000,35.000,37.000,39.000,0.000,0.000,0,0,1.5583,63,126,63,66,67
6,falling,30,520.0,,195.000,217.703,0.00000,6.98551,6.98551,0.000000,0.000000,0,0,4.95600,1754.612,4.805,35.000,35.000,35.000,37.000,39.000,0.000,0.000,0,0,1.5583,63,126,63,66,67
6,falling,31,536.0,,195.000,225.009,0.00000,7.16197,7.16197,0.000000,0.000000,0,0,4.95600,1754.612,4.805,35.000,35.000,35.000,37.000,39.000,0.000,0.000,0,0,1.5583,63,126,63,66,67
6,falling,32,553.0,,195.000,232.491,0.00000,7.33572,7.33572,0.000000,0.000000,0,0,4.95600,1754.612,4.805,35.000,35.000,35.000,37.000,39.000,0.000,0.000,0,0,1.5583,63,126,63,66,67
6,falling,33,570.0,,195.000,240.148,0.00000,7.50682,7.50682,0.000000,0.000000,0,0,4.95600,1754.612,4.805,35.000,35.000,35.000,37.000,39.000,0.000,0.000,0,0,1.5583,63,126,63,66,67
6,falling,34,586.0,,195.000,247.507,0.00000,7.66539,7.66539,0.000000,0.000000,0,0,4.95600,1754.612,4.805,35.000,35.000,35.000,37.000,39.000,0.000,0.000,0,0,1.5583,63,126,63,66,67
6,falling,35,603.0,,195.000,255.495,0.00000,7.83144,7.83144,0.000000,0.000000,0,0,4.95600,1754.612,4.805,35.000,35.000,35.000,37.000,39.000,0.000,0.000,0,0,1.5583,63,126,63,66,67
6,falling,36,620.0,,195.000,263.161,0.00000,7.98534,7.98534,0.000000,0.000000,0,0,4.95600,1754.612,4.805,35.000,35.000,35.000,37.000,39.000,0.000,0.000,0,0,1.5583,63,126,63,66,67
6,falling,37,636.0,,195.000,271.470,0.00000,8.14649,8.14649,0.000000,0.000000,0,0,4.95600,1754.612,4.805,35.000,35.000,35.000,37.000,39.000,0.000,0.000,0,0,1.5583,63,126,63,66,67
6,falling,38,653.0,,195.000,279.942,0.00000,8.30519,8.30519,0.000000,0.000000,0,0,4.95600,1754.612,4.805,35.000,35.000,35.000,37.000,39.000,0.000,0.000,0,0,1.5583,63,126,63,66,67
6,falling,39,670.0,,195.000,288.056,0.00000,8.45226,8.45226,0.000000,0.000000,0,0,4.95600,1754.612,4.805,35.000,35.000,35.000,37.000,39.000,0.000,0.000,0,0,1.5583,63,126,63,66,67
6,falling,40,686.0,,195.000,296.834,0.00000,8.60627,8.60627,0.000000,0.000000,0,0,4.95600,1754.612,4.805,35.000,35.000,35.000,37.000,39.000,0.000,0.000,0,0,1.5583,63,126,63,66,67
6,falling,41,703.0,,195.000,305.767,0.00000,8.75793,8.75793,0.000000,0.000000,0,0,4.95600,1754.612,4.805,35.000,35.000,35.000,37.000,39.000,0.000,0.000,0,0,1.5583,63,126,63,66,67
6,falling,42,720.0,,195.000,314.310,0.00000,8.89848,8.89848,0.000000,0.000000,0,0,4.95600,1754.612,4.805,35.000,35.000,35.000,37.000,39.000,0.000,0.000,0,0,1.5583,63,126,63,66,67
6,falling,43,736.0,,195.000,323.536,0.00000,9.04567,9.04567,0.000000,0.000000,0,0,4.95600,1754.612,4.805,35.000,35.000,35.000,37.000,39.000,0.000,0.000,0,0,1.5583,63,126,63,66,67
6,falling,44,753.0,,195.000,332.911,0.00000,9.19060,9.19060,0.000000,0.000000,0,0,4.95600,1754.612,4.805,35.000,35.000,35.000,37.000,39.000,0.000,0.000,0,0,1.5583,63,126,63,66,67
6,falling,45,770.0,,195.000,342.431,0.00000,9.33332,9.33332,0.000000,0.000000,0,0,4.95600,1754.612,4.805,35.000,35.000,35.000,37.000,39.000,0.000,0.000,0,0,1.5583,63,126,63,66,67
6,falling,46,786.0,,195.000,351.518,0.00000,9.46559,9.46559,0.000000,0.000000,0,0,4.95600,1754.612,4.805,35.000,35.000,35.000,37.000,39.000,0.000,0.000,0,0,1.5583,63,126,63,66,67
6,falling,47,803.0,,195.000,361.314,0.00000,9.60410,9.60410,0.000000,0.000000,0,0,4.95600,1754.612,4.805,35.000,35.000,35.000,37.000,39.000,0.000,0.000,0,0,1.5583,63,126,63,66,67
6,falling,48,820.0,,195.000,370.657,0.00000,9.73246,9.73246,0.000000,0.000000,0,0,4.95600,1754.612,4.805,35.000,35.000,35.000,37.000,39.000,0.000,0.000,0,0,1.5583,63,126,63,66,67
6,falling,49,837.0,,195.000,380.721,0.00000,9.86689,9.86689,0.000000,0.000000,0,0,4.95600,1754.612,4.805,35.000,35.000,35.000,37.000,39.000,0.000,0.000,0,0,1.5583,63,126,63,66,67
6,falling,50,853.0,,195.000,390.921,0.00000,9.99926,9.99926,0.000000,0.000000,0,0,4.95600,1754.612,4.805,35.000,35.000,35.000,37.000,39.000,0.000,0.000,0,0,1.5583,63,126,63,66,67
6,falling,51,870.0,,195.000,400.638,0.00000,10.12194,10.12194,0.000000,0.000000,0,0,4.95600,1754.612,4.805,35.000,35.000,35.000,37.000,39.000,0.000,0.000,0,0,1.5583,63,126,63,66,67
6,falling,52,886.0,,195.000,411.093,0.00000,10.25041,10.25041,0.000000,0.000000,0,0,4.95600,1754.612,4.805,35.000,35.000,35.000,37.000,39.000,0.000,0.000,0,0,1.5583,63,126,63,66,67
6,falling,53,903.0,,195.000,421.677,0.00000,10.37691,10.37691,0.000000,0.000000,0,0,4.95600,1754.612,4.805,35.000,35.000,35.000,37.000,39.000,0.000,0.000,0,0,1.5583,63,126,63,66,67
6,falling,54,920.0,,195.000,432.389,0.00000,10.50147,10.50147,0.000000,0.000000,0,0,4.95600,1754.612,4.805,35.000,35.000,35.000,37.000,39.000,0.000,0.000,0,0,1.5583,63,126,63,66,67
6,falling,55,936.0,,195.000,442.581,0.00000,10.61692,10.61692,0.000000,0.000000,0,0,4.95600,1754.612,4.805,35.000,35.000,35.000,37.000,39.000,0.000,0.000,0,0,1.5583,63,126,63,66,67
6,falling,56,953.0,,195.000,453.534,0.00000,10.73781,10.73781,0.000000,0.000000,0,0,4.95600,1754.612,4.805,35.000,35.000,35.000,37.000,39.000,0.000,0.000,0,0,1.5583,63,126,63,66,67
6,falling,57,970.0,,195.000,463.950,0.00000,10.84986,10.84986,0.000000,0.000000,0,0,4.95600,1754.612,4.805,35.000,35.000,35.000,37.000,39.000,0.000,0.000,0,0,1.5583,63,126,63,66,67
6,falling,58,987.0,,195.000,475.136,0.00000,10.96719,10.96719,0.000000,0.000000,0,0,4.95600,1754.612,4.805,35.000,35.000,35.000,37.000,38.000,0.000,0.000,0,0,1.5583,63,126,63,66,67
6,post_landing,59,1003.0,59,195.000,482.343,0.49379,-0.72890,0.88041,0.012123,0.000000,0,1,4.95600,1754.612,4.805,35.000,35.000,35.000,37.000,38.000,0.000,0.000,0,16,1.5583,63,126,63,66,67
6,post_landing,60,1020.0,59,195.496,480.374,1.76412,-2.18072,2.80493,-0.005239,0.012177,0,1,4.95600,1754.612,4.805,35.000,34.010,34.997,37.034,37.973,0.000,0.000,0,8,1.5583,63,126,63,66,67
6,post_landing,61,1037.0,59,197.165,477.347,1.73871,-1.88265,2.56272,-0.005163,0.007220,0,0,4.95600,1754.612,4.805,35.000,34.006,34.999,37.021,37.985,0.000,0.000,0,0,1.5583,63,126,63,66,67
6,post_landing,62,1053.0,59,198.911,474.769,1.71211,-1.57052,2.32333,-0.005084,0.002034,0,0,4.95600,1754.612,4.805,35.000,34.002,35.000,37.006,37.996,0.000,0.000,0,0,1.5583,63,126,63,66,67
6,post_landing,63,1070.0,59,200.631,472.699,1.68592,-1.26315,2.10663,-0.005006,-0.003072,0,0,4.95600,1754.612,4.805,35.000,12.003,35.003,36.997,39.015,0.000,0.000,0,0,1.5583,63,126,63,66,67
6,post_landing,64,1087.0,59,202.226,471.135,1.66164,-0.97830,1.92824,-0.004934,-0.007809,0,0,4.95600,1754.612,4.805,35.000,12.007,35.007,36.991,39.038,0.000,0.000,0,0,1.5583,63,126,63,66,67
6,post_landing,65,1103.0,59,203.895,469.942,1.63622,-0.68000,1.77189,-0.004859,-0.012765,0,0,4.95600,1754.612,4.805,35.000,12.012,35.010,36.984,39.061,0.000,0.000,0,0,1.5583,63,126,63,66,67
6,post_landing,66,1120.0,59,205.539,469.148,1.61118,-0.38626,1.65684,-0.004784,-0.017645,0,0,4.95600,1754.612,4.805,35.000,12.016,35.012,36.977,39.082,0.000,0.000,0,0,1.5583,63,126,63,66,67
6,post_landing,67,1137.0,59,207.063,468.719,1.58798,-0.11403,1.59207,-0.004716,-0.022172,0,0,4.95600,1754.612,4.805,35.000,12.019,35.014,36.969,39.101,0.000,0.000,0,0,1.5583,63,126,63,66,67
6,post_landing,68,1153.0,59,208.658,468.637,1.56368,0.17105,1.57301,-0.004643,-0.026908,0,0,4.95600,1754.612,4.805,35.000,12.023,35.014,36.960,39.120,0.000,0.000,0,0,1.5583,63,126,63,66,67
6,post_landing,69,1170.0,59,210.229,469.098,1.53976,0.45176,1.60467,-0.004572,-0.031572,0,0,4.95600,1754.612,4.805,35.000,12.026,12.057,35.014,39.138,0.000,0.000,0,0,1.5583,63,126,63,66,67
6,post_landing,70,1187.0,59,211.685,469.781,1.51759,0.71193,1.67628,-0.004507,-0.035898,0,0,4.95600,1754.612,4.805,35.000,12.028,12.064,35.013,39.154,0.000,0.000,0,0,1.5583,63,126,63,66,67
6,post_landing,71,1203.0,59,213.210,470.785,1.49437,0.98437,1.78945,-0.004438,-0.040425,0,0,4.95600,1754.612,4.805,35.000,12.031,12.071,35.012,39.170,0.000,0.000,0,0,1.5583,63,126,63,66,67
6,post_landing,72,1220.0,59,214.711,472.063,1.47150,1.25264,1.93247,-0.004370,-0.044882,0,0,4.95600,1754.612,4.805,35.000,12.033,12.078,35.010,39.185,0.000,0.000,0,0,1.5583,63,126,63,66,67
6,post_landing,73,1237.0,59,216.103,473.504,1.45032,1.50127,2.08740,-0.004307,-0.049016,0,0,4.95600,1754.612,4.805,35.000,12.035,12.084,35.007,39.198,0.000,0.000,0,0,1.5583,63,126,63,66,67
6,post_landing,74,1253.0,59,217.560,475.301,1.42813,1.76163,2.26779,-0.004241,-0.053342,0,0,4.95600,1754.612,4.805,35.000,12.036,12.090,35.004,39.211,0.000,0.000,0,0,1.5583,63,126,63,66,67
6,post_landing,75,1270.0,59,218.994,477.360,1.40628,2.01801,2.45967,-0.004176,-0.057601,0,0,4.95600,1754.612,4.805,35.000,12.038,12.095,35.000,39.223,0.000,0.000,0,0,1.5583,63,126,63,66,67
6,post_landing,76,1287.0,59,220.325,478.150,1.89860,0.11390,1.90201,-0.019862,-0.061553,0,1,4.95600,1754.612,4.805,35.000,12.039,12.100,34.995,39.234,0.000,0.000,0,2,1.5583,63,126,63,66,67
6,post_landing,77,1303.0,59,222.232,477.882,1.75370,0.08051,1.75555,-0.008678,-0.081502,0,1,4.95600,1754.612,4.805,35.000,12.042,12.123,34.965,39.278,0.000,0.000,0,2,1.5583,63,126,63,66,67
6,post_landing,78,1321.0,59,223.993,477.803,1.42835,-0.55512,1.53243,0.028553,-0.090219,0,1,4.95600,1754.612,4.805,35.000,12.041,12.131,32.956,39.292,0.000,0.000,0,2,1.5583,63,126,63,66,67
6,post_landing,79,1337.0,59,225.344,477.534,1.40778,-0.28046,1.43545,0.028142,-0.063202,0,0,4.95600,1754.612,4.805,35.000,12.039,12.102,34.993,39.238,0.000,0.000,0,0,1.5583,63,126,63,66,67
6,post_landing,80,1353.0,59,226.758,477.541,1.38624,0.00716,1.38626,0.027712,-0.034936,0,0,4.95600,1754.612,4.805,35.000,12.028,12.063,35.014,39.151,0.000,0.000,0,0,1.5583,63,126,63,66,67
6,post_landing,81,1370.0,59,228.151,477.837,1.36503,0.29039,1.39558,0.027288,-0.007103,0,0,4.95600,1754.612,4.805,35.000,12.007,35.006,36.992,39.035,0.000,0.000,0,0,1.5583,63,126,63,66,67
6,post_landing,82,1387.0,59,229.442,478.368,1.34538,0.55287,1.45455,0.026895,0.018716,0,0,4.95600,1754.612,4.805,35.000,34.013,34.994,37.050,37.956,0.000,0.000,0,0,1.5583,63,126,63,66,67
6,post_landing,83,1403.0,59,230.794,478.843,1.85365,-0.10305,1.85651,-0.040535,0.045729,0,1,4.95600,1754.612,4.805,35.000,34.010,37.053,37.144,37.869,0.000,0.000,0,2,1.5583,63,126,63,66,67
6,post_landing,84,1420.0,59,232.655,478.619,1.80673,-0.53025,1.88293,0.000000,0.005016,0,1,4.95600,1754.612,4.805,35.000,34.005,35.000,37.015,37.989,0.000,0.000,0,1,1.5583,63,126,63,66,67
6,post_landing,85,1437.0,59,234.365,478.373,1.78071,-0.25595,1.79901,0.000000,0.005016,0,0,4.95600,1754.612,4.805,35.000,34.005,35.000,37.015,37.989,0.000,0.000,0,0,1.5583,63,126,63,66,67
6,post_landing,86,1453.0,59,236.153,478.405,1.75347,0.03130,1.75375,0.000000,0.005016,0,0,4.95600,1754.612,4.805,35.000,34.005,35.000,37.015,37.989,0.000,0.000,0,0,1.5583,63,126,63,66,67
6,post_landing,87,1470.0,59,237.915,478.619,1.62303,0.08367,1.62519,0.000000,0.005016,0,1,4.95600,1754.612,4.805,35.000,34.005,35.000,37.015,37.989,0.000,0.000,0,1,1.5583,63,126,63,66,67
6,post_landing,88,1487.0,59,239.450,478.617,1.26602,-0.02172,1.26620,0.016778,0.005016,0,1,4.95600,1754.612,4.805,35.000,34.005,35.000,37.015,37.989,0.000,0.000,0,1,1.5583,63,126,63,66,67
6,post_landing,89,1503.0,59,240.722,478.726,0.90728,-0.02242,0.90756,0.023231,0.021868,0,1,4.95600,1754.612,4.805,35.000,34.014,34.992,37.057,37.947,0.000,0.000,0,1,1.5583,63,126,63,66,67
6,post_landing,90,1520.0,59,241.633,478.845,1.39150,0.09928,1.39504,-0.019764,0.045201,0,1,4.95600,1754.612,4.805,35.000,34.010,37.053,37.143,37.871,0.000,0.000,0,2,1.5583,63,126,63,66,67
6,post_landing,91,1537.0,59,242.950,478.935,1.18558,-0.28609,1.21961,0.014766,0.026501,0,1,4.95600,1754.612,4.805,35.000,34.015,34.988,37.067,37.934,0.000,0.000,0,2,1.5583,63,126,63,66,67
6,post_landing,92,1553.0,59,244.141,478.863,2.43286,0.00000,2.43286,-0.065108,0.041332,0,1,4.95600,1754.612,4.805,35.000,34.012,37.051,37.134,37.885,0.000,0.000,0,2,1.5583,63,126,63,66,67
6,post_landing,93,1570.0,59,246.584,478.706,1.31457,0.22100,1.33302,0.043775,-0.024062,0,1,4.95600,1754.612,4.805,35.000,12.021,35.014,36.965,39.109,0.000,0.000,0,2,1.5583,63,126,63,66,67
6,post_landing,94,1587.0,59,247.828,478.685,1.63089,0.17028,1.63975,-0.003772,0.017356,0,1,4.95600,1754.612,4.805,35.000,34.012,34.995,37.046,37.960,0.000,0.000,0,1,1.5583,63,126,63,66,67
6,post_landing,95,1603.0,59,249.466,478.666,1.65343,0.20277,1.66582,-0.014592,0.013567,0,1,4.95600,1754.612,4.805,35.000,34.010,34.997,37.037,37.969,0.000,0.000,0,1,1.5583,63,126,63,66,67
6,post_landing,96,1620.0,59,251.127,478.575,1.28868,-0.09235,1.29199,0.025188,-0.001089,0,1,4.95600,1754.612,4.805,35.000,12.001,35.001,36.999,39.005,0.000,0.000,0,1,1.5583,63,126,63,66,67
6,post_landing,97,1637.0,59,252.346,478.719,0.94576,0.01901,0.94595,0.045998,0.022743,0,1,4.95600,1754.612,4.805,35.000,34.014,34.991,37.059,37.945,0.000,0.000,0,1,1.5583,63,126,63,66,67
6,post_landing,98,1653.0,59,253.296,478.750,0.78671,-0.44110,0.90193,0.010255,0.068943,0,1,4.95600,1754.612,4.805,35.000,23.014,36.121,37.188,37.188,0.000,0.000,0,2,1.5583,63,126,63,66,67
6,post_landing,99,1670.0,59,254.086,478.304,0.90190,-0.91837,1.28718,-0.055118,0.079243,0,1,4.95600,1754.612,4.805,35.000,23.007,36.125,37.201,37.201,0.000,0.000,0,1,1.5583,63,126,63,66,67
6,post_landing,100,1687.0,59,254.939,477.458,0.88892,-0.63848,1.09445,-0.054324,0.027091,0,0,4.95600,1754.612,4.805,35.000,34.015,34.987,37.068,37.932,0.000,0.000,0,0,1.5583,63,126,63,66,67
6,post_landing,101,1703.0,59,255.832,476.919,0.87532,-0.34538,0.94099,-0.053493,-0.027471,0,0,4.95600,1754.612,4.805,35.000,12.023,35.014,36.959,39.123,0.000,0.000,0,0,1.5583,63,126,63,66,67
6,post_landing,102,1720.0,59,256.711,476.711,0.86192,-0.05676,0.86379,-0.052675,-0.081200,0,0,4.95600,1754.612,4.805,35.000,12.042,12.123,34.966,39.277,0.000,0.000,0,0,1.5583,63,126,63,66,67
6,post_landing,103,1737.0,59,257.527,476.850,0.40485,0.08008,0.41269,0.000000,-0.131039,0,1,4.95600,1754.612,4.805,35.000,1.122,12.158,12.158,39.319,0.000,0.000,0,1,1.5583,63,126,63,66,67
6,post_landing,104,1753.0,59,257.934,476.881,0.51670,0.01329,0.51687,-0.003883,-0.131039,0,1,4.95600,1754.612,4.805,35.000,1.122,12.158,12.158,39.319,0.000,0.000,0,1,1.5583,63,126,63,66,67
6,post_landing,105,1770.0,59,258.453,476.841,0.51237,0.00000,0.51237,0.000000,-0.134939,0,1,4.95600,1754.612,4.805,35.000,1.125,12.160,12.160,39.318,0.000,0.000,0,1,1.5583,63,126,63,66,67
6,post_landing,106,1787.0,59,258.937,476.833,0.24743,-0.04774,0.25200,0.016972,-0.134939,0,1,4.95600,1754.612,4.805,35.000,1.125,12.160,12.160,39.318,0.000,0.000,0,1,1.5583,63,126,63,66,67
6,post_landing,107,1803.0,59,259.186,477.002,0.93244,0.07707,0.93562,-0.031652,-0.117893,0,1,4.95600,1754.612,4.805,35.000,1.111,12.152,12.152,39.317,0.000,0.000,0,1,1.5583,63,126,63,66,67
6,post_landing,108,1820.0,59,260.122,476.718,0.69576,0.11462,0.70514,-0.003065,-0.149684,0,1,4.95600,1754.612,4.805,35.000,1.138,12.164,12.164,37.630,0.000,0.000,0,1,1.5583,63,126,63,66,67
6,post_landing,109,1837.0,59,260.781,476.671,0.68620,-0.20426,0.71595,0.008930,-0.152584,0,1,4.95600,1754.612,4.805,35.000,1.140,12.165,12.165,37.634,0.000,0.000,0,1,1.5583,63,126,63,66,67
6,post_landing,110,1853.0,59,261.470,476.730,1.17852,-0.49944,1.27998,-0.028126,-0.143614,0,1,4.95600,1754.612,4.805,35.000,1.133,12.163,12.163,38.324,0.000,0.000,0,1,1.5583,63,126,63,66,67
6,post_landing,111,1870.0,59,262.654,476.472,1.71802,-0.11466,1.72184,-0.087133,-0.171864,0,1,4.95600,1754.612,4.805,35.000,1.156,12.165,12.165,37.652,0.000,0.000,0,1,1.5583,63,126,63,66,67
6,post_landing,112,1887.0,59,264.279,476.291,0.74922,0.02211,0.74955,0.023975,-0.254307,0,1,4.95600,1754.612,4.805,35.000,1.219,1.471,12.117,15.562,0.000,0.000,0,2,1.5583,63,126,63,66,67
6,post_landing,113,1903.0,59,265.032,476.082,0.54418,-0.05115,0.54657,0.039397,-0.230226,0,1,4.95600,1754.612,4.805,35.000,1.202,1.430,12.140,15.456,0.000,0.000,0,1,1.5583,63,126,63,66,67
6,post_landing,114,1920.0,59,265.578,476.316,0.50725,-0.06709,0.51167,0.035941,-0.190656,0,1,4.95600,1754.612,4.805,35.000,1.171,1.361,12.162,37.656,0.000,0.000,0,1,1.5583,63,126,63,66,67
6,post_landing,115,1937.0,59,266.058,476.508,0.49995,0.20054,0.53867,0.035424,-0.156649,0,0,4.95600,1754.612,4.805,35.000,1.144,12.165,12.165,37.639,0.000,0.000,0,0,1.5583,63,126,63,66,67
6,post_landing,116,1953.0,59,266.560,476.964,0.57593,0.04069,0.57737,0.013156,-0.121070,0,1,4.95600,1754.612,4.805,35.000,1.113,12.154,12.154,39.318,0.000,0.000,0,1,1.5583,63,126,63,66,67
6,post_landing,117,1970.0,59,267.139,477.121,0.82305,-0.03903,0.82397,-0.005298,-0.107856,0,1,4.95600,1754.612,4.805,35.000,1.102,12.146,12.146,39.312,0.000,0.000,0,1,1.5583,63,126,63,66,67
6,post_landing,118,1987.0,59,267.918,477.070,0.49026,0.01568,0.49051,0.015407,-0.112869,0,1,4.95600,1754.612,4.805,35.000,1.106,12.149,12.149,39.315,0.000,0.000,0,1,1.5583,63,126,63,66,67
7,falling,0,30.0,,195.000,97.029,0.00000,0.55000,0.55000,0.000000,0.000000,0,0,4.74000,1831.832,2.853,4.000,4.000,5.000,7.000,12.000,0.000,0.000,0,0,1.2705,102,204,102,107,84
7,falling,1,46.0,,195.000,97.805,0.00000,0.80875,0.80875,0.000000,0.000000,0,0,4.74000,1831.832,2.853,4.000,4.000,5.000,7.000,12.000,0.000,0.000,0,0,1.2705,102,204,102,107,84
7,falling,2,62.0,,195.000,98.827,0.00000,1.06377,1.06377,0.000000,0.000000,0,0,4.74000,1831.832,2.853,4.000,4.000,5.000,7.000,12.000,0.000,0.000,0,0,1.2705,102,204,102,107,84
7,falling,3,79.0,,195.000,100.184,0.00000,1.33083,1.33083,0.000000,0.000000,0,0,4.74000,1831.832,2.853,4.000,4.000,5.000,7.000,12.000,0.000,0.000,0,0,1.2705,102,204,102,107,84
7,falling,4,96.0,,195.000,101.810,0.00000,1.59380,1.59380,0.000000,0.000000,0,0,4.74000,1831.832,2.853,4.000,4.000,5.000,7.000,12.000,0.000,0.000,0,0,1.2705,102,204,102,107,84
7,falling,5,112.0,,195.000,103.574,0.00000,1.83751,1.83751,0.000000,0.000000,0,0,4.74000,1831.832,2.853,4.000,4.000,5.000,7.000,12.000,0.000,0.000,0,0,1.2705,102,204,102,107,84
7,falling,6,129.0,,195.000,105.708,0.00000,2.09273,2.09273,0.000000,0.000000,0,0,4.74000,1831.832,2.853,4.000,4.000,5.000,7.000,12.000,0.000,0.000,0,0,1.2705,102,204,102,107,84
7,falling,7,146.0,,195.000,108.099,0.00000,2.34405,2.34405,0.000000,0.000000,0,0,4.74000,1831.832,2.853,4.000,4.000,5.000,7.000,12.000,0.000,0.000,0,0,1.2705,102,204,102,107,84
7,falling,8,162.0,,195.000,110.573,0.00000,2.57696,2.57696,0.000000,0.000000,0,0,4.74000,1831.832,2.853,4.000,4.000,5.000,7.000,12.000,0.000,0.000,0,0,1.2705,102,204,102,107,84
7,falling,9,179.0,,195.000,113.450,0.00000,2.82086,2.82086,0.000000,0.000000,0,0,4.74000,1831.832,2.853,4.000,4.000,5.000,7.000,12.000,0.000,0.000,0,0,1.2705,102,204,102,107,84
7,falling,10,196.0,,195.000,116.573,0.00000,3.06104,3.06104,0.000000,0.000000,0,0,4.74000,1831.832,2.853,4.000,4.000,5.000,7.000,12.000,0.000,0.000,0,0,1.2705,102,204,102,107,84
7,falling,11,212.0,,195.000,119.725,0.00000,3.28363,3.28363,0.000000,0.000000,0,0,4.74000,1831.832,2.853,4.000,4.000,5.000,7.000,12.000,0.000,0.000,0,0,1.2705,102,204,102,107,84
7,falling,12,229.0,,195.000,123.312,0.00000,3.51672,3.51672,0.000000,0.000000,0,0,4.74000,1831.832,2.853,4.000,4.000,5.000,7.000,12.000,0.000,0.000,0,0,1.2705,102,204,102,107,84
7,falling,13,246.0,,195.000,127.133,0.00000,3.74625,3.74625,0.000000,0.000000,0,0,4.74000,1831.832,2.853,4.000,4.000,5.000,7.000,12.000,0.000,0.000,0,0,1.2705,102,204,102,107,84
7,falling,14,263.0,,195.000,130.934,0.00000,3.95897,3.95897,0.000000,0.000000,0,0,4.74000,1831.832,2.853,4.000,4.000,5.000,7.000,12.000,0.000,0.000,0,0,1.2705,102,204,102,107,84
7,falling,15,279.0,,195.000,135.199,0.00000,4.18173,4.18173,0.000000,0.000000,0,0,4.74000,1831.832,2.853,4.000,4.000,5.000,7.000,12.000,0.000,0.000,0,0,1.2705,102,204,102,107,84
7,falling,16,296.0,,195.000,139.688,0.00000,4.40108,4.40108,0.000000,0.000000,0,0,4.74000,1831.832,2.853,4.000,4.000,5.000,7.000,12.000,0.000,0.000,0,0,1.2705,102,204,102,107,84
7,falling,17,313.0,,195.000,144.108,0.00000,4.60437,4.60437,0.000000,0.000000,0,0,4.74000,1831.832,2.853,4.000,4.000,5.000,7.000,12.000,0.000,0.000,0,0,1.2705,102,204,102,107,84
7,falling,18,329.0,,195.000,149.022,0.00000,4.81726,4.81726,0.000000,0.000000,0,0,4.74000,1831.832,2.853,4.000,4.000,5.000,7.000,12.000,0.000,0.000,0,0,1.2705,102,204,102,107,84
7,falling,19,346.0,,195.000,154.149,0.00000,5.02689,5.02689,0.000000,0.000000,0,0,4.74000,1831.832,2.853,4.000,4.000,5.000,7.000,12.000,0.000,0.000,0,0,1.2705,102,204,102,107,84
7,falling,20,363.0,,195.000,159.162,0.00000,5.22117,5.22117,0.000000,0.000000,0,0,4.74000,1831.832,2.853,4.000,4.000,5.000,7.000,12.000,0.000,0.000,0,0,1.2705,102,204,102,107,84
7,falling,21,379.0,,195.000,164.695,0.00000,5.42462,5.42462,0.000000,0.000000,0,0,4.74000,1831.832,2.853,4.000,4.000,5.000,7.000,12.000,0.000,0.000,0,0,1.2705,102,204,102,107,84
7,falling,22,396.0,,195.000,170.432,0.00000,5.62496,5.62496,0.000000,0.000000,0,0,4.74000,1831.832,2.853,4.000,4.000,5.000,7.000,12.000,0.000,0.000,0,0,1.2705,102,204,102,107,84
7,falling,23,413.0,,195.000,176.011,0.00000,5.81062,5.81062,0.000000,0.000000,0,0,4.74000,1831.832,2.853,4.000,4.000,5.000,7.000,12.000,0.000,0.000,0,0,1.2705,102,204,102,107,84
7,falling,24,429.0,,195.000,182.136,0.00000,6.00505,6.00505,0.000000,0.000000,0,0,4.74000,1831.832,2.853,4.000,4.000,5.000,7.000,12.000,0.000,0.000,0,0,1.2705,102,204,102,107,84
7,falling,25,446.0,,195.000,188.456,0.00000,6.19651,6.19651,0.000000,0.000000,0,0,4.74000,1831.832,2.853,4.000,4.000,5.000,7.000,12.000,0.000,0.000,0,0,1.2705,102,204,102,107,84
7,falling,26,463.0,,195.000,194.575,0.00000,6.37395,6.37395,0.000000,0.000000,0,0,4.74000,1831.832,2.853,4.000,4.000,5.000,7.000,12.000,0.000,0.000,0,0,1.2705,102,204,102,107,84
7,falling,27,479.0,,195.000,201.266,0.00000,6.55976,6.55976,0.000000,0.000000,0,0,4.74000,1831.832,2.853,4.000,4.000,5.000,7.000,12.000,0.000,0.000,0,0,1.2705,102,204,102,107,84
7,falling,28,496.0,,195.000,208.144,0.00000,6.74273,6.74273,0.000000,0.000000,0,0,4.74000,1831.832,2.853,4.000,4.000,5.000,7.000,12.000,0.000,0.000,0,0,1.2705,102,204,102,107,84
7,falling,29,513.0,,195.000,214.780,0.00000,6.91230,6.91230,0.000000,0.000000,0,0,4.74000,1831.832,2.853,4.000,4.000,5.000,7.000,12.000,0.000,0.000,0,0,1.2705,102,204,102,107,84
7,falling,30,529.0,,195.000,222.011,0.00000,7.08987,7.08987,0.000000,0.000000,0,0,4.74000,1831.832,2.853,4.000,4.000,5.000,7.000,12.000,0.000,0.000,0,0,1.2705,102,204,102,107,84
7,falling,31,546.0,,195.000,229.421,0.00000,7.26473,7.26473,0.000000,0.000000,0,0,4.74000,1831.832,2.853,4.000,4.000,5.000,7.000,12.000,0.000,0.000,0,0,1.2705,102,204,102,107,84
7,falling,32,563.0,,195.000,236.551,0.00000,7.42679,7.42679,0.000000,0.000000,0,0,4.74000,1831.832,2.853,4.000,4.000,5.000,7.000,12.000,0.000,0.000,0,0,1.2705,102,204,102,107,84
7,falling,33,579.0,,195.000,244.299,0.00000,7.59649,7.59649,0.000000,0.000000,0,0,4.74000,1831.832,2.853,4.000,4.000,5.000,7.000,12.000,0.000,0.000,0,0,1.2705,102,204,102,107,84
7,falling,34,596.0,,195.000,252.218,0.00000,7.76360,7.76360,0.000000,0.000000,0,0,4.74000,1831.832,2.853,4.000,4.000,5.000,7.000,12.000,0.000,0.000,0,0,1.2705,102,204,102,107,84
7,falling,35,613.0,,195.000,259.820,0.00000,7.91847,7.91847,0.000000,0.000000,0,0,4.74000,1831.832,2.853,4.000,4.000,5.000,7.000,12.000,0.000,0.000,0,0,1.2705,102,204,102,107,84
7,falling,36,629.0,,195.000,268.062,0.00000,8.08065,8.08065,0.000000,0.000000,0,0,4.74000,1831.832,2.853,4.000,4.000,5.000,7.000,12.000,0.000,0.000,0,0,1.2705,102,204,102,107,84
7,falling,37,646.0,,195.000,276.467,0.00000,8.24035,8.24035,0.000000,0.000000,0,0,4.74000,1831.832,2.853,4.000,4.000,5.000,7.000,12.000,0.000,0.000,0,0,1.2705,102,204,102,107,84
7,falling,38,663.0,,195.000,284.520,0.00000,8.38835,8.38835,0.000000,0.000000,0,0,4.74000,1831.832,2.853,4.000,4.000,5.000,7.000,12.000,0.000,0.000,0,0,1.2705,102,204,102,107,84
7,falling,39,680.0,,195.000,293.234,0.00000,8.54335,8.54335,0.000000,0.000000,0,0,4.74000,1831.832,2.853,4.000,4.000,5.000,7.000,12.000,0.000,0.000,0,0,1.2705,102,204,102,107,84
7,falling,40,696.0,,195.000,302.104,0.00000,8.69597,8.69597,0.000000,0.000000,0,0,4.74000,1831.832,2.853,4.000,4.000,5.000,7.000,12.000,0.000,0.000,0,0,1.2705,102,204,102,107,84
7,falling,41,713.0,,195.000,310.588,0.00000,8.83741,8.83741,0.000000,0.000000,0,0,4.74000,1831.832,2.853,4.000,4.000,5.000,7.000,12.000,0.000,0.000,0,0,1.2705,102,204,102,107,84
7,falling,42,730.0,,195.000,319.753,0.00000,8.98553,8.98553,0.000000,0.000000,0,0,4.74000,1831.832,2.853,4.000,4.000,5.000,7.000,12.000,0.000,0.000,0,0,1.2705,102,204,102,107,84
7,falling,43,746.0,,195.000,329.067,0.00000,9.13139,9.13139,0.000000,0.000000,0,0,4.74000,1831.832,2.853,4.000,4.000,5.000,7.000,12.000,0.000,0.000,0,0,1.2705,102,204,102,107,84
7,falling,44,763.0,,195.000,337.963,0.00000,9.26656,9.26656,0.000000,0.000000,0,0,4.74000,1831.832,2.853,4.000,4.000,5.000,7.000,12.000,0.000,0.000,0,0,1.2705,102,204,102,107,84
7,falling,45,779.0,,195.000,347.560,0.00000,9.40812,9.40812,0.000000,0.000000,0,0,4.74000,1831.832,2.853,4.000,4.000,5.000,7.000,12.000,0.000,0.000,0,0,1.2705,102,204,102,107,84
7,falling,46,796.0,,195.000,357.298,0.00000,9.54750,9.54750,0.000000,0.000000,0,0,4.74000,1831.832,2.853,4.000,4.000,5.000,7.000,12.000,0.000,0.000,0,0,1.2705,102,204,102,107,84
7,falling,47,813.0,,195.000,366.588,0.00000,9.67669,9.67669,0.000000,0.000000,0,0,4.74000,1831.832,2.853,4.000,4.000,5.000,7.000,12.000,0.000,0.000,0,0,1.2705,102,204,102,107,84
7,falling,48,829.0,,195.000,376.596,0.00000,9.81197,9.81197,0.000000,0.000000,0,0,4.74000,1831.832,2.853,4.000,4.000,5.000,7.000,12.000,0.000,0.000,0,0,1.2705,102,204,102,107,84
7,falling,49,846.0,,195.000,386.740,0.00000,9.94518,9.94518,0.000000,0.000000,0,0,4.74000,1831.832,2.853,4.000,4.000,5.000,7.000,12.000,0.000,0.000,0,0,1.2705,102,204,102,107,84
7,falling,50,863.0,,195.000,396.406,0.00000,10.06863,10.06863,0.000000,0.000000,0,0,4.74000,1831.832,2.853,4.000,4.000,5.000,7.000,12.000,0.000,0.000,0,0,1.2705,102,204,102,107,84
7,falling,51,879.0,,195.000,406.808,0.00000,10.19792,10.19792,0.000000,0.000000,0,0,4.74000,1831.832,2.853,4.000,4.000,5.000,7.000,12.000,0.000,0.000,0,0,1.2705,102,204,102,107,84
7,falling,52,896.0,,195.000,417.339,0.00000,10.32522,10.32522,0.000000,0.000000,0,0,4.74000,1831.832,2.853,4.000,4.000,5.000,7.000,12.000,0.000,0.000,0,0,1.2705,102,204,102,107,84
7,falling,53,913.0,,195.000,427.365,0.00000,10.44321,10.44321,0.000000,0.000000,0,0,4.74000,1831.832,2.853,4.000,4.000,5.000,7.000,12.000,0.000,0.000,0,0,1.2705,102,204,102,107,84
7,falling,54,929.0,,195.000,438.143,0.00000,10.56676,10.56676,0.000000,0.000000,0,0,4.74000,1831.832,2.853,4.000,4.000,5.000,7.000,12.000,0.000,0.000,0,0,1.2705,102,204,102,107,84
7,falling,55,946.0,,195.000,449.045,0.00000,10.68842,10.68842,0.000000,0.000000,0,0,4.74000,1831.832,2.853,4.000,4.000,5.000,7.000,12.000,0.000,0.000,0,0,1.2705,102,204,102,107,84
7,falling,56,963.0,,195.000,459.414,0.00000,10.80117,10.80117,0.000000,0.000000,0,0,4.74000,1831.832,2.853,4.000,4.000,5.000,7.000,12.000,0.000,0.000,0,0,1.2705,102,204,102,107,84
7,falling,57,979.0,,195.000,470.552,0.00000,10.91925,10.91925,0.000000,0.000000,0,0,4.74000,1831.832,2.853,4.000,4.000,5.000,7.000,12.000,0.000,0.000,0,0,1.2705,102,204,102,107,84
7,post_landing,58,996.0,58,195.000,479.261,2.55148,-0.26072,2.56477,0.003601,0.000000,0,1,4.74000,1831.832,2.853,4.000,4.000,5.000,7.000,12.000,0.000,0.000,0,5,1.2705,102,204,102,107,84
7,post_landing,59,1013.0,58,197.414,478.297,2.07470,0.00000,2.07470,0.017515,0.003407,0,1,4.74000,1831.832,2.853,4.000,3.003,5.003,7.010,12.024,0.000,0.000,0,3,1.2705,102,204,102,107,84
7,post_landing,60,1030.0,58,199.498,478.014,1.41277,-0.10448,1.41663,0.038011,0.020998,0,1,4.74000,1831.832,2.853,4.000,3.020,5.020,7.061,12.144,0.000,0.000,0,2,1.2705,102,204,102,107,84
7,post_landing,61,1046.0,58,200.917,478.053,1.17484,0.04538,1.17571,0.023358,0.059176,0,1,4.74000,1831.832,2.853,4.000,3.054,5.050,7.165,12.393,0.000,0.000,0,1,1.2705,102,204,102,107,84
7,post_landing,62,1063.0,58,202.097,478.408,0.96385,0.04450,0.96488,0.019347,0.082637,0,1,4.74000,1831.832,2.853,4.000,3.072,5.065,7.224,42.682,0.000,0.000,0,1,1.2705,102,204,102,107,84
7,post_landing,63,1080.0,58,203.009,478.703,0.96094,-0.04414,0.96195,0.011669,0.100943,0,1,4.74000,1831.832,2.853,4.000,3.086,5.075,7.267,42.794,0.000,0.000,0,1,1.2705,102,204,102,107,84
7,post_landing,64,1096.0,58,203.974,478.903,1.08855,0.18710,1.10451,-0.009056,0.112663,0,1,4.74000,1831.832,2.853,4.000,3.093,5.081,7.293,42.970,0.000,0.000,0,1,1.2705,102,204,102,107,84
7,post_landing,65,1113.0,58,205.004,478.754,1.10251,0.27907,1.13728,-0.012286,0.104095,0,1,4.74000,1831.832,2.853,4.000,3.088,5.077,7.274,42.916,0.000,0.000,0,1,1.2705,102,204,102,107,84
7,post_landing,66,1130.0,58,206.111,478.554,1.09310,0.21155,1.11338,-0.006362,0.091755,0,1,4.74000,1831.832,2.853,4.000,3.079,5.071,7.245,42.740,0.000,0.000,0,1,1.2705,102,204,102,107,84
7,post_landing,67,1146.0,58,207.209,478.452,1.15703,0.24934,1.18360,-0.012585,0.085365,0,1,4.74000,1831.832,2.853,4.000,3.074,5.067,7.230,42.700,0.000,0.000,0,1,1.2705,102,204,102,107,84
7,post_landing,68,1163.0,58,208.304,478.265,1.24289,0.29539,1.27751,-0.021243,0.073457,0,1,4.74000,1831.832,2.853,4.000,3.065,5.060,7.201,12.481,0.000,0.000,0,1,1.2705,102,204,102,107,84
7,post_landing,69,1180.0,58,209.552,478.424,0.80172,-0.01873,0.80194,0.031375,0.052121,0,1,4.74000,1831.832,2.853,4.000,3.048,5.045,7.147,12.348,0.000,0.000,0,2,1.2705,102,204,102,107,84
7,post_landing,70,1196.0,58,210.358,478.425,1.30486,0.20661,1.32112,-0.027316,0.083633,0,1,4.74000,1831.832,2.853,4.000,3.073,5.066,7.226,42.689,0.000,0.000,0,1,1.2705,102,204,102,107,84
7,post_landing,71,1213.0,58,211.592,478.031,1.93531,-0.55729,2.01395,-0.041261,0.057787,0,1,4.74000,1831.832,2.853,4.000,3.053,5.049,7.162,12.384,0.000,0.000,0,1,1.2705,102,204,102,107,84
7,post_landing,72,1230.0,58,213.536,477.465,1.40339,-0.14599,1.41096,0.004603,0.016345,0,1,4.74000,1831.832,2.853,4.000,3.016,5.016,7.048,12.113,0.000,0.000,0,1,1.2705,102,204,102,107,84
7,post_landing,73,1246.0,58,214.946,477.524,1.18073,-0.09664,1.18468,0.023505,0.020968,0,1,4.74000,1831.832,2.853,4.000,3.020,5.020,7.061,12.144,0.000,0.000,0,1,1.2705,102,204,102,107,84
7,post_landing,74,1263.0,58,216.132,477.716,1.16267,0.18817,1.17780,0.023145,0.044576,0,0,4.74000,1831.832,2.853,4.000,3.042,5.040,7.127,12.300,0.000,0.000,0,0,1.2705,102,204,102,107,84
7,post_landing,75,1280.0,58,217.232,478.159,1.31706,0.12790,1.32326,0.000000,0.066475,0,1,4.74000,1831.832,2.853,4.000,3.060,5.055,7.184,12.438,0.000,0.000,0,1,1.2705,102,204,102,107,84
7,post_landing,76,1296.0,58,218.554,478.162,1.22740,0.15296,1.23690,0.000000,0.066475,0,1,4.74000,1831.832,2.853,4.000,3.060,5.055,7.184,12.438,0.000,0.000,0,1,1.2705,102,204,102,107,84
7,post_landing,77,1313.0,58,219.716,478.160,1.00842,0.05598,1.00997,0.011053,0.066475,0,1,4.74000,1831.832,2.853,4.000,3.060,5.055,7.184,12.438,0.000,0.000,0,1,1.2705,102,204,102,107,84
7,post_landing,78,1330.0,58,220.729,478.331,0.79762,0.01490,0.79776,0.016602,0.077577,0,1,4.74000,1831.832,2.853,4.000,3.068,5.062,7.211,42.649,0.000,0.000,0,1,1.2705,102,204,102,107,84
7,post_landing,79,1346.0,58,221.530,478.597,0.85643,-0.11927,0.86469,0.010115,0.094252,0,1,4.74000,1831.832,2.853,4.000,3.081,5.072,7.251,42.755,0.000,0.000,0,1,1.2705,102,204,102,107,84
7,post_landing,80,1363.0,58,222.390,478.761,0.61533,0.00000,0.61533,0.015642,0.104411,0,1,4.74000,1831.832,2.853,4.000,3.088,5.077,7.275,42.918,0.000,0.000,0,1,1.2705,102,204,102,107,84
7,post_landing,81,1380.0,58,222.972,479.010,0.80126,0.07219,0.80450,-0.002788,0.119212,0,1,4.74000,1831.832,2.853,4.000,3.098,5.083,7.307,43.010,0.000,0.000,0,1,1.2705,102,204,102,107,84
7,post_landing,82,1396.0,58,223.777,478.963,0.65336,-0.05231,0.65545,0.022140,0.116411,0,1,4.74000,1831.832,2.853,4.000,3.096,5.082,7.301,42.993,0.000,0.000,0,1,1.2705,102,204,102,107,84
7,post_landing,83,1413.0,58,224.433,479.200,0.64336,0.23182,0.68385,0.021801,0.138649,0,0,4.74000,1831.832,2.853,4.000,3.109,5.090,7.347,43.255,0.000,0.000,0,0,1.2705,102,204,102,107,84
7,post_landing,84,1430.0,58,225.042,479.675,0.63410,0.49515,0.80452,0.021487,0.159277,0,0,4.74000,1831.832,2.853,4.000,3.121,5.095,7.387,43.372,0.000,0.000,0,0,1.2705,102,204,102,107,84
7,post_landing,85,1446.0,58,225.679,480.173,0.67565,0.20077,0.70485,0.009907,0.180859,0,1,4.74000,1831.832,2.853,4.000,3.131,5.098,43.114,43.473,0.000,0.000,0,1,1.2705,102,204,102,107,84
7,post_landing,86,1463.0,58,226.357,480.373,0.92428,0.13592,0.93422,-0.007261,0.190809,0,1,4.74000,1831.832,2.853,4.000,3.135,5.099,43.134,43.514,0.000,0.000,0,1,1.2705,102,204,102,107,84
7,post_landing,87,1480.0,58,227.232,480.211,0.62636,0.05482,0.62875,0.013434,0.183939,0,1,4.74000,1831.832,2.853,4.000,3.132,5.099,43.121,43.486,0.000,0.000,0,1,1.2705,102,204,102,107,84
7,post_landing,88,1496.0,58,227.861,480.490,0.57668,0.00000,0.57668,0.012634,0.197432,0,1,4.74000,1831.832,2.853,4.000,3.138,5.099,43.146,43.538,0.000,0.000,0,1,1.2705,102,204,102,107,84
7,post_landing,89,1513.0,58,228.440,480.751,0.52672,0.00000,0.52672,0.011858,0.210121,0,1,4.74000,1831.832,2.853,4.000,3.143,5.099,43.371,43.579,0.000,0.000,0,1,1.2705,102,204,102,107,84
7,post_landing,90,1530.0,58,228.939,480.986,0.47994,0.01240,0.48010,0.010730,0.221341,0,1,4.74000,1831.832,2.853,4.000,3.146,5.098,43.390,43.610,0.000,0.000,0,1,1.2705,102,204,102,107,84
7,post_landing,91,1546.0,58,229.421,481.224,0.45249,0.00000,0.45249,0.020574,0.232118,0,1,4.74000,1831.832,2.853,4.000,3.150,43.174,43.634,43.634,0.000,0.000,0,1,1.2705,102,204,102,107,84
7,post_landing,92,1563.0,58,229.875,481.513,0.44557,0.28333,0.52803,0.020259,0.252782,0,0,4.74000,1831.832,2.853,4.000,42.448,43.416,43.666,43.666,0.000,0.000,0,0,1.2705,102,204,102,107,84
7,post_landing,93,1580.0,58,230.297,482.037,0.43916,0.54592,0.70063,0.019967,0.271951,0,0,4.74000,1831.832,2.853,4.000,42.448,43.411,43.680,43.680,0.000,0.000,0,0,1.2705,102,204,102,107,84
7,post_landing,94,1596.0,58,230.738,482.456,0.35559,-0.19216,0.40419,-0.010230,0.292006,0,1,4.74000,1831.832,2.853,4.000,40.804,43.007,43.677,43.677,0.000,0.000,0,3,1.2705,102,204,102,107,84
7,post_landing,95,1613.0,58,231.095,482.237,0.84703,-0.40057,0.93697,-0.005450,0.281731,0,1,4.74000,1831.832,2.853,4.000,42.720,42.998,43.680,43.680,0.000,0.000,0,2,1.2705,102,204,102,107,84
7,post_landing,96,1630.0,58,231.896,482.157,0.40980,-0.22261,0.46636,0.009514,0.276574,0,1,4.74000,1831.832,2.853,4.000,42.719,43.681,43.681,43.681,0.000,0.000,0,1,1.2705,102,204,102,107,84
7,post_landing,97,1646.0,58,232.308,482.018,0.02029,-0.08490,0.08729,0.016213,0.286129,0,1,4.74000,1831.832,2.853,4.000,40.801,43.002,43.679,43.679,0.000,0.000,0,1,1.2705,102,204,102,107,84
7,post_landing,98,1663.0,58,232.328,481.772,-0.36449,0.03323,0.36600,0.022184,0.302414,0,1,4.74000,1831.832,2.853,4.000,3.162,43.011,43.668,43.668,0.000,0.000,0,1,1.2705,102,204,102,107,84
7,post_landing,99,1680.0,58,231.984,481.456,-0.15372,0.00000,0.15372,-0.003678,0.323403,0,1,4.74000,1831.832,2.853,4.000,3.162,41.110,43.636,43.636,0.000,0.000,0,1,1.2705,102,204,102,107,84
7,post_landing,100,1696.0,58,231.829,481.488,-0.18642,-0.05075,0.19321,-0.010619,0.319710,0,1,4.74000,1831.832,2.853,4.000,3.162,41.110,43.643,43.643,0.000,0.000,0,1,1.2705,102,204,102,107,84
7,post_landing,101,1713.0,58,231.642,481.640,-0.51560,0.14253,0.53494,0.019278,0.309044,0,1,4.74000,1831.832,2.853,4.000,3.162,43.012,43.660,43.660,0.000,0.000,0,1,1.2705,102,204,102,107,84
7,post_landing,102,1730.0,58,231.154,481.399,-0.56972,0.07607,0.57477,0.013335,0.327284,0,1,4.74000,1831.832,2.853,4.000,3.162,3.484,43.003,43.628,0.000,0.000,0,1,1.2705,102,204,102,107,84
7,post_landing,103,1746.0,58,230.582,481.200,-0.55850,0.02655,0.55913,0.003492,0.340678,0,1,4.74000,1831.832,2.853,4.000,0.334,3.496,42.987,43.596,0.000,0.000,0,1,1.2705,102,204,102,107,84
7,post_landing,104,1763.0,58,230.021,481.136,-0.55024,0.12175,0.56355,0.001123,0.344185,0,1,4.74000,1831.832,2.853,4.000,0.337,3.499,42.982,43.586,0.000,0.000,0,1,1.2705,102,204,102,107,84
7,post_landing,105,1780.0,58,229.500,481.120,-0.81479,0.17116,0.83258,0.022234,0.345247,0,1,4.74000,1831.832,2.853,4.000,0.338,3.500,42.980,43.583,0.000,0.000,0,1,1.2705,102,204,102,107,84
7,post_landing,106,1796.0,58,228.682,480.840,-0.77008,0.10353,0.77701,0.009873,0.367579,0,1,4.74000,1831.832,2.853,4.000,0.359,3.518,41.066,43.507,0.000,0.000,0,1,1.2705,102,204,102,107,84
7,post_landing,107,1813.0,58,227.908,480.695,-0.94114,0.17071,0.95650,0.023049,0.377495,0,1,4.74000,1831.832,2.853,4.000,0.369,3.526,5.017,43.466,0.000,0.000,0,1,1.2705,102,204,102,107,84
7,post_landing,108,1832.0,58,226.908,480.410,-0.68388,-0.17612,0.70619,-0.017576,0.401985,0,1,4.74000,1831.832,2.853,4.000,0.391,3.543,4.993,43.347,0.000,0.000,0,1,1.2705,102,204,102,107,84
7,post_landing,109,1846.0,58,226.301,480.478,-0.67464,0.07626,0.67894,-0.017339,0.386380,0,0,4.74000,1831.832,2.853,4.000,0.377,3.533,5.008,43.426,0.000,0.000,0,0,1.2705,102,204,102,107,84
7,post_landing,110,1863.0,58,225.624,480.772,-0.53655,0.00000,0.53655,-0.016677,0.368965,0,1,4.74000,1831.832,2.853,4.000,0.361,3.519,41.064,43.501,0.000,0.000,0,1,1.2705,102,204,102,107,84
7,post_landing,111,1880.0,58,225.116,480.983,-1.34060,-0.52011,1.43796,0.013865,0.353186,0,1,4.74000,1831.832,2.853,4.000,0.346,3.507,42.966,43.558,0.000,0.000,0,1,1.2705,102,204,102,107,84
7,post_landing,112,1896.0,58,223.770,480.789,-1.71170,-0.57539,1.80582,0.015802,0.367112,0,1,4.74000,1831.832,2.853,4.000,0.359,3.518,41.067,43.509,0.000,0.000,0,1,1.2705,102,204,102,107,84
7,post_landing,113,1913.0,58,222.150,480.501,-1.68705,-0.30043,1.71359,0.015574,0.382063,0,0,4.74000,1831.832,2.853,4.000,0.373,3.529,5.012,43.446,0.000,0.000,0,0,1.2705,102,204,102,107,84
7,post_landing,114,1930.0,58,220.456,480.409,-1.03519,0.00000,1.03519,-0.018296,0.397706,0,1,4.74000,1831.832,2.853,4.000,0.387,3.540,4.997,43.370,0.000,0.000,0,1,1.2705,102,204,102,107,84
7,post_landing,115,1946.0,58,219.416,480.632,-1.10697,0.08833,1.11049,-0.001324,0.379330,0,1,4.74000,1831.832,2.853,4.000,0.370,3.527,5.015,43.458,0.000,0.000,0,1,1.2705,102,204,102,107,84
7,post_landing,116,1963.0,58,218.368,480.668,-1.11973,0.10364,1.12452,0.002715,0.378076,0,1,4.74000,1831.832,2.853,4.000,0.369,3.526,5.016,43.463,0.000,0.000,0,1,1.2705,102,204,102,107,84
7,post_landing,117,1980.0,58,217.244,480.644,-0.79886,0.05172,0.80054,-0.013448,0.380804,0,1,4.74000,1831.832,2.853,4.000,0.372,3.528,5.013,43.451,0.000,0.000,0,1,1.2705,102,204,102,107,84
8,falling,0,27.0,,195.000,97.029,0.00000,0.55000,0.55000,0.000000,0.000000,0,0,5.50800,2566.696,2.475,5.000,5.000,6.000,10.000,22.000,0.000,0.000,0,0,1.4251,68,136,68,69,57
8,falling,1,34.0,,195.000,97.308,0.00000,0.66320,0.66320,0.000000,0.000000,0,0,5.50800,2566.696,2.475,5.000,5.000,6.000,10.000,22.000,0.000,0.000,0,0,1.4251,68,136,68,69,57
8,falling,2,51.0,,195.000,98.263,0.00000,0.93639,0.93639,0.000000,0.000000,0,0,5.50800,2566.696,2.475,5.000,5.000,6.000,10.000,22.000,0.000,0.000,0,0,1.4251,68,136,68,69,57
8,falling,3,68.0,,195.000,99.405,0.00000,1.18957,1.18957,0.000000,0.000000,0,0,5.50800,2566.696,2.475,5.000,5.000,6.000,10.000,22.000,0.000,0.000,0,0,1.4251,68,136,68,69,57
8,falling,4,84.0,,195.000,100.888,0.00000,1.45470,1.45470,0.000000,0.000000,0,0,5.50800,2566.696,2.475,5.000,5.000,6.000,10.000,22.000,0.000,0.000,0,0,1.4251,68,136,68,69,57
8,falling,5,101.0,,195.000,102.639,0.00000,1.71578,1.71578,0.000000,0.000000,0,0,5.50800,2566.696,2.475,5.000,5.000,6.000,10.000,22.000,0.000,0.000,0,0,1.4251,68,136,68,69,57
8,falling,6,118.0,,195.000,104.651,0.00000,1.97286,1.97286,0.000000,0.000000,0,0,5.50800,2566.696,2.475,5.000,5.000,6.000,10.000,22.000,0.000,0.000,0,0,1.4251,68,136,68,69,57
8,falling,7,135.0,,195.000,106.774,0.00000,2.21112,2.21112,0.000000,0.000000,0,0,5.50800,2566.696,2.475,5.000,5.000,6.000,10.000,22.000,0.000,0.000,0,0,1.4251,68,136,68,69,57
8,falling,8,151.0,,195.000,109.283,0.00000,2.46062,2.46062,0.000000,0.000000,0,0,5.50800,2566.696,2.475,5.000,5.000,6.000,10.000,22.000,0.000,0.000,0,0,1.4251,68,136,68,69,57
8,falling,9,168.0,,195.000,112.044,0.00000,2.70631,2.70631,0.000000,0.000000,0,0,5.50800,2566.696,2.475,5.000,5.000,6.000,10.000,22.000,0.000,0.000,0,0,1.4251,68,136,68,69,57
8,falling,10,186.0,,195.000,114.860,0.00000,2.93400,2.93400,0.000000,0.000000,0,0,5.50800,2566.696,2.475,5.000,5.000,6.000,10.000,22.000,0.000,0.000,0,0,1.4251,68,136,68,69,57
8,falling,11,201.0,,195.000,118.096,0.00000,3.17245,3.17245,0.000000,0.000000,0,0,5.50800,2566.696,2.475,5.000,5.000,6.000,10.000,22.000,0.000,0.000,0,0,1.4251,68,136,68,69,57
8,falling,12,218.0,,195.000,121.572,0.00000,3.40724,3.40724,0.000000,0.000000,0,0,5.50800,2566.696,2.475,5.000,5.000,6.000,10.000,22.000,0.000,0.000,0,0,1.4251,68,136,68,69,57
8,falling,13,234.0,,195.000,125.052,0.00000,3.62484,3.62484,0.000000,0.000000,0,0,5.50800,2566.696,2.475,5.000,5.000,6.000,10.000,22.000,0.000,0.000,0,0,1.4251,68,136,68,69,57
8,falling,14,251.0,,195.000,128.981,0.00000,3.85272,3.85272,0.000000,0.000000,0,0,5.50800,2566.696,2.475,5.000,5.000,6.000,10.000,22.000,0.000,0.000,0,0,1.4251,68,136,68,69,57
8,falling,15,268.0,,195.000,133.140,0.00000,4.07710,4.07710,0.000000,0.000000,0,0,5.50800,2566.696,2.475,5.000,5.000,6.000,10.000,22.000,0.000,0.000,0,0,1.4251,68,136,68,69,57
8,falling,16,284.0,,195.000,137.254,0.00000,4.28506,4.28506,0.000000,0.000000,0,0,5.50800,2566.696,2.475,5.000,5.000,6.000,10.000,22.000,0.000,0.000,0,0,1.4251,68,136,68,69,57
8,falling,17,301.0,,195.000,141.847,0.00000,4.50283,4.50283,0.000000,0.000000,0,0,5.50800,2566.696,2.475,5.000,5.000,6.000,10.000,22.000,0.000,0.000,0,0,1.4251,68,136,68,69,57
8,falling,18,318.0,,195.000,146.658,0.00000,4.71727,4.71727,0.000000,0.000000,0,0,5.50800,2566.696,2.475,5.000,5.000,6.000,10.000,22.000,0.000,0.000,0,0,1.4251,68,136,68,69,57
8,falling,19,334.0,,195.000,151.378,0.00000,4.91601,4.91601,0.000000,0.000000,0,0,5.50800,2566.696,2.475,5.000,5.000,6.000,10.000,22.000,0.000,0.000,0,0,1.4251,68,136,68,69,57
8,falling,20,351.0,,195.000,156.604,0.00000,5.12413,5.12413,0.000000,0.000000,0,0,5.50800,2566.696,2.475,5.000,5.000,6.000,10.000,22.000,0.000,0.000,0,0,1.4251,68,136,68,69,57
8,falling,21,368.0,,195.000,162.040,0.00000,5.32906,5.32906,0.000000,0.000000,0,0,5.50800,2566.696,2.475,5.000,5.000,6.000,10.000,22.000,0.000,0.000,0,0,1.4251,68,136,68,69,57
8,falling,22,384.0,,195.000,167.338,0.00000,5.51899,5.51899,0.000000,0.000000,0,0,5.50800,2566.696,2.475,5.000,5.000,6.000,10.000,22.000,0.000,0.000,0,0,1.4251,68,136,68,69,57
8,falling,23,401.0,,195.000,173.170,0.00000,5.71788,5.71788,0.000000,0.000000,0,0,5.50800,2566.696,2.475,5.000,5.000,6.000,10.000,22.000,0.000,0.000,0,0,1.4251,68,136,68,69,57
8,falling,24,418.0,,195.000,179.202,0.00000,5.91373,5.91373,0.000000,0.000000,0,0,5.50800,2566.696,2.475,5.000,5.000,6.000,10.000,22.000,0.000,0.000,0,0,1.4251,68,136,68,69,57
8,falling,25,434.0,,195.000,185.054,0.00000,6.09524,6.09524,0.000000,0.000000,0,0,5.50800,2566.696,2.475,5.000,5.000,6.000,10.000,22.000,0.000,0.000,0,0,1.4251,68,136,68,69,57
8,falling,26,451.0,,195.000,191.465,0.00000,6.28532,6.28532,0.000000,0.000000,0,0,5.50800,2566.696,2.475,5.000,5.000,6.000,10.000,22.000,0.000,0.000,0,0,1.4251,68,136,68,69,57
8,falling,27,468.0,,195.000,198.067,0.00000,6.47249,6.47249,0.000000,0.000000,0,0,5.50800,2566.696,2.475,5.000,5.000,6.000,10.000,22.000,0.000,0.000,0,0,1.4251,68,136,68,69,57
8,falling,28,484.0,,195.000,204.447,0.00000,6.64595,6.64595,0.000000,0.000000,0,0,5.50800,2566.696,2.475,5.000,5.000,6.000,10.000,22.000,0.000,0.000,0,0,1.4251,68,136,68,69,57
8,falling,29,501.0,,195.000,211.411,0.00000,6.82760,6.82760,0.000000,0.000000,0,0,5.50800,2566.696,2.475,5.000,5.000,6.000,10.000,22.000,0.000,0.000,0,0,1.4251,68,136,68,69,57
8,falling,30,518.0,,195.000,218.558,0.00000,7.00647,7.00647,0.000000,0.000000,0,0,5.50800,2566.696,2.475,5.000,5.000,6.000,10.000,22.000,0.000,0.000,0,0,1.4251,68,136,68,69,57
8,falling,31,535.0,,195.000,225.443,0.00000,7.17224,7.17224,0.000000,0.000000,0,0,5.50800,2566.696,2.475,5.000,5.000,6.000,10.000,22.000,0.000,0.000,0,0,1.4251,68,136,68,69,57
8,falling,32,551.0,,195.000,232.936,0.00000,7.34584,7.34584,0.000000,0.000000,0,0,5.50800,2566.696,2.475,5.000,5.000,6.000,10.000,22.000,0.000,0.000,0,0,1.4251,68,136,68,69,57
8,falling,33,568.0,,195.000,240.603,0.00000,7.51678,7.51678,0.000000,0.000000,0,0,5.50800,2566.696,2.475,5.000,5.000,6.000,10.000,22.000,0.000,0.000,0,0,1.4251,68,136,68,69,57
8,falling,34,584.0,,195.000,247.971,0.00000,7.67521,7.67521,0.000000,0.000000,0,0,5.50800,2566.696,2.475,5.000,5.000,6.000,10.000,22.000,0.000,0.000,0,0,1.4251,68,136,68,69,57
8,falling,35,601.0,,195.000,255.969,0.00000,7.84111,7.84111,0.000000,0.000000,0,0,5.50800,2566.696,2.475,5.000,5.000,6.000,10.000,22.000,0.000,0.000,0,0,1.4251,68,136,68,69,57
8,falling,36,618.0,,195.000,264.133,0.00000,8.00448,8.00448,0.000000,0.000000,0,0,5.50800,2566.696,2.475,5.000,5.000,6.000,10.000,22.000,0.000,0.000,0,0,1.4251,68,136,68,69,57
8,falling,37,634.0,,195.000,271.963,0.00000,8.15588,8.15588,0.000000,0.000000,0,0,5.50800,2566.696,2.475,5.000,5.000,6.000,10.000,22.000,0.000,0.000,0,0,1.4251,68,136,68,69,57
8,falling,38,651.0,,195.000,280.444,0.00000,8.31443,8.31443,0.000000,0.000000,0,0,5.50800,2566.696,2.475,5.000,5.000,6.000,10.000,22.000,0.000,0.000,0,0,1.4251,68,136,68,69,57
8,falling,39,668.0,,195.000,289.084,0.00000,8.47055,8.47055,0.000000,0.000000,0,0,5.50800,2566.696,2.475,5.000,5.000,6.000,10.000,22.000,0.000,0.000,0,0,1.4251,68,136,68,69,57
8,falling,40,684.0,,195.000,297.354,0.00000,8.61524,8.61524,0.000000,0.000000,0,0,5.50800,2566.696,2.475,5.000,5.000,6.000,10.000,22.000,0.000,0.000,0,0,1.4251,68,136,68,69,57
8,falling,41,701.0,,195.000,306.297,0.00000,8.76676,8.76676,0.000000,0.000000,0,0,5.50800,2566.696,2.475,5.000,5.000,6.000,10.000,22.000,0.000,0.000,0,0,1.4251,68,136,68,69,57
8,falling,42,718.0,,195.000,315.391,0.00000,8.91596,8.91596,0.000000,0.000000,0,0,5.50800,2566.696,2.475,5.000,5.000,6.000,10.000,22.000,0.000,0.000,0,0,1.4251,68,136,68,69,57
8,falling,43,735.0,,195.000,324.083,0.00000,9.05424,9.05424,0.000000,0.000000,0,0,5.50800,2566.696,2.475,5.000,5.000,6.000,10.000,22.000,0.000,0.000,0,0,1.4251,68,136,68,69,57
8,falling,44,751.0,,195.000,333.466,0.00000,9.19904,9.19904,0.000000,0.000000,0,0,5.50800,2566.696,2.475,5.000,5.000,6.000,10.000,22.000,0.000,0.000,0,0,1.4251,68,136,68,69,57
8,falling,45,768.0,,195.000,342.994,0.00000,9.34163,9.34163,0.000000,0.000000,0,0,5.50800,2566.696,2.475,5.000,5.000,6.000,10.000,22.000,0.000,0.000,0,0,1.4251,68,136,68,69,57
8,falling,46,785.0,,195.000,352.089,0.00000,9.47378,9.47378,0.000000,0.000000,0,0,5.50800,2566.696,2.475,5.000,5.000,6.000,10.000,22.000,0.000,0.000,0,0,1.4251,68,136,68,69,57
8,falling,47,801.0,,195.000,361.894,0.00000,9.61216,9.61216,0.000000,0.000000,0,0,5.50800,2566.696,2.475,5.000,5.000,6.000,10.000,22.000,0.000,0.000,0,0,1.4251,68,136,68,69,57
8,falling,48,818.0,,195.000,371.837,0.00000,9.74843,9.74843,0.000000,0.000000,0,0,5.50800,2566.696,2.475,5.000,5.000,6.000,10.000,22.000,0.000,0.000,0,0,1.4251,68,136,68,69,57
8,falling,49,834.0,,195.000,381.317,0.00000,9.87472,9.87472,0.000000,0.000000,0,0,5.50800,2566.696,2.475,5.000,5.000,6.000,10.000,22.000,0.000,0.000,0,0,1.4251,68,136,68,69,57
8,falling,50,851.0,,195.000,391.524,0.00000,10.00697,10.00697,0.000000,0.000000,0,0,5.50800,2566.696,2.475,5.000,5.000,6.000,10.000,22.000,0.000,0.000,0,0,1.4251,68,136,68,69,57
8,falling,51,868.0,,195.000,401.864,0.00000,10.13720,10.13720,0.000000,0.000000,0,0,5.50800,2566.696,2.475,5.000,5.000,6.000,10.000,22.000,0.000,0.000,0,0,1.4251,68,136,68,69,57
8,falling,52,884.0,,195.000,411.711,0.00000,10.25789,10.25789,0.000000,0.000000,0,0,5.50800,2566.696,2.475,5.000,5.000,6.000,10.000,22.000,0.000,0.000,0,0,1.4251,68,136,68,69,57
8,falling,53,901.0,,195.000,422.303,0.00000,10.38427,10.38427,0.000000,0.000000,0,0,5.50800,2566.696,2.475,5.000,5.000,6.000,10.000,22.000,0.000,0.000,0,0,1.4251,68,136,68,69,57
8,falling,54,918.0,,195.000,433.022,0.00000,10.50873,10.50873,0.000000,0.000000,0,0,5.50800,2566.696,2.475,5.000,5.000,6.000,10.000,22.000,0.000,0.000,0,0,1.4251,68,136,68,69,57
8,falling,55,934.0,,195.000,443.221,0.00000,10.62407,10.62407,0.000000,0.000000,0,0,5.50800,2566.696,2.475,5.000,5.000,6.000,10.000,22.000,0.000,0.000,0,0,1.4251,68,136,68,69,57
8,falling,56,951.0,,195.000,454.181,0.00000,10.74485,10.74485,0.000000,0.000000,0,0,5.50800,2566.696,2.475,5.000,5.000,6.000,10.000,22.000,0.000,0.000,0,0,1.4251,68,136,68,69,57
8,falling,57,968.0,,195.000,465.262,0.00000,10.86379,10.86379,0.000000,0.000000,0,0,5.50800,2566.696,2.475,5.000,5.000,6.000,10.000,22.000,0.000,0.000,0,0,1.4251,68,136,68,69,57
8,falling,58,985.0,,195.000,475.797,0.00000,10.97402,10.97402,0.000000,0.000000,0,0,5.50800,2566.696,2.475,5.000,5.000,6.000,10.000,22.000,0.000,0.000,0,0,1.4251,68,136,68,69,57
8,post_landing,59,1001.0,59,195.000,483.363,2.95318,0.40702,2.98109,0.030865,0.000000,0,1,5.50800,2566.696,2.475,5.000,5.000,6.000,10.000,22.000,0.000,0.000,0,8,1.4251,68,136,68,69,57
8,post_landing,60,1018.0,59,197.966,482.071,2.36441,0.25997,2.37866,0.025900,0.031000,0,1,5.50800,2566.696,2.475,5.000,4.029,6.028,9.027,22.020,0.000,0.000,0,4,1.4251,68,136,68,69,57
8,post_landing,61,1035.0,59,200.203,481.726,1.93222,0.19870,1.94240,0.020786,0.055506,0,1,5.50800,2566.696,2.475,5.000,4.049,6.046,9.042,22.022,0.000,0.000,0,2,1.4251,68,136,68,69,57
8,post_landing,62,1051.0,59,202.144,481.850,1.54439,0.18202,1.55508,0.017753,0.076384,0,1,5.50800,2566.696,2.475,5.000,4.065,6.059,9.050,24.083,0.000,0.000,0,1,1.4251,68,136,68,69,57
8,post_landing,63,1068.0,59,203.695,482.346,1.24187,0.17577,1.25424,0.014306,0.094215,0,1,5.50800,2566.696,2.475,5.000,4.076,6.067,9.054,29.154,0.000,0.000,0,1,1.4251,68,136,68,69,57
8,post_landing,64,1085.0,59,204.870,482.735,0.99554,0.16717,1.00947,0.011617,0.107750,0,1,5.50800,2566.696,2.475,5.000,4.084,6.073,9.055,29.154,0.000,0.000,0,1,1.4251,68,136,68,69,57
8,post_landing,65,1101.0,59,205.870,483.080,0.79616,0.34939,0.86945,0.017398,0.119418,0,1,5.50800,2566.696,2.475,5.000,4.091,6.076,9.055,32.249,0.000,0.000,0,1,1.4251,68,136,68,69,57
8,post_landing,66,1118.0,59,206.670,483.596,0.71492,0.46970,0.85541,0.016091,0.136893,0,1,5.50800,2566.696,2.475,5.000,4.099,6.080,9.052,36.346,0.000,0.000,0,1,1.4251,68,136,68,69,57
8,post_landing,67,1135.0,59,207.346,484.062,0.71246,0.49453,0.86727,0.013937,0.152118,0,1,5.50800,2566.696,2.475,5.000,4.105,6.082,9.048,36.342,0.000,0.000,0,1,1.4251,68,136,68,69,57
8,post_landing,68,1151.0,59,208.062,484.476,0.66644,0.49362,0.82933,0.017405,0.166116,0,1,5.50800,2566.696,2.475,5.000,4.110,6.083,10.193,36.662,0.000,0.000,0,1,1.4251,68,136,68,69,57
8,post_landing,69,1168.0,59,208.731,485.039,0.64448,0.48645,0.80746,0.019300,0.183597,0,1,5.50800,2566.696,2.475,5.000,4.115,6.082,15.296,36.673,0.000,0.000,0,1,1.4251,68,136,68,69,57
8,post_landing,70,1185.0,59,209.341,485.613,0.62459,0.49218,0.79521,0.019311,0.201858,0,1,5.50800,2566.696,2.475,5.000,4.119,6.079,15.297,36.873,0.000,0.000,0,1,1.4251,68,136,68,69,57
8,post_landing,71,1201.0,59,209.968,486.248,0.60289,0.51051,0.79000,0.019549,0.221254,0,1,5.50800,2566.696,2.475,5.000,4.122,6.073,17.463,38.073,0.000,0.000,0,1,1.4251,68,136,68,69,57
8,post_landing,72,1218.0,59,210.574,486.900,0.58143,0.52596,0.78402,0.019874,0.240889,0,1,5.50800,2566.696,2.475,5.000,4.123,7.275,17.463,40.260,0.000,0.000,0,1,1.4251,68,136,68,69,57
8,post_landing,73,1235.0,59,211.124,487.534,0.55917,0.53508,0.77394,0.019729,0.259693,0,1,5.50800,2566.696,2.475,5.000,4.123,7.279,19.647,41.483,0.000,0.000,0,1,1.4251,68,136,68,69,57
8,post_landing,74,1251.0,59,211.686,488.222,0.53515,0.55348,0.76989,0.020001,0.279508,0,1,5.50800,2566.696,2.475,5.000,4.121,7.280,34.202,56.318,0.000,0.000,0,1,1.4251,68,136,68,69,57
8,post_landing,75,1268.0,59,212.223,488.929,0.51058,0.57000,0.76524,0.020294,0.299597,0,1,5.50800,2566.696,2.475,5.000,4.117,7.278,35.072,57.567,0.000,0.000,0,1,1.4251,68,136,68,69,57
8,post_landing,76,1285.0,59,212.706,489.613,0.48517,0.57881,0.75525,0.020149,0.318798,0,1,5.50800,2566.696,2.475,5.000,5.375,7.274,35.412,60.083,0.000,0.000,0,1,1.4251,68,136,68,69,57
8,post_landing,77,1301.0,59,213.194,490.355,0.45763,0.59731,0.75247,0.020395,0.339036,0,1,5.50800,2566.696,2.475,5.000,5.381,33.837,36.721,60.407,0.000,0.000,0,1,1.4251,68,136,68,69,57
8,post_landing,78,1318.0,59,213.653,491.114,0.42894,0.61417,0.74913,0.020644,0.359520,0,1,5.50800,2566.696,2.475,5.000,5.384,35.112,55.128,60.392,0.000,0.000,0,1,1.4251,68,136,68,69,57
8,post_landing,79,1335.0,59,214.059,491.847,0.39939,0.62206,0.73923,0.020501,0.379053,0,1,5.50800,2566.696,2.475,5.000,34.539,34.909,57.749,60.355,0.000,0.000,0,1,1.4251,68,136,68,69,57
8,post_landing,80,1351.0,59,214.460,492.611,0.54521,0.11419,0.55704,0.015887,0.399644,0,1,5.50800,2566.696,2.475,5.000,32.694,54.620,59.083,61.314,0.000,0.000,0,3,1.4251,68,136,68,69,57
8,post_landing,81,1368.0,59,215.008,492.790,0.54065,0.08582,0.54742,0.013576,0.415601,0,1,5.50800,2566.696,2.475,5.000,32.695,55.945,59.497,61.326,0.000,0.000,0,2,1.4251,68,136,68,69,57
8,post_landing,82,1386.0,59,215.519,492.882,0.47151,0.09753,0.48149,0.014457,0.428446,0,1,5.50800,2566.696,2.475,5.000,5.379,55.946,59.506,61.325,0.000,0.000,0,2,1.4251,68,136,68,69,57
8,post_landing,83,1401.0,59,215.993,492.995,0.46371,0.09126,0.47261,0.012835,0.442967,0,1,5.50800,2566.696,2.475,5.000,25.495,55.461,59.504,62.168,0.000,0.000,0,2,1.4251,68,136,68,69,57
8,post_landing,84,1418.0,59,216.459,493.098,0.43065,0.09639,0.44131,0.012896,0.455858,0,1,5.50800,2566.696,2.475,5.000,25.494,56.798,59.034,62.168,0.000,0.000,0,2,1.4251,68,136,68,69,57
8,post_landing,85,1435.0,59,216.866,493.258,0.23316,-0.06882,0.24310,0.008118,0.468060,0,1,5.50800,2566.696,2.475,5.000,26.833,32.648,59.030,61.727,0.000,0.000,0,4,1.4251,68,136,68,69,57
8,post_landing,86,1451.0,59,217.100,493.253,0.00556,-0.07976,0.07996,0.010340,0.476214,0,1,5.50800,2566.696,2.475,5.000,26.831,32.650,59.022,61.744,0.000,0.000,0,4,1.4251,68,136,68,69,57
8,post_landing,87,1468.0,59,217.106,493.140,-0.65004,-0.22943,0.68934,0.031260,0.485997,0,1,5.50800,2566.696,2.475,5.000,24.173,32.648,59.007,61.760,0.000,0.000,0,3,1.4251,68,136,68,69,57
8,post_landing,88,1485.0,59,216.453,492.920,-0.33490,-2.02931,2.05676,-0.055289,0.517394,0,1,5.50800,2566.696,2.475,5.000,24.187,30.016,33.118,61.771,0.000,0.000,0,3,1.4251,68,136,68,69,57
8,post_landing,89,1501.0,59,216.116,491.171,-0.32978,-1.71493,1.74635,-0.054444,0.461862,0,0,5.50800,2566.696,2.475,5.000,26.833,32.646,59.033,62.164,0.000,0.000,0,0,1.4251,68,136,68,69,57
8,post_landing,90,1518.0,59,215.804,489.805,-0.32503,-1.42357,1.46020,-0.053660,0.410349,0,0,5.50800,2566.696,2.475,5.000,32.696,54.626,59.091,61.324,0.000,0.000,0,0,1.4251,68,136,68,69,57
8,post_landing,91,1534.0,59,215.478,488.664,-0.32006,-1.11845,1.16334,-0.052839,0.356454,0,0,5.50800,2566.696,2.475,5.000,5.384,35.113,55.122,60.396,0.000,0.000,0,0,1.4251,68,136,68,69,57
8,post_landing,92,1551.0,59,215.156,487.829,-0.31516,-0.81801,0.87662,-0.052030,0.303383,0,0,5.50800,2566.696,2.475,5.000,4.116,7.278,35.078,58.820,0.000,0.000,0,0,1.4251,68,136,68,69,57
8,post_landing,93,1568.0,59,214.858,487.334,-0.58459,-0.36729,0.69040,-0.008146,0.254153,0,1,5.50800,2566.696,2.475,5.000,4.123,7.278,19.647,41.481,0.000,0.000,0,1,1.4251,68,136,68,69,57
8,post_landing,94,1585.0,59,214.271,487.074,-0.48583,-0.17173,0.51529,0.001947,0.245972,0,1,5.50800,2566.696,2.475,5.000,4.123,7.276,17.462,40.261,0.000,0.000,0,1,1.4251,68,136,68,69,57
8,post_landing,95,1601.0,59,213.783,487.121,-0.37297,-0.07731,0.38090,0.006078,0.247927,0,1,5.50800,2566.696,2.475,5.000,4.123,7.277,17.462,40.261,0.000,0.000,0,1,1.4251,68,136,68,69,57
8,post_landing,96,1618.0,59,213.430,487.319,-0.27257,-0.02042,0.27333,0.007135,0.253678,0,1,5.50800,2566.696,2.475,5.000,4.123,7.278,19.647,41.480,0.000,0.000,0,1,1.4251,68,136,68,69,57
8,post_landing,97,1634.0,59,213.156,487.569,-0.18984,0.01958,0.19085,0.007483,0.260844,0,1,5.50800,2566.696,2.475,5.000,4.123,7.279,26.926,41.484,0.000,0.000,0,1,1.4251,68,136,68,69,57
8,post_landing,98,1651.0,59,212.966,487.829,-0.12303,0.04188,0.12996,0.007401,0.268360,0,1,5.50800,2566.696,2.475,5.000,4.122,7.280,34.205,41.485,0.000,0.000,0,1,1.4251,68,136,68,69,57
8,post_landing,99,1668.0,59,212.842,488.088,-0.07058,0.11871,0.13811,0.013172,0.275794,0,1,5.50800,2566.696,2.475,5.000,4.121,7.280,34.204,54.120,0.000,0.000,0,1,1.4251,68,136,68,69,57
8,post_landing,100,1684.0,59,212.775,488.456,-0.06956,0.38367,0.38993,0.012982,0.288257,0,0,5.50800,2566.696,2.475,5.000,4.119,7.280,35.050,56.321,0.000,0.000,0,0,1.4251,68,136,68,69,57
8,post_landing,101,1701.0,59,212.705,488.990,0.00710,0.20562,0.20575,0.007021,0.301296,0,1,5.50800,2566.696,2.475,5.000,4.117,7.278,35.075,57.567,0.000,0.000,0,1,1.4251,68,136,68,69,57
8,post_landing,102,1718.0,59,212.712,489.230,0.05779,0.14448,0.15561,0.004218,0.307939,0,1,5.50800,2566.696,2.475,5.000,5.371,7.277,35.085,58.821,0.000,0.000,0,1,1.4251,68,136,68,69,57
8,post_landing,103,1735.0,59,212.770,489.546,0.20699,0.09012,0.22576,0.002957,0.312176,0,1,5.50800,2566.696,2.475,5.000,5.373,7.276,35.091,58.822,0.000,0.000,0,2,1.4251,68,136,68,69,57
8,post_landing,104,1751.0,59,212.978,489.660,0.23469,0.10039,0.25526,0.003278,0.315146,0,1,5.50800,2566.696,2.475,5.000,5.374,7.275,35.094,60.082,0.000,0.000,0,2,1.4251,68,136,68,69,57
8,post_landing,105,1768.0,59,213.200,489.765,0.24142,0.10453,0.26308,0.003400,0.318248,0,1,5.50800,2566.696,2.475,5.000,5.375,7.274,35.411,60.083,0.000,0.000,0,2,1.4251,68,136,68,69,57
8,post_landing,106,1785.0,59,213.443,489.889,0.25026,0.10995,0.27335,0.003573,0.321663,0,1,5.50800,2566.696,2.475,5.000,5.376,7.273,35.417,60.083,0.000,0.000,0,2,1.4251,68,136,68,69,57
8,post_landing,107,1801.0,59,213.694,490.015,0.25565,0.23193,0.34518,0.006795,0.325251,0,1,5.50800,2566.696,2.475,5.000,5.377,7.272,35.424,60.083,0.000,0.000,0,2,1.4251,68,136,68,69,57
8,post_landing,108,1818.0,59,213.936,490.239,0.31150,0.28757,0.42394,0.008380,0.331680,0,1,5.50800,2566.696,2.475,5.000,5.379,33.838,35.435,60.406,0.000,0.000,0,2,1.4251,68,136,68,69,57
8,post_landing,109,1835.0,59,214.249,490.542,0.36355,0.34057,0.49815,0.009848,0.340097,0,1,5.50800,2566.696,2.475,5.000,5.381,33.836,36.723,60.407,0.000,0.000,0,2,1.4251,68,136,68,69,57
8,post_landing,110,1851.0,59,214.614,490.897,0.40479,0.38643,0.55963,0.011076,0.349988,0,1,5.50800,2566.696,2.475,5.000,5.383,35.114,52.887,60.402,0.000,0.000,0,2,1.4251,68,136,68,69,57
8,post_landing,111,1868.0,59,215.020,491.299,0.43655,0.42655,0.61035,0.012111,0.361113,0,1,5.50800,2566.696,2.475,5.000,33.240,35.111,55.130,60.390,0.000,0.000,0,2,1.4251,68,136,68,69,57
8,post_landing,112,1885.0,59,215.434,491.713,0.45546,0.45514,0.64389,0.012799,0.372572,0,1,5.50800,2566.696,2.475,5.000,33.241,34.537,56.441,60.370,0.000,0.000,0,2,1.4251,68,136,68,69,57
8,post_landing,113,1901.0,59,215.891,492.231,0.47920,0.09343,0.48822,0.013793,0.385427,0,1,5.50800,2566.696,2.475,5.000,34.540,34.916,59.061,61.465,0.000,0.000,0,3,1.4251,68,136,68,69,57
8,post_landing,114,1918.0,59,216.372,492.513,0.45363,0.09426,0.46332,0.013146,0.399281,0,1,5.50800,2566.696,2.475,5.000,34.537,54.620,59.083,61.314,0.000,0.000,0,2,1.4251,68,136,68,69,57
8,post_landing,115,1935.0,59,216.802,492.512,0.37392,0.06393,0.37935,0.015961,0.411719,0,1,5.50800,2566.696,2.475,5.000,32.695,54.626,59.092,61.325,0.000,0.000,0,1,1.4251,68,136,68,69,57
8,post_landing,116,1951.0,59,217.177,492.630,0.21900,0.00000,0.21900,0.023400,0.427750,0,1,5.50800,2566.696,2.475,5.000,5.379,55.946,59.505,61.325,0.000,0.000,0,1,1.4251,68,136,68,69,57
8,post_landing,117,1968.0,59,217.397,492.816,0.25470,0.14120,0.29122,0.016839,0.451252,0,1,5.50800,2566.696,2.475,5.000,25.495,55.461,59.033,62.169,0.000,0.000,0,1,1.4251,68,136,68,69,57
8,post_landing,118,1985.0,59,217.638,492.965,0.27584,0.13274,0.30612,0.014539,0.467185,0,1,5.50800,2566.696,2.475,5.000,26.833,32.648,59.030,61.725,0.000,0.000,0,1,1.4251,68,136,68,69,57
9,falling,0,26.0,,195.000,97.029,0.00000,0.55000,0.55000,0.000000,0.000000,0,0,5.03800,2670.843,2.201,5.000,5.000,7.000,9.000,37.000,0.000,0.000,0,0,1.0585,78,156,78,82,79
9,falling,1,30.0,,195.000,97.177,0.00000,0.61469,0.61469,0.000000,0.000000,0,0,5.03800,2670.843,2.201,5.000,5.000,7.000,9.000,37.000,0.000,0.000,0,0,1.0585,78,156,78,82,79
9,falling,2,47.0,,195.000,98.083,0.00000,0.88862,0.88862,0.000000,0.000000,0,0,5.03800,2670.843,2.201,5.000,5.000,7.000,9.000,37.000,0.000,0.000,0,0,1.0585,78,156,78,82,79
9,falling,3,64.0,,195.000,99.180,0.00000,1.14249,1.14249,0.000000,0.000000,0,0,5.03800,2670.843,2.201,5.000,5.000,7.000,9.000,37.000,0.000,0.000,0,0,1.0585,78,156,78,82,79
9,falling,4,80.0,,195.000,100.616,0.00000,1.40834,1.40834,0.000000,0.000000,0,0,5.03800,2670.843,2.201,5.000,5.000,7.000,9.000,37.000,0.000,0.000,0,0,1.0585,78,156,78,82,79
9,falling,5,97.0,,195.000,102.320,0.00000,1.67012,1.67012,0.000000,0.000000,0,0,5.03800,2670.843,2.201,5.000,5.000,7.000,9.000,37.000,0.000,0.000,0,0,1.0585,78,156,78,82,79
9,falling,6,114.0,,195.000,104.286,0.00000,1.92791,1.92791,0.000000,0.000000,0,0,5.03800,2670.843,2.201,5.000,5.000,7.000,9.000,37.000,0.000,0.000,0,0,1.0585,78,156,78,82,79
9,falling,7,130.0,,195.000,106.366,0.00000,2.16681,2.16681,0.000000,0.000000,0,0,5.03800,2670.843,2.201,5.000,5.000,7.000,9.000,37.000,0.000,0.000,0,0,1.0585,78,156,78,82,79
9,falling,8,147.0,,195.000,108.832,0.00000,2.41699,2.41699,0.000000,0.000000,0,0,5.03800,2670.843,2.201,5.000,5.000,7.000,9.000,37.000,0.000,0.000,0,0,1.0585,78,156,78,82,79
9,falling,9,164.0,,195.000,111.548,0.00000,2.66334,2.66334,0.000000,0.000000,0,0,5.03800,2670.843,2.201,5.000,5.000,7.000,9.000,37.000,0.000,0.000,0,0,1.0585,78,156,78,82,79
9,falling,10,180.0,,195.000,114.324,0.00000,2.89166,2.89166,0.000000,0.000000,0,0,5.03800,2670.843,2.201,5.000,5.000,7.000,9.000,37.000,0.000,0.000,0,0,1.0585,78,156,78,82,79
9,falling,11,197.0,,195.000,117.518,0.00000,3.13075,3.13075,0.000000,0.000000,0,0,5.03800,2670.843,2.201,5.000,5.000,7.000,9.000,37.000,0.000,0.000,0,0,1.0585,78,156,78,82,79
9,falling,12,214.0,,195.000,120.736,0.00000,3.35233,3.35233,0.000000,0.000000,0,0,5.03800,2670.843,2.201,5.000,5.000,7.000,9.000,37.000,0.000,0.000,0,0,1.0585,78,156,78,82,79
9,falling,13,230.0,,195.000,124.392,0.00000,3.58438,3.58438,0.000000,0.000000,0,0,5.03800,2670.843,2.201,5.000,5.000,7.000,9.000,37.000,0.000,0.000,0,0,1.0585,78,156,78,82,79
9,falling,14,247.0,,195.000,128.281,0.00000,3.81287,3.81287,0.000000,0.000000,0,0,5.03800,2670.843,2.201,5.000,5.000,7.000,9.000,37.000,0.000,0.000,0,0,1.0585,78,156,78,82,79
9,falling,15,264.0,,195.000,132.145,0.00000,4.02463,4.02463,0.000000,0.000000,0,0,5.03800,2670.843,2.201,5.000,5.000,7.000,9.000,37.000,0.000,0.000,0,0,1.0585,78,156,78,82,79
9,falling,16,280.0,,195.000,136.476,0.00000,4.24639,4.24639,0.000000,0.000000,0,0,5.03800,2670.843,2.201,5.000,5.000,7.000,9.000,37.000,0.000,0.000,0,0,1.0585,78,156,78,82,79
9,falling,17,297.0,,195.000,141.030,0.00000,4.46475,4.46475,0.000000,0.000000,0,0,5.03800,2670.843,2.201,5.000,5.000,7.000,9.000,37.000,0.000,0.000,0,0,1.0585,78,156,78,82,79
9,falling,18,314.0,,195.000,145.511,0.00000,4.66712,4.66712,0.000000,0.000000,0,0,5.03800,2670.843,2.201,5.000,5.000,7.000,9.000,37.000,0.000,0.000,0,0,1.0585,78,156,78,82,79
9,falling,19,330.0,,195.000,150.487,0.00000,4.87905,4.87905,0.000000,0.000000,0,0,5.03800,2670.843,2.201,5.000,5.000,7.000,9.000,37.000,0.000,0.000,0,0,1.0585,78,156,78,82,79
9,falling,20,347.0,,195.000,155.677,0.00000,5.08773,5.08773,0.000000,0.000000,0,0,5.03800,2670.843,2.201,5.000,5.000,7.000,9.000,37.000,0.000,0.000,0,0,1.0585,78,156,78,82,79
9,falling,21,364.0,,195.000,160.747,0.00000,5.28114,5.28114,0.000000,0.000000,0,0,5.03800,2670.843,2.201,5.000,5.000,7.000,9.000,37.000,0.000,0.000,0,0,1.0585,78,156,78,82,79
9,falling,22,380.0,,195.000,166.340,0.00000,5.48367,5.48367,0.000000,0.000000,0,0,5.03800,2670.843,2.201,5.000,5.000,7.000,9.000,37.000,0.000,0.000,0,0,1.0585,78,156,78,82,79
9,falling,23,397.0,,195.000,172.137,0.00000,5.68310,5.68310,0.000000,0.000000,0,0,5.03800,2670.843,2.201,5.000,5.000,7.000,9.000,37.000,0.000,0.000,0,0,1.0585,78,156,78,82,79
9,falling,24,414.0,,195.000,178.134,0.00000,5.87949,5.87949,0.000000,0.000000,0,0,5.03800,2670.843,2.201,5.000,5.000,7.000,9.000,37.000,0.000,0.000,0,0,1.0585,78,156,78,82,79
9,falling,25,430.0,,195.000,183.953,0.00000,6.06149,6.06149,0.000000,0.000000,0,0,5.03800,2670.843,2.201,5.000,5.000,7.000,9.000,37.000,0.000,0.000,0,0,1.0585,78,156,78,82,79
9,falling,26,447.0,,195.000,190.330,0.00000,6.25208,6.25208,0.000000,0.000000,0,0,5.03800,2670.843,2.201,5.000,5.000,7.000,9.000,37.000,0.000,0.000,0,0,1.0585,78,156,78,82,79
9,falling,27,464.0,,195.000,196.501,0.00000,6.42872,6.42872,0.000000,0.000000,0,0,5.03800,2670.843,2.201,5.000,5.000,7.000,9.000,37.000,0.000,0.000,0,0,1.0585,78,156,78,82,79
9,falling,28,480.0,,195.000,203.247,0.00000,6.61369,6.61369,0.000000,0.000000,0,0,5.03800,2670.843,2.201,5.000,5.000,7.000,9.000,37.000,0.000,0.000,0,0,1.0585,78,156,78,82,79
9,falling,29,497.0,,195.000,210.179,0.00000,6.79583,6.79583,0.000000,0.000000,0,0,5.03800,2670.843,2.201,5.000,5.000,7.000,9.000,37.000,0.000,0.000,0,0,1.0585,78,156,78,82,79
9,falling,30,514.0,,195.000,217.294,0.00000,6.97519,6.97519,0.000000,0.000000,0,0,5.03800,2670.843,2.201,5.000,5.000,7.000,8.000,36.000,0.000,0.000,0,0,1.0585,78,156,78,82,79
9,falling,31,531.0,,195.000,224.150,0.00000,7.14142,7.14142,0.000000,0.000000,0,0,5.03800,2670.843,2.201,5.000,5.000,7.000,8.000,36.000,0.000,0.000,0,0,1.0585,78,156,78,82,79
9,falling,32,547.0,,195.000,231.611,0.00000,7.31549,7.31549,0.000000,0.000000,0,0,5.03800,2670.843,2.201,5.000,5.000,7.000,8.000,36.000,0.000,0.000,0,0,1.0585,78,156,78,82,79
9,falling,33,564.0,,195.000,239.248,0.00000,7.48689,7.48689,0.000000,0.000000,0,0,5.03800,2670.843,2.201,5.000,5.000,7.000,8.000,36.000,0.000,0.000,0,0,1.0585,78,156,78,82,79
9,falling,34,580.0,,195.000,246.588,0.00000,7.64575,7.64575,0.000000,0.000000,0,0,5.03800,2670.843,2.201,5.000,5.000,7.000,8.000,36.000,0.000,0.000,0,0,1.0585,78,156,78,82,79
9,falling,35,597.0,,195.000,254.556,0.00000,7.81210,7.81210,0.000000,0.000000,0,0,5.03800,2670.843,2.201,5.000,5.000,7.000,8.000,36.000,0.000,0.000,0,0,1.0585,78,156,78,82,79
9,falling,36,614.0,,195.000,262.692,0.00000,7.97591,7.97591,0.000000,0.000000,0,0,5.03800,2670.843,2.201,5.000,5.000,7.000,9.000,37.000,0.000,0.000,0,0,1.0585,78,156,78,82,79
9,falling,37,630.0,,195.000,270.494,0.00000,8.12772,8.12772,0.000000,0.000000,0,0,5.03800,2670.843,2.201,5.000,5.000,7.000,9.000,37.000,0.000,0.000,0,0,1.0585,78,156,78,82,79
9,falling,38,647.0,,195.000,278.947,0.00000,8.28670,8.28670,0.000000,0.000000,0,0,5.03800,2670.843,2.201,5.000,5.000,7.000,9.000,37.000,0.000,0.000,0,0,1.0585,78,156,78,82,79
9,falling,39,664.0,,195.000,287.559,0.00000,8.44325,8.44325,0.000000,0.000000,0,0,5.03800,2670.843,2.201,5.000,5.000,7.000,9.000,37.000,0.000,0.000,0,0,1.0585,78,156,78,82,79
9,falling,40,680.0,,195.000,295.804,0.00000,8.58833,8.58833,0.000000,0.000000,0,0,5.03800,2670.843,2.201,5.000,5.000,7.000,9.000,37.000,0.000,0.000,0,0,1.0585,78,156,78,82,79
9,falling,41,697.0,,195.000,304.719,0.00000,8.74026,8.74026,0.000000,0.000000,0,0,5.03800,2670.843,2.201,5.000,5.000,7.000,9.000,37.000,0.000,0.000,0,0,1.0585,78,156,78,82,79
9,falling,42,714.0,,195.000,313.245,0.00000,8.88107,8.88107,0.000000,0.000000,0,0,5.03800,2670.843,2.201,5.000,5.000,7.000,9.000,37.000,0.000,0.000,0,0,1.0585,78,156,78,82,79
9,falling,43,730.0,,195.000,322.454,0.00000,9.02852,9.02852,0.000000,0.000000,0,0,5.03800,2670.843,2.201,5.000,5.000,7.000,9.000,37.000,0.000,0.000,0,0,1.0585,78,156,78,82,79
9,falling,44,747.0,,195.000,331.811,0.00000,9.17372,9.17372,0.000000,0.000000,0,0,5.03800,2670.843,2.201,5.000,5.000,7.000,9.000,37.000,0.000,0.000,0,0,1.0585,78,156,78,82,79
9,falling,45,764.0,,195.000,340.747,0.00000,9.30829,9.30829,0.000000,0.000000,0,0,5.03800,2670.843,2.201,5.000,5.000,7.000,9.000,37.000,0.000,0.000,0,0,1.0585,78,156,78,82,79
9,falling,46,780.0,,195.000,350.385,0.00000,9.44920,9.44920,0.000000,0.000000,0,0,5.03800,2670.843,2.201,5.000,5.000,7.000,9.000,37.000,0.000,0.000,0,0,1.0585,78,156,78,82,79
9,falling,47,797.0,,195.000,360.165,0.00000,9.58796,9.58796,0.000000,0.000000,0,0,5.03800,2670.843,2.201,5.000,5.000,7.000,9.000,37.000,0.000,0.000,0,0,1.0585,78,156,78,82,79
9,falling,48,814.0,,195.000,369.493,0.00000,9.71656,9.71656,0.000000,0.000000,0,0,5.03800,2670.843,2.201,5.000,5.000,7.000,9.000,37.000,0.000,0.000,0,0,1.0585,78,156,78,82,79
9,falling,49,830.0,,195.000,379.541,0.00000,9.85123,9.85123,0.000000,0.000000,0,0,5.03800,2670.843,2.201,5.000,5.000,7.000,9.000,37.000,0.000,0.000,0,0,1.0585,78,156,78,82,79
9,falling,50,847.0,,195.000,389.724,0.00000,9.98384,9.98384,0.000000,0.000000,0,0,5.03800,2670.843,2.201,5.000,5.000,7.000,9.000,37.000,0.000,0.000,0,0,1.0585,78,156,78,82,79
9,falling,51,864.0,,195.000,399.427,0.00000,10.10674,10.10674,0.000000,0.000000,0,0,5.03800,2670.843,2.201,5.000,5.000,7.000,9.000,37.000,0.000,0.000,0,0,1.0585,78,156,78,82,79
9,falling,52,880.0,,195.000,409.867,0.00000,10.23544,10.23544,0.000000,0.000000,0,0,5.03800,2670.843,2.201,5.000,5.000,7.000,9.000,37.000,0.000,0.000,0,0,1.0585,78,156,78,82,79
9,falling,53,897.0,,195.000,420.436,0.00000,10.36217,10.36217,0.000000,0.000000,0,0,5.03800,2670.843,2.201,5.000,5.000,7.000,9.000,37.000,0.000,0.000,0,0,1.0585,78,156,78,82,79
9,falling,54,914.0,,195.000,430.497,0.00000,10.47962,10.47962,0.000000,0.000000,0,0,5.03800,2670.843,2.201,5.000,5.000,7.000,9.000,37.000,0.000,0.000,0,0,1.0585,78,156,78,82,79
9,falling,55,930.0,,195.000,441.312,0.00000,10.60262,10.60262,0.000000,0.000000,0,0,5.03800,2670.843,2.201,5.000,5.000,7.000,9.000,37.000,0.000,0.000,0,0,1.0585,78,156,78,82,79
9,falling,56,947.0,,195.000,452.250,0.00000,10.72373,10.72373,0.000000,0.000000,0,0,5.03800,2670.843,2.201,5.000,5.000,7.000,9.000,37.000,0.000,0.000,0,0,1.0585,78,156,78,82,79
9,falling,57,964.0,,195.000,462.652,0.00000,10.83598,10.83598,0.000000,0.000000,0,0,5.03800,2670.843,2.201,5.000,5.000,7.000,9.000,37.000,0.000,0.000,0,0,1.0585,78,156,78,82,79
9,falling,58,981.0,,195.000,473.825,0.00000,10.95352,10.95352,0.000000,0.000000,0,0,5.03800,2670.843,2.201,5.000,5.000,7.000,9.000,37.000,0.000,0.000,0,0,1.0585,78,156,78,82,79
9,post_landing,59,997.0,59,195.000,481.820,4.18131,1.21415,4.35402,0.044378,0.000000,0,1,5.03800,2670.843,2.201,5.000,5.000,7.000,9.000,37.000,0.000,0.000,0,7,1.0585,78,156,78,82,79
9,post_landing,60,1014.0,59,198.956,481.600,3.32336,0.55607,3.36956,0.036187,0.041989,0,1,5.03800,2670.843,2.201,5.000,4.038,5.038,9.076,37.219,0.000,0.000,0,4,1.0585,78,156,78,82,79
9,post_landing,61,1031.0,59,202.294,481.809,2.63183,0.31574,2.65070,0.029556,0.078336,0,1,5.03800,2670.843,2.201,5.000,4.066,5.063,9.129,38.510,0.000,0.000,0,2,1.0585,78,156,78,82,79
9,post_landing,62,1047.0,59,204.938,482.376,2.07550,0.22581,2.08775,0.023977,0.108021,0,1,5.03800,2670.843,2.201,5.000,4.084,5.079,36.329,38.749,0.000,0.000,0,1,1.0585,78,156,78,82,79
9,post_landing,63,1064.0,59,206.901,482.846,2.04562,0.48923,2.10331,0.023632,0.130707,0,0,5.03800,2670.843,2.201,5.000,4.096,5.088,37.466,38.849,0.000,0.000,0,0,1.0585,78,156,78,82,79
9,post_landing,64,1080.0,59,208.956,483.626,2.01432,0.76508,2.15472,0.023270,0.154443,0,0,5.03800,2670.843,2.201,5.000,4.106,5.094,37.483,38.932,0.000,0.000,0,0,1.0585,78,156,78,82,79
9,post_landing,65,1097.0,59,210.979,484.684,1.98350,1.03670,2.23809,0.022914,0.177815,0,0,5.03800,2670.843,2.201,5.000,4.114,34.525,37.478,38.993,0.000,0.000,0,0,1.0585,78,156,78,82,79
9,post_landing,66,1114.0,59,212.856,485.747,1.51310,0.48961,1.59034,0.019145,0.199496,0,1,5.03800,2670.843,2.201,5.000,33.733,35.693,38.832,39.030,0.000,0.000,0,1,1.0585,78,156,78,82,79
9,post_landing,67,1130.0,59,214.376,486.485,1.15839,0.29087,1.19435,0.014973,0.218725,0,1,5.03800,2670.843,2.201,5.000,33.733,35.685,39.048,39.048,0.000,0.000,0,1,1.0585,78,156,78,82,79
9,post_landing,68,1147.0,59,215.539,487.009,0.93754,0.09798,0.94265,0.012223,0.233764,0,1,5.03800,2670.843,2.201,5.000,34.928,34.928,39.051,39.051,0.000,0.000,0,2,1.0585,78,156,78,82,79
9,post_landing,69,1164.0,59,216.426,487.059,0.82783,0.06627,0.83048,0.007606,0.245328,0,1,5.03800,2670.843,2.201,5.000,32.015,34.925,39.048,39.048,0.000,0.000,0,1,1.0585,78,156,78,82,79
9,post_landing,70,1180.0,59,217.258,487.131,0.71764,0.05293,0.71959,0.006107,0.252968,0,1,5.03800,2670.843,2.201,5.000,32.016,34.920,37.357,39.043,0.000,0.000,0,1,1.0585,78,156,78,82,79
9,post_landing,71,1197.0,59,217.978,487.190,0.62129,0.04689,0.62306,0.005379,0.259102,0,1,5.03800,2670.843,2.201,5.000,32.015,34.915,37.360,39.037,0.000,0.000,0,1,1.0585,78,156,78,82,79
9,post_landing,72,1214.0,59,218.566,487.235,0.55075,0.09410,0.55873,0.008238,0.264191,0,1,5.03800,2670.843,2.201,5.000,1.226,34.909,37.362,39.032,0.000,0.000,0,1,1.0585,78,156,78,82,79
9,post_landing,73,1230.0,59,219.120,487.323,0.49657,0.10714,0.50800,0.010581,0.272465,0,1,5.03800,2670.843,2.201,5.000,1.232,32.009,37.363,39.020,0.000,0.000,0,1,1.0585,78,156,78,82,79
9,post_landing,74,1247.0,59,219.618,487.432,0.38410,0.06781,0.39004,0.016764,0.283093,0,1,5.03800,2670.843,2.201,5.000,1.240,32.001,37.360,39.001,0.000,0.000,0,1,1.0585,78,156,78,82,79
9,post_landing,75,1264.0,59,219.982,487.591,0.26397,0.05304,0.26925,0.022006,0.298954,0,1,5.03800,2670.843,2.201,5.000,1.250,1.250,36.687,38.965,0.000,0.000,0,1,1.0585,78,156,78,82,79
9,post_landing,76,1280.0,59,220.247,487.840,0.21871,0.01732,0.21940,0.023655,0.321056,0,1,5.03800,2670.843,2.201,5.000,1.264,1.264,36.683,38.898,0.000,0.000,0,1,1.0585,78,156,78,82,79
9,post_landing,77,1297.0,59,220.466,488.123,0.21111,0.01826,0.21190,0.022834,0.344815,0,1,5.03800,2670.843,2.201,5.000,1.279,1.279,33.835,67.066,0.000,0.000,0,1,1.0585,78,156,78,82,79
9,post_landing,78,1314.0,59,220.666,488.398,0.20545,0.04290,0.20988,0.021528,0.366419,0,1,5.03800,2670.843,2.201,5.000,1.292,1.292,12.636,65.549,0.000,0.000,0,1,1.0585,78,156,78,82,79
9,post_landing,79,1330.0,59,220.873,488.697,0.25040,0.00000,0.25040,0.020103,0.388042,0,1,5.03800,2670.843,2.201,5.000,1.304,1.304,12.621,65.546,0.000,0.000,0,1,1.0585,78,156,78,82,79
9,post_landing,80,1347.0,59,221.124,488.983,0.25213,0.01307,0.25247,0.020147,0.408233,0,1,5.03800,2670.843,2.201,5.000,1.315,3.027,12.602,65.515,0.000,0.000,0,1,1.0585,78,156,78,82,79
9,post_landing,81,1364.0,59,221.363,489.264,0.25087,0.04645,0.25514,0.019553,0.427295,0,1,5.03800,2670.843,2.201,5.000,1.325,3.063,3.478,66.209,0.000,0.000,0,1,1.0585,78,156,78,82,79
9,post_landing,82,1380.0,59,221.615,489.575,0.25349,0.03918,0.25650,0.020466,0.446934,0,1,5.03800,2670.843,2.201,5.000,1.334,3.100,3.532,66.208,0.000,0.000,0,1,1.0585,78,156,78,82,79
9,post_landing,83,1397.0,59,221.869,489.904,0.24765,0.06047,0.25492,0.021010,0.467490,0,1,5.03800,2670.843,2.201,5.000,1.343,3.137,32.215,63.502,0.000,0.000,0,1,1.0585,78,156,78,82,79
9,post_landing,84,1414.0,59,222.104,490.235,0.26061,0.08861,0.27526,0.019997,0.487369,0,1,5.03800,2670.843,2.201,5.000,1.352,3.172,32.286,63.476,0.000,0.000,0,1,1.0585,78,156,78,82,79
9,post_landing,85,1430.0,59,222.365,490.590,0.24820,0.09535,0.26589,0.021498,0.507454,0,1,5.03800,2670.843,2.201,5.000,1.360,3.206,32.345,43.028,0.000,0.000,0,1,1.0585,78,156,78,82,79
9,post_landing,86,1447.0,59,222.615,490.977,0.24997,0.11534,0.27530,0.021756,0.529046,0,1,5.03800,2670.843,2.201,5.000,1.368,32.394,32.394,43.045,0.000,0.000,0,1,1.0585,78,156,78,82,79
9,post_landing,87,1464.0,59,222.851,491.358,0.28784,0.15253,0.32576,0.019271,0.549631,0,1,5.03800,2670.843,2.201,5.000,1.375,32.426,33.993,61.580,0.000,0.000,0,1,1.0585,78,156,78,82,79
9,post_landing,88,1480.0,59,223.140,491.739,0.32216,0.18812,0.37306,0.017777,0.568987,0,1,5.03800,2670.843,2.201,5.000,32.444,32.444,34.060,62.126,0.000,0.000,0,1,1.0585,78,156,78,82,79
9,post_landing,89,1497.0,59,223.464,492.114,0.22607,-0.05649,0.23302,0.006517,0.586842,0,1,5.03800,2670.843,2.201,5.000,32.450,32.450,34.111,62.681,0.000,0.000,0,2,1.0585,78,156,78,82,79
9,post_landing,90,1514.0,59,223.678,492.206,0.13031,-0.03206,0.13420,0.003751,0.593008,0,1,5.03800,2670.843,2.201,5.000,32.450,32.450,34.126,62.682,0.000,0.000,0,3,1.0585,78,156,78,82,79
9,post_landing,91,1530.0,59,223.809,492.216,0.03707,-0.02308,0.04367,0.001658,0.596775,0,1,5.03800,2670.843,2.201,5.000,32.449,32.449,34.135,62.681,0.000,0.000,0,3,1.0585,78,156,78,82,79
9,post_landing,92,1547.0,59,223.844,492.212,0.00277,0.00000,0.00277,0.000000,0.598344,0,1,5.03800,2670.843,2.201,5.000,32.448,32.448,34.138,62.681,0.000,0.000,0,3,1.0585,78,156,78,82,79
9,post_landing,93,1564.0,59,223.846,492.218,0.00056,0.00000,0.00056,0.000000,0.598344,0,1,5.03800,2670.843,2.201,5.000,32.448,32.448,34.138,62.681,0.000,0.000,0,3,1.0585,78,156,78,82,79
9,post_landing,94,1580.0,59,223.847,492.218,-0.00006,0.00000,0.00006,0.000000,0.598344,0,1,5.03800,2670.843,2.201,5.000,32.448,32.448,34.138,62.681,0.000,0.000,0,3,1.0585,78,156,78,82,79
9,post_landing,95,1597.0,59,223.847,492.214,-0.00112,0.00000,0.00112,0.000000,0.598344,0,1,5.03800,2670.843,2.201,5.000,32.448,32.448,34.138,62.681,0.000,0.000,0,3,1.0585,78,156,78,82,79
9,post_landing,96,1613.0,59,223.846,492.218,0.00122,0.00000,0.00122,0.000000,0.598344,0,1,5.03800,2670.843,2.201,5.000,32.448,32.448,34.138,62.681,0.000,0.000,0,3,1.0585,78,156,78,82,79
9,post_landing,97,1630.0,59,223.847,492.218,-0.00026,0.00000,0.00026,0.000000,0.598344,0,1,5.03800,2670.843,2.201,5.000,32.448,32.448,34.138,62.681,0.000,0.000,0,3,1.0585,78,156,78,82,79
9,post_landing,98,1647.0,59,223.847,492.214,-0.00106,0.00000,0.00106,0.000000,0.598344,0,1,5.03800,2670.843,2.201,5.000,32.448,32.448,34.138,62.681,0.000,0.000,0,3,1.0585,78,156,78,82,79
9,post_landing,99,1663.0,59,223.846,492.218,0.00122,0.00000,0.00122,0.000000,0.598344,0,1,5.03800,2670.843,2.201,5.000,32.448,32.448,34.138,62.681,0.000,0.000,0,3,1.0585,78,156,78,82,79
9,post_landing,100,1680.0,59,223.847,492.218,-0.00025,0.00000,0.00025,0.000000,0.598344,0,1,5.03800,2670.843,2.201,5.000,32.448,32.448,34.138,62.681,0.000,0.000,0,3,1.0585,78,156,78,82,79
9,post_landing,101,1697.0,59,223.847,492.214,-0.00106,0.00000,0.00106,0.000000,0.598344,0,1,5.03800,2670.843,2.201,5.000,32.448,32.448,34.138,62.681,0.000,0.000,0,3,1.0585,78,156,78,82,79
9,post_landing,102,1713.0,59,223.846,492.218,0.00122,0.00000,0.00122,0.000000,0.598344,0,1,5.03800,2670.843,2.201,5.000,32.448,32.448,34.138,62.681,0.000,0.000,0,3,1.0585,78,156,78,82,79
9,post_landing,103,1730.0,59,223.847,492.218,-0.00025,0.00000,0.00025,0.000000,0.598344,0,1,5.03800,2670.843,2.201,5.000,32.448,32.448,34.138,62.681,0.000,0.000,0,3,1.0585,78,156,78,82,79
9,post_landing,104,1747.0,59,223.847,492.214,-0.00106,0.00000,0.00106,0.000000,0.598344,0,1,5.03800,2670.843,2.201,5.000,32.448,32.448,34.138,62.681,0.000,0.000,0,3,1.0585,78,156,78,82,79
9,post_landing,105,1764.0,59,223.846,492.218,0.00122,0.00000,0.00122,0.000000,0.598344,0,1,5.03800,2670.843,2.201,5.000,32.448,32.448,34.138,62.681,0.000,0.000,0,3,1.0585,78,156,78,82,79
9,post_landing,106,1780.0,59,223.847,492.218,-0.00025,0.00000,0.00025,0.000000,0.598344,0,1,5.03800,2670.843,2.201,5.000,32.448,32.448,34.138,62.681,0.000,0.000,0,3,1.0585,78,156,78,82,79
9,post_landing,107,1797.0,59,223.847,492.214,-0.00106,0.00000,0.00106,0.000000,0.598344,0,1,5.03800,2670.843,2.201,5.000,32.448,32.448,34.138,62.681,0.000,0.000,0,3,1.0585,78,156,78,82,79
9,post_landing,108,1813.0,59,223.846,492.218,0.00122,0.00000,0.00122,0.000000,0.598344,0,1,5.03800,2670.843,2.201,5.000,32.448,32.448,34.138,62.681,0.000,0.000,0,3,1.0585,78,156,78,82,79
9,post_landing,109,1830.0,59,223.847,492.218,-0.00025,0.00000,0.00025,0.000000,0.598344,0,1,5.03800,2670.843,2.201,5.000,32.448,32.448,34.138,62.681,0.000,0.000,0,3,1.0585,78,156,78,82,79
9,post_landing,110,1847.0,59,223.847,492.214,-0.00106,0.00000,0.00106,0.000000,0.598344,0,1,5.03800,2670.843,2.201,5.000,32.448,32.448,34.138,62.681,0.000,0.000,0,3,1.0585,78,156,78,82,79
9,post_landing,111,1863.0,59,223.845,492.218,0.00122,0.00000,0.00122,0.000000,0.598344,0,1,5.03800,2670.843,2.201,5.000,32.448,32.448,34.138,62.681,0.000,0.000,0,3,1.0585,78,156,78,82,79
9,post_landing,112,1880.0,59,223.847,492.218,-0.00025,0.00000,0.00025,0.000000,0.598344,0,1,5.03800,2670.843,2.201,5.000,32.448,32.448,34.138,62.681,0.000,0.000,0,3,1.0585,78,156,78,82,79
9,post_landing,113,1897.0,59,223.846,492.214,-0.00106,0.00000,0.00106,0.000000,0.598344,0,1,5.03800,2670.843,2.201,5.000,32.448,32.448,34.138,62.681,0.000,0.000,0,3,1.0585,78,156,78,82,79
9,post_landing,114,1913.0,59,223.845,492.218,0.00122,0.00000,0.00122,0.000000,0.598344,0,1,5.03800,2670.843,2.201,5.000,32.448,32.448,34.138,62.681,0.000,0.000,0,3,1.0585,78,156,78,82,79
9,post_landing,115,1930.0,59,223.847,492.218,-0.00025,0.00000,0.00025,0.000000,0.598344,0,1,5.03800,2670.843,2.201,5.000,32.448,32.448,34.138,62.681,0.000,0.000,0,3,1.0585,78,156,78,82,79
9,post_landing,116,1947.0,59,223.846,492.214,-0.00106,0.00000,0.00106,0.000000,0.598344,0,1,5.03800,2670.843,2.201,5.000,32.448,32.448,34.138,62.681,0.000,0.000,0,3,1.0585,78,156,78,82,79
9,post_landing,117,1963.0,59,223.845,492.218,0.00122,0.00000,0.00122,0.000000,0.598344,0,1,5.03800,2670.843,2.201,5.000,32.448,32.448,34.138,62.681,0.000,0.000,0,3,1.0585,78,156,78,82,79
9,post_landing,118,1980.0,59,223.847,492.218,-0.00025,0.00000,0.00025,0.000000,0.598344,0,1,5.03800,2670.843,2.201,5.000,32.448,32.448,34.138,62.681,0.000,0.000,0,3,1.0585,78,156,78,82,79
10,falling,0,27.0,,195.000,97.029,0.00000,0.55000,0.55000,0.000000,0.000000,0,0,6.51000,5147.624,3.157,50.000,50.000,52.000,53.000,55.000,0.000,0.000,0,0,1.0852,97,194,97,102,84
10,falling,1,31.0,,195.000,97.177,0.00000,0.61469,0.61469,0.000000,0.000000,0,0,6.51000,5147.624,3.157,50.000,50.000,52.000,53.000,55.000,0.000,0.000,0,0,1.0852,97,194,97,102,84
10,falling,2,48.0,,195.000,98.083,0.00000,0.88862,0.88862,0.000000,0.000000,0,0,6.51000,5147.624,3.157,50.000,50.000,52.000,53.000,55.000,0.000,0.000,0,0,1.0852,97,194,97,102,84
10,falling,3,66.0,,195.000,99.264,0.00000,1.15835,1.15835,0.000000,0.000000,0,0,6.51000,5147.624,3.157,50.000,50.000,52.000,53.000,55.000,0.000,0.000,0,0,1.0852,97,194,97,102,84
10,falling,4,81.0,,195.000,100.616,0.00000,1.40834,1.40834,0.000000,0.000000,0,0,6.51000,5147.624,3.157,50.000,50.000,52.000,53.000,55.000,0.000,0.000,0,0,1.0852,97,194,97,102,84
10,falling,5,98.0,,195.000,102.320,0.00000,1.67012,1.67012,0.000000,0.000000,0,0,6.51000,5147.624,3.157,50.000,50.000,52.000,53.000,55.000,0.000,0.000,0,0,1.0852,97,194,97,102,84
10,falling,6,115.0,,195.000,104.156,0.00000,1.91274,1.91274,0.000000,0.000000,0,0,6.51000,5147.624,3.157,50.000,50.000,52.000,53.000,55.000,0.000,0.000,0,0,1.0852,97,194,97,102,84
10,falling,7,131.0,,195.000,106.366,0.00000,2.16681,2.16681,0.000000,0.000000,0,0,6.51000,5147.624,3.157,50.000,50.000,52.000,53.000,55.000,0.000,0.000,0,0,1.0852,97,194,97,102,84
10,falling,8,148.0,,195.000,108.832,0.00000,2.41699,2.41699,0.000000,0.000000,0,0,6.51000,5147.624,3.157,50.000,50.000,52.000,53.000,55.000,0.000,0.000,0,0,1.0852,97,194,97,102,84
10,falling,9,165.0,,195.000,111.375,0.00000,2.64885,2.64885,0.000000,0.000000,0,0,6.51000,5147.624,3.157,50.000,50.000,52.000,53.000,55.000,0.000,0.000,0,0,1.0852,97,194,97,102,84
10,falling,10,181.0,,195.000,114.324,0.00000,2.89166,2.89166,0.000000,0.000000,0,0,6.51000,5147.624,3.157,50.000,50.000,52.000,53.000,55.000,0.000,0.000,0,0,1.0852,97,194,97,102,84
10,falling,11,198.0,,195.000,117.517,0.00000,3.13075,3.13075,0.000000,0.000000,0,0,6.51000,5147.624,3.157,50.000,50.000,52.000,53.000,55.000,0.000,0.000,0,0,1.0852,97,194,97,102,84
10,falling,12,215.0,,195.000,120.736,0.00000,3.35233,3.35233,0.000000,0.000000,0,0,6.51000,5147.624,3.157,50.000,50.000,52.000,53.000,55.000,0.000,0.000,0,0,1.0852,97,194,97,102,84
10,falling,13,231.0,,195.000,124.392,0.00000,3.58438,3.58438,0.000000,0.000000,0,0,6.51000,5147.624,3.157,50.000,50.000,52.000,53.000,55.000,0.000,0.000,0,0,1.0852,97,194,97,102,84
10,falling,14,248.0,,195.000,128.281,0.00000,3.81287,3.81287,0.000000,0.000000,0,0,6.51000,5147.624,3.157,50.000,50.000,52.000,53.000,55.000,0.000,0.000,0,0,1.0852,97,194,97,102,84
10,falling,15,265.0,,195.000,132.145,0.00000,4.02463,4.02463,0.000000,0.000000,0,0,6.51000,5147.624,3.157,50.000,50.000,52.000,53.000,55.000,0.000,0.000,0,0,1.0852,97,194,97,102,84
10,falling,16,281.0,,195.000,136.476,0.00000,4.24639,4.24639,0.000000,0.000000,0,0,6.51000,5147.624,3.157,50.000,50.000,52.000,53.000,55.000,0.000,0.000,0,0,1.0852,97,194,97,102,84
10,falling,17,298.0,,195.000,141.030,0.00000,4.46475,4.46475,0.000000,0.000000,0,0,6.51000,5147.624,3.157,50.000,50.000,52.000,53.000,55.000,0.000,0.000,0,0,1.0852,97,194,97,102,84
10,falling,18,315.0,,195.000,145.510,0.00000,4.66712,4.66712,0.000000,0.000000,0,0,6.51000,5147.624,3.157,50.000,50.000,52.000,53.000,55.000,0.000,0.000,0,0,1.0852,97,194,97,102,84
10,falling,19,331.0,,195.000,150.487,0.00000,4.87905,4.87905,0.000000,0.000000,0,0,6.51000,5147.624,3.157,50.000,50.000,52.000,53.000,55.000,0.000,0.000,0,0,1.0852,97,194,97,102,84
10,falling,20,348.0,,195.000,155.676,0.00000,5.08773,5.08773,0.000000,0.000000,0,0,6.51000,5147.624,3.157,50.000,50.000,52.000,53.000,55.000,0.000,0.000,0,0,1.0852,97,194,97,102,84
10,falling,21,365.0,,195.000,160.746,0.00000,5.28114,5.28114,0.000000,0.000000,0,0,6.51000,5147.624,3.157,50.000,50.000,52.000,53.000,55.000,0.000,0.000,0,0,1.0852,97,194,97,102,84
10,falling,22,381.0,,195.000,166.340,0.00000,5.48367,5.48367,0.000000,0.000000,0,0,6.51000,5147.624,3.157,50.000,50.000,52.000,53.000,55.000,0.000,0.000,0,0,1.0852,97,194,97,102,84
10,falling,23,398.0,,195.000,172.136,0.00000,5.68310,5.68310,0.000000,0.000000,0,0,6.51000,5147.624,3.157,50.000,50.000,52.000,53.000,55.000,0.000,0.000,0,0,1.0852,97,194,97,102,84
10,falling,24,415.0,,195.000,177.770,0.00000,5.86793,5.86793,0.000000,0.000000,0,0,6.51000,5147.624,3.157,50.000,50.000,52.000,53.000,55.000,0.000,0.000,0,0,1.0852,97,194,97,102,84
10,falling,25,431.0,,195.000,183.952,0.00000,6.06149,6.06149,0.000000,0.000000,0,0,6.51000,5147.624,3.157,50.000,50.000,52.000,53.000,55.000,0.000,0.000,0,0,1.0852,97,194,97,102,84
10,falling,26,448.0,,195.000,190.329,0.00000,6.25208,6.25208,0.000000,0.000000,0,0,6.51000,5147.624,3.157,50.000,50.000,52.000,53.000,55.000,0.000,0.000,0,0,1.0852,97,194,97,102,84
10,falling,27,465.0,,195.000,196.501,0.00000,6.42872,6.42872,0.000000,0.000000,0,0,6.51000,5147.624,3.157,50.000,50.000,52.000,53.000,55.000,0.000,0.000,0,0,1.0852,97,194,97,102,84
10,falling,28,481.0,,195.000,203.247,0.00000,6.61369,6.61369,0.000000,0.000000,0,0,6.51000,5147.624,3.157,50.000,50.000,52.000,53.000,55.000,0.000,0.000,0,0,1.0852,97,194,97,102,84
10,falling,29,498.0,,195.000,210.179,0.00000,6.79583,6.79583,0.000000,0.000000,0,0,6.51000,5147.624,3.157,50.000,50.000,52.000,53.000,55.000,0.000,0.000,0,0,1.0852,97,194,97,102,84
10,falling,30,515.0,,195.000,216.865,0.00000,6.96464,6.96464,0.000000,0.000000,0,0,6.51000,5147.624,3.157,50.000,50.000,52.000,53.000,55.000,0.000,0.000,0,0,1.0852,97,194,97,102,84
10,falling,31,531.0,,195.000,224.149,0.00000,7.14142,7.14142,0.000000,0.000000,0,0,6.51000,5147.624,3.157,50.000,50.000,52.000,53.000,55.000,0.000,0.000,0,0,1.0852,97,194,97,102,84
10,falling,32,548.0,,195.000,231.611,0.00000,7.31549,7.31549,0.000000,0.000000,0,0,6.51000,5147.624,3.157,50.000,50.000,52.000,53.000,55.000,0.000,0.000,0,0,1.0852,97,194,97,102,84
10,falling,33,565.0,,195.000,238.789,0.00000,7.47681,7.47681,0.000000,0.000000,0,0,6.51000,5147.624,3.157,50.000,50.000,52.000,53.000,55.000,0.000,0.000,0,0,1.0852,97,194,97,102,84
10,falling,34,581.0,,195.000,246.587,0.00000,7.64575,7.64575,0.000000,0.000000,0,0,6.51000,5147.624,3.157,50.000,50.000,52.000,53.000,55.000,0.000,0.000,0,0,1.0852,97,194,97,102,84
10,falling,35,598.0,,195.000,254.556,0.00000,7.81210,7.81210,0.000000,0.000000,0,0,6.51000,5147.624,3.157,50.000,50.000,52.000,53.000,55.000,0.000,0.000,0,0,1.0852,97,194,97,102,84
10,falling,36,615.0,,195.000,262.203,0.00000,7.96627,7.96627,0.000000,0.000000,0,0,6.51000,5147.624,3.157,50.000,50.000,52.000,53.000,55.000,0.000,0.000,0,0,1.0852,97,194,97,102,84
10,falling,37,631.0,,195.000,270.494,0.00000,8.12772,8.12772,0.000000,0.000000,0,0,6.51000,5147.624,3.157,50.000,50.000,52.000,53.000,55.000,0.000,0.000,0,0,1.0852,97,194,97,102,84
10,falling,38,648.0,,195.000,278.946,0.00000,8.28670,8.28670,0.000000,0.000000,0,0,6.51000,5147.624,3.157,50.000,50.000,52.000,53.000,55.000,0.000,0.000,0,0,1.0852,97,194,97,102,84
10,falling,39,665.0,,195.000,287.043,0.00000,8.43404,8.43404,0.000000,0.000000,0,0,6.51000,5147.624,3.157,50.000,50.000,52.000,53.000,55.000,0.000,0.000,0,0,1.0852,97,194,97,102,84
10,falling,40,681.0,,195.000,295.803,0.00000,8.58833,8.58833,0.000000,0.000000,0,0,6.51000,5147.624,3.157,50.000,50.000,52.000,53.000,55.000,0.000,0.000,0,0,1.0852,97,194,97,102,84
10,falling,41,698.0,,195.000,304.185,0.00000,8.73133,8.73133,0.000000,0.000000,0,0,6.51000,5147.624,3.157,50.000,50.000,52.000,53.000,55.000,0.000,0.000,0,0,1.0852,97,194,97,102,84
10,falling,42,714.0,,195.000,313.243,0.00000,8.88107,8.88107,0.000000,0.000000,0,0,6.51000,5147.624,3.157,50.000,50.000,52.000,53.000,55.000,0.000,0.000,0,0,1.0852,97,194,97,102,84
10,falling,43,731.0,,195.000,322.453,0.00000,9.02852,9.02852,0.000000,0.000000,0,0,6.51000,5147.624,3.157,50.000,50.000,52.000,53.000,55.000,0.000,0.000,0,0,1.0852,97,194,97,102,84
10,falling,44,748.0,,195.000,331.251,0.00000,9.16518,9.16518,0.000000,0.000000,0,0,6.51000,5147.624,3.157,50.000,50.000,52.000,53.000,55.000,0.000,0.000,0,0,1.0852,97,194,97,102,84
10,falling,45,765.0,,195.000,340.746,0.00000,9.30829,9.30829,0.000000,0.000000,0,0,6.51000,5147.624,3.157,50.000,50.000,52.000,53.000,55.000,0.000,0.000,0,0,1.0852,97,194,97,102,84
10,falling,46,781.0,,195.000,350.384,0.00000,9.44920,9.44920,0.000000,0.000000,0,0,6.51000,5147.624,3.157,50.000,50.000,52.000,53.000,55.000,0.000,0.000,0,0,1.0852,97,194,97,102,84
10,falling,47,798.0,,195.000,359.580,0.00000,9.57980,9.57980,0.000000,0.000000,0,0,6.51000,5147.624,3.157,50.000,50.000,52.000,53.000,55.000,0.000,0.000,0,0,1.0852,97,194,97,102,84
10,falling,48,814.0,,195.000,369.491,0.00000,9.71656,9.71656,0.000000,0.000000,0,0,6.51000,5147.624,3.157,50.000,50.000,52.000,53.000,55.000,0.000,0.000,0,0,1.0852,97,194,97,102,84
10,falling,49,831.0,,195.000,379.540,0.00000,9.85123,9.85123,0.000000,0.000000,0,0,6.51000,5147.624,3.157,50.000,50.000,52.000,53.000,55.000,0.000,0.000,0,0,1.0852,97,194,97,102,84
10,falling,50,848.0,,195.000,389.117,0.00000,9.97604,9.97604,0.000000,0.000000,0,0,6.51000,5147.624,3.157,50.000,50.000,52.000,53.000,55.000,0.000,0.000,0,0,1.0852,97,194,97,102,84
10,falling,51,864.0,,195.000,399.425,0.00000,10.10674,10.10674,0.000000,0.000000,0,0,6.51000,5147.624,3.157,50.000,50.000,52.000,53.000,55.000,0.000,0.000,0,0,1.0852,97,194,97,102,84
10,falling,52,881.0,,195.000,409.866,0.00000,10.23544,10.23544,0.000000,0.000000,0,0,6.51000,5147.624,3.157,50.000,50.000,52.000,53.000,55.000,0.000,0.000,0,0,1.0852,97,194,97,102,84
10,falling,53,898.0,,195.000,419.806,0.00000,10.35472,10.35472,0.000000,0.000000,0,0,6.51000,5147.624,3.157,50.000,50.000,52.000,53.000,55.000,0.000,0.000,0,0,1.0852,97,194,97,102,84
10,falling,54,914.0,,195.000,430.495,0.00000,10.47962,10.47962,0.000000,0.000000,0,0,6.51000,5147.624,3.157,50.000,50.000,52.000,53.000,55.000,0.000,0.000,0,0,1.0852,97,194,97,102,84
10,falling,55,931.0,,195.000,441.310,0.00000,10.60262,10.60262,0.000000,0.000000,0,0,6.51000,5147.624,3.157,50.000,50.000,52.000,53.000,55.000,0.000,0.000,0,0,1.0852,97,194,97,102,84
10,falling,56,948.0,,195.000,451.598,0.00000,10.71661,10.71661,0.000000,0.000000,0,0,6.51000,5147.624,3.157,50.000,50.000,52.000,53.000,55.000,0.000,0.000,0,0,1.0852,97,194,97,102,84
10,falling,57,964.0,,195.000,462.651,0.00000,10.83598,10.83598,0.000000,0.000000,0,0,6.51000,5147.624,3.157,50.000,50.000,52.000,53.000,55.000,0.000,0.000,0,0,1.0852,97,194,97,102,84
10,falling,58,981.0,,195.000,473.823,0.00000,10.95352,10.95352,0.000000,0.000000,0,0,6.51000,5147.624,3.157,50.000,50.000,52.000,53.000,55.000,0.000,0.000,0,0,1.0852,97,194,97,102,84
10,falling,59,998.0,,195.000,484.443,0.00000,11.06246,11.06246,0.000000,0.000000,0,0,6.51000,5147.624,3.157,50.000,50.000,52.000,53.000,55.000,0.000,0.000,0,0,1.0852,97,194,97,102,84
10,post_landing,60,1015.0,60,195.000,491.360,1.41433,-0.76971,1.61021,0.017700,0.000000,0,1,6.51000,5147.624,3.157,50.000,50.000,52.000,53.000,55.000,0.000,0.000,0,19,1.0852,97,194,97,102,84
10,post_landing,61,1031.0,60,196.421,488.261,0.83323,-0.42048,0.93332,0.010414,0.017778,0,1,6.51000,5147.624,3.157,50.000,10.016,51.010,53.009,55.009,0.000,0.000,0,9,1.0852,97,194,97,102,84
10,post_landing,62,1048.0,60,197.209,486.711,0.48278,-0.22096,0.53094,0.005552,0.027631,0,1,6.51000,5147.624,3.157,50.000,10.024,14.022,52.035,54.035,0.000,0.000,0,4,1.0852,97,194,97,102,84
10,post_landing,63,1065.0,60,197.694,485.785,0.86547,-0.22086,0.89321,-0.012188,0.033208,0,1,6.51000,5147.624,3.157,50.000,10.028,14.025,52.038,54.037,0.000,0.000,0,2,1.0852,97,194,97,102,84
10,post_landing,64,1081.0,60,198.563,485.640,0.55169,-0.17992,0.58028,-0.004848,0.020966,0,1,6.51000,5147.624,3.157,50.000,10.019,44.011,52.031,54.030,0.000,0.000,0,1,1.0852,97,194,97,102,84
10,post_landing,65,1098.0,60,199.085,485.757,0.42021,-0.12580,0.43864,-0.004688,0.016379,0,1,6.51000,5147.624,3.157,50.000,10.015,51.010,53.009,55.009,0.000,0.000,0,1,1.0852,97,194,97,102,84
10,post_landing,66,1115.0,60,199.507,485.891,0.31113,-0.08327,0.32208,-0.008938,0.011670,0,1,6.51000,5147.624,3.157,50.000,10.011,51.008,53.008,55.008,0.000,0.000,0,1,1.0852,97,194,97,102,84
10,post_landing,67,1131.0,60,199.820,486.127,0.21366,-0.03503,0.21652,-0.011221,0.002693,0,1,6.51000,5147.624,3.157,50.000,10.003,51.003,53.003,55.002,0.000,0.000,0,1,1.0852,97,194,97,102,84
10,post_landing,68,1148.0,60,200.022,486.354,0.10640,-0.04047,0.11383,-0.011160,-0.007924,0,1,6.51000,5147.624,3.157,50.000,48.006,51.006,53.006,55.046,0.000,0.000,0,1,1.0852,97,194,97,102,84
10,post_landing,69,1165.0,60,200.129,486.577,0.03149,0.00000,0.03149,-0.011291,-0.019133,0,1,6.51000,5147.624,3.157,50.000,48.010,51.010,53.009,68.121,0.000,0.000,0,1,1.0852,97,194,97,102,84
10,post_landing,70,1181.0,60,200.160,486.693,-0.04911,-0.01347,0.05093,-0.000837,-0.030474,0,1,6.51000,5147.624,3.157,50.000,49.038,52.037,53.006,68.182,0.000,0.000,0,2,1.0852,97,194,97,102,84
10,post_landing,71,1198.0,60,200.114,486.691,0.00048,0.00000,0.00048,0.000000,-0.031266,0,1,6.51000,5147.624,3.157,50.000,49.039,52.037,53.005,68.186,0.000,0.000,0,2,1.0852,97,194,97,102,84
10,post_landing,72,1214.0,60,200.114,486.693,0.00277,0.00000,0.00277,0.000000,-0.031266,0,1,6.51000,5147.624,3.157,50.000,49.039,52.037,53.005,68.186,0.000,0.000,0,2,1.0852,97,194,97,102,84
10,post_landing,73,1231.0,60,200.117,486.693,0.00170,0.00000,0.00170,0.000000,-0.031266,0,1,6.51000,5147.624,3.157,50.000,49.039,52.037,53.005,68.186,0.000,0.000,0,2,1.0852,97,194,97,102,84
10,post_landing,74,1248.0,60,200.119,486.691,-0.00002,0.00000,0.00002,0.000000,-0.031266,0,1,6.51000,5147.624,3.157,50.000,49.039,52.037,53.005,68.186,0.000,0.000,0,2,1.0852,97,194,97,102,84
10,post_landing,75,1264.0,60,200.119,486.693,-0.00030,0.00000,0.00030,0.000000,-0.031266,0,1,6.51000,5147.624,3.157,50.000,49.039,52.037,53.005,68.186,0.000,0.000,0,2,1.0852,97,194,97,102,84
10,post_landing,76,1281.0,60,200.118,486.693,0.00023,0.00000,0.00023,0.000000,-0.031266,0,1,6.51000,5147.624,3.157,50.000,49.039,52.037,53.005,68.186,0.000,0.000,0,2,1.0852,97,194,97,102,84
10,post_landing,77,1298.0,60,200.119,486.691,-0.00006,0.00000,0.00006,0.000000,-0.031266,0,1,6.51000,5147.624,3.157,50.000,49.039,52.037,53.005,68.186,0.000,0.000,0,2,1.0852,97,194,97,102,84
10,post_landing,78,1314.0,60,200.119,486.693,-0.00021,0.00000,0.00021,0.000000,-0.031266,0,1,6.51000,5147.624,3.157,50.000,49.039,52.037,53.005,68.186,0.000,0.000,0,2,1.0852,97,194,97,102,84
10,post_landing,79,1331.0,60,200.118,486.693,0.00026,0.00000,0.00026,0.000000,-0.031266,0,1,6.51000,5147.624,3.157,50.000,49.039,52.037,53.005,68.186,0.000,0.000,0,2,1.0852,97,194,97,102,84
10,post_landing,80,1348.0,60,200.119,486.691,-0.00006,0.00000,0.00006,0.000000,-0.031266,0,1,6.51000,5147.624,3.157,50.000,49.039,52.037,53.005,68.186,0.000,0.000,0,2,1.0852,97,194,97,102,84
10,post_landing,81,1364.0,60,200.119,486.693,-0.00021,0.00000,0.00021,0.000000,-0.031266,0,1,6.51000,5147.624,3.157,50.000,49.039,52.037,53.005,68.186,0.000,0.000,0,2,1.0852,97,194,97,102,84
10,post_landing,82,1381.0,60,200.118,486.693,0.00026,0.00000,0.00026,0.000000,-0.031266,0,1,6.51000,5147.624,3.157,50.000,49.039,52.037,53.005,68.186,0.000,0.000,0,2,1.0852,97,194,97,102,84
10,post_landing,83,1398.0,60,200.119,486.691,-0.00006,0.00000,0.00006,0.000000,-0.031266,0,1,6.51000,5147.624,3.157,50.000,49.039,52.037,53.005,68.186,0.000,0.000,0,2,1.0852,97,194,97,102,84
10,post_landing,84,1414.0,60,200.118,486.693,-0.00021,0.00000,0.00021,0.000000,-0.031266,0,1,6.51000,5147.624,3.157,50.000,49.039,52.037,53.005,68.186,0.000,0.000,0,2,1.0852,97,194,97,102,84
10,post_landing,85,1431.0,60,200.118,486.693,0.00026,0.00000,0.00026,0.000000,-0.031266,0,1,6.51000,5147.624,3.157,50.000,49.039,52.037,53.005,68.186,0.000,0.000,0,2,1.0852,97,194,97,102,84
10,post_landing,86,1448.0,60,200.119,486.691,-0.00006,0.00000,0.00006,0.000000,-0.031266,0,1,6.51000,5147.624,3.157,50.000,49.039,52.037,53.005,68.186,0.000,0.000,0,2,1.0852,97,194,97,102,84
10,post_landing,87,1464.0,60,200.118,486.693,-0.00021,0.00000,0.00021,0.000000,-0.031266,0,1,6.51000,5147.624,3.157,50.000,49.039,52.037,53.005,68.186,0.000,0.000,0,2,1.0852,97,194,97,102,84
10,post_landing,88,1481.0,60,200.118,486.693,0.00026,0.00000,0.00026,0.000000,-0.031266,0,1,6.51000,5147.624,3.157,50.000,49.039,52.037,53.005,68.186,0.000,0.000,0,2,1.0852,97,194,97,102,84
10,post_landing,89,1498.0,60,200.119,486.691,-0.00006,0.00000,0.00006,0.000000,-0.031266,0,1,6.51000,5147.624,3.157,50.000,49.039,52.037,53.005,68.186,0.000,0.000,0,2,1.0852,97,194,97,102,84
10,post_landing,90,1514.0,60,200.118,486.693,-0.00021,0.00000,0.00021,0.000000,-0.031266,0,1,6.51000,5147.624,3.157,50.000,49.039,52.037,53.005,68.186,0.000,0.000,0,2,1.0852,97,194,97,102,84
10,post_landing,91,1531.0,60,200.118,486.693,0.00026,0.00000,0.00026,0.000000,-0.031266,0,1,6.51000,5147.624,3.157,50.000,49.039,52.037,53.005,68.186,0.000,0.000,0,2,1.0852,97,194,97,102,84
10,post_landing,92,1548.0,60,200.119,486.691,-0.00006,0.00000,0.00006,0.000000,-0.031266,0,1,6.51000,5147.624,3.157,50.000,49.039,52.037,53.005,68.186,0.000,0.000,0,2,1.0852,97,194,97,102,84
10,post_landing,93,1564.0,60,200.118,486.693,-0.00021,0.00000,0.00021,0.000000,-0.031266,0,1,6.51000,5147.624,3.157,50.000,49.039,52.037,53.005,68.186,0.000,0.000,0,2,1.0852,97,194,97,102,84
10,post_landing,94,1581.0,60,200.118,486.693,0.00026,0.00000,0.00026,0.000000,-0.031266,0,1,6.51000,5147.624,3.157,50.000,49.039,52.037,53.005,68.186,0.000,0.000,0,2,1.0852,97,194,97,102,84
10,post_landing,95,1598.0,60,200.118,486.691,-0.00006,0.00000,0.00006,0.000000,-0.031266,0,1,6.51000,5147.624,3.157,50.000,49.039,52.037,53.005,68.186,0.000,0.000,0,2,1.0852,97,194,97,102,84
10,post_landing,96,1614.0,60,200.118,486.693,-0.00021,0.00000,0.00021,0.000000,-0.031266,0,1,6.51000,5147.624,3.157,50.000,49.039,52.037,53.005,68.186,0.000,0.000,0,2,1.0852,97,194,97,102,84
10,post_landing,97,1631.0,60,200.118,486.693,0.00026,0.00000,0.00026,0.000000,-0.031266,0,1,6.51000,5147.624,3.157,50.000,49.039,52.037,53.005,68.186,0.000,0.000,0,2,1.0852,97,194,97,102,84
10,post_landing,98,1648.0,60,200.118,486.691,-0.00006,0.00000,0.00006,0.000000,-0.031266,0,1,6.51000,5147.624,3.157,50.000,49.039,52.037,53.005,68.186,0.000,0.000,0,2,1.0852,97,194,97,102,84
10,post_landing,99,1664.0,60,200.118,486.693,-0.00021,0.00000,0.00021,0.000000,-0.031266,0,1,6.51000,5147.624,3.157,50.000,49.039,52.037,53.005,68.186,0.000,0.000,0,2,1.0852,97,194,97,102,84
10,post_landing,100,1681.0,60,200.118,486.693,0.00026,0.00000,0.00026,0.000000,-0.031266,0,1,6.51000,5147.624,3.157,50.000,49.039,52.037,53.005,68.186,0.000,0.000,0,2,1.0852,97,194,97,102,84
10,post_landing,101,1698.0,60,200.118,486.691,-0.00006,0.00000,0.00006,0.000000,-0.031266,0,1,6.51000,5147.624,3.157,50.000,49.039,52.037,53.005,68.186,0.000,0.000,0,2,1.0852,97,194,97,102,84
10,post_landing,102,1714.0,60,200.118,486.693,-0.00021,0.00000,0.00021,0.000000,-0.031266,0,1,6.51000,5147.624,3.157,50.000,49.039,52.037,53.005,68.186,0.000,0.000,0,2,1.0852,97,194,97,102,84
10,post_landing,103,1731.0,60,200.118,486.693,0.00026,0.00000,0.00026,0.000000,-0.031266,0,1,6.51000,5147.624,3.157,50.000,49.039,52.037,53.005,68.186,0.000,0.000,0,2,1.0852,97,194,97,102,84
10,post_landing,104,1748.0,60,200.118,486.691,-0.00006,0.00000,0.00006,0.000000,-0.031266,0,1,6.51000,5147.624,3.157,50.000,49.039,52.037,53.005,68.186,0.000,0.000,0,2,1.0852,97,194,97,102,84
10,post_landing,105,1764.0,60,200.118,486.693,-0.00021,0.00000,0.00021,0.000000,-0.031266,0,1,6.51000,5147.624,3.157,50.000,49.039,52.037,53.005,68.186,0.000,0.000,0,2,1.0852,97,194,97,102,84
10,post_landing,106,1781.0,60,200.118,486.693,0.00026,0.00000,0.00026,0.000000,-0.031266,0,1,6.51000,5147.624,3.157,50.000,49.039,52.037,53.005,68.186,0.000,0.000,0,2,1.0852,97,194,97,102,84
10,post_landing,107,1798.0,60,200.118,486.691,-0.00006,0.00000,0.00006,0.000000,-0.031266,0,1,6.51000,5147.624,3.157,50.000,49.039,52.037,53.005,68.186,0.000,0.000,0,2,1.0852,97,194,97,102,84
10,post_landing,108,1814.0,60,200.118,486.693,-0.00021,0.00000,0.00021,0.000000,-0.031266,0,1,6.51000,5147.624,3.157,50.000,49.039,52.037,53.005,68.186,0.000,0.000,0,2,1.0852,97,194,97,102,84
10,post_landing,109,1831.0,60,200.118,486.693,0.00026,0.00000,0.00026,0.000000,-0.031266,0,1,6.51000,5147.624,3.157,50.000,49.039,52.037,53.005,68.186,0.000,0.000,0,2,1.0852,97,194,97,102,84
10,post_landing,110,1848.0,60,200.118,486.691,-0.00006,0.00000,0.00006,0.000000,-0.031266,0,1,6.51000,5147.624,3.157,50.000,49.039,52.037,53.005,68.186,0.000,0.000,0,2,1.0852,97,194,97,102,84
10,post_landing,111,1864.0,60,200.118,486.693,-0.00021,0.00000,0.00021,0.000000,-0.031266,0,1,6.51000,5147.624,3.157,50.000,49.039,52.037,53.005,68.186,0.000,0.000,0,2,1.0852,97,194,97,102,84
10,post_landing,112,1881.0,60,200.118,486.693,0.00026,0.00000,0.00026,0.000000,-0.031266,0,1,6.51000,5147.624,3.157,50.000,49.039,52.037,53.005,68.186,0.000,0.000,0,2,1.0852,97,194,97,102,84
10,post_landing,113,1898.0,60,200.118,486.691,-0.00006,0.00000,0.00006,0.000000,-0.031266,0,1,6.51000,5147.624,3.157,50.000,49.039,52.037,53.005,68.186,0.000,0.000,0,2,1.0852,97,194,97,102,84
10,post_landing,114,1914.0,60,200.118,486.693,-0.00021,0.00000,0.00021,0.000000,-0.031266,0,1,6.51000,5147.624,3.157,50.000,49.039,52.037,53.005,68.186,0.000,0.000,0,2,1.0852,97,194,97,102,84
10,post_landing,115,1931.0,60,200.118,486.693,0.00026,0.00000,0.00026,0.000000,-0.031266,0,1,6.51000,5147.624,3.157,50.000,49.039,52.037,53.005,68.186,0.000,0.000,0,2,1.0852,97,194,97,102,84
10,post_landing,116,1948.0,60,200.118,486.691,-0.00006,0.00000,0.00006,0.000000,-0.031266,0,1,6.51000,5147.624,3.157,50.000,49.039,52.037,53.005,68.186,0.000,0.000,0,2,1.0852,97,194,97,102,84
10,post_landing,117,1964.0,60,200.118,486.693,-0.00021,0.00000,0.00021,0.000000,-0.031266,0,1,6.51000,5147.624,3.157,50.000,49.039,52.037,53.005,68.186,0.000,0.000,0,2,1.0852,97,194,97,102,84
10,post_landing,118,1981.0,60,200.118,486.693,0.00026,0.00000,0.00026,0.000000,-0.031266,0,1,6.51000,5147.624,3.157,50.000,49.039,52.037,53.005,68.186,0.000,0.000,0,2,1.0852,97,194,97,102,84
10,post_landing,119,1998.0,60,200.118,486.691,-0.00006,0.00000,0.00006,0.000000,-0.031266,0,1,6.51000,5147.624,3.157,50.000,49.039,52.037,53.005,68.186,0.000,0.000,0,2,1.0852,97,194,97,102,84
11,falling,0,48.0,,195.000,97.029,0.00000,0.55000,0.55000,0.000000,0.000000,0,0,7.92000,8547.864,7.191,25.000,25.000,28.000,31.000,47.000,0.000,0.000,0,0,1.0428,78,156,78,80,67
11,falling,1,64.0,,195.000,97.805,0.00000,0.80875,0.80875,0.000000,0.000000,0,0,7.92000,8547.864,7.191,25.000,25.000,28.000,31.000,47.000,0.000,0.000,0,0,1.0428,78,156,78,80,67
11,falling,2,80.0,,195.000,98.827,0.00000,1.06377,1.06377,0.000000,0.000000,0,0,7.92000,8547.864,7.191,25.000,25.000,28.000,31.000,47.000,0.000,0.000,0,0,1.0428,78,156,78,80,67
11,falling,3,97.0,,195.000,100.184,0.00000,1.33083,1.33083,0.000000,0.000000,0,0,7.92000,8547.864,7.191,25.000,25.000,28.000,31.000,47.000,0.000,0.000,0,0,1.0428,78,156,78,80,67
11,falling,4,115.0,,195.000,101.810,0.00000,1.59380,1.59380,0.000000,0.000000,0,0,7.92000,8547.864,7.191,25.000,25.000,28.000,31.000,47.000,0.000,0.000,0,0,1.0428,78,156,78,80,67
11,falling,5,130.0,,195.000,103.574,0.00000,1.83751,1.83751,0.000000,0.000000,0,0,7.92000,8547.864,7.191,25.000,25.000,28.000,31.000,47.000,0.000,0.000,0,0,1.0428,78,156,78,80,67
11,falling,6,147.0,,195.000,105.708,0.00000,2.09273,2.09273,0.000000,0.000000,0,0,7.92000,8547.864,7.191,25.000,25.000,28.000,31.000,47.000,0.000,0.000,0,0,1.0428,78,156,78,80,67
11,falling,7,164.0,,195.000,108.099,0.00000,2.34405,2.34405,0.000000,0.000000,0,0,7.92000,8547.864,7.191,25.000,25.000,28.000,31.000,47.000,0.000,0.000,0,0,1.0428,78,156,78,80,67
11,falling,8,180.0,,195.000,110.573,0.00000,2.57696,2.57696,0.000000,0.000000,0,0,7.92000,8547.864,7.191,25.000,25.000,28.000,31.000,47.000,0.000,0.000,0,0,1.0428,78,156,78,80,67
11,falling,9,197.0,,195.000,113.450,0.00000,2.82086,2.82086,0.000000,0.000000,0,0,7.92000,8547.864,7.191,25.000,25.000,28.000,31.000,47.000,0.000,0.000,0,0,1.0428,78,156,78,80,67
11,falling,10,214.0,,195.000,116.573,0.00000,3.06104,3.06104,0.000000,0.000000,0,0,7.92000,8547.864,7.191,25.000,25.000,28.000,31.000,47.000,0.000,0.000,0,0,1.0428,78,156,78,80,67
11,falling,11,230.0,,195.000,119.725,0.00000,3.28363,3.28363,0.000000,0.000000,0,0,7.92000,8547.864,7.191,25.000,25.000,28.000,31.000,47.000,0.000,0.000,0,0,1.0428,78,156,78,80,67
11,falling,12,247.0,,195.000,123.312,0.00000,3.51672,3.51672,0.000000,0.000000,0,0,7.92000,8547.864,7.191,25.000,25.000,28.000,31.000,47.000,0.000,0.000,0,0,1.0428,78,156,78,80,67
11,falling,13,264.0,,195.000,127.133,0.00000,3.74625,3.74625,0.000000,0.000000,0,0,7.92000,8547.864,7.191,25.000,25.000,28.000,31.000,47.000,0.000,0.000,0,0,1.0428,78,156,78,80,67
11,falling,14,280.0,,195.000,130.934,0.00000,3.95897,3.95897,0.000000,0.000000,0,0,7.92000,8547.864,7.191,25.000,25.000,28.000,31.000,47.000,0.000,0.000,0,0,1.0428,78,156,78,80,67
11,falling,15,297.0,,195.000,135.199,0.00000,4.18173,4.18173,0.000000,0.000000,0,0,7.92000,8547.864,7.191,25.000,25.000,28.000,31.000,47.000,0.000,0.000,0,0,1.0428,78,156,78,80,67
11,falling,16,314.0,,195.000,139.688,0.00000,4.40108,4.40108,0.000000,0.000000,0,0,7.92000,8547.864,7.191,25.000,25.000,28.000,31.000,47.000,0.000,0.000,0,0,1.0428,78,156,78,80,67
11,falling,17,331.0,,195.000,144.108,0.00000,4.60437,4.60437,0.000000,0.000000,0,0,7.92000,8547.864,7.191,25.000,25.000,28.000,31.000,47.000,0.000,0.000,0,0,1.0428,78,156,78,80,67
11,falling,18,347.0,,195.000,149.022,0.00000,4.81726,4.81726,0.000000,0.000000,0,0,7.92000,8547.864,7.191,25.000,25.000,28.000,31.000,47.000,0.000,0.000,0,0,1.0428,78,156,78,80,67
11,falling,19,364.0,,195.000,154.149,0.00000,5.02689,5.02689,0.000000,0.000000,0,0,7.92000,8547.864,7.191,25.000,25.000,28.000,31.000,47.000,0.000,0.000,0,0,1.0428,78,156,78,80,67
11,falling,20,381.0,,195.000,159.162,0.00000,5.22117,5.22117,0.000000,0.000000,0,0,7.92000,8547.864,7.191,25.000,25.000,28.000,31.000,47.000,0.000,0.000,0,0,1.0428,78,156,78,80,67
11,falling,21,397.0,,195.000,164.695,0.00000,5.42462,5.42462,0.000000,0.000000,0,0,7.92000,8547.864,7.191,25.000,25.000,28.000,31.000,47.000,0.000,0.000,0,0,1.0428,78,156,78,80,67
11,falling,22,414.0,,195.000,170.432,0.00000,5.62496,5.62496,0.000000,0.000000,0,0,7.92000,8547.864,7.191,25.000,25.000,28.000,31.000,47.000,0.000,0.000,0,0,1.0428,78,156,78,80,67
11,falling,23,431.0,,195.000,176.011,0.00000,5.81062,5.81062,0.000000,0.000000,0,0,7.92000,8547.864,7.191,25.000,25.000,28.000,31.000,47.000,0.000,0.000,0,0,1.0428,78,156,78,80,67
11,falling,24,447.0,,195.000,182.136,0.00000,6.00505,6.00505,0.000000,0.000000,0,0,7.92000,8547.864,7.191,25.000,25.000,28.000,31.000,47.000,0.000,0.000,0,0,1.0428,78,156,78,80,67
11,falling,25,464.0,,195.000,188.456,0.00000,6.19651,6.19651,0.000000,0.000000,0,0,7.92000,8547.864,7.191,25.000,25.000,28.000,31.000,47.000,0.000,0.000,0,0,1.0428,78,156,78,80,67
11,falling,26,481.0,,195.000,194.575,0.00000,6.37395,6.37395,0.000000,0.000000,0,0,7.92000,8547.864,7.191,25.000,25.000,28.000,31.000,47.000,0.000,0.000,0,0,1.0428,78,156,78,80,67
11,falling,27,497.0,,195.000,201.266,0.00000,6.55976,6.55976,0.000000,0.000000,0,0,7.92000,8547.864,7.191,25.000,25.000,28.000,31.000,47.000,0.000,0.000,0,0,1.0428,78,156,78,80,67
11,falling,28,514.0,,195.000,208.144,0.00000,6.74273,6.74273,0.000000,0.000000,0,0,7.92000,8547.864,7.191,25.000,25.000,28.000,31.000,47.000,0.000,0.000,0,0,1.0428,78,156,78,80,67
11,falling,29,531.0,,195.000,214.780,0.00000,6.91230,6.91230,0.000000,0.000000,0,0,7.92000,8547.864,7.191,25.000,25.000,28.000,31.000,47.000,0.000,0.000,0,0,1.0428,78,156,78,80,67
11,falling,30,547.0,,195.000,222.011,0.00000,7.08987,7.08987,0.000000,0.000000,0,0,7.92000,8547.864,7.191,25.000,25.000,28.000,31.000,47.000,0.000,0.000,0,0,1.0428,78,156,78,80,67
11,falling,31,564.0,,195.000,229.421,0.00000,7.26473,7.26473,0.000000,0.000000,0,0,7.92000,8547.864,7.191,25.000,25.000,28.000,31.000,47.000,0.000,0.000,0,0,1.0428,78,156,78,80,67
11,falling,32,581.0,,195.000,236.551,0.00000,7.42679,7.42679,0.000000,0.000000,0,0,7.92000,8547.864,7.191,25.000,25.000,28.000,31.000,47.000,0.000,0.000,0,0,1.0428,78,156,78,80,67
11,falling,33,597.0,,195.000,244.299,0.00000,7.59649,7.59649,0.000000,0.000000,0,0,7.92000,8547.864,7.191,25.000,25.000,28.000,31.000,47.000,0.000,0.000,0,0,1.0428,78,156,78,80,67
11,falling,34,614.0,,195.000,252.218,0.00000,7.76360,7.76360,0.000000,0.000000,0,0,7.92000,8547.864,7.191,25.000,25.000,28.000,31.000,47.000,0.000,0.000,0,0,1.0428,78,156,78,80,67
11,falling,35,631.0,,195.000,259.820,0.00000,7.91847,7.91847,0.000000,0.000000,0,0,7.92000,8547.864,7.191,25.000,25.000,28.000,31.000,47.000,0.000,0.000,0,0,1.0428,78,156,78,80,67
11,falling,36,647.0,,195.000,268.062,0.00000,8.08065,8.08065,0.000000,0.000000,0,0,7.92000,8547.864,7.191,25.000,25.000,28.000,31.000,47.000,0.000,0.000,0,0,1.0428,78,156,78,80,67
11,falling,37,664.0,,195.000,276.467,0.00000,8.24035,8.24035,0.000000,0.000000,0,0,7.92000,8547.864,7.191,25.000,25.000,28.000,31.000,47.000,0.000,0.000,0,0,1.0428,78,156,78,80,67
11,falling,38,681.0,,195.000,284.520,0.00000,8.38835,8.38835,0.000000,0.000000,0,0,7.92000,8547.864,7.191,25.000,25.000,28.000,31.000,47.000,0.000,0.000,0,0,1.0428,78,156,78,80,67
11,falling,39,697.0,,195.000,293.234,0.00000,8.54335,8.54335,0.000000,0.000000,0,0,7.92000,8547.864,7.191,25.000,25.000,28.000,31.000,47.000,0.000,0.000,0,0,1.0428,78,156,78,80,67
11,falling,40,714.0,,195.000,302.104,0.00000,8.69597,8.69597,0.000000,0.000000,0,0,7.92000,8547.864,7.191,25.000,25.000,28.000,31.000,47.000,0.000,0.000,0,0,1.0428,78,156,78,80,67
11,falling,41,731.0,,195.000,310.588,0.00000,8.83741,8.83741,0.000000,0.000000,0,0,7.92000,8547.864,7.191,25.000,25.000,28.000,31.000,47.000,0.000,0.000,0,0,1.0428,78,156,78,80,67
11,falling,42,747.0,,195.000,319.753,0.00000,8.98553,8.98553,0.000000,0.000000,0,0,7.92000,8547.864,7.191,25.000,25.000,28.000,31.000,47.000,0.000,0.000,0,0,1.0428,78,156,78,80,67
11,falling,43,764.0,,195.000,329.067,0.00000,9.13139,9.13139,0.000000,0.000000,0,0,7.92000,8547.864,7.191,25.000,25.000,28.000,31.000,47.000,0.000,0.000,0,0,1.0428,78,156,78,80,67
11,falling,44,781.0,,195.000,337.963,0.00000,9.26656,9.26656,0.000000,0.000000,0,0,7.92000,8547.864,7.191,25.000,25.000,28.000,31.000,47.000,0.000,0.000,0,0,1.0428,78,156,78,80,67
11,falling,45,797.0,,195.000,347.560,0.00000,9.40812,9.40812,0.000000,0.000000,0,0,7.92000,8547.864,7.191,25.000,25.000,28.000,31.000,47.000,0.000,0.000,0,0,1.0428,78,156,78,80,67
11,falling,46,814.0,,195.000,357.298,0.00000,9.54750,9.54750,0.000000,0.000000,0,0,7.92000,8547.864,7.191,25.000,25.000,28.000,31.000,47.000,0.000,0.000,0,0,1.0428,78,156,78,80,67
11,falling,47,831.0,,195.000,366.588,0.00000,9.67669,9.67669,0.000000,0.000000,0,0,7.92000,8547.864,7.191,25.000,25.000,28.000,31.000,47.000,0.000,0.000,0,0,1.0428,78,156,78,80,67
11,falling,48,847.0,,195.000,376.596,0.00000,9.81197,9.81197,0.000000,0.000000,0,0,7.92000,8547.864,7.191,25.000,25.000,28.000,31.000,47.000,0.000,0.000,0,0,1.0428,78,156,78,80,67
11,falling,49,864.0,,195.000,386.740,0.00000,9.94518,9.94518,0.000000,0.000000,0,0,7.92000,8547.864,7.191,25.000,25.000,28.000,31.000,47.000,0.000,0.000,0,0,1.0428,78,156,78,80,67
11,falling,50,881.0,,195.000,396.406,0.00000,10.06863,10.06863,0.000000,0.000000,0,0,7.92000,8547.864,7.191,25.000,25.000,28.000,31.000,47.000,0.000,0.000,0,0,1.0428,78,156,78,80,67
11,falling,51,897.0,,195.000,406.808,0.00000,10.19792,10.19792,0.000000,0.000000,0,0,7.92000,8547.864,7.191,25.000,25.000,28.000,31.000,47.000,0.000,0.000,0,0,1.0428,78,156,78,80,67
11,falling,52,914.0,,195.000,417.339,0.00000,10.32522,10.32522,0.000000,0.000000,0,0,7.92000,8547.864,7.191,25.000,25.000,28.000,31.000,47.000,0.000,0.000,0,0,1.0428,78,156,78,80,67
11,falling,53,931.0,,195.000,427.365,0.00000,10.44321,10.44321,0.000000,0.000000,0,0,7.92000,8547.864,7.191,25.000,25.000,28.000,31.000,47.000,0.000,0.000,0,0,1.0428,78,156,78,80,67
11,falling,54,947.0,,195.000,438.143,0.00000,10.56676,10.56676,0.000000,0.000000,0,0,7.92000,8547.864,7.191,25.000,25.000,28.000,31.000,47.000,0.000,0.000,0,0,1.0428,78,156,78,80,67
11,falling,55,964.0,,195.000,449.045,0.00000,10.68842,10.68842,0.000000,0.000000,0,0,7.92000,8547.864,7.191,25.000,25.000,28.000,31.000,47.000,0.000,0.000,0,0,1.0428,78,156,78,80,67
11,falling,56,981.0,,195.000,459.414,0.00000,10.80117,10.80117,0.000000,0.000000,0,0,7.92000,8547.864,7.191,25.000,25.000,28.000,31.000,47.000,0.000,0.000,0,0,1.0428,78,156,78,80,67
11,falling,57,997.0,,195.000,470.552,0.00000,10.91925,10.91925,0.000000,0.000000,0,0,7.92000,8547.864,7.191,25.000,25.000,28.000,31.000,47.000,0.000,0.000,0,0,1.0428,78,156,78,80,67
11,falling,58,1014.0,,195.000,481.808,0.00000,11.03552,11.03552,0.000000,0.000000,0,0,7.92000,8547.864,7.191,25.000,25.000,28.000,31.000,47.000,0.000,0.000,0,0,1.0428,78,156,78,80,67
11,post_landing,59,1031.0,59,195.000,488.776,-0.19632,-0.05645,0.20427,-0.002522,0.000000,0,1,7.92000,8547.864,7.191,25.000,25.000,28.000,31.000,47.000,0.000,0.000,0,10,1.0428,78,156,78,80,67
11,post_landing,60,1047.0,59,194.803,486.646,-0.07301,-0.01659,0.07487,-0.001038,-0.002533,0,1,7.92000,8547.864,7.191,25.000,20.002,28.002,31.008,45.002,0.000,0.000,0,5,1.0428,78,156,78,80,67
11,post_landing,61,1064.0,59,194.729,485.640,-0.03433,0.00000,0.03433,0.000000,-0.003575,0,1,7.92000,8547.864,7.191,25.000,20.003,28.003,31.011,45.003,0.000,0.000,0,3,1.0428,78,156,78,80,67
11,post_landing,62,1081.0,59,194.697,485.144,0.01762,0.00000,0.01762,0.000000,-0.003575,0,1,7.92000,8547.864,7.191,25.000,20.003,28.003,31.011,45.003,0.000,0.000,0,2,1.0428,78,156,78,80,67
11,post_landing,63,1097.0,59,194.715,484.653,0.04969,0.00000,0.04969,0.000000,-0.003575,0,1,7.92000,8547.864,7.191,25.000,20.003,28.003,31.011,45.003,0.000,0.000,0,1,1.0428,78,156,78,80,67
11,post_landing,64,1114.0,59,194.765,484.653,0.08612,0.00000,0.08612,0.000000,-0.003575,0,1,7.92000,8547.864,7.191,25.000,20.003,28.003,31.011,45.003,0.000,0.000,0,1,1.0428,78,156,78,80,67
11,post_landing,65,1131.0,59,194.846,484.651,0.04930,0.00000,0.04930,0.000000,-0.003575,0,1,7.92000,8547.864,7.191,25.000,20.003,28.003,31.011,45.003,0.000,0.000,0,1,1.0428,78,156,78,80,67
11,post_landing,66,1147.0,59,194.896,484.653,0.01635,0.00000,0.01635,0.000000,-0.003575,0,1,7.92000,8547.864,7.191,25.000,20.003,28.003,31.011,45.003,0.000,0.000,0,1,1.0428,78,156,78,80,67
11,post_landing,67,1164.0,59,194.912,484.653,-0.02785,0.00000,0.02785,0.000000,-0.003575,0,1,7.92000,8547.864,7.191,25.000,20.003,28.003,31.011,45.003,0.000,0.000,0,1,1.0428,78,156,78,80,67
11,post_landing,68,1181.0,59,194.886,484.651,-0.08762,0.00000,0.08762,0.001369,-0.003575,0,1,7.92000,8547.864,7.191,25.000,20.003,28.003,31.011,45.003,0.000,0.000,0,1,1.0428,78,156,78,80,67
11,post_landing,69,1197.0,59,194.798,484.663,-0.06092,0.00000,0.06092,0.000000,-0.002200,0,1,7.92000,8547.864,7.191,25.000,20.002,28.002,31.007,45.002,0.000,0.000,0,1,1.0428,78,156,78,80,67
11,post_landing,70,1214.0,59,194.736,484.663,-0.03198,0.00000,0.03198,0.000000,-0.002200,0,1,7.92000,8547.864,7.191,25.000,20.002,28.002,31.007,45.002,0.000,0.000,0,1,1.0428,78,156,78,80,67
11,post_landing,71,1231.0,59,194.706,484.661,0.01629,0.00000,0.01629,-0.001004,-0.002200,0,1,7.92000,8547.864,7.191,25.000,20.002,28.002,31.007,45.002,0.000,0.000,0,1,1.0428,78,156,78,80,67
11,post_landing,72,1247.0,59,194.723,484.656,0.04245,0.00000,0.04245,-0.001248,-0.003208,0,1,7.92000,8547.864,7.191,25.000,20.003,28.003,31.009,45.003,0.000,0.000,0,1,1.0428,78,156,78,80,67
11,post_landing,73,1264.0,59,194.765,484.647,0.06293,0.00000,0.06293,-0.001385,-0.004461,0,1,7.92000,8547.864,7.191,25.000,20.004,28.004,31.013,45.004,0.000,0.000,0,1,1.0428,78,156,78,80,67
11,post_landing,74,1281.0,59,194.825,484.636,0.07915,0.00000,0.07915,-0.001508,-0.005772,0,1,7.92000,8547.864,7.191,25.000,20.005,28.005,31.017,45.005,0.000,0.000,0,1,1.0428,78,156,78,80,67
11,post_landing,75,1297.0,59,194.904,484.628,-0.00666,0.00000,0.00666,0.001116,-0.007286,0,1,7.92000,8547.864,7.191,25.000,20.007,28.007,31.021,45.006,0.000,0.000,0,1,1.0428,78,156,78,80,67
11,post_landing,76,1314.0,59,194.898,484.636,-0.03426,0.00000,0.03426,0.001462,-0.006165,0,1,7.92000,8547.864,7.191,25.000,20.006,28.006,31.018,45.005,0.000,0.000,0,1,1.0428,78,156,78,80,67
11,post_landing,77,1331.0,59,194.865,484.643,-0.02549,0.00000,0.02549,0.000000,-0.004782,0,1,7.92000,8547.864,7.191,25.000,20.005,28.004,31.014,45.004,0.000,0.000,0,1,1.0428,78,156,78,80,67
11,post_landing,78,1347.0,59,194.840,484.645,-0.01613,0.00000,0.01613,0.000000,-0.004782,0,1,7.92000,8547.864,7.191,25.000,20.005,28.004,31.014,45.004,0.000,0.000,0,1,1.0428,78,156,78,80,67
11,post_landing,79,1364.0,59,194.823,484.645,-0.00155,0.00000,0.00155,0.000000,-0.004782,0,1,7.92000,8547.864,7.191,25.000,20.005,28.004,31.014,45.004,0.000,0.000,0,1,1.0428,78,156,78,80,67
11,post_landing,80,1381.0,59,194.822,484.643,0.03665,0.00000,0.03665,-0.001052,-0.004782,0,1,7.92000,8547.864,7.191,25.000,20.005,28.004,31.014,45.004,0.000,0.000,0,1,1.0428,78,156,78,80,67
11,post_landing,81,1397.0,59,194.859,484.638,0.02271,0.00000,0.02271,0.000000,-0.005839,0,1,7.92000,8547.864,7.191,25.000,20.005,28.005,31.017,45.005,0.000,0.000,0,1,1.0428,78,156,78,80,67
11,post_landing,82,1414.0,59,194.882,484.638,0.00362,0.00000,0.00362,0.000000,-0.005839,0,1,7.92000,8547.864,7.191,25.000,20.005,28.005,31.017,45.005,0.000,0.000,0,1,1.0428,78,156,78,80,67
11,post_landing,83,1431.0,59,194.885,484.636,-0.03869,0.00000,0.03869,0.001130,-0.005839,0,1,7.92000,8547.864,7.191,25.000,20.005,28.005,31.017,45.005,0.000,0.000,0,1,1.0428,78,156,78,80,67
11,post_landing,84,1447.0,59,194.846,484.646,-0.02989,0.00000,0.02989,0.000000,-0.004704,0,1,7.92000,8547.864,7.191,25.000,20.004,28.004,31.014,45.004,0.000,0.000,0,1,1.0428,78,156,78,80,67
11,post_landing,85,1464.0,59,194.816,484.646,-0.02599,0.00000,0.02599,0.000000,-0.004704,0,1,7.92000,8547.864,7.191,25.000,20.004,28.004,31.014,45.004,0.000,0.000,0,1,1.0428,78,156,78,80,67
11,post_landing,86,1481.0,59,194.791,484.644,-0.03570,0.00000,0.03570,0.000000,-0.004704,0,1,7.92000,8547.864,7.191,25.000,20.004,28.004,31.014,45.004,0.000,0.000,0,1,1.0428,78,156,78,80,67
11,post_landing,87,1497.0,59,194.756,484.646,-0.01078,0.00000,0.01078,0.000000,-0.004704,0,1,7.92000,8547.864,7.191,25.000,20.004,28.004,31.014,45.004,0.000,0.000,0,1,1.0428,78,156,78,80,67
11,post_landing,88,1514.0,59,194.745,484.646,0.03269,0.00000,0.03269,-0.000936,-0.004704,0,1,7.92000,8547.864,7.191,25.000,20.004,28.004,31.014,45.004,0.000,0.000,0,1,1.0428,78,156,78,80,67
11,post_landing,89,1531.0,59,194.776,484.637,0.09116,0.00000,0.09116,-0.002205,-0.005589,0,1,7.92000,8547.864,7.191,25.000,20.005,28.005,31.016,45.005,0.000,0.000,0,1,1.0428,78,156,78,80,67
11,post_landing,90,1547.0,59,194.867,484.625,0.03069,0.00000,0.03069,0.000000,-0.007804,0,1,7.92000,8547.864,7.191,25.000,20.007,28.007,31.022,45.006,0.000,0.000,0,1,1.0428,78,156,78,80,67
11,post_landing,91,1564.0,59,194.898,484.625,-0.04104,0.00000,0.04104,0.001960,-0.007804,0,1,7.92000,8547.864,7.191,25.000,20.007,28.007,31.022,45.006,0.000,0.000,0,1,1.0428,78,156,78,80,67
11,post_landing,92,1581.0,59,194.859,484.635,-0.07835,0.00000,0.07835,0.002565,-0.005949,0,1,7.92000,8547.864,7.191,25.000,20.006,28.005,31.017,45.005,0.000,0.000,0,1,1.0428,78,156,78,80,67
11,post_landing,93,1597.0,59,194.781,484.655,0.00817,0.00000,0.00817,0.000000,-0.003373,0,1,7.92000,8547.864,7.191,25.000,20.003,28.003,31.010,45.003,0.000,0.000,0,1,1.0428,78,156,78,80,67
11,post_landing,94,1614.0,59,194.789,484.655,0.05168,0.00000,0.05168,-0.001416,-0.003373,0,1,7.92000,8547.864,7.191,25.000,20.003,28.003,31.010,45.003,0.000,0.000,0,1,1.0428,78,156,78,80,67
11,post_landing,95,1631.0,59,194.838,484.643,0.06557,0.00000,0.06557,-0.001730,-0.004713,0,1,7.92000,8547.864,7.191,25.000,20.004,28.004,31.014,45.004,0.000,0.000,0,1,1.0428,78,156,78,80,67
11,post_landing,96,1647.0,59,194.904,484.634,-0.02608,0.00000,0.02608,0.001017,-0.006450,0,1,7.92000,8547.864,7.191,25.000,20.006,28.006,31.019,45.006,0.000,0.000,0,1,1.0428,78,156,78,80,67
11,post_landing,97,1664.0,59,194.877,484.641,-0.04406,0.00000,0.04406,0.001146,-0.005429,0,1,7.92000,8547.864,7.191,25.000,20.005,28.005,31.016,45.005,0.000,0.000,0,1,1.0428,78,156,78,80,67
11,post_landing,98,1681.0,59,194.836,484.646,-0.02305,0.00000,0.02305,0.000000,-0.004344,0,1,7.92000,8547.864,7.191,25.000,20.004,28.004,31.013,45.004,0.000,0.000,0,1,1.0428,78,156,78,80,67
11,post_landing,99,1697.0,59,194.812,484.648,0.01440,0.00000,0.01440,-0.001066,-0.004344,0,1,7.92000,8547.864,7.191,25.000,20.004,28.004,31.013,45.004,0.000,0.000,0,1,1.0428,78,156,78,80,67
11,post_landing,100,1714.0,59,194.827,484.641,0.05641,0.00000,0.05641,-0.001986,-0.005415,0,1,7.92000,8547.864,7.191,25.000,20.005,28.005,31.016,45.005,0.000,0.000,0,1,1.0428,78,156,78,80,67
11,post_landing,101,1730.0,59,194.880,484.626,0.08090,0.00000,0.08090,-0.002202,-0.007295,0,1,7.92000,8547.864,7.191,25.000,20.007,28.007,31.021,45.006,0.000,0.000,0,1,1.0428,78,156,78,80,67
11,post_landing,102,1747.0,59,194.962,484.613,-0.01483,0.00000,0.01483,0.000955,-0.009507,0,1,7.92000,8547.864,7.191,25.000,20.009,28.008,31.027,45.007,0.000,0.000,0,1,1.0428,78,156,78,80,67
11,post_landing,103,1764.0,59,194.948,484.617,-0.03447,0.00000,0.03447,0.001265,-0.008603,0,1,7.92000,8547.864,7.191,25.000,20.008,28.008,31.025,45.007,0.000,0.000,0,1,1.0428,78,156,78,80,67
11,post_landing,104,1780.0,59,194.913,484.628,0.00169,0.00000,0.00169,0.000000,-0.007332,0,1,7.92000,8547.864,7.191,25.000,20.007,28.007,31.021,45.006,0.000,0.000,0,1,1.0428,78,156,78,80,67
11,post_landing,105,1797.0,59,194.915,484.628,0.05519,0.00000,0.05519,-0.001651,-0.007332,0,1,7.92000,8547.864,7.191,25.000,20.007,28.007,31.021,45.006,0.000,0.000,0,1,1.0428,78,156,78,80,67
11,post_landing,106,1815.0,59,194.967,484.615,0.07901,0.00000,0.07901,-0.002110,-0.008894,0,1,7.92000,8547.864,7.191,25.000,20.008,28.008,31.025,45.007,0.000,0.000,0,1,1.0428,78,156,78,80,67
11,post_landing,107,1831.0,59,195.046,484.603,-0.01937,0.00000,0.01937,0.000959,-0.011013,0,1,7.92000,8547.864,7.191,25.000,20.010,28.009,31.031,45.008,0.000,0.000,0,1,1.0428,78,156,78,80,67
11,post_landing,108,1847.0,59,195.027,484.610,-0.04995,0.00000,0.04995,0.001482,-0.010049,0,1,7.92000,8547.864,7.191,25.000,20.009,28.009,31.029,45.008,0.000,0.000,0,1,1.0428,78,156,78,80,67
11,post_landing,109,1864.0,59,194.979,484.617,-0.00895,0.00000,0.00895,0.000000,-0.008648,0,1,7.92000,8547.864,7.191,25.000,20.008,28.008,31.025,45.007,0.000,0.000,0,1,1.0428,78,156,78,80,67
11,post_landing,110,1880.0,59,194.970,484.619,0.04435,0.00000,0.04435,-0.001612,-0.008648,0,1,7.92000,8547.864,7.191,25.000,20.008,28.008,31.025,45.007,0.000,0.000,0,1,1.0428,78,156,78,80,67
11,post_landing,111,1897.0,59,195.015,484.608,0.06080,0.00000,0.06080,-0.001862,-0.010267,0,1,7.92000,8547.864,7.191,25.000,20.009,28.009,31.029,45.008,0.000,0.000,0,1,1.0428,78,156,78,80,67
11,post_landing,112,1914.0,59,195.073,484.595,0.08729,0.00000,0.08729,-0.002321,-0.012029,0,1,7.92000,8547.864,7.191,25.000,20.011,28.010,31.034,45.009,0.000,0.000,0,1,1.0428,78,156,78,80,67
11,post_landing,113,1930.0,59,195.160,484.581,-0.01927,0.00000,0.01927,0.001040,-0.014359,0,1,7.92000,8547.864,7.191,25.000,20.012,28.011,31.040,45.010,0.000,0.000,0,1,1.0428,78,156,78,80,67
11,post_landing,114,1947.0,59,195.141,484.588,-0.04855,0.00000,0.04855,0.001508,-0.013315,0,1,7.92000,8547.864,7.191,25.000,20.012,28.011,31.037,45.009,0.000,0.000,0,1,1.0428,78,156,78,80,67
11,post_landing,115,1964.0,59,195.095,484.595,-0.00928,0.00000,0.00928,0.000000,-0.011888,0,1,7.92000,8547.864,7.191,25.000,20.010,28.010,31.033,45.009,0.000,0.000,0,1,1.0428,78,156,78,80,67
11,post_landing,116,1980.0,59,195.086,484.597,0.04129,0.00000,0.04129,-0.001537,-0.011888,0,1,7.92000,8547.864,7.191,25.000,20.010,28.010,31.033,45.009,0.000,0.000,0,1,1.0428,78,156,78,80,67
11,post_landing,117,1997.0,59,195.127,484.587,0.05642,0.00000,0.05642,-0.001754,-0.013432,0,1,7.92000,8547.864,7.191,25.000,20.012,28.011,31.037,45.009,0.000,0.000,0,1,1.0428,78,156,78,80,67
11,post_landing,118,2014.0,59,195.180,484.575,0.08108,0.00000,0.08108,-0.002166,-0.015092,0,1,7.92000,8547.864,7.191,25.000,20.013,28.012,31.042,45.010,0.000,0.000,0,1,1.0428,78,156,78,80,67
12,falling,0,26.0,,195.000,97.029,0.00000,0.55000,0.55000,0.000000,0.000000,0,0,3.71800,2601.283,4.837,6.000,6.000,8.000,11.000,15.000,0.000,0.000,0,0,1.1923,65,130,65,66,71
12,falling,1,34.0,,195.000,97.308,0.00000,0.66320,0.66320,0.000000,0.000000,0,0,3.71800,2601.283,4.837,6.000,6.000,8.000,11.000,15.000,0.000,0.000,0,0,1.1923,65,130,65,66,71
12,falling,2,50.0,,195.000,98.263,0.00000,0.93639,0.93639,0.000000,0.000000,0,0,3.71800,2601.283,4.837,6.000,6.000,8.000,11.000,15.000,0.000,0.000,0,0,1.1923,65,130,65,66,71
12,falling,3,67.0,,195.000,99.492,0.00000,1.20539,1.20539,0.000000,0.000000,0,0,3.71800,2601.283,4.837,6.000,6.000,8.000,11.000,15.000,0.000,0.000,0,0,1.1923,65,130,65,66,71
12,falling,4,84.0,,195.000,100.889,0.00000,1.45470,1.45470,0.000000,0.000000,0,0,3.71800,2601.283,4.837,6.000,6.000,8.000,11.000,15.000,0.000,0.000,0,0,1.1923,65,130,65,66,71
12,falling,5,100.0,,195.000,102.639,0.00000,1.71578,1.71578,0.000000,0.000000,0,0,3.71800,2601.283,4.837,6.000,6.000,8.000,11.000,15.000,0.000,0.000,0,0,1.1923,65,130,65,66,71
12,falling,6,117.0,,195.000,104.651,0.00000,1.97286,1.97286,0.000000,0.000000,0,0,3.71800,2601.283,4.837,6.000,6.000,8.000,11.000,15.000,0.000,0.000,0,0,1.1923,65,130,65,66,71
12,falling,7,134.0,,195.000,106.774,0.00000,2.21112,2.21112,0.000000,0.000000,0,0,3.71800,2601.283,4.837,6.000,6.000,8.000,11.000,15.000,0.000,0.000,0,0,1.1923,65,130,65,66,71
12,falling,8,150.0,,195.000,109.284,0.00000,2.46062,2.46062,0.000000,0.000000,0,0,3.71800,2601.283,4.837,6.000,6.000,8.000,11.000,15.000,0.000,0.000,0,0,1.1923,65,130,65,66,71
12,falling,9,167.0,,195.000,112.044,0.00000,2.70631,2.70631,0.000000,0.000000,0,0,3.71800,2601.283,4.837,6.000,6.000,8.000,11.000,15.000,0.000,0.000,0,0,1.1923,65,130,65,66,71
12,falling,10,184.0,,195.000,114.861,0.00000,2.93400,2.93400,0.000000,0.000000,0,0,3.71800,2601.283,4.837,6.000,6.000,8.000,11.000,15.000,0.000,0.000,0,0,1.1923,65,130,65,66,71
12,falling,11,200.0,,195.000,118.097,0.00000,3.17245,3.17245,0.000000,0.000000,0,0,3.71800,2601.283,4.837,6.000,6.000,8.000,11.000,15.000,0.000,0.000,0,0,1.1923,65,130,65,66,71
12,falling,12,217.0,,195.000,121.572,0.00000,3.40724,3.40724,0.000000,0.000000,0,0,3.71800,2601.283,4.837,6.000,6.000,8.000,11.000,15.000,0.000,0.000,0,0,1.1923,65,130,65,66,71
12,falling,13,234.0,,195.000,125.052,0.00000,3.62484,3.62484,0.000000,0.000000,0,0,3.71800,2601.283,4.837,6.000,6.000,8.000,11.000,15.000,0.000,0.000,0,0,1.1923,65,130,65,66,71
12,falling,14,250.0,,195.000,128.982,0.00000,3.85272,3.85272,0.000000,0.000000,0,0,3.71800,2601.283,4.837,6.000,6.000,8.000,11.000,15.000,0.000,0.000,0,0,1.1923,65,130,65,66,71
12,falling,15,267.0,,195.000,133.140,0.00000,4.07710,4.07710,0.000000,0.000000,0,0,3.71800,2601.283,4.837,6.000,6.000,8.000,11.000,15.000,0.000,0.000,0,0,1.1923,65,130,65,66,71
12,falling,16,284.0,,195.000,137.254,0.00000,4.28506,4.28506,0.000000,0.000000,0,0,3.71800,2601.283,4.837,6.000,6.000,8.000,11.000,15.000,0.000,0.000,0,0,1.1923,65,130,65,66,71
12,falling,17,300.0,,195.000,141.847,0.00000,4.50283,4.50283,0.000000,0.000000,0,0,3.71800,2601.283,4.837,6.000,6.000,8.000,11.000,15.000,0.000,0.000,0,0,1.1923,65,130,65,66,71
12,falling,18,317.0,,195.000,146.658,0.00000,4.71727,4.71727,0.000000,0.000000,0,0,3.71800,2601.283,4.837,6.000,6.000,8.000,11.000,15.000,0.000,0.000,0,0,1.1923,65,130,65,66,71
12,falling,19,334.0,,195.000,151.378,0.00000,4.91601,4.91601,0.000000,0.000000,0,0,3.71800,2601.283,4.837,6.000,6.000,8.000,11.000,15.000,0.000,0.000,0,0,1.1923,65,130,65,66,71
12,falling,20,350.0,,195.000,156.604,0.00000,5.12413,5.12413,0.000000,0.000000,0,0,3.71800,2601.283,4.837,6.000,6.000,8.000,11.000,15.000,0.000,0.000,0,0,1.1923,65,130,65,66,71
12,falling,21,367.0,,195.000,162.040,0.00000,5.32906,5.32906,0.000000,0.000000,0,0,3.71800,2601.283,4.837,6.000,6.000,8.000,11.000,15.000,0.000,0.000,0,0,1.1923,65,130,65,66,71
12,falling,22,384.0,,195.000,167.338,0.00000,5.51899,5.51899,0.000000,0.000000,0,0,3.71800,2601.283,4.837,6.000,6.000,8.000,11.000,15.000,0.000,0.000,0,0,1.1923,65,130,65,66,71
12,falling,23,400.0,,195.000,173.170,0.00000,5.71788,5.71788,0.000000,0.000000,0,0,3.71800,2601.283,4.837,6.000,6.000,8.000,11.000,15.000,0.000,0.000,0,0,1.1923,65,130,65,66,71
12,falling,24,417.0,,195.000,179.203,0.00000,5.91373,5.91373,0.000000,0.000000,0,0,3.71800,2601.283,4.837,6.000,6.000,8.000,11.000,15.000,0.000,0.000,0,0,1.1923,65,130,65,66,71
12,falling,25,433.0,,195.000,185.054,0.00000,6.09524,6.09524,0.000000,0.000000,0,0,3.71800,2601.283,4.837,6.000,6.000,8.000,11.000,15.000,0.000,0.000,0,0,1.1923,65,130,65,66,71
12,falling,26,450.0,,195.000,191.465,0.00000,6.28532,6.28532,0.000000,0.000000,0,0,3.71800,2601.283,4.837,6.000,6.000,8.000,11.000,15.000,0.000,0.000,0,0,1.1923,65,130,65,66,71
12,falling,27,467.0,,195.000,198.067,0.00000,6.47249,6.47249,0.000000,0.000000,0,0,3.71800,2601.283,4.837,6.000,6.000,8.000,11.000,15.000,0.000,0.000,0,0,1.1923,65,130,65,66,71
12,falling,28,484.0,,195.000,204.447,0.00000,6.64595,6.64595,0.000000,0.000000,0,0,3.71800,2601.283,4.837,6.000,6.000,8.000,11.000,15.000,0.000,0.000,0,0,1.1923,65,130,65,66,71
12,falling,29,500.0,,195.000,211.411,0.00000,6.82760,6.82760,0.000000,0.000000,0,0,3.71800,2601.283,4.837,6.000,6.000,8.000,11.000,15.000,0.000,0.000,0,0,1.1923,65,130,65,66,71
12,falling,30,517.0,,195.000,218.127,0.00000,6.99595,6.99595,0.000000,0.000000,0,0,3.71800,2601.283,4.837,6.000,6.000,8.000,11.000,15.000,0.000,0.000,0,0,1.1923,65,130,65,66,71
12,falling,31,534.0,,195.000,225.443,0.00000,7.17224,7.17224,0.000000,0.000000,0,0,3.71800,2601.283,4.837,6.000,6.000,8.000,11.000,15.000,0.000,0.000,0,0,1.1923,65,130,65,66,71
12,falling,32,550.0,,195.000,232.936,0.00000,7.34584,7.34584,0.000000,0.000000,0,0,3.71800,2601.283,4.837,6.000,6.000,8.000,11.000,15.000,0.000,0.000,0,0,1.1923,65,130,65,66,71
12,falling,33,567.0,,195.000,240.142,0.00000,7.50673,7.50673,0.000000,0.000000,0,0,3.71800,2601.283,4.837,6.000,6.000,8.000,11.000,15.000,0.000,0.000,0,0,1.1923,65,130,65,66,71
12,falling,34,584.0,,195.000,247.971,0.00000,7.67521,7.67521,0.000000,0.000000,0,0,3.71800,2601.283,4.837,6.000,6.000,8.000,11.000,15.000,0.000,0.000,0,0,1.1923,65,130,65,66,71
12,falling,35,600.0,,195.000,255.969,0.00000,7.84111,7.84111,0.000000,0.000000,0,0,3.71800,2601.283,4.837,6.000,6.000,8.000,11.000,15.000,0.000,0.000,0,0,1.1923,65,130,65,66,71
12,falling,36,617.0,,195.000,264.133,0.00000,8.00448,8.00448,0.000000,0.000000,0,0,3.71800,2601.283,4.837,6.000,6.000,8.000,11.000,15.000,0.000,0.000,0,0,1.1923,65,130,65,66,71
12,falling,37,634.0,,195.000,271.963,0.00000,8.15588,8.15588,0.000000,0.000000,0,0,3.71800,2601.283,4.837,6.000,6.000,8.000,11.000,15.000,0.000,0.000,0,0,1.1923,65,130,65,66,71
12,falling,38,650.0,,195.000,280.444,0.00000,8.31443,8.31443,0.000000,0.000000,0,0,3.71800,2601.283,4.837,6.000,6.000,8.000,11.000,15.000,0.000,0.000,0,0,1.1923,65,130,65,66,71
12,falling,39,667.0,,195.000,288.567,0.00000,8.46137,8.46137,0.000000,0.000000,0,0,3.71800,2601.283,4.837,6.000,6.000,8.000,11.000,15.000,0.000,0.000,0,0,1.1923,65,130,65,66,71
12,falling,40,683.0,,195.000,297.354,0.00000,8.61524,8.61524,0.000000,0.000000,0,0,3.71800,2601.283,4.837,6.000,6.000,8.000,11.000,15.000,0.000,0.000,0,0,1.1923,65,130,65,66,71
12,falling,41,700.0,,195.000,306.296,0.00000,8.76676,8.76676,0.000000,0.000000,0,0,3.71800,2601.283,4.837,6.000,6.000,8.000,11.000,15.000,0.000,0.000,0,0,1.1923,65,130,65,66,71
12,falling,42,717.0,,195.000,314.847,0.00000,8.90719,8.90719,0.000000,0.000000,0,0,3.71800,2601.283,4.837,6.000,6.000,8.000,11.000,15.000,0.000,0.000,0,0,1.1923,65,130,65,66,71
12,falling,43,733.0,,195.000,324.083,0.00000,9.05424,9.05424,0.000000,0.000000,0,0,3.71800,2601.283,4.837,6.000,6.000,8.000,11.000,15.000,0.000,0.000,0,0,1.1923,65,130,65,66,71
12,falling,44,750.0,,195.000,333.466,0.00000,9.19904,9.19904,0.000000,0.000000,0,0,3.71800,2601.283,4.837,6.000,6.000,8.000,11.000,15.000,0.000,0.000,0,0,1.1923,65,130,65,66,71
12,falling,45,767.0,,195.000,342.994,0.00000,9.34163,9.34163,0.000000,0.000000,0,0,3.71800,2601.283,4.837,6.000,6.000,8.000,11.000,15.000,0.000,0.000,0,0,1.1923,65,130,65,66,71
12,falling,46,784.0,,195.000,352.089,0.00000,9.47378,9.47378,0.000000,0.000000,0,0,3.71800,2601.283,4.837,6.000,6.000,8.000,11.000,15.000,0.000,0.000,0,0,1.1923,65,130,65,66,71
12,falling,47,800.0,,195.000,361.893,0.00000,9.61216,9.61216,0.000000,0.000000,0,0,3.71800,2601.283,4.837,6.000,6.000,8.000,11.000,15.000,0.000,0.000,0,0,1.1923,65,130,65,66,71
12,falling,48,817.0,,195.000,371.244,0.00000,9.74041,9.74041,0.000000,0.000000,0,0,3.71800,2601.283,4.837,6.000,6.000,8.000,11.000,15.000,0.000,0.000,0,0,1.1923,65,130,65,66,71
12,falling,49,833.0,,195.000,381.316,0.00000,9.87472,9.87472,0.000000,0.000000,0,0,3.71800,2601.283,4.837,6.000,6.000,8.000,11.000,15.000,0.000,0.000,0,0,1.1923,65,130,65,66,71
12,falling,50,850.0,,195.000,391.523,0.00000,10.00697,10.00697,0.000000,0.000000,0,0,3.71800,2601.283,4.837,6.000,6.000,8.000,11.000,15.000,0.000,0.000,0,0,1.1923,65,130,65,66,71
12,falling,51,867.0,,195.000,401.863,0.00000,10.13720,10.13720,0.000000,0.000000,0,0,3.71800,2601.283,4.837,6.000,6.000,8.000,11.000,15.000,0.000,0.000,0,0,1.1923,65,130,65,66,71
12,falling,52,883.0,,195.000,411.711,0.00000,10.25789,10.25789,0.000000,0.000000,0,0,3.71800,2601.283,4.837,6.000,6.000,8.000,11.000,15.000,0.000,0.000,0,0,1.1923,65,130,65,66,71
12,falling,53,900.0,,195.000,422.303,0.00000,10.38427,10.38427,0.000000,0.000000,0,0,3.71800,2601.283,4.837,6.000,6.000,8.000,11.000,15.000,0.000,0.000,0,0,1.1923,65,130,65,66,71
12,falling,54,917.0,,195.000,432.384,0.00000,10.50141,10.50141,0.000000,0.000000,0,0,3.71800,2601.283,4.837,6.000,6.000,8.000,11.000,15.000,0.000,0.000,0,0,1.1923,65,130,65,66,71
12,falling,55,933.0,,195.000,443.221,0.00000,10.62407,10.62407,0.000000,0.000000,0,0,3.71800,2601.283,4.837,6.000,6.000,8.000,11.000,15.000,0.000,0.000,0,0,1.1923,65,130,65,66,71
12,falling,56,950.0,,195.000,454.180,0.00000,10.74485,10.74485,0.000000,0.000000,0,0,3.71800,2601.283,4.837,6.000,6.000,8.000,11.000,15.000,0.000,0.000,0,0,1.1923,65,130,65,66,71
12,falling,57,967.0,,195.000,464.603,0.00000,10.85680,10.85680,0.000000,0.000000,0,0,3.71800,2601.283,4.837,6.000,6.000,8.000,11.000,15.000,0.000,0.000,0,0,1.1923,65,130,65,66,71
12,falling,58,983.0,,195.000,475.797,0.00000,10.97402,10.97402,0.000000,0.000000,0,0,3.71800,2601.283,4.837,6.000,6.000,8.000,11.000,15.000,0.000,0.000,0,0,1.1923,65,130,65,66,71
12,falling,59,1000.0,,195.000,487.108,0.00000,11.08945,11.08945,0.000000,0.000000,0,0,3.71800,2601.283,4.837,6.000,6.000,8.000,11.000,15.000,0.000,0.000,0,0,1.1923,65,130,65,66,71
12,post_landing,60,1017.0,60,195.000,494.547,2.46458,0.33779,2.48762,0.036551,0.000000,0,1,3.71800,2601.283,4.837,6.000,6.000,8.000,11.000,15.000,0.000,0.000,0,7,1.1923,65,130,65,66,71
12,post_landing,61,1033.0,60,197.475,493.572,1.63901,0.23406,1.65564,0.025015,0.036712,0,1,3.71800,2601.283,4.837,6.000,5.033,8.031,11.029,15.100,0.000,0.000,0,4,1.1923,65,130,65,66,71
12,post_landing,62,1050.0,60,199.122,493.046,1.13652,0.19525,1.15317,0.017245,0.061837,0,1,3.71800,2601.283,4.837,6.000,5.052,8.047,11.041,15.157,0.000,0.000,0,2,1.1923,65,130,65,66,71
12,post_landing,63,1067.0,60,200.197,492.865,0.76783,0.17446,0.78740,0.012237,0.078155,0,1,3.71800,2601.283,4.837,6.000,5.063,8.054,11.044,15.188,0.000,0.000,0,1,1.1923,65,130,65,66,71
12,post_landing,64,1083.0,60,200.968,493.107,0.65733,0.12285,0.66871,0.007465,0.090445,0,1,3.71800,2601.283,4.837,6.000,5.070,8.058,11.045,15.210,0.000,0.000,0,1,1.1923,65,130,65,66,71
12,post_landing,65,1100.0,60,201.628,493.249,0.55529,0.09607,0.56354,0.005717,0.097943,0,1,3.71800,2601.283,4.837,6.000,5.074,8.059,11.045,15.221,0.000,0.000,0,1,1.1923,65,130,65,66,71
12,post_landing,66,1117.0,60,202.154,493.346,0.37729,0.20989,0.43174,0.010827,0.103352,0,1,3.71800,2601.283,4.837,6.000,5.076,8.060,11.044,15.229,0.000,0.000,0,1,1.1923,65,130,65,66,71
12,post_landing,67,1134.0,60,202.533,493.556,0.35888,0.21474,0.41822,0.012545,0.114227,0,1,3.71800,2601.283,4.837,6.000,5.081,8.062,11.042,16.352,0.000,0.000,0,1,1.1923,65,130,65,66,71
12,post_landing,68,1150.0,60,202.893,493.795,0.34797,0.22275,0.41316,0.013634,0.126827,0,1,3.71800,2601.283,4.837,6.000,5.086,8.062,11.038,16.377,0.000,0.000,0,1,1.1923,65,130,65,66,71
12,post_landing,69,1167.0,60,203.222,494.042,0.34023,0.22939,0.41034,0.014125,0.139727,0,1,3.71800,2601.283,4.837,6.000,5.091,8.061,11.032,16.401,0.000,0.000,0,1,1.1923,65,130,65,66,71
12,post_landing,70,1184.0,60,203.564,494.327,0.33465,0.23916,0.41132,0.014755,0.153915,0,1,3.71800,2601.283,4.837,6.000,5.094,8.059,11.023,16.424,0.000,0.000,0,1,1.1923,65,130,65,66,71
12,post_landing,71,1200.0,60,203.900,494.626,0.33004,0.24933,0.41363,0.015240,0.168735,0,1,3.71800,2601.283,4.837,6.000,5.097,8.054,12.165,16.445,0.000,0.000,0,1,1.1923,65,130,65,66,71
12,post_landing,72,1217.0,60,204.213,494.920,0.32508,0.25681,0.41428,0.015372,0.183154,0,1,3.71800,2601.283,4.837,6.000,5.099,8.048,11.545,52.150,0.000,0.000,0,1,1.1923,65,130,65,66,71
12,post_landing,73,1233.0,60,204.539,495.248,0.31999,0.26766,0.41718,0.015793,0.198594,0,1,3.71800,2601.283,4.837,6.000,5.099,8.040,11.573,53.345,0.000,0.000,0,1,1.1923,65,130,65,66,71
12,post_landing,74,1250.0,60,204.860,495.588,0.31460,0.27858,0.42022,0.016153,0.214456,0,1,3.71800,2601.283,4.837,6.000,5.098,7.265,11.599,54.552,0.000,0.000,0,1,1.1923,65,130,65,66,71
12,post_landing,75,1267.0,60,205.158,495.918,0.30830,0.28607,0.42058,0.016201,0.229739,0,1,3.71800,2601.283,4.837,6.000,5.096,7.272,11.622,54.568,0.000,0.000,0,1,1.1923,65,130,65,66,71
12,post_landing,76,1283.0,60,205.468,496.283,0.30127,0.29755,0.42343,0.016568,0.246012,0,1,3.71800,2601.283,4.837,6.000,5.093,8.490,11.643,56.027,0.000,0.000,0,1,1.1923,65,130,65,66,71
12,post_landing,77,1300.0,60,205.770,496.660,0.29355,0.30894,0.42616,0.016891,0.262652,0,1,3.71800,2601.283,4.837,6.000,1.225,8.505,12.887,58.234,0.000,0.000,0,1,1.1923,65,130,65,66,71
12,post_landing,78,1317.0,60,206.048,497.024,0.28487,0.31622,0.42561,0.016911,0.278635,0,1,3.71800,2601.283,4.837,6.000,1.236,8.517,52.472,60.439,0.000,0.000,0,1,1.1923,65,130,65,66,71
12,post_landing,79,1333.0,60,206.334,497.426,0.27513,0.32816,0.42824,0.017253,0.295620,0,1,3.71800,2601.283,4.837,6.000,1.248,8.527,53.740,60.437,0.000,0.000,0,1,1.1923,65,130,65,66,71
12,post_landing,80,1350.0,60,206.611,497.839,0.26448,0.33987,0.43066,0.017558,0.312949,0,1,3.71800,2601.283,4.837,6.000,3.470,50.594,53.757,61.032,0.000,0.000,0,1,1.1923,65,130,65,66,71
12,post_landing,81,1367.0,60,206.861,498.238,0.25289,0.34681,0.42922,0.017561,0.329562,0,1,3.71800,2601.283,4.837,6.000,46.810,51.865,55.351,62.621,0.000,0.000,0,1,1.1923,65,130,65,66,71
12,post_landing,82,1383.0,60,207.115,498.710,0.04933,-0.02821,0.05683,0.001817,0.347201,0,1,3.71800,2601.283,4.837,6.000,48.099,53.141,59.804,62.965,0.000,0.000,0,2,1.1923,65,130,65,66,71
12,post_landing,83,1400.0,60,207.164,498.719,-0.00074,0.00000,0.00074,0.000000,0.349025,0,1,3.71800,2601.283,4.837,6.000,48.100,53.141,59.805,62.966,0.000,0.000,0,2,1.1923,65,130,65,66,71
12,post_landing,84,1417.0,60,207.164,498.718,-0.00041,0.00000,0.00041,0.000000,0.349025,0,1,3.71800,2601.283,4.837,6.000,48.100,53.141,59.805,62.966,0.000,0.000,0,2,1.1923,65,130,65,66,71
12,post_landing,85,1433.0,60,207.163,498.722,0.00000,0.00000,0.00000,0.000000,0.349025,0,1,3.71800,2601.283,4.837,6.000,48.100,53.141,59.805,62.966,0.000,0.000,0,2,1.1923,65,130,65,66,71
12,post_landing,86,1450.0,60,207.163,498.722,0.00000,0.00000,0.00000,0.000000,0.349025,0,1,3.71800,2601.283,4.837,6.000,48.100,53.141,59.805,62.966,0.000,0.000,0,2,1.1923,65,130,65,66,71
12,post_landing,87,1467.0,60,207.163,498.718,-0.00004,0.00000,0.00004,0.000000,0.349025,0,1,3.71800,2601.283,4.837,6.000,48.100,53.141,59.805,62.966,0.000,0.000,0,2,1.1923,65,130,65,66,71
12,post_landing,88,1483.0,60,207.163,498.722,0.00002,0.00000,0.00002,0.000000,0.349025,0,1,3.71800,2601.283,4.837,6.000,48.100,53.141,59.805,62.966,0.000,0.000,0,2,1.1923,65,130,65,66,71
12,post_landing,89,1500.0,60,207.163,498.722,0.00000,0.00000,0.00000,0.000000,0.349025,0,1,3.71800,2601.283,4.837,6.000,48.100,53.141,59.805,62.966,0.000,0.000,0,2,1.1923,65,130,65,66,71
12,post_landing,90,1517.0,60,207.163,498.718,-0.00004,0.00000,0.00004,0.000000,0.349025,0,1,3.71800,2601.283,4.837,6.000,48.100,53.141,59.805,62.966,0.000,0.000,0,2,1.1923,65,130,65,66,71
12,post_landing,91,1533.0,60,207.163,498.722,0.00002,0.00000,0.00002,0.000000,0.349025,0,1,3.71800,2601.283,4.837,6.000,48.100,53.141,59.805,62.966,0.000,0.000,0,2,1.1923,65,130,65,66,71
12,post_landing,92,1550.0,60,207.163,498.722,0.00000,0.00000,0.00000,0.000000,0.349025,0,1,3.71800,2601.283,4.837,6.000,48.100,53.141,59.805,62.966,0.000,0.000,0,2,1.1923,65,130,65,66,71
12,post_landing,93,1567.0,60,207.163,498.718,-0.00004,0.00000,0.00004,0.000000,0.349025,0,1,3.71800,2601.283,4.837,6.000,48.100,53.141,59.805,62.966,0.000,0.000,0,2,1.1923,65,130,65,66,71
12,post_landing,94,1583.0,60,207.163,498.722,0.00002,0.00000,0.00002,0.000000,0.349025,0,1,3.71800,2601.283,4.837,6.000,48.100,53.141,59.805,62.966,0.000,0.000,0,2,1.1923,65,130,65,66,71
12,post_landing,95,1600.0,60,207.163,498.722,0.00000,0.00000,0.00000,0.000000,0.349025,0,1,3.71800,2601.283,4.837,6.000,48.100,53.141,59.805,62.966,0.000,0.000,0,2,1.1923,65,130,65,66,71
12,post_landing,96,1617.0,60,207.163,498.718,-0.00004,0.00000,0.00004,0.000000,0.349025,0,1,3.71800,2601.283,4.837,6.000,48.100,53.141,59.805,62.966,0.000,0.000,0,2,1.1923,65,130,65,66,71
12,post_landing,97,1633.0,60,207.163,498.722,0.00002,0.00000,0.00002,0.000000,0.349025,0,1,3.71800,2601.283,4.837,6.000,48.100,53.141,59.805,62.966,0.000,0.000,0,2,1.1923,65,130,65,66,71
12,post_landing,98,1650.0,60,207.163,498.722,0.00000,0.00000,0.00000,0.000000,0.349025,0,1,3.71800,2601.283,4.837,6.000,48.100,53.141,59.805,62.966,0.000,0.000,0,2,1.1923,65,130,65,66,71
12,post_landing,99,1667.0,60,207.163,498.718,-0.00004,0.00000,0.00004,0.000000,0.349025,0,1,3.71800,2601.283,4.837,6.000,48.100,53.141,59.805,62.966,0.000,0.000,0,2,1.1923,65,130,65,66,71
12,post_landing,100,1683.0,60,207.163,498.722,0.00002,0.00000,0.00002,0.000000,0.349025,0,1,3.71800,2601.283,4.837,6.000,48.100,53.141,59.805,62.966,0.000,0.000,0,2,1.1923,65,130,65,66,71
12,post_landing,101,1700.0,60,207.163,498.722,0.00000,0.00000,0.00000,0.000000,0.349025,0,1,3.71800,2601.283,4.837,6.000,48.100,53.141,59.805,62.966,0.000,0.000,0,2,1.1923,65,130,65,66,71
12,post_landing,102,1717.0,60,207.163,498.718,-0.00004,0.00000,0.00004,0.000000,0.349025,0,1,3.71800,2601.283,4.837,6.000,48.100,53.141,59.805,62.966,0.000,0.000,0,2,1.1923,65,130,65,66,71
12,post_landing,103,1733.0,60,207.163,498.722,0.00002,0.00000,0.00002,0.000000,0.349025,0,1,3.71800,2601.283,4.837,6.000,48.100,53.141,59.805,62.966,0.000,0.000,0,2,1.1923,65,130,65,66,71
12,post_landing,104,1750.0,60,207.163,498.722,0.00000,0.00000,0.00000,0.000000,0.349025,0,1,3.71800,2601.283,4.837,6.000,48.100,53.141,59.805,62.966,0.000,0.000,0,2,1.1923,65,130,65,66,71
12,post_landing,105,1767.0,60,207.163,498.718,-0.00004,0.00000,0.00004,0.000000,0.349025,0,1,3.71800,2601.283,4.837,6.000,48.100,53.141,59.805,62.966,0.000,0.000,0,2,1.1923,65,130,65,66,71
12,post_landing,106,1783.0,60,207.163,498.722,0.00002,0.00000,0.00002,0.000000,0.349025,0,1,3.71800,2601.283,4.837,6.000,48.100,53.141,59.805,62.966,0.000,0.000,0,2,1.1923,65,130,65,66,71
12,post_landing,107,1800.0,60,207.163,498.722,0.00000,0.00000,0.00000,0.000000,0.349025,0,1,3.71800,2601.283,4.837,6.000,48.100,53.141,59.805,62.966,0.000,0.000,0,2,1.1923,65,130,65,66,71
12,post_landing,108,1817.0,60,207.163,498.718,-0.00004,0.00000,0.00004,0.000000,0.349025,0,1,3.71800,2601.283,4.837,6.000,48.100,53.141,59.805,62.966,0.000,0.000,0,2,1.1923,65,130,65,66,71
12,post_landing,109,1833.0,60,207.163,498.722,0.00002,0.00000,0.00002,0.000000,0.349025,0,1,3.71800,2601.283,4.837,6.000,48.100,53.141,59.805,62.966,0.000,0.000,0,2,1.1923,65,130,65,66,71
12,post_landing,110,1850.0,60,207.163,498.722,0.00000,0.00000,0.00000,0.000000,0.349025,0,1,3.71800,2601.283,4.837,6.000,48.100,53.141,59.805,62.966,0.000,0.000,0,2,1.1923,65,130,65,66,71
12,post_landing,111,1867.0,60,207.163,498.718,-0.00004,0.00000,0.00004,0.000000,0.349025,0,1,3.71800,2601.283,4.837,6.000,48.100,53.141,59.805,62.966,0.000,0.000,0,2,1.1923,65,130,65,66,71
12,post_landing,112,1883.0,60,207.163,498.722,0.00002,0.00000,0.00002,0.000000,0.349025,0,1,3.71800,2601.283,4.837,6.000,48.100,53.141,59.805,62.966,0.000,0.000,0,2,1.1923,65,130,65,66,71
12,post_landing,113,1900.0,60,207.163,498.722,0.00000,0.00000,0.00000,0.000000,0.349025,0,1,3.71800,2601.283,4.837,6.000,48.100,53.141,59.805,62.966,0.000,0.000,0,2,1.1923,65,130,65,66,71
12,post_landing,114,1917.0,60,207.163,498.718,-0.00004,0.00000,0.00004,0.000000,0.349025,0,1,3.71800,2601.283,4.837,6.000,48.100,53.141,59.805,62.966,0.000,0.000,0,2,1.1923,65,130,65,66,71
12,post_landing,115,1933.0,60,207.163,498.722,0.00002,0.00000,0.00002,0.000000,0.349025,0,1,3.71800,2601.283,4.837,6.000,48.100,53.141,59.805,62.966,0.000,0.000,0,2,1.1923,65,130,65,66,71
12,post_landing,116,1950.0,60,207.163,498.722,0.00000,0.00000,0.00000,0.000000,0.349025,0,1,3.71800,2601.283,4.837,6.000,48.100,53.141,59.805,62.966,0.000,0.000,0,2,1.1923,65,130,65,66,71
12,post_landing,117,1967.0,60,207.163,498.718,-0.00004,0.00000,0.00004,0.000000,0.349025,0,1,3.71800,2601.283,4.837,6.000,48.100,53.141,59.805,62.966,0.000,0.000,0,2,1.1923,65,130,65,66,71
12,post_landing,118,1983.0,60,207.163,498.722,0.00002,0.00000,0.00002,0.000000,0.349025,0,1,3.71800,2601.283,4.837,6.000,48.100,53.141,59.805,62.966,0.000,0.000,0,2,1.1923,65,130,65,66,71
12,post_landing,119,2000.0,60,207.163,498.722,0.00000,0.00000,0.00000,0.000000,0.349025,0,1,3.71800,2601.283,4.837,6.000,48.100,53.141,59.805,62.966,0.000,0.000,0,2,1.1923,65,130,65,66,71
13,falling,0,17.0,,195.000,96.781,0.00000,0.48333,0.48333,0.000000,0.000000,0,0,4.53600,3981.248,4.575,14.000,14.000,25.000,41.000,75.000,0.000,0.000,0,0,1.6000,57,114,57,60,65
13,falling,1,21.0,,195.000,96.913,0.00000,0.54826,0.54826,0.000000,0.000000,0,0,4.53600,3981.248,4.575,14.000,14.000,25.000,41.000,75.000,0.000,0.000,0,0,1.6000,57,114,57,60,65
13,falling,2,38.0,,195.000,97.752,0.00000,0.82320,0.82320,0.000000,0.000000,0,0,4.53600,3981.248,4.575,14.000,14.000,25.000,41.000,75.000,0.000,0.000,0,0,1.6000,57,114,57,60,65
13,falling,3,54.0,,195.000,98.787,0.00000,1.07802,1.07802,0.000000,0.000000,0,0,4.53600,3981.248,4.575,14.000,14.000,25.000,41.000,75.000,0.000,0.000,0,0,1.6000,57,114,57,60,65
13,falling,4,71.0,,195.000,100.159,0.00000,1.34486,1.34486,0.000000,0.000000,0,0,4.53600,3981.248,4.575,14.000,14.000,25.000,41.000,75.000,0.000,0.000,0,0,1.6000,57,114,57,60,65
13,falling,5,88.0,,195.000,101.799,0.00000,1.60761,1.60761,0.000000,0.000000,0,0,4.53600,3981.248,4.575,14.000,14.000,25.000,41.000,75.000,0.000,0.000,0,0,1.6000,57,114,57,60,65
13,falling,6,105.0,,195.000,103.576,0.00000,1.85113,1.85113,0.000000,0.000000,0,0,4.53600,3981.248,4.575,14.000,14.000,25.000,41.000,75.000,0.000,0.000,0,0,1.6000,57,114,57,60,65
13,falling,7,121.0,,195.000,105.724,0.00000,2.10614,2.10614,0.000000,0.000000,0,0,4.53600,3981.248,4.575,14.000,14.000,25.000,41.000,75.000,0.000,0.000,0,0,1.6000,57,114,57,60,65
13,falling,8,138.0,,195.000,108.128,0.00000,2.35725,2.35725,0.000000,0.000000,0,0,4.53600,3981.248,4.575,14.000,14.000,25.000,41.000,75.000,0.000,0.000,0,0,1.6000,57,114,57,60,65
13,falling,9,155.0,,195.000,110.615,0.00000,2.58997,2.58997,0.000000,0.000000,0,0,4.53600,3981.248,4.575,14.000,14.000,25.000,41.000,75.000,0.000,0.000,0,0,1.6000,57,114,57,60,65
13,falling,10,171.0,,195.000,113.505,0.00000,2.83368,2.83368,0.000000,0.000000,0,0,4.53600,3981.248,4.575,14.000,14.000,25.000,41.000,75.000,0.000,0.000,0,0,1.6000,57,114,57,60,65
13,falling,11,188.0,,195.000,116.640,0.00000,3.07366,3.07366,0.000000,0.000000,0,0,4.53600,3981.248,4.575,14.000,14.000,25.000,41.000,75.000,0.000,0.000,0,0,1.6000,57,114,57,60,65
13,falling,12,205.0,,195.000,119.804,0.00000,3.29606,3.29606,0.000000,0.000000,0,0,4.53600,3981.248,4.575,14.000,14.000,25.000,41.000,75.000,0.000,0.000,0,0,1.6000,57,114,57,60,65
13,falling,13,221.0,,195.000,123.404,0.00000,3.52897,3.52897,0.000000,0.000000,0,0,4.53600,3981.248,4.575,14.000,14.000,25.000,41.000,75.000,0.000,0.000,0,0,1.6000,57,114,57,60,65
13,falling,14,238.0,,195.000,127.238,0.00000,3.75831,3.75831,0.000000,0.000000,0,0,4.53600,3981.248,4.575,14.000,14.000,25.000,41.000,75.000,0.000,0.000,0,0,1.6000,57,114,57,60,65
13,falling,15,255.0,,195.000,131.050,0.00000,3.97086,3.97086,0.000000,0.000000,0,0,4.53600,3981.248,4.575,14.000,14.000,25.000,41.000,75.000,0.000,0.000,0,0,1.6000,57,114,57,60,65
13,falling,16,271.0,,195.000,135.327,0.00000,4.19343,4.19343,0.000000,0.000000,0,0,4.53600,3981.248,4.575,14.000,14.000,25.000,41.000,75.000,0.000,0.000,0,0,1.6000,57,114,57,60,65
13,falling,17,288.0,,195.000,139.828,0.00000,4.41261,4.41261,0.000000,0.000000,0,0,4.53600,3981.248,4.575,14.000,14.000,25.000,41.000,75.000,0.000,0.000,0,0,1.6000,57,114,57,60,65
13,falling,18,305.0,,195.000,144.259,0.00000,4.61573,4.61573,0.000000,0.000000,0,0,4.53600,3981.248,4.575,14.000,14.000,25.000,41.000,75.000,0.000,0.000,0,0,1.6000,57,114,57,60,65
13,falling,19,321.0,,195.000,149.184,0.00000,4.82845,4.82845,0.000000,0.000000,0,0,4.53600,3981.248,4.575,14.000,14.000,25.000,41.000,75.000,0.000,0.000,0,0,1.6000,57,114,57,60,65
13,falling,20,338.0,,195.000,154.322,0.00000,5.03790,5.03790,0.000000,0.000000,0,0,4.53600,3981.248,4.575,14.000,14.000,25.000,41.000,75.000,0.000,0.000,0,0,1.6000,57,114,57,60,65
13,falling,21,355.0,,195.000,159.345,0.00000,5.23202,5.23202,0.000000,0.000000,0,0,4.53600,3981.248,4.575,14.000,14.000,25.000,41.000,75.000,0.000,0.000,0,0,1.6000,57,114,57,60,65
13,falling,22,372.0,,195.000,164.889,0.00000,5.43531,5.43531,0.000000,0.000000,0,0,4.53600,3981.248,4.575,14.000,14.000,25.000,41.000,75.000,0.000,0.000,0,0,1.6000,57,114,57,60,65
13,falling,23,388.0,,195.000,170.637,0.00000,5.63548,5.63548,0.000000,0.000000,0,0,4.53600,3981.248,4.575,14.000,14.000,25.000,41.000,75.000,0.000,0.000,0,0,1.6000,57,114,57,60,65
13,falling,24,404.0,,195.000,176.226,0.00000,5.82100,5.82100,0.000000,0.000000,0,0,4.53600,3981.248,4.575,14.000,14.000,25.000,41.000,75.000,0.000,0.000,0,0,1.6000,57,114,57,60,65
13,falling,25,421.0,,195.000,182.361,0.00000,6.01527,6.01527,0.000000,0.000000,0,0,4.53600,3981.248,4.575,14.000,14.000,25.000,41.000,75.000,0.000,0.000,0,0,1.6000,57,114,57,60,65
13,falling,26,438.0,,195.000,188.692,0.00000,6.20657,6.20657,0.000000,0.000000,0,0,4.53600,3981.248,4.575,14.000,14.000,25.000,41.000,75.000,0.000,0.000,0,0,1.6000,57,114,57,60,65
13,falling,27,455.0,,195.000,194.820,0.00000,6.38386,6.38386,0.000000,0.000000,0,0,4.53600,3981.248,4.575,14.000,14.000,25.000,41.000,75.000,0.000,0.000,0,0,1.6000,57,114,57,60,65
13,falling,28,471.0,,195.000,201.521,0.00000,6.56952,6.56952,0.000000,0.000000,0,0,4.53600,3981.248,4.575,14.000,14.000,25.000,41.000,75.000,0.000,0.000,0,0,1.6000,57,114,57,60,65
13,falling,29,488.0,,195.000,208.409,0.00000,6.75234,6.75234,0.000000,0.000000,0,0,4.53600,3981.248,4.575,14.000,14.000,25.000,41.000,75.000,0.000,0.000,0,0,1.6000,57,114,57,60,65
13,falling,30,504.0,,195.000,215.054,0.00000,6.92177,6.92177,0.000000,0.000000,0,0,4.53600,3981.248,4.575,14.000,14.000,25.000,41.000,75.000,0.000,0.000,0,0,1.6000,57,114,57,60,65
13,falling,31,521.0,,195.000,222.295,0.00000,7.09920,7.09920,0.000000,0.000000,0,0,4.53600,3981.248,4.575,14.000,14.000,25.000,41.000,75.000,0.000,0.000,0,0,1.6000,57,114,57,60,65
13,falling,32,538.0,,195.000,229.714,0.00000,7.27392,7.27392,0.000000,0.000000,0,0,4.53600,3981.248,4.575,14.000,14.000,25.000,41.000,75.000,0.000,0.000,0,0,1.6000,57,114,57,60,65
13,falling,33,554.0,,195.000,236.853,0.00000,7.43584,7.43584,0.000000,0.000000,0,0,4.53600,3981.248,4.575,14.000,14.000,25.000,41.000,75.000,0.000,0.000,0,0,1.6000,57,114,57,60,65
13,falling,34,571.0,,195.000,244.610,0.00000,7.60541,7.60541,0.000000,0.000000,0,0,4.53600,3981.248,4.575,14.000,14.000,25.000,41.000,75.000,0.000,0.000,0,0,1.6000,57,114,57,60,65
13,falling,35,588.0,,195.000,252.538,0.00000,7.77238,7.77238,0.000000,0.000000,0,0,4.53600,3981.248,4.575,14.000,14.000,25.000,41.000,75.000,0.000,0.000,0,0,1.6000,57,114,57,60,65
13,falling,36,604.0,,195.000,260.148,0.00000,7.92712,7.92712,0.000000,0.000000,0,0,4.53600,3981.248,4.575,14.000,14.000,25.000,41.000,75.000,0.000,0.000,0,0,1.6000,57,114,57,60,65
13,falling,37,621.0,,195.000,268.399,0.00000,8.08917,8.08917,0.000000,0.000000,0,0,4.53600,3981.248,4.575,14.000,14.000,25.000,41.000,75.000,0.000,0.000,0,0,1.6000,57,114,57,60,65
13,falling,38,638.0,,195.000,276.813,0.00000,8.24874,8.24874,0.000000,0.000000,0,0,4.53600,3981.248,4.575,14.000,14.000,25.000,41.000,75.000,0.000,0.000,0,0,1.6000,57,114,57,60,65
13,falling,39,654.0,,195.000,284.873,0.00000,8.39662,8.39662,0.000000,0.000000,0,0,4.53600,3981.248,4.575,14.000,14.000,25.000,41.000,75.000,0.000,0.000,0,0,1.6000,57,114,57,60,65
13,falling,40,671.0,,195.000,293.596,0.00000,8.55149,8.55149,0.000000,0.000000,0,0,4.53600,3981.248,4.575,14.000,14.000,25.000,41.000,75.000,0.000,0.000,0,0,1.6000,57,114,57,60,65
13,falling,41,688.0,,195.000,302.474,0.00000,8.70398,8.70398,0.000000,0.000000,0,0,4.53600,3981.248,4.575,14.000,14.000,25.000,41.000,75.000,0.000,0.000,0,0,1.6000,57,114,57,60,65
13,falling,42,704.0,,195.000,310.965,0.00000,8.84531,8.84531,0.000000,0.000000,0,0,4.53600,3981.248,4.575,14.000,14.000,25.000,41.000,75.000,0.000,0.000,0,0,1.6000,57,114,57,60,65
13,falling,43,721.0,,195.000,320.139,0.00000,8.99331,8.99331,0.000000,0.000000,0,0,4.53600,3981.248,4.575,14.000,14.000,25.000,41.000,75.000,0.000,0.000,0,0,1.6000,57,114,57,60,65
13,falling,44,738.0,,195.000,328.904,0.00000,9.13048,9.13048,0.000000,0.000000,0,0,4.53600,3981.248,4.575,14.000,14.000,25.000,41.000,75.000,0.000,0.000,0,0,1.6000,57,114,57,60,65
13,falling,45,754.0,,195.000,338.363,0.00000,9.27411,9.27411,0.000000,0.000000,0,0,4.53600,3981.248,4.575,14.000,14.000,25.000,41.000,75.000,0.000,0.000,0,0,1.6000,57,114,57,60,65
13,falling,46,771.0,,195.000,347.967,0.00000,9.41555,9.41555,0.000000,0.000000,0,0,4.53600,3981.248,4.575,14.000,14.000,25.000,41.000,75.000,0.000,0.000,0,0,1.6000,57,114,57,60,65
13,falling,47,788.0,,195.000,357.713,0.00000,9.55483,9.55483,0.000000,0.000000,0,0,4.53600,3981.248,4.575,14.000,14.000,25.000,41.000,75.000,0.000,0.000,0,0,1.6000,57,114,57,60,65
13,falling,48,804.0,,195.000,367.010,0.00000,9.68391,9.68391,0.000000,0.000000,0,0,4.53600,3981.248,4.575,14.000,14.000,25.000,41.000,75.000,0.000,0.000,0,0,1.6000,57,114,57,60,65
13,falling,49,821.0,,195.000,377.025,0.00000,9.81908,9.81908,0.000000,0.000000,0,0,4.53600,3981.248,4.575,14.000,14.000,25.000,41.000,75.000,0.000,0.000,0,0,1.6000,57,114,57,60,65
13,falling,50,838.0,,195.000,386.572,0.00000,9.94435,9.94435,0.000000,0.000000,0,0,4.53600,3981.248,4.575,14.000,14.000,25.000,41.000,75.000,0.000,0.000,0,0,1.6000,57,114,57,60,65
13,falling,51,854.0,,195.000,396.849,0.00000,10.07553,10.07553,0.000000,0.000000,0,0,4.53600,3981.248,4.575,14.000,14.000,25.000,41.000,75.000,0.000,0.000,0,0,1.6000,57,114,57,60,65
13,falling,52,871.0,,195.000,407.258,0.00000,10.20471,10.20471,0.000000,0.000000,0,0,4.53600,3981.248,4.575,14.000,14.000,25.000,41.000,75.000,0.000,0.000,0,0,1.6000,57,114,57,60,65
13,falling,53,888.0,,195.000,417.169,0.00000,10.32443,10.32443,0.000000,0.000000,0,0,4.53600,3981.248,4.575,14.000,14.000,25.000,41.000,75.000,0.000,0.000,0,0,1.6000,57,114,57,60,65
13,falling,54,904.0,,195.000,427.828,0.00000,10.44980,10.44980,0.000000,0.000000,0,0,4.53600,3981.248,4.575,14.000,14.000,25.000,41.000,75.000,0.000,0.000,0,0,1.6000,57,114,57,60,65
13,falling,55,921.0,,195.000,438.613,0.00000,10.57325,10.57325,0.000000,0.000000,0,0,4.53600,3981.248,4.575,14.000,14.000,25.000,41.000,75.000,0.000,0.000,0,0,1.6000,57,114,57,60,65
13,falling,56,938.0,,195.000,448.873,0.00000,10.68766,10.68766,0.000000,0.000000,0,0,4.53600,3981.248,4.575,14.000,14.000,25.000,41.000,75.000,0.000,0.000,0,0,1.6000,57,114,57,60,65
13,falling,57,955.0,,195.000,459.896,0.00000,10.80747,10.80747,0.000000,0.000000,0,0,4.53600,3981.248,4.575,14.000,14.000,25.000,41.000,75.000,0.000,0.000,0,0,1.6000,57,114,57,60,65
13,falling,58,971.0,,195.000,471.040,0.00000,10.92545,10.92545,0.000000,0.000000,0,0,4.53600,3981.248,4.575,14.000,14.000,25.000,41.000,75.000,0.000,0.000,0,0,1.6000,57,114,57,60,65
13,falling,59,988.0,,195.000,481.634,0.00000,11.03479,11.03479,0.000000,0.000000,0,0,4.53600,3981.248,4.575,14.000,14.000,25.000,41.000,75.000,0.000,0.000,0,0,1.6000,57,114,57,60,65
13,falling,60,1004.0,,195.000,493.006,0.00000,11.14929,11.14929,0.000000,0.000000,0,0,4.53600,3981.248,4.575,14.000,14.000,25.000,41.000,72.000,0.000,0.000,0,0,1.6000,57,114,57,60,65
13,post_landing,61,1021.0,61,195.000,500.834,-1.52060,-0.35117,1.56063,-0.029200,0.000000,0,1,4.53600,3981.248,4.575,14.000,14.000,25.000,41.000,75.000,0.000,0.000,0,11,1.6000,57,114,57,60,65
13,post_landing,62,1038.0,61,193.561,498.704,-0.88443,-0.14757,0.89666,-0.017213,-0.027628,0,1,4.53600,3981.248,4.575,14.000,10.024,17.021,28.017,76.054,0.000,0.000,0,5,1.6000,57,114,57,60,65
13,post_landing,63,1055.0,61,192.673,497.943,-0.53217,-0.02845,0.53293,-0.010367,-0.044916,0,1,4.53600,3981.248,4.575,14.000,10.035,17.028,28.017,76.058,0.000,0.000,0,3,1.6000,57,114,57,60,65
13,post_landing,64,1071.0,61,192.138,497.730,-0.33121,0.01253,0.33145,-0.006383,-0.055329,0,1,4.53600,3981.248,4.575,14.000,10.040,17.029,27.069,75.162,0.000,0.000,0,2,1.6000,57,114,57,60,65
13,post_landing,65,1088.0,61,191.825,497.750,-0.20814,0.00000,0.20814,-0.004004,-0.061369,0,1,4.53600,3981.248,4.575,14.000,10.043,17.029,27.072,75.165,0.000,0.000,0,2,1.6000,57,114,57,60,65
13,post_landing,66,1105.0,61,191.616,497.768,-0.13314,0.00000,0.13314,-0.002559,-0.065391,0,1,4.53600,3981.248,4.575,14.000,10.044,17.029,27.073,75.166,0.000,0.000,0,2,1.6000,57,114,57,60,65
13,post_landing,67,1121.0,61,191.482,497.778,-0.08731,0.00000,0.08731,-0.003121,-0.067961,0,1,4.53600,3981.248,4.575,14.000,10.045,17.029,27.073,75.166,0.000,0.000,0,2,1.6000,57,114,57,60,65
13,post_landing,68,1138.0,61,191.400,497.788,-0.07898,0.00000,0.07898,-0.002801,-0.070914,0,1,4.53600,3981.248,4.575,14.000,10.046,17.028,27.074,75.166,0.000,0.000,0,2,1.6000,57,114,57,60,65
13,post_landing,69,1155.0,61,191.320,497.801,-0.07230,0.00000,0.07230,-0.002566,-0.073728,0,1,4.53600,3981.248,4.575,14.000,10.046,17.027,27.074,76.235,0.000,0.000,0,2,1.6000,57,114,57,60,65
13,post_landing,70,1171.0,61,191.248,497.812,-0.06705,0.00000,0.06705,-0.002382,-0.076306,0,1,4.53600,3981.248,4.575,14.000,10.047,17.027,27.074,76.236,0.000,0.000,0,2,1.6000,57,114,57,60,65
13,post_landing,71,1188.0,61,191.184,497.820,-0.06257,0.00000,0.06257,-0.002224,-0.078560,0,1,4.53600,3981.248,4.575,14.000,10.048,17.026,27.074,76.236,0.000,0.000,0,2,1.6000,57,114,57,60,65
13,post_landing,72,1204.0,61,191.121,497.831,-0.05953,0.00000,0.05953,-0.002115,-0.080793,0,1,4.53600,3981.248,4.575,14.000,10.048,17.025,27.073,76.236,0.000,0.000,0,2,1.6000,57,114,57,60,65
13,post_landing,73,1221.0,61,191.062,497.840,-0.05714,0.00000,0.05714,-0.002032,-0.082918,0,1,4.53600,3981.248,4.575,14.000,10.048,17.024,27.073,76.236,0.000,0.000,0,2,1.6000,57,114,57,60,65
13,post_landing,74,1238.0,61,191.008,497.847,-0.05494,0.00000,0.05494,-0.001954,-0.084840,0,1,4.53600,3981.248,4.575,14.000,10.049,17.024,27.072,76.235,0.000,0.000,0,2,1.6000,57,114,57,60,65
13,post_landing,75,1255.0,61,190.952,497.857,-0.05384,0.00000,0.05384,-0.001914,-0.086803,0,1,4.53600,3981.248,4.575,14.000,10.049,17.023,54.230,74.328,0.000,0.000,0,2,1.6000,57,114,57,60,65
13,post_landing,76,1271.0,61,190.898,497.866,-0.05300,0.00000,0.05300,-0.001886,-0.088725,0,1,4.53600,3981.248,4.575,14.000,10.049,17.022,54.231,78.402,0.000,0.000,0,2,1.6000,57,114,57,60,65
13,post_landing,77,1288.0,61,190.848,497.872,-0.05203,0.00000,0.05203,-0.001852,-0.090510,0,1,4.53600,3981.248,4.575,14.000,10.049,17.021,54.231,78.404,0.000,0.000,0,2,1.6000,57,114,57,60,65
13,post_landing,78,1304.0,61,190.796,497.882,-0.05197,0.00000,0.05197,-0.001849,-0.092370,0,1,4.53600,3981.248,4.575,14.000,10.050,13.129,54.231,78.405,0.000,0.000,0,2,1.6000,57,114,57,60,65
13,post_landing,79,1321.0,61,190.744,497.891,-0.05198,0.00000,0.05198,-0.001851,-0.094227,0,1,4.53600,3981.248,4.575,14.000,10.050,13.131,54.231,78.407,0.000,0.000,0,2,1.6000,57,114,57,60,65
13,post_landing,80,1338.0,61,190.695,497.897,-0.05168,0.00000,0.05168,-0.001840,-0.095979,0,1,4.53600,3981.248,4.575,14.000,10.050,13.132,54.231,78.408,0.000,0.000,0,2,1.6000,57,114,57,60,65
13,post_landing,81,1354.0,61,190.643,497.907,-0.05220,0.00000,0.05220,-0.001859,-0.097827,0,1,4.53600,3981.248,4.575,14.000,10.050,13.133,54.230,78.408,0.000,0.000,0,2,1.6000,57,114,57,60,65
13,post_landing,82,1371.0,61,190.590,497.916,-0.05269,0.00000,0.05269,-0.001878,-0.099694,0,1,4.53600,3981.248,4.575,14.000,10.050,13.135,54.230,78.409,0.000,0.000,0,2,1.6000,57,114,57,60,65
13,post_landing,83,1388.0,61,190.540,497.922,-0.05275,0.00000,0.05275,-0.001880,-0.101471,0,1,4.53600,3981.248,4.575,14.000,10.050,13.136,54.229,78.409,0.000,0.000,0,2,1.6000,57,114,57,60,65
13,post_landing,84,1404.0,61,190.487,497.933,-0.05359,0.00000,0.05359,-0.001910,-0.103359,0,1,4.53600,3981.248,4.575,14.000,10.050,13.137,54.228,78.409,0.000,0.000,0,2,1.6000,57,114,57,60,65
13,post_landing,85,1421.0,61,190.434,497.943,-0.05436,0.00000,0.05436,-0.001939,-0.105277,0,1,4.53600,3981.248,4.575,14.000,10.050,13.138,57.315,78.409,0.000,0.000,0,2,1.6000,57,114,57,60,65
13,post_landing,86,1438.0,61,190.382,497.950,-0.05463,0.00000,0.05463,-0.001949,-0.107112,0,1,4.53600,3981.248,4.575,14.000,10.050,13.139,49.468,78.408,0.000,0.000,0,2,1.6000,57,114,57,60,65
13,post_landing,87,1454.0,61,190.327,497.961,-0.05566,0.00000,0.05566,-0.001985,-0.109069,0,1,4.53600,3981.248,4.575,14.000,10.049,13.140,49.471,78.407,0.000,0.000,0,2,1.6000,57,114,57,60,65
13,post_landing,88,1471.0,61,190.271,497.971,-0.05661,0.00000,0.05661,-0.002021,-0.111063,0,1,4.53600,3981.248,4.575,14.000,10.049,13.142,49.474,78.406,0.000,0.000,0,2,1.6000,57,114,57,60,65
13,post_landing,89,1488.0,61,190.218,497.979,-0.05699,0.00000,0.05699,-0.002035,-0.112975,0,1,4.53600,3981.248,4.575,14.000,10.049,13.143,49.477,78.405,0.000,0.000,0,2,1.6000,57,114,57,60,65
13,post_landing,90,1504.0,61,190.161,497.991,-0.05813,0.00000,0.05813,-0.002075,-0.115018,0,1,4.53600,3981.248,4.575,14.000,10.049,13.144,49.480,78.403,0.000,0.000,0,2,1.6000,57,114,57,60,65
13,post_landing,91,1521.0,61,190.102,498.002,-0.05920,0.00000,0.05920,-0.002115,-0.117103,0,1,4.53600,3981.248,4.575,14.000,10.048,13.145,49.482,78.400,0.000,0.000,0,2,1.6000,57,114,57,60,65
13,post_landing,92,1538.0,61,190.046,497.713,-0.05965,0.00000,0.05965,-0.002132,-0.119104,0,1,4.53600,3981.248,4.575,14.000,10.048,13.146,49.485,78.398,0.000,0.000,0,1,1.6000,57,114,57,60,65
13,post_landing,93,1554.0,61,189.986,497.721,-0.06093,0.00000,0.06093,-0.002174,-0.121246,0,1,4.53600,3981.248,4.575,14.000,10.048,13.146,49.487,78.395,0.000,0.000,0,1,1.6000,57,114,57,60,65
13,post_landing,94,1571.0,61,189.925,497.727,-0.06205,0.00000,0.06205,-0.002219,-0.123429,0,1,4.53600,3981.248,4.575,14.000,10.047,13.147,49.489,74.422,0.000,0.000,0,1,1.6000,57,114,57,60,65
13,post_landing,95,1588.0,61,189.866,497.731,-0.06253,0.00000,0.06253,-0.002238,-0.125529,0,1,4.53600,3981.248,4.575,14.000,10.047,13.148,49.491,74.419,0.000,0.000,0,1,1.6000,57,114,57,60,65
13,post_landing,96,1604.0,61,189.803,497.739,-0.06387,0.00000,0.06387,-0.002281,-0.127777,0,1,4.53600,3981.248,4.575,14.000,10.046,13.149,50.612,74.416,0.000,0.000,0,1,1.6000,57,114,57,60,65
13,post_landing,97,1621.0,61,189.739,497.746,-0.06507,0.00000,0.06507,-0.002330,-0.130068,0,1,4.53600,3981.248,4.575,14.000,10.045,13.150,50.615,74.413,0.000,0.000,0,1,1.6000,57,114,57,60,65
13,post_landing,98,1638.0,61,189.678,497.750,-0.06558,0.00000,0.06558,-0.002350,-0.132273,0,1,4.53600,3981.248,4.575,14.000,10.045,13.150,50.618,74.672,0.000,0.000,0,1,1.6000,57,114,57,60,65
13,post_landing,99,1654.0,61,189.612,497.759,-0.06695,0.00000,0.06695,-0.002395,-0.134633,0,1,4.53600,3981.248,4.575,14.000,10.044,13.151,50.621,74.673,0.000,0.000,0,1,1.6000,57,114,57,60,65
13,post_landing,100,1671.0,61,189.545,497.767,-0.06822,0.00000,0.06822,-0.002446,-0.137038,0,1,4.53600,3981.248,4.575,14.000,10.043,13.151,50.624,74.672,0.000,0.000,0,1,1.6000,57,114,57,60,65
13,post_landing,101,1688.0,61,189.480,497.772,-0.06876,0.00000,0.06876,-0.002467,-0.139352,0,1,4.53600,3981.248,4.575,14.000,10.042,14.281,50.627,74.672,0.000,0.000,0,1,1.6000,57,114,57,60,65
13,post_landing,102,1704.0,61,189.411,497.782,-0.07017,0.00000,0.07017,-0.002513,-0.141829,0,1,4.53600,3981.248,4.575,14.000,10.041,42.568,50.629,66.751,0.000,0.000,0,1,1.6000,57,114,57,60,65
13,post_landing,103,1721.0,61,189.341,497.790,-0.07150,0.00000,0.07150,-0.002566,-0.144353,0,1,4.53600,3981.248,4.575,14.000,8.061,42.570,50.631,66.752,0.000,0.000,0,1,1.6000,57,114,57,60,65
13,post_landing,104,1738.0,61,189.273,497.796,-0.07205,0.00000,0.07205,-0.002588,-0.146781,0,1,4.53600,3981.248,4.575,14.000,8.060,42.572,50.632,66.753,0.000,0.000,0,1,1.6000,57,114,57,60,65
13,post_landing,105,1754.0,61,189.201,497.807,-0.07348,0.00000,0.07348,-0.002635,-0.149381,0,1,4.53600,3981.248,4.575,14.000,8.060,42.574,51.771,66.753,0.000,0.000,0,1,1.6000,57,114,57,60,65
13,post_landing,106,1771.0,61,189.127,497.816,-0.07488,0.00000,0.07488,-0.002692,-0.152028,0,1,4.53600,3981.248,4.575,14.000,8.059,42.576,51.775,66.753,0.000,0.000,0,1,1.6000,57,114,57,60,65
13,post_landing,107,1788.0,61,189.056,497.840,-0.07687,0.00000,0.07687,-0.002698,-0.154575,0,1,4.53600,3981.248,4.575,14.000,8.059,42.577,51.778,66.753,0.000,0.000,0,1,1.6000,57,114,57,60,65
13,post_landing,108,1804.0,61,188.979,497.834,-0.07735,0.01217,0.07830,-0.002781,-0.157284,0,1,4.53600,3981.248,4.575,14.000,8.058,45.698,51.780,66.752,0.000,0.000,0,1,1.6000,57,114,57,60,65
13,post_landing,109,1821.0,61,188.901,497.844,-0.07961,0.00000,0.07961,-0.002867,-0.160078,0,1,4.53600,3981.248,4.575,14.000,8.057,45.700,51.783,66.750,0.000,0.000,0,1,1.6000,57,114,57,60,65
13,post_landing,110,1838.0,61,188.826,497.869,-0.08081,0.00000,0.08081,-0.002881,-0.162790,0,1,4.53600,3981.248,4.575,14.000,8.056,45.702,51.784,66.748,0.000,0.000,0,1,1.6000,57,114,57,60,65
13,post_landing,111,1854.0,61,188.744,497.865,-0.08160,0.01310,0.08264,-0.002953,-0.165684,0,1,4.53600,3981.248,4.575,14.000,11.179,45.703,51.786,66.745,0.000,0.000,0,1,1.6000,57,114,57,60,65
13,post_landing,112,1871.0,61,188.663,497.876,-0.08412,0.00000,0.08412,-0.003034,-0.168649,0,1,4.53600,3981.248,4.575,14.000,11.180,45.704,52.941,66.742,0.000,0.000,0,1,1.6000,57,114,57,60,65
13,post_landing,113,1888.0,61,188.583,497.902,-0.08518,0.00000,0.08518,-0.003046,-0.171520,0,1,4.53600,3981.248,4.575,14.000,40.608,45.705,52.944,66.738,0.000,0.000,0,1,1.6000,57,114,57,60,65
13,post_landing,114,1904.0,61,188.497,497.920,-0.08698,0.01238,0.08785,-0.003105,-0.174579,0,1,4.53600,3981.248,4.575,14.000,40.608,45.706,52.947,66.734,0.000,0.000,0,1,1.6000,57,114,57,60,65
13,post_landing,115,1921.0,61,188.410,497.912,-0.08861,0.01301,0.08956,-0.003207,-0.177698,0,1,4.53600,3981.248,4.575,14.000,40.607,46.867,57.063,66.728,0.000,0.000,0,1,1.6000,57,114,57,60,65
13,post_landing,116,1938.0,61,188.326,497.940,-0.09045,0.01335,0.09143,-0.003242,-0.180733,0,1,4.53600,3981.248,4.575,14.000,40.607,46.869,57.065,66.723,0.000,0.000,0,1,1.6000,57,114,57,60,65
13,post_landing,117,1954.0,61,188.235,497.959,-0.09298,0.01399,0.09403,-0.003325,-0.183990,0,1,4.53600,3981.248,4.575,14.000,43.738,46.870,57.067,66.716,0.000,0.000,0,1,1.6000,57,114,57,60,65
13,post_landing,118,1971.0,61,188.142,498.141,-0.00148,0.00000,0.00148,0.000000,-0.187330,0,1,4.53600,3981.248,4.575,14.000,43.738,46.871,57.069,66.708,0.000,0.000,0,2,1.6000,57,114,57,60,65
13,post_landing,119,1988.0,61,188.141,498.211,0.00089,0.00000,0.00089,0.000000,-0.187330,0,1,4.53600,3981.248,4.575,14.000,43.738,46.871,57.069,66.708,0.000,0.000,0,3,1.6000,57,114,57,60,65
13,post_landing,120,2004.0,61,188.141,498.213,-0.00001,0.00000,0.00001,0.000000,-0.187330,0,1,4.53600,3981.248,4.575,14.000,43.738,46.871,57.069,66.708,0.000,0.000,0,3,1.6000,57,114,57,60,65
14,falling,0,46.0,,195.000,97.029,0.00000,0.55000,0.55000,0.000000,0.000000,0,0,7.56600,7101.376,6.276,25.000,25.000,30.000,43.000,64.000,0.000,0.000,0,0,1.0779,71,142,71,80,78
14,falling,1,49.0,,195.000,97.137,0.00000,0.59851,0.59851,0.000000,0.000000,0,0,7.56600,7101.376,6.276,25.000,25.000,30.000,43.000,64.000,0.000,0.000,0,0,1.0779,71,142,71,80,78
14,falling,2,65.0,,195.000,97.959,0.00000,0.85656,0.85656,0.000000,0.000000,0,0,7.56600,7101.376,6.276,25.000,25.000,30.000,43.000,64.000,0.000,0.000,0,0,1.0779,71,142,71,80,78
14,falling,3,82.0,,195.000,99.108,0.00000,1.12679,1.12679,0.000000,0.000000,0,0,7.56600,7101.376,6.276,25.000,25.000,30.000,43.000,62.000,0.000,0.000,0,0,1.0779,71,142,71,80,78
14,falling,4,99.0,,195.000,100.529,0.00000,1.39288,1.39288,0.000000,0.000000,0,0,7.56600,7101.376,6.276,25.000,25.000,30.000,43.000,62.000,0.000,0.000,0,0,1.0779,71,142,71,80,78
14,falling,5,115.0,,195.000,102.103,0.00000,1.63949,1.63949,0.000000,0.000000,0,0,7.56600,7101.376,6.276,25.000,25.000,30.000,43.000,64.000,0.000,0.000,0,0,1.0779,71,142,71,80,78
14,falling,6,132.0,,195.000,104.039,0.00000,1.89774,1.89774,0.000000,0.000000,0,0,7.56600,7101.376,6.276,25.000,25.000,30.000,43.000,64.000,0.000,0.000,0,0,1.0779,71,142,71,80,78
14,falling,7,149.0,,195.000,106.234,0.00000,2.15204,2.15204,0.000000,0.000000,0,0,7.56600,7101.376,6.276,25.000,25.000,30.000,43.000,64.000,0.000,0.000,0,0,1.0779,71,142,71,80,78
14,falling,8,165.0,,195.000,108.526,0.00000,2.38772,2.38772,0.000000,0.000000,0,0,7.56600,7101.376,6.276,25.000,25.000,30.000,43.000,64.000,0.000,0.000,0,0,1.0779,71,142,71,80,78
14,falling,9,182.0,,195.000,111.213,0.00000,2.63452,2.63452,0.000000,0.000000,0,0,7.56600,7101.376,6.276,25.000,25.000,30.000,43.000,64.000,0.000,0.000,0,0,1.0779,71,142,71,80,78
14,falling,10,199.0,,195.000,114.148,0.00000,2.87754,2.87754,0.000000,0.000000,0,0,7.56600,7101.376,6.276,25.000,25.000,30.000,43.000,64.000,0.000,0.000,0,0,1.0779,71,142,71,80,78
14,falling,11,215.0,,195.000,117.127,0.00000,3.10277,3.10277,0.000000,0.000000,0,0,7.56600,7101.376,6.276,25.000,25.000,30.000,43.000,64.000,0.000,0.000,0,0,1.0779,71,142,71,80,78
14,falling,12,232.0,,195.000,120.532,0.00000,3.33864,3.33864,0.000000,0.000000,0,0,7.56600,7101.376,6.276,25.000,25.000,30.000,43.000,64.000,0.000,0.000,0,0,1.0779,71,142,71,80,78
14,falling,13,249.0,,195.000,124.175,0.00000,3.57089,3.57089,0.000000,0.000000,0,0,7.56600,7101.376,6.276,25.000,25.000,30.000,43.000,64.000,0.000,0.000,0,0,1.0779,71,142,71,80,78
14,falling,14,265.0,,195.000,127.809,0.00000,3.78613,3.78613,0.000000,0.000000,0,0,7.56600,7101.376,6.276,25.000,25.000,30.000,43.000,64.000,0.000,0.000,0,0,1.0779,71,142,71,80,78
14,falling,15,282.0,,195.000,131.901,0.00000,4.01154,4.01154,0.000000,0.000000,0,0,7.56600,7101.376,6.276,25.000,25.000,30.000,43.000,64.000,0.000,0.000,0,0,1.0779,71,142,71,80,78
14,falling,16,299.0,,195.000,136.219,0.00000,4.23350,4.23350,0.000000,0.000000,0,0,7.56600,7101.376,6.276,25.000,25.000,30.000,43.000,64.000,0.000,0.000,0,0,1.0779,71,142,71,80,78
14,falling,17,315.0,,195.000,140.481,0.00000,4.43920,4.43920,0.000000,0.000000,0,0,7.56600,7101.376,6.276,25.000,25.000,30.000,43.000,64.000,0.000,0.000,0,0,1.0779,71,142,71,80,78
14,falling,18,332.0,,195.000,145.229,0.00000,4.65461,4.65461,0.000000,0.000000,0,0,7.56600,7101.376,6.276,25.000,25.000,30.000,43.000,64.000,0.000,0.000,0,0,1.0779,71,142,71,80,78
14,falling,19,349.0,,195.000,150.193,0.00000,4.86673,4.86673,0.000000,0.000000,0,0,7.56600,7101.376,6.276,25.000,25.000,30.000,43.000,64.000,0.000,0.000,0,0,1.0779,71,142,71,80,78
14,falling,20,366.0,,195.000,155.053,0.00000,5.06332,5.06332,0.000000,0.000000,0,0,7.56600,7101.376,6.276,25.000,25.000,30.000,43.000,64.000,0.000,0.000,0,0,1.0779,71,142,71,80,78
14,falling,21,382.0,,195.000,160.428,0.00000,5.26918,5.26918,0.000000,0.000000,0,0,7.56600,7101.376,6.276,25.000,25.000,30.000,43.000,64.000,0.000,0.000,0,0,1.0779,71,142,71,80,78
14,falling,22,399.0,,195.000,166.009,0.00000,5.47190,5.47190,0.000000,0.000000,0,0,7.56600,7101.376,6.276,25.000,25.000,30.000,43.000,64.000,0.000,0.000,0,0,1.0779,71,142,71,80,78
14,falling,23,416.0,,195.000,171.443,0.00000,5.65977,5.65977,0.000000,0.000000,0,0,7.56600,7101.376,6.276,25.000,25.000,30.000,43.000,64.000,0.000,0.000,0,0,1.0779,71,142,71,80,78
14,falling,24,432.0,,195.000,177.416,0.00000,5.85651,5.85651,0.000000,0.000000,0,0,7.56600,7101.376,6.276,25.000,25.000,30.000,43.000,64.000,0.000,0.000,0,0,1.0779,71,142,71,80,78
14,falling,25,449.0,,195.000,183.588,0.00000,6.05024,6.05024,0.000000,0.000000,0,0,7.56600,7101.376,6.276,25.000,25.000,30.000,43.000,64.000,0.000,0.000,0,0,1.0779,71,142,71,80,78
14,falling,26,466.0,,195.000,189.568,0.00000,6.22978,6.22978,0.000000,0.000000,0,0,7.56600,7101.376,6.276,25.000,25.000,30.000,43.000,64.000,0.000,0.000,0,0,1.0779,71,142,71,80,78
14,falling,27,482.0,,195.000,196.114,0.00000,6.41780,6.41780,0.000000,0.000000,0,0,7.56600,7101.376,6.276,25.000,25.000,30.000,43.000,64.000,0.000,0.000,0,0,1.0779,71,142,71,80,78
14,falling,28,499.0,,195.000,202.849,0.00000,6.60294,6.60294,0.000000,0.000000,0,0,7.56600,7101.376,6.276,25.000,25.000,30.000,43.000,64.000,0.000,0.000,0,0,1.0779,71,142,71,80,78
14,falling,29,516.0,,195.000,209.353,0.00000,6.77452,6.77452,0.000000,0.000000,0,0,7.56600,7101.376,6.276,25.000,25.000,30.000,43.000,64.000,0.000,0.000,0,0,1.0779,71,142,71,80,78
14,falling,30,532.0,,195.000,216.446,0.00000,6.95420,6.95420,0.000000,0.000000,0,0,7.56600,7101.376,6.276,25.000,25.000,30.000,43.000,64.000,0.000,0.000,0,0,1.0779,71,142,71,80,78
14,falling,31,549.0,,195.000,223.720,0.00000,7.13114,7.13114,0.000000,0.000000,0,0,7.56600,7101.376,6.276,25.000,25.000,30.000,43.000,64.000,0.000,0.000,0,0,1.0779,71,142,71,80,78
14,falling,32,566.0,,195.000,230.723,0.00000,7.29512,7.29512,0.000000,0.000000,0,0,7.56600,7101.376,6.276,25.000,25.000,30.000,43.000,64.000,0.000,0.000,0,0,1.0779,71,142,71,80,78
14,falling,33,582.0,,195.000,238.339,0.00000,7.46684,7.46684,0.000000,0.000000,0,0,7.56600,7101.376,6.276,25.000,25.000,30.000,43.000,64.000,0.000,0.000,0,0,1.0779,71,142,71,80,78
14,falling,34,599.0,,195.000,246.128,0.00000,7.63593,7.63593,0.000000,0.000000,0,0,7.56600,7101.376,6.276,25.000,25.000,30.000,43.000,64.000,0.000,0.000,0,0,1.0779,71,142,71,80,78
14,falling,35,616.0,,195.000,253.609,0.00000,7.79264,7.79264,0.000000,0.000000,0,0,7.56600,7101.376,6.276,25.000,25.000,30.000,43.000,64.000,0.000,0.000,0,0,1.0779,71,142,71,80,78
14,falling,36,633.0,,195.000,261.725,0.00000,7.95674,7.95674,0.000000,0.000000,0,0,7.56600,7101.376,6.276,25.000,25.000,30.000,43.000,64.000,0.000,0.000,0,0,1.0779,71,142,71,80,78
14,falling,37,649.0,,195.000,270.006,0.00000,8.11834,8.11834,0.000000,0.000000,0,0,7.56600,7101.376,6.276,25.000,25.000,30.000,43.000,64.000,0.000,0.000,0,0,1.0779,71,142,71,80,78
14,falling,38,666.0,,195.000,277.943,0.00000,8.26810,8.26810,0.000000,0.000000,0,0,7.56600,7101.376,6.276,25.000,25.000,30.000,43.000,64.000,0.000,0.000,0,0,1.0779,71,142,71,80,78
14,falling,39,682.0,,195.000,286.536,0.00000,8.42493,8.42493,0.000000,0.000000,0,0,7.56600,7101.376,6.276,25.000,25.000,30.000,43.000,64.000,0.000,0.000,0,0,1.0779,71,142,71,80,78
14,falling,40,699.0,,195.000,295.287,0.00000,8.57936,8.57936,0.000000,0.000000,0,0,7.56600,7101.376,6.276,25.000,25.000,30.000,43.000,64.000,0.000,0.000,0,0,1.0779,71,142,71,80,78
14,falling,41,716.0,,195.000,303.661,0.00000,8.72249,8.72249,0.000000,0.000000,0,0,7.56600,7101.376,6.276,25.000,25.000,30.000,43.000,64.000,0.000,0.000,0,0,1.0779,71,142,71,80,78
14,falling,42,732.0,,195.000,312.711,0.00000,8.87237,8.87237,0.000000,0.000000,0,0,7.56600,7101.376,6.276,25.000,25.000,30.000,43.000,64.000,0.000,0.000,0,0,1.0779,71,142,71,80,78
14,falling,43,749.0,,195.000,321.911,0.00000,9.01995,9.01995,0.000000,0.000000,0,0,7.56600,7101.376,6.276,25.000,25.000,30.000,43.000,64.000,0.000,0.000,0,0,1.0779,71,142,71,80,78
14,falling,44,766.0,,195.000,330.702,0.00000,9.15673,9.15673,0.000000,0.000000,0,0,7.56600,7101.376,6.276,25.000,25.000,30.000,43.000,64.000,0.000,0.000,0,0,1.0779,71,142,71,80,78
14,falling,45,782.0,,195.000,340.188,0.00000,9.29997,9.29997,0.000000,0.000000,0,0,7.56600,7101.376,6.276,25.000,25.000,30.000,43.000,64.000,0.000,0.000,0,0,1.0779,71,142,71,80,78
14,falling,46,799.0,,195.000,349.817,0.00000,9.44101,9.44101,0.000000,0.000000,0,0,7.56600,7101.376,6.276,25.000,25.000,30.000,43.000,64.000,0.000,0.000,0,0,1.0779,71,142,71,80,78
14,falling,47,816.0,,195.000,359.006,0.00000,9.57173,9.57173,0.000000,0.000000,0,0,7.56600,7101.376,6.276,25.000,25.000,30.000,43.000,64.000,0.000,0.000,0,0,1.0779,71,142,71,80,78
14,falling,48,832.0,,195.000,368.909,0.00000,9.70861,9.70861,0.000000,0.000000,0,0,7.56600,7101.376,6.276,25.000,25.000,30.000,43.000,64.000,0.000,0.000,0,0,1.0779,71,142,71,80,78
14,falling,49,849.0,,195.000,378.949,0.00000,9.84340,9.84340,0.000000,0.000000,0,0,7.56600,7101.376,6.276,25.000,25.000,30.000,43.000,64.000,0.000,0.000,0,0,1.0779,71,142,71,80,78
14,falling,50,866.0,,195.000,388.519,0.00000,9.96833,9.96833,0.000000,0.000000,0,0,7.56600,7101.376,6.276,25.000,25.000,30.000,43.000,64.000,0.000,0.000,0,0,1.0779,71,142,71,80,78
14,falling,51,882.0,,195.000,398.820,0.00000,10.09914,10.09914,0.000000,0.000000,0,0,7.56600,7101.376,6.276,25.000,25.000,30.000,43.000,64.000,0.000,0.000,0,0,1.0779,71,142,71,80,78
14,falling,52,899.0,,195.000,409.253,0.00000,10.22796,10.22796,0.000000,0.000000,0,0,7.56600,7101.376,6.276,25.000,25.000,30.000,43.000,64.000,0.000,0.000,0,0,1.0779,71,142,71,80,78
14,falling,53,916.0,,195.000,419.186,0.00000,10.34734,10.34734,0.000000,0.000000,0,0,7.56600,7101.376,6.276,25.000,25.000,30.000,43.000,64.000,0.000,0.000,0,0,1.0779,71,142,71,80,78
14,falling,54,932.0,,195.000,429.868,0.00000,10.47236,10.47236,0.000000,0.000000,0,0,7.56600,7101.376,6.276,25.000,25.000,30.000,43.000,64.000,0.000,0.000,0,0,1.0779,71,142,71,80,78
14,falling,55,949.0,,195.000,440.675,0.00000,10.59547,10.59547,0.000000,0.000000,0,0,7.56600,7101.376,6.276,25.000,25.000,30.000,43.000,64.000,0.000,0.000,0,0,1.0779,71,142,71,80,78
14,falling,56,966.0,,195.000,450.956,0.00000,10.70956,10.70956,0.000000,0.000000,0,0,7.56600,7101.376,6.276,25.000,25.000,30.000,43.000,64.000,0.000,0.000,0,0,1.0779,71,142,71,80,78
14,falling,57,982.0,,195.000,462.002,0.00000,10.82904,10.82904,0.000000,0.000000,0,0,7.56600,7101.376,6.276,25.000,25.000,30.000,43.000,64.000,0.000,0.000,0,0,1.0779,71,142,71,80,78
14,falling,58,999.0,,195.000,473.168,0.00000,10.94669,10.94669,0.000000,0.000000,0,0,7.56600,7101.376,6.276,25.000,25.000,30.000,43.000,64.000,0.000,0.000,0,0,1.0779,71,142,71,80,78
14,falling,59,1016.0,,195.000,483.781,0.00000,11.05572,11.05572,0.000000,0.000000,0,0,7.56600,7101.376,6.276,25.000,25.000,30.000,43.000,62.000,0.000,0.000,0,0,1.0779,71,142,71,80,78
14,post_landing,60,1032.0,60,195.000,491.036,0.11303,-0.03826,0.11933,0.001430,0.000000,0,1,7.56600,7101.376,6.276,25.000,25.000,30.000,43.000,62.000,0.000,0.000,0,12,1.0779,71,142,71,80,78
14,post_landing,61,1049.0,60,195.114,488.602,0.01073,0.00000,0.01073,0.000000,0.001436,0,1,7.56600,7101.376,6.276,25.000,22.001,28.001,41.001,63.001,0.000,0.000,0,6,1.0779,71,142,71,80,78
14,post_landing,62,1066.0,60,195.124,487.108,0.02731,0.00000,0.02731,0.000000,0.001436,0,1,7.56600,7101.376,6.276,25.000,22.001,28.001,41.001,63.001,0.000,0.000,0,3,1.0779,71,142,71,80,78
14,post_landing,63,1082.0,60,195.151,486.612,0.01656,0.00000,0.01656,0.000000,0.001436,0,1,7.56600,7101.376,6.276,25.000,22.001,28.001,41.001,63.001,0.000,0.000,0,2,1.0779,71,142,71,80,78
14,post_landing,64,1099.0,60,195.168,486.113,0.03494,0.00000,0.03494,0.000000,0.001436,0,1,7.56600,7101.376,6.276,25.000,22.001,28.001,41.001,63.001,0.000,0.000,0,1,1.0779,71,142,71,80,78
14,post_landing,65,1116.0,60,195.201,486.111,0.05794,0.00000,0.05794,0.000000,0.001436,0,1,7.56600,7101.376,6.276,25.000,22.001,28.001,41.001,63.001,0.000,0.000,0,1,1.0779,71,142,71,80,78
14,post_landing,66,1132.0,60,195.259,486.113,0.04569,0.00000,0.04569,0.000000,0.001436,0,1,7.56600,7101.376,6.276,25.000,22.001,28.001,41.001,63.001,0.000,0.000,0,1,1.0779,71,142,71,80,78
14,post_landing,67,1149.0,60,195.305,486.113,0.05090,0.00000,0.05090,-0.000919,0.001436,0,1,7.56600,7101.376,6.276,25.000,22.001,28.001,41.001,63.001,0.000,0.000,0,1,1.0779,71,142,71,80,78
14,post_landing,68,1166.0,60,195.353,486.115,0.03688,0.00000,0.03688,-0.001141,0.000567,0,1,7.56600,7101.376,6.276,25.000,22.001,28.001,41.001,63.001,0.000,0.000,0,1,1.0779,71,142,71,80,78
14,post_landing,69,1182.0,60,195.390,486.110,-0.01653,0.00000,0.01653,0.000000,-0.000579,0,1,7.56600,7101.376,6.276,25.000,23.001,27.001,41.001,63.001,0.000,0.000,0,1,1.0779,71,142,71,80,78
14,post_landing,70,1199.0,60,195.373,486.110,-0.05882,0.00000,0.05882,0.001338,-0.000579,0,1,7.56600,7101.376,6.276,25.000,23.001,27.001,41.001,63.001,0.000,0.000,0,1,1.0779,71,142,71,80,78
14,post_landing,71,1216.0,60,195.318,486.114,-0.06454,0.00000,0.06454,0.001372,0.000687,0,1,7.56600,7101.376,6.276,25.000,22.001,28.001,41.001,63.001,0.000,0.000,0,1,1.0779,71,142,71,80,78
14,post_landing,72,1232.0,60,195.253,486.110,-0.08059,0.00000,0.08059,0.001892,0.002065,0,1,7.56600,7101.376,6.276,25.000,22.002,28.002,41.002,63.002,0.000,0.000,0,1,1.0779,71,142,71,80,78
14,post_landing,73,1249.0,60,195.172,486.102,-0.08872,0.00000,0.08872,0.002028,0.003965,0,1,7.56600,7101.376,6.276,25.000,22.004,28.004,41.004,63.003,0.000,0.000,0,1,1.0779,71,142,71,80,78
14,post_landing,74,1266.0,60,195.088,486.092,-0.09091,0.00000,0.09091,0.001925,0.005884,0,1,7.56600,7101.376,6.276,25.000,22.006,28.005,41.005,63.005,0.000,0.000,0,1,1.0779,71,142,71,80,78
14,post_landing,75,1282.0,60,194.997,486.086,0.02954,0.00000,0.02954,-0.001847,0.007817,0,1,7.56600,7101.376,6.276,25.000,22.007,28.007,41.007,63.006,0.000,0.000,0,1,1.0779,71,142,71,80,78
14,post_landing,76,1299.0,60,195.026,486.094,0.03386,0.00000,0.03386,-0.001071,0.005962,0,1,7.56600,7101.376,6.276,25.000,22.006,28.005,41.005,63.005,0.000,0.000,0,1,1.0779,71,142,71,80,78
14,post_landing,77,1316.0,60,195.059,486.096,0.03651,0.00000,0.03651,0.000000,0.004949,0,1,7.56600,7101.376,6.276,25.000,22.005,28.005,41.004,63.004,0.000,0.000,0,1,1.0779,71,142,71,80,78
14,post_landing,78,1333.0,60,195.095,486.098,0.02264,0.00000,0.02264,0.000000,0.004949,0,1,7.56600,7101.376,6.276,25.000,22.005,28.005,41.004,63.004,0.000,0.000,0,1,1.0779,71,142,71,80,78
14,post_landing,79,1349.0,60,195.117,486.096,-0.00433,0.00000,0.00433,0.000000,0.004949,0,1,7.56600,7101.376,6.276,25.000,22.005,28.005,41.004,63.004,0.000,0.000,0,1,1.0779,71,142,71,80,78
14,post_landing,80,1365.0,60,195.112,486.098,-0.03379,0.00000,0.03379,0.000932,0.004949,0,1,7.56600,7101.376,6.276,25.000,22.005,28.005,41.004,63.004,0.000,0.000,0,1,1.0779,71,142,71,80,78
14,post_landing,81,1382.0,60,195.078,486.094,-0.06062,0.00000,0.06062,0.001696,0.005885,0,1,7.56600,7101.376,6.276,25.000,22.006,28.005,41.005,63.005,0.000,0.000,0,1,1.0779,71,142,71,80,78
14,post_landing,82,1399.0,60,195.021,486.085,-0.05621,0.00000,0.05621,0.001315,0.007490,0,1,7.56600,7101.376,6.276,25.000,22.007,28.007,41.006,63.006,0.000,0.000,0,1,1.0779,71,142,71,80,78
14,post_landing,83,1416.0,60,194.965,486.082,-0.06841,0.00000,0.06841,0.001684,0.008811,0,1,7.56600,7101.376,6.276,25.000,22.008,28.008,41.007,63.006,0.000,0.000,0,1,1.0779,71,142,71,80,78
14,post_landing,84,1432.0,60,194.896,486.075,-0.07455,0.00000,0.07455,0.001876,0.010502,0,1,7.56600,7101.376,6.276,25.000,22.009,28.009,41.008,63.007,0.000,0.000,0,1,1.0779,71,142,71,80,78
14,post_landing,85,1449.0,60,194.825,486.066,-0.06915,0.00000,0.06915,0.001569,0.012277,0,1,7.56600,7101.376,6.276,25.000,22.011,28.010,41.009,63.008,0.000,0.000,0,1,1.0779,71,142,71,80,78
14,post_landing,86,1466.0,60,194.756,486.062,-0.07405,0.00000,0.07405,0.001670,0.013853,0,1,7.56600,7101.376,6.276,25.000,22.012,28.011,41.010,63.008,0.000,0.000,0,1,1.0779,71,142,71,80,78
14,post_landing,87,1482.0,60,194.681,486.055,-0.08608,0.00000,0.08608,0.001962,0.015530,0,1,7.56600,7101.376,6.276,25.000,22.013,28.012,41.011,63.008,0.000,0.000,0,1,1.0779,71,142,71,80,78
14,post_landing,88,1499.0,60,194.600,486.064,-0.06885,0.00000,0.06885,0.000000,0.017387,0,1,7.56600,7101.376,6.276,25.000,22.014,28.013,41.011,63.008,0.000,0.000,0,1,1.0779,71,142,71,80,78
14,post_landing,89,1515.0,60,194.531,486.048,-0.03903,0.00000,0.03903,0.000000,0.017387,0,1,7.56600,7101.376,6.276,25.000,22.014,28.013,41.011,63.008,0.000,0.000,0,1,1.0779,71,142,71,80,78
14,post_landing,90,1532.0,60,194.492,486.068,-0.02796,0.00000,0.02796,-0.001136,0.017387,0,1,7.56600,7101.376,6.276,25.000,22.014,28.013,41.011,63.008,0.000,0.000,0,1,1.0779,71,142,71,80,78
14,post_landing,91,1549.0,60,194.465,486.069,-0.01277,0.00000,0.01277,-0.002133,0.016311,0,1,7.56600,7101.376,6.276,25.000,22.013,28.013,41.011,63.008,0.000,0.000,0,1,1.0779,71,142,71,80,78
14,post_landing,92,1565.0,60,194.452,486.060,0.03925,0.00000,0.03925,-0.002633,0.014169,0,1,7.56600,7101.376,6.276,25.000,22.012,28.011,41.010,63.008,0.000,0.000,0,1,1.0779,71,142,71,80,78
14,post_landing,93,1582.0,60,194.492,486.071,0.01019,0.00000,0.01019,0.000000,0.011525,0,1,7.56600,7101.376,6.276,25.000,22.010,28.010,41.009,63.007,0.000,0.000,0,1,1.0779,71,142,71,80,78
14,post_landing,94,1599.0,60,194.501,486.069,-0.02754,0.00000,0.02754,0.001685,0.011525,0,1,7.56600,7101.376,6.276,25.000,22.010,28.010,41.009,63.007,0.000,0.000,0,1,1.0779,71,142,71,80,78
14,post_landing,95,1615.0,60,194.474,486.064,-0.04077,0.00000,0.04077,0.001973,0.013217,0,1,7.56600,7101.376,6.276,25.000,22.011,28.011,41.010,63.008,0.000,0.000,0,1,1.0779,71,142,71,80,78
14,post_landing,96,1632.0,60,194.433,486.056,-0.04799,0.00000,0.04799,0.001840,0.015198,0,1,7.56600,7101.376,6.276,25.000,22.013,28.012,41.010,63.008,0.000,0.000,0,1,1.0779,71,142,71,80,78
14,post_landing,97,1649.0,60,194.387,486.066,-0.04561,0.00000,0.04561,0.000000,0.016940,0,1,7.56600,7101.376,6.276,25.000,22.014,28.013,41.011,63.008,0.000,0.000,0,1,1.0779,71,142,71,80,78
14,post_landing,98,1666.0,60,194.342,486.050,-0.03531,0.00000,0.03531,0.000000,0.016940,0,1,7.56600,7101.376,6.276,25.000,22.014,28.013,41.011,63.008,0.000,0.000,0,1,1.0779,71,142,71,80,78
14,post_landing,99,1682.0,60,194.306,486.050,-0.03751,0.00000,0.03751,0.000000,0.016940,0,1,7.56600,7101.376,6.276,25.000,22.014,28.013,41.011,63.008,0.000,0.000,0,1,1.0779,71,142,71,80,78
14,post_landing,100,1699.0,60,194.271,486.066,-0.06051,0.00000,0.06051,0.000000,0.016940,0,1,7.56600,7101.376,6.276,25.000,22.014,28.013,41.011,63.008,0.000,0.000,0,1,1.0779,71,142,71,80,78
14,post_landing,101,1716.0,60,194.210,486.050,-0.06710,0.00000,0.06710,0.000989,0.016940,0,1,7.56600,7101.376,6.276,25.000,22.014,28.013,41.011,63.008,0.000,0.000,0,1,1.0779,71,142,71,80,78
14,post_landing,102,1732.0,60,194.142,486.066,-0.06609,0.00000,0.06609,0.000000,0.017933,0,1,7.56600,7101.376,6.276,25.000,22.014,28.013,41.011,63.008,0.000,0.000,0,1,1.0779,71,142,71,80,78
14,post_landing,103,1749.0,60,194.080,486.063,-0.04828,0.00000,0.04828,-0.001221,0.017933,0,1,7.56600,7101.376,6.276,25.000,22.014,28.013,41.011,63.008,0.000,0.000,0,1,1.0779,71,142,71,80,78
14,post_landing,104,1766.0,60,194.031,486.051,-0.00639,0.00000,0.00639,-0.001320,0.016707,0,1,7.56600,7101.376,6.276,25.000,22.014,28.013,41.011,63.008,0.000,0.000,0,1,1.0779,71,142,71,80,78
14,post_landing,105,1782.0,60,194.025,486.056,0.05094,0.00000,0.05094,-0.001948,0.015381,0,1,7.56600,7101.376,6.276,25.000,22.013,28.012,41.011,63.008,0.000,0.000,0,1,1.0779,71,142,71,80,78
14,post_landing,106,1799.0,60,194.073,486.061,0.03327,0.00000,0.03327,0.000000,0.013538,0,1,7.56600,7101.376,6.276,25.000,22.012,28.011,41.010,63.008,0.000,0.000,0,1,1.0779,71,142,71,80,78
14,post_landing,107,1815.0,60,194.107,486.063,-0.00006,0.00000,0.00006,0.001330,0.013538,0,1,7.56600,7101.376,6.276,25.000,22.012,28.011,41.010,63.008,0.000,0.000,0,1,1.0779,71,142,71,80,78
14,post_landing,108,1832.0,60,194.107,486.058,-0.03383,0.00000,0.03383,0.002111,0.014874,0,1,7.56600,7101.376,6.276,25.000,22.012,28.012,41.010,63.008,0.000,0.000,0,1,1.0779,71,142,71,80,78
14,post_landing,109,1849.0,60,194.075,486.066,-0.03583,0.00000,0.03583,0.000930,0.016872,0,1,7.56600,7101.376,6.276,25.000,22.014,28.013,41.011,63.008,0.000,0.000,0,1,1.0779,71,142,71,80,78
14,post_landing,110,1866.0,60,194.039,486.047,-0.04762,0.00000,0.04762,0.001198,0.017805,0,1,7.56600,7101.376,6.276,25.000,22.014,28.013,41.011,63.008,0.000,0.000,0,1,1.0779,71,142,71,80,78
14,post_landing,111,1882.0,60,193.991,486.062,-0.03562,0.00000,0.03562,0.000000,0.019009,0,1,7.56600,7101.376,6.276,25.000,22.015,28.014,41.012,63.008,0.000,0.000,0,1,1.0779,71,142,71,80,78
14,post_landing,112,1899.0,60,193.957,486.059,-0.00700,0.00000,0.00700,-0.001631,0.019009,0,1,7.56600,7101.376,6.276,25.000,22.015,28.014,41.012,63.008,0.000,0.000,0,1,1.0779,71,142,71,80,78
14,post_landing,113,1916.0,60,193.950,486.048,0.02636,0.00000,0.02636,-0.001949,0.017370,0,1,7.56600,7101.376,6.276,25.000,22.014,28.013,41.011,63.008,0.000,0.000,0,1,1.0779,71,142,71,80,78
14,post_landing,114,1932.0,60,193.976,486.056,0.02072,0.00000,0.02072,-0.000873,0.015412,0,1,7.56600,7101.376,6.276,25.000,22.013,28.012,41.011,63.008,0.000,0.000,0,1,1.0779,71,142,71,80,78
14,post_landing,115,1949.0,60,193.997,486.059,0.02235,0.00000,0.02235,0.000000,0.014536,0,1,7.56600,7101.376,6.276,25.000,22.012,28.012,41.010,63.008,0.000,0.000,0,1,1.0779,71,142,71,80,78
14,post_landing,116,1966.0,60,194.018,486.057,0.01850,0.00000,0.01850,0.000000,0.014536,0,1,7.56600,7101.376,6.276,25.000,22.012,28.012,41.010,63.008,0.000,0.000,0,1,1.0779,71,142,71,80,78
14,post_landing,117,1982.0,60,194.037,486.059,0.02424,0.00000,0.02424,0.000000,0.014536,0,1,7.56600,7101.376,6.276,25.000,22.012,28.012,41.010,63.008,0.000,0.000,0,1,1.0779,71,142,71,80,78
14,post_landing,118,1999.0,60,194.061,486.059,0.03290,0.00000,0.03290,0.000000,0.014536,0,1,7.56600,7101.376,6.276,25.000,22.012,28.012,41.010,63.008,0.000,0.000,0,1,1.0779,71,142,71,80,78
14,post_landing,119,2016.0,60,194.092,486.057,0.04582,0.00000,0.04582,-0.001040,0.014536,0,1,7.56600,7101.376,6.276,25.000,22.012,28.012,41.010,63.008,0.000,0.000,0,1,1.0779,71,142,71,80,78
15,falling,0,38.0,,195.000,97.029,0.00000,0.55000,0.55000,0.000000,0.000000,0,0,5.81400,3593.304,4.465,13.000,13.000,13.000,15.000,25.000,0.000,0.000,0,0,1.5162,55,110,55,55,49
15,falling,1,40.0,,195.000,97.099,0.00000,0.58234,0.58234,0.000000,0.000000,0,0,5.81400,3593.304,4.465,13.000,13.000,13.000,15.000,25.000,0.000,0.000,0,0,1.5162,55,110,55,55,49
15,falling,2,56.0,,195.000,97.906,0.00000,0.84062,0.84062,0.000000,0.000000,0,0,5.81400,3593.304,4.465,13.000,13.000,13.000,15.000,25.000,0.000,0.000,0,0,1.5162,55,110,55,55,49
15,falling,3,73.0,,195.000,98.957,0.00000,1.09519,1.09519,0.000000,0.000000,0,0,5.81400,3593.304,4.465,13.000,13.000,13.000,15.000,27.000,0.000,0.000,0,0,1.5162,55,110,55,55,49
15,falling,4,89.0,,195.000,100.346,0.00000,1.36176,1.36176,0.000000,0.000000,0,0,5.81400,3593.304,4.465,13.000,13.000,13.000,15.000,27.000,0.000,0.000,0,0,1.5162,55,110,55,55,49
15,falling,5,106.0,,195.000,102.003,0.00000,1.62426,1.62426,0.000000,0.000000,0,0,5.81400,3593.304,4.465,13.000,13.000,13.000,15.000,27.000,0.000,0.000,0,0,1.5162,55,110,55,55,49
15,falling,6,123.0,,195.000,103.796,0.00000,1.86754,1.86754,0.000000,0.000000,0,0,5.81400,3593.304,4.465,13.000,13.000,13.000,15.000,27.000,0.000,0.000,0,0,1.5162,55,110,55,55,49
15,falling,7,139.0,,195.000,105.961,0.00000,2.12230,2.12230,0.000000,0.000000,0,0,5.81400,3593.304,4.465,13.000,13.000,13.000,15.000,27.000,0.000,0.000,0,0,1.5162,55,110,55,55,49
15,falling,8,156.0,,195.000,108.381,0.00000,2.37316,2.37316,0.000000,0.000000,0,0,5.81400,3593.304,4.465,13.000,13.000,13.000,15.000,27.000,0.000,0.000,0,0,1.5162,55,110,55,55,49
15,falling,9,173.0,,195.000,110.883,0.00000,2.60565,2.60565,0.000000,0.000000,0,0,5.81400,3593.304,4.465,13.000,13.000,13.000,15.000,27.000,0.000,0.000,0,0,1.5162,55,110,55,55,49
15,falling,10,189.0,,195.000,113.789,0.00000,2.84912,2.84912,0.000000,0.000000,0,0,5.81400,3593.304,4.465,13.000,13.000,13.000,15.000,27.000,0.000,0.000,0,0,1.5162,55,110,55,55,49
15,falling,11,206.0,,195.000,116.939,0.00000,3.08886,3.08886,0.000000,0.000000,0,0,5.81400,3593.304,4.465,13.000,13.000,13.000,15.000,27.000,0.000,0.000,0,0,1.5162,55,110,55,55,49
15,falling,12,223.0,,195.000,120.118,0.00000,3.31105,3.31105,0.000000,0.000000,0,0,5.81400,3593.304,4.465,13.000,13.000,13.000,15.000,27.000,0.000,0.000,0,0,1.5162,55,110,55,55,49
15,falling,13,239.0,,195.000,123.733,0.00000,3.54372,3.54372,0.000000,0.000000,0,0,5.81400,3593.304,4.465,13.000,13.000,13.000,15.000,27.000,0.000,0.000,0,0,1.5162,55,110,55,55,49
15,falling,14,256.0,,195.000,127.581,0.00000,3.77284,3.77284,0.000000,0.000000,0,0,5.81400,3593.304,4.465,13.000,13.000,13.000,15.000,27.000,0.000,0.000,0,0,1.5162,55,110,55,55,49
15,falling,15,273.0,,195.000,131.659,0.00000,3.99845,3.99845,0.000000,0.000000,0,0,5.81400,3593.304,4.465,13.000,13.000,13.000,15.000,27.000,0.000,0.000,0,0,1.5162,55,110,55,55,49
15,falling,16,289.0,,195.000,135.699,0.00000,4.20754,4.20754,0.000000,0.000000,0,0,5.81400,3593.304,4.465,13.000,13.000,13.000,15.000,27.000,0.000,0.000,0,0,1.5162,55,110,55,55,49
15,falling,17,306.0,,195.000,140.214,0.00000,4.42649,4.42649,0.000000,0.000000,0,0,5.81400,3593.304,4.465,13.000,13.000,13.000,15.000,27.000,0.000,0.000,0,0,1.5162,55,110,55,55,49
15,falling,18,323.0,,195.000,144.948,0.00000,4.64210,4.64210,0.000000,0.000000,0,0,5.81400,3593.304,4.465,13.000,13.000,13.000,15.000,27.000,0.000,0.000,0,0,1.5162,55,110,55,55,49
15,falling,19,339.0,,195.000,149.597,0.00000,4.84192,4.84192,0.000000,0.000000,0,0,5.81400,3593.304,4.465,13.000,13.000,13.000,15.000,27.000,0.000,0.000,0,0,1.5162,55,110,55,55,49
15,falling,20,356.0,,195.000,154.749,0.00000,5.05117,5.05117,0.000000,0.000000,0,0,5.81400,3593.304,4.465,13.000,13.000,13.000,15.000,27.000,0.000,0.000,0,0,1.5162,55,110,55,55,49
15,falling,21,373.0,,195.000,160.111,0.00000,5.25722,5.25722,0.000000,0.000000,0,0,5.81400,3593.304,4.465,13.000,13.000,13.000,15.000,27.000,0.000,0.000,0,0,1.5162,55,110,55,55,49
15,falling,22,390.0,,195.000,165.342,0.00000,5.44819,5.44819,0.000000,0.000000,0,0,5.81400,3593.304,4.465,13.000,13.000,13.000,15.000,27.000,0.000,0.000,0,0,1.5162,55,110,55,55,49
15,falling,23,406.0,,195.000,171.103,0.00000,5.64816,5.64816,0.000000,0.000000,0,0,5.81400,3593.304,4.465,13.000,13.000,13.000,15.000,27.000,0.000,0.000,0,0,1.5162,55,110,55,55,49
15,falling,24,423.0,,195.000,177.065,0.00000,5.84508,5.84508,0.000000,0.000000,0,0,5.81400,3593.304,4.465,13.000,13.000,13.000,15.000,27.000,0.000,0.000,0,0,1.5162,55,110,55,55,49
15,falling,25,440.0,,195.000,182.851,0.00000,6.02758,6.02758,0.000000,0.000000,0,0,5.81400,3593.304,4.465,13.000,13.000,13.000,15.000,27.000,0.000,0.000,0,0,1.5162,55,110,55,55,49
15,falling,26,456.0,,195.000,189.194,0.00000,6.21869,6.21869,0.000000,0.000000,0,0,5.81400,3593.304,4.465,13.000,13.000,13.000,15.000,27.000,0.000,0.000,0,0,1.5162,55,110,55,55,49
15,falling,27,473.0,,195.000,195.729,0.00000,6.40688,6.40688,0.000000,0.000000,0,0,5.81400,3593.304,4.465,13.000,13.000,13.000,15.000,27.000,0.000,0.000,0,0,1.5162,55,110,55,55,49
15,falling,28,489.0,,195.000,202.047,0.00000,6.58128,6.58128,0.000000,0.000000,0,0,5.81400,3593.304,4.465,13.000,13.000,13.000,15.000,27.000,0.000,0.000,0,0,1.5162,55,110,55,55,49
15,falling,29,506.0,,195.000,208.946,0.00000,6.76392,6.76392,0.000000,0.000000,0,0,5.81400,3593.304,4.465,13.000,13.000,13.000,15.000,27.000,0.000,0.000,0,0,1.5162,55,110,55,55,49
15,falling,30,523.0,,195.000,216.029,0.00000,6.94377,6.94377,0.000000,0.000000,0,0,5.81400,3593.304,4.465,13.000,13.000,13.000,15.000,27.000,0.000,0.000,0,0,1.5162,55,110,55,55,49
15,falling,31,539.0,,195.000,222.855,0.00000,7.11045,7.11045,0.000000,0.000000,0,0,5.81400,3593.304,4.465,13.000,13.000,13.000,15.000,27.000,0.000,0.000,0,0,1.5162,55,110,55,55,49
15,falling,32,556.0,,195.000,230.286,0.00000,7.28499,7.28499,0.000000,0.000000,0,0,5.81400,3593.304,4.465,13.000,13.000,13.000,15.000,27.000,0.000,0.000,0,0,1.5162,55,110,55,55,49
15,falling,33,573.0,,195.000,237.435,0.00000,7.44675,7.44675,0.000000,0.000000,0,0,5.81400,3593.304,4.465,13.000,13.000,13.000,15.000,27.000,0.000,0.000,0,0,1.5162,55,110,55,55,49
15,falling,34,590.0,,195.000,245.203,0.00000,7.61615,7.61615,0.000000,0.000000,0,0,5.81400,3593.304,4.465,13.000,13.000,13.000,15.000,27.000,0.000,0.000,0,0,1.5162,55,110,55,55,49
15,falling,35,606.0,,195.000,253.142,0.00000,7.78296,7.78296,0.000000,0.000000,0,0,5.81400,3593.304,4.465,13.000,13.000,13.000,15.000,27.000,0.000,0.000,0,0,1.5162,55,110,55,55,49
15,falling,36,623.0,,195.000,260.762,0.00000,7.93755,7.93755,0.000000,0.000000,0,0,5.81400,3593.304,4.465,13.000,13.000,13.000,15.000,27.000,0.000,0.000,0,0,1.5162,55,110,55,55,49
15,falling,37,640.0,,195.000,269.023,0.00000,8.09944,8.09944,0.000000,0.000000,0,0,5.81400,3593.304,4.465,13.000,13.000,13.000,15.000,27.000,0.000,0.000,0,0,1.5162,55,110,55,55,49
15,falling,38,656.0,,195.000,277.447,0.00000,8.25885,8.25885,0.000000,0.000000,0,0,5.81400,3593.304,4.465,13.000,13.000,13.000,15.000,27.000,0.000,0.000,0,0,1.5162,55,110,55,55,49
15,falling,39,673.0,,195.000,286.031,0.00000,8.41582,8.41582,0.000000,0.000000,0,0,5.81400,3593.304,4.465,13.000,13.000,13.000,15.000,27.000,0.000,0.000,0,0,1.5162,55,110,55,55,49
15,falling,40,689.0,,195.000,294.250,0.00000,8.56130,8.56130,0.000000,0.000000,0,0,5.81400,3593.304,4.465,13.000,13.000,13.000,15.000,27.000,0.000,0.000,0,0,1.5162,55,110,55,55,49
15,falling,41,706.0,,195.000,303.138,0.00000,8.71365,8.71365,0.000000,0.000000,0,0,5.81400,3593.304,4.465,13.000,13.000,13.000,15.000,27.000,0.000,0.000,0,0,1.5162,55,110,55,55,49
15,falling,42,723.0,,195.000,312.179,0.00000,8.86366,8.86366,0.000000,0.000000,0,0,5.81400,3593.304,4.465,13.000,13.000,13.000,15.000,27.000,0.000,0.000,0,0,1.5162,55,110,55,55,49
15,falling,43,740.0,,195.000,320.822,0.00000,9.00269,9.00269,0.000000,0.000000,0,0,5.81400,3593.304,4.465,13.000,13.000,13.000,15.000,27.000,0.000,0.000,0,0,1.5162,55,110,55,55,49
15,falling,44,756.0,,195.000,330.153,0.00000,9.14828,9.14828,0.000000,0.000000,0,0,5.81400,3593.304,4.465,13.000,13.000,13.000,15.000,27.000,0.000,0.000,0,0,1.5162,55,110,55,55,49
15,falling,45,773.0,,195.000,339.630,0.00000,9.29165,9.29165,0.000000,0.000000,0,0,5.81400,3593.304,4.465,13.000,13.000,13.000,15.000,27.000,0.000,0.000,0,0,1.5162,55,110,55,55,49
15,falling,46,790.0,,195.000,348.678,0.00000,9.42451,9.42451,0.000000,0.000000,0,0,5.81400,3593.304,4.465,13.000,13.000,13.000,15.000,27.000,0.000,0.000,0,0,1.5162,55,110,55,55,49
15,falling,47,806.0,,195.000,358.433,0.00000,9.56365,9.56365,0.000000,0.000000,0,0,5.81400,3593.304,4.465,13.000,13.000,13.000,15.000,27.000,0.000,0.000,0,0,1.5162,55,110,55,55,49
15,falling,48,823.0,,195.000,368.328,0.00000,9.70066,9.70066,0.000000,0.000000,0,0,5.81400,3593.304,4.465,13.000,13.000,13.000,15.000,27.000,0.000,0.000,0,0,1.5162,55,110,55,55,49
15,falling,49,840.0,,195.000,377.762,0.00000,9.82764,9.82764,0.000000,0.000000,0,0,5.81400,3593.304,4.465,13.000,13.000,13.000,15.000,27.000,0.000,0.000,0,0,1.5162,55,110,55,55,49
15,falling,50,856.0,,195.000,387.922,0.00000,9.96061,9.96061,0.000000,0.000000,0,0,5.81400,3593.304,4.465,13.000,13.000,13.000,15.000,27.000,0.000,0.000,0,0,1.5162,55,110,55,55,49
15,falling,51,873.0,,195.000,398.215,0.00000,10.09155,10.09155,0.000000,0.000000,0,0,5.81400,3593.304,4.465,13.000,13.000,13.000,15.000,27.000,0.000,0.000,0,0,1.5162,55,110,55,55,49
15,falling,52,890.0,,195.000,408.020,0.00000,10.21289,10.21289,0.000000,0.000000,0,0,5.81400,3593.304,4.465,13.000,13.000,13.000,15.000,27.000,0.000,0.000,0,0,1.5162,55,110,55,55,49
15,falling,53,907.0,,195.000,418.566,0.00000,10.33997,10.33997,0.000000,0.000000,0,0,5.81400,3593.304,4.465,13.000,13.000,13.000,15.000,27.000,0.000,0.000,0,0,1.5162,55,110,55,55,49
15,falling,54,923.0,,195.000,429.241,0.00000,10.46510,10.46510,0.000000,0.000000,0,0,5.81400,3593.304,4.465,13.000,13.000,13.000,15.000,27.000,0.000,0.000,0,0,1.5162,55,110,55,55,49
15,falling,55,940.0,,195.000,439.399,0.00000,10.58107,10.58107,0.000000,0.000000,0,0,5.81400,3593.304,4.465,13.000,13.000,13.000,15.000,27.000,0.000,0.000,0,0,1.5162,55,110,55,55,49
15,falling,56,956.0,,195.000,450.315,0.00000,10.70251,10.70251,0.000000,0.000000,0,0,5.81400,3593.304,4.465,13.000,13.000,13.000,15.000,27.000,0.000,0.000,0,0,1.5162,55,110,55,55,49
15,falling,57,973.0,,195.000,461.354,0.00000,10.82210,10.82210,0.000000,0.000000,0,0,5.81400,3593.304,4.465,13.000,13.000,13.000,15.000,27.000,0.000,0.000,0,0,1.5162,55,110,55,55,49
15,falling,58,990.0,,195.000,471.849,0.00000,10.93293,10.93293,0.000000,0.000000,0,0,5.81400,3593.304,4.465,13.000,13.000,13.000,15.000,27.000,0.000,0.000,0,0,1.5162,55,110,55,55,49
15,post_landing,59,1006.0,59,195.000,483.118,-1.96180,0.42141,2.00655,-0.044368,0.000000,0,1,5.81400,3593.304,4.465,13.000,13.000,13.000,15.000,27.000,0.000,0.000,0,1,1.5162,55,110,55,55,49
15,post_landing,60,1023.0,59,193.030,483.648,-2.21155,0.12904,2.21532,-0.010678,-0.044563,0,1,5.81400,3593.304,4.465,13.000,13.032,13.032,15.163,27.330,0.000,0.000,0,1,1.5162,55,110,55,55,49
15,post_landing,61,1040.0,59,190.937,483.778,-1.87480,0.11740,1.87847,-0.009853,-0.054666,0,1,5.81400,3593.304,4.465,13.000,13.035,13.035,15.196,27.397,0.000,0.000,0,1,1.5162,55,110,55,55,49
15,post_landing,62,1056.0,59,189.054,483.911,-1.58923,0.10690,1.59282,-0.009054,-0.064562,0,1,5.81400,3593.304,4.465,13.000,13.037,13.037,15.227,30.518,0.000,0.000,0,1,1.5162,55,110,55,55,49
15,post_landing,63,1073.0,59,187.458,484.032,-1.35194,0.09824,1.35550,-0.008128,-0.073656,0,1,5.81400,3593.304,4.465,13.000,13.038,13.038,15.254,30.581,0.000,0.000,0,1,1.5162,55,110,55,55,49
15,post_landing,64,1090.0,59,186.179,484.133,-1.15325,0.08853,1.15664,-0.007239,-0.081347,0,1,5.81400,3593.304,4.465,13.000,0.081,13.038,15.275,30.632,0.000,0.000,0,1,1.5162,55,110,55,55,49
15,post_landing,65,1106.0,59,185.020,484.238,-0.98821,0.16923,1.00260,-0.012206,-0.088618,0,1,5.81400,3593.304,4.465,13.000,0.089,13.037,15.295,30.679,0.000,0.000,0,1,1.5162,55,110,55,55,49
15,post_landing,66,1123.0,59,184.028,484.415,-0.87336,0.21058,0.89839,-0.014709,-0.100878,0,1,5.81400,3593.304,4.465,13.000,0.101,13.035,15.327,34.834,0.000,0.000,0,1,1.5162,55,110,55,55,49
15,post_landing,67,1140.0,59,183.201,484.616,-0.79002,0.23308,0.82368,-0.015570,-0.114795,0,1,5.81400,3593.304,4.465,13.000,0.115,13.029,15.359,34.922,0.000,0.000,0,1,1.5162,55,110,55,55,49
15,post_landing,68,1156.0,59,182.408,484.859,-0.70569,0.24975,0.74858,-0.016995,-0.130434,0,1,5.81400,3593.304,4.465,13.000,0.130,13.020,15.393,38.116,0.000,0.000,0,1,1.5162,55,110,55,55,49
15,post_landing,69,1173.0,59,181.699,485.130,-0.58539,0.19339,0.61651,-0.022081,-0.147503,0,1,5.81400,3593.304,4.465,13.000,0.147,13.006,15.425,42.318,0.000,0.000,0,1,1.5162,55,110,55,55,49
15,post_landing,70,1190.0,59,181.145,485.463,-0.54040,0.13101,0.55606,-0.023261,-0.168396,0,1,5.81400,3593.304,4.465,13.000,0.168,0.986,15.458,45.556,0.000,0.000,0,1,1.5162,55,110,55,55,49
15,post_landing,71,1207.0,59,180.602,485.864,-0.47319,0.13639,0.49245,-0.024474,-0.191759,0,1,5.81400,3593.304,4.465,13.000,0.191,0.982,15.487,47.825,0.000,0.000,0,1,1.5162,55,110,55,55,49
15,post_landing,72,1223.0,59,180.127,486.309,-0.44949,0.14363,0.47188,-0.023757,-0.216341,0,1,5.81400,3593.304,4.465,13.000,0.215,0.977,15.509,47.933,0.000,0.000,0,1,1.5162,55,110,55,55,49
15,post_landing,73,1240.0,59,179.702,486.735,-0.43645,0.16547,0.46677,-0.022148,-0.238819,0,1,5.81400,3593.304,4.465,13.000,0.237,0.972,25.946,49.451,0.000,0.000,0,1,1.5162,55,110,55,55,49
15,post_landing,74,1256.0,59,179.264,487.182,-0.40201,0.16696,0.43530,-0.023016,-0.261064,0,1,5.81400,3593.304,4.465,13.000,0.258,0.966,25.960,49.537,0.000,0.000,0,1,1.5162,55,110,55,55,49
15,post_landing,75,1273.0,59,178.860,487.654,-0.38163,0.18374,0.42356,-0.022863,-0.284181,0,1,5.81400,3593.304,4.465,13.000,0.280,0.960,45.880,51.121,0.000,0.000,0,1,1.5162,55,110,55,55,49
15,post_landing,76,1290.0,59,178.499,488.113,-0.40164,0.21898,0.45746,-0.020020,-0.305814,0,1,5.81400,3593.304,4.465,13.000,0.301,0.954,48.081,53.702,0.000,0.000,0,1,1.5162,55,110,55,55,49
15,post_landing,77,1307.0,59,178.095,488.564,-0.42222,0.24511,0.48821,-0.018382,-0.325922,0,1,5.81400,3593.304,4.465,13.000,0.320,0.947,36.372,55.039,0.000,0.000,0,1,1.5162,55,110,55,55,49
15,post_landing,78,1323.0,59,177.671,488.985,-0.42827,0.26951,0.50601,-0.017691,-0.344385,0,1,5.81400,3593.304,4.465,13.000,0.338,34.172,38.009,55.095,0.000,0.000,0,1,1.5162,55,110,55,55,49
15,post_landing,79,1340.0,59,177.266,489.372,-0.42837,0.28309,0.51346,-0.017272,-0.361124,0,1,5.81400,3593.304,4.465,13.000,0.353,36.400,38.042,56.773,0.000,0.000,0,1,1.5162,55,110,55,55,49
15,post_landing,80,1357.0,59,176.836,489.788,-0.42582,0.29822,0.51987,-0.017482,-0.378472,0,1,5.81400,3593.304,4.465,13.000,35.838,36.397,39.734,58.117,0.000,0.000,0,1,1.5162,55,110,55,55,49
15,post_landing,81,1373.0,59,176.408,490.284,-0.28941,-0.06207,0.29599,-0.007920,-0.396031,0,1,5.81400,3593.304,4.465,13.000,35.846,38.077,41.080,58.156,0.000,0.000,0,3,1.5162,55,110,55,55,49
15,post_landing,82,1390.0,59,176.134,490.332,-0.19356,-0.03345,0.19643,-0.005474,-0.403524,0,1,5.81400,3593.304,4.465,13.000,35.847,38.079,41.096,58.167,0.000,0.000,0,4,1.5162,55,110,55,55,49
15,post_landing,83,1407.0,59,175.940,490.341,-0.03434,-0.02448,0.04217,-0.006694,-0.409022,0,1,5.81400,3593.304,4.465,13.000,35.846,38.079,41.107,59.886,0.000,0.000,0,4,1.5162,55,110,55,55,49
15,post_landing,84,1423.0,59,175.905,490.228,-0.01025,0.02366,0.02579,-0.003035,-0.415746,0,1,5.81400,3593.304,4.465,13.000,35.843,38.077,42.437,59.901,0.000,0.000,0,3,1.5162,55,110,55,55,49
15,post_landing,85,1440.0,59,175.896,490.198,-0.02701,0.00000,0.02701,0.001964,-0.418617,0,1,5.81400,3593.304,4.465,13.000,35.841,37.568,42.442,59.906,0.000,0.000,0,3,1.5162,55,110,55,55,49
15,post_landing,86,1457.0,59,175.868,490.213,-0.02956,0.00000,0.02956,0.005134,-0.416645,0,1,5.81400,3593.304,4.465,13.000,35.843,38.076,42.438,59.902,0.000,0.000,0,3,1.5162,55,110,55,55,49
15,post_landing,87,1473.0,59,175.839,490.253,0.26542,-0.05027,0.27014,-0.004421,-0.411488,0,1,5.81400,3593.304,4.465,13.000,35.845,38.078,41.111,59.892,0.000,0.000,0,3,1.5162,55,110,55,55,49
15,post_landing,88,1490.0,59,176.090,490.217,0.07707,0.03050,0.08289,0.005389,-0.415671,0,1,5.81400,3593.304,4.465,13.000,35.843,38.077,42.436,59.901,0.000,0.000,0,3,1.5162,55,110,55,55,49
15,post_landing,89,1507.0,59,176.167,490.337,0.13349,0.00000,0.13349,0.000000,-0.410258,0,1,5.81400,3593.304,4.465,13.000,35.845,38.078,41.109,59.889,0.000,0.000,0,4,1.5162,55,110,55,55,49
15,post_landing,90,1523.0,59,176.301,490.344,0.21061,0.00000,0.21061,-0.001014,-0.410258,0,1,5.81400,3593.304,4.465,13.000,35.845,38.078,41.109,59.889,0.000,0.000,0,4,1.5162,55,110,55,55,49
15,post_landing,91,1540.0,59,176.501,490.340,0.19728,0.00000,0.19728,0.000000,-0.411217,0,1,5.81400,3593.304,4.465,13.000,35.845,38.078,41.111,59.891,0.000,0.000,0,4,1.5162,55,110,55,55,49
15,post_landing,92,1556.0,59,176.699,490.344,-0.16951,-0.06724,0.18236,0.004080,-0.411217,0,1,5.81400,3593.304,4.465,13.000,35.845,38.078,41.111,59.891,0.000,0.000,0,4,1.5162,55,110,55,55,49
15,post_landing,93,1573.0,59,176.529,490.340,0.54548,0.04643,0.54745,-0.024094,-0.407119,0,1,5.81400,3593.304,4.465,13.000,35.846,38.079,41.103,59.881,0.000,0.000,0,4,1.5162,55,110,55,55,49
15,post_landing,94,1590.0,59,177.045,490.124,0.03649,0.00000,0.03649,0.004269,-0.429916,0,1,5.81400,3593.304,4.465,13.000,5.379,37.575,42.461,59.923,0.000,0.000,0,3,1.5162,55,110,55,55,49
15,post_landing,95,1607.0,59,177.081,490.141,0.22131,0.00000,0.22131,-0.002300,-0.425629,0,1,5.81400,3593.304,4.465,13.000,35.836,37.573,42.455,59.917,0.000,0.000,0,3,1.5162,55,110,55,55,49
15,post_landing,96,1623.0,59,177.304,490.126,0.03645,0.03775,0.05247,0.007446,-0.427939,0,1,5.81400,3593.304,4.465,13.000,5.379,37.574,42.458,59.920,0.000,0.000,0,3,1.5162,55,110,55,55,49
15,post_landing,97,1640.0,59,177.338,490.174,0.15540,0.00000,0.15540,0.002501,-0.420894,0,1,5.81400,3593.304,4.465,13.000,35.840,37.570,42.446,59.910,0.000,0.000,0,3,1.5162,55,110,55,55,49
15,post_landing,98,1657.0,59,177.494,490.198,0.27954,-0.02768,0.28091,-0.000917,-0.418382,0,1,5.81400,3593.304,4.465,13.000,35.842,37.568,42.442,59.906,0.000,0.000,0,3,1.5162,55,110,55,55,49
15,post_landing,99,1673.0,59,177.775,490.191,0.09062,0.04862,0.10284,0.007966,-0.419303,0,1,5.81400,3593.304,4.465,13.000,35.841,37.569,42.444,59.907,0.000,0.000,0,3,1.5162,55,110,55,55,49
15,post_landing,100,1690.0,59,177.866,490.257,0.13642,0.05417,0.14678,0.006192,-0.411301,0,1,5.81400,3593.304,4.465,13.000,35.845,38.078,41.111,59.891,0.000,0.000,0,3,1.5162,55,110,55,55,49
15,post_landing,101,1707.0,59,177.995,490.338,0.15840,0.00000,0.15840,0.000000,-0.405442,0,1,5.81400,3593.304,4.465,13.000,35.847,38.079,41.100,58.169,0.000,0.000,0,4,1.5162,55,110,55,55,49
15,post_landing,102,1723.0,59,178.154,490.344,-0.06164,-0.01875,0.06443,0.001096,-0.405442,0,1,5.81400,3593.304,4.465,13.000,35.847,38.079,41.100,58.169,0.000,0.000,0,4,1.5162,55,110,55,55,49
15,post_landing,103,1740.0,59,178.096,490.339,-0.10686,0.06947,0.12746,0.001764,-0.404406,0,1,5.81400,3593.304,4.465,13.000,35.847,38.079,41.098,58.168,0.000,0.000,0,4,1.5162,55,110,55,55,49
15,post_landing,104,1757.0,59,177.989,490.349,0.15676,0.03490,0.16060,-0.006416,-0.402634,0,1,5.81400,3593.304,4.465,13.000,35.847,38.079,41.094,58.166,0.000,0.000,0,4,1.5162,55,110,55,55,49
15,post_landing,105,1773.0,59,178.146,490.347,-0.20904,-0.05576,0.21635,0.002785,-0.409079,0,1,5.81400,3593.304,4.465,13.000,35.846,38.079,41.107,59.886,0.000,0.000,0,4,1.5162,55,110,55,55,49
15,post_landing,106,1790.0,59,177.936,490.341,-0.17436,0.02321,0.17590,0.001620,-0.406282,0,1,5.81400,3593.304,4.465,13.000,35.846,38.079,41.102,59.879,0.000,0.000,0,4,1.5162,55,110,55,55,49
15,post_landing,107,1807.0,59,177.771,490.342,-0.00827,-0.05330,0.05393,0.000000,-0.404749,0,1,5.81400,3593.304,4.465,13.000,35.847,38.079,41.099,58.169,0.000,0.000,0,4,1.5162,55,110,55,55,49
15,post_landing,108,1823.0,59,177.763,490.341,0.00469,0.00000,0.00469,0.000000,-0.404749,0,1,5.81400,3593.304,4.465,13.000,35.847,38.079,41.099,58.169,0.000,0.000,0,4,1.5162,55,110,55,55,49
15,post_landing,109,1840.0,59,177.767,490.344,-0.19093,-0.05104,0.19763,0.002657,-0.404749,0,1,5.81400,3593.304,4.465,13.000,35.847,38.079,41.099,58.169,0.000,0.000,0,4,1.5162,55,110,55,55,49
15,post_landing,110,1857.0,59,177.587,490.337,-0.58775,-0.43571,0.73164,-0.012065,-0.402235,0,1,5.81400,3593.304,4.465,13.000,35.847,38.079,41.094,58.165,0.000,0.000,0,4,1.5162,55,110,55,55,49
15,post_landing,111,1874.0,59,176.996,490.136,-0.87878,-0.08014,0.88243,0.004798,-0.414353,0,1,5.81400,3593.304,4.465,13.000,35.844,38.077,42.434,59.898,0.000,0.000,0,2,1.5162,55,110,55,55,49
15,post_landing,112,1890.0,59,176.114,490.187,-0.61823,0.00000,0.61823,-0.001436,-0.409534,0,1,5.81400,3593.304,4.465,13.000,35.846,38.078,41.108,59.887,0.000,0.000,0,2,1.5162,55,110,55,55,49
15,post_landing,113,1907.0,59,175.529,490.252,-0.35601,-0.06077,0.36116,-0.005268,-0.410893,0,1,5.81400,3593.304,4.465,13.000,35.845,38.078,41.110,59.890,0.000,0.000,0,3,1.5162,55,110,55,55,49
15,post_landing,114,1923.0,59,175.171,490.216,-0.22861,-0.03372,0.23108,-0.004612,-0.416184,0,1,5.81400,3593.304,4.465,13.000,35.843,38.076,42.437,59.902,0.000,0.000,0,3,1.5162,55,110,55,55,49
15,post_landing,115,1940.0,59,174.942,490.181,-0.13481,-0.01900,0.13614,-0.003093,-0.420816,0,1,5.81400,3593.304,4.465,13.000,35.840,37.570,42.446,59.910,0.000,0.000,0,3,1.5162,55,110,55,55,49
15,post_landing,116,1957.0,59,174.814,490.153,0.03125,-0.03961,0.05045,-0.005099,-0.423742,0,1,5.81400,3593.304,4.465,13.000,35.838,37.572,42.451,59.915,0.000,0.000,0,3,1.5162,55,110,55,55,49
15,post_landing,117,1973.0,59,174.845,490.117,0.03679,0.00000,0.03679,-0.001354,-0.428864,0,1,5.81400,3593.304,4.465,13.000,5.379,37.574,42.460,59.921,0.000,0.000,0,3,1.5162,55,110,55,55,49
15,post_landing,118,1990.0,59,174.882,490.107,0.03578,0.00000,0.03578,0.001768,-0.430224,0,1,5.81400,3593.304,4.465,13.000,5.379,37.575,42.462,59.923,0.000,0.000,0,3,1.5162,55,110,55,55,49
16,falling,0,28.0,,195.000,97.029,0.00000,0.55000,0.55000,0.000000,0.000000,0,0,3.30600,3597.108,6.323,12.000,12.000,15.000,21.000,23.000,0.000,0.000,0,0,2.0291,49,98,49,49,48
16,falling,1,42.0,,195.000,97.681,0.00000,0.77640,0.77640,0.000000,0.000000,0,0,3.30600,3597.108,6.323,12.000,12.000,15.000,21.000,23.000,0.000,0.000,0,0,2.0291,49,98,49,49,48
16,falling,2,58.0,,195.000,98.672,0.00000,1.03189,1.03189,0.000000,0.000000,0,0,3.30600,3597.108,6.323,12.000,12.000,15.000,21.000,23.000,0.000,0.000,0,0,2.0291,49,98,49,49,48
16,falling,3,75.0,,195.000,99.997,0.00000,1.29944,1.29944,0.000000,0.000000,0,0,3.30600,3597.108,6.323,12.000,12.000,15.000,21.000,23.000,0.000,0.000,0,0,2.0291,49,98,49,49,48
16,falling,4,92.0,,195.000,101.591,0.00000,1.56289,1.56289,0.000000,0.000000,0,0,3.30600,3597.108,6.323,12.000,12.000,15.000,21.000,23.000,0.000,0.000,0,0,2.0291,49,98,49,49,48
16,falling,5,108.0,,195.000,103.326,0.00000,1.80705,1.80705,0.000000,0.000000,0,0,3.30600,3597.108,6.323,12.000,12.000,15.000,21.000,23.000,0.000,0.000,0,0,2.0291,49,98,49,49,48
16,falling,6,125.0,,195.000,105.430,0.00000,2.06273,2.06273,0.000000,0.000000,0,0,3.30600,3597.108,6.323,12.000,12.000,15.000,21.000,23.000,0.000,0.000,0,0,2.0291,49,98,49,49,48
16,falling,7,142.0,,195.000,107.791,0.00000,2.31451,2.31451,0.000000,0.000000,0,0,3.30600,3597.108,6.323,12.000,12.000,15.000,21.000,23.000,0.000,0.000,0,0,2.0291,49,98,49,49,48
16,falling,8,158.0,,195.000,110.237,0.00000,2.54785,2.54785,0.000000,0.000000,0,0,3.30600,3597.108,6.323,12.000,12.000,15.000,21.000,23.000,0.000,0.000,0,0,2.0291,49,98,49,49,48
16,falling,9,175.0,,195.000,113.085,0.00000,2.79220,2.79220,0.000000,0.000000,0,0,3.30600,3597.108,6.323,12.000,12.000,15.000,21.000,23.000,0.000,0.000,0,0,2.0291,49,98,49,49,48
16,falling,10,192.0,,195.000,116.178,0.00000,3.03281,3.03281,0.000000,0.000000,0,0,3.30600,3597.108,6.323,12.000,12.000,15.000,21.000,23.000,0.000,0.000,0,0,2.0291,49,98,49,49,48
16,falling,11,209.0,,195.000,119.304,0.00000,3.25580,3.25580,0.000000,0.000000,0,0,3.30600,3597.108,6.323,12.000,12.000,15.000,21.000,23.000,0.000,0.000,0,0,2.0291,49,98,49,49,48
16,falling,12,225.0,,195.000,122.863,0.00000,3.48932,3.48932,0.000000,0.000000,0,0,3.30600,3597.108,6.323,12.000,12.000,15.000,21.000,23.000,0.000,0.000,0,0,2.0291,49,98,49,49,48
16,falling,13,242.0,,195.000,126.657,0.00000,3.71927,3.71927,0.000000,0.000000,0,0,3.30600,3597.108,6.323,12.000,12.000,15.000,21.000,23.000,0.000,0.000,0,0,2.0291,49,98,49,49,48
16,falling,14,259.0,,195.000,130.432,0.00000,3.93238,3.93238,0.000000,0.000000,0,0,3.30600,3597.108,6.323,12.000,12.000,15.000,21.000,23.000,0.000,0.000,0,0,2.0291,49,98,49,49,48
16,falling,15,275.0,,195.000,134.670,0.00000,4.15555,4.15555,0.000000,0.000000,0,0,3.30600,3597.108,6.323,12.000,12.000,15.000,21.000,23.000,0.000,0.000,0,0,2.0291,49,98,49,49,48
16,falling,16,292.0,,195.000,139.133,0.00000,4.37530,4.37530,0.000000,0.000000,0,0,3.30600,3597.108,6.323,12.000,12.000,15.000,21.000,23.000,0.000,0.000,0,0,2.0291,49,98,49,49,48
16,falling,17,309.0,,195.000,143.529,0.00000,4.57896,4.57896,0.000000,0.000000,0,0,3.30600,3597.108,6.323,12.000,12.000,15.000,21.000,23.000,0.000,0.000,0,0,2.0291,49,98,49,49,48
16,falling,18,325.0,,195.000,148.417,0.00000,4.79224,4.79224,0.000000,0.000000,0,0,3.30600,3597.108,6.323,12.000,12.000,15.000,21.000,23.000,0.000,0.000,0,0,2.0291,49,98,49,49,48
16,falling,19,342.0,,195.000,153.519,0.00000,5.00225,5.00225,0.000000,0.000000,0,0,3.30600,3597.108,6.323,12.000,12.000,15.000,21.000,23.000,0.000,0.000,0,0,2.0291,49,98,49,49,48
16,falling,20,359.0,,195.000,158.508,0.00000,5.19688,5.19688,0.000000,0.000000,0,0,3.30600,3597.108,6.323,12.000,12.000,15.000,21.000,23.000,0.000,0.000,0,0,2.0291,49,98,49,49,48
16,falling,21,375.0,,195.000,164.017,0.00000,5.40071,5.40071,0.000000,0.000000,0,0,3.30600,3597.108,6.323,12.000,12.000,15.000,21.000,23.000,0.000,0.000,0,0,2.0291,49,98,49,49,48
16,falling,22,392.0,,195.000,169.731,0.00000,5.60141,5.60141,0.000000,0.000000,0,0,3.30600,3597.108,6.323,12.000,12.000,15.000,21.000,23.000,0.000,0.000,0,0,2.0291,49,98,49,49,48
16,falling,23,409.0,,195.000,175.286,0.00000,5.78741,5.78741,0.000000,0.000000,0,0,3.30600,3597.108,6.323,12.000,12.000,15.000,21.000,23.000,0.000,0.000,0,0,2.0291,49,98,49,49,48
16,falling,24,425.0,,195.000,181.388,0.00000,5.98220,5.98220,0.000000,0.000000,0,0,3.30600,3597.108,6.323,12.000,12.000,15.000,21.000,23.000,0.000,0.000,0,0,2.0291,49,98,49,49,48
16,falling,25,442.0,,195.000,187.686,0.00000,6.17401,6.17401,0.000000,0.000000,0,0,3.30600,3597.108,6.323,12.000,12.000,15.000,21.000,23.000,0.000,0.000,0,0,2.0291,49,98,49,49,48
16,falling,26,459.0,,195.000,193.784,0.00000,6.35177,6.35177,0.000000,0.000000,0,0,3.30600,3597.108,6.323,12.000,12.000,15.000,21.000,23.000,0.000,0.000,0,0,2.0291,49,98,49,49,48
16,falling,27,475.0,,195.000,200.452,0.00000,6.53792,6.53792,0.000000,0.000000,0,0,3.30600,3597.108,6.323,12.000,12.000,15.000,21.000,23.000,0.000,0.000,0,0,2.0291,49,98,49,49,48
16,falling,28,492.0,,195.000,207.308,0.00000,6.72122,6.72122,0.000000,0.000000,0,0,3.30600,3597.108,6.323,12.000,12.000,15.000,21.000,23.000,0.000,0.000,0,0,2.0291,49,98,49,49,48
16,falling,29,509.0,,195.000,213.923,0.00000,6.89110,6.89110,0.000000,0.000000,0,0,3.30600,3597.108,6.323,12.000,12.000,15.000,21.000,23.000,0.000,0.000,0,0,2.0291,49,98,49,49,48
16,falling,30,525.0,,195.000,221.134,0.00000,7.06900,7.06900,0.000000,0.000000,0,0,3.30600,3597.108,6.323,12.000,12.000,15.000,21.000,23.000,0.000,0.000,0,0,2.0291,49,98,49,49,48
16,falling,31,542.0,,195.000,228.523,0.00000,7.24418,7.24418,0.000000,0.000000,0,0,3.30600,3597.108,6.323,12.000,12.000,15.000,21.000,23.000,0.000,0.000,0,0,2.0291,49,98,49,49,48
16,falling,32,559.0,,195.000,235.633,0.00000,7.40653,7.40653,0.000000,0.000000,0,0,3.30600,3597.108,6.323,12.000,12.000,15.000,21.000,23.000,0.000,0.000,0,0,2.0291,49,98,49,49,48
16,falling,33,575.0,,195.000,243.361,0.00000,7.57654,7.57654,0.000000,0.000000,0,0,3.30600,3597.108,6.323,12.000,12.000,15.000,21.000,23.000,0.000,0.000,0,0,2.0291,49,98,49,49,48
16,falling,34,592.0,,195.000,251.260,0.00000,7.74396,7.74396,0.000000,0.000000,0,0,3.30600,3597.108,6.323,12.000,12.000,15.000,21.000,23.000,0.000,0.000,0,0,2.0291,49,98,49,49,48
16,falling,35,609.0,,195.000,258.843,0.00000,7.89911,7.89911,0.000000,0.000000,0,0,3.30600,3597.108,6.323,12.000,12.000,15.000,21.000,23.000,0.000,0.000,0,0,2.0291,49,98,49,49,48
16,falling,36,625.0,,195.000,267.066,0.00000,8.06159,8.06159,0.000000,0.000000,0,0,3.30600,3597.108,6.323,12.000,12.000,15.000,21.000,23.000,0.000,0.000,0,0,2.0291,49,98,49,49,48
16,falling,37,642.0,,195.000,275.452,0.00000,8.22158,8.22158,0.000000,0.000000,0,0,3.30600,3597.108,6.323,12.000,12.000,15.000,21.000,23.000,0.000,0.000,0,0,2.0291,49,98,49,49,48
16,falling,38,659.0,,195.000,283.487,0.00000,8.36985,8.36985,0.000000,0.000000,0,0,3.30600,3597.108,6.323,12.000,12.000,15.000,21.000,23.000,0.000,0.000,0,0,2.0291,49,98,49,49,48
16,falling,39,675.0,,195.000,292.183,0.00000,8.52513,8.52513,0.000000,0.000000,0,0,3.30600,3597.108,6.323,12.000,12.000,15.000,21.000,23.000,0.000,0.000,0,0,2.0291,49,98,49,49,48
16,falling,40,692.0,,195.000,301.034,0.00000,8.67803,8.67803,0.000000,0.000000,0,0,3.30600,3597.108,6.323,12.000,12.000,15.000,21.000,23.000,0.000,0.000,0,0,2.0291,49,98,49,49,48
16,falling,41,709.0,,195.000,309.501,0.00000,8.81973,8.81973,0.000000,0.000000,0,0,3.30600,3597.108,6.323,12.000,12.000,15.000,21.000,23.000,0.000,0.000,0,0,2.0291,49,98,49,49,48
16,falling,42,725.0,,195.000,318.649,0.00000,8.96812,8.96812,0.000000,0.000000,0,0,3.30600,3597.108,6.323,12.000,12.000,15.000,21.000,23.000,0.000,0.000,0,0,2.0291,49,98,49,49,48
16,falling,43,742.0,,195.000,327.945,0.00000,9.11424,9.11424,0.000000,0.000000,0,0,3.30600,3597.108,6.323,12.000,12.000,15.000,21.000,23.000,0.000,0.000,0,0,2.0291,49,98,49,49,48
16,falling,44,759.0,,195.000,336.825,0.00000,9.24966,9.24966,0.000000,0.000000,0,0,3.30600,3597.108,6.323,12.000,12.000,15.000,21.000,23.000,0.000,0.000,0,0,2.0291,49,98,49,49,48
16,falling,45,775.0,,195.000,346.404,0.00000,9.39148,9.39148,0.000000,0.000000,0,0,3.30600,3597.108,6.323,12.000,12.000,15.000,21.000,23.000,0.000,0.000,0,0,2.0291,49,98,49,49,48
16,falling,46,792.0,,195.000,356.126,0.00000,9.53112,9.53112,0.000000,0.000000,0,0,3.30600,3597.108,6.323,12.000,12.000,15.000,21.000,23.000,0.000,0.000,0,0,2.0291,49,98,49,49,48
16,falling,47,810.0,,195.000,365.400,0.00000,9.66054,9.66054,0.000000,0.000000,0,0,3.30600,3597.108,6.323,12.000,12.000,15.000,21.000,23.000,0.000,0.000,0,0,2.0291,49,98,49,49,48
16,falling,48,825.0,,195.000,375.392,0.00000,9.79607,9.79607,0.000000,0.000000,0,0,3.30600,3597.108,6.323,12.000,12.000,15.000,21.000,23.000,0.000,0.000,0,0,2.0291,49,98,49,49,48
16,falling,49,842.0,,195.000,385.520,0.00000,9.92952,9.92952,0.000000,0.000000,0,0,3.30600,3597.108,6.323,12.000,12.000,15.000,21.000,23.000,0.000,0.000,0,0,2.0291,49,98,49,49,48
16,falling,50,859.0,,195.000,395.171,0.00000,10.05320,10.05320,0.000000,0.000000,0,0,3.30600,3597.108,6.323,12.000,12.000,15.000,21.000,23.000,0.000,0.000,0,0,2.0291,49,98,49,49,48
16,falling,51,875.0,,195.000,405.558,0.00000,10.18272,10.18272,0.000000,0.000000,0,0,3.30600,3597.108,6.323,12.000,12.000,15.000,21.000,23.000,0.000,0.000,0,0,2.0291,49,98,49,49,48
16,falling,52,892.0,,195.000,416.074,0.00000,10.31026,10.31026,0.000000,0.000000,0,0,3.30600,3597.108,6.323,12.000,12.000,15.000,21.000,23.000,0.000,0.000,0,0,2.0291,49,98,49,49,48
16,falling,53,909.0,,195.000,426.085,0.00000,10.42846,10.42846,0.000000,0.000000,0,0,3.30600,3597.108,6.323,12.000,12.000,15.000,21.000,23.000,0.000,0.000,0,0,2.0291,49,98,49,49,48
16,falling,54,925.0,,195.000,436.849,0.00000,10.55224,10.55224,0.000000,0.000000,0,0,3.30600,3597.108,6.323,12.000,12.000,15.000,21.000,23.000,0.000,0.000,0,0,2.0291,49,98,49,49,48
16,falling,55,942.0,,195.000,447.736,0.00000,10.67412,10.67412,0.000000,0.000000,0,0,3.30600,3597.108,6.323,12.000,12.000,15.000,21.000,23.000,0.000,0.000,0,0,2.0291,49,98,49,49,48
16,falling,56,959.0,,195.000,458.092,0.00000,10.78708,10.78708,0.000000,0.000000,0,0,3.30600,3597.108,6.323,12.000,12.000,15.000,21.000,23.000,0.000,0.000,0,0,2.0291,49,98,49,49,48
16,falling,57,975.0,,195.000,469.215,0.00000,10.90537,10.90537,0.000000,0.000000,0,0,3.30600,3597.108,6.323,12.000,12.000,15.000,21.000,23.000,0.000,0.000,0,0,2.0291,49,98,49,49,48
16,falling,58,992.0,,195.000,480.458,0.00000,11.02185,11.02185,0.000000,0.000000,0,0,3.30600,3597.108,6.323,12.000,12.000,15.000,21.000,23.000,0.000,0.000,0,0,2.0291,49,98,49,49,48
16,falling,59,1009.0,,195.000,491.142,0.00000,11.12980,11.12980,0.000000,0.000000,0,0,3.30600,3597.108,6.323,12.000,6.000,12.000,18.000,22.000,0.000,0.000,0,0,2.0291,49,98,49,49,48
16,post_landing,60,1025.0,60,195.000,500.771,-1.13920,0.08121,1.14209,-0.023617,0.000000,0,1,3.30600,3597.108,6.323,12.000,12.000,15.000,21.000,23.000,0.000,0.000,0,3,2.0291,49,98,49,49,48
16,post_landing,61,1042.0,60,193.856,500.451,-0.63242,0.06450,0.63570,-0.013491,-0.023721,0,1,3.30600,3597.108,6.323,12.000,11.021,15.019,21.065,23.160,0.000,0.000,0,2,2.0291,49,98,49,49,48
16,post_landing,62,1059.0,60,193.257,500.141,-0.36953,0.07652,0.37737,-0.007940,-0.036485,0,1,3.30600,3597.108,6.323,12.000,11.029,15.026,21.095,23.240,0.000,0.000,0,1,2.0291,49,98,49,49,48
16,post_landing,63,1075.0,60,192.886,500.228,-0.23693,0.05005,0.24216,-0.005117,-0.044460,0,1,3.30600,3597.108,6.323,12.000,11.034,15.030,21.113,23.288,0.000,0.000,0,1,2.0291,49,98,49,49,48
16,post_landing,64,1092.0,60,192.648,500.284,-0.16518,0.03517,0.16888,-0.003578,-0.049600,0,1,3.30600,3597.108,6.323,12.000,11.036,15.031,21.123,23.319,0.000,0.000,0,1,2.0291,49,98,49,49,48
16,post_landing,65,1109.0,60,192.492,500.336,-0.12502,0.02663,0.12782,-0.002695,-0.052985,0,1,3.30600,3597.108,6.323,12.000,11.038,15.032,21.129,23.338,0.000,0.000,0,1,2.0291,49,98,49,49,48
16,post_landing,66,1125.0,60,192.366,500.350,-0.10428,0.04643,0.11415,-0.004213,-0.055692,0,1,3.30600,3597.108,6.323,12.000,11.039,15.032,21.134,23.354,0.000,0.000,0,1,2.0291,49,98,49,49,48
16,post_landing,67,1142.0,60,192.262,500.417,-0.12186,0.05417,0.13335,-0.004896,-0.059923,0,1,3.30600,3597.108,6.323,12.000,11.040,15.033,21.142,57.497,0.000,0.000,0,1,2.0291,49,98,49,49,48
16,post_landing,68,1159.0,60,192.146,500.466,-0.13363,0.06007,0.14651,-0.005383,-0.064556,0,1,3.30600,3597.108,6.323,12.000,11.042,15.033,21.150,57.526,0.000,0.000,0,1,2.0291,49,98,49,49,48
16,post_landing,69,1175.0,60,192.012,500.530,-0.14544,0.06622,0.15981,-0.005875,-0.069962,0,1,3.30600,3597.108,6.323,12.000,11.043,15.033,21.158,57.560,0.000,0.000,0,1,2.0291,49,98,49,49,48
16,post_landing,70,1192.0,60,191.866,500.597,-0.15515,0.07164,0.17089,-0.006288,-0.075863,0,1,3.30600,3597.108,6.323,12.000,11.044,15.033,21.243,61.658,0.000,0.000,0,1,2.0291,49,98,49,49,48
16,post_landing,71,1209.0,60,191.719,500.661,-0.16108,0.07542,0.17786,-0.006550,-0.081812,0,1,3.30600,3597.108,6.323,12.000,11.045,15.032,21.257,61.695,0.000,0.000,0,1,2.0291,49,98,49,49,48
16,post_landing,72,1225.0,60,191.558,500.741,-0.16820,0.07997,0.18624,-0.006865,-0.088391,0,1,3.30600,3597.108,6.323,12.000,11.045,15.030,21.271,64.809,0.000,0.000,0,1,2.0291,49,98,49,49,48
16,post_landing,73,1242.0,60,191.389,500.822,-0.17414,0.08412,0.19339,-0.007136,-0.095286,0,1,3.30600,3597.108,6.323,12.000,11.045,18.109,21.285,64.851,0.000,0.000,0,1,2.0291,49,98,49,49,48
16,post_landing,74,1259.0,60,191.224,500.898,-0.17699,0.08683,0.19714,-0.007282,-0.102038,0,1,3.30600,3597.108,6.323,12.000,11.045,18.110,21.298,64.889,0.000,0.000,0,1,2.0291,49,98,49,49,48
16,post_landing,75,1275.0,60,191.046,500.990,-0.18166,0.09062,0.20301,-0.007506,-0.109352,0,1,3.30600,3597.108,6.323,12.000,11.043,18.111,21.311,65.036,0.000,0.000,0,1,2.0291,49,98,49,49,48
16,post_landing,76,1292.0,60,190.864,501.082,-0.18562,0.09418,0.20815,-0.007705,-0.116891,0,1,3.30600,3597.108,6.323,12.000,11.042,18.110,21.323,65.079,0.000,0.000,0,1,2.0291,49,98,49,49,48
16,post_landing,77,1309.0,60,190.677,501.177,-0.18902,0.09758,0.21272,-0.007884,-0.124630,0,1,3.30600,3597.108,6.323,12.000,14.140,18.109,21.334,65.244,0.000,0.000,0,1,2.0291,49,98,49,49,48
16,post_landing,78,1325.0,60,190.498,501.266,-0.18975,0.09959,0.21430,-0.007952,-0.132090,0,1,3.30600,3597.108,6.323,12.000,14.141,18.107,22.467,65.286,0.000,0.000,0,1,2.0291,49,98,49,49,48
16,post_landing,79,1342.0,60,190.308,501.506,-0.18303,0.05833,0.19210,-0.007665,-0.140076,0,1,3.30600,3597.108,6.323,12.000,14.142,18.103,57.838,65.467,0.000,0.000,0,2,2.0291,49,98,49,49,48
16,post_landing,80,1359.0,60,190.135,501.584,-0.17157,0.05614,0.18052,-0.007260,-0.147329,0,1,3.30600,3597.108,6.323,12.000,14.142,20.371,61.954,65.509,0.000,0.000,0,2,2.0291,49,98,49,49,48
16,post_landing,81,1375.0,60,189.962,501.664,-0.16466,0.05513,0.17364,-0.007002,-0.154621,0,1,3.30600,3597.108,6.323,12.000,14.141,20.377,61.966,65.547,0.000,0.000,0,2,2.0291,49,98,49,49,48
16,post_landing,82,1392.0,60,189.797,501.738,-0.15942,0.05455,0.16849,-0.006811,-0.161653,0,1,3.30600,3597.108,6.323,12.000,14.139,20.383,65.097,65.741,0.000,0.000,0,2,2.0291,49,98,49,49,48
16,post_landing,83,1409.0,60,189.646,501.803,-0.15402,0.05375,0.16313,-0.006609,-0.168098,0,1,3.30600,3597.108,6.323,12.000,8.222,20.387,65.106,65.775,0.000,0.000,0,2,2.0291,49,98,49,49,48
16,post_landing,84,1426.0,60,189.491,501.878,-0.15143,0.05392,0.16074,-0.006528,-0.174736,0,1,3.30600,3597.108,6.323,12.000,8.226,20.391,65.285,65.981,0.000,0.000,0,2,2.0291,49,98,49,49,48
16,post_landing,85,1442.0,60,189.339,501.950,-0.14962,0.05433,0.15918,-0.006479,-0.181292,0,1,3.30600,3597.108,6.323,12.000,11.361,57.066,65.295,66.016,0.000,0.000,0,2,2.0291,49,98,49,49,48
16,post_landing,86,1459.0,60,189.198,502.013,-0.14688,0.05431,0.15660,-0.006388,-0.187423,0,1,3.30600,3597.108,6.323,12.000,11.366,61.185,65.301,66.047,0.000,0.000,0,2,2.0291,49,98,49,49,48
16,post_landing,87,1475.0,60,189.050,502.088,-0.14632,0.05519,0.15638,-0.006401,-0.193839,0,1,3.30600,3597.108,6.323,12.000,11.372,64.324,65.498,66.076,0.000,0.000,0,2,2.0291,49,98,49,49,48
16,post_landing,88,1492.0,60,188.903,502.161,-0.14646,0.05619,0.15687,-0.006423,-0.200268,0,1,3.30600,3597.108,6.323,12.000,51.189,64.327,65.506,66.103,0.000,0.000,0,2,2.0291,49,98,49,49,48
16,post_landing,89,1509.0,60,188.765,502.226,-0.14525,0.05663,0.15590,-0.006385,-0.206346,0,1,3.30600,3597.108,6.323,12.000,55.313,64.327,65.511,66.125,0.000,0.000,0,2,2.0291,49,98,49,49,48
16,post_landing,90,1526.0,60,188.619,502.428,-0.00066,0.00000,0.00066,0.000000,-0.212759,0,1,3.30600,3597.108,6.323,12.000,58.460,64.536,65.724,66.147,0.000,0.000,0,4,2.0291,49,98,49,49,48
16,post_landing,91,1542.0,60,188.618,502.481,0.00063,0.00000,0.00063,0.000000,-0.212759,0,1,3.30600,3597.108,6.323,12.000,58.460,64.536,65.724,66.147,0.000,0.000,0,5,2.0291,49,98,49,49,48
16,post_landing,92,1559.0,60,188.619,502.481,0.00003,0.00000,0.00003,0.000000,-0.212759,0,1,3.30600,3597.108,6.323,12.000,58.460,64.536,65.724,66.147,0.000,0.000,0,5,2.0291,49,98,49,49,48
16,post_landing,93,1575.0,60,188.619,502.485,-0.00002,0.00000,0.00002,0.000000,-0.212759,0,1,3.30600,3597.108,6.323,12.000,58.460,64.536,65.724,66.147,0.000,0.000,0,5,2.0291,49,98,49,49,48
16,post_landing,94,1592.0,60,188.619,502.485,-0.00000,0.00000,0.00000,0.000000,-0.212759,0,1,3.30600,3597.108,6.323,12.000,58.460,64.536,65.724,66.147,0.000,0.000,0,5,2.0291,49,98,49,49,48
16,post_landing,95,1609.0,60,188.619,502.481,0.00002,0.00000,0.00002,0.000000,-0.212759,0,1,3.30600,3597.108,6.323,12.000,58.460,64.536,65.724,66.147,0.000,0.000,0,5,2.0291,49,98,49,49,48
16,post_landing,96,1625.0,60,188.619,502.485,-0.00002,0.00000,0.00002,0.000000,-0.212759,0,1,3.30600,3597.108,6.323,12.000,58.460,64.536,65.724,66.147,0.000,0.000,0,5,2.0291,49,98,49,49,48
16,post_landing,97,1642.0,60,188.619,502.485,-0.00000,0.00000,0.00000,0.000000,-0.212759,0,1,3.30600,3597.108,6.323,12.000,58.460,64.536,65.724,66.147,0.000,0.000,0,5,2.0291,49,98,49,49,48
16,post_landing,98,1659.0,60,188.619,502.481,0.00002,0.00000,0.00002,0.000000,-0.212759,0,1,3.30600,3597.108,6.323,12.000,58.460,64.536,65.724,66.147,0.000,0.000,0,5,2.0291,49,98,49,49,48
16,post_landing,99,1675.0,60,188.619,502.485,-0.00002,0.00000,0.00002,0.000000,-0.212759,0,1,3.30600,3597.108,6.323,12.000,58.460,64.536,65.724,66.147,0.000,0.000,0,5,2.0291,49,98,49,49,48
16,post_landing,100,1692.0,60,188.619,502.485,-0.00000,0.00000,0.00000,0.000000,-0.212759,0,1,3.30600,3597.108,6.323,12.000,58.460,64.536,65.724,66.147,0.000,0.000,0,5,2.0291,49,98,49,49,48
16,post_landing,101,1709.0,60,188.619,502.485,0.00000,0.00000,0.00000,0.000000,-0.212759,0,1,3.30600,3597.108,6.323,12.000,58.460,64.536,65.724,66.147,0.000,0.000,0,5,2.0291,49,98,49,49,48
16,post_landing,102,1725.0,60,188.619,502.481,0.00002,0.00000,0.00002,0.000000,-0.212759,0,1,3.30600,3597.108,6.323,12.000,58.460,64.536,65.724,66.147,0.000,0.000,0,5,2.0291,49,98,49,49,48
16,post_landing,103,1742.0,60,188.619,502.485,-0.00002,0.00000,0.00002,0.000000,-0.212759,0,1,3.30600,3597.108,6.323,12.000,58.460,64.536,65.724,66.147,0.000,0.000,0,5,2.0291,49,98,49,49,48
16,post_landing,104,1759.0,60,188.619,502.481,0.00002,0.00000,0.00002,0.000000,-0.212759,0,1,3.30600,3597.108,6.323,12.000,58.460,64.536,65.724,66.147,0.000,0.000,0,5,2.0291,49,98,49,49,48
16,post_landing,105,1776.0,60,188.619,502.485,-0.00002,0.00000,0.00002,0.000000,-0.212759,0,1,3.30600,3597.108,6.323,12.000,58.460,64.536,65.724,66.147,0.000,0.000,0,5,2.0291,49,98,49,49,48
16,post_landing,106,1792.0,60,188.619,502.485,-0.00000,0.00000,0.00000,0.000000,-0.212759,0,1,3.30600,3597.108,6.323,12.000,58.460,64.536,65.724,66.147,0.000,0.000,0,5,2.0291,49,98,49,49,48
16,post_landing,107,1809.0,60,188.619,502.481,0.00002,0.00000,0.00002,0.000000,-0.212759,0,1,3.30600,3597.108,6.323,12.000,58.460,64.536,65.724,66.147,0.000,0.000,0,5,2.0291,49,98,49,49,48
16,post_landing,108,1826.0,60,188.619,502.485,-0.00002,0.00000,0.00002,0.000000,-0.212759,0,1,3.30600,3597.108,6.323,12.000,58.460,64.536,65.724,66.147,0.000,0.000,0,5,2.0291,49,98,49,49,48
16,post_landing,109,1842.0,60,188.619,502.485,-0.00000,0.00000,0.00000,0.000000,-0.212759,0,1,3.30600,3597.108,6.323,12.000,58.460,64.536,65.724,66.147,0.000,0.000,0,5,2.0291,49,98,49,49,48
16,post_landing,110,1859.0,60,188.619,502.481,0.00002,0.00000,0.00002,0.000000,-0.212759,0,1,3.30600,3597.108,6.323,12.000,58.460,64.536,65.724,66.147,0.000,0.000,0,5,2.0291,49,98,49,49,48
16,post_landing,111,1876.0,60,188.619,502.485,-0.00002,0.00000,0.00002,0.000000,-0.212759,0,1,3.30600,3597.108,6.323,12.000,58.460,64.536,65.724,66.147,0.000,0.000,0,5,2.0291,49,98,49,49,48
16,post_landing,112,1892.0,60,188.619,502.485,-0.00000,0.00000,0.00000,0.000000,-0.212759,0,1,3.30600,3597.108,6.323,12.000,58.460,64.536,65.724,66.147,0.000,0.000,0,5,2.0291,49,98,49,49,48
16,post_landing,113,1909.0,60,188.619,502.485,0.00000,0.00000,0.00000,0.000000,-0.212759,0,1,3.30600,3597.108,6.323,12.000,58.460,64.536,65.724,66.147,0.000,0.000,0,5,2.0291,49,98,49,49,48
16,post_landing,114,1926.0,60,188.619,502.481,0.00002,0.00000,0.00002,0.000000,-0.212759,0,1,3.30600,3597.108,6.323,12.000,58.460,64.536,65.724,66.147,0.000,0.000,0,5,2.0291,49,98,49,49,48
16,post_landing,115,1942.0,60,188.619,502.485,-0.00002,0.00000,0.00002,0.000000,-0.212759,0,1,3.30600,3597.108,6.323,12.000,58.460,64.536,65.724,66.147,0.000,0.000,0,5,2.0291,49,98,49,49,48
16,post_landing,116,1959.0,60,188.619,502.485,-0.00000,0.00000,0.00000,0.000000,-0.212759,0,1,3.30600,3597.108,6.323,12.000,58.460,64.536,65.724,66.147,0.000,0.000,0,5,2.0291,49,98,49,49,48
16,post_landing,117,1975.0,60,188.619,502.481,0.00002,0.00000,0.00002,0.000000,-0.212759,0,1,3.30600,3597.108,6.323,12.000,58.460,64.536,65.724,66.147,0.000,0.000,0,5,2.0291,49,98,49,49,48
16,post_landing,118,1992.0,60,188.619,502.485,-0.00002,0.00000,0.00002,0.000000,-0.212759,0,1,3.30600,3597.108,6.323,12.000,58.460,64.536,65.724,66.147,0.000,0.000,0,5,2.0291,49,98,49,49,48
16,post_landing,119,2009.0,60,188.619,502.485,-0.00000,0.00000,0.00000,0.000000,-0.212759,0,1,3.30600,3597.108,6.323,12.000,58.460,64.536,65.724,66.147,0.000,0.000,0,5,2.0291,49,98,49,49,48
17,falling,0,21.0,,195.000,96.964,0.00000,0.53333,0.53333,0.000000,0.000000,0,0,5.48000,5629.969,2.731,19.000,19.000,25.000,42.000,47.000,0.000,0.000,0,0,1.4452,58,116,58,59,60
17,falling,1,22.0,,195.000,96.997,0.00000,0.54952,0.54952,0.000000,0.000000,0,0,5.48000,5629.969,2.731,19.000,19.000,25.000,42.000,47.000,0.000,0.000,0,0,1.4452,58,116,58,59,60
17,falling,2,39.0,,195.000,97.773,0.00000,0.80827,0.80827,0.000000,0.000000,0,0,5.48000,5629.969,2.731,19.000,19.000,25.000,42.000,47.000,0.000,0.000,0,0,1.4452,58,116,58,59,60
17,falling,3,55.0,,195.000,98.874,0.00000,1.07924,1.07924,0.000000,0.000000,0,0,5.48000,5629.969,2.731,19.000,19.000,25.000,42.000,47.000,0.000,0.000,0,0,1.4452,58,116,58,59,60
17,falling,4,72.0,,195.000,100.247,0.00000,1.34606,1.34606,0.000000,0.000000,0,0,5.48000,5629.969,2.731,19.000,19.000,25.000,42.000,47.000,0.000,0.000,0,0,1.4452,58,116,58,59,60
17,falling,5,89.0,,195.000,101.776,0.00000,1.59334,1.59334,0.000000,0.000000,0,0,5.48000,5629.969,2.731,19.000,19.000,25.000,42.000,47.000,0.000,0.000,0,0,1.4452,58,116,58,59,60
17,falling,6,105.0,,195.000,103.666,0.00000,1.85230,1.85230,0.000000,0.000000,0,0,5.48000,5629.969,2.731,19.000,19.000,25.000,42.000,47.000,0.000,0.000,0,0,1.4452,58,116,58,59,60
17,falling,7,123.0,,195.000,105.815,0.00000,2.10729,2.10729,0.000000,0.000000,0,0,5.48000,5629.969,2.731,19.000,19.000,25.000,42.000,47.000,0.000,0.000,0,0,1.4452,58,116,58,59,60
17,falling,8,139.0,,195.000,108.221,0.00000,2.35838,2.35838,0.000000,0.000000,0,0,5.48000,5629.969,2.731,19.000,19.000,25.000,42.000,47.000,0.000,0.000,0,0,1.4452,58,116,58,59,60
17,falling,9,155.0,,195.000,110.708,0.00000,2.59109,2.59109,0.000000,0.000000,0,0,5.48000,5629.969,2.731,19.000,19.000,25.000,42.000,47.000,0.000,0.000,0,0,1.4452,58,116,58,59,60
17,falling,10,172.0,,195.000,113.600,0.00000,2.83478,2.83478,0.000000,0.000000,0,0,5.48000,5629.969,2.731,19.000,19.000,25.000,42.000,47.000,0.000,0.000,0,0,1.4452,58,116,58,59,60
17,falling,11,189.0,,195.000,116.736,0.00000,3.07474,3.07474,0.000000,0.000000,0,0,5.48000,5629.969,2.731,19.000,19.000,25.000,42.000,47.000,0.000,0.000,0,0,1.4452,58,116,58,59,60
17,falling,12,205.0,,195.000,119.901,0.00000,3.29713,3.29713,0.000000,0.000000,0,0,5.48000,5629.969,2.731,19.000,19.000,25.000,42.000,47.000,0.000,0.000,0,0,1.4452,58,116,58,59,60
17,falling,13,222.0,,195.000,123.502,0.00000,3.53002,3.53002,0.000000,0.000000,0,0,5.48000,5629.969,2.731,19.000,19.000,25.000,42.000,47.000,0.000,0.000,0,0,1.4452,58,116,58,59,60
17,falling,14,239.0,,195.000,127.098,0.00000,3.74585,3.74585,0.000000,0.000000,0,0,5.48000,5629.969,2.731,19.000,19.000,25.000,42.000,47.000,0.000,0.000,0,0,1.4452,58,116,58,59,60
17,falling,15,255.0,,195.000,131.149,0.00000,3.97188,3.97188,0.000000,0.000000,0,0,5.48000,5629.969,2.731,19.000,19.000,25.000,42.000,47.000,0.000,0.000,0,0,1.4452,58,116,58,59,60
17,falling,16,272.0,,195.000,135.427,0.00000,4.19444,4.19444,0.000000,0.000000,0,0,5.48000,5629.969,2.731,19.000,19.000,25.000,42.000,47.000,0.000,0.000,0,0,1.4452,58,116,58,59,60
17,falling,17,289.0,,195.000,139.652,0.00000,4.40071,4.40071,0.000000,0.000000,0,0,5.48000,5629.969,2.731,19.000,19.000,25.000,42.000,47.000,0.000,0.000,0,0,1.4452,58,116,58,59,60
17,falling,18,305.0,,195.000,144.361,0.00000,4.61671,4.61671,0.000000,0.000000,0,0,5.48000,5629.969,2.731,19.000,19.000,25.000,42.000,47.000,0.000,0.000,0,0,1.4452,58,116,58,59,60
17,falling,19,322.0,,195.000,149.287,0.00000,4.82941,4.82941,0.000000,0.000000,0,0,5.48000,5629.969,2.731,19.000,19.000,25.000,42.000,47.000,0.000,0.000,0,0,1.4452,58,116,58,59,60
17,falling,20,339.0,,195.000,154.113,0.00000,5.02653,5.02653,0.000000,0.000000,0,0,5.48000,5629.969,2.731,19.000,19.000,25.000,42.000,47.000,0.000,0.000,0,0,1.4452,58,116,58,59,60
17,falling,21,355.0,,195.000,159.450,0.00000,5.23296,5.23296,0.000000,0.000000,0,0,5.48000,5629.969,2.731,19.000,19.000,25.000,42.000,47.000,0.000,0.000,0,0,1.4452,58,116,58,59,60
17,falling,22,372.0,,195.000,164.995,0.00000,5.43623,5.43623,0.000000,0.000000,0,0,5.48000,5629.969,2.731,19.000,19.000,25.000,42.000,47.000,0.000,0.000,0,0,1.4452,58,116,58,59,60
17,falling,23,389.0,,195.000,170.395,0.00000,5.62461,5.62461,0.000000,0.000000,0,0,5.48000,5629.969,2.731,19.000,19.000,25.000,42.000,47.000,0.000,0.000,0,0,1.4452,58,116,58,59,60
17,falling,24,405.0,,195.000,176.333,0.00000,5.82189,5.82189,0.000000,0.000000,0,0,5.48000,5629.969,2.731,19.000,19.000,25.000,42.000,47.000,0.000,0.000,0,0,1.4452,58,116,58,59,60
17,falling,25,422.0,,195.000,182.470,0.00000,6.01615,6.01615,0.000000,0.000000,0,0,5.48000,5629.969,2.731,19.000,19.000,25.000,42.000,47.000,0.000,0.000,0,0,1.4452,58,116,58,59,60
17,falling,26,439.0,,195.000,188.418,0.00000,6.19618,6.19618,0.000000,0.000000,0,0,5.48000,5629.969,2.731,19.000,19.000,25.000,42.000,47.000,0.000,0.000,0,0,1.4452,58,116,58,59,60
17,falling,27,455.0,,195.000,194.930,0.00000,6.38471,6.38471,0.000000,0.000000,0,0,5.48000,5629.969,2.731,19.000,19.000,25.000,42.000,47.000,0.000,0.000,0,0,1.4452,58,116,58,59,60
17,falling,28,472.0,,195.000,201.632,0.00000,6.57036,6.57036,0.000000,0.000000,0,0,5.48000,5629.969,2.731,19.000,19.000,25.000,42.000,47.000,0.000,0.000,0,0,1.4452,58,116,58,59,60
17,falling,29,489.0,,195.000,208.105,0.00000,6.74241,6.74241,0.000000,0.000000,0,0,5.48000,5629.969,2.731,19.000,19.000,25.000,42.000,47.000,0.000,0.000,0,0,1.4452,58,116,58,59,60
17,falling,30,505.0,,195.000,215.166,0.00000,6.92259,6.92259,0.000000,0.000000,0,0,5.48000,5629.969,2.731,19.000,19.000,25.000,42.000,47.000,0.000,0.000,0,0,1.4452,58,116,58,59,60
17,falling,31,522.0,,195.000,222.408,0.00000,7.10000,7.10000,0.000000,0.000000,0,0,5.48000,5629.969,2.731,19.000,19.000,25.000,42.000,47.000,0.000,0.000,0,0,1.4452,58,116,58,59,60
17,falling,32,539.0,,195.000,229.382,0.00000,7.26443,7.26443,0.000000,0.000000,0,0,5.48000,5629.969,2.731,19.000,19.000,25.000,42.000,47.000,0.000,0.000,0,0,1.4452,58,116,58,59,60
17,falling,33,555.0,,195.000,236.967,0.00000,7.43662,7.43662,0.000000,0.000000,0,0,5.48000,5629.969,2.731,19.000,19.000,25.000,42.000,47.000,0.000,0.000,0,0,1.4452,58,116,58,59,60
17,falling,34,572.0,,195.000,244.725,0.00000,7.60617,7.60617,0.000000,0.000000,0,0,5.48000,5629.969,2.731,19.000,19.000,25.000,42.000,47.000,0.000,0.000,0,0,1.4452,58,116,58,59,60
17,falling,35,589.0,,195.000,252.178,0.00000,7.76331,7.76331,0.000000,0.000000,0,0,5.48000,5629.969,2.731,19.000,19.000,25.000,42.000,47.000,0.000,0.000,0,0,1.4452,58,116,58,59,60
17,falling,36,605.0,,195.000,260.264,0.00000,7.92786,7.92786,0.000000,0.000000,0,0,5.48000,5629.969,2.731,19.000,19.000,25.000,42.000,47.000,0.000,0.000,0,0,1.4452,58,116,58,59,60
17,falling,37,622.0,,195.000,268.516,0.00000,8.08990,8.08990,0.000000,0.000000,0,0,5.48000,5629.969,2.731,19.000,19.000,25.000,42.000,47.000,0.000,0.000,0,0,1.4452,58,116,58,59,60
17,falling,38,639.0,,195.000,276.427,0.00000,8.24007,8.24007,0.000000,0.000000,0,0,5.48000,5629.969,2.731,19.000,19.000,25.000,42.000,47.000,0.000,0.000,0,0,1.4452,58,116,58,59,60
17,falling,39,655.0,,195.000,284.992,0.00000,8.39733,8.39733,0.000000,0.000000,0,0,5.48000,5629.969,2.731,19.000,19.000,25.000,42.000,47.000,0.000,0.000,0,0,1.4452,58,116,58,59,60
17,falling,40,672.0,,195.000,293.715,0.00000,8.55219,8.55219,0.000000,0.000000,0,0,5.48000,5629.969,2.731,19.000,19.000,25.000,42.000,47.000,0.000,0.000,0,0,1.4452,58,116,58,59,60
17,falling,41,689.0,,195.000,302.063,0.00000,8.69570,8.69570,0.000000,0.000000,0,0,5.48000,5629.969,2.731,19.000,19.000,25.000,42.000,47.000,0.000,0.000,0,0,1.4452,58,116,58,59,60
17,falling,42,705.0,,195.000,311.086,0.00000,8.84599,8.84599,0.000000,0.000000,0,0,5.48000,5629.969,2.731,19.000,19.000,25.000,42.000,47.000,0.000,0.000,0,0,1.4452,58,116,58,59,60
17,falling,43,722.0,,195.000,320.260,0.00000,8.99398,8.99398,0.000000,0.000000,0,0,5.48000,5629.969,2.731,19.000,19.000,25.000,42.000,47.000,0.000,0.000,0,0,1.4452,58,116,58,59,60
17,falling,44,739.0,,195.000,329.026,0.00000,9.13114,9.13114,0.000000,0.000000,0,0,5.48000,5629.969,2.731,19.000,19.000,25.000,42.000,47.000,0.000,0.000,0,0,1.4452,58,116,58,59,60
17,falling,45,755.0,,195.000,338.486,0.00000,9.27476,9.27476,0.000000,0.000000,0,0,5.48000,5629.969,2.731,19.000,19.000,25.000,42.000,47.000,0.000,0.000,0,0,1.4452,58,116,58,59,60
17,falling,46,772.0,,195.000,348.090,0.00000,9.41619,9.41619,0.000000,0.000000,0,0,5.48000,5629.969,2.731,19.000,19.000,25.000,42.000,47.000,0.000,0.000,0,0,1.4452,58,116,58,59,60
17,falling,47,789.0,,195.000,357.256,0.00000,9.54727,9.54727,0.000000,0.000000,0,0,5.48000,5629.969,2.731,19.000,19.000,25.000,42.000,47.000,0.000,0.000,0,0,1.4452,58,116,58,59,60
17,falling,48,805.0,,195.000,367.134,0.00000,9.68453,9.68453,0.000000,0.000000,0,0,5.48000,5629.969,2.731,19.000,19.000,25.000,42.000,47.000,0.000,0.000,0,0,1.4452,58,116,58,59,60
17,falling,49,822.0,,195.000,377.150,0.00000,9.81969,9.81969,0.000000,0.000000,0,0,5.48000,5629.969,2.731,19.000,19.000,25.000,42.000,47.000,0.000,0.000,0,0,1.4452,58,116,58,59,60
17,falling,50,839.0,,195.000,386.697,0.00000,9.94495,9.94495,0.000000,0.000000,0,0,5.48000,5629.969,2.731,19.000,19.000,25.000,42.000,47.000,0.000,0.000,0,0,1.4452,58,116,58,59,60
17,falling,51,855.0,,195.000,396.975,0.00000,10.07612,10.07612,0.000000,0.000000,0,0,5.48000,5629.969,2.731,19.000,19.000,25.000,42.000,47.000,0.000,0.000,0,0,1.4452,58,116,58,59,60
17,falling,52,872.0,,195.000,407.384,0.00000,10.20529,10.20529,0.000000,0.000000,0,0,5.48000,5629.969,2.731,19.000,19.000,25.000,42.000,47.000,0.000,0.000,0,0,1.4452,58,116,58,59,60
17,falling,53,889.0,,195.000,417.296,0.00000,10.32500,10.32500,0.000000,0.000000,0,0,5.48000,5629.969,2.731,19.000,19.000,25.000,42.000,47.000,0.000,0.000,0,0,1.4452,58,116,58,59,60
17,falling,54,905.0,,195.000,427.956,0.00000,10.45036,10.45036,0.000000,0.000000,0,0,5.48000,5629.969,2.731,19.000,19.000,25.000,42.000,47.000,0.000,0.000,0,0,1.4452,58,116,58,59,60
17,falling,55,922.0,,195.000,438.741,0.00000,10.57381,10.57381,0.000000,0.000000,0,0,5.48000,5629.969,2.731,19.000,19.000,25.000,42.000,47.000,0.000,0.000,0,0,1.4452,58,116,58,59,60
17,falling,56,939.0,,195.000,449.002,0.00000,10.68821,10.68821,0.000000,0.000000,0,0,5.48000,5629.969,2.731,19.000,19.000,25.000,42.000,47.000,0.000,0.000,0,0,1.4452,58,116,58,59,60
17,falling,57,955.0,,195.000,460.026,0.00000,10.80801,10.80801,0.000000,0.000000,0,0,5.48000,5629.969,2.731,19.000,19.000,25.000,42.000,47.000,0.000,0.000,0,0,1.4452,58,116,58,59,60
17,falling,58,972.0,,195.000,471.170,0.00000,10.92599,10.92599,0.000000,0.000000,0,0,5.48000,5629.969,2.731,19.000,19.000,25.000,42.000,47.000,0.000,0.000,0,0,1.4452,58,116,58,59,60
17,falling,59,989.0,,195.000,481.764,0.00000,11.03532,11.03532,0.000000,0.000000,0,0,5.48000,5629.969,2.731,19.000,19.000,25.000,42.000,47.000,0.000,0.000,0,0,1.4452,58,116,58,59,60
17,falling,60,1005.0,,195.000,493.137,0.00000,11.14981,11.14981,0.000000,0.000000,0,0,5.48000,5629.969,2.731,19.000,19.000,25.000,42.000,47.000,0.000,0.000,0,0,1.4452,58,116,58,59,60
17,post_landing,61,1022.0,61,195.000,498.970,-0.00079,0.00000,0.00079,0.000000,0.000000,0,1,5.48000,5629.969,2.731,19.000,19.000,25.000,42.000,47.000,0.000,0.000,0,15,1.4452,58,116,58,59,60
17,post_landing,62,1039.0,61,194.999,497.101,0.00041,0.00000,0.00041,0.000000,0.000000,0,1,5.48000,5629.969,2.731,19.000,19.000,25.000,42.000,47.000,0.000,0.000,0,9,1.4452,58,116,58,59,60
17,post_landing,63,1055.0,61,195.000,495.903,0.00143,0.00000,0.00143,0.000000,0.000000,0,1,5.48000,5629.969,2.731,19.000,19.000,25.000,42.000,47.000,0.000,0.000,0,5,1.4452,58,116,58,59,60
17,post_landing,64,1072.0,61,195.001,495.103,-0.01755,0.00000,0.01755,0.000000,0.000000,0,1,5.48000,5629.969,2.731,19.000,19.000,25.000,42.000,47.000,0.000,0.000,0,3,1.4452,58,116,58,59,60
17,post_landing,65,1089.0,61,194.985,494.601,-0.02278,0.00000,0.02278,0.000000,0.000000,0,1,5.48000,5629.969,2.731,19.000,19.000,25.000,42.000,47.000,0.000,0.000,0,2,1.4452,58,116,58,59,60
17,post_landing,66,1105.0,61,194.962,494.103,-0.03835,0.00000,0.03835,0.000000,0.000000,0,1,5.48000,5629.969,2.731,19.000,19.000,25.000,42.000,47.000,0.000,0.000,0,1,1.4452,58,116,58,59,60
17,post_landing,67,1122.0,61,194.923,494.103,-0.04205,0.00000,0.04205,-0.001273,0.000000,0,1,5.48000,5629.969,2.731,19.000,19.000,25.000,42.000,47.000,0.000,0.000,0,1,1.4452,58,116,58,59,60
17,post_landing,68,1139.0,61,194.883,494.108,-0.05694,0.01349,0.05852,-0.001791,-0.001204,0,1,5.48000,5629.969,2.731,19.000,10.001,22.001,41.002,46.002,0.000,0.000,0,1,1.4452,58,116,58,59,60
17,post_landing,69,1155.0,61,194.826,494.119,-0.07255,0.01730,0.07458,-0.002217,-0.003004,0,1,5.48000,5629.969,2.731,19.000,10.003,22.003,41.006,46.006,0.000,0.000,0,1,1.4452,58,116,58,59,60
17,post_landing,70,1172.0,61,194.753,494.131,-0.08266,0.01988,0.08502,-0.002537,-0.005231,0,1,5.48000,5629.969,2.731,19.000,10.005,22.005,41.010,46.010,0.000,0.000,0,1,1.4452,58,116,58,59,60
17,post_landing,71,1189.0,61,194.675,494.142,-0.08966,0.01510,0.09092,-0.002771,-0.007631,0,1,5.48000,5629.969,2.731,19.000,10.007,22.007,41.014,46.014,0.000,0.000,0,1,1.4452,58,116,58,59,60
17,post_landing,72,1205.0,61,194.585,494.159,-0.09688,0.01665,0.09830,-0.002989,-0.010414,0,1,5.48000,5629.969,2.731,19.000,10.010,22.009,41.019,46.018,0.000,0.000,0,1,1.4452,58,116,58,59,60
17,post_landing,73,1222.0,61,194.488,494.176,-0.10303,0.01786,0.10456,-0.003185,-0.013416,0,1,5.48000,5629.969,2.731,19.000,10.013,22.011,41.023,46.023,0.000,0.000,0,1,1.4452,58,116,58,59,60
17,post_landing,74,1239.0,61,194.390,494.191,-0.10719,0.01875,0.10882,-0.003318,-0.016429,0,1,5.48000,5629.969,2.731,19.000,10.015,22.013,41.027,46.027,0.000,0.000,0,1,1.4452,58,116,58,59,60
17,post_landing,75,1255.0,61,194.283,494.212,-0.11232,0.02023,0.11413,-0.003475,-0.019762,0,1,5.48000,5629.969,2.731,19.000,10.018,22.015,41.032,46.031,0.000,0.000,0,1,1.4452,58,116,58,59,60
17,post_landing,76,1272.0,61,194.170,494.233,-0.11680,0.02127,0.11872,-0.003621,-0.023251,0,1,5.48000,5629.969,2.731,19.000,10.021,22.017,41.035,46.034,0.000,0.000,0,1,1.4452,58,116,58,59,60
17,post_landing,77,1289.0,61,194.059,494.251,-0.11957,0.02201,0.12158,-0.003713,-0.026678,0,1,5.48000,5629.969,2.731,19.000,10.023,22.019,41.039,46.037,0.000,0.000,0,1,1.4452,58,116,58,59,60
17,post_landing,78,1305.0,61,193.939,494.275,-0.12360,0.02342,0.12580,-0.003838,-0.030407,0,1,5.48000,5629.969,2.731,19.000,10.026,22.020,41.042,46.040,0.000,0.000,0,1,1.4452,58,116,58,59,60
17,post_landing,79,1322.0,61,193.815,494.299,-0.12723,0.02441,0.12955,-0.003959,-0.034262,0,1,5.48000,5629.969,2.731,19.000,10.028,22.021,41.044,46.042,0.000,0.000,0,1,1.4452,58,116,58,59,60
17,post_landing,80,1339.0,61,193.695,494.320,-0.12924,0.02511,0.13166,-0.004027,-0.038007,0,1,5.48000,5629.969,2.731,19.000,10.031,22.022,41.046,46.043,0.000,0.000,0,1,1.4452,58,116,58,59,60
17,post_landing,81,1355.0,61,193.565,494.348,-0.13270,0.02652,0.13532,-0.004137,-0.042052,0,1,5.48000,5629.969,2.731,19.000,10.033,38.050,41.090,46.085,0.000,0.000,0,1,1.4452,58,116,58,59,60
17,post_landing,82,1372.0,61,193.439,494.371,-0.13445,0.02709,0.13715,-0.004200,-0.045966,0,1,5.48000,5629.969,2.731,19.000,10.035,38.052,41.095,46.089,0.000,0.000,0,1,1.4452,58,116,58,59,60
17,post_landing,83,1389.0,61,193.304,494.400,-0.13774,0.02853,0.14067,-0.004307,-0.050185,0,1,5.48000,5629.969,2.731,19.000,10.038,38.052,41.099,46.093,0.000,0.000,0,1,1.4452,58,116,58,59,60
17,post_landing,84,1405.0,61,193.166,494.429,-0.14083,0.02959,0.14390,-0.004411,-0.054511,0,1,5.48000,5629.969,2.731,19.000,10.040,38.053,41.103,46.095,0.000,0.000,0,1,1.4452,58,116,58,59,60
17,post_landing,85,1422.0,61,193.033,494.455,-0.14228,0.03030,0.14547,-0.004464,-0.058684,0,1,5.48000,5629.969,2.731,19.000,10.041,38.052,41.105,46.097,0.000,0.000,0,1,1.4452,58,116,58,59,60
17,post_landing,86,1439.0,61,192.890,494.488,-0.14536,0.03181,0.14880,-0.004566,-0.063168,0,1,5.48000,5629.969,2.731,19.000,10.043,38.050,41.108,46.098,0.000,0.000,0,1,1.4452,58,116,58,59,60
17,post_landing,87,1455.0,61,192.744,494.520,-0.14829,0.03294,0.15190,-0.004667,-0.067754,0,1,5.48000,5629.969,2.731,19.000,10.045,38.048,41.109,46.098,0.000,0.000,0,1,1.4452,58,116,58,59,60
17,post_landing,88,1472.0,61,192.603,494.567,-0.15073,0.03387,0.15449,-0.004695,-0.072169,0,1,5.48000,5629.969,2.731,19.000,10.046,29.141,41.110,46.097,0.000,0.000,0,1,1.4452,58,116,58,59,60
17,post_landing,89,1489.0,61,192.452,494.607,-0.15409,0.03528,0.15808,-0.004799,-0.076885,0,1,5.48000,5629.969,2.731,19.000,10.047,29.145,41.109,46.095,0.000,0.000,0,1,1.4452,58,116,58,59,60
17,post_landing,90,1505.0,61,192.297,494.643,-0.15663,0.03653,0.16084,-0.004917,-0.081705,0,1,5.48000,5629.969,2.731,19.000,10.048,29.148,41.108,46.173,0.000,0.000,0,1,1.4452,58,116,58,59,60
17,post_landing,91,1522.0,61,192.149,494.673,-0.15777,0.03745,0.16215,-0.004970,-0.086357,0,1,5.48000,5629.969,2.731,19.000,29.151,29.237,41.192,46.174,0.000,0.000,0,1,1.4452,58,116,58,59,60
17,post_landing,92,1539.0,61,191.991,494.715,-0.16172,0.03912,0.16638,-0.005059,-0.091349,0,1,5.48000,5629.969,2.731,19.000,29.153,29.244,41.194,46.173,0.000,0.000,0,1,1.4452,58,116,58,59,60
17,post_landing,93,1555.0,61,191.828,494.755,-0.16426,0.04049,0.16918,-0.005178,-0.096431,0,1,5.48000,5629.969,2.731,19.000,29.154,29.250,41.195,46.171,0.000,0.000,0,1,1.4452,58,116,58,59,60
17,post_landing,94,1572.0,61,191.673,494.789,-0.16533,0.04148,0.17045,-0.005230,-0.101330,0,1,5.48000,5629.969,2.731,19.000,29.155,29.256,41.194,45.275,0.000,0.000,0,1,1.4452,58,116,58,59,60
17,post_landing,95,1588.0,61,191.507,494.835,-0.16925,0.04327,0.17469,-0.005323,-0.106583,0,1,5.48000,5629.969,2.731,19.000,29.155,29.261,41.193,45.277,0.000,0.000,0,1,1.4452,58,116,58,59,60
17,post_landing,96,1605.0,61,191.337,495.019,-0.05694,-0.02032,0.06046,-0.001800,-0.111929,0,1,5.48000,5629.969,2.731,19.000,29.154,29.265,41.190,45.277,0.000,0.000,0,2,1.4452,58,116,58,59,60
17,post_landing,97,1622.0,61,191.283,495.109,0.00197,0.00000,0.00197,0.000000,-0.113632,0,1,5.48000,5629.969,2.731,19.000,29.153,29.267,41.189,45.277,0.000,0.000,0,3,1.4452,58,116,58,59,60
17,post_landing,98,1639.0,61,191.285,495.101,0.00591,0.00000,0.00591,0.000000,-0.113632,0,1,5.48000,5629.969,2.731,19.000,29.153,29.267,41.189,45.277,0.000,0.000,0,3,1.4452,58,116,58,59,60
17,post_landing,99,1655.0,61,191.291,495.101,0.00086,0.00000,0.00086,0.000000,-0.113632,0,1,5.48000,5629.969,2.731,19.000,29.153,29.267,41.189,45.277,0.000,0.000,0,3,1.4452,58,116,58,59,60
17,post_landing,100,1672.0,61,191.292,495.116,0.00102,0.00000,0.00102,0.000000,-0.113632,0,1,5.48000,5629.969,2.731,19.000,29.153,29.267,41.189,45.277,0.000,0.000,0,3,1.4452,58,116,58,59,60
17,post_landing,101,1689.0,61,191.293,495.101,-0.00105,0.00000,0.00105,0.000000,-0.113632,0,1,5.48000,5629.969,2.731,19.000,29.153,29.267,41.189,45.277,0.000,0.000,0,3,1.4452,58,116,58,59,60
17,post_landing,102,1705.0,61,191.291,495.101,-0.00023,0.00000,0.00023,0.000000,-0.113632,0,1,5.48000,5629.969,2.731,19.000,29.153,29.267,41.189,45.277,0.000,0.000,0,3,1.4452,58,116,58,59,60
17,post_landing,103,1722.0,61,191.291,495.116,0.00113,0.00000,0.00113,0.000000,-0.113632,0,1,5.48000,5629.969,2.731,19.000,29.153,29.267,41.189,45.277,0.000,0.000,0,3,1.4452,58,116,58,59,60
17,post_landing,104,1738.0,61,191.292,495.101,-0.00072,0.00000,0.00072,0.000000,-0.113632,0,1,5.48000,5629.969,2.731,19.000,29.153,29.267,41.189,45.277,0.000,0.000,0,3,1.4452,58,116,58,59,60
17,post_landing,105,1755.0,61,191.292,495.101,-0.00018,0.00000,0.00018,0.000000,-0.113632,0,1,5.48000,5629.969,2.731,19.000,29.153,29.267,41.189,45.277,0.000,0.000,0,3,1.4452,58,116,58,59,60
17,post_landing,106,1773.0,61,191.292,495.116,0.00102,0.00000,0.00102,0.000000,-0.113632,0,1,5.48000,5629.969,2.731,19.000,29.153,29.267,41.189,45.277,0.000,0.000,0,3,1.4452,58,116,58,59,60
17,post_landing,107,1789.0,61,191.293,495.101,-0.00066,0.00000,0.00066,0.000000,-0.113632,0,1,5.48000,5629.969,2.731,19.000,29.153,29.267,41.189,45.277,0.000,0.000,0,3,1.4452,58,116,58,59,60
17,post_landing,108,1805.0,61,191.292,495.101,-0.00017,0.00000,0.00017,0.000000,-0.113632,0,1,5.48000,5629.969,2.731,19.000,29.153,29.267,41.189,45.277,0.000,0.000,0,3,1.4452,58,116,58,59,60
17,post_landing,109,1822.0,61,191.292,495.116,0.00096,0.00000,0.00096,0.000000,-0.113632,0,1,5.48000,5629.969,2.731,19.000,29.153,29.267,41.189,45.277,0.000,0.000,0,3,1.4452,58,116,58,59,60
17,post_landing,110,1838.0,61,191.293,495.101,-0.00063,0.00000,0.00063,0.000000,-0.113632,0,1,5.48000,5629.969,2.731,19.000,29.153,29.267,41.189,45.277,0.000,0.000,0,3,1.4452,58,116,58,59,60
17,post_landing,111,1855.0,61,191.292,495.101,-0.00016,0.00000,0.00016,0.000000,-0.113632,0,1,5.48000,5629.969,2.731,19.000,29.153,29.267,41.189,45.277,0.000,0.000,0,3,1.4452,58,116,58,59,60
17,post_landing,112,1872.0,61,191.292,495.116,0.00093,0.00000,0.00093,0.000000,-0.113632,0,1,5.48000,5629.969,2.731,19.000,29.153,29.267,41.189,45.277,0.000,0.000,0,3,1.4452,58,116,58,59,60
17,post_landing,113,1888.0,61,191.293,495.101,-0.00061,0.00000,0.00061,0.000000,-0.113632,0,1,5.48000,5629.969,2.731,19.000,29.153,29.267,41.189,45.277,0.000,0.000,0,3,1.4452,58,116,58,59,60
17,post_landing,114,1905.0,61,191.292,495.101,-0.00015,0.00000,0.00015,0.000000,-0.113632,0,1,5.48000,5629.969,2.731,19.000,29.153,29.267,41.189,45.277,0.000,0.000,0,3,1.4452,58,116,58,59,60
17,post_landing,115,1922.0,61,191.292,495.116,0.00091,0.00000,0.00091,0.000000,-0.113632,0,1,5.48000,5629.969,2.731,19.000,29.153,29.267,41.189,45.277,0.000,0.000,0,3,1.4452,58,116,58,59,60
17,post_landing,116,1939.0,61,191.293,495.101,-0.00061,0.00000,0.00061,0.000000,-0.113632,0,1,5.48000,5629.969,2.731,19.000,29.153,29.267,41.189,45.277,0.000,0.000,0,3,1.4452,58,116,58,59,60
17,post_landing,117,1955.0,61,191.292,495.101,-0.00015,0.00000,0.00015,0.000000,-0.113632,0,1,5.48000,5629.969,2.731,19.000,29.153,29.267,41.189,45.277,0.000,0.000,0,3,1.4452,58,116,58,59,60
17,post_landing,118,1972.0,61,191.292,495.116,0.00090,0.00000,0.00090,0.000000,-0.113632,0,1,5.48000,5629.969,2.731,19.000,29.153,29.267,41.189,45.277,0.000,0.000,0,3,1.4452,58,116,58,59,60
17,post_landing,119,1988.0,61,191.293,495.101,-0.00060,0.00000,0.00060,0.000000,-0.113632,0,1,5.48000,5629.969,2.731,19.000,29.153,29.267,41.189,45.277,0.000,0.000,0,3,1.4452,58,116,58,59,60
17,post_landing,120,2005.0,61,191.293,495.101,-0.00015,0.00000,0.00015,0.000000,-0.113632,0,1,5.48000,5629.969,2.731,19.000,29.153,29.267,41.189,45.277,0.000,0.000,0,3,1.4452,58,116,58,59,60
18,falling,0,27.0,,195.000,97.029,0.00000,0.55000,0.55000,0.000000,0.000000,0,0,3.56200,630.087,1.933,18.000,18.000,18.000,19.000,21.000,0.000,0.000,0,0,2.0291,86,172,86,97,82
18,falling,1,37.0,,195.000,97.456,0.00000,0.71172,0.71172,0.000000,0.000000,0,0,3.56200,630.087,1.933,18.000,18.000,18.000,19.000,21.000,0.000,0.000,0,0,2.0291,86,172,86,97,82
18,falling,2,53.0,,195.000,98.460,0.00000,0.98416,0.98416,0.000000,0.000000,0,0,3.56200,630.087,1.933,18.000,18.000,18.000,19.000,21.000,0.000,0.000,0,0,2.0291,86,172,86,97,82
18,falling,3,70.0,,195.000,99.737,0.00000,1.25244,1.25244,0.000000,0.000000,0,0,3.56200,630.087,1.933,18.000,18.000,18.000,19.000,21.000,0.000,0.000,0,0,2.0291,86,172,86,97,82
18,falling,4,87.0,,195.000,101.178,0.00000,1.50107,1.50107,0.000000,0.000000,0,0,3.56200,630.087,1.933,18.000,18.000,18.000,19.000,21.000,0.000,0.000,0,0,2.0291,86,172,86,97,82
18,falling,5,103.0,,195.000,102.975,0.00000,1.76143,1.76143,0.000000,0.000000,0,0,3.56200,630.087,1.933,18.000,18.000,18.000,19.000,21.000,0.000,0.000,0,0,2.0291,86,172,86,97,82
18,falling,6,120.0,,195.000,105.033,0.00000,2.01782,2.01782,0.000000,0.000000,0,0,3.56200,630.087,1.933,18.000,18.000,18.000,19.000,21.000,0.000,0.000,0,0,2.0291,86,172,86,97,82
18,falling,7,137.0,,195.000,107.198,0.00000,2.25543,2.25543,0.000000,0.000000,0,0,3.56200,630.087,1.933,18.000,18.000,18.000,19.000,21.000,0.000,0.000,0,0,2.0291,86,172,86,97,82
18,falling,8,153.0,,195.000,109.753,0.00000,2.50425,2.50425,0.000000,0.000000,0,0,3.56200,630.087,1.933,18.000,18.000,18.000,19.000,21.000,0.000,0.000,0,0,2.0291,86,172,86,97,82
18,falling,9,170.0,,195.000,112.557,0.00000,2.74927,2.74927,0.000000,0.000000,0,0,3.56200,630.087,1.933,18.000,18.000,18.000,19.000,21.000,0.000,0.000,0,0,2.0291,86,172,86,97,82
18,falling,10,187.0,,195.000,115.414,0.00000,2.97635,2.97635,0.000000,0.000000,0,0,3.56200,630.087,1.933,18.000,18.000,18.000,19.000,21.000,0.000,0.000,0,0,2.0291,86,172,86,97,82
18,falling,11,203.0,,195.000,118.693,0.00000,3.21414,3.21414,0.000000,0.000000,0,0,3.56200,630.087,1.933,18.000,18.000,18.000,19.000,21.000,0.000,0.000,0,0,2.0291,86,172,86,97,82
18,falling,12,220.0,,195.000,122.210,0.00000,3.44830,3.44830,0.000000,0.000000,0,0,3.56200,630.087,1.933,18.000,18.000,18.000,19.000,21.000,0.000,0.000,0,0,2.0291,86,172,86,97,82
18,falling,13,237.0,,195.000,125.729,0.00000,3.66531,3.66531,0.000000,0.000000,0,0,3.56200,630.087,1.933,18.000,18.000,18.000,19.000,21.000,0.000,0.000,0,0,2.0291,86,172,86,97,82
18,falling,14,253.0,,195.000,129.699,0.00000,3.89257,3.89257,0.000000,0.000000,0,0,3.56200,630.087,1.933,18.000,18.000,18.000,19.000,21.000,0.000,0.000,0,0,2.0291,86,172,86,97,82
18,falling,15,270.0,,195.000,133.898,0.00000,4.11634,4.11634,0.000000,0.000000,0,0,3.56200,630.087,1.933,18.000,18.000,18.000,19.000,21.000,0.000,0.000,0,0,2.0291,86,172,86,97,82
18,falling,16,287.0,,195.000,138.049,0.00000,4.32373,4.32373,0.000000,0.000000,0,0,3.56200,630.087,1.933,18.000,18.000,18.000,19.000,21.000,0.000,0.000,0,0,2.0291,86,172,86,97,82
18,falling,17,303.0,,195.000,142.680,0.00000,4.54092,4.54092,0.000000,0.000000,0,0,3.56200,630.087,1.933,18.000,18.000,18.000,19.000,21.000,0.000,0.000,0,0,2.0291,86,172,86,97,82
18,falling,18,320.0,,195.000,147.530,0.00000,4.75477,4.75477,0.000000,0.000000,0,0,3.56200,630.087,1.933,18.000,18.000,18.000,19.000,21.000,0.000,0.000,0,0,2.0291,86,172,86,97,82
18,falling,19,337.0,,195.000,152.285,0.00000,4.95297,4.95297,0.000000,0.000000,0,0,3.56200,630.087,1.933,18.000,18.000,18.000,19.000,21.000,0.000,0.000,0,0,2.0291,86,172,86,97,82
18,falling,20,353.0,,195.000,157.549,0.00000,5.16052,5.16052,0.000000,0.000000,0,0,3.56200,630.087,1.933,18.000,18.000,18.000,19.000,21.000,0.000,0.000,0,0,2.0291,86,172,86,97,82
18,falling,21,370.0,,195.000,163.021,0.00000,5.36490,5.36490,0.000000,0.000000,0,0,3.56200,630.087,1.933,18.000,18.000,18.000,19.000,21.000,0.000,0.000,0,0,2.0291,86,172,86,97,82
18,falling,22,387.0,,195.000,168.353,0.00000,5.55431,5.55431,0.000000,0.000000,0,0,3.56200,630.087,1.933,18.000,18.000,18.000,19.000,21.000,0.000,0.000,0,0,2.0291,86,172,86,97,82
18,falling,23,403.0,,195.000,174.221,0.00000,5.75266,5.75266,0.000000,0.000000,0,0,3.56200,630.087,1.933,18.000,18.000,18.000,19.000,21.000,0.000,0.000,0,0,2.0291,86,172,86,97,82
18,falling,24,420.0,,195.000,180.288,0.00000,5.94798,5.94798,0.000000,0.000000,0,0,3.56200,630.087,1.933,18.000,18.000,18.000,19.000,21.000,0.000,0.000,0,0,2.0291,86,172,86,97,82
18,falling,25,437.0,,195.000,186.172,0.00000,6.12900,6.12900,0.000000,0.000000,0,0,3.56200,630.087,1.933,18.000,18.000,18.000,19.000,21.000,0.000,0.000,0,0,2.0291,86,172,86,97,82
18,falling,26,453.0,,195.000,192.617,0.00000,6.31856,6.31856,0.000000,0.000000,0,0,3.56200,630.087,1.933,18.000,18.000,18.000,19.000,21.000,0.000,0.000,0,0,2.0291,86,172,86,97,82
18,falling,27,470.0,,195.000,199.252,0.00000,6.50522,6.50522,0.000000,0.000000,0,0,3.56200,630.087,1.933,18.000,18.000,18.000,19.000,21.000,0.000,0.000,0,0,2.0291,86,172,86,97,82
18,falling,28,487.0,,195.000,205.663,0.00000,6.67821,6.67821,0.000000,0.000000,0,0,3.56200,630.087,1.933,18.000,18.000,18.000,19.000,21.000,0.000,0.000,0,0,2.0291,86,172,86,97,82
18,falling,29,503.0,,195.000,212.660,0.00000,6.85937,6.85937,0.000000,0.000000,0,0,3.56200,630.087,1.933,18.000,18.000,18.000,19.000,21.000,0.000,0.000,0,0,2.0291,86,172,86,97,82
18,falling,30,520.0,,195.000,219.838,0.00000,7.03775,7.03775,0.000000,0.000000,0,0,3.56200,630.087,1.933,18.000,18.000,18.000,19.000,21.000,0.000,0.000,0,0,2.0291,86,172,86,97,82
18,falling,31,537.0,,195.000,226.753,0.00000,7.20307,7.20307,0.000000,0.000000,0,0,3.56200,630.087,1.933,18.000,18.000,18.000,19.000,21.000,0.000,0.000,0,0,2.0291,86,172,86,97,82
18,falling,32,553.0,,195.000,234.277,0.00000,7.37620,7.37620,0.000000,0.000000,0,0,3.56200,630.087,1.933,18.000,18.000,18.000,19.000,21.000,0.000,0.000,0,0,2.0291,86,172,86,97,82
18,falling,33,570.0,,195.000,241.974,0.00000,7.54668,7.54668,0.000000,0.000000,0,0,3.56200,630.087,1.933,18.000,18.000,18.000,19.000,21.000,0.000,0.000,0,0,2.0291,86,172,86,97,82
18,falling,34,587.0,,195.000,249.371,0.00000,7.70467,7.70467,0.000000,0.000000,0,0,3.56200,630.087,1.933,18.000,18.000,18.000,19.000,21.000,0.000,0.000,0,0,2.0291,86,172,86,97,82
18,falling,35,603.0,,195.000,257.398,0.00000,7.87012,7.87012,0.000000,0.000000,0,0,3.56200,630.087,1.933,18.000,18.000,18.000,19.000,21.000,0.000,0.000,0,0,2.0291,86,172,86,97,82
18,falling,36,621.0,,195.000,265.592,0.00000,8.03304,8.03304,0.000000,0.000000,0,0,3.56200,630.087,1.933,18.000,18.000,18.000,19.000,21.000,0.000,0.000,0,0,2.0291,86,172,86,97,82
18,falling,37,637.0,,195.000,273.449,0.00000,8.18404,8.18404,0.000000,0.000000,0,0,3.56200,630.087,1.933,18.000,18.000,18.000,19.000,21.000,0.000,0.000,0,0,2.0291,86,172,86,97,82
18,falling,38,653.0,,195.000,281.958,0.00000,8.34215,8.34215,0.000000,0.000000,0,0,3.56200,630.087,1.933,18.000,18.000,18.000,19.000,21.000,0.000,0.000,0,0,2.0291,86,172,86,97,82
18,falling,39,670.0,,195.000,290.625,0.00000,8.49785,8.49785,0.000000,0.000000,0,0,3.56200,630.087,1.933,18.000,18.000,18.000,19.000,21.000,0.000,0.000,0,0,2.0291,86,172,86,97,82
18,falling,40,687.0,,195.000,298.922,0.00000,8.64215,8.64215,0.000000,0.000000,0,0,3.56200,630.087,1.933,18.000,18.000,18.000,19.000,21.000,0.000,0.000,0,0,2.0291,86,172,86,97,82
18,falling,41,703.0,,195.000,307.891,0.00000,8.79326,8.79326,0.000000,0.000000,0,0,3.56200,630.087,1.933,18.000,18.000,18.000,19.000,21.000,0.000,0.000,0,0,2.0291,86,172,86,97,82
18,falling,42,720.0,,195.000,317.012,0.00000,8.94205,8.94205,0.000000,0.000000,0,0,3.56200,630.087,1.933,18.000,18.000,18.000,19.000,21.000,0.000,0.000,0,0,2.0291,86,172,86,97,82
18,falling,43,737.0,,195.000,325.729,0.00000,9.07995,9.07995,0.000000,0.000000,0,0,3.56200,630.087,1.933,18.000,18.000,18.000,19.000,21.000,0.000,0.000,0,0,2.0291,86,172,86,97,82
18,falling,44,753.0,,195.000,335.138,0.00000,9.22436,9.22436,0.000000,0.000000,0,0,3.56200,630.087,1.933,18.000,18.000,18.000,19.000,21.000,0.000,0.000,0,0,2.0291,86,172,86,97,82
18,falling,45,770.0,,195.000,344.691,0.00000,9.36657,9.36657,0.000000,0.000000,0,0,3.56200,630.087,1.933,18.000,18.000,18.000,19.000,21.000,0.000,0.000,0,0,2.0291,86,172,86,97,82
18,falling,46,787.0,,195.000,353.810,0.00000,9.49835,9.49835,0.000000,0.000000,0,0,3.56200,630.087,1.933,18.000,18.000,18.000,19.000,21.000,0.000,0.000,0,0,2.0291,86,172,86,97,82
18,falling,47,803.0,,195.000,363.639,0.00000,9.63636,9.63636,0.000000,0.000000,0,0,3.56200,630.087,1.933,18.000,18.000,18.000,19.000,21.000,0.000,0.000,0,0,2.0291,86,172,86,97,82
18,falling,48,820.0,,195.000,373.607,0.00000,9.77226,9.77226,0.000000,0.000000,0,0,3.56200,630.087,1.933,18.000,18.000,18.000,19.000,21.000,0.000,0.000,0,0,2.0291,86,172,86,97,82
18,falling,49,837.0,,195.000,383.109,0.00000,9.89821,9.89821,0.000000,0.000000,0,0,3.56200,630.087,1.933,18.000,18.000,18.000,19.000,21.000,0.000,0.000,0,0,2.0291,86,172,86,97,82
18,falling,50,853.0,,195.000,393.340,0.00000,10.03010,10.03010,0.000000,0.000000,0,0,3.56200,630.087,1.933,18.000,18.000,18.000,19.000,21.000,0.000,0.000,0,0,2.0291,86,172,86,97,82
18,falling,51,870.0,,195.000,403.703,0.00000,10.15997,10.15997,0.000000,0.000000,0,0,3.56200,630.087,1.933,18.000,18.000,18.000,19.000,21.000,0.000,0.000,0,0,2.0291,86,172,86,97,82
18,falling,52,887.0,,195.000,413.572,0.00000,10.28033,10.28033,0.000000,0.000000,0,0,3.56200,630.087,1.933,18.000,18.000,18.000,19.000,21.000,0.000,0.000,0,0,2.0291,86,172,86,97,82
18,falling,53,903.0,,195.000,424.186,0.00000,10.40638,10.40638,0.000000,0.000000,0,0,3.56200,630.087,1.933,18.000,18.000,18.000,19.000,21.000,0.000,0.000,0,0,2.0291,86,172,86,97,82
18,falling,54,920.0,,195.000,434.928,0.00000,10.53049,10.53049,0.000000,0.000000,0,0,3.56200,630.087,1.933,18.000,18.000,18.000,19.000,21.000,0.000,0.000,0,0,2.0291,86,172,86,97,82
18,falling,55,937.0,,195.000,445.147,0.00000,10.64552,10.64552,0.000000,0.000000,0,0,3.56200,630.087,1.933,18.000,18.000,18.000,19.000,21.000,0.000,0.000,0,0,2.0291,86,172,86,97,82
18,falling,56,954.0,,195.000,456.129,0.00000,10.76598,10.76598,0.000000,0.000000,0,0,3.56200,630.087,1.933,18.000,18.000,18.000,19.000,21.000,0.000,0.000,0,0,2.0291,86,172,86,97,82
18,falling,57,970.0,,195.000,467.231,0.00000,10.88459,10.88459,0.000000,0.000000,0,0,3.56200,630.087,1.933,18.000,18.000,18.000,19.000,21.000,0.000,0.000,0,0,2.0291,86,172,86,97,82
18,post_landing,58,987.0,58,195.000,478.462,-0.27200,-0.41135,0.49315,0.010223,0.000000,0,1,3.56200,630.087,1.933,18.000,18.000,18.000,19.000,21.000,0.000,0.000,0,2,2.0291,86,172,86,97,82
18,post_landing,59,1004.0,58,194.743,478.337,-0.26809,-0.13876,0.30187,0.010076,0.009673,0,0,3.56200,630.087,1.933,18.000,17.999,17.999,19.028,21.067,0.000,0.000,0,0,2.0291,86,172,86,97,82
18,post_landing,60,1020.0,58,194.473,478.350,-0.38621,0.02014,0.38673,0.019196,0.019794,0,1,3.56200,630.087,1.933,18.000,17.996,17.996,19.056,21.134,0.000,0.000,0,1,2.0291,86,172,86,97,82
18,post_landing,61,1037.0,58,194.108,478.259,-0.35781,-0.03587,0.35960,0.009209,0.037956,0,1,3.56200,630.087,1.933,18.000,17.987,17.987,19.100,21.251,0.000,0.000,0,1,2.0291,86,172,86,97,82
18,post_landing,62,1054.0,58,193.749,478.222,-0.36982,-0.06725,0.37588,0.009643,0.047206,0,1,3.56200,630.087,1.933,18.000,17.980,17.980,19.120,21.307,0.000,0.000,0,1,2.0291,86,172,86,97,82
18,post_landing,63,1070.0,58,193.377,478.202,-0.63859,0.06156,0.64155,0.035586,0.056892,0,1,3.56200,630.087,1.933,18.000,11.981,17.971,19.140,21.364,0.000,0.000,0,1,2.0291,86,172,86,97,82
18,post_landing,64,1087.0,58,192.773,478.113,-0.19570,-0.05768,0.20403,-0.030522,0.090563,0,1,3.56200,630.087,1.933,18.000,5.975,17.926,19.193,21.547,0.000,0.000,0,1,2.0291,86,172,86,97,82
18,post_landing,65,1104.0,58,192.576,478.185,-0.06030,-0.11600,0.13074,-0.029391,0.059907,0,1,3.56200,630.087,1.933,18.000,11.978,17.968,19.146,21.381,0.000,0.000,0,1,2.0291,86,172,86,97,82
18,post_landing,66,1120.0,58,192.516,478.301,-0.02505,-0.18912,0.19077,-0.039616,0.030387,0,1,3.56200,630.087,1.933,18.000,17.992,17.992,19.082,21.203,0.000,0.000,0,1,2.0291,86,172,86,97,82
18,post_landing,67,1137.0,58,192.492,478.377,-0.02321,0.06261,0.06678,-0.030456,-0.007097,0,1,3.56200,630.087,1.933,18.000,18.007,18.007,18.985,20.957,0.000,0.000,0,1,2.0291,86,172,86,97,82
18,post_landing,68,1154.0,58,192.469,478.270,-0.35124,0.14282,0.37917,0.046508,-0.037687,0,1,3.56200,630.087,1.933,18.000,18.025,18.025,18.911,20.759,0.000,0.000,0,2,2.0291,86,172,86,97,82
18,post_landing,69,1170.0,58,192.116,478.463,1.06557,-0.35086,1.12185,-0.183631,0.009025,0,1,3.56200,630.087,1.933,18.000,17.999,17.999,19.026,21.062,0.000,0.000,0,2,2.0291,86,172,86,97,82
18,post_landing,70,1187.0,58,193.124,477.661,1.41249,-0.84073,1.64376,-0.215421,-0.164722,0,1,3.56200,630.087,1.933,18.000,6.083,12.002,17.920,18.415,0.000,0.000,0,2,2.0291,86,172,86,97,82
18,post_landing,71,1204.0,58,194.543,477.054,0.20449,-0.29949,0.36264,0.061967,-0.381090,0,1,3.56200,630.087,1.933,18.000,0.372,0.928,6.498,17.081,0.000,0.000,0,1,2.0291,86,172,86,97,82
18,post_landing,72,1220.0,58,194.748,476.888,0.18928,0.00000,0.18928,0.047595,-0.318850,0,1,3.56200,630.087,1.933,18.000,0.313,6.011,11.709,17.406,0.000,0.000,0,1,2.0291,86,172,86,97,82
18,post_landing,73,1237.0,58,194.927,476.843,0.17536,0.00000,0.17536,0.036517,-0.273817,0,1,3.56200,630.087,1.933,18.000,0.270,6.047,11.823,17.600,0.000,0.000,0,1,2.0291,86,172,86,97,82
18,post_landing,74,1254.0,58,195.104,476.878,0.03079,-0.05717,0.06493,0.057974,-0.237140,0,1,3.56200,630.087,1.933,18.000,0.235,6.067,11.899,17.998,0.000,0.000,0,1,2.0291,86,172,86,97,82
18,post_landing,75,1270.0,58,195.134,477.031,0.02850,-0.13981,0.14269,0.053287,-0.178911,0,1,3.56200,630.087,1.933,18.000,0.178,6.082,17.891,18.341,0.000,0.000,0,1,2.0291,86,172,86,97,82
18,post_landing,76,1287.0,58,195.161,477.155,0.02809,0.12887,0.13189,0.052520,-0.128491,0,0,3.56200,630.087,1.933,18.000,6.079,12.029,17.980,19.323,0.000,0.000,0,0,2.0291,86,172,86,97,82
18,post_landing,77,1303.0,58,195.190,477.573,0.02766,0.41023,0.41116,0.051717,-0.075740,0,0,3.56200,630.087,1.933,18.000,12.041,18.024,18.024,19.640,0.000,0.000,0,0,2.0291,86,172,86,97,82
18,post_landing,78,1320.0,58,195.217,478.197,0.02560,0.02510,0.03586,0.037436,-0.023797,0,1,3.56200,630.087,1.933,18.000,18.019,18.019,18.947,20.851,0.000,0.000,0,1,2.0291,86,172,86,97,82
18,post_landing,79,1337.0,58,195.242,478.392,0.02372,0.02693,0.03589,0.015702,0.011624,0,1,3.56200,630.087,1.933,18.000,17.999,17.999,19.034,21.080,0.000,0.000,0,1,2.0291,86,172,86,97,82
18,post_landing,80,1353.0,58,195.265,478.476,0.10592,0.01659,0.10721,-0.003365,0.027395,0,1,3.56200,630.087,1.933,18.000,17.993,17.993,19.075,21.184,0.000,0.000,0,2,2.0291,86,172,86,97,82
18,post_landing,81,1370.0,58,195.372,478.472,0.08891,-0.32675,0.33863,0.011028,0.024015,0,1,3.56200,630.087,1.933,18.000,17.995,17.995,19.067,21.162,0.000,0.000,0,2,2.0291,86,172,86,97,82
18,post_landing,82,1387.0,58,195.456,478.285,0.33176,-0.13060,0.35654,-0.024381,0.034450,0,1,3.56200,630.087,1.933,18.000,17.989,17.989,19.092,21.229,0.000,0.000,0,1,2.0291,86,172,86,97,82
18,post_landing,83,1403.0,58,195.789,478.404,-0.01786,0.04288,0.04645,0.024910,0.009962,0,1,3.56200,630.087,1.933,18.000,17.999,17.999,19.029,21.069,0.000,0.000,0,1,2.0291,86,172,86,97,82
18,post_landing,84,1420.0,58,195.771,478.485,0.17980,0.04427,0.18517,-0.021177,0.034982,0,1,3.56200,630.087,1.933,18.000,17.989,17.989,19.093,21.232,0.000,0.000,0,2,2.0291,86,172,86,97,82
18,post_landing,85,1437.0,58,195.941,478.464,1.28608,-1.20868,1.76491,-0.127300,0.014945,0,1,3.56200,630.087,1.933,18.000,17.998,17.998,19.043,21.102,0.000,0.000,0,2,2.0291,86,172,86,97,82
18,post_landing,86,1453.0,58,197.233,477.403,-0.60800,-0.49877,0.78641,0.270527,-0.112914,0,1,3.56200,630.087,1.933,18.000,6.074,12.036,17.998,19.422,0.000,0.000,0,1,2.0291,86,172,86,97,82
18,post_landing,87,1470.0,58,196.622,477.083,-0.59870,-0.20781,0.63374,0.266388,0.158802,0,0,3.56200,630.087,1.933,18.000,5.925,11.849,19.235,21.843,0.000,0.000,0,0,2.0291,86,172,86,97,82
18,post_landing,88,1487.0,58,196.056,477.056,-0.59008,0.06185,0.59331,0.262552,0.410852,0,0,3.56200,630.087,1.933,18.000,0.000,0.000,9.331,24.163,0.000,0.000,0,0,2.0291,86,172,86,97,82
18,post_landing,89,1503.0,58,195.463,477.407,-0.58105,0.34424,0.67537,0.258535,0.674557,0,0,3.56200,630.087,1.933,18.000,0.000,2.655,11.401,18.741,0.000,0.000,0,0,2.0291,86,172,86,97,82
18,post_landing,90,1520.0,58,194.880,478.041,-0.57216,0.62231,0.84536,0.254579,0.934228,0,0,3.56200,630.087,1.933,18.000,3.007,7.412,10.419,22.622,0.000,0.000,0,0,2.0291,86,172,86,97,82
18,post_landing,91,1537.0,58,194.338,478.886,-0.56392,0.88001,1.04519,0.250913,1.175105,0,0,3.56200,630.087,1.933,18.000,10.769,41.768,47.305,52.152,0.000,0.000,0,0,2.0291,86,172,86,97,82
18,post_landing,92,1553.0,58,193.772,480.059,-0.55529,1.14988,1.27694,0.247074,1.427121,0,0,3.56200,630.087,1.933,18.000,9.050,9.897,10.183,55.579,0.000,0.000,0,0,2.0291,86,172,86,97,82
18,post_landing,93,1570.0,58,193.214,481.503,-0.54680,1.41562,1.51755,0.243294,1.675281,0,0,3.56200,630.087,1.933,18.000,7.066,10.050,24.286,26.693,0.000,0.000,0,0,2.0291,86,172,86,97,82
18,post_landing,94,1587.0,58,192.697,483.098,-0.53892,1.66190,1.74710,0.239791,1.905481,0,0,3.56200,630.087,1.933,18.000,18.972,39.217,46.486,49.360,0.000,0.000,0,0,2.0291,86,172,86,97,82
18,post_landing,95,1603.0,58,192.156,485.057,-0.53068,1.91981,1.99180,0.236122,2.146325,0,0,3.56200,630.087,1.933,18.000,7.211,7.211,29.137,44.397,0.000,0.000,0,0,2.0291,86,172,86,97,82
18,post_landing,96,1620.0,58,191.623,487.274,-0.52256,2.17377,2.23570,0.232509,2.383485,0,0,3.56200,630.087,1.933,18.000,4.241,9.896,11.958,29.000,0.000,0.000,0,0,2.0291,86,172,86,97,82
18,post_landing,97,1637.0,58,191.128,486.679,-0.87344,-0.64387,1.08511,-0.006149,2.603479,0,1,3.56200,630.087,1.933,18.000,5.831,7.202,13.033,16.468,0.000,0.000,0,7,2.0291,86,172,86,97,82
18,post_landing,98,1654.0,58,190.251,485.997,-1.35549,-0.81543,1.58186,-0.003014,2.597303,0,1,3.56200,630.087,1.933,18.000,5.831,7.204,13.035,16.457,0.000,0.000,0,4,2.0291,86,172,86,97,82
18,post_landing,99,1670.0,58,188.889,485.208,-1.33475,-0.51962,1.43233,-0.002968,2.594276,0,0,3.56200,630.087,1.933,18.000,5.831,7.205,13.036,16.452,0.000,0.000,0,0,2.0291,86,172,86,97,82
18,post_landing,100,1687.0,58,187.626,484.765,-1.31553,-0.24547,1.33823,-0.002925,2.591467,0,0,3.56200,630.087,1.933,18.000,7.206,7.206,13.037,16.446,0.000,0.000,0,0,2.0291,86,172,86,97,82
18,post_landing,101,1703.0,58,186.305,484.642,-1.29540,0.04162,1.29607,-0.002880,2.588529,0,0,3.56200,630.087,1.933,18.000,7.207,7.207,13.037,16.441,0.000,0.000,0,0,2.0291,86,172,86,97,82
18,post_landing,102,1720.0,58,185.004,484.973,-1.27558,0.32432,1.31616,-0.002836,2.585636,0,0,3.56200,630.087,1.933,18.000,7.207,7.207,13.038,16.435,0.000,0.000,0,0,2.0291,86,172,86,97,82
18,post_landing,103,1737.0,58,183.797,485.535,-1.25721,0.58631,1.38721,-0.002796,2.582953,0,0,3.56200,630.087,1.933,18.000,7.208,7.208,13.038,16.430,0.000,0.000,0,0,2.0291,86,172,86,97,82
18,post_landing,104,1753.0,58,182.534,486.151,-2.34181,-0.73098,2.45325,0.018361,2.580145,0,1,3.56200,630.087,1.933,18.000,7.209,7.209,13.038,16.424,0.000,0.000,0,3,2.0291,86,172,86,97,82
18,post_landing,105,1770.0,58,180.182,485.538,-2.33261,-0.24005,2.34493,0.022398,2.598587,0,1,3.56200,630.087,1.933,18.000,5.831,7.204,13.035,16.459,0.000,0.000,0,1,2.0291,86,172,86,97,82
18,post_landing,106,1787.0,58,177.975,485.391,-2.54798,-0.66436,2.63317,0.000000,2.619780,0,1,3.56200,630.087,1.933,18.000,5.830,7.195,13.025,16.493,0.000,0.000,0,2,2.0291,86,172,86,97,82
18,post_landing,107,1803.0,58,175.416,485.013,-2.50899,-0.37087,2.53626,0.000000,2.619780,0,0,3.56200,630.087,1.933,18.000,5.830,7.195,13.025,16.493,0.000,0.000,0,0,2.0291,86,172,86,97,82
18,post_landing,108,1820.0,58,172.896,484.929,-2.47061,-0.08186,2.47196,0.000000,2.619780,0,0,3.56200,630.087,1.933,18.000,5.830,7.195,13.025,16.493,0.000,0.000,0,0,2.0291,86,172,86,97,82
18,post_landing,109,1837.0,58,170.558,485.108,-2.43503,0.18599,2.44212,0.000000,2.619780,0,0,3.56200,630.087,1.933,18.000,5.830,7.195,13.025,16.493,0.000,0.000,0,0,2.0291,86,172,86,97,82
18,post_landing,110,1853.0,58,168.113,485.403,-2.07935,0.17726,2.08689,-0.015693,2.619780,0,1,3.56200,630.087,1.933,18.000,5.830,7.195,13.025,16.493,0.000,0.000,0,2,2.0291,86,172,86,97,82
18,post_landing,111,1870.0,58,166.024,485.633,-2.89539,-0.47106,2.93346,0.038557,2.604018,0,1,3.56200,630.087,1.933,18.000,5.831,7.202,13.033,16.469,0.000,0.000,0,2,2.0291,86,172,86,97,82
18,post_landing,112,1887.0,58,163.285,485.242,-1.87931,-0.14631,1.88499,-0.056337,2.640499,0,1,3.56200,630.087,1.933,18.000,5.826,7.184,13.010,16.519,0.000,0.000,0,3,2.0291,86,172,86,97,82
18,post_landing,113,1903.0,58,161.397,485.222,-1.85055,0.13926,1.85579,-0.055475,2.583915,0,0,3.56200,630.087,1.933,18.000,7.208,7.208,13.038,16.432,0.000,0.000,0,0,2.0291,86,172,86,97,82
18,post_landing,114,1920.0,58,159.538,485.651,-1.82224,0.42047,1.87012,-0.054626,2.528196,0,0,3.56200,630.087,1.933,18.000,7.209,7.209,13.024,16.295,0.000,0.000,0,0,2.0291,86,172,86,97,82
18,post_landing,115,1937.0,58,157.814,486.305,-1.79600,0.68108,1.92080,-0.053840,2.476510,0,0,3.56200,630.087,1.933,18.000,4.212,7.190,12.975,15.953,0.000,0.000,0,0,2.0291,86,172,86,97,82
18,post_landing,116,1953.0,58,156.010,487.278,-1.76852,0.95399,2.00942,-0.053016,2.422433,0,0,3.56200,630.087,1.933,18.000,4.233,9.878,12.887,15.803,0.000,0.000,0,0,2.0291,86,172,86,97,82
18,post_landing,117,1970.0,58,154.234,488.525,-1.74146,1.22273,2.12785,-0.052205,2.369185,0,0,3.56200,630.087,1.933,18.000,4.242,9.899,11.992,28.998,0.000,0.000,0,0,2.0291,86,172,86,97,82
19,falling,0,28.0,,195.000,97.029,0.00000,0.55000,0.55000,0.000000,0.000000,0,0,4.00600,1049.179,2.425,8.000,8.000,9.000,11.000,12.000,0.000,0.000,0,0,1.8824,72,144,72,73,59
19,falling,1,33.0,,195.000,97.218,0.00000,0.63086,0.63086,0.000000,0.000000,0,0,4.00600,1049.179,2.425,8.000,8.000,9.000,11.000,12.000,0.000,0.000,0,0,1.8824,72,144,72,73,59
19,falling,2,49.0,,195.000,98.071,0.00000,0.88844,0.88844,0.000000,0.000000,0,0,4.00600,1049.179,2.425,8.000,8.000,9.000,11.000,12.000,0.000,0.000,0,0,1.8824,72,144,72,73,59
19,falling,3,66.0,,195.000,99.253,0.00000,1.15818,1.15818,0.000000,0.000000,0,0,4.00600,1049.179,2.425,8.000,8.000,9.000,11.000,12.000,0.000,0.000,0,0,1.8824,72,144,72,73,59
19,falling,4,83.0,,195.000,100.604,0.00000,1.40817,1.40817,0.000000,0.000000,0,0,4.00600,1049.179,2.425,8.000,8.000,9.000,11.000,12.000,0.000,0.000,0,0,1.8824,72,144,72,73,59
19,falling,5,99.0,,195.000,102.308,0.00000,1.66996,1.66996,0.000000,0.000000,0,0,4.00600,1049.179,2.425,8.000,8.000,9.000,11.000,12.000,0.000,0.000,0,0,1.8824,72,144,72,73,59
19,falling,6,116.0,,195.000,104.274,0.00000,1.92774,1.92774,0.000000,0.000000,0,0,4.00600,1049.179,2.425,8.000,8.000,9.000,11.000,12.000,0.000,0.000,0,0,1.8824,72,144,72,73,59
19,falling,7,133.0,,195.000,106.499,0.00000,2.18158,2.18158,0.000000,0.000000,0,0,4.00600,1049.179,2.425,8.000,8.000,9.000,11.000,12.000,0.000,0.000,0,0,1.8824,72,144,72,73,59
19,falling,8,149.0,,195.000,108.819,0.00000,2.41683,2.41683,0.000000,0.000000,0,0,4.00600,1049.179,2.425,8.000,8.000,9.000,11.000,12.000,0.000,0.000,0,0,1.8824,72,144,72,73,59
19,falling,9,166.0,,195.000,111.536,0.00000,2.66319,2.66319,0.000000,0.000000,0,0,4.00600,1049.179,2.425,8.000,8.000,9.000,11.000,12.000,0.000,0.000,0,0,1.8824,72,144,72,73,59
19,falling,10,183.0,,195.000,114.500,0.00000,2.90577,2.90577,0.000000,0.000000,0,0,4.00600,1049.179,2.425,8.000,8.000,9.000,11.000,12.000,0.000,0.000,0,0,1.8824,72,144,72,73,59
19,falling,11,200.0,,195.000,117.505,0.00000,3.13060,3.13060,0.000000,0.000000,0,0,4.00600,1049.179,2.425,8.000,8.000,9.000,11.000,12.000,0.000,0.000,0,0,1.8824,72,144,72,73,59
19,falling,12,216.0,,195.000,120.938,0.00000,3.36603,3.36603,0.000000,0.000000,0,0,4.00600,1049.179,2.425,8.000,8.000,9.000,11.000,12.000,0.000,0.000,0,0,1.8824,72,144,72,73,59
19,falling,13,234.0,,195.000,124.608,0.00000,3.59787,3.59787,0.000000,0.000000,0,0,4.00600,1049.179,2.425,8.000,8.000,9.000,11.000,12.000,0.000,0.000,0,0,1.8824,72,144,72,73,59
19,falling,14,250.0,,195.000,128.268,0.00000,3.81272,3.81272,0.000000,0.000000,0,0,4.00600,1049.179,2.425,8.000,8.000,9.000,11.000,12.000,0.000,0.000,0,0,1.8824,72,144,72,73,59
19,falling,15,266.0,,195.000,132.387,0.00000,4.03772,4.03772,0.000000,0.000000,0,0,4.00600,1049.179,2.425,8.000,8.000,9.000,11.000,12.000,0.000,0.000,0,0,1.8824,72,144,72,73,59
19,falling,16,283.0,,195.000,136.731,0.00000,4.25928,4.25928,0.000000,0.000000,0,0,4.00600,1049.179,2.425,8.000,8.000,9.000,11.000,12.000,0.000,0.000,0,0,1.8824,72,144,72,73,59
19,falling,17,300.0,,195.000,141.017,0.00000,4.46461,4.46461,0.000000,0.000000,0,0,4.00600,1049.179,2.425,8.000,8.000,9.000,11.000,12.000,0.000,0.000,0,0,1.8824,72,144,72,73,59
19,falling,18,316.0,,195.000,145.791,0.00000,4.67964,4.67964,0.000000,0.000000,0,0,4.00600,1049.179,2.425,8.000,8.000,9.000,11.000,12.000,0.000,0.000,0,0,1.8824,72,144,72,73,59
19,falling,19,333.0,,195.000,150.780,0.00000,4.89137,4.89137,0.000000,0.000000,0,0,4.00600,1049.179,2.425,8.000,8.000,9.000,11.000,12.000,0.000,0.000,0,0,1.8824,72,144,72,73,59
19,falling,20,349.0,,195.000,155.664,0.00000,5.08760,5.08760,0.000000,0.000000,0,0,4.00600,1049.179,2.425,8.000,8.000,9.000,11.000,12.000,0.000,0.000,0,0,1.8824,72,144,72,73,59
19,falling,21,366.0,,195.000,161.063,0.00000,5.29309,5.29309,0.000000,0.000000,0,0,4.00600,1049.179,2.425,8.000,8.000,9.000,11.000,12.000,0.000,0.000,0,0,1.8824,72,144,72,73,59
19,falling,22,383.0,,195.000,166.668,0.00000,5.49544,5.49544,0.000000,0.000000,0,0,4.00600,1049.179,2.425,8.000,8.000,9.000,11.000,12.000,0.000,0.000,0,0,1.8824,72,144,72,73,59
19,falling,23,399.0,,195.000,172.124,0.00000,5.68298,5.68298,0.000000,0.000000,0,0,4.00600,1049.179,2.425,8.000,8.000,9.000,11.000,12.000,0.000,0.000,0,0,1.8824,72,144,72,73,59
19,falling,24,416.0,,195.000,178.121,0.00000,5.87936,5.87936,0.000000,0.000000,0,0,4.00600,1049.179,2.425,8.000,8.000,9.000,11.000,12.000,0.000,0.000,0,0,1.8824,72,144,72,73,59
19,falling,25,433.0,,195.000,184.315,0.00000,6.07274,6.07274,0.000000,0.000000,0,0,4.00600,1049.179,2.425,8.000,8.000,9.000,11.000,12.000,0.000,0.000,0,0,1.8824,72,144,72,73,59
19,falling,26,449.0,,195.000,190.317,0.00000,6.25196,6.25196,0.000000,0.000000,0,0,4.00600,1049.179,2.425,8.000,8.000,9.000,11.000,12.000,0.000,0.000,0,0,1.8824,72,144,72,73,59
19,falling,27,466.0,,195.000,196.885,0.00000,6.43964,6.43964,0.000000,0.000000,0,0,4.00600,1049.179,2.425,8.000,8.000,9.000,11.000,12.000,0.000,0.000,0,0,1.8824,72,144,72,73,59
19,falling,28,483.0,,195.000,203.642,0.00000,6.62444,6.62444,0.000000,0.000000,0,0,4.00600,1049.179,2.425,8.000,8.000,9.000,11.000,12.000,0.000,0.000,0,0,1.8824,72,144,72,73,59
19,falling,29,499.0,,195.000,210.166,0.00000,6.79572,6.79572,0.000000,0.000000,0,0,4.00600,1049.179,2.425,8.000,8.000,9.000,11.000,12.000,0.000,0.000,0,0,1.8824,72,144,72,73,59
19,falling,30,516.0,,195.000,217.281,0.00000,6.97508,6.97508,0.000000,0.000000,0,0,4.00600,1049.179,2.425,8.000,8.000,9.000,11.000,12.000,0.000,0.000,0,0,1.8824,72,144,72,73,59
19,falling,31,533.0,,195.000,224.576,0.00000,7.15169,7.15169,0.000000,0.000000,0,0,4.00600,1049.179,2.425,8.000,8.000,9.000,11.000,12.000,0.000,0.000,0,0,1.8824,72,144,72,73,59
19,falling,32,550.0,,195.000,231.598,0.00000,7.31537,7.31537,0.000000,0.000000,0,0,4.00600,1049.179,2.425,8.000,8.000,9.000,11.000,12.000,0.000,0.000,0,0,1.8824,72,144,72,73,59
19,falling,33,566.0,,195.000,239.235,0.00000,7.48678,7.48678,0.000000,0.000000,0,0,4.00600,1049.179,2.425,8.000,8.000,9.000,11.000,12.000,0.000,0.000,0,0,1.8824,72,144,72,73,59
19,falling,34,583.0,,195.000,247.043,0.00000,7.65557,7.65557,0.000000,0.000000,0,0,4.00600,1049.179,2.425,8.000,8.000,9.000,11.000,12.000,0.000,0.000,0,0,1.8824,72,144,72,73,59
19,falling,35,600.0,,195.000,254.543,0.00000,7.81199,7.81199,0.000000,0.000000,0,0,4.00600,1049.179,2.425,8.000,8.000,9.000,11.000,12.000,0.000,0.000,0,0,1.8824,72,144,72,73,59
19,falling,36,616.0,,195.000,262.678,0.00000,7.97580,7.97580,0.000000,0.000000,0,0,4.00600,1049.179,2.425,8.000,8.000,9.000,11.000,12.000,0.000,0.000,0,0,1.8824,72,144,72,73,59
19,falling,37,633.0,,195.000,270.978,0.00000,8.13711,8.13711,0.000000,0.000000,0,0,4.00600,1049.179,2.425,8.000,8.000,9.000,11.000,12.000,0.000,0.000,0,0,1.8824,72,144,72,73,59
19,falling,38,650.0,,195.000,278.933,0.00000,8.28660,8.28660,0.000000,0.000000,0,0,4.00600,1049.179,2.425,8.000,8.000,9.000,11.000,12.000,0.000,0.000,0,0,1.8824,72,144,72,73,59
19,falling,39,666.0,,195.000,287.545,0.00000,8.44315,8.44315,0.000000,0.000000,0,0,4.00600,1049.179,2.425,8.000,8.000,9.000,11.000,12.000,0.000,0.000,0,0,1.8824,72,144,72,73,59
19,falling,40,683.0,,195.000,296.315,0.00000,8.59730,8.59730,0.000000,0.000000,0,0,4.00600,1049.179,2.425,8.000,8.000,9.000,11.000,12.000,0.000,0.000,0,0,1.8824,72,144,72,73,59
19,falling,41,700.0,,195.000,304.705,0.00000,8.74017,8.74017,0.000000,0.000000,0,0,4.00600,1049.179,2.425,8.000,8.000,9.000,11.000,12.000,0.000,0.000,0,0,1.8824,72,144,72,73,59
19,falling,42,716.0,,195.000,313.773,0.00000,8.88978,8.88978,0.000000,0.000000,0,0,4.00600,1049.179,2.425,8.000,8.000,9.000,11.000,12.000,0.000,0.000,0,0,1.8824,72,144,72,73,59
19,falling,43,733.0,,195.000,322.991,0.00000,9.03710,9.03710,0.000000,0.000000,0,0,4.00600,1049.179,2.425,8.000,8.000,9.000,11.000,12.000,0.000,0.000,0,0,1.8824,72,144,72,73,59
19,falling,44,750.0,,195.000,331.797,0.00000,9.17363,9.17363,0.000000,0.000000,0,0,4.00600,1049.179,2.425,8.000,8.000,9.000,11.000,12.000,0.000,0.000,0,0,1.8824,72,144,72,73,59
19,falling,45,766.0,,195.000,341.300,0.00000,9.31660,9.31660,0.000000,0.000000,0,0,4.00600,1049.179,2.425,8.000,8.000,9.000,11.000,12.000,0.000,0.000,0,0,1.8824,72,144,72,73,59
19,falling,46,783.0,,195.000,350.947,0.00000,9.45739,9.45739,0.000000,0.000000,0,0,4.00600,1049.179,2.425,8.000,8.000,9.000,11.000,12.000,0.000,0.000,0,0,1.8824,72,144,72,73,59
19,falling,47,800.0,,195.000,360.151,0.00000,9.58787,9.58787,0.000000,0.000000,0,0,4.00600,1049.179,2.425,8.000,8.000,9.000,11.000,12.000,0.000,0.000,0,0,1.8824,72,144,72,73,59
19,falling,48,816.0,,195.000,370.070,0.00000,9.72451,9.72451,0.000000,0.000000,0,0,4.00600,1049.179,2.425,8.000,8.000,9.000,11.000,12.000,0.000,0.000,0,0,1.8824,72,144,72,73,59
19,falling,49,833.0,,195.000,380.126,0.00000,9.85906,9.85906,0.000000,0.000000,0,0,4.00600,1049.179,2.425,8.000,8.000,9.000,11.000,12.000,0.000,0.000,0,0,1.8824,72,144,72,73,59
19,falling,50,850.0,,195.000,389.711,0.00000,9.98376,9.98376,0.000000,0.000000,0,0,4.00600,1049.179,2.425,8.000,8.000,9.000,11.000,12.000,0.000,0.000,0,0,1.8824,72,144,72,73,59
19,falling,51,866.0,,195.000,400.027,0.00000,10.11434,10.11434,0.000000,0.000000,0,0,4.00600,1049.179,2.425,8.000,8.000,9.000,11.000,12.000,0.000,0.000,0,0,1.8824,72,144,72,73,59
19,falling,52,883.0,,195.000,410.475,0.00000,10.24292,10.24292,0.000000,0.000000,0,0,4.00600,1049.179,2.425,8.000,8.000,9.000,11.000,12.000,0.000,0.000,0,0,1.8824,72,144,72,73,59
19,falling,53,900.0,,195.000,420.423,0.00000,10.36209,10.36209,0.000000,0.000000,0,0,4.00600,1049.179,2.425,8.000,8.000,9.000,11.000,12.000,0.000,0.000,0,0,1.8824,72,144,72,73,59
19,falling,54,916.0,,195.000,431.119,0.00000,10.48689,10.48689,0.000000,0.000000,0,0,4.00600,1049.179,2.425,8.000,8.000,9.000,11.000,12.000,0.000,0.000,0,0,1.8824,72,144,72,73,59
19,falling,55,933.0,,195.000,441.941,0.00000,10.60977,10.60977,0.000000,0.000000,0,0,4.00600,1049.179,2.425,8.000,8.000,9.000,11.000,12.000,0.000,0.000,0,0,1.8824,72,144,72,73,59
19,falling,56,950.0,,195.000,452.236,0.00000,10.72366,10.72366,0.000000,0.000000,0,0,4.00600,1049.179,2.425,8.000,8.000,9.000,11.000,12.000,0.000,0.000,0,0,1.8824,72,144,72,73,59
19,falling,57,966.0,,195.000,463.296,0.00000,10.84292,10.84292,0.000000,0.000000,0,0,4.00600,1049.179,2.425,8.000,8.000,9.000,11.000,12.000,0.000,0.000,0,0,1.8824,72,144,72,73,59
19,falling,58,983.0,,195.000,474.475,0.00000,10.96035,10.96035,0.000000,0.000000,0,0,4.00600,1049.179,2.425,8.000,8.000,9.000,11.000,12.000,0.000,0.000,0,0,1.8824,72,144,72,73,59
19,post_landing,59,1000.0,59,195.000,481.882,-1.24929,-0.11012,1.25414,-0.030534,0.000000,0,1,4.00600,1049.179,2.425,8.000,8.000,9.000,11.000,12.000,0.000,0.000,0,6,1.8824,72,144,72,73,59
19,post_landing,60,1016.0,59,193.745,480.597,-1.91316,0.06646,1.91431,0.034887,-0.030668,0,1,4.00600,1049.179,2.425,8.000,8.027,9.057,11.117,12.240,0.000,0.000,0,3,1.8824,72,144,72,73,59
19,post_landing,61,1033.0,59,191.824,479.821,-1.17501,-0.29593,1.21170,-0.044474,0.004372,0,1,4.00600,1049.179,2.425,8.000,7.004,8.004,9.996,11.987,0.000,0.000,0,2,1.8824,72,144,72,73,59
19,post_landing,62,1050.0,59,190.712,479.695,-0.96609,-0.01375,0.96619,-0.027055,-0.037708,0,1,4.00600,1049.179,2.425,8.000,8.032,9.069,11.143,12.293,0.000,0.000,0,1,1.8824,72,144,72,73,59
19,post_landing,63,1066.0,59,189.742,479.943,-0.87502,0.00000,0.87502,-0.016472,-0.064882,0,1,4.00600,1049.179,2.425,8.000,8.048,9.111,11.236,12.493,0.000,0.000,0,1,1.8824,72,144,72,73,59
19,post_landing,64,1083.0,59,188.863,480.126,-0.59435,-0.05102,0.59654,-0.028318,-0.081426,0,1,4.00600,1049.179,2.425,8.000,8.055,9.133,11.289,20.666,0.000,0.000,0,1,1.8824,72,144,72,73,59
19,post_landing,65,1100.0,59,188.300,480.334,-0.58579,0.21638,0.62448,-0.027910,-0.108220,0,0,4.00600,1049.179,2.425,8.000,8.061,9.163,11.368,20.855,0.000,0.000,0,0,1.8824,72,144,72,73,59
19,post_landing,66,1116.0,59,187.712,480.771,-0.48698,-0.47733,0.68190,-0.043613,-0.136252,0,1,4.00600,1049.179,2.425,8.000,8.062,9.188,11.441,21.037,0.000,0.000,0,1,1.8824,72,144,72,73,59
19,post_landing,67,1133.0,59,187.223,480.580,-0.47953,-0.18669,0.51459,-0.042946,-0.180057,0,0,4.00600,1049.179,2.425,8.000,1.163,9.213,11.539,21.468,0.000,0.000,0,0,1.8824,72,144,72,73,59
19,post_landing,68,1150.0,59,186.769,480.660,-0.47263,0.08266,0.47980,-0.042327,-0.220691,0,0,4.00600,1049.179,2.425,8.000,1.195,9.220,12.803,21.923,0.000,0.000,0,0,1.8824,72,144,72,73,59
19,post_landing,69,1166.0,59,186.294,481.032,-0.46540,0.36473,0.59129,-0.041680,-0.263204,0,0,4.00600,1049.179,2.425,8.000,1.226,9.210,12.888,22.173,0.000,0.000,0,0,1.8824,72,144,72,73,59
19,post_landing,70,1183.0,59,185.827,481.687,-0.45828,0.64249,0.78918,-0.041042,-0.305067,0,0,4.00600,1049.179,2.425,8.000,1.254,3.763,12.948,22.681,0.000,0.000,0,0,1.8824,72,144,72,73,59
19,post_landing,71,1200.0,59,185.393,482.551,-0.45168,0.89990,1.00689,-0.040451,-0.343900,0,0,4.00600,1049.179,2.425,8.000,1.279,3.836,12.983,26.374,0.000,0.000,0,0,1.8824,72,144,72,73,59
19,post_landing,72,1216.0,59,184.940,483.744,-0.44477,1.16947,1.25119,-0.039832,-0.384529,0,0,4.00600,1049.179,2.425,8.000,1.302,3.906,21.916,27.874,0.000,0.000,0,0,1.8824,72,144,72,73,59
19,post_landing,73,1233.0,59,184.493,485.208,-0.43796,1.43491,1.50026,-0.039223,-0.424536,0,0,4.00600,1049.179,2.425,8.000,2.646,5.293,22.344,29.371,0.000,0.000,0,0,1.8824,72,144,72,73,59
19,post_landing,74,1250.0,59,184.079,486.821,-0.43165,1.68091,1.73545,-0.038658,-0.461647,0,0,4.00600,1049.179,2.425,8.000,2.681,5.363,22.361,31.296,0.000,0.000,0,0,1.8824,72,144,72,73,59
19,post_landing,75,1266.0,59,183.645,488.436,-0.66480,0.53281,0.85197,-0.021591,-0.500475,0,1,4.00600,1049.179,2.425,8.000,2.714,15.724,22.825,33.285,0.000,0.000,0,3,1.8824,72,144,72,73,59
19,post_landing,76,1283.0,59,182.977,488.810,-0.73403,0.23549,0.77088,-0.010137,-0.522161,0,1,4.00600,1049.179,2.425,8.000,2.731,15.756,23.320,34.743,0.000,0.000,0,2,1.8824,72,144,72,73,59
19,post_landing,77,1300.0,59,182.283,489.048,-0.60410,0.17430,0.62875,-0.010079,-0.531753,0,1,4.00600,1049.179,2.425,8.000,2.738,15.768,26.923,34.782,0.000,0.000,0,2,1.8824,72,144,72,73,59
19,post_landing,78,1316.0,59,181.676,489.319,-0.51329,0.16846,0.54023,-0.007155,-0.541875,0,1,4.00600,1049.179,2.425,8.000,2.745,16.295,26.925,34.819,0.000,0.000,0,2,1.8824,72,144,72,73,59
19,post_landing,79,1333.0,59,181.160,489.519,-0.44989,0.15278,0.47512,-0.006337,-0.549062,0,1,4.00600,1049.179,2.425,8.000,15.786,16.308,28.301,35.366,0.000,0.000,0,2,1.8824,72,144,72,73,59
19,post_landing,80,1350.0,59,180.735,489.680,-0.40236,0.13827,0.42545,-0.005696,-0.555057,0,1,4.00600,1049.179,2.425,8.000,15.791,16.318,28.302,36.767,0.000,0.000,0,2,1.8824,72,144,72,73,59
19,post_landing,81,1366.0,59,180.331,489.842,-0.37664,0.26896,0.46282,-0.009957,-0.560778,0,1,4.00600,1049.179,2.425,8.000,15.796,16.327,29.681,36.791,0.000,0.000,0,2,1.8824,72,144,72,73,59
19,post_landing,82,1383.0,59,179.952,490.121,-0.42985,0.31396,0.53230,-0.011486,-0.570779,0,1,4.00600,1049.179,2.425,8.000,15.802,16.342,29.682,36.830,0.000,0.000,0,2,1.8824,72,144,72,73,59
19,post_landing,83,1400.0,59,179.546,490.496,-0.49478,0.17598,0.52514,-0.013323,-0.581646,0,1,4.00600,1049.179,2.425,8.000,15.807,16.356,29.679,41.022,0.000,0.000,0,3,1.8824,72,144,72,73,59
19,post_landing,84,1416.0,59,179.049,490.810,-0.50852,0.18959,0.54271,-0.014092,-0.595028,0,1,4.00600,1049.179,2.425,8.000,16.371,16.932,29.672,42.463,0.000,0.000,0,3,1.8824,72,144,72,73,59
19,post_landing,85,1433.0,59,178.538,491.148,-0.52495,0.20384,0.56314,-0.014463,-0.609181,0,1,4.00600,1049.179,2.425,8.000,16.383,16.956,25.882,42.513,0.000,0.000,0,3,1.8824,72,144,72,73,59
19,post_landing,86,1450.0,59,178.041,491.364,-0.53548,0.21602,0.57742,-0.014709,-0.622866,0,1,4.00600,1049.179,2.425,8.000,16.392,16.976,25.933,43.137,0.000,0.000,0,2,1.8824,72,144,72,73,59
19,post_landing,87,1466.0,59,177.503,491.459,-0.44433,0.08692,0.45276,-0.033172,-0.637639,0,1,4.00600,1049.179,2.425,8.000,16.399,16.994,25.982,44.583,0.000,0.000,0,1,1.8824,72,144,72,73,59
19,post_landing,88,1483.0,59,177.057,491.835,-0.43754,0.36892,0.57231,-0.032664,-0.670957,0,0,4.00600,1049.179,2.425,8.000,0.622,17.021,26.073,44.660,0.000,0.000,0,0,1.8824,72,144,72,73,59
19,post_landing,89,1500.0,59,176.643,492.443,-0.58640,0.07617,0.59133,-0.016240,-0.701863,0,1,4.00600,1049.179,2.425,8.000,0.646,22.667,29.595,45.979,0.000,0.000,0,1,1.8824,72,144,72,73,59
19,post_landing,90,1516.0,59,176.054,492.728,-0.47950,0.05471,0.48261,-0.015697,-0.718175,0,1,4.00600,1049.179,2.425,8.000,0.658,24.082,29.631,46.001,0.000,0.000,0,1,1.8824,72,144,72,73,59
19,post_landing,91,1533.0,59,175.573,493.003,-0.39270,0.04925,0.39578,-0.014822,-0.733941,0,1,4.00600,1049.179,2.425,8.000,0.670,9.886,29.659,46.010,0.000,0.000,0,1,1.8824,72,144,72,73,59
19,post_landing,92,1550.0,59,175.201,493.250,-0.33359,0.04830,0.33707,-0.013019,-0.747965,0,1,4.00600,1049.179,2.425,8.000,0.680,9.893,29.678,46.009,0.000,0.000,0,1,1.8824,72,144,72,73,59
19,post_landing,93,1566.0,59,174.866,493.493,-0.28415,0.03850,0.28674,-0.013325,-0.761041,0,1,4.00600,1049.179,2.425,8.000,0.690,9.897,31.793,46.000,0.000,0.000,0,1,1.8824,72,144,72,73,59
19,post_landing,94,1583.0,59,174.581,493.741,-0.24911,0.03741,0.25190,-0.012874,-0.774425,0,1,4.00600,1049.179,2.425,8.000,0.699,9.899,37.467,45.982,0.000,0.000,0,1,1.8824,72,144,72,73,59
19,post_landing,95,1600.0,59,174.345,493.969,-0.22505,0.08470,0.24047,-0.021491,-0.786605,0,1,4.00600,1049.179,2.425,8.000,0.708,9.899,37.477,45.959,0.000,0.000,0,1,1.8824,72,144,72,73,59
19,post_landing,96,1616.0,59,174.119,494.383,-0.25484,0.12534,0.28400,-0.024667,-0.808191,0,1,4.00600,1049.179,2.425,8.000,0.723,12.034,39.620,41.066,0.000,0.000,0,1,1.8824,72,144,72,73,59
19,post_landing,97,1633.0,59,173.863,494.829,-0.25094,0.40675,0.47793,-0.024290,-0.832966,0,0,4.00600,1049.179,2.425,8.000,0.740,12.041,39.620,44.800,0.000,0.000,0,0,1.8824,72,144,72,73,59
19,post_landing,98,1650.0,59,173.625,495.364,-0.33884,0.14103,0.36702,-0.015354,-0.855949,0,1,4.00600,1049.179,2.425,8.000,8.564,23.426,41.110,44.886,0.000,0.000,0,1,1.8824,72,144,72,73,59
19,post_landing,99,1666.0,59,173.285,495.690,-0.35031,0.11689,0.36930,-0.008686,-0.871371,0,1,4.00600,1049.179,2.425,8.000,8.575,23.430,38.286,44.930,0.000,0.000,0,1,1.8824,72,144,72,73,59
19,post_landing,100,1683.0,59,172.933,495.886,-0.34021,0.11732,0.35987,-0.006009,-0.880095,0,1,4.00600,1049.179,2.425,8.000,8.581,25.609,36.872,45.084,0.000,0.000,0,1,1.8824,72,144,72,73,59
19,post_landing,101,1700.0,59,172.611,496.009,-0.31825,0.11126,0.33714,-0.005473,-0.885781,0,1,4.00600,1049.179,2.425,8.000,8.584,25.611,36.868,45.103,0.000,0.000,0,1,1.8824,72,144,72,73,59
19,post_landing,102,1716.0,59,172.292,496.133,-0.30919,0.11082,0.32845,-0.005190,-0.891277,0,1,4.00600,1049.179,2.425,8.000,10.771,25.612,35.456,45.120,0.000,0.000,0,1,1.8824,72,144,72,73,59
19,post_landing,103,1733.0,59,171.981,496.248,-0.30346,0.11000,0.32278,-0.005044,-0.896490,0,1,4.00600,1049.179,2.425,8.000,10.776,25.612,35.451,45.135,0.000,0.000,0,1,1.8824,72,144,72,73,59
19,post_landing,104,1750.0,59,171.694,496.349,-0.29032,0.21487,0.36119,-0.009715,-0.901263,0,1,4.00600,1049.179,2.425,8.000,22.182,25.612,35.445,45.148,0.000,0.000,0,1,1.8824,72,144,72,73,59
19,post_landing,105,1766.0,59,171.402,496.728,-0.35783,0.16626,0.39457,-0.012073,-0.911020,0,1,4.00600,1049.179,2.425,8.000,22.191,25.610,34.028,45.171,0.000,0.000,0,2,1.8824,72,144,72,73,59
19,post_landing,106,1783.0,59,171.043,496.956,-0.39032,0.18759,0.43306,-0.013368,-0.923147,0,1,4.00600,1049.179,2.425,8.000,24.396,25.603,34.008,45.194,0.000,0.000,0,2,1.8824,72,144,72,73,59
19,post_landing,107,1800.0,59,170.674,497.232,-0.34883,0.00000,0.34883,-0.012208,-0.935795,0,1,4.00600,1049.179,2.425,8.000,24.406,27.202,27.202,45.210,0.000,0.000,0,3,1.8824,72,144,72,73,59
19,post_landing,108,1816.0,59,170.323,497.432,-0.31369,0.00000,0.31369,-0.010883,-0.948057,0,1,4.00600,1049.179,2.425,8.000,24.411,27.202,27.202,45.219,0.000,0.000,0,4,1.8824,72,144,72,73,59
19,post_landing,109,1833.0,59,170.027,497.568,-0.26340,0.00000,0.26340,-0.009952,-0.958353,0,1,4.00600,1049.179,2.425,8.000,24.413,27.199,27.199,45.222,0.000,0.000,0,5,1.8824,72,144,72,73,59
19,post_landing,110,1850.0,59,169.762,497.659,-0.24128,0.00000,0.24128,-0.007207,-0.968349,0,1,4.00600,1049.179,2.425,8.000,24.412,26.060,27.193,48.515,0.000,0.000,0,5,1.8824,72,144,72,73,59
19,post_landing,111,1866.0,59,169.520,497.685,-0.26243,0.00000,0.26243,-0.002494,-0.975588,0,1,4.00600,1049.179,2.425,8.000,24.410,26.066,27.188,48.527,0.000,0.000,0,5,1.8824,72,144,72,73,59
19,post_landing,112,1883.0,59,169.271,497.692,-0.21894,0.00000,0.21894,-0.003117,-0.977947,0,1,4.00600,1049.179,2.425,8.000,24.409,26.068,27.185,48.530,0.000,0.000,0,5,1.8824,72,144,72,73,59
19,post_landing,113,1900.0,59,169.051,497.707,-0.40297,0.00000,0.40297,0.011733,-0.981078,0,1,4.00600,1049.179,2.425,8.000,24.408,26.070,27.182,48.534,0.000,0.000,0,5,1.8824,72,144,72,73,59
19,post_landing,114,1916.0,59,168.647,497.777,-0.16035,0.00000,0.16035,-0.006397,-0.969294,0,1,4.00600,1049.179,2.425,8.000,24.412,26.061,27.193,48.517,0.000,0.000,0,8,1.8824,72,144,72,73,59
19,post_landing,115,1934.0,59,168.495,497.740,0.14632,0.00000,0.14632,-0.026790,-0.975347,0,1,4.00600,1049.179,2.425,8.000,24.410,26.066,27.188,48.527,0.000,0.000,0,6,1.8824,72,144,72,73,59
19,post_landing,116,1950.0,59,168.642,497.691,-0.13326,0.00000,0.13326,-0.000874,-1.002255,0,1,4.00600,1049.179,2.425,8.000,15.801,26.077,27.154,48.549,0.000,0.000,0,4,1.8824,72,144,72,73,59
19,post_landing,117,1966.0,59,168.508,497.693,-0.50669,0.00000,0.50669,0.025114,-1.003133,0,1,4.00600,1049.179,2.425,8.000,15.800,26.077,31.368,48.549,0.000,0.000,0,4,1.8824,72,144,72,73,59
19,post_landing,118,1983.0,59,168.029,497.698,0.55407,0.00000,0.55407,-0.057179,-0.979371,0,1,4.00600,1049.179,2.425,8.000,24.409,26.069,27.184,48.532,0.000,0.000,0,5,1.8824,72,144,72,73,59
20,falling,0,21.0,,195.000,97.029,0.00000,0.55000,0.55000,0.000000,0.000000,0,0,4.24600,1052.603,1.069,5.000,5.000,5.000,6.000,27.000,0.000,0.000,0,0,1.7356,122,244,122,127,82
20,falling,1,30.0,,195.000,97.405,0.00000,0.69555,0.69555,0.000000,0.000000,0,0,4.24600,1052.603,1.069,5.000,5.000,5.000,6.000,27.000,0.000,0.000,0,0,1.7356,122,244,122,127,82
20,falling,2,46.0,,195.000,98.319,0.00000,0.95220,0.95220,0.000000,0.000000,0,0,4.24600,1052.603,1.069,5.000,5.000,5.000,6.000,27.000,0.000,0.000,0,0,1.7356,122,244,122,127,82
20,falling,3,63.0,,195.000,99.564,0.00000,1.22096,1.22096,0.000000,0.000000,0,0,4.24600,1052.603,1.069,5.000,5.000,5.000,6.000,27.000,0.000,0.000,0,0,1.7356,122,244,122,127,82
20,falling,4,80.0,,195.000,101.079,0.00000,1.48561,1.48561,0.000000,0.000000,0,0,4.24600,1052.603,1.069,5.000,5.000,5.000,6.000,27.000,0.000,0.000,0,0,1.7356,122,244,122,127,82
20,falling,5,97.0,,195.000,102.741,0.00000,1.73089,1.73089,0.000000,0.000000,0,0,4.24600,1052.603,1.069,5.000,5.000,5.000,6.000,27.000,0.000,0.000,0,0,1.7356,122,244,122,127,82
20,falling,6,113.0,,195.000,104.769,0.00000,1.98774,1.98774,0.000000,0.000000,0,0,4.24600,1052.603,1.069,5.000,5.000,5.000,6.000,27.000,0.000,0.000,0,0,1.7356,122,244,122,127,82
20,falling,7,130.0,,195.000,107.054,0.00000,2.24066,2.24066,0.000000,0.000000,0,0,4.24600,1052.603,1.069,5.000,5.000,5.000,6.000,27.000,0.000,0.000,0,0,1.7356,122,244,122,127,82
20,falling,8,147.0,,195.000,109.430,0.00000,2.47506,2.47506,0.000000,0.000000,0,0,4.24600,1052.603,1.069,5.000,5.000,5.000,6.000,27.000,0.000,0.000,0,0,1.7356,122,244,122,127,82
20,falling,9,163.0,,195.000,112.205,0.00000,2.72052,2.72052,0.000000,0.000000,0,0,4.24600,1052.603,1.069,5.000,5.000,5.000,6.000,27.000,0.000,0.000,0,0,1.7356,122,244,122,127,82
20,falling,10,180.0,,195.000,115.226,0.00000,2.96223,2.96223,0.000000,0.000000,0,0,4.24600,1052.603,1.069,5.000,5.000,5.000,6.000,27.000,0.000,0.000,0,0,1.7356,122,244,122,127,82
20,falling,11,197.0,,195.000,118.285,0.00000,3.18624,3.18624,0.000000,0.000000,0,0,4.24600,1052.603,1.069,5.000,5.000,5.000,6.000,27.000,0.000,0.000,0,0,1.7356,122,244,122,127,82
20,falling,12,213.0,,195.000,121.775,0.00000,3.42083,3.42083,0.000000,0.000000,0,0,4.24600,1052.603,1.069,5.000,5.000,5.000,6.000,27.000,0.000,0.000,0,0,1.7356,122,244,122,127,82
20,falling,13,230.0,,195.000,125.499,0.00000,3.65182,3.65182,0.000000,0.000000,0,0,4.24600,1052.603,1.069,5.000,5.000,5.000,6.000,27.000,0.000,0.000,0,0,1.7356,122,244,122,127,82
20,falling,14,247.0,,195.000,129.211,0.00000,3.86590,3.86590,0.000000,0.000000,0,0,4.24600,1052.603,1.069,5.000,5.000,5.000,6.000,27.000,0.000,0.000,0,0,1.7356,122,244,122,127,82
20,falling,15,263.0,,195.000,133.383,0.00000,4.09009,4.09009,0.000000,0.000000,0,0,4.24600,1052.603,1.069,5.000,5.000,5.000,6.000,27.000,0.000,0.000,0,0,1.7356,122,244,122,127,82
20,falling,16,280.0,,195.000,137.780,0.00000,4.31084,4.31084,0.000000,0.000000,0,0,4.24600,1052.603,1.069,5.000,5.000,5.000,6.000,27.000,0.000,0.000,0,0,1.7356,122,244,122,127,82
20,falling,17,297.0,,195.000,142.114,0.00000,4.51543,4.51543,0.000000,0.000000,0,0,4.24600,1052.603,1.069,5.000,5.000,5.000,6.000,27.000,0.000,0.000,0,0,1.7356,122,244,122,127,82
20,falling,18,314.0,,195.000,146.939,0.00000,4.72968,4.72968,0.000000,0.000000,0,0,4.24600,1052.603,1.069,5.000,5.000,5.000,6.000,27.000,0.000,0.000,0,0,1.7356,122,244,122,127,82
20,falling,19,330.0,,195.000,151.978,0.00000,4.94065,4.94065,0.000000,0.000000,0,0,4.24600,1052.603,1.069,5.000,5.000,5.000,6.000,27.000,0.000,0.000,0,0,1.7356,122,244,122,127,82
20,falling,20,347.0,,195.000,156.909,0.00000,5.13617,5.13617,0.000000,0.000000,0,0,4.24600,1052.603,1.069,5.000,5.000,5.000,6.000,27.000,0.000,0.000,0,0,1.7356,122,244,122,127,82
20,falling,21,364.0,,195.000,162.357,0.00000,5.34092,5.34092,0.000000,0.000000,0,0,4.24600,1052.603,1.069,5.000,5.000,5.000,6.000,27.000,0.000,0.000,0,0,1.7356,122,244,122,127,82
20,falling,22,380.0,,195.000,168.010,0.00000,5.54254,5.54254,0.000000,0.000000,0,0,4.24600,1052.603,1.069,5.000,5.000,5.000,6.000,27.000,0.000,0.000,0,0,1.7356,122,244,122,127,82
20,falling,23,397.0,,195.000,173.510,0.00000,5.72939,5.72939,0.000000,0.000000,0,0,4.24600,1052.603,1.069,5.000,5.000,5.000,6.000,27.000,0.000,0.000,0,0,1.7356,122,244,122,127,82
20,falling,24,413.0,,195.000,179.554,0.00000,5.92507,5.92507,0.000000,0.000000,0,0,4.24600,1052.603,1.069,5.000,5.000,5.000,6.000,27.000,0.000,0.000,0,0,1.7356,122,244,122,127,82
20,falling,25,430.0,,195.000,185.794,0.00000,6.11775,6.11775,0.000000,0.000000,0,0,4.24600,1052.603,1.069,5.000,5.000,5.000,6.000,27.000,0.000,0.000,0,0,1.7356,122,244,122,127,82
20,falling,26,447.0,,195.000,191.838,0.00000,6.29632,6.29632,0.000000,0.000000,0,0,4.24600,1052.603,1.069,5.000,5.000,5.000,6.000,27.000,0.000,0.000,0,0,1.7356,122,244,122,127,82
20,falling,27,463.0,,195.000,198.451,0.00000,6.48332,6.48332,0.000000,0.000000,0,0,4.24600,1052.603,1.069,5.000,5.000,5.000,6.000,27.000,0.000,0.000,0,0,1.7356,122,244,122,127,82
20,falling,28,480.0,,195.000,205.252,0.00000,6.66746,6.66746,0.000000,0.000000,0,0,4.24600,1052.603,1.069,5.000,5.000,5.000,6.000,27.000,0.000,0.000,0,0,1.7356,122,244,122,127,82
20,falling,29,497.0,,195.000,211.817,0.00000,6.83811,6.83811,0.000000,0.000000,0,0,4.24600,1052.603,1.069,5.000,5.000,5.000,6.000,27.000,0.000,0.000,0,0,1.7356,122,244,122,127,82
20,falling,30,513.0,,195.000,218.974,0.00000,7.01682,7.01682,0.000000,0.000000,0,0,4.24600,1052.603,1.069,5.000,5.000,5.000,6.000,27.000,0.000,0.000,0,0,1.7356,122,244,122,127,82
20,falling,31,530.0,,195.000,226.311,0.00000,7.19280,7.19280,0.000000,0.000000,0,0,4.24600,1052.603,1.069,5.000,5.000,5.000,6.000,27.000,0.000,0.000,0,0,1.7356,122,244,122,127,82
20,falling,32,547.0,,195.000,233.372,0.00000,7.35589,7.35589,0.000000,0.000000,0,0,4.24600,1052.603,1.069,5.000,5.000,5.000,6.000,27.000,0.000,0.000,0,0,1.7356,122,244,122,127,82
20,falling,33,563.0,,195.000,241.049,0.00000,7.52668,7.52668,0.000000,0.000000,0,0,4.24600,1052.603,1.069,5.000,5.000,5.000,6.000,27.000,0.000,0.000,0,0,1.7356,122,244,122,127,82
20,falling,34,580.0,,195.000,248.898,0.00000,7.69485,7.69485,0.000000,0.000000,0,0,4.24600,1052.603,1.069,5.000,5.000,5.000,6.000,27.000,0.000,0.000,0,0,1.7356,122,244,122,127,82
20,falling,35,597.0,,195.000,256.435,0.00000,7.85071,7.85071,0.000000,0.000000,0,0,4.24600,1052.603,1.069,5.000,5.000,5.000,6.000,27.000,0.000,0.000,0,0,1.7356,122,244,122,127,82
20,falling,36,613.0,,195.000,264.609,0.00000,8.01393,8.01393,0.000000,0.000000,0,0,4.24600,1052.603,1.069,5.000,5.000,5.000,6.000,27.000,0.000,0.000,0,0,1.7356,122,244,122,127,82
20,falling,37,630.0,,195.000,272.947,0.00000,8.17465,8.17465,0.000000,0.000000,0,0,4.24600,1052.603,1.069,5.000,5.000,5.000,6.000,27.000,0.000,0.000,0,0,1.7356,122,244,122,127,82
20,falling,38,647.0,,195.000,280.938,0.00000,8.32360,8.32360,0.000000,0.000000,0,0,4.24600,1052.603,1.069,5.000,5.000,5.000,6.000,27.000,0.000,0.000,0,0,1.7356,122,244,122,127,82
20,falling,39,664.0,,195.000,289.587,0.00000,8.47958,8.47958,0.000000,0.000000,0,0,4.24600,1052.603,1.069,5.000,5.000,5.000,6.000,27.000,0.000,0.000,0,0,1.7356,122,244,122,127,82
20,falling,40,680.0,,195.000,298.393,0.00000,8.63318,8.63318,0.000000,0.000000,0,0,4.24600,1052.603,1.069,5.000,5.000,5.000,6.000,27.000,0.000,0.000,0,0,1.7356,122,244,122,127,82
20,falling,41,697.0,,195.000,306.817,0.00000,8.77553,8.77553,0.000000,0.000000,0,0,4.24600,1052.603,1.069,5.000,5.000,5.000,6.000,27.000,0.000,0.000,0,0,1.7356,122,244,122,127,82
20,falling,42,713.0,,195.000,315.920,0.00000,8.92460,8.92460,0.000000,0.000000,0,0,4.24600,1052.603,1.069,5.000,5.000,5.000,6.000,27.000,0.000,0.000,0,0,1.7356,122,244,122,127,82
20,falling,43,730.0,,195.000,325.173,0.00000,9.07138,9.07138,0.000000,0.000000,0,0,4.24600,1052.603,1.069,5.000,5.000,5.000,6.000,27.000,0.000,0.000,0,0,1.7356,122,244,122,127,82
20,falling,44,747.0,,195.000,334.012,0.00000,9.20742,9.20742,0.000000,0.000000,0,0,4.24600,1052.603,1.069,5.000,5.000,5.000,6.000,27.000,0.000,0.000,0,0,1.7356,122,244,122,127,82
20,falling,45,763.0,,195.000,343.549,0.00000,9.34988,9.34988,0.000000,0.000000,0,0,4.24600,1052.603,1.069,5.000,5.000,5.000,6.000,27.000,0.000,0.000,0,0,1.7356,122,244,122,127,82
20,falling,46,781.0,,195.000,353.229,0.00000,9.49016,9.49016,0.000000,0.000000,0,0,4.24600,1052.603,1.069,5.000,5.000,5.000,6.000,27.000,0.000,0.000,0,0,1.7356,122,244,122,127,82
20,falling,47,797.0,,195.000,362.465,0.00000,9.62017,9.62017,0.000000,0.000000,0,0,4.24600,1052.603,1.069,5.000,5.000,5.000,6.000,27.000,0.000,0.000,0,0,1.7356,122,244,122,127,82
20,falling,48,813.0,,195.000,372.416,0.00000,9.75631,9.75631,0.000000,0.000000,0,0,4.24600,1052.603,1.069,5.000,5.000,5.000,6.000,27.000,0.000,0.000,0,0,1.7356,122,244,122,127,82
20,falling,49,830.0,,195.000,382.504,0.00000,9.89038,9.89038,0.000000,0.000000,0,0,4.24600,1052.603,1.069,5.000,5.000,5.000,6.000,27.000,0.000,0.000,0,0,1.7356,122,244,122,127,82
20,falling,50,847.0,,195.000,392.118,0.00000,10.01462,10.01462,0.000000,0.000000,0,0,4.24600,1052.603,1.069,5.000,5.000,5.000,6.000,27.000,0.000,0.000,0,0,1.7356,122,244,122,127,82
20,falling,51,863.0,,195.000,402.466,0.00000,10.14473,10.14473,0.000000,0.000000,0,0,4.24600,1052.603,1.069,5.000,5.000,5.000,6.000,27.000,0.000,0.000,0,0,1.7356,122,244,122,127,82
20,falling,52,880.0,,195.000,412.944,0.00000,10.27285,10.27285,0.000000,0.000000,0,0,4.24600,1052.603,1.069,5.000,5.000,5.000,6.000,27.000,0.000,0.000,0,0,1.7356,122,244,122,127,82
20,falling,53,897.0,,195.000,422.920,0.00000,10.39159,10.39159,0.000000,0.000000,0,0,4.24600,1052.603,1.069,5.000,5.000,5.000,6.000,27.000,0.000,0.000,0,0,1.7356,122,244,122,127,82
20,falling,54,913.0,,195.000,433.646,0.00000,10.51593,10.51593,0.000000,0.000000,0,0,4.24600,1052.603,1.069,5.000,5.000,5.000,6.000,27.000,0.000,0.000,0,0,1.7356,122,244,122,127,82
20,falling,55,930.0,,195.000,444.498,0.00000,10.63837,10.63837,0.000000,0.000000,0,0,4.24600,1052.603,1.069,5.000,5.000,5.000,6.000,27.000,0.000,0.000,0,0,1.7356,122,244,122,127,82
20,falling,56,947.0,,195.000,454.819,0.00000,10.75184,10.75184,0.000000,0.000000,0,0,4.24600,1052.603,1.069,5.000,5.000,5.000,6.000,27.000,0.000,0.000,0,0,1.7356,122,244,122,127,82
20,falling,57,963.0,,195.000,465.907,0.00000,10.87067,10.87067,0.000000,0.000000,0,0,4.24600,1052.603,1.069,5.000,5.000,5.000,6.000,27.000,0.000,0.000,0,0,1.7356,122,244,122,127,82
20,falling,58,980.0,,195.000,477.115,0.00000,10.98769,10.98769,0.000000,0.000000,0,0,4.24600,1052.603,1.069,5.000,5.000,5.000,6.000,27.000,0.000,0.000,0,0,1.7356,122,244,122,127,82
20,post_landing,59,997.0,59,195.000,484.099,2.71750,-1.21340,2.97609,0.017459,0.000000,0,1,4.24600,1052.603,1.069,5.000,5.000,5.000,6.000,27.000,0.000,0.000,0,9,1.7356,122,244,122,127,82
20,post_landing,60,1014.0,59,197.729,480.265,2.29589,-0.50133,2.34999,0.022147,0.017536,0,1,4.24600,1052.603,1.069,5.000,5.017,5.017,5.999,25.943,0.000,0.000,0,3,1.7356,122,244,122,127,82
20,post_landing,61,1030.0,59,200.035,479.369,2.47106,-0.11568,2.47377,-0.015867,0.039780,0,1,4.24600,1052.603,1.069,5.000,5.036,5.036,5.995,25.860,0.000,0.000,0,2,1.7356,122,244,122,127,82
20,post_landing,62,1047.0,59,202.373,478.918,2.06777,-0.08762,2.06962,0.009014,0.024767,0,1,4.24600,1052.603,1.069,5.000,5.023,5.023,5.998,25.918,0.000,0.000,0,1,1.7356,122,244,122,127,82
20,post_landing,63,1064.0,59,204.450,478.900,1.91396,-0.07442,1.91541,0.002638,0.033820,0,1,4.24600,1052.603,1.069,5.000,5.031,5.031,5.997,25.884,0.000,0.000,0,1,1.7356,122,244,122,127,82
20,post_landing,64,1080.0,59,206.373,478.895,1.77160,-0.06411,1.77276,0.000000,0.036470,0,1,4.24600,1052.603,1.069,5.000,5.033,5.033,5.996,25.873,0.000,0.000,0,1,1.7356,122,244,122,127,82
20,post_landing,65,1097.0,59,208.049,478.893,1.64132,-0.05447,1.64223,-0.001736,0.036470,0,1,4.24600,1052.603,1.069,5.000,5.033,5.033,5.996,25.873,0.000,0.000,0,1,1.7356,122,244,122,127,82
20,post_landing,66,1114.0,59,209.697,478.899,1.51924,-0.06184,1.52050,-0.003375,0.034727,0,1,4.24600,1052.603,1.069,5.000,5.032,5.032,5.996,25.880,0.000,0.000,0,1,1.7356,122,244,122,127,82
20,post_landing,67,1130.0,59,211.223,478.905,1.40623,-0.06463,1.40772,-0.004774,0.031337,0,1,4.24600,1052.603,1.069,5.000,5.029,5.029,5.997,25.893,0.000,0.000,0,1,1.7356,122,244,122,127,82
20,post_landing,68,1147.0,59,212.554,478.913,1.30282,-0.06012,1.30421,-0.005861,0.026821,0,1,4.24600,1052.603,1.069,5.000,5.025,5.025,5.998,25.910,0.000,0.000,0,1,1.7356,122,244,122,127,82
20,post_landing,69,1164.0,59,213.862,478.929,1.20592,-0.07388,1.20818,-0.007296,0.020934,0,1,4.24600,1052.603,1.069,5.000,5.020,5.020,5.999,25.932,0.000,0.000,0,1,1.7356,122,244,122,127,82
20,post_landing,70,1180.0,59,215.074,478.948,1.11622,-0.08028,1.11910,-0.008730,0.013605,0,1,4.24600,1052.603,1.069,5.000,5.013,5.013,5.999,25.957,0.000,0.000,0,1,1.7356,122,244,122,127,82
20,post_landing,71,1197.0,59,216.130,478.971,1.03414,-0.07504,1.03686,-0.009907,0.005345,0,1,4.24600,1052.603,1.069,5.000,5.005,5.005,6.000,25.984,0.000,0.000,0,1,1.7356,122,244,122,127,82
20,post_landing,72,1214.0,59,217.169,478.987,0.95722,-0.09348,0.96177,-0.011850,-0.004605,0,1,4.24600,1052.603,1.069,5.000,4.005,5.000,6.009,27.032,0.000,0.000,0,1,1.7356,122,244,122,127,82
20,post_landing,73,1230.0,59,218.130,478.985,0.88602,-0.10010,0.89165,-0.013862,-0.016507,0,1,4.24600,1052.603,1.069,5.000,4.016,4.999,6.032,27.112,0.000,0.000,0,1,1.7356,122,244,122,127,82
20,post_landing,74,1247.0,59,218.968,478.987,0.82086,-0.08919,0.82569,-0.015439,-0.029623,0,1,4.24600,1052.603,1.069,5.000,4.028,4.998,6.057,27.195,0.000,0.000,0,1,1.7356,122,244,122,127,82
20,post_landing,75,1263.0,59,219.793,479.004,0.75980,-0.11872,0.76902,-0.018307,-0.045130,0,1,4.24600,1052.603,1.069,5.000,4.041,4.995,6.084,27.288,0.000,0.000,0,1,1.7356,122,244,122,127,82
20,post_landing,76,1280.0,59,220.556,479.044,0.90280,-0.04397,0.90387,-0.043693,-0.063517,0,1,4.24600,1052.603,1.069,5.000,4.055,4.990,6.115,27.390,0.000,0.000,0,1,1.7356,122,244,122,127,82
20,post_landing,77,1297.0,59,221.410,479.159,0.33994,0.10618,0.35614,0.035000,-0.104858,0,1,4.24600,1052.603,1.069,5.000,4.083,4.973,26.381,27.584,0.000,0.000,0,1,1.7356,122,244,122,127,82
20,post_landing,78,1314.0,59,221.752,479.047,0.04047,-0.01963,0.04498,0.057060,-0.069704,0,1,4.24600,1052.603,1.069,5.000,4.060,4.988,6.125,27.422,0.000,0.000,0,1,1.7356,122,244,122,127,82
20,post_landing,79,1330.0,59,221.792,478.985,0.58701,-0.04587,0.58880,-0.037420,-0.012393,0,1,4.24600,1052.603,1.069,5.000,4.012,5.000,6.024,27.085,0.000,0.000,0,1,1.7356,122,244,122,127,82
20,post_landing,80,1347.0,59,222.348,479.005,0.11560,0.09574,0.15010,0.030950,-0.047799,0,1,4.24600,1052.603,1.069,5.000,4.043,4.994,6.089,27.304,0.000,0.000,0,1,1.7356,122,244,122,127,82
20,post_landing,81,1364.0,59,222.464,478.985,0.02835,0.07735,0.08238,0.034096,-0.016713,0,1,4.24600,1052.603,1.069,5.000,4.016,4.999,6.033,27.113,0.000,0.000,0,1,1.7356,122,244,122,127,82
20,post_landing,82,1380.0,59,222.492,478.938,0.02624,0.00000,0.02624,0.027705,0.017533,0,1,4.24600,1052.603,1.069,5.000,5.017,5.017,5.999,25.943,0.000,0.000,0,1,1.7356,122,244,122,127,82
20,post_landing,83,1397.0,59,222.519,478.881,0.02429,-0.04565,0.05171,0.024215,0.045360,0,1,4.24600,1052.603,1.069,5.000,5.040,5.040,5.994,25.837,0.000,0.000,0,1,1.7356,122,244,122,127,82
20,post_landing,84,1414.0,59,222.542,478.857,0.02250,-0.05336,0.05791,0.022134,0.068272,0,1,4.24600,1052.603,1.069,5.000,5.057,5.057,5.986,25.735,0.000,0.000,0,1,1.7356,122,244,122,127,82
20,post_landing,85,1430.0,59,222.564,478.875,-0.19428,0.00000,0.19428,0.047733,0.090503,0,1,4.24600,1052.603,1.069,5.000,5.070,5.070,5.975,6.700,0.000,0.000,0,1,1.7356,122,244,122,127,82
20,post_landing,86,1447.0,59,222.380,478.935,-0.04947,-0.02706,0.05639,0.020636,0.135668,0,1,4.24600,1052.603,1.069,5.000,5.089,5.089,5.945,6.530,0.000,0.000,0,1,1.7356,122,244,122,127,82
20,post_landing,87,1464.0,59,222.331,478.995,-0.10732,-0.04987,0.11834,0.028048,0.156395,0,1,4.24600,1052.603,1.069,5.000,5.095,5.095,5.927,6.447,0.000,0.000,0,1,1.7356,122,244,122,127,82
20,post_landing,88,1480.0,59,222.223,479.098,-0.19614,-0.09136,0.21638,0.040703,0.184566,0,1,4.24600,1052.603,1.069,5.000,5.099,5.099,5.898,6.331,0.000,0.000,0,1,1.7356,122,244,122,127,82
20,post_landing,89,1497.0,59,222.037,479.286,0.28331,0.13777,0.31503,-0.033712,0.223078,0,1,4.24600,1052.603,1.069,5.000,5.097,5.097,5.540,6.163,0.000,0.000,0,1,1.7356,122,244,122,127,82
20,post_landing,90,1514.0,59,222.322,479.151,-0.15463,-0.09235,0.18011,0.041146,0.189218,0,1,4.24600,1052.603,1.069,5.000,5.099,5.099,5.893,6.311,0.000,0.000,0,1,1.7356,122,244,122,127,82
20,post_landing,91,1530.0,59,222.166,479.336,-0.11118,-0.12943,0.17062,0.035675,0.230545,0,1,4.24600,1052.603,1.069,5.000,5.096,5.096,5.553,6.129,0.000,0.000,0,1,1.7356,122,244,122,127,82
20,post_landing,92,1547.0,59,222.061,479.470,-0.10958,0.13910,0.17708,0.035161,0.264299,0,0,4.24600,1052.603,1.069,5.000,1.227,5.088,5.610,5.973,0.000,0.000,0,0,1.7356,122,244,122,127,82
20,post_landing,93,1564.0,59,221.951,479.874,-0.04882,-0.11283,0.12294,0.020391,0.299615,0,1,4.24600,1052.603,1.069,5.000,1.251,5.072,5.663,5.803,0.000,0.000,0,1,1.7356,122,244,122,127,82
20,post_landing,94,1580.0,59,221.902,480.068,1.08479,0.06545,1.08676,-0.075028,0.320095,0,1,4.24600,1052.603,1.069,5.000,1.264,5.061,5.690,5.700,0.000,0.000,0,1,1.7356,122,244,122,127,82
20,post_landing,95,1597.0,59,222.929,479.819,1.19032,-0.83752,1.45544,-0.023239,0.249105,0,1,4.24600,1052.603,1.069,5.000,5.092,5.092,5.585,6.044,0.000,0.000,0,2,1.7356,122,244,122,127,82
20,post_landing,96,1614.0,59,224.124,479.303,0.06058,-0.29775,0.30385,0.068727,0.225765,0,1,4.24600,1052.603,1.069,5.000,5.097,5.097,5.545,6.151,0.000,0.000,0,1,1.7356,122,244,122,127,82
20,post_landing,97,1630.0,59,224.185,479.293,0.05965,-0.00986,0.06046,0.067675,0.294794,0,0,4.24600,1052.603,1.069,5.000,1.247,5.075,5.656,5.826,0.000,0.000,0,0,1.7356,122,244,122,127,82
20,post_landing,98,1647.0,59,224.241,479.539,0.05880,0.25694,0.26359,0.066701,0.358826,0,0,4.24600,1052.603,1.069,5.000,1.287,5.033,5.735,5.852,0.000,0.000,0,0,1.7356,122,244,122,127,82
20,post_landing,99,1664.0,59,224.300,480.086,0.05790,0.53635,0.53946,0.065680,0.425820,0,0,4.24600,1052.603,1.069,5.000,1.324,4.967,5.793,6.121,0.000,0.000,0,0,1.7356,122,244,122,127,82
20,post_landing,100,1680.0,59,224.359,480.914,0.05701,0.81147,0.81347,0.064676,0.491790,0,0,4.24600,1052.603,1.069,5.000,1.354,4.880,5.824,7.776,0.000,0.000,0,0,1.7356,122,244,122,127,82
20,post_landing,101,1697.0,59,224.413,481.938,0.05619,1.06645,1.06793,0.063744,0.552984,0,0,4.24600,1052.603,1.069,5.000,1.376,1.376,5.830,17.565,0.000,0.000,0,0,1.7356,122,244,122,127,82
20,post_landing,102,1713.0,59,224.469,483.298,0.05533,1.33347,1.33462,0.062769,0.617008,0,0,4.24600,1052.603,1.069,5.000,1.394,2.551,5.814,20.676,0.000,0.000,0,0,1.7356,122,244,122,127,82
20,post_landing,103,1730.0,59,224.525,484.926,0.05448,1.59640,1.59733,0.061809,0.680053,0,0,4.24600,1052.603,1.069,5.000,1.406,2.664,5.774,24.388,0.000,0.000,0,0,1.7356,122,244,122,127,82
20,post_landing,104,1747.0,59,224.576,486.693,0.05370,1.84008,1.84086,0.060919,0.738535,0,0,4.24600,1052.603,1.069,5.000,1.413,2.759,5.717,27.381,0.000,0.000,0,0,1.7356,122,244,122,127,82
20,post_landing,105,1763.0,59,224.630,488.830,0.05288,2.09526,2.09593,0.059986,0.799721,0,0,4.24600,1052.603,1.069,5.000,1.414,2.848,21.231,29.059,0.000,0.000,0,0,1.7356,122,244,122,127,82
20,post_landing,106,1780.0,59,224.683,491.024,1.00727,0.56780,1.15629,0.013826,0.859971,0,1,4.24600,1052.603,1.069,5.000,1.410,2.926,27.006,31.553,0.000,0.000,0,2,1.7356,122,244,122,127,82
20,post_landing,107,1797.0,59,225.636,491.418,0.86435,0.30576,0.91683,0.010460,0.873053,0,1,4.24600,1052.603,1.069,5.000,1.409,2.941,27.015,31.612,0.000,0.000,0,2,1.7356,122,244,122,127,82
20,post_landing,108,1814.0,59,226.504,491.723,0.68454,0.22208,0.71966,0.010443,0.883559,0,1,4.24600,1052.603,1.069,5.000,1.407,2.953,27.018,31.656,0.000,0.000,0,2,1.7356,122,244,122,127,82
20,post_landing,109,1830.0,59,227.192,492.029,0.55317,0.19077,0.58514,0.008531,0.894048,0,1,4.24600,1052.603,1.069,5.000,1.406,2.965,27.798,31.696,0.000,0.000,0,2,1.7356,122,244,122,127,82
20,post_landing,110,1847.0,59,227.715,492.269,0.45136,0.17278,0.48330,0.006712,0.902120,0,1,4.24600,1052.603,1.069,5.000,1.405,2.974,27.801,31.724,0.000,0.000,0,2,1.7356,122,244,122,127,82
20,post_landing,111,1864.0,59,228.169,492.480,0.38063,0.16248,0.41386,0.006000,0.908862,0,1,4.24600,1052.603,1.069,5.000,1.403,2.981,27.803,44.726,0.000,0.000,0,2,1.7356,122,244,122,127,82
20,post_landing,112,1880.0,59,228.551,492.665,0.34327,0.30702,0.46054,0.010146,0.914888,0,1,4.24600,1052.603,1.069,5.000,1.402,2.987,28.595,44.752,0.000,0.000,0,2,1.7356,122,244,122,127,82
20,post_landing,113,1897.0,59,228.876,492.957,0.38667,0.36171,0.52948,0.011433,0.924487,0,1,4.24600,1052.603,1.069,5.000,1.401,18.795,28.599,44.790,0.000,0.000,0,2,1.7356,122,244,122,127,82
20,post_landing,114,1914.0,59,229.264,493.318,0.43254,0.40652,0.59359,0.013168,0.935970,0,1,4.24600,1052.603,1.069,5.000,1.398,22.415,29.406,44.830,0.000,0.000,0,2,1.7356,122,244,122,127,82
20,post_landing,115,1930.0,59,229.699,493.732,0.47553,0.44337,0.65016,0.014386,0.949196,0,1,4.24600,1052.603,1.069,5.000,1.395,24.642,29.410,47.307,0.000,0.000,0,2,1.7356,122,244,122,127,82
20,post_landing,116,1947.0,59,230.148,494.159,0.50081,0.47202,0.68820,0.015279,0.962807,0,1,4.24600,1052.603,1.069,5.000,1.392,24.663,30.231,47.362,0.000,0.000,0,2,1.7356,122,244,122,127,82
20,post_landing,117,1964.0,59,230.652,494.655,0.51786,0.51099,0.72752,0.016163,0.978153,0,1,4.24600,1052.603,1.069,5.000,22.463,25.509,30.232,47.413,0.000,0.000,0,2,1.7356,122,244,122,127,82
20,post_landing,118,1981.0,59,231.172,495.184,0.53210,0.54283,0.76013,0.016948,0.994387,0,1,4.24600,1052.603,1.069,5.000,24.692,26.369,31.064,48.588,0.000,0.000,0,2,1.7356,122,244,122,127,82
21,falling,0,40.0,,195.000,97.029,0.00000,0.55000,0.55000,0.000000,0.000000,0,0,8.59200,8519.244,3.325,59.000,59.000,59.000,60.000,60.000,0.000,0.000,0,0,1.3050,50,100,50,50,44
21,falling,1,42.0,,195.000,97.099,0.00000,0.58234,0.58234,0.000000,0.000000,0,0,8.59200,8519.244,3.325,59.000,59.000,59.000,60.000,60.000,0.000,0.000,0,0,1.3050,50,100,50,50,44
21,falling,2,57.0,,195.000,97.841,0.00000,0.82448,0.82448,0.000000,0.000000,0,0,8.59200,8519.244,3.325,59.000,59.000,59.000,60.000,60.000,0.000,0.000,0,0,1.3050,50,100,50,50,44
21,falling,3,74.0,,195.000,98.958,0.00000,1.09520,1.09520,0.000000,0.000000,0,0,8.59200,8519.244,3.325,59.000,59.000,59.000,60.000,60.000,0.000,0.000,0,0,1.3050,50,100,50,50,44
21,falling,4,91.0,,195.000,100.347,0.00000,1.36178,1.36178,0.000000,0.000000,0,0,8.59200,8519.244,3.325,59.000,59.000,59.000,60.000,60.000,0.000,0.000,0,0,1.3050,50,100,50,50,44
21,falling,5,107.0,,195.000,101.892,0.00000,1.60883,1.60883,0.000000,0.000000,0,0,8.59200,8519.244,3.325,59.000,59.000,59.000,60.000,60.000,0.000,0.000,0,0,1.3050,50,100,50,50,44
21,falling,6,124.0,,195.000,103.796,0.00000,1.86755,1.86755,0.000000,0.000000,0,0,8.59200,8519.244,3.325,59.000,59.000,59.000,60.000,60.000,0.000,0.000,0,0,1.3050,50,100,50,50,44
21,falling,7,141.0,,195.000,105.961,0.00000,2.12231,2.12231,0.000000,0.000000,0,0,8.59200,8519.244,3.325,59.000,59.000,59.000,60.000,60.000,0.000,0.000,0,0,1.3050,50,100,50,50,44
21,falling,8,158.0,,195.000,108.225,0.00000,2.35842,2.35842,0.000000,0.000000,0,0,8.59200,8519.244,3.325,59.000,59.000,59.000,60.000,60.000,0.000,0.000,0,0,1.3050,50,100,50,50,44
21,falling,9,174.0,,195.000,110.883,0.00000,2.60567,2.60567,0.000000,0.000000,0,0,8.59200,8519.244,3.325,59.000,59.000,59.000,60.000,60.000,0.000,0.000,0,0,1.3050,50,100,50,50,44
21,falling,10,191.0,,195.000,113.789,0.00000,2.84913,2.84913,0.000000,0.000000,0,0,8.59200,8519.244,3.325,59.000,59.000,59.000,60.000,60.000,0.000,0.000,0,0,1.3050,50,100,50,50,44
21,falling,11,208.0,,195.000,116.741,0.00000,3.07477,3.07477,0.000000,0.000000,0,0,8.59200,8519.244,3.325,59.000,59.000,59.000,60.000,60.000,0.000,0.000,0,0,1.3050,50,100,50,50,44
21,falling,12,224.0,,195.000,120.118,0.00000,3.31106,3.31106,0.000000,0.000000,0,0,8.59200,8519.244,3.325,59.000,59.000,59.000,60.000,60.000,0.000,0.000,0,0,1.3050,50,100,50,50,44
21,falling,13,241.0,,195.000,123.733,0.00000,3.54374,3.54374,0.000000,0.000000,0,0,8.59200,8519.244,3.325,59.000,59.000,59.000,60.000,60.000,0.000,0.000,0,0,1.3050,50,100,50,50,44
21,falling,14,258.0,,195.000,127.342,0.00000,3.75937,3.75937,0.000000,0.000000,0,0,8.59200,8519.244,3.325,59.000,59.000,59.000,60.000,60.000,0.000,0.000,0,0,1.3050,50,100,50,50,44
21,falling,15,274.0,,195.000,131.407,0.00000,3.98519,3.98519,0.000000,0.000000,0,0,8.59200,8519.244,3.325,59.000,59.000,59.000,60.000,60.000,0.000,0.000,0,0,1.3050,50,100,50,50,44
21,falling,16,291.0,,195.000,135.698,0.00000,4.20755,4.20755,0.000000,0.000000,0,0,8.59200,8519.244,3.325,59.000,59.000,59.000,60.000,60.000,0.000,0.000,0,0,1.3050,50,100,50,50,44
21,falling,17,308.0,,195.000,139.935,0.00000,4.41363,4.41363,0.000000,0.000000,0,0,8.59200,8519.244,3.325,59.000,59.000,59.000,60.000,60.000,0.000,0.000,0,0,1.3050,50,100,50,50,44
21,falling,18,324.0,,195.000,144.658,0.00000,4.62943,4.62943,0.000000,0.000000,0,0,8.59200,8519.244,3.325,59.000,59.000,59.000,60.000,60.000,0.000,0.000,0,0,1.3050,50,100,50,50,44
21,falling,19,341.0,,195.000,149.596,0.00000,4.84193,4.84193,0.000000,0.000000,0,0,8.59200,8519.244,3.325,59.000,59.000,59.000,60.000,60.000,0.000,0.000,0,0,1.3050,50,100,50,50,44
21,falling,20,358.0,,195.000,154.434,0.00000,5.03888,5.03888,0.000000,0.000000,0,0,8.59200,8519.244,3.325,59.000,59.000,59.000,60.000,60.000,0.000,0.000,0,0,1.3050,50,100,50,50,44
21,falling,21,374.0,,195.000,159.784,0.00000,5.24512,5.24512,0.000000,0.000000,0,0,8.59200,8519.244,3.325,59.000,59.000,59.000,60.000,60.000,0.000,0.000,0,0,1.3050,50,100,50,50,44
21,falling,22,391.0,,195.000,165.341,0.00000,5.44820,5.44820,0.000000,0.000000,0,0,8.59200,8519.244,3.325,59.000,59.000,59.000,60.000,60.000,0.000,0.000,0,0,1.3050,50,100,50,50,44
21,falling,23,408.0,,195.000,170.752,0.00000,5.63641,5.63641,0.000000,0.000000,0,0,8.59200,8519.244,3.325,59.000,59.000,59.000,60.000,60.000,0.000,0.000,0,0,1.3050,50,100,50,50,44
21,falling,24,424.0,,195.000,176.702,0.00000,5.83351,5.83351,0.000000,0.000000,0,0,8.59200,8519.244,3.325,59.000,59.000,59.000,60.000,60.000,0.000,0.000,0,0,1.3050,50,100,50,50,44
21,falling,25,441.0,,195.000,182.850,0.00000,6.02759,6.02759,0.000000,0.000000,0,0,8.59200,8519.244,3.325,59.000,59.000,59.000,60.000,60.000,0.000,0.000,0,0,1.3050,50,100,50,50,44
21,falling,26,458.0,,195.000,188.809,0.00000,6.20746,6.20746,0.000000,0.000000,0,0,8.59200,8519.244,3.325,59.000,59.000,59.000,60.000,60.000,0.000,0.000,0,0,1.3050,50,100,50,50,44
21,falling,27,474.0,,195.000,195.333,0.00000,6.39582,6.39582,0.000000,0.000000,0,0,8.59200,8519.244,3.325,59.000,59.000,59.000,60.000,60.000,0.000,0.000,0,0,1.3050,50,100,50,50,44
21,falling,28,491.0,,195.000,202.046,0.00000,6.58129,6.58129,0.000000,0.000000,0,0,8.59200,8519.244,3.325,59.000,59.000,59.000,60.000,60.000,0.000,0.000,0,0,1.3050,50,100,50,50,44
21,falling,29,508.0,,195.000,208.529,0.00000,6.75319,6.75319,0.000000,0.000000,0,0,8.59200,8519.244,3.325,59.000,59.000,59.000,60.000,60.000,0.000,0.000,0,0,1.3050,50,100,50,50,44
21,falling,30,524.0,,195.000,215.601,0.00000,6.93320,6.93320,0.000000,0.000000,0,0,8.59200,8519.244,3.325,59.000,59.000,59.000,60.000,60.000,0.000,0.000,0,0,1.3050,50,100,50,50,44
21,falling,31,541.0,,195.000,222.853,0.00000,7.11045,7.11045,0.000000,0.000000,0,0,8.59200,8519.244,3.325,59.000,59.000,59.000,60.000,60.000,0.000,0.000,0,0,1.3050,50,100,50,50,44
21,falling,32,558.0,,195.000,229.837,0.00000,7.27473,7.27473,0.000000,0.000000,0,0,8.59200,8519.244,3.325,59.000,59.000,59.000,60.000,60.000,0.000,0.000,0,0,1.3050,50,100,50,50,44
21,falling,33,574.0,,195.000,237.433,0.00000,7.44676,7.44676,0.000000,0.000000,0,0,8.59200,8519.244,3.325,59.000,59.000,59.000,60.000,60.000,0.000,0.000,0,0,1.3050,50,100,50,50,44
21,falling,34,591.0,,195.000,245.201,0.00000,7.61616,7.61616,0.000000,0.000000,0,0,8.59200,8519.244,3.325,59.000,59.000,59.000,60.000,60.000,0.000,0.000,0,0,1.3050,50,100,50,50,44
21,falling,35,608.0,,195.000,252.664,0.00000,7.77315,7.77315,0.000000,0.000000,0,0,8.59200,8519.244,3.325,59.000,59.000,59.000,60.000,60.000,0.000,0.000,0,0,1.3050,50,100,50,50,44
21,falling,36,624.0,,195.000,260.760,0.00000,7.93756,7.93756,0.000000,0.000000,0,0,8.59200,8519.244,3.325,59.000,59.000,59.000,60.000,60.000,0.000,0.000,0,0,1.3050,50,100,50,50,44
21,falling,37,641.0,,195.000,269.021,0.00000,8.09945,8.09945,0.000000,0.000000,0,0,8.59200,8519.244,3.325,59.000,59.000,59.000,60.000,60.000,0.000,0.000,0,0,1.3050,50,100,50,50,44
21,falling,38,658.0,,195.000,276.941,0.00000,8.24948,8.24948,0.000000,0.000000,0,0,8.59200,8519.244,3.325,59.000,59.000,59.000,60.000,60.000,0.000,0.000,0,0,1.3050,50,100,50,50,44
21,falling,39,674.0,,195.000,285.516,0.00000,8.40660,8.40660,0.000000,0.000000,0,0,8.59200,8519.244,3.325,59.000,59.000,59.000,60.000,60.000,0.000,0.000,0,0,1.3050,50,100,50,50,44
21,falling,40,691.0,,195.000,294.248,0.00000,8.56131,8.56131,0.000000,0.000000,0,0,8.59200,8519.244,3.325,59.000,59.000,59.000,60.000,60.000,0.000,0.000,0,0,1.3050,50,100,50,50,44
21,falling,41,708.0,,195.000,302.605,0.00000,8.70469,8.70469,0.000000,0.000000,0,0,8.59200,8519.244,3.325,59.000,59.000,59.000,60.000,60.000,0.000,0.000,0,0,1.3050,50,100,50,50,44
21,falling,42,724.0,,195.000,311.637,0.00000,8.85484,8.85484,0.000000,0.000000,0,0,8.59200,8519.244,3.325,59.000,59.000,59.000,60.000,60.000,0.000,0.000,0,0,1.3050,50,100,50,50,44
21,falling,43,741.0,,195.000,320.819,0.00000,9.00270,9.00270,0.000000,0.000000,0,0,8.59200,8519.244,3.325,59.000,59.000,59.000,60.000,60.000,0.000,0.000,0,0,1.3050,50,100,50,50,44
21,falling,44,758.0,,195.000,329.593,0.00000,9.13973,9.13973,0.000000,0.000000,0,0,8.59200,8519.244,3.325,59.000,59.000,59.000,60.000,60.000,0.000,0.000,0,0,1.3050,50,100,50,50,44
21,falling,45,774.0,,195.000,339.062,0.00000,9.28322,9.28322,0.000000,0.000000,0,0,8.59200,8519.244,3.325,59.000,59.000,59.000,60.000,60.000,0.000,0.000,0,0,1.3050,50,100,50,50,44
21,falling,46,791.0,,195.000,348.675,0.00000,9.42452,9.42452,0.000000,0.000000,0,0,8.59200,8519.244,3.325,59.000,59.000,59.000,60.000,60.000,0.000,0.000,0,0,1.3050,50,100,50,50,44
21,falling,47,808.0,,195.000,357.849,0.00000,9.55548,9.55548,0.000000,0.000000,0,0,8.59200,8519.244,3.325,59.000,59.000,59.000,60.000,60.000,0.000,0.000,0,0,1.3050,50,100,50,50,44
21,falling,48,824.0,,195.000,367.735,0.00000,9.69261,9.69261,0.000000,0.000000,0,0,8.59200,8519.244,3.325,59.000,59.000,59.000,60.000,60.000,0.000,0.000,0,0,1.3050,50,100,50,50,44
21,falling,49,841.0,,195.000,377.759,0.00000,9.82765,9.82765,0.000000,0.000000,0,0,8.59200,8519.244,3.325,59.000,59.000,59.000,60.000,60.000,0.000,0.000,0,0,1.3050,50,100,50,50,44
21,falling,50,858.0,,195.000,387.314,0.00000,9.95279,9.95279,0.000000,0.000000,0,0,8.59200,8519.244,3.325,59.000,59.000,59.000,60.000,60.000,0.000,0.000,0,0,1.3050,50,100,50,50,44
21,falling,51,874.0,,195.000,397.599,0.00000,10.08385,10.08385,0.000000,0.000000,0,0,8.59200,8519.244,3.325,59.000,59.000,59.000,60.000,60.000,0.000,0.000,0,0,1.3050,50,100,50,50,44
21,falling,52,891.0,,195.000,408.017,0.00000,10.21290,10.21290,0.000000,0.000000,0,0,8.59200,8519.244,3.325,59.000,59.000,59.000,60.000,60.000,0.000,0.000,0,0,1.3050,50,100,50,50,44
21,falling,53,908.0,,195.000,417.936,0.00000,10.33250,10.33250,0.000000,0.000000,0,0,8.59200,8519.244,3.325,59.000,59.000,59.000,60.000,60.000,0.000,0.000,0,0,1.3050,50,100,50,50,44
21,falling,54,924.0,,195.000,428.603,0.00000,10.45775,10.45775,0.000000,0.000000,0,0,8.59200,8519.244,3.325,59.000,59.000,59.000,60.000,60.000,0.000,0.000,0,0,1.3050,50,100,50,50,44
21,falling,55,941.0,,195.000,439.395,0.00000,10.58108,10.58108,0.000000,0.000000,0,0,8.59200,8519.244,3.325,59.000,59.000,59.000,60.000,60.000,0.000,0.000,0,0,1.3050,50,100,50,50,44
21,falling,56,958.0,,195.000,449.663,0.00000,10.69538,10.69538,0.000000,0.000000,0,0,8.59200,8519.244,3.325,59.000,59.000,59.000,60.000,60.000,0.000,0.000,0,0,1.3050,50,100,50,50,44
21,falling,57,974.0,,195.000,460.694,0.00000,10.81507,10.81507,0.000000,0.000000,0,0,8.59200,8519.244,3.325,59.000,59.000,59.000,60.000,60.000,0.000,0.000,0,0,1.3050,50,100,50,50,44
21,falling,58,991.0,,195.000,471.846,0.00000,10.93293,10.93293,0.000000,0.000000,0,0,8.59200,8519.244,3.325,59.000,59.000,59.000,60.000,60.000,0.000,0.000,0,0,1.3050,50,100,50,50,44
21,falling,59,1008.0,,195.000,482.446,0.00000,11.04217,11.04217,0.000000,0.000000,0,0,8.59200,8519.244,3.325,59.000,59.000,59.000,60.000,60.000,0.000,0.000,0,0,1.3050,50,100,50,50,44
21,post_landing,60,1024.0,60,195.000,486.369,-0.00008,0.00000,0.00008,0.000000,0.000000,0,1,8.59200,8519.244,3.325,59.000,59.000,59.000,60.000,60.000,0.000,0.000,0,10,1.3050,50,100,50,50,44
21,post_landing,61,1041.0,60,195.000,484.798,0.00014,0.00000,0.00014,0.000000,0.000000,0,1,8.59200,8519.244,3.325,59.000,59.000,59.000,60.000,60.000,0.000,0.000,0,7,1.3050,50,100,50,50,44
21,post_landing,62,1058.0,60,195.000,483.867,-0.00064,0.00000,0.00064,0.000000,0.000000,0,1,8.59200,8519.244,3.325,59.000,59.000,59.000,60.000,60.000,0.000,0.000,0,4,1.3050,50,100,50,50,44
21,post_landing,63,1074.0,60,194.999,483.369,-0.00248,0.00000,0.00248,0.000000,0.000000,0,1,8.59200,8519.244,3.325,59.000,59.000,59.000,60.000,60.000,0.000,0.000,0,2,1.3050,50,100,50,50,44
21,post_landing,64,1091.0,60,194.997,483.369,-0.00041,0.00000,0.00041,0.000000,0.000000,0,1,8.59200,8519.244,3.325,59.000,59.000,59.000,60.000,60.000,0.000,0.000,0,2,1.3050,50,100,50,50,44
21,post_landing,65,1108.0,60,194.997,483.367,0.00060,0.00000,0.00060,0.000000,0.000000,0,1,8.59200,8519.244,3.325,59.000,59.000,59.000,60.000,60.000,0.000,0.000,0,2,1.3050,50,100,50,50,44
21,post_landing,66,1124.0,60,194.997,483.369,-0.00033,0.00000,0.00033,0.000000,0.000000,0,1,8.59200,8519.244,3.325,59.000,59.000,59.000,60.000,60.000,0.000,0.000,0,2,1.3050,50,100,50,50,44
21,post_landing,67,1141.0,60,194.997,483.369,-0.00010,0.00000,0.00010,0.000000,0.000000,0,1,8.59200,8519.244,3.325,59.000,59.000,59.000,60.000,60.000,0.000,0.000,0,2,1.3050,50,100,50,50,44
21,post_landing,68,1158.0,60,194.997,483.367,0.00049,0.00000,0.00049,0.000000,0.000000,0,1,8.59200,8519.244,3.325,59.000,59.000,59.000,60.000,60.000,0.000,0.000,0,2,1.3050,50,100,50,50,44
21,post_landing,69,1174.0,60,194.997,483.369,-0.00037,0.00000,0.00037,0.000000,0.000000,0,1,8.59200,8519.244,3.325,59.000,59.000,59.000,60.000,60.000,0.000,0.000,0,2,1.3050,50,100,50,50,44
21,post_landing,70,1191.0,60,194.997,483.369,-0.00010,0.00000,0.00010,0.000000,0.000000,0,1,8.59200,8519.244,3.325,59.000,59.000,59.000,60.000,60.000,0.000,0.000,0,2,1.3050,50,100,50,50,44
21,post_landing,71,1208.0,60,194.997,483.367,0.00050,0.00000,0.00050,0.000000,0.000000,0,1,8.59200,8519.244,3.325,59.000,59.000,59.000,60.000,60.000,0.000,0.000,0,2,1.3050,50,100,50,50,44
21,post_landing,72,1224.0,60,194.997,483.369,-0.00037,0.00000,0.00037,0.000000,0.000000,0,1,8.59200,8519.244,3.325,59.000,59.000,59.000,60.000,60.000,0.000,0.000,0,2,1.3050,50,100,50,50,44
21,post_landing,73,1241.0,60,194.997,483.369,-0.00010,0.00000,0.00010,0.000000,0.000000,0,1,8.59200,8519.244,3.325,59.000,59.000,59.000,60.000,60.000,0.000,0.000,0,2,1.3050,50,100,50,50,44
21,post_landing,74,1258.0,60,194.997,483.367,0.00050,0.00000,0.00050,0.000000,0.000000,0,1,8.59200,8519.244,3.325,59.000,59.000,59.000,60.000,60.000,0.000,0.000,0,2,1.3050,50,100,50,50,44
21,post_landing,75,1274.0,60,194.997,483.369,-0.00037,0.00000,0.00037,0.000000,0.000000,0,1,8.59200,8519.244,3.325,59.000,59.000,59.000,60.000,60.000,0.000,0.000,0,2,1.3050,50,100,50,50,44
21,post_landing,76,1291.0,60,194.997,483.369,-0.00010,0.00000,0.00010,0.000000,0.000000,0,1,8.59200,8519.244,3.325,59.000,59.000,59.000,60.000,60.000,0.000,0.000,0,2,1.3050,50,100,50,50,44
21,post_landing,77,1308.0,60,194.997,483.367,0.00050,0.00000,0.00050,0.000000,0.000000,0,1,8.59200,8519.244,3.325,59.000,59.000,59.000,60.000,60.000,0.000,0.000,0,2,1.3050,50,100,50,50,44
21,post_landing,78,1324.0,60,194.997,483.369,-0.00037,0.00000,0.00037,0.000000,0.000000,0,1,8.59200,8519.244,3.325,59.000,59.000,59.000,60.000,60.000,0.000,0.000,0,2,1.3050,50,100,50,50,44
21,post_landing,79,1341.0,60,194.997,483.369,-0.00010,0.00000,0.00010,0.000000,0.000000,0,1,8.59200,8519.244,3.325,59.000,59.000,59.000,60.000,60.000,0.000,0.000,0,2,1.3050,50,100,50,50,44
21,post_landing,80,1359.0,60,194.997,483.367,0.00050,0.00000,0.00050,0.000000,0.000000,0,1,8.59200,8519.244,3.325,59.000,59.000,59.000,60.000,60.000,0.000,0.000,0,2,1.3050,50,100,50,50,44
21,post_landing,81,1374.0,60,194.997,483.369,-0.00037,0.00000,0.00037,0.000000,0.000000,0,1,8.59200,8519.244,3.325,59.000,59.000,59.000,60.000,60.000,0.000,0.000,0,2,1.3050,50,100,50,50,44
21,post_landing,82,1391.0,60,194.997,483.369,-0.00010,0.00000,0.00010,0.000000,0.000000,0,1,8.59200,8519.244,3.325,59.000,59.000,59.000,60.000,60.000,0.000,0.000,0,2,1.3050,50,100,50,50,44
21,post_landing,83,1408.0,60,194.997,483.367,0.00050,0.00000,0.00050,0.000000,0.000000,0,1,8.59200,8519.244,3.325,59.000,59.000,59.000,60.000,60.000,0.000,0.000,0,2,1.3050,50,100,50,50,44
21,post_landing,84,1424.0,60,194.997,483.369,-0.00037,0.00000,0.00037,0.000000,0.000000,0,1,8.59200,8519.244,3.325,59.000,59.000,59.000,60.000,60.000,0.000,0.000,0,2,1.3050,50,100,50,50,44
21,post_landing,85,1441.0,60,194.997,483.369,-0.00010,0.00000,0.00010,0.000000,0.000000,0,1,8.59200,8519.244,3.325,59.000,59.000,59.000,60.000,60.000,0.000,0.000,0,2,1.3050,50,100,50,50,44
21,post_landing,86,1458.0,60,194.997,483.367,0.00050,0.00000,0.00050,0.000000,0.000000,0,1,8.59200,8519.244,3.325,59.000,59.000,59.000,60.000,60.000,0.000,0.000,0,2,1.3050,50,100,50,50,44
21,post_landing,87,1474.0,60,194.997,483.369,-0.00037,0.00000,0.00037,0.000000,0.000000,0,1,8.59200,8519.244,3.325,59.000,59.000,59.000,60.000,60.000,0.000,0.000,0,2,1.3050,50,100,50,50,44
21,post_landing,88,1491.0,60,194.997,483.369,-0.00010,0.00000,0.00010,0.000000,0.000000,0,1,8.59200,8519.244,3.325,59.000,59.000,59.000,60.000,60.000,0.000,0.000,0,2,1.3050,50,100,50,50,44
21,post_landing,89,1508.0,60,194.997,483.367,0.00050,0.00000,0.00050,0.000000,0.000000,0,1,8.59200,8519.244,3.325,59.000,59.000,59.000,60.000,60.000,0.000,0.000,0,2,1.3050,50,100,50,50,44
21,post_landing,90,1524.0,60,194.997,483.369,-0.00037,0.00000,0.00037,0.000000,0.000000,0,1,8.59200,8519.244,3.325,59.000,59.000,59.000,60.000,60.000,0.000,0.000,0,2,1.3050,50,100,50,50,44
21,post_landing,91,1541.0,60,194.997,483.369,-0.00010,0.00000,0.00010,0.000000,0.000000,0,1,8.59200,8519.244,3.325,59.000,59.000,59.000,60.000,60.000,0.000,0.000,0,2,1.3050,50,100,50,50,44
21,post_landing,92,1558.0,60,194.997,483.367,0.00050,0.00000,0.00050,0.000000,0.000000,0,1,8.59200,8519.244,3.325,59.000,59.000,59.000,60.000,60.000,0.000,0.000,0,2,1.3050,50,100,50,50,44
21,post_landing,93,1574.0,60,194.997,483.369,-0.00037,0.00000,0.00037,0.000000,0.000000,0,1,8.59200,8519.244,3.325,59.000,59.000,59.000,60.000,60.000,0.000,0.000,0,2,1.3050,50,100,50,50,44
21,post_landing,94,1591.0,60,194.997,483.369,-0.00010,0.00000,0.00010,0.000000,0.000000,0,1,8.59200,8519.244,3.325,59.000,59.000,59.000,60.000,60.000,0.000,0.000,0,2,1.3050,50,100,50,50,44
21,post_landing,95,1608.0,60,194.997,483.367,0.00050,0.00000,0.00050,0.000000,0.000000,0,1,8.59200,8519.244,3.325,59.000,59.000,59.000,60.000,60.000,0.000,0.000,0,2,1.3050,50,100,50,50,44
21,post_landing,96,1624.0,60,194.998,483.369,-0.00037,0.00000,0.00037,0.000000,0.000000,0,1,8.59200,8519.244,3.325,59.000,59.000,59.000,60.000,60.000,0.000,0.000,0,2,1.3050,50,100,50,50,44
21,post_landing,97,1641.0,60,194.997,483.369,-0.00010,0.00000,0.00010,0.000000,0.000000,0,1,8.59200,8519.244,3.325,59.000,59.000,59.000,60.000,60.000,0.000,0.000,0,2,1.3050,50,100,50,50,44
21,post_landing,98,1658.0,60,194.997,483.367,0.00050,0.00000,0.00050,0.000000,0.000000,0,1,8.59200,8519.244,3.325,59.000,59.000,59.000,60.000,60.000,0.000,0.000,0,2,1.3050,50,100,50,50,44
21,post_landing,99,1674.0,60,194.998,483.369,-0.00037,0.00000,0.00037,0.000000,0.000000,0,1,8.59200,8519.244,3.325,59.000,59.000,59.000,60.000,60.000,0.000,0.000,0,2,1.3050,50,100,50,50,44
21,post_landing,100,1691.0,60,194.997,483.369,-0.00010,0.00000,0.00010,0.000000,0.000000,0,1,8.59200,8519.244,3.325,59.000,59.000,59.000,60.000,60.000,0.000,0.000,0,2,1.3050,50,100,50,50,44
21,post_landing,101,1708.0,60,194.997,483.367,0.00050,0.00000,0.00050,0.000000,0.000000,0,1,8.59200,8519.244,3.325,59.000,59.000,59.000,60.000,60.000,0.000,0.000,0,2,1.3050,50,100,50,50,44
21,post_landing,102,1724.0,60,194.998,483.369,-0.00037,0.00000,0.00037,0.000000,0.000000,0,1,8.59200,8519.244,3.325,59.000,59.000,59.000,60.000,60.000,0.000,0.000,0,2,1.3050,50,100,50,50,44
21,post_landing,103,1741.0,60,194.997,483.369,-0.00010,0.00000,0.00010,0.000000,0.000000,0,1,8.59200,8519.244,3.325,59.000,59.000,59.000,60.000,60.000,0.000,0.000,0,2,1.3050,50,100,50,50,44
21,post_landing,104,1758.0,60,194.997,483.367,0.00050,0.00000,0.00050,0.000000,0.000000,0,1,8.59200,8519.244,3.325,59.000,59.000,59.000,60.000,60.000,0.000,0.000,0,2,1.3050,50,100,50,50,44
21,post_landing,105,1774.0,60,194.998,483.369,-0.00037,0.00000,0.00037,0.000000,0.000000,0,1,8.59200,8519.244,3.325,59.000,59.000,59.000,60.000,60.000,0.000,0.000,0,2,1.3050,50,100,50,50,44
21,post_landing,106,1791.0,60,194.997,483.369,-0.00010,0.00000,0.00010,0.000000,0.000000,0,1,8.59200,8519.244,3.325,59.000,59.000,59.000,60.000,60.000,0.000,0.000,0,2,1.3050,50,100,50,50,44
21,post_landing,107,1808.0,60,194.997,483.367,0.00050,0.00000,0.00050,0.000000,0.000000,0,1,8.59200,8519.244,3.325,59.000,59.000,59.000,60.000,60.000,0.000,0.000,0,2,1.3050,50,100,50,50,44
21,post_landing,108,1824.0,60,194.998,483.369,-0.00037,0.00000,0.00037,0.000000,0.000000,0,1,8.59200,8519.244,3.325,59.000,59.000,59.000,60.000,60.000,0.000,0.000,0,2,1.3050,50,100,50,50,44
21,post_landing,109,1841.0,60,194.997,483.369,-0.00010,0.00000,0.00010,0.000000,0.000000,0,1,8.59200,8519.244,3.325,59.000,59.000,59.000,60.000,60.000,0.000,0.000,0,2,1.3050,50,100,50,50,44
21,post_landing,110,1858.0,60,194.997,483.367,0.00050,0.00000,0.00050,0.000000,0.000000,0,1,8.59200,8519.244,3.325,59.000,59.000,59.000,60.000,60.000,0.000,0.000,0,2,1.3050,50,100,50,50,44
21,post_landing,111,1874.0,60,194.998,483.369,-0.00037,0.00000,0.00037,0.000000,0.000000,0,1,8.59200,8519.244,3.325,59.000,59.000,59.000,60.000,60.000,0.000,0.000,0,2,1.3050,50,100,50,50,44
21,post_landing,112,1891.0,60,194.997,483.369,-0.00010,0.00000,0.00010,0.000000,0.000000,0,1,8.59200,8519.244,3.325,59.000,59.000,59.000,60.000,60.000,0.000,0.000,0,2,1.3050,50,100,50,50,44
21,post_landing,113,1908.0,60,194.997,483.367,0.00050,0.00000,0.00050,0.000000,0.000000,0,1,8.59200,8519.244,3.325,59.000,59.000,59.000,60.000,60.000,0.000,0.000,0,2,1.3050,50,100,50,50,44
21,post_landing,114,1924.0,60,194.998,483.369,-0.00037,0.00000,0.00037,0.000000,0.000000,0,1,8.59200,8519.244,3.325,59.000,59.000,59.000,60.000,60.000,0.000,0.000,0,2,1.3050,50,100,50,50,44
21,post_landing,115,1941.0,60,194.997,483.369,-0.00010,0.00000,0.00010,0.000000,0.000000,0,1,8.59200,8519.244,3.325,59.000,59.000,59.000,60.000,60.000,0.000,0.000,0,2,1.3050,50,100,50,50,44
21,post_landing,116,1958.0,60,194.997,483.367,0.00050,0.00000,0.00050,0.000000,0.000000,0,1,8.59200,8519.244,3.325,59.000,59.000,59.000,60.000,60.000,0.000,0.000,0,2,1.3050,50,100,50,50,44
21,post_landing,117,1974.0,60,194.998,483.369,-0.00037,0.00000,0.00037,0.000000,0.000000,0,1,8.59200,8519.244,3.325,59.000,59.000,59.000,60.000,60.000,0.000,0.000,0,2,1.3050,50,100,50,50,44
21,post_landing,118,1991.0,60,194.997,483.369,-0.00010,0.00000,0.00010,0.000000,0.000000,0,1,8.59200,8519.244,3.325,59.000,59.000,59.000,60.000,60.000,0.000,0.000,0,2,1.3050,50,100,50,50,44
21,post_landing,119,2008.0,60,194.997,483.367,0.00050,0.00000,0.00050,0.000000,0.000000,0,1,8.59200,8519.244,3.325,59.000,59.000,59.000,60.000,60.000,0.000,0.000,0,2,1.3050,50,100,50,50,44
22,falling,0,24.0,,195.000,97.029,0.00000,0.55000,0.55000,0.000000,0.000000,0,0,3.96600,1328.128,2.502,5.000,5.000,6.000,7.000,15.000,0.000,0.000,0,0,1.3709,67,134,67,70,54
22,falling,1,34.0,,195.000,97.456,0.00000,0.71172,0.71172,0.000000,0.000000,0,0,3.96600,1328.128,2.502,5.000,5.000,6.000,7.000,15.000,0.000,0.000,0,0,1.3709,67,134,67,70,54
22,falling,2,50.0,,195.000,98.385,0.00000,0.96813,0.96813,0.000000,0.000000,0,0,3.96600,1328.128,2.502,5.000,5.000,6.000,7.000,15.000,0.000,0.000,0,0,1.3709,67,134,67,70,54
22,falling,3,67.0,,195.000,99.647,0.00000,1.23666,1.23666,0.000000,0.000000,0,0,3.96600,1328.128,2.502,5.000,5.000,6.000,7.000,15.000,0.000,0.000,0,0,1.3709,67,134,67,70,54
22,falling,4,84.0,,195.000,101.178,0.00000,1.50107,1.50107,0.000000,0.000000,0,0,3.96600,1328.128,2.502,5.000,5.000,6.000,7.000,17.000,0.000,0.000,0,0,1.3709,67,134,67,70,54
22,falling,5,100.0,,195.000,102.854,0.00000,1.74612,1.74612,0.000000,0.000000,0,0,3.96600,1328.128,2.502,5.000,5.000,6.000,7.000,17.000,0.000,0.000,0,0,1.3709,67,134,67,70,54
22,falling,6,117.0,,195.000,104.897,0.00000,2.00274,2.00274,0.000000,0.000000,0,0,3.96600,1328.128,2.502,5.000,5.000,6.000,7.000,17.000,0.000,0.000,0,0,1.3709,67,134,67,70,54
22,falling,7,134.0,,195.000,107.048,0.00000,2.24056,2.24056,0.000000,0.000000,0,0,3.96600,1328.128,2.502,5.000,5.000,6.000,7.000,17.000,0.000,0.000,0,0,1.3709,67,134,67,70,54
22,falling,8,151.0,,195.000,109.587,0.00000,2.48962,2.48962,0.000000,0.000000,0,0,3.96600,1328.128,2.502,5.000,5.000,6.000,7.000,17.000,0.000,0.000,0,0,1.3709,67,134,67,70,54
22,falling,9,167.0,,195.000,112.377,0.00000,2.73486,2.73486,0.000000,0.000000,0,0,3.96600,1328.128,2.502,5.000,5.000,6.000,7.000,17.000,0.000,0.000,0,0,1.3709,67,134,67,70,54
22,falling,10,184.0,,195.000,115.221,0.00000,2.96214,2.96214,0.000000,0.000000,0,0,3.96600,1328.128,2.502,5.000,5.000,6.000,7.000,17.000,0.000,0.000,0,0,1.3709,67,134,67,70,54
22,falling,11,201.0,,195.000,118.485,0.00000,3.20016,3.20016,0.000000,0.000000,0,0,3.96600,1328.128,2.502,5.000,5.000,6.000,7.000,17.000,0.000,0.000,0,0,1.3709,67,134,67,70,54
22,falling,12,217.0,,195.000,121.988,0.00000,3.43453,3.43453,0.000000,0.000000,0,0,3.96600,1328.128,2.502,5.000,5.000,6.000,7.000,17.000,0.000,0.000,0,0,1.3709,67,134,67,70,54
22,falling,13,234.0,,195.000,125.727,0.00000,3.66531,3.66531,0.000000,0.000000,0,0,3.96600,1328.128,2.502,5.000,5.000,6.000,7.000,17.000,0.000,0.000,0,0,1.3709,67,134,67,70,54
22,falling,14,250.0,,195.000,129.451,0.00000,3.87920,3.87920,0.000000,0.000000,0,0,3.96600,1328.128,2.502,5.000,5.000,6.000,7.000,17.000,0.000,0.000,0,0,1.3709,67,134,67,70,54
22,falling,15,267.0,,195.000,133.636,0.00000,4.10318,4.10318,0.000000,0.000000,0,0,3.96600,1328.128,2.502,5.000,5.000,6.000,7.000,17.000,0.000,0.000,0,0,1.3709,67,134,67,70,54
22,falling,16,284.0,,195.000,138.046,0.00000,4.32373,4.32373,0.000000,0.000000,0,0,3.96600,1328.128,2.502,5.000,5.000,6.000,7.000,17.000,0.000,0.000,0,0,1.3709,67,134,67,70,54
22,falling,17,300.0,,195.000,142.393,0.00000,4.52814,4.52814,0.000000,0.000000,0,0,3.96600,1328.128,2.502,5.000,5.000,6.000,7.000,17.000,0.000,0.000,0,0,1.3709,67,134,67,70,54
22,falling,18,317.0,,195.000,147.230,0.00000,4.74219,4.74219,0.000000,0.000000,0,0,3.96600,1328.128,2.502,5.000,5.000,6.000,7.000,17.000,0.000,0.000,0,0,1.3709,67,134,67,70,54
22,falling,19,334.0,,195.000,152.282,0.00000,4.95297,4.95297,0.000000,0.000000,0,0,3.96600,1328.128,2.502,5.000,5.000,6.000,7.000,17.000,0.000,0.000,0,0,1.3709,67,134,67,70,54
22,falling,20,351.0,,195.000,157.224,0.00000,5.14831,5.14831,0.000000,0.000000,0,0,3.96600,1328.128,2.502,5.000,5.000,6.000,7.000,17.000,0.000,0.000,0,0,1.3709,67,134,67,70,54
22,falling,21,367.0,,195.000,162.684,0.00000,5.35288,5.35288,0.000000,0.000000,0,0,3.96600,1328.128,2.502,5.000,5.000,6.000,7.000,17.000,0.000,0.000,0,0,1.3709,67,134,67,70,54
22,falling,22,384.0,,195.000,168.350,0.00000,5.55431,5.55431,0.000000,0.000000,0,0,3.96600,1328.128,2.502,5.000,5.000,6.000,7.000,17.000,0.000,0.000,0,0,1.3709,67,134,67,70,54
22,falling,23,401.0,,195.000,173.861,0.00000,5.74100,5.74100,0.000000,0.000000,0,0,3.96600,1328.128,2.502,5.000,5.000,6.000,7.000,17.000,0.000,0.000,0,0,1.3709,67,134,67,70,54
22,falling,24,417.0,,195.000,179.916,0.00000,5.93649,5.93649,0.000000,0.000000,0,0,3.96600,1328.128,2.502,5.000,5.000,6.000,7.000,17.000,0.000,0.000,0,0,1.3709,67,134,67,70,54
22,falling,25,434.0,,195.000,186.168,0.00000,6.12900,6.12900,0.000000,0.000000,0,0,3.96600,1328.128,2.502,5.000,5.000,6.000,7.000,17.000,0.000,0.000,0,0,1.3709,67,134,67,70,54
22,falling,26,451.0,,195.000,192.223,0.00000,6.30741,6.30741,0.000000,0.000000,0,0,3.96600,1328.128,2.502,5.000,5.000,6.000,7.000,17.000,0.000,0.000,0,0,1.3709,67,134,67,70,54
22,falling,27,467.0,,195.000,198.847,0.00000,6.49424,6.49424,0.000000,0.000000,0,0,3.96600,1328.128,2.502,5.000,5.000,6.000,7.000,17.000,0.000,0.000,0,0,1.3709,67,134,67,70,54
22,falling,28,484.0,,195.000,205.659,0.00000,6.67821,6.67821,0.000000,0.000000,0,0,3.96600,1328.128,2.502,5.000,5.000,6.000,7.000,17.000,0.000,0.000,0,0,1.3709,67,134,67,70,54
22,falling,29,501.0,,195.000,212.234,0.00000,6.84871,6.84871,0.000000,0.000000,0,0,3.96600,1328.128,2.502,5.000,5.000,6.000,7.000,17.000,0.000,0.000,0,0,1.3709,67,134,67,70,54
22,falling,30,517.0,,195.000,219.402,0.00000,7.02726,7.02726,0.000000,0.000000,0,0,3.96600,1328.128,2.502,5.000,5.000,6.000,7.000,17.000,0.000,0.000,0,0,1.3709,67,134,67,70,54
22,falling,31,534.0,,195.000,226.749,0.00000,7.20307,7.20307,0.000000,0.000000,0,0,3.96600,1328.128,2.502,5.000,5.000,6.000,7.000,17.000,0.000,0.000,0,0,1.3709,67,134,67,70,54
22,falling,32,551.0,,195.000,233.820,0.00000,7.36602,7.36602,0.000000,0.000000,0,0,3.96600,1328.128,2.502,5.000,5.000,6.000,7.000,17.000,0.000,0.000,0,0,1.3709,67,134,67,70,54
22,falling,33,567.0,,195.000,241.507,0.00000,7.53665,7.53665,0.000000,0.000000,0,0,3.96600,1328.128,2.502,5.000,5.000,6.000,7.000,17.000,0.000,0.000,0,0,1.3709,67,134,67,70,54
22,falling,34,584.0,,195.000,249.366,0.00000,7.70467,7.70467,0.000000,0.000000,0,0,3.96600,1328.128,2.502,5.000,5.000,6.000,7.000,17.000,0.000,0.000,0,0,1.3709,67,134,67,70,54
22,falling,35,601.0,,195.000,256.912,0.00000,7.86039,7.86039,0.000000,0.000000,0,0,3.96600,1328.128,2.502,5.000,5.000,6.000,7.000,17.000,0.000,0.000,0,0,1.3709,67,134,67,70,54
22,falling,36,617.0,,195.000,265.096,0.00000,8.02346,8.02346,0.000000,0.000000,0,0,3.96600,1328.128,2.502,5.000,5.000,6.000,7.000,17.000,0.000,0.000,0,0,1.3709,67,134,67,70,54
22,falling,37,634.0,,195.000,273.444,0.00000,8.18404,8.18404,0.000000,0.000000,0,0,3.96600,1328.128,2.502,5.000,5.000,6.000,7.000,17.000,0.000,0.000,0,0,1.3709,67,134,67,70,54
22,falling,38,651.0,,195.000,281.443,0.00000,8.33285,8.33285,0.000000,0.000000,0,0,3.96600,1328.128,2.502,5.000,5.000,6.000,7.000,17.000,0.000,0.000,0,0,1.3709,67,134,67,70,54
22,falling,39,667.0,,195.000,290.102,0.00000,8.48869,8.48869,0.000000,0.000000,0,0,3.96600,1328.128,2.502,5.000,5.000,6.000,7.000,17.000,0.000,0.000,0,0,1.3709,67,134,67,70,54
22,falling,40,684.0,,195.000,298.917,0.00000,8.64215,8.64215,0.000000,0.000000,0,0,3.96600,1328.128,2.502,5.000,5.000,6.000,7.000,17.000,0.000,0.000,0,0,1.3709,67,134,67,70,54
22,falling,41,701.0,,195.000,307.886,0.00000,8.79326,8.79326,0.000000,0.000000,0,0,3.96600,1328.128,2.502,5.000,5.000,6.000,7.000,17.000,0.000,0.000,0,0,1.3709,67,134,67,70,54
22,falling,42,717.0,,195.000,316.462,0.00000,8.93330,8.93330,0.000000,0.000000,0,0,3.96600,1328.128,2.502,5.000,5.000,6.000,7.000,17.000,0.000,0.000,0,0,1.3709,67,134,67,70,54
22,falling,43,734.0,,195.000,325.723,0.00000,9.07995,9.07995,0.000000,0.000000,0,0,3.96600,1328.128,2.502,5.000,5.000,6.000,7.000,17.000,0.000,0.000,0,0,1.3709,67,134,67,70,54
22,falling,44,751.0,,195.000,334.571,0.00000,9.21587,9.21587,0.000000,0.000000,0,0,3.96600,1328.128,2.502,5.000,5.000,6.000,7.000,17.000,0.000,0.000,0,0,1.3709,67,134,67,70,54
22,falling,45,767.0,,195.000,344.116,0.00000,9.35820,9.35820,0.000000,0.000000,0,0,3.96600,1328.128,2.502,5.000,5.000,6.000,7.000,17.000,0.000,0.000,0,0,1.3709,67,134,67,70,54
22,falling,46,784.0,,195.000,353.804,0.00000,9.49835,9.49835,0.000000,0.000000,0,0,3.96600,1328.128,2.502,5.000,5.000,6.000,7.000,17.000,0.000,0.000,0,0,1.3709,67,134,67,70,54
22,falling,47,801.0,,195.000,363.048,0.00000,9.62824,9.62824,0.000000,0.000000,0,0,3.96600,1328.128,2.502,5.000,5.000,6.000,7.000,17.000,0.000,0.000,0,0,1.3709,67,134,67,70,54
22,falling,48,817.0,,195.000,373.007,0.00000,9.76427,9.76427,0.000000,0.000000,0,0,3.96600,1328.128,2.502,5.000,5.000,6.000,7.000,17.000,0.000,0.000,0,0,1.3709,67,134,67,70,54
22,falling,49,835.0,,195.000,383.103,0.00000,9.89821,9.89821,0.000000,0.000000,0,0,3.96600,1328.128,2.502,5.000,5.000,6.000,7.000,17.000,0.000,0.000,0,0,1.3709,67,134,67,70,54
22,falling,50,851.0,,195.000,392.725,0.00000,10.02234,10.02234,0.000000,0.000000,0,0,3.96600,1328.128,2.502,5.000,5.000,6.000,7.000,17.000,0.000,0.000,0,0,1.3709,67,134,67,70,54
22,falling,51,867.0,,195.000,403.080,0.00000,10.15233,10.15233,0.000000,0.000000,0,0,3.96600,1328.128,2.502,5.000,5.000,6.000,7.000,17.000,0.000,0.000,0,0,1.3709,67,134,67,70,54
22,falling,52,884.0,,195.000,413.566,0.00000,10.28033,10.28033,0.000000,0.000000,0,0,3.96600,1328.128,2.502,5.000,5.000,6.000,7.000,17.000,0.000,0.000,0,0,1.3709,67,134,67,70,54
22,falling,53,901.0,,195.000,423.549,0.00000,10.39896,10.39896,0.000000,0.000000,0,0,3.96600,1328.128,2.502,5.000,5.000,6.000,7.000,17.000,0.000,0.000,0,0,1.3709,67,134,67,70,54
22,falling,54,917.0,,195.000,434.283,0.00000,10.52319,10.52319,0.000000,0.000000,0,0,3.96600,1328.128,2.502,5.000,5.000,6.000,7.000,17.000,0.000,0.000,0,0,1.3709,67,134,67,70,54
22,falling,55,934.0,,195.000,445.141,0.00000,10.64552,10.64552,0.000000,0.000000,0,0,3.96600,1328.128,2.502,5.000,5.000,6.000,7.000,17.000,0.000,0.000,0,0,1.3709,67,134,67,70,54
22,falling,56,951.0,,195.000,455.470,0.00000,10.75889,10.75889,0.000000,0.000000,0,0,3.96600,1328.128,2.502,5.000,5.000,6.000,7.000,17.000,0.000,0.000,0,0,1.3709,67,134,67,70,54
22,falling,57,967.0,,195.000,466.565,0.00000,10.87761,10.87761,0.000000,0.000000,0,0,3.96600,1328.128,2.502,5.000,5.000,6.000,7.000,17.000,0.000,0.000,0,0,1.3709,67,134,67,70,54
22,falling,58,984.0,,195.000,477.779,0.00000,10.99452,10.99452,0.000000,0.000000,0,0,3.96600,1328.128,2.502,5.000,5.000,6.000,7.000,17.000,0.000,0.000,0,0,1.3709,67,134,67,70,54
22,post_landing,59,1001.0,59,195.000,486.509,0.80083,-0.13529,0.81218,-0.048474,0.000000,0,1,3.96600,1328.128,2.502,5.000,5.000,6.000,7.000,17.000,0.000,0.000,0,3,1.3709,67,134,67,70,54
22,post_landing,60,1017.0,59,195.804,485.981,0.87024,-0.08591,0.87447,-0.026898,-0.048687,0,1,3.96600,1328.128,2.502,5.000,5.043,5.091,7.089,17.126,0.000,0.000,0,2,1.3709,67,134,67,70,54
22,post_landing,61,1034.0,59,196.678,485.540,0.77487,-0.06044,0.77722,-0.011324,-0.075704,0,1,3.96600,1328.128,2.502,5.000,5.061,5.137,7.131,20.245,0.000,0.000,0,1,1.3709,67,134,67,70,54
22,post_landing,62,1051.0,59,197.412,485.571,0.70165,-0.01460,0.70180,-0.004535,-0.086418,0,1,3.96600,1328.128,2.502,5.000,5.068,5.154,7.146,20.271,0.000,0.000,0,1,1.3709,67,134,67,70,54
22,post_landing,63,1067.0,59,198.116,485.589,0.62930,-0.01951,0.62960,-0.001785,-0.090973,0,1,3.96600,1328.128,2.502,5.000,5.070,5.161,7.153,20.281,0.000,0.000,0,1,1.3709,67,134,67,70,54
22,post_landing,64,1084.0,59,198.748,485.594,0.54842,-0.02041,0.54880,0.000000,-0.092766,0,1,3.96600,1328.128,2.502,5.000,5.071,5.164,7.155,20.285,0.000,0.000,0,1,1.3709,67,134,67,70,54
22,post_landing,65,1101.0,59,199.267,485.590,0.50077,-0.01386,0.50096,-0.000830,-0.092766,0,1,3.96600,1328.128,2.502,5.000,5.071,5.164,7.155,20.285,0.000,0.000,0,1,1.3709,67,134,67,70,54
22,post_landing,66,1117.0,59,199.770,485.596,0.46102,-0.01297,0.46120,-0.002028,-0.093599,0,1,3.96600,1328.128,2.502,5.000,5.072,5.165,7.156,20.286,0.000,0.000,0,1,1.3709,67,134,67,70,54
22,post_landing,67,1134.0,59,200.233,485.601,0.42284,-0.01263,0.42303,-0.002877,-0.095636,0,1,3.96600,1328.128,2.502,5.000,5.073,5.168,7.159,20.291,0.000,0.000,0,1,1.3709,67,134,67,70,54
22,post_landing,68,1151.0,59,200.633,485.604,0.38681,0.00000,0.38681,-0.003400,-0.098357,0,1,3.96600,1328.128,2.502,5.000,5.074,5.172,7.163,20.296,0.000,0.000,0,1,1.3709,67,134,67,70,54
22,post_landing,69,1167.0,59,201.022,485.617,0.34840,0.00000,0.34840,-0.003614,-0.101773,0,1,3.96600,1328.128,2.502,5.000,5.076,5.177,7.167,20.303,0.000,0.000,0,1,1.3709,67,134,67,70,54
22,post_landing,70,1184.0,59,201.372,485.627,0.31874,0.00000,0.31874,-0.004396,-0.105402,0,1,3.96600,1328.128,2.502,5.000,5.077,5.183,7.172,20.310,0.000,0.000,0,1,1.3709,67,134,67,70,54
22,post_landing,71,1201.0,59,201.673,485.635,0.28890,0.00000,0.28890,-0.004752,-0.109561,0,1,3.96600,1328.128,2.502,5.000,5.079,5.189,7.177,20.317,0.000,0.000,0,1,1.3709,67,134,67,70,54
22,post_landing,72,1217.0,59,201.964,485.653,0.26408,0.00000,0.26408,-0.005493,-0.114334,0,1,3.96600,1328.128,2.502,5.000,5.081,5.196,7.182,20.326,0.000,0.000,0,1,1.3709,67,134,67,70,54
22,post_landing,73,1234.0,59,202.229,485.670,0.24388,0.00000,0.24388,-0.006434,-0.119851,0,1,3.96600,1328.128,2.502,5.000,5.084,5.203,7.189,20.335,0.000,0.000,0,1,1.3709,67,134,67,70,54
22,post_landing,74,1251.0,59,202.460,485.687,0.20995,0.00000,0.20995,-0.005850,-0.125939,0,1,3.96600,1328.128,2.502,5.000,5.086,5.212,7.196,20.344,0.000,0.000,0,1,1.3709,67,134,67,70,54
22,post_landing,75,1267.0,59,202.670,485.712,0.17533,0.00000,0.17533,-0.005408,-0.131814,0,1,3.96600,1328.128,2.502,5.000,5.088,5.219,7.202,21.475,0.000,0.000,0,1,1.3709,67,134,67,70,54
22,post_landing,76,1284.0,59,202.847,485.733,0.14342,0.00000,0.14342,-0.005197,-0.137246,0,1,3.96600,1328.128,2.502,5.000,5.090,5.227,7.208,21.487,0.000,0.000,0,1,1.3709,67,134,67,70,54
22,post_landing,77,1301.0,59,202.982,485.748,0.11375,0.00000,0.11375,-0.004971,-0.142164,0,1,3.96600,1328.128,2.502,5.000,5.091,5.233,7.213,21.497,0.000,0.000,0,1,1.3709,67,134,67,70,54
22,post_landing,78,1317.0,59,203.096,485.773,0.09022,0.00000,0.09022,-0.005378,-0.147156,0,1,3.96600,1328.128,2.502,5.000,5.093,5.239,7.218,21.506,0.000,0.000,0,1,1.3709,67,134,67,70,54
22,post_landing,79,1334.0,59,203.187,485.796,0.06701,0.00000,0.06701,-0.005675,-0.152558,0,1,3.96600,1328.128,2.502,5.000,5.094,5.246,7.223,21.516,0.000,0.000,0,1,1.3709,67,134,67,70,54
22,post_landing,80,1351.0,59,203.250,485.817,0.04821,0.00000,0.04821,-0.006048,-0.157928,0,1,3.96600,1328.128,2.502,5.000,5.095,5.252,7.227,21.525,0.000,0.000,0,1,1.3709,67,134,67,70,54
22,post_landing,81,1367.0,59,203.299,485.849,0.02764,0.00000,0.02764,-0.006363,-0.164002,0,1,3.96600,1328.128,2.502,5.000,5.096,5.259,7.233,21.535,0.000,0.000,0,1,1.3709,67,134,67,70,54
22,post_landing,82,1384.0,59,203.327,485.881,0.00874,0.00000,0.00874,-0.006749,-0.170393,0,1,3.96600,1328.128,2.502,5.000,5.097,5.267,7.238,21.544,0.000,0.000,0,1,1.3709,67,134,67,70,54
22,post_landing,83,1401.0,59,203.335,485.909,-0.00841,0.00000,0.00841,-0.006967,-0.176779,0,1,3.96600,1328.128,2.502,5.000,5.098,5.274,7.243,21.552,0.000,0.000,0,1,1.3709,67,134,67,70,54
22,post_landing,84,1417.0,59,203.326,485.951,-0.01993,0.00000,0.01993,-0.007864,-0.183777,0,1,3.96600,1328.128,2.502,5.000,5.099,5.281,7.248,22.726,0.000,0.000,0,1,1.3709,67,134,67,70,54
22,post_landing,85,1434.0,59,203.306,485.996,-0.03259,0.00000,0.03259,-0.008460,-0.191675,0,1,3.96600,1328.128,2.502,5.000,5.099,5.289,7.253,22.740,0.000,0.000,0,1,1.3709,67,134,67,70,54
22,post_landing,86,1451.0,59,203.276,486.039,-0.04088,0.01494,0.04352,-0.009093,-0.199679,0,1,3.96600,1328.128,2.502,5.000,5.099,5.297,7.258,22.753,0.000,0.000,0,1,1.3709,67,134,67,70,54
22,post_landing,87,1467.0,59,203.235,486.100,-0.05126,0.01253,0.05277,-0.010037,-0.208813,0,1,3.96600,1328.128,2.502,5.000,5.099,5.306,7.263,22.766,0.000,0.000,0,1,1.3709,67,134,67,70,54
22,post_landing,88,1484.0,59,203.183,486.166,-0.05669,0.02335,0.06131,-0.011102,-0.218894,0,1,3.96600,1328.128,2.502,5.000,5.098,5.315,7.267,22.778,0.000,0.000,0,1,1.3709,67,134,67,70,54
22,post_landing,89,1501.0,59,203.129,486.235,-0.06382,0.02646,0.06909,-0.011812,-0.229398,0,1,3.96600,1328.128,2.502,5.000,5.096,5.324,7.271,23.989,0.000,0.000,0,1,1.3709,67,134,67,70,54
22,post_landing,90,1517.0,59,203.065,486.326,-0.07501,0.02964,0.08066,-0.012473,-0.241262,0,1,3.96600,1328.128,2.502,5.000,5.094,5.333,7.275,24.006,0.000,0.000,0,1,1.3709,67,134,67,70,54
22,post_landing,91,1534.0,59,202.990,486.423,-0.08449,0.03553,0.09166,-0.013253,-0.253789,0,1,3.96600,1328.128,2.502,5.000,1.219,5.342,7.278,24.021,0.000,0.000,0,1,1.3709,67,134,67,70,54
22,post_landing,92,1551.0,59,202.910,486.521,-0.08137,0.04914,0.09506,-0.014604,-0.266329,0,1,3.96600,1328.128,2.502,5.000,1.228,5.350,7.280,24.031,0.000,0.000,0,1,1.3709,67,134,67,70,54
22,post_landing,93,1567.0,59,202.828,486.652,-0.08493,0.05094,0.09903,-0.015936,-0.280997,0,1,3.96600,1328.128,2.502,5.000,1.238,5.359,8.518,24.316,0.000,0.000,0,1,1.3709,67,134,67,70,54
22,post_landing,94,1584.0,59,202.743,486.798,-0.09768,0.05454,0.11187,-0.016437,-0.297003,0,1,3.96600,1328.128,2.502,5.000,1.249,5.366,11.689,24.334,0.000,0.000,0,1,1.3709,67,134,67,70,54
22,post_landing,95,1601.0,59,202.651,486.945,-0.09306,0.07252,0.11798,-0.017721,-0.312556,0,1,3.96600,1328.128,2.502,5.000,1.259,5.373,14.859,25.605,0.000,0.000,0,1,1.3709,67,134,67,70,54
22,post_landing,96,1617.0,59,202.557,487.132,-0.10322,0.07348,0.12670,-0.018615,-0.330355,0,1,3.96600,1328.128,2.502,5.000,1.270,5.378,20.243,25.649,0.000,0.000,0,1,1.3709,67,134,67,70,54
22,post_landing,97,1634.0,59,202.453,487.335,-0.09756,0.09431,0.13570,-0.020277,-0.349051,0,1,3.96600,1328.128,2.502,5.000,1.282,5.383,20.248,26.999,0.000,0.000,0,1,1.3709,67,134,67,70,54
22,post_landing,98,1651.0,59,202.361,487.552,-0.12395,0.08791,0.15196,-0.019640,-0.368237,0,1,3.96600,1328.128,2.502,5.000,1.293,5.385,21.539,28.364,0.000,0.000,0,1,1.3709,67,134,67,70,54
22,post_landing,99,1667.0,59,202.237,487.796,-0.16018,0.09348,0.18546,-0.018647,-0.387963,0,1,3.96600,1328.128,2.502,5.000,1.304,5.385,21.540,28.438,0.000,0.000,0,1,1.3709,67,134,67,70,54
22,post_landing,100,1684.0,59,202.076,488.037,-0.36910,-0.12989,0.39129,-0.015009,-0.406692,0,1,3.96600,1328.128,2.502,5.000,1.314,5.383,22.847,28.894,0.000,0.000,0,1,1.3709,67,134,67,70,54
22,post_landing,101,1701.0,59,201.727,488.212,-0.40501,-0.08724,0.41430,-0.015851,-0.420893,0,1,3.96600,1328.128,2.502,5.000,1.321,5.381,22.844,30.268,0.000,0.000,0,1,1.3709,67,134,67,70,54
22,post_landing,102,1717.0,59,201.320,488.439,-0.43742,-0.08468,0.44555,-0.018708,-0.436814,0,1,3.96600,1328.128,2.502,5.000,1.329,5.377,24.165,30.328,0.000,0.000,0,1,1.3709,67,134,67,70,54
22,post_landing,103,1734.0,59,200.880,488.663,-0.43073,0.19995,0.47488,-0.018422,-0.455604,0,0,3.96600,1328.128,2.502,5.000,1.338,20.124,24.156,30.828,0.000,0.000,0,0,1.3709,67,134,67,70,54
22,post_landing,104,1751.0,59,200.473,488.981,-0.42310,0.11394,0.43817,-0.009748,-0.473034,0,1,3.96600,1328.128,2.502,5.000,1.346,20.124,24.617,30.911,0.000,0.000,0,1,1.3709,67,134,67,70,54
22,post_landing,105,1767.0,59,200.048,489.142,-0.24334,0.03981,0.24657,-0.016052,-0.482825,0,1,3.96600,1328.128,2.502,5.000,1.350,21.471,24.635,30.964,0.000,0.000,0,1,1.3709,67,134,67,70,54
22,post_landing,106,1784.0,59,199.803,489.387,-0.30338,-0.03450,0.30534,-0.011143,-0.498948,0,1,3.96600,1328.128,2.502,5.000,1.357,21.469,26.017,31.044,0.000,0.000,0,1,1.3709,67,134,67,70,54
22,post_landing,107,1801.0,59,199.516,489.555,-0.26446,0.00000,0.26446,-0.010539,-0.509491,0,1,3.96600,1328.128,2.502,5.000,1.361,22.825,27.395,31.092,0.000,0.000,0,1,1.3709,67,134,67,70,54
22,post_landing,108,1817.0,59,199.251,489.737,-0.24857,-0.02395,0.24972,-0.011097,-0.520076,0,1,3.96600,1328.128,2.502,5.000,16.621,24.187,28.778,31.137,0.000,0.000,0,1,1.3709,67,134,67,70,54
22,post_landing,109,1834.0,59,199.001,489.924,-0.22804,-0.01932,0.22886,-0.011023,-0.531221,0,1,3.96600,1328.128,2.502,5.000,16.630,20.736,28.798,31.180,0.000,0.000,0,1,1.3709,67,134,67,70,54
22,post_landing,110,1851.0,59,198.785,490.101,-0.21551,0.00000,0.21551,-0.018647,-0.541651,0,1,3.96600,1328.128,2.502,5.000,18.008,20.753,28.813,31.217,0.000,0.000,0,1,1.3709,67,134,67,70,54
22,post_landing,111,1867.0,59,198.569,490.429,-0.25269,0.01415,0.25309,-0.021446,-0.560381,0,1,3.96600,1328.128,2.502,5.000,19.399,21.310,29.365,32.870,0.000,0.000,0,1,1.3709,67,134,67,70,54
22,post_landing,112,1884.0,59,198.315,490.660,-0.25868,0.02378,0.25977,-0.015899,-0.581921,0,1,3.96600,1328.128,2.502,5.000,20.797,22.732,30.779,32.977,0.000,0.000,0,1,1.3709,67,134,67,70,54
22,post_landing,113,1901.0,59,198.070,490.826,-0.16814,0.00000,0.16814,-0.018898,-0.596964,0,1,3.96600,1328.128,2.502,5.000,20.805,22.757,30.795,33.043,0.000,0.000,0,2,1.3709,67,134,67,70,54
22,post_landing,114,1917.0,59,197.901,490.877,-0.08364,0.00000,0.08364,-0.021274,-0.615945,0,1,3.96600,1328.128,2.502,5.000,20.809,22.780,30.805,33.116,0.000,0.000,0,2,1.3709,67,134,67,70,54
22,post_landing,115,1934.0,59,197.817,490.935,-0.11755,0.03107,0.12159,-0.014803,-0.637313,0,1,3.96600,1328.128,2.502,5.000,7.202,24.196,31.398,33.183,0.000,0.000,0,2,1.3709,67,134,67,70,54
22,post_landing,116,1951.0,59,197.706,491.068,-0.11077,0.00000,0.11077,-0.012979,-0.651318,0,1,3.96600,1328.128,2.502,5.000,4.205,25.605,31.401,33.219,0.000,0.000,0,3,1.3709,67,134,67,70,54
22,post_landing,117,1967.0,59,197.595,491.115,-0.38618,0.03686,0.38794,0.009751,-0.664354,0,1,3.96600,1328.128,2.502,5.000,4.212,25.611,28.248,33.247,0.000,0.000,0,3,1.3709,67,134,67,70,54
22,post_landing,118,1984.0,59,197.207,491.179,-0.23435,0.00000,0.23435,-0.004513,-0.654560,0,1,3.96600,1328.128,2.502,5.000,4.206,25.607,31.400,33.227,0.000,0.000,0,4,1.3709,67,134,67,70,54
23,falling,0,8.0,,195.000,96.616,0.00000,0.43333,0.43333,0.000000,0.000000,0,0,3.40400,1817.289,0.999,56.000,56.000,57.000,57.000,57.000,0.000,0.000,0,0,1.1864,71,142,71,78,70
23,falling,1,15.0,,195.000,96.846,0.00000,0.54727,0.54727,0.000000,0.000000,0,0,3.40400,1817.289,0.999,56.000,56.000,57.000,57.000,57.000,0.000,0.000,0,0,1.1864,71,142,71,78,70
23,falling,2,32.0,,195.000,97.685,0.00000,0.82223,0.82223,0.000000,0.000000,0,0,3.40400,1817.289,0.999,56.000,56.000,57.000,57.000,57.000,0.000,0.000,0,0,1.1864,71,142,71,78,70
23,falling,3,49.0,,195.000,98.719,0.00000,1.07706,1.07706,0.000000,0.000000,0,0,3.40400,1817.289,0.999,56.000,56.000,57.000,57.000,57.000,0.000,0.000,0,0,1.1864,71,142,71,78,70
23,falling,4,65.0,,195.000,100.089,0.00000,1.34391,1.34391,0.000000,0.000000,0,0,3.40400,1817.289,0.999,56.000,56.000,57.000,57.000,57.000,0.000,0.000,0,0,1.1864,71,142,71,78,70
23,falling,5,82.0,,195.000,101.728,0.00000,1.60668,1.60668,0.000000,0.000000,0,0,3.40400,1817.289,0.999,56.000,56.000,57.000,57.000,57.000,0.000,0.000,0,0,1.1864,71,142,71,78,70
23,falling,6,99.0,,195.000,103.504,0.00000,1.85021,1.85021,0.000000,0.000000,0,0,3.40400,1817.289,0.999,56.000,56.000,57.000,57.000,57.000,0.000,0.000,0,0,1.1864,71,142,71,78,70
23,falling,7,115.0,,195.000,105.652,0.00000,2.10524,2.10524,0.000000,0.000000,0,0,3.40400,1817.289,0.999,56.000,56.000,57.000,57.000,57.000,0.000,0.000,0,0,1.1864,71,142,71,78,70
23,falling,8,132.0,,195.000,108.055,0.00000,2.35636,2.35636,0.000000,0.000000,0,0,3.40400,1817.289,0.999,56.000,56.000,57.000,57.000,57.000,0.000,0.000,0,0,1.1864,71,142,71,78,70
23,falling,9,149.0,,195.000,110.541,0.00000,2.58910,2.58910,0.000000,0.000000,0,0,3.40400,1817.289,0.999,56.000,56.000,57.000,57.000,57.000,0.000,0.000,0,0,1.1864,71,142,71,78,70
23,falling,10,165.0,,195.000,113.430,0.00000,2.83282,2.83282,0.000000,0.000000,0,0,3.40400,1817.289,0.999,56.000,56.000,57.000,57.000,57.000,0.000,0.000,0,0,1.1864,71,142,71,78,70
23,falling,11,182.0,,195.000,116.564,0.00000,3.07281,3.07281,0.000000,0.000000,0,0,3.40400,1817.289,0.999,56.000,56.000,57.000,57.000,57.000,0.000,0.000,0,0,1.1864,71,142,71,78,70
23,falling,12,199.0,,195.000,119.728,0.00000,3.29523,3.29523,0.000000,0.000000,0,0,3.40400,1817.289,0.999,56.000,56.000,57.000,57.000,57.000,0.000,0.000,0,0,1.1864,71,142,71,78,70
23,falling,13,215.0,,195.000,123.327,0.00000,3.52814,3.52814,0.000000,0.000000,0,0,3.40400,1817.289,0.999,56.000,56.000,57.000,57.000,57.000,0.000,0.000,0,0,1.1864,71,142,71,78,70
23,falling,14,232.0,,195.000,127.159,0.00000,3.75750,3.75750,0.000000,0.000000,0,0,3.40400,1817.289,0.999,56.000,56.000,57.000,57.000,57.000,0.000,0.000,0,0,1.1864,71,142,71,78,70
23,falling,15,249.0,,195.000,130.970,0.00000,3.97005,3.97005,0.000000,0.000000,0,0,3.40400,1817.289,0.999,56.000,56.000,57.000,57.000,57.000,0.000,0.000,0,0,1.1864,71,142,71,78,70
23,falling,16,265.0,,195.000,135.247,0.00000,4.19265,4.19265,0.000000,0.000000,0,0,3.40400,1817.289,0.999,56.000,56.000,57.000,57.000,57.000,0.000,0.000,0,0,1.1864,71,142,71,78,70
23,falling,17,282.0,,195.000,139.747,0.00000,4.41183,4.41183,0.000000,0.000000,0,0,3.40400,1817.289,0.999,56.000,56.000,57.000,57.000,57.000,0.000,0.000,0,0,1.1864,71,142,71,78,70
23,falling,18,299.0,,195.000,144.177,0.00000,4.61497,4.61497,0.000000,0.000000,0,0,3.40400,1817.289,0.999,56.000,56.000,57.000,57.000,57.000,0.000,0.000,0,0,1.1864,71,142,71,78,70
23,falling,19,315.0,,195.000,149.102,0.00000,4.82769,4.82769,0.000000,0.000000,0,0,3.40400,1817.289,0.999,56.000,56.000,57.000,57.000,57.000,0.000,0.000,0,0,1.1864,71,142,71,78,70
23,falling,20,332.0,,195.000,154.240,0.00000,5.03716,5.03716,0.000000,0.000000,0,0,3.40400,1817.289,0.999,56.000,56.000,57.000,57.000,57.000,0.000,0.000,0,0,1.1864,71,142,71,78,70
23,falling,21,349.0,,195.000,159.262,0.00000,5.23129,5.23129,0.000000,0.000000,0,0,3.40400,1817.289,0.999,56.000,56.000,57.000,57.000,57.000,0.000,0.000,0,0,1.1864,71,142,71,78,70
23,falling,22,365.0,,195.000,164.805,0.00000,5.43459,5.43459,0.000000,0.000000,0,0,3.40400,1817.289,0.999,56.000,56.000,57.000,57.000,57.000,0.000,0.000,0,0,1.1864,71,142,71,78,70
23,falling,23,382.0,,195.000,170.552,0.00000,5.63477,5.63477,0.000000,0.000000,0,0,3.40400,1817.289,0.999,56.000,56.000,57.000,57.000,57.000,0.000,0.000,0,0,1.1864,71,142,71,78,70
23,falling,24,399.0,,195.000,176.140,0.00000,5.82030,5.82030,0.000000,0.000000,0,0,3.40400,1817.289,0.999,56.000,56.000,57.000,57.000,57.000,0.000,0.000,0,0,1.1864,71,142,71,78,70
23,falling,25,416.0,,195.000,182.275,0.00000,6.01458,6.01458,0.000000,0.000000,0,0,3.40400,1817.289,0.999,56.000,56.000,57.000,57.000,57.000,0.000,0.000,0,0,1.1864,71,142,71,78,70
23,falling,26,432.0,,195.000,188.605,0.00000,6.20589,6.20589,0.000000,0.000000,0,0,3.40400,1817.289,0.999,56.000,56.000,57.000,57.000,57.000,0.000,0.000,0,0,1.1864,71,142,71,78,70
23,falling,27,449.0,,195.000,194.733,0.00000,6.38319,6.38319,0.000000,0.000000,0,0,3.40400,1817.289,0.999,56.000,56.000,57.000,57.000,57.000,0.000,0.000,0,0,1.1864,71,142,71,78,70
23,falling,28,465.0,,195.000,201.433,0.00000,6.56886,6.56886,0.000000,0.000000,0,0,3.40400,1817.289,0.999,56.000,56.000,57.000,57.000,57.000,0.000,0.000,0,0,1.1864,71,142,71,78,70
23,falling,29,482.0,,195.000,208.320,0.00000,6.75169,6.75169,0.000000,0.000000,0,0,3.40400,1817.289,0.999,56.000,56.000,57.000,57.000,57.000,0.000,0.000,0,0,1.1864,71,142,71,78,70
23,falling,30,499.0,,195.000,214.964,0.00000,6.92114,6.92114,0.000000,0.000000,0,0,3.40400,1817.289,0.999,56.000,56.000,57.000,57.000,57.000,0.000,0.000,0,0,1.1864,71,142,71,78,70
23,falling,31,515.0,,195.000,222.204,0.00000,7.09857,7.09857,0.000000,0.000000,0,0,3.40400,1817.289,0.999,56.000,56.000,57.000,57.000,57.000,0.000,0.000,0,0,1.1864,71,142,71,78,70
23,falling,32,532.0,,195.000,229.623,0.00000,7.27330,7.27330,0.000000,0.000000,0,0,3.40400,1817.289,0.999,56.000,56.000,57.000,57.000,57.000,0.000,0.000,0,0,1.1864,71,142,71,78,70
23,falling,33,549.0,,195.000,236.761,0.00000,7.43523,7.43523,0.000000,0.000000,0,0,3.40400,1817.289,0.999,56.000,56.000,57.000,57.000,57.000,0.000,0.000,0,0,1.1864,71,142,71,78,70
23,falling,34,565.0,,195.000,244.518,0.00000,7.60481,7.60481,0.000000,0.000000,0,0,3.40400,1817.289,0.999,56.000,56.000,57.000,57.000,57.000,0.000,0.000,0,0,1.1864,71,142,71,78,70
23,falling,35,582.0,,195.000,252.445,0.00000,7.77179,7.77179,0.000000,0.000000,0,0,3.40400,1817.289,0.999,56.000,56.000,57.000,57.000,57.000,0.000,0.000,0,0,1.1864,71,142,71,78,70
23,falling,36,599.0,,195.000,260.055,0.00000,7.92654,7.92654,0.000000,0.000000,0,0,3.40400,1817.289,0.999,56.000,56.000,57.000,57.000,57.000,0.000,0.000,0,0,1.1864,71,142,71,78,70
23,falling,37,615.0,,195.000,268.305,0.00000,8.08860,8.08860,0.000000,0.000000,0,0,3.40400,1817.289,0.999,56.000,56.000,57.000,57.000,57.000,0.000,0.000,0,0,1.1864,71,142,71,78,70
23,falling,38,632.0,,195.000,276.718,0.00000,8.24817,8.24817,0.000000,0.000000,0,0,3.40400,1817.289,0.999,56.000,56.000,57.000,57.000,57.000,0.000,0.000,0,0,1.1864,71,142,71,78,70
23,falling,39,649.0,,195.000,284.778,0.00000,8.39607,8.39607,0.000000,0.000000,0,0,3.40400,1817.289,0.999,56.000,56.000,57.000,57.000,57.000,0.000,0.000,0,0,1.1864,71,142,71,78,70
23,falling,40,665.0,,195.000,293.500,0.00000,8.55094,8.55094,0.000000,0.000000,0,0,3.40400,1817.289,0.999,56.000,56.000,57.000,57.000,57.000,0.000,0.000,0,0,1.1864,71,142,71,78,70
23,falling,41,682.0,,195.000,302.378,0.00000,8.70344,8.70344,0.000000,0.000000,0,0,3.40400,1817.289,0.999,56.000,56.000,57.000,57.000,57.000,0.000,0.000,0,0,1.1864,71,142,71,78,70
23,falling,42,699.0,,195.000,310.869,0.00000,8.84478,8.84478,0.000000,0.000000,0,0,3.40400,1817.289,0.999,56.000,56.000,57.000,57.000,57.000,0.000,0.000,0,0,1.1864,71,142,71,78,70
23,falling,43,715.0,,195.000,320.041,0.00000,8.99279,8.99279,0.000000,0.000000,0,0,3.40400,1817.289,0.999,56.000,56.000,57.000,57.000,57.000,0.000,0.000,0,0,1.1864,71,142,71,78,70
23,falling,44,732.0,,195.000,329.363,0.00000,9.13853,9.13853,0.000000,0.000000,0,0,3.40400,1817.289,0.999,56.000,56.000,57.000,57.000,57.000,0.000,0.000,0,0,1.1864,71,142,71,78,70
23,falling,45,749.0,,195.000,338.265,0.00000,9.27360,9.27360,0.000000,0.000000,0,0,3.40400,1817.289,0.999,56.000,56.000,57.000,57.000,57.000,0.000,0.000,0,0,1.1864,71,142,71,78,70
23,falling,46,765.0,,195.000,347.869,0.00000,9.41505,9.41505,0.000000,0.000000,0,0,3.40400,1817.289,0.999,56.000,56.000,57.000,57.000,57.000,0.000,0.000,0,0,1.1864,71,142,71,78,70
23,falling,47,782.0,,195.000,357.614,0.00000,9.55433,9.55433,0.000000,0.000000,0,0,3.40400,1817.289,0.999,56.000,56.000,57.000,57.000,57.000,0.000,0.000,0,0,1.1864,71,142,71,78,70
23,falling,48,799.0,,195.000,366.910,0.00000,9.68342,9.68342,0.000000,0.000000,0,0,3.40400,1817.289,0.999,56.000,56.000,57.000,57.000,57.000,0.000,0.000,0,0,1.1864,71,142,71,78,70
23,falling,49,815.0,,195.000,376.925,0.00000,9.81860,9.81860,0.000000,0.000000,0,0,3.40400,1817.289,0.999,56.000,56.000,57.000,57.000,57.000,0.000,0.000,0,0,1.1864,71,142,71,78,70
23,falling,50,832.0,,195.000,387.076,0.00000,9.95170,9.95170,0.000000,0.000000,0,0,3.40400,1817.289,0.999,56.000,56.000,57.000,57.000,57.000,0.000,0.000,0,0,1.1864,71,142,71,78,70
23,falling,51,849.0,,195.000,396.748,0.00000,10.07507,10.07507,0.000000,0.000000,0,0,3.40400,1817.289,0.999,56.000,56.000,57.000,57.000,57.000,0.000,0.000,0,0,1.1864,71,142,71,78,70
23,falling,52,865.0,,195.000,407.156,0.00000,10.20425,10.20425,0.000000,0.000000,0,0,3.40400,1817.289,0.999,56.000,56.000,57.000,57.000,57.000,0.000,0.000,0,0,1.1864,71,142,71,78,70
23,falling,53,882.0,,195.000,417.694,0.00000,10.33146,10.33146,0.000000,0.000000,0,0,3.40400,1817.289,0.999,56.000,56.000,57.000,57.000,57.000,0.000,0.000,0,0,1.1864,71,142,71,78,70
23,falling,54,899.0,,195.000,427.726,0.00000,10.44935,10.44935,0.000000,0.000000,0,0,3.40400,1817.289,0.999,56.000,56.000,57.000,57.000,57.000,0.000,0.000,0,0,1.1864,71,142,71,78,70
23,falling,55,915.0,,195.000,438.510,0.00000,10.57281,10.57281,0.000000,0.000000,0,0,3.40400,1817.289,0.999,56.000,56.000,57.000,57.000,57.000,0.000,0.000,0,0,1.1864,71,142,71,78,70
23,falling,56,932.0,,195.000,449.418,0.00000,10.69438,10.69438,0.000000,0.000000,0,0,3.40400,1817.289,0.999,56.000,56.000,57.000,57.000,57.000,0.000,0.000,0,0,1.1864,71,142,71,78,70
23,falling,57,949.0,,195.000,459.793,0.00000,10.80705,10.80705,0.000000,0.000000,0,0,3.40400,1817.289,0.999,56.000,56.000,57.000,57.000,57.000,0.000,0.000,0,0,1.1864,71,142,71,78,70
23,falling,58,965.0,,195.000,470.937,0.00000,10.92503,10.92503,0.000000,0.000000,0,0,3.40400,1817.289,0.999,56.000,56.000,57.000,57.000,57.000,0.000,0.000,0,0,1.1864,71,142,71,78,70
23,falling,59,982.0,,195.000,482.199,0.00000,11.04121,11.04121,0.000000,0.000000,0,0,3.40400,1817.289,0.999,56.000,56.000,57.000,57.000,57.000,0.000,0.000,0,0,1.1864,71,142,71,78,70
23,falling,60,999.0,,195.000,492.902,0.00000,11.14889,11.14889,0.000000,0.000000,0,0,3.40400,1817.289,0.999,56.000,56.000,57.000,57.000,57.000,0.000,0.000,0,0,1.1864,71,142,71,78,70
23,post_landing,61,1016.0,61,195.000,499.091,0.06584,-0.02756,0.07138,0.001068,0.000000,0,1,3.40400,1817.289,0.999,56.000,56.000,57.000,57.000,57.000,0.000,0.000,0,18,1.1864,71,142,71,78,70
23,post_landing,62,1032.0,61,195.066,496.682,0.01165,0.00000,0.01165,0.000000,0.001072,0,1,3.40400,1817.289,0.999,56.000,10.001,56.001,57.001,57.001,0.000,0.000,0,10,1.1864,71,142,71,78,70
23,post_landing,63,1049.0,61,195.077,495.475,0.00263,0.00000,0.00263,0.000000,0.001072,0,1,3.40400,1817.289,0.999,56.000,10.001,56.001,57.001,57.001,0.000,0.000,0,6,1.1864,71,142,71,78,70
23,post_landing,64,1065.0,61,195.080,494.644,-0.00243,0.00000,0.00243,0.000000,0.001072,0,1,3.40400,1817.289,0.999,56.000,10.001,56.001,57.001,57.001,0.000,0.000,0,3,1.1864,71,142,71,78,70
23,post_landing,65,1082.0,61,195.077,494.459,-0.07240,0.00000,0.07240,0.000000,0.001072,0,1,3.40400,1817.289,0.999,56.000,10.001,56.001,57.001,57.001,0.000,0.000,0,2,1.1864,71,142,71,78,70
23,post_landing,66,1099.0,61,195.009,493.957,-0.19384,0.03937,0.19780,0.001553,0.001072,0,1,3.40400,1817.289,0.999,56.000,10.001,56.001,57.001,57.001,0.000,0.000,0,1,1.1864,71,142,71,78,70
23,post_landing,67,1115.0,61,194.814,493.930,-0.25987,0.08888,0.27465,0.001593,0.002632,0,1,3.40400,1817.289,0.999,56.000,10.003,56.002,57.002,57.002,0.000,0.000,0,1,1.1864,71,142,71,78,70
23,post_landing,68,1132.0,61,194.553,493.900,-0.25328,0.08030,0.26570,-0.002071,0.004232,0,1,3.40400,1817.289,0.999,56.000,10.004,56.004,57.004,57.004,0.000,0.000,0,1,1.1864,71,142,71,78,70
23,post_landing,69,1149.0,61,194.314,493.935,-0.21439,0.06369,0.22365,-0.006244,0.002273,0,1,3.40400,1817.289,0.999,56.000,10.002,56.002,57.002,57.002,0.000,0.000,0,1,1.1864,71,142,71,78,70
23,post_landing,70,1166.0,61,194.098,494.019,-0.22614,0.07059,0.23691,-0.007369,-0.003999,0,1,3.40400,1817.289,0.999,56.000,55.004,57.004,57.012,57.012,0.000,0.000,0,1,1.1864,71,142,71,78,70
23,post_landing,71,1182.0,61,193.871,494.094,-0.24881,0.07853,0.26091,-0.007768,-0.011400,0,1,3.40400,1817.289,0.999,56.000,55.008,57.008,57.030,57.030,0.000,0.000,0,1,1.1864,71,142,71,78,70
23,post_landing,72,1199.0,61,193.636,494.237,-0.01658,0.00000,0.01658,0.000000,-0.018750,0,1,3.40400,1817.289,0.999,56.000,55.009,57.009,57.046,57.046,0.000,0.000,0,2,1.1864,71,142,71,78,70
23,post_landing,73,1215.0,61,193.619,494.239,0.00226,0.00000,0.00226,0.000000,-0.018750,0,1,3.40400,1817.289,0.999,56.000,55.009,57.009,57.046,57.046,0.000,0.000,0,2,1.1864,71,142,71,78,70
23,post_landing,74,1232.0,61,193.621,494.239,0.00016,0.00000,0.00016,0.000000,-0.018750,0,1,3.40400,1817.289,0.999,56.000,55.009,57.009,57.046,57.046,0.000,0.000,0,2,1.1864,71,142,71,78,70
23,post_landing,75,1249.0,61,193.621,494.237,-0.00002,0.00000,0.00002,0.000000,-0.018750,0,1,3.40400,1817.289,0.999,56.000,55.009,57.009,57.046,57.046,0.000,0.000,0,2,1.1864,71,142,71,78,70
23,post_landing,76,1265.0,61,193.621,494.239,-0.00024,0.00000,0.00024,0.000000,-0.018750,0,1,3.40400,1817.289,0.999,56.000,55.009,57.009,57.046,57.046,0.000,0.000,0,2,1.1864,71,142,71,78,70
23,post_landing,77,1282.0,61,193.621,494.239,-0.00000,0.00000,0.00000,0.000000,-0.018750,0,1,3.40400,1817.289,0.999,56.000,55.009,57.009,57.046,57.046,0.000,0.000,0,2,1.1864,71,142,71,78,70
23,post_landing,78,1299.0,61,193.621,494.237,0.00026,0.00000,0.00026,0.000000,-0.018750,0,1,3.40400,1817.289,0.999,56.000,55.009,57.009,57.046,57.046,0.000,0.000,0,2,1.1864,71,142,71,78,70
23,post_landing,79,1315.0,61,193.621,494.239,-0.00007,0.00000,0.00007,0.000000,-0.018750,0,1,3.40400,1817.289,0.999,56.000,55.009,57.009,57.046,57.046,0.000,0.000,0,2,1.1864,71,142,71,78,70
23,post_landing,80,1332.0,61,193.621,494.239,-0.00000,0.00000,0.00000,0.000000,-0.018750,0,1,3.40400,1817.289,0.999,56.000,55.009,57.009,57.046,57.046,0.000,0.000,0,2,1.1864,71,142,71,78,70
23,post_landing,81,1349.0,61,193.621,494.237,0.00025,0.00000,0.00025,0.000000,-0.018750,0,1,3.40400,1817.289,0.999,56.000,55.009,57.009,57.046,57.046,0.000,0.000,0,2,1.1864,71,142,71,78,70
23,post_landing,82,1365.0,61,193.622,494.239,-0.00008,0.00000,0.00008,0.000000,-0.018750,0,1,3.40400,1817.289,0.999,56.000,55.009,57.009,57.046,57.046,0.000,0.000,0,2,1.1864,71,142,71,78,70
23,post_landing,83,1382.0,61,193.621,494.239,-0.00000,0.00000,0.00000,0.000000,-0.018750,0,1,3.40400,1817.289,0.999,56.000,55.009,57.009,57.046,57.046,0.000,0.000,0,2,1.1864,71,142,71,78,70
23,post_landing,84,1399.0,61,193.621,494.237,0.00025,0.00000,0.00025,0.000000,-0.018750,0,1,3.40400,1817.289,0.999,56.000,55.009,57.009,57.046,57.046,0.000,0.000,0,2,1.1864,71,142,71,78,70
23,post_landing,85,1415.0,61,193.622,494.239,-0.00008,0.00000,0.00008,0.000000,-0.018750,0,1,3.40400,1817.289,0.999,56.000,55.009,57.009,57.046,57.046,0.000,0.000,0,2,1.1864,71,142,71,78,70
23,post_landing,86,1432.0,61,193.622,494.239,-0.00000,0.00000,0.00000,0.000000,-0.018750,0,1,3.40400,1817.289,0.999,56.000,55.009,57.009,57.046,57.046,0.000,0.000,0,2,1.1864,71,142,71,78,70
23,post_landing,87,1449.0,61,193.622,494.237,0.00025,0.00000,0.00025,0.000000,-0.018750,0,1,3.40400,1817.289,0.999,56.000,55.009,57.009,57.046,57.046,0.000,0.000,0,2,1.1864,71,142,71,78,70
23,post_landing,88,1465.0,61,193.622,494.239,-0.00008,0.00000,0.00008,0.000000,-0.018750,0,1,3.40400,1817.289,0.999,56.000,55.009,57.009,57.046,57.046,0.000,0.000,0,2,1.1864,71,142,71,78,70
23,post_landing,89,1482.0,61,193.622,494.239,-0.00000,0.00000,0.00000,0.000000,-0.018750,0,1,3.40400,1817.289,0.999,56.000,55.009,57.009,57.046,57.046,0.000,0.000,0,2,1.1864,71,142,71,78,70
23,post_landing,90,1499.0,61,193.622,494.237,0.00025,0.00000,0.00025,0.000000,-0.018750,0,1,3.40400,1817.289,0.999,56.000,55.009,57.009,57.046,57.046,0.000,0.000,0,2,1.1864,71,142,71,78,70
23,post_landing,91,1515.0,61,193.622,494.239,-0.00008,0.00000,0.00008,0.000000,-0.018750,0,1,3.40400,1817.289,0.999,56.000,55.009,57.009,57.046,57.046,0.000,0.000,0,2,1.1864,71,142,71,78,70
23,post_landing,92,1532.0,61,193.622,494.239,-0.00000,0.00000,0.00000,0.000000,-0.018750,0,1,3.40400,1817.289,0.999,56.000,55.009,57.009,57.046,57.046,0.000,0.000,0,2,1.1864,71,142,71,78,70
23,post_landing,93,1549.0,61,193.622,494.237,0.00025,0.00000,0.00025,0.000000,-0.018750,0,1,3.40400,1817.289,0.999,56.000,55.009,57.009,57.046,57.046,0.000,0.000,0,2,1.1864,71,142,71,78,70
23,post_landing,94,1565.0,61,193.622,494.239,-0.00008,0.00000,0.00008,0.000000,-0.018750,0,1,3.40400,1817.289,0.999,56.000,55.009,57.009,57.046,57.046,0.000,0.000,0,2,1.1864,71,142,71,78,70
23,post_landing,95,1582.0,61,193.622,494.239,-0.00000,0.00000,0.00000,0.000000,-0.018750,0,1,3.40400,1817.289,0.999,56.000,55.009,57.009,57.046,57.046,0.000,0.000,0,2,1.1864,71,142,71,78,70
23,post_landing,96,1599.0,61,193.622,494.237,0.00025,0.00000,0.00025,0.000000,-0.018750,0,1,3.40400,1817.289,0.999,56.000,55.009,57.009,57.046,57.046,0.000,0.000,0,2,1.1864,71,142,71,78,70
23,post_landing,97,1615.0,61,193.622,494.239,-0.00008,0.00000,0.00008,0.000000,-0.018750,0,1,3.40400,1817.289,0.999,56.000,55.009,57.009,57.046,57.046,0.000,0.000,0,2,1.1864,71,142,71,78,70
23,post_landing,98,1632.0,61,193.622,494.239,-0.00000,0.00000,0.00000,0.000000,-0.018750,0,1,3.40400,1817.289,0.999,56.000,55.009,57.009,57.046,57.046,0.000,0.000,0,2,1.1864,71,142,71,78,70
23,post_landing,99,1649.0,61,193.622,494.237,0.00025,0.00000,0.00025,0.000000,-0.018750,0,1,3.40400,1817.289,0.999,56.000,55.009,57.009,57.046,57.046,0.000,0.000,0,2,1.1864,71,142,71,78,70
23,post_landing,100,1665.0,61,193.623,494.239,-0.00008,0.00000,0.00008,0.000000,-0.018750,0,1,3.40400,1817.289,0.999,56.000,55.009,57.009,57.046,57.046,0.000,0.000,0,2,1.1864,71,142,71,78,70
23,post_landing,101,1682.0,61,193.623,494.239,-0.00000,0.00000,0.00000,0.000000,-0.018750,0,1,3.40400,1817.289,0.999,56.000,55.009,57.009,57.046,57.046,0.000,0.000,0,2,1.1864,71,142,71,78,70
23,post_landing,102,1699.0,61,193.623,494.237,0.00025,0.00000,0.00025,0.000000,-0.018750,0,1,3.40400,1817.289,0.999,56.000,55.009,57.009,57.046,57.046,0.000,0.000,0,2,1.1864,71,142,71,78,70
23,post_landing,103,1715.0,61,193.623,494.239,-0.00008,0.00000,0.00008,0.000000,-0.018750,0,1,3.40400,1817.289,0.999,56.000,55.009,57.009,57.046,57.046,0.000,0.000,0,2,1.1864,71,142,71,78,70
23,post_landing,104,1732.0,61,193.623,494.237,0.00025,0.00000,0.00025,0.000000,-0.018750,0,1,3.40400,1817.289,0.999,56.000,55.009,57.009,57.046,57.046,0.000,0.000,0,2,1.1864,71,142,71,78,70
23,post_landing,105,1748.0,61,193.623,494.239,-0.00005,0.00000,0.00005,0.000000,-0.018750,0,1,3.40400,1817.289,0.999,56.000,55.009,57.009,57.046,57.046,0.000,0.000,0,2,1.1864,71,142,71,78,70
23,post_landing,106,1765.0,61,193.623,494.239,-0.00000,0.00000,0.00000,0.000000,-0.018750,0,1,3.40400,1817.289,0.999,56.000,55.009,57.009,57.046,57.046,0.000,0.000,0,2,1.1864,71,142,71,78,70
23,post_landing,107,1782.0,61,193.623,494.237,0.00025,0.00000,0.00025,0.000000,-0.018750,0,1,3.40400,1817.289,0.999,56.000,55.009,57.009,57.046,57.046,0.000,0.000,0,2,1.1864,71,142,71,78,70
23,post_landing,108,1798.0,61,193.623,494.239,-0.00008,0.00000,0.00008,0.000000,-0.018750,0,1,3.40400,1817.289,0.999,56.000,55.009,57.009,57.046,57.046,0.000,0.000,0,2,1.1864,71,142,71,78,70
23,post_landing,109,1815.0,61,193.623,494.239,-0.00000,0.00000,0.00000,0.000000,-0.018750,0,1,3.40400,1817.289,0.999,56.000,55.009,57.009,57.046,57.046,0.000,0.000,0,2,1.1864,71,142,71,78,70
23,post_landing,110,1832.0,61,193.623,494.237,0.00025,0.00000,0.00025,0.000000,-0.018750,0,1,3.40400,1817.289,0.999,56.000,55.009,57.009,57.046,57.046,0.000,0.000,0,2,1.1864,71,142,71,78,70
23,post_landing,111,1848.0,61,193.623,494.239,-0.00008,0.00000,0.00008,0.000000,-0.018750,0,1,3.40400,1817.289,0.999,56.000,55.009,57.009,57.046,57.046,0.000,0.000,0,2,1.1864,71,142,71,78,70
23,post_landing,112,1865.0,61,193.623,494.239,-0.00000,0.00000,0.00000,0.000000,-0.018750,0,1,3.40400,1817.289,0.999,56.000,55.009,57.009,57.046,57.046,0.000,0.000,0,2,1.1864,71,142,71,78,70
23,post_landing,113,1882.0,61,193.623,494.237,0.00025,0.00000,0.00025,0.000000,-0.018750,0,1,3.40400,1817.289,0.999,56.000,55.009,57.009,57.046,57.046,0.000,0.000,0,2,1.1864,71,142,71,78,70
23,post_landing,114,1898.0,61,193.623,494.239,-0.00008,0.00000,0.00008,0.000000,-0.018750,0,1,3.40400,1817.289,0.999,56.000,55.009,57.009,57.046,57.046,0.000,0.000,0,2,1.1864,71,142,71,78,70
23,post_landing,115,1915.0,61,193.623,494.239,-0.00000,0.00000,0.00000,0.000000,-0.018750,0,1,3.40400,1817.289,0.999,56.000,55.009,57.009,57.046,57.046,0.000,0.000,0,2,1.1864,71,142,71,78,70
23,post_landing,116,1932.0,61,193.623,494.237,0.00025,0.00000,0.00025,0.000000,-0.018750,0,1,3.40400,1817.289,0.999,56.000,55.009,57.009,57.046,57.046,0.000,0.000,0,2,1.1864,71,142,71,78,70
23,post_landing,117,1948.0,61,193.624,494.239,-0.00008,0.00000,0.00008,0.000000,-0.018750,0,1,3.40400,1817.289,0.999,56.000,55.009,57.009,57.046,57.046,0.000,0.000,0,2,1.1864,71,142,71,78,70
23,post_landing,118,1965.0,61,193.624,494.239,-0.00000,0.00000,0.00000,0.000000,-0.018750,0,1,3.40400,1817.289,0.999,56.000,55.009,57.009,57.046,57.046,0.000,0.000,0,2,1.1864,71,142,71,78,70
23,post_landing,119,1982.0,61,193.624,494.237,0.00025,0.00000,0.00025,0.000000,-0.018750,0,1,3.40400,1817.289,0.999,56.000,55.009,57.009,57.046,57.046,0.000,0.000,0,2,1.1864,71,142,71,78,70
23,post_landing,120,1998.0,61,193.624,494.239,-0.00008,0.00000,0.00008,0.000000,-0.018750,0,1,3.40400,1817.289,0.999,56.000,55.009,57.009,57.046,57.046,0.000,0.000,0,2,1.1864,71,142,71,78,70
24,falling,0,9.0,,195.000,96.516,0.00000,0.40000,0.40000,0.000000,0.000000,0,0,4.05400,1448.135,12.846,7.000,7.000,9.000,11.000,26.000,0.000,0.000,0,0,1.1015,66,132,66,67,62
24,falling,1,17.0,,195.000,96.811,0.00000,0.54676,0.54676,0.000000,0.000000,0,0,4.05400,1448.135,12.846,7.000,7.000,9.000,11.000,26.000,0.000,0.000,0,0,1.1015,66,132,66,67,62
24,falling,2,34.0,,195.000,97.649,0.00000,0.82173,0.82173,0.000000,0.000000,0,0,4.05400,1448.135,12.846,7.000,7.000,9.000,11.000,26.000,0.000,0.000,0,0,1.1015,66,132,66,67,62
24,falling,3,51.0,,195.000,98.764,0.00000,1.09249,1.09249,0.000000,0.000000,0,0,4.05400,1448.135,12.846,7.000,7.000,9.000,11.000,26.000,0.000,0.000,0,0,1.1015,66,132,66,67,62
24,falling,4,68.0,,195.000,100.053,0.00000,1.34342,1.34342,0.000000,0.000000,0,0,4.05400,1448.135,12.846,7.000,7.000,9.000,11.000,26.000,0.000,0.000,0,0,1.1015,66,132,66,67,62
24,falling,5,84.0,,195.000,101.692,0.00000,1.60620,1.60620,0.000000,0.000000,0,0,4.05400,1448.135,12.846,7.000,7.000,9.000,11.000,26.000,0.000,0.000,0,0,1.1015,66,132,66,67,62
24,falling,6,101.0,,195.000,103.594,0.00000,1.86496,1.86496,0.000000,0.000000,0,0,4.05400,1448.135,12.846,7.000,7.000,9.000,11.000,26.000,0.000,0.000,0,0,1.1015,66,132,66,67,62
24,falling,7,118.0,,195.000,105.615,0.00000,2.10477,2.10477,0.000000,0.000000,0,0,4.05400,1448.135,12.846,7.000,7.000,9.000,11.000,26.000,0.000,0.000,0,0,1.1015,66,132,66,67,62
24,falling,8,134.0,,195.000,108.018,0.00000,2.35590,2.35590,0.000000,0.000000,0,0,4.05400,1448.135,12.846,7.000,7.000,9.000,11.000,26.000,0.000,0.000,0,0,1.1015,66,132,66,67,62
24,falling,9,151.0,,195.000,110.673,0.00000,2.60319,2.60319,0.000000,0.000000,0,0,4.05400,1448.135,12.846,7.000,7.000,9.000,11.000,26.000,0.000,0.000,0,0,1.1015,66,132,66,67,62
24,falling,10,168.0,,195.000,113.392,0.00000,2.83237,2.83237,0.000000,0.000000,0,0,4.05400,1448.135,12.846,7.000,7.000,9.000,11.000,26.000,0.000,0.000,0,0,1.1015,66,132,66,67,62
24,falling,11,184.0,,195.000,116.526,0.00000,3.07237,3.07237,0.000000,0.000000,0,0,4.05400,1448.135,12.846,7.000,7.000,9.000,11.000,26.000,0.000,0.000,0,0,1.1015,66,132,66,67,62
24,falling,12,201.0,,195.000,119.901,0.00000,3.30870,3.30870,0.000000,0.000000,0,0,4.05400,1448.135,12.846,7.000,7.000,9.000,11.000,26.000,0.000,0.000,0,0,1.1015,66,132,66,67,62
24,falling,13,218.0,,195.000,123.287,0.00000,3.52772,3.52772,0.000000,0.000000,0,0,4.05400,1448.135,12.846,7.000,7.000,9.000,11.000,26.000,0.000,0.000,0,0,1.1015,66,132,66,67,62
24,falling,14,234.0,,195.000,127.119,0.00000,3.75708,3.75708,0.000000,0.000000,0,0,4.05400,1448.135,12.846,7.000,7.000,9.000,11.000,26.000,0.000,0.000,0,0,1.1015,66,132,66,67,62
24,falling,15,251.0,,195.000,131.182,0.00000,3.98293,3.98293,0.000000,0.000000,0,0,4.05400,1448.135,12.846,7.000,7.000,9.000,11.000,26.000,0.000,0.000,0,0,1.1015,66,132,66,67,62
24,falling,16,268.0,,195.000,135.207,0.00000,4.19224,4.19224,0.000000,0.000000,0,0,4.05400,1448.135,12.846,7.000,7.000,9.000,11.000,26.000,0.000,0.000,0,0,1.1015,66,132,66,67,62
24,falling,17,284.0,,195.000,139.706,0.00000,4.41143,4.41143,0.000000,0.000000,0,0,4.05400,1448.135,12.846,7.000,7.000,9.000,11.000,26.000,0.000,0.000,0,0,1.1015,66,132,66,67,62
24,falling,18,301.0,,195.000,144.426,0.00000,4.62727,4.62727,0.000000,0.000000,0,0,4.05400,1448.135,12.846,7.000,7.000,9.000,11.000,26.000,0.000,0.000,0,0,1.1015,66,132,66,67,62
24,falling,19,318.0,,195.000,149.060,0.00000,4.82730,4.82730,0.000000,0.000000,0,0,4.05400,1448.135,12.846,7.000,7.000,9.000,11.000,26.000,0.000,0.000,0,0,1.1015,66,132,66,67,62
24,falling,20,334.0,,195.000,154.198,0.00000,5.03678,5.03678,0.000000,0.000000,0,0,4.05400,1448.135,12.846,7.000,7.000,9.000,11.000,26.000,0.000,0.000,0,0,1.1015,66,132,66,67,62
24,falling,21,351.0,,195.000,159.219,0.00000,5.23092,5.23092,0.000000,0.000000,0,0,4.05400,1448.135,12.846,7.000,7.000,9.000,11.000,26.000,0.000,0.000,0,0,1.1015,66,132,66,67,62
24,falling,22,367.0,,195.000,164.762,0.00000,5.43422,5.43422,0.000000,0.000000,0,0,4.05400,1448.135,12.846,7.000,7.000,9.000,11.000,26.000,0.000,0.000,0,0,1.1015,66,132,66,67,62
24,falling,23,384.0,,195.000,170.509,0.00000,5.63441,5.63441,0.000000,0.000000,0,0,4.05400,1448.135,12.846,7.000,7.000,9.000,11.000,26.000,0.000,0.000,0,0,1.1015,66,132,66,67,62
24,falling,24,401.0,,195.000,176.097,0.00000,5.81994,5.81994,0.000000,0.000000,0,0,4.05400,1448.135,12.846,7.000,7.000,9.000,11.000,26.000,0.000,0.000,0,0,1.1015,66,132,66,67,62
24,falling,25,417.0,,195.000,182.231,0.00000,6.01423,6.01423,0.000000,0.000000,0,0,4.05400,1448.135,12.846,7.000,7.000,9.000,11.000,26.000,0.000,0.000,0,0,1.1015,66,132,66,67,62
24,falling,26,434.0,,195.000,188.561,0.00000,6.20554,6.20554,0.000000,0.000000,0,0,4.05400,1448.135,12.846,7.000,7.000,9.000,11.000,26.000,0.000,0.000,0,0,1.1015,66,132,66,67,62
24,falling,27,451.0,,195.000,194.688,0.00000,6.38285,6.38285,0.000000,0.000000,0,0,4.05400,1448.135,12.846,7.000,7.000,9.000,11.000,26.000,0.000,0.000,0,0,1.1015,66,132,66,67,62
24,falling,28,468.0,,195.000,201.388,0.00000,6.56852,6.56852,0.000000,0.000000,0,0,4.05400,1448.135,12.846,7.000,7.000,9.000,11.000,26.000,0.000,0.000,0,0,1.1015,66,132,66,67,62
24,falling,29,484.0,,195.000,208.275,0.00000,6.75136,6.75136,0.000000,0.000000,0,0,4.05400,1448.135,12.846,7.000,7.000,9.000,11.000,26.000,0.000,0.000,0,0,1.1015,66,132,66,67,62
24,falling,30,501.0,,195.000,214.919,0.00000,6.92081,6.92081,0.000000,0.000000,0,0,4.05400,1448.135,12.846,7.000,7.000,9.000,11.000,26.000,0.000,0.000,0,0,1.1015,66,132,66,67,62
24,falling,31,517.0,,195.000,222.159,0.00000,7.09825,7.09825,0.000000,0.000000,0,0,4.05400,1448.135,12.846,7.000,7.000,9.000,11.000,26.000,0.000,0.000,0,0,1.1015,66,132,66,67,62
24,falling,32,534.0,,195.000,229.577,0.00000,7.27298,7.27298,0.000000,0.000000,0,0,4.05400,1448.135,12.846,7.000,7.000,9.000,11.000,26.000,0.000,0.000,0,0,1.1015,66,132,66,67,62
24,falling,33,551.0,,195.000,236.715,0.00000,7.43492,7.43492,0.000000,0.000000,0,0,4.05400,1448.135,12.846,7.000,7.000,9.000,11.000,26.000,0.000,0.000,0,0,1.1015,66,132,66,67,62
24,falling,34,567.0,,195.000,244.471,0.00000,7.60450,7.60450,0.000000,0.000000,0,0,4.05400,1448.135,12.846,7.000,7.000,9.000,11.000,26.000,0.000,0.000,0,0,1.1015,66,132,66,67,62
24,falling,35,584.0,,195.000,252.398,0.00000,7.77148,7.77148,0.000000,0.000000,0,0,4.05400,1448.135,12.846,7.000,7.000,9.000,11.000,26.000,0.000,0.000,0,0,1.1015,66,132,66,67,62
24,falling,36,601.0,,195.000,260.007,0.00000,7.92624,7.92624,0.000000,0.000000,0,0,4.05400,1448.135,12.846,7.000,7.000,9.000,11.000,26.000,0.000,0.000,0,0,1.1015,66,132,66,67,62
24,falling,37,617.0,,195.000,268.257,0.00000,8.08830,8.08830,0.000000,0.000000,0,0,4.05400,1448.135,12.846,7.000,7.000,9.000,11.000,26.000,0.000,0.000,0,0,1.1015,66,132,66,67,62
24,falling,38,634.0,,195.000,276.670,0.00000,8.24788,8.24788,0.000000,0.000000,0,0,4.05400,1448.135,12.846,7.000,7.000,9.000,11.000,26.000,0.000,0.000,0,0,1.1015,66,132,66,67,62
24,falling,39,651.0,,195.000,284.730,0.00000,8.39578,8.39578,0.000000,0.000000,0,0,4.05400,1448.135,12.846,7.000,7.000,9.000,11.000,26.000,0.000,0.000,0,0,1.1015,66,132,66,67,62
24,falling,40,667.0,,195.000,293.452,0.00000,8.55066,8.55066,0.000000,0.000000,0,0,4.05400,1448.135,12.846,7.000,7.000,9.000,11.000,26.000,0.000,0.000,0,0,1.1015,66,132,66,67,62
24,falling,41,684.0,,195.000,302.329,0.00000,8.70317,8.70317,0.000000,0.000000,0,0,4.05400,1448.135,12.846,7.000,7.000,9.000,11.000,26.000,0.000,0.000,0,0,1.1015,66,132,66,67,62
24,falling,42,701.0,,195.000,310.820,0.00000,8.84451,8.84451,0.000000,0.000000,0,0,4.05400,1448.135,12.846,7.000,7.000,9.000,11.000,26.000,0.000,0.000,0,0,1.1015,66,132,66,67,62
24,falling,43,717.0,,195.000,319.992,0.00000,8.99252,8.99252,0.000000,0.000000,0,0,4.05400,1448.135,12.846,7.000,7.000,9.000,11.000,26.000,0.000,0.000,0,0,1.1015,66,132,66,67,62
24,falling,44,734.0,,195.000,329.313,0.00000,9.13827,9.13827,0.000000,0.000000,0,0,4.05400,1448.135,12.846,7.000,7.000,9.000,11.000,26.000,0.000,0.000,0,0,1.1015,66,132,66,67,62
24,falling,45,751.0,,195.000,338.216,0.00000,9.27334,9.27334,0.000000,0.000000,0,0,4.05400,1448.135,12.846,7.000,7.000,9.000,11.000,26.000,0.000,0.000,0,0,1.1015,66,132,66,67,62
24,falling,46,767.0,,195.000,347.819,0.00000,9.41479,9.41479,0.000000,0.000000,0,0,4.05400,1448.135,12.846,7.000,7.000,9.000,11.000,26.000,0.000,0.000,0,0,1.1015,66,132,66,67,62
24,falling,47,785.0,,195.000,357.564,0.00000,9.55408,9.55408,0.000000,0.000000,0,0,4.05400,1448.135,12.846,7.000,7.000,9.000,11.000,26.000,0.000,0.000,0,0,1.1015,66,132,66,67,62
24,falling,48,801.0,,195.000,366.860,0.00000,9.68317,9.68317,0.000000,0.000000,0,0,4.05400,1448.135,12.846,7.000,7.000,9.000,11.000,26.000,0.000,0.000,0,0,1.1015,66,132,66,67,62
24,falling,49,817.0,,195.000,376.875,0.00000,9.81835,9.81835,0.000000,0.000000,0,0,4.05400,1448.135,12.846,7.000,7.000,9.000,11.000,26.000,0.000,0.000,0,0,1.1015,66,132,66,67,62
24,falling,50,834.0,,195.000,387.025,0.00000,9.95146,9.95146,0.000000,0.000000,0,0,4.05400,1448.135,12.846,7.000,7.000,9.000,11.000,26.000,0.000,0.000,0,0,1.1015,66,132,66,67,62
24,falling,51,851.0,,195.000,396.697,0.00000,10.07483,10.07483,0.000000,0.000000,0,0,4.05400,1448.135,12.846,7.000,7.000,9.000,11.000,26.000,0.000,0.000,0,0,1.1015,66,132,66,67,62
24,falling,52,867.0,,195.000,407.105,0.00000,10.20402,10.20402,0.000000,0.000000,0,0,4.05400,1448.135,12.846,7.000,7.000,9.000,11.000,26.000,0.000,0.000,0,0,1.1015,66,132,66,67,62
24,falling,53,884.0,,195.000,417.643,0.00000,10.33123,10.33123,0.000000,0.000000,0,0,4.05400,1448.135,12.846,7.000,7.000,9.000,11.000,26.000,0.000,0.000,0,0,1.1015,66,132,66,67,62
24,falling,54,901.0,,195.000,427.674,0.00000,10.44912,10.44912,0.000000,0.000000,0,0,4.05400,1448.135,12.846,7.000,7.000,9.000,11.000,26.000,0.000,0.000,0,0,1.1015,66,132,66,67,62
24,falling,55,917.0,,195.000,438.458,0.00000,10.57259,10.57259,0.000000,0.000000,0,0,4.05400,1448.135,12.846,7.000,7.000,9.000,11.000,26.000,0.000,0.000,0,0,1.1015,66,132,66,67,62
24,falling,56,934.0,,195.000,449.366,0.00000,10.69416,10.69416,0.000000,0.000000,0,0,4.05400,1448.135,12.846,7.000,7.000,9.000,11.000,26.000,0.000,0.000,0,0,1.1015,66,132,66,67,62
24,falling,57,951.0,,195.000,459.741,0.00000,10.80683,10.80683,0.000000,0.000000,0,0,4.05400,1448.135,12.846,7.000,7.000,9.000,11.000,26.000,0.000,0.000,0,0,1.1015,66,132,66,67,62
24,falling,58,967.0,,195.000,470.884,0.00000,10.92482,10.92482,0.000000,0.000000,0,0,4.05400,1448.135,12.846,7.000,7.000,9.000,11.000,26.000,0.000,0.000,0,0,1.1015,66,132,66,67,62
24,falling,59,984.0,,195.000,482.146,0.00000,11.04100,11.04100,0.000000,0.000000,0,0,4.05400,1448.135,12.846,7.000,7.000,9.000,11.000,26.000,0.000,0.000,0,0,1.1015,66,132,66,67,62
24,post_landing,60,1001.0,60,195.000,489.359,-2.35333,0.24275,2.36581,-0.030769,0.000000,0,1,4.05400,1448.135,12.846,7.000,7.000,9.000,11.000,26.000,0.000,0.000,0,10,1.1015,66,132,66,67,62
24,post_landing,61,1017.0,60,192.636,488.165,-1.62493,0.17642,1.63448,-0.037033,-0.030904,0,1,4.05400,1448.135,12.846,7.000,5.997,8.027,11.026,26.142,0.000,0.000,0,5,1.1015,66,132,66,67,62
24,post_landing,62,1034.0,60,191.004,487.695,-1.60207,0.17368,1.61146,-0.011015,-0.068099,0,1,4.05400,1448.135,12.846,7.000,5.986,8.050,11.043,31.336,0.000,0.000,0,2,1.1015,66,132,66,67,62
24,post_landing,63,1050.0,60,189.488,487.850,-1.20073,0.16638,1.21220,-0.016325,-0.078521,0,1,4.05400,1448.135,12.846,7.000,5.982,8.054,11.045,35.441,0.000,0.000,0,2,1.1015,66,132,66,67,62
24,post_landing,64,1067.0,60,188.282,488.106,-1.07876,0.16654,1.09154,-0.008418,-0.094918,0,1,4.05400,1448.135,12.846,7.000,5.973,8.059,11.045,35.506,0.000,0.000,0,2,1.1015,66,132,66,67,62
24,post_landing,65,1084.0,60,187.262,488.230,-1.01927,0.09962,1.02412,-0.006180,-0.102883,0,1,4.05400,1448.135,12.846,7.000,5.968,8.060,11.045,38.621,0.000,0.000,0,2,1.1015,66,132,66,67,62
24,post_landing,66,1100.0,60,186.238,488.332,-0.60654,0.25768,0.65900,-0.032574,-0.109090,0,1,4.05400,1448.135,12.846,7.000,5.964,8.061,11.043,38.645,0.000,0.000,0,2,1.1015,66,132,66,67,62
24,post_landing,67,1117.0,60,185.629,488.597,-0.42932,0.41217,0.59515,-0.035214,-0.141807,0,1,4.05400,1448.135,12.846,7.000,5.940,8.061,10.182,40.870,0.000,0.000,0,1,1.1015,66,132,66,67,62
24,post_landing,68,1134.0,60,185.223,489.131,-0.60663,0.44800,0.75413,-0.015103,-0.175126,0,1,4.05400,1448.135,12.846,7.000,3.939,7.241,10.196,42.115,0.000,0.000,0,1,1.1015,66,132,66,67,62
24,post_landing,69,1150.0,60,184.613,489.377,-0.87246,0.35303,0.94118,0.000971,-0.190295,0,1,4.05400,1448.135,12.846,7.000,3.928,7.252,10.198,42.151,0.000,0.000,0,1,1.1015,66,132,66,67,62
24,post_landing,70,1167.0,60,183.737,489.360,-0.83862,0.34524,0.90690,-0.003893,-0.189319,0,1,4.05400,1448.135,12.846,7.000,3.929,7.251,10.198,42.149,0.000,0.000,0,1,1.1015,66,132,66,67,62
24,post_landing,71,1184.0,60,182.943,489.421,-0.86573,0.34405,0.93159,-0.002627,-0.193003,0,1,4.05400,1448.135,12.846,7.000,3.926,7.254,10.198,42.157,0.000,0.000,0,1,1.1015,66,132,66,67,62
24,post_landing,72,1201.0,60,182.074,489.467,-0.89929,0.35780,0.96785,-0.000927,-0.195641,0,1,4.05400,1448.135,12.846,7.000,3.924,7.255,10.198,42.162,0.000,0.000,0,1,1.1015,66,132,66,67,62
24,post_landing,73,1217.0,60,181.171,489.483,-0.91040,0.36303,0.98011,-0.001336,-0.196571,0,1,4.05400,1448.135,12.846,7.000,3.923,7.256,10.198,42.164,0.000,0.000,0,1,1.1015,66,132,66,67,62
24,post_landing,74,1234.0,60,180.309,489.503,-0.89042,0.35927,0.96017,-0.003686,-0.197836,0,1,4.05400,1448.135,12.846,7.000,3.922,7.257,10.198,42.166,0.000,0.000,0,1,1.1015,66,132,66,67,62
24,post_landing,75,1251.0,60,179.415,489.568,-0.91772,0.37425,0.99110,-0.001901,-0.201538,0,1,4.05400,1448.135,12.846,7.000,3.919,7.259,10.198,42.172,0.000,0.000,0,1,1.1015,66,132,66,67,62
24,post_landing,76,1267.0,60,178.493,489.601,-0.92416,0.37813,0.99853,-0.002286,-0.203447,0,1,4.05400,1448.135,12.846,7.000,3.918,7.260,10.198,42.175,0.000,0.000,0,1,1.1015,66,132,66,67,62
24,post_landing,77,1284.0,60,177.619,489.637,-0.90058,0.37340,0.97492,-0.004560,-0.205609,0,1,4.05400,1448.135,12.846,7.000,3.916,7.261,10.198,43.565,0.000,0.000,0,1,1.1015,66,132,66,67,62
24,post_landing,78,1301.0,60,176.714,489.718,-0.92385,0.38837,1.00216,-0.002759,-0.210189,0,1,4.05400,1448.135,12.846,7.000,3.912,7.263,10.197,43.579,0.000,0.000,0,1,1.1015,66,132,66,67,62
24,post_landing,79,1317.0,60,175.786,489.767,-0.92673,0.39179,1.00615,-0.003150,-0.212960,0,1,4.05400,1448.135,12.846,7.000,3.910,7.265,10.197,43.587,0.000,0.000,0,1,1.1015,66,132,66,67,62
24,post_landing,80,1334.0,60,174.910,489.817,-0.90165,0.38781,0.98152,-0.005251,-0.215940,0,1,4.05400,1448.135,12.846,7.000,3.907,7.266,10.196,43.596,0.000,0.000,0,1,1.1015,66,132,66,67,62
24,post_landing,81,1350.0,60,174.004,489.913,-0.92115,0.40197,1.00504,-0.003583,-0.221215,0,1,4.05400,1448.135,12.846,7.000,3.903,7.268,30.805,43.610,0.000,0.000,0,1,1.1015,66,132,66,67,62
24,post_landing,82,1367.0,60,173.079,489.977,-0.92150,0.40528,1.00668,-0.003992,-0.224814,0,1,4.05400,1448.135,12.846,7.000,3.899,7.270,34.928,43.618,0.000,0.000,0,1,1.1015,66,132,66,67,62
24,post_landing,83,1384.0,60,172.207,490.043,-0.88650,0.39817,0.97181,-0.006804,-0.228591,0,1,4.05400,1448.135,12.846,7.000,3.896,7.271,34.928,43.627,0.000,0.000,0,1,1.1015,66,132,66,67,62
24,post_landing,84,1400.0,60,171.316,490.169,-0.91018,0.41651,1.00095,-0.004434,-0.235424,0,1,4.05400,1448.135,12.846,7.000,3.890,7.273,38.079,43.874,0.000,0.000,0,1,1.1015,66,132,66,67,62
24,post_landing,85,1417.0,60,170.402,490.251,-0.90863,0.41991,1.00097,-0.004881,-0.239878,0,1,4.05400,1448.135,12.846,7.000,3.885,7.275,38.079,43.886,0.000,0.000,0,1,1.1015,66,132,66,67,62
24,post_landing,86,1434.0,60,169.543,490.334,-0.88128,0.41502,0.97411,-0.006901,-0.244496,0,1,4.05400,1448.135,12.846,7.000,3.881,7.276,38.078,43.898,0.000,0.000,0,1,1.1015,66,132,66,67,62
24,post_landing,87,1450.0,60,168.657,490.466,-0.89500,0.43133,0.99352,-0.005345,-0.251428,0,1,4.05400,1448.135,12.846,7.000,3.874,7.277,40.262,43.914,0.000,0.000,0,1,1.1015,66,132,66,67,62
24,post_landing,88,1467.0,60,167.758,490.567,-0.89145,0.43553,0.99215,-0.005789,-0.256796,0,1,4.05400,1448.135,12.846,7.000,1.934,7.278,40.261,43.925,0.000,0.000,0,1,1.1015,66,132,66,67,62
24,post_landing,89,1484.0,60,166.915,490.669,-0.85063,0.42530,0.95103,-0.008953,-0.262274,0,1,4.05400,1448.135,12.846,7.000,1.932,7.279,39.553,43.934,0.000,0.000,0,1,1.1015,66,132,66,67,62
24,post_landing,90,1500.0,60,166.061,490.844,-0.87206,0.44996,0.98130,-0.006230,-0.271266,0,1,4.05400,1448.135,12.846,7.000,1.927,7.280,40.789,43.948,0.000,0.000,0,1,1.1015,66,132,66,67,62
24,post_landing,91,1517.0,60,165.185,490.965,-0.86687,0.45330,0.97823,-0.006789,-0.277524,0,1,4.05400,1448.135,12.846,7.000,1.923,7.280,40.795,43.955,0.000,0.000,0,1,1.1015,66,132,66,67,62
24,post_landing,92,1534.0,60,164.364,491.090,-0.82916,0.44318,0.94017,-0.009637,-0.283948,0,1,4.05400,1448.135,12.846,7.000,1.920,7.280,40.800,43.960,0.000,0.000,0,1,1.1015,66,132,66,67,62
24,post_landing,93,1550.0,60,163.532,491.284,-0.81321,0.45269,0.93072,-0.010315,-0.293628,0,1,4.05400,1448.135,12.846,7.000,1.914,7.279,40.804,44.544,0.000,0.000,0,1,1.1015,66,132,66,67,62
24,post_landing,94,1567.0,60,162.715,491.530,-0.82289,0.45507,0.94034,-0.009574,-0.303988,0,1,4.05400,1448.135,12.846,7.000,1.908,36.688,40.804,44.564,0.000,0.000,0,1,1.1015,66,132,66,67,62
24,post_landing,95,1584.0,60,161.936,491.714,-0.77828,0.43216,0.89022,-0.013524,-0.313047,0,1,4.05400,1448.135,12.846,7.000,1.903,38.897,40.800,44.886,0.000,0.000,0,1,1.1015,66,132,66,67,62
24,post_landing,96,1600.0,60,161.155,491.994,-0.71301,0.40912,0.82205,-0.019341,-0.326630,0,1,4.05400,1448.135,12.846,7.000,1.894,38.894,42.377,44.913,0.000,0.000,0,1,1.1015,66,132,66,67,62
24,post_landing,97,1617.0,60,160.438,492.397,-0.64350,0.40133,0.75839,-0.024034,-0.346056,0,1,4.05400,1448.135,12.846,7.000,35.114,38.275,42.717,45.276,0.000,0.000,0,1,1.1015,66,132,66,67,62
24,post_landing,98,1634.0,60,159.830,492.830,-0.42547,-0.08664,0.43420,-0.010103,-0.368796,0,1,4.05400,1448.135,12.846,7.000,36.400,38.266,42.718,45.665,0.000,0.000,0,4,1.1015,66,132,66,67,62
24,post_landing,99,1650.0,60,159.402,492.736,-2.38559,-0.47391,2.43221,0.144115,-0.378944,0,1,4.05400,1448.135,12.846,7.000,34.539,38.255,42.152,45.679,0.000,0.000,0,3,1.1015,66,132,66,67,62
24,post_landing,100,1667.0,60,157.006,491.283,-0.93334,-0.78221,1.21777,-0.025142,-0.234196,0,1,4.05400,1448.135,12.846,7.000,3.891,7.273,38.078,43.870,0.000,0.000,0,4,1.1015,66,132,66,67,62
24,post_landing,101,1684.0,60,156.123,490.532,-0.83262,-0.27735,0.87760,-0.021598,-0.257985,0,1,4.05400,1448.135,12.846,7.000,1.934,7.279,40.261,43.927,0.000,0.000,0,1,1.1015,66,132,66,67,62
24,post_landing,102,1700.0,60,155.287,490.330,-0.81988,0.01022,0.81995,-0.021268,-0.279678,0,0,4.05400,1448.135,12.846,7.000,1.922,7.280,40.797,43.957,0.000,0.000,0,0,1.1015,66,132,66,67,62
24,post_landing,103,1717.0,60,154.463,490.629,-0.80734,0.29340,0.85900,-0.020943,-0.301039,0,0,4.05400,1448.135,12.846,7.000,1.910,36.688,40.804,44.559,0.000,0.000,0,0,1.1015,66,132,66,67,62
24,post_landing,104,1734.0,60,153.699,491.162,-0.79571,0.55584,0.97063,-0.020641,-0.320855,0,0,4.05400,1448.135,12.846,7.000,1.898,38.896,42.374,44.903,0.000,0.000,0,0,1.1015,66,132,66,67,62
24,post_landing,105,1750.0,60,152.900,492.010,-0.78354,0.83067,1.14190,-0.020325,-0.341586,0,0,4.05400,1448.135,12.846,7.000,35.113,38.275,42.379,45.268,0.000,0.000,0,0,1.1015,66,132,66,67,62
24,post_landing,106,1767.0,60,152.113,492.844,-0.35626,-0.07822,0.36474,-0.005085,-0.362001,0,1,4.05400,1448.135,12.846,7.000,36.400,38.271,42.720,45.653,0.000,0.000,0,4,1.1015,66,132,66,67,62
24,post_landing,107,1784.0,60,151.776,492.831,-0.22165,-0.03223,0.22399,-0.002946,-0.366812,0,1,4.05400,1448.135,12.846,7.000,36.401,38.267,42.719,45.662,0.000,0.000,0,4,1.1015,66,132,66,67,62
24,post_landing,108,1800.0,60,151.554,492.835,-0.12650,-0.01515,0.12741,0.000000,-0.369771,0,1,4.05400,1448.135,12.846,7.000,36.400,38.265,42.717,45.666,0.000,0.000,0,4,1.1015,66,132,66,67,62
24,post_landing,109,1817.0,60,151.434,492.832,-0.08951,0.00000,0.08951,0.002210,-0.369771,0,1,4.05400,1448.135,12.846,7.000,36.400,38.265,42.717,45.666,0.000,0.000,0,4,1.1015,66,132,66,67,62
24,post_landing,110,1834.0,60,151.344,492.839,0.00312,0.00000,0.00312,0.000000,-0.367551,0,1,4.05400,1448.135,12.846,7.000,36.400,38.267,42.718,45.663,0.000,0.000,0,4,1.1015,66,132,66,67,62
24,post_landing,111,1850.0,60,151.347,492.839,-0.00123,-0.02093,0.02097,0.002494,-0.367551,0,1,4.05400,1448.135,12.846,7.000,36.400,38.267,42.718,45.663,0.000,0.000,0,4,1.1015,66,132,66,67,62
24,post_landing,112,1867.0,60,151.346,492.836,0.01527,0.00000,0.01527,0.000000,-0.365191,0,1,4.05400,1448.135,12.846,7.000,36.401,38.269,42.719,45.659,0.000,0.000,0,4,1.1015,66,132,66,67,62
24,post_landing,113,1884.0,60,151.361,492.841,0.00694,0.00000,0.00694,0.000000,-0.365191,0,1,4.05400,1448.135,12.846,7.000,36.401,38.269,42.719,45.659,0.000,0.000,0,4,1.1015,66,132,66,67,62
24,post_landing,114,1900.0,60,151.368,492.841,-0.00096,0.00000,0.00096,0.000000,-0.365191,0,1,4.05400,1448.135,12.846,7.000,36.401,38.269,42.719,45.659,0.000,0.000,0,4,1.1015,66,132,66,67,62
24,post_landing,115,1917.0,60,151.367,492.837,0.00263,0.00000,0.00263,0.000000,-0.365191,0,1,4.05400,1448.135,12.846,7.000,36.401,38.269,42.719,45.659,0.000,0.000,0,4,1.1015,66,132,66,67,62
24,post_landing,116,1933.0,60,151.370,492.841,0.00130,0.00000,0.00130,0.000000,-0.365191,0,1,4.05400,1448.135,12.846,7.000,36.401,38.269,42.719,45.659,0.000,0.000,0,4,1.1015,66,132,66,67,62
24,post_landing,117,1950.0,60,151.371,492.841,-0.00227,0.00000,0.00227,0.000000,-0.365191,0,1,4.05400,1448.135,12.846,7.000,36.401,38.269,42.719,45.659,0.000,0.000,0,4,1.1015,66,132,66,67,62
24,post_landing,118,1967.0,60,151.369,492.837,0.00227,0.00000,0.00227,0.000000,-0.365191,0,1,4.05400,1448.135,12.846,7.000,36.401,38.269,42.719,45.659,0.000,0.000,0,4,1.1015,66,132,66,67,62
24,post_landing,119,1983.0,60,151.371,492.841,0.00108,0.00000,0.00108,0.000000,-0.365191,0,1,4.05400,1448.135,12.846,7.000,36.401,38.269,42.719,45.659,0.000,0.000,0,4,1.1015,66,132,66,67,62
25,falling,0,15.0,,195.000,97.029,0.00000,0.55000,0.55000,0.000000,0.000000,0,0,2.95800,422.016,3.375,16.000,16.000,16.000,16.000,17.000,0.000,0.000,0,0,1.8319,85,170,85,88,80
25,falling,1,25.0,,195.000,97.405,0.00000,0.69555,0.69555,0.000000,0.000000,0,0,2.95800,422.016,3.375,16.000,16.000,16.000,16.000,17.000,0.000,0.000,0,0,1.8319,85,170,85,88,80
25,falling,2,41.0,,195.000,98.392,0.00000,0.96824,0.96824,0.000000,0.000000,0,0,2.95800,422.016,3.375,16.000,16.000,16.000,16.000,17.000,0.000,0.000,0,0,1.8319,85,170,85,88,80
25,falling,3,57.0,,195.000,99.564,0.00000,1.22096,1.22096,0.000000,0.000000,0,0,2.95800,422.016,3.375,16.000,16.000,16.000,16.000,17.000,0.000,0.000,0,0,1.8319,85,170,85,88,80
25,falling,4,74.0,,195.000,101.080,0.00000,1.48561,1.48561,0.000000,0.000000,0,0,2.95800,422.016,3.375,16.000,16.000,16.000,16.000,17.000,0.000,0.000,0,0,1.8319,85,170,85,88,80
25,falling,5,91.0,,195.000,102.861,0.00000,1.74622,1.74622,0.000000,0.000000,0,0,2.95800,422.016,3.375,16.000,16.000,16.000,16.000,17.000,0.000,0.000,0,0,1.8319,85,170,85,88,80
25,falling,6,107.0,,195.000,104.769,0.00000,1.98774,1.98774,0.000000,0.000000,0,0,2.95800,422.016,3.375,16.000,16.000,16.000,16.000,17.000,0.000,0.000,0,0,1.8319,85,170,85,88,80
25,falling,7,124.0,,195.000,107.054,0.00000,2.24066,2.24066,0.000000,0.000000,0,0,2.95800,422.016,3.375,16.000,16.000,16.000,16.000,17.000,0.000,0.000,0,0,1.8319,85,170,85,88,80
25,falling,8,141.0,,195.000,109.594,0.00000,2.48971,2.48971,0.000000,0.000000,0,0,2.95800,422.016,3.375,16.000,16.000,16.000,16.000,17.000,0.000,0.000,0,0,1.8319,85,170,85,88,80
25,falling,9,157.0,,195.000,112.206,0.00000,2.72052,2.72052,0.000000,0.000000,0,0,2.95800,422.016,3.375,16.000,16.000,16.000,16.000,17.000,0.000,0.000,0,0,1.8319,85,170,85,88,80
25,falling,10,174.0,,195.000,115.227,0.00000,2.96223,2.96223,0.000000,0.000000,0,0,2.95800,422.016,3.375,16.000,16.000,16.000,16.000,17.000,0.000,0.000,0,0,1.8319,85,170,85,88,80
25,falling,11,191.0,,195.000,118.491,0.00000,3.20025,3.20025,0.000000,0.000000,0,0,2.95800,422.016,3.375,16.000,16.000,16.000,16.000,17.000,0.000,0.000,0,0,1.8319,85,170,85,88,80
25,falling,12,208.0,,195.000,121.775,0.00000,3.42083,3.42083,0.000000,0.000000,0,0,2.95800,422.016,3.375,16.000,16.000,16.000,16.000,17.000,0.000,0.000,0,0,1.8319,85,170,85,88,80
25,falling,13,224.0,,195.000,125.500,0.00000,3.65182,3.65182,0.000000,0.000000,0,0,2.95800,422.016,3.375,16.000,16.000,16.000,16.000,17.000,0.000,0.000,0,0,1.8319,85,170,85,88,80
25,falling,14,241.0,,195.000,129.457,0.00000,3.87928,3.87928,0.000000,0.000000,0,0,2.95800,422.016,3.375,16.000,16.000,16.000,16.000,17.000,0.000,0.000,0,0,1.8319,85,170,85,88,80
25,falling,15,258.0,,195.000,133.384,0.00000,4.09009,4.09009,0.000000,0.000000,0,0,2.95800,422.016,3.375,16.000,16.000,16.000,16.000,17.000,0.000,0.000,0,0,1.8319,85,170,85,88,80
25,falling,16,274.0,,195.000,137.781,0.00000,4.31084,4.31084,0.000000,0.000000,0,0,2.95800,422.016,3.375,16.000,16.000,16.000,16.000,17.000,0.000,0.000,0,0,1.8319,85,170,85,88,80
25,falling,17,291.0,,195.000,142.399,0.00000,4.52822,4.52822,0.000000,0.000000,0,0,2.95800,422.016,3.375,16.000,16.000,16.000,16.000,17.000,0.000,0.000,0,0,1.8319,85,170,85,88,80
25,falling,18,308.0,,195.000,146.940,0.00000,4.72968,4.72968,0.000000,0.000000,0,0,2.95800,422.016,3.375,16.000,16.000,16.000,16.000,17.000,0.000,0.000,0,0,1.8319,85,170,85,88,80
25,falling,19,324.0,,195.000,151.979,0.00000,4.94065,4.94065,0.000000,0.000000,0,0,2.95800,422.016,3.375,16.000,16.000,16.000,16.000,17.000,0.000,0.000,0,0,1.8319,85,170,85,88,80
25,falling,20,341.0,,195.000,157.231,0.00000,5.14839,5.14839,0.000000,0.000000,0,0,2.95800,422.016,3.375,16.000,16.000,16.000,16.000,17.000,0.000,0.000,0,0,1.8319,85,170,85,88,80
25,falling,21,358.0,,195.000,162.358,0.00000,5.34092,5.34092,0.000000,0.000000,0,0,2.95800,422.016,3.375,16.000,16.000,16.000,16.000,17.000,0.000,0.000,0,0,1.8319,85,170,85,88,80
25,falling,22,374.0,,195.000,168.011,0.00000,5.54254,5.54254,0.000000,0.000000,0,0,2.95800,422.016,3.375,16.000,16.000,16.000,16.000,17.000,0.000,0.000,0,0,1.8319,85,170,85,88,80
25,falling,23,391.0,,195.000,173.867,0.00000,5.74107,5.74107,0.000000,0.000000,0,0,2.95800,422.016,3.375,16.000,16.000,16.000,16.000,17.000,0.000,0.000,0,0,1.8319,85,170,85,88,80
25,falling,24,408.0,,195.000,179.555,0.00000,5.92507,5.92507,0.000000,0.000000,0,0,2.95800,422.016,3.375,16.000,16.000,16.000,16.000,17.000,0.000,0.000,0,0,1.8319,85,170,85,88,80
25,falling,25,424.0,,195.000,185.796,0.00000,6.11775,6.11775,0.000000,0.000000,0,0,2.95800,422.016,3.375,16.000,16.000,16.000,16.000,17.000,0.000,0.000,0,0,1.8319,85,170,85,88,80
25,falling,26,441.0,,195.000,192.229,0.00000,6.30748,6.30748,0.000000,0.000000,0,0,2.95800,422.016,3.375,16.000,16.000,16.000,16.000,17.000,0.000,0.000,0,0,1.8319,85,170,85,88,80
25,falling,27,458.0,,195.000,198.453,0.00000,6.48332,6.48332,0.000000,0.000000,0,0,2.95800,422.016,3.375,16.000,16.000,16.000,16.000,17.000,0.000,0.000,0,0,1.8319,85,170,85,88,80
25,falling,28,474.0,,195.000,205.254,0.00000,6.66746,6.66746,0.000000,0.000000,0,0,2.95800,422.016,3.375,16.000,16.000,16.000,16.000,17.000,0.000,0.000,0,0,1.8319,85,170,85,88,80
25,falling,29,491.0,,195.000,212.240,0.00000,6.84878,6.84878,0.000000,0.000000,0,0,2.95800,422.016,3.375,16.000,16.000,16.000,16.000,17.000,0.000,0.000,0,0,1.8319,85,170,85,88,80
25,falling,30,508.0,,195.000,218.976,0.00000,7.01682,7.01682,0.000000,0.000000,0,0,2.95800,422.016,3.375,16.000,16.000,16.000,16.000,17.000,0.000,0.000,0,0,1.8319,85,170,85,88,80
25,falling,31,524.0,,195.000,226.312,0.00000,7.19280,7.19280,0.000000,0.000000,0,0,2.95800,422.016,3.375,16.000,16.000,16.000,16.000,17.000,0.000,0.000,0,0,1.8319,85,170,85,88,80
25,falling,32,541.0,,195.000,233.826,0.00000,7.36608,7.36608,0.000000,0.000000,0,0,2.95800,422.016,3.375,16.000,16.000,16.000,16.000,17.000,0.000,0.000,0,0,1.8319,85,170,85,88,80
25,falling,33,557.0,,195.000,241.052,0.00000,7.52668,7.52668,0.000000,0.000000,0,0,2.95800,422.016,3.375,16.000,16.000,16.000,16.000,17.000,0.000,0.000,0,0,1.8319,85,170,85,88,80
25,falling,34,574.0,,195.000,248.900,0.00000,7.69485,7.69485,0.000000,0.000000,0,0,2.95800,422.016,3.375,16.000,16.000,16.000,16.000,17.000,0.000,0.000,0,0,1.8319,85,170,85,88,80
25,falling,35,591.0,,195.000,256.918,0.00000,7.86045,7.86045,0.000000,0.000000,0,0,2.95800,422.016,3.375,16.000,16.000,16.000,16.000,17.000,0.000,0.000,0,0,1.8319,85,170,85,88,80
25,falling,36,608.0,,195.000,264.611,0.00000,8.01393,8.01393,0.000000,0.000000,0,0,2.95800,422.016,3.375,16.000,16.000,16.000,16.000,17.000,0.000,0.000,0,0,1.8319,85,170,85,88,80
25,falling,37,624.0,,195.000,272.949,0.00000,8.17465,8.17465,0.000000,0.000000,0,0,2.95800,422.016,3.375,16.000,16.000,16.000,16.000,17.000,0.000,0.000,0,0,1.8319,85,170,85,88,80
25,falling,38,641.0,,195.000,281.449,0.00000,8.33291,8.33291,0.000000,0.000000,0,0,2.95800,422.016,3.375,16.000,16.000,16.000,16.000,17.000,0.000,0.000,0,0,1.8319,85,170,85,88,80
25,falling,39,657.0,,195.000,289.589,0.00000,8.47958,8.47958,0.000000,0.000000,0,0,2.95800,422.016,3.375,16.000,16.000,16.000,16.000,17.000,0.000,0.000,0,0,1.8319,85,170,85,88,80
25,falling,40,674.0,,195.000,298.395,0.00000,8.63318,8.63318,0.000000,0.000000,0,0,2.95800,422.016,3.375,16.000,16.000,16.000,16.000,17.000,0.000,0.000,0,0,1.8319,85,170,85,88,80
25,falling,41,691.0,,195.000,306.820,0.00000,8.77553,8.77553,0.000000,0.000000,0,0,2.95800,422.016,3.375,16.000,16.000,16.000,16.000,17.000,0.000,0.000,0,0,1.8319,85,170,85,88,80
25,falling,42,708.0,,195.000,315.923,0.00000,8.92460,8.92460,0.000000,0.000000,0,0,2.95800,422.016,3.375,16.000,16.000,16.000,16.000,17.000,0.000,0.000,0,0,1.8319,85,170,85,88,80
25,falling,43,724.0,,195.000,325.176,0.00000,9.07138,9.07138,0.000000,0.000000,0,0,2.95800,422.016,3.375,16.000,16.000,16.000,16.000,17.000,0.000,0.000,0,0,1.8319,85,170,85,88,80
25,falling,44,741.0,,195.000,334.576,0.00000,9.21592,9.21592,0.000000,0.000000,0,0,2.95800,422.016,3.375,16.000,16.000,16.000,16.000,17.000,0.000,0.000,0,0,1.8319,85,170,85,88,80
25,falling,45,757.0,,195.000,343.552,0.00000,9.34988,9.34988,0.000000,0.000000,0,0,2.95800,422.016,3.375,16.000,16.000,16.000,16.000,17.000,0.000,0.000,0,0,1.8319,85,170,85,88,80
25,falling,46,774.0,,195.000,353.232,0.00000,9.49016,9.49016,0.000000,0.000000,0,0,2.95800,422.016,3.375,16.000,16.000,16.000,16.000,17.000,0.000,0.000,0,0,1.8319,85,170,85,88,80
25,falling,47,791.0,,195.000,363.053,0.00000,9.62830,9.62830,0.000000,0.000000,0,0,2.95800,422.016,3.375,16.000,16.000,16.000,16.000,17.000,0.000,0.000,0,0,1.8319,85,170,85,88,80
25,falling,48,807.0,,195.000,372.419,0.00000,9.75631,9.75631,0.000000,0.000000,0,0,2.95800,422.016,3.375,16.000,16.000,16.000,16.000,17.000,0.000,0.000,0,0,1.8319,85,170,85,88,80
25,falling,49,824.0,,195.000,382.507,0.00000,9.89038,9.89038,0.000000,0.000000,0,0,2.95800,422.016,3.375,16.000,16.000,16.000,16.000,17.000,0.000,0.000,0,0,1.8319,85,170,85,88,80
25,falling,50,841.0,,195.000,392.121,0.00000,10.01462,10.01462,0.000000,0.000000,0,0,2.95800,422.016,3.375,16.000,16.000,16.000,16.000,17.000,0.000,0.000,0,0,1.8319,85,170,85,88,80
25,falling,51,857.0,,195.000,402.469,0.00000,10.14473,10.14473,0.000000,0.000000,0,0,2.95800,422.016,3.375,16.000,16.000,16.000,16.000,17.000,0.000,0.000,0,0,1.8319,85,170,85,88,80
25,falling,52,874.0,,195.000,412.947,0.00000,10.27285,10.27285,0.000000,0.000000,0,0,2.95800,422.016,3.375,16.000,16.000,16.000,16.000,17.000,0.000,0.000,0,0,1.8319,85,170,85,88,80
25,falling,53,891.0,,195.000,422.923,0.00000,10.39159,10.39159,0.000000,0.000000,0,0,2.95800,422.016,3.375,16.000,16.000,16.000,16.000,17.000,0.000,0.000,0,0,1.8319,85,170,85,88,80
25,falling,54,907.0,,195.000,433.649,0.00000,10.51593,10.51593,0.000000,0.000000,0,0,2.95800,422.016,3.375,16.000,16.000,16.000,16.000,17.000,0.000,0.000,0,0,1.8319,85,170,85,88,80
25,falling,55,924.0,,195.000,444.500,0.00000,10.63837,10.63837,0.000000,0.000000,0,0,2.95800,422.016,3.375,16.000,16.000,16.000,16.000,17.000,0.000,0.000,0,0,1.8319,85,170,85,88,80
25,falling,56,941.0,,195.000,454.822,0.00000,10.75184,10.75184,0.000000,0.000000,0,0,2.95800,422.016,3.375,16.000,16.000,16.000,16.000,17.000,0.000,0.000,0,0,1.8319,85,170,85,88,80
25,falling,57,957.0,,195.000,465.910,0.00000,10.87067,10.87067,0.000000,0.000000,0,0,2.95800,422.016,3.375,16.000,16.000,16.000,16.000,17.000,0.000,0.000,0,0,1.8319,85,170,85,88,80
25,falling,58,974.0,,195.000,477.117,0.00000,10.98769,10.98769,0.000000,0.000000,0,0,2.95800,422.016,3.375,16.000,16.000,16.000,16.000,17.000,0.000,0.000,0,0,1.8319,85,170,85,88,80
25,post_landing,59,991.0,59,195.000,482.178,1.48661,-2.48884,2.89902,0.110419,0.000000,0,1,2.95800,422.016,3.375,16.000,16.000,16.000,16.000,17.000,0.000,0.000,0,15,1.8319,85,170,85,88,80
25,post_landing,60,1008.0,59,196.493,479.265,2.84546,-2.68037,3.90910,-0.002892,0.110904,0,1,2.95800,422.016,3.375,16.000,16.123,16.234,16.234,16.898,0.000,0.000,0,3,1.8319,85,170,85,88,80
25,post_landing,61,1024.0,59,199.351,476.300,2.80193,-2.35603,3.66083,-0.002848,0.107999,0,0,2.95800,422.016,3.375,16.000,16.122,16.230,16.230,16.877,0.000,0.000,0,0,1.8319,85,170,85,88,80
25,post_landing,62,1041.0,59,202.002,473.877,2.76158,-2.05543,3.44255,-0.002807,0.105304,0,0,2.95800,422.016,3.375,16.000,16.122,16.227,16.227,16.857,0.000,0.000,0,0,1.8319,85,170,85,88,80
25,post_landing,63,1057.0,59,204.776,471.742,2.71933,-1.74065,3.22872,-0.002764,0.102485,0,0,2.95800,422.016,3.375,16.000,16.121,16.223,16.223,16.837,0.000,0.000,0,0,1.8319,85,170,85,88,80
25,post_landing,64,1074.0,59,207.507,469.995,2.67772,-1.43069,3.03596,-0.002722,0.099708,0,0,2.95800,422.016,3.375,16.000,16.120,16.219,16.219,16.816,0.000,0.000,0,0,1.8319,85,170,85,88,80
25,post_landing,65,1091.0,59,210.041,468.667,2.63916,-1.14342,2.87621,-0.002683,0.097133,0,0,2.95800,422.016,3.375,16.000,16.119,16.216,16.216,16.797,0.000,0.000,0,0,1.8319,85,170,85,88,80
25,post_landing,66,1107.0,59,212.692,467.624,2.59878,-0.84259,2.73196,-0.002642,0.094439,0,0,2.95800,422.016,3.375,16.000,16.117,16.212,16.212,16.777,0.000,0.000,0,0,1.8319,85,170,85,88,80
25,post_landing,67,1124.0,59,215.302,466.919,2.55902,-0.54636,2.61670,-0.002601,0.091786,0,0,2.95800,422.016,3.375,16.000,16.116,16.208,16.208,16.758,0.000,0.000,0,0,1.8319,85,170,85,88,80
25,post_landing,68,1141.0,59,217.723,466.540,2.52217,-0.27183,2.53678,-0.002564,0.089324,0,0,2.95800,422.016,3.375,16.000,16.115,16.204,16.204,16.739,0.000,0.000,0,0,1.8319,85,170,85,88,80
25,post_landing,69,1158.0,59,220.256,466.462,2.48358,0.01566,2.48363,-0.002524,0.086750,0,0,2.95800,422.016,3.375,16.000,16.113,16.200,16.200,16.720,0.000,0.000,0,0,1.8319,85,170,85,88,80
25,post_landing,70,1174.0,59,222.751,466.767,2.44558,0.29876,2.46376,-0.002486,0.084214,0,0,2.95800,422.016,3.375,16.000,16.112,16.196,16.196,16.700,0.000,0.000,0,0,1.8319,85,170,85,88,80
25,post_landing,71,1191.0,59,225.065,467.305,2.41037,0.56112,2.47482,-0.002450,0.081862,0,0,2.95800,422.016,3.375,16.000,16.110,16.192,16.192,16.682,0.000,0.000,0,0,1.8319,85,170,85,88,80
25,post_landing,72,1208.0,59,227.486,468.158,2.37349,0.83587,2.51637,-0.002413,0.079401,0,0,2.95800,422.016,3.375,16.000,16.108,16.188,16.188,16.663,0.000,0.000,0,0,1.8319,85,170,85,88,80
25,post_landing,73,1224.0,59,229.870,469.287,2.33717,1.10641,2.58583,-0.002376,0.076978,0,0,2.95800,422.016,3.375,16.000,16.106,16.183,16.183,16.645,0.000,0.000,0,0,1.8319,85,170,85,88,80
25,post_landing,74,1241.0,59,232.081,470.589,2.30352,1.35715,2.67358,-0.002341,0.074730,0,0,2.95800,422.016,3.375,16.000,16.105,16.179,16.179,16.627,0.000,0.000,0,0,1.8319,85,170,85,88,80
25,post_landing,75,1258.0,59,234.395,472.242,2.26828,1.61972,2.78721,-0.002306,0.072379,0,0,2.95800,422.016,3.375,16.000,16.103,16.175,16.175,16.609,0.000,0.000,0,0,1.8319,85,170,85,88,80
25,post_landing,76,1274.0,59,236.673,474.157,2.23357,1.87827,2.91834,-0.002270,0.070063,0,0,2.95800,422.016,3.375,16.000,16.101,16.171,16.171,16.591,0.000,0.000,0,0,1.8319,85,170,85,88,80
25,post_landing,77,1291.0,59,238.786,476.191,2.20141,2.11789,3.05477,-0.002238,0.067915,0,0,2.95800,422.016,3.375,16.000,16.099,16.167,16.167,16.574,0.000,0.000,0,0,1.8319,85,170,85,88,80
25,post_landing,78,1308.0,59,240.997,478.607,2.16773,2.36882,3.21097,-0.002203,0.065667,0,0,2.95800,422.016,3.375,16.000,16.031,16.097,16.162,16.556,0.000,0.000,0,0,1.8319,85,170,85,88,80
25,post_landing,79,1324.0,59,243.175,479.617,1.53139,-0.65055,1.66385,0.151033,0.063454,0,1,2.95800,422.016,3.375,16.000,16.031,16.095,16.158,16.158,0.000,0.000,0,6,1.8319,85,170,85,88,80
25,post_landing,80,1341.0,59,244.624,479.027,1.52625,-0.20598,1.54009,0.048372,0.206358,0,1,2.95800,422.016,3.375,16.000,3.141,3.346,16.275,17.505,0.000,0.000,0,1,1.8319,85,170,85,88,80
25,post_landing,81,1358.0,59,246.156,478.925,1.50290,0.08050,1.50505,0.047631,0.254942,0,0,2.95800,422.016,3.375,16.000,3.155,3.407,16.239,17.753,0.000,0.000,0,0,1.8319,85,170,85,88,80
25,post_landing,82,1374.0,59,247.666,479.295,1.47990,0.36260,1.52368,0.046903,0.302783,0,0,2.95800,422.016,3.375,16.000,3.162,3.460,16.167,17.956,0.000,0.000,0,0,1.8319,85,170,85,88,80
25,post_landing,83,1391.0,59,249.066,479.894,1.45859,0.62405,1.58648,0.046227,0.347161,0,0,2.95800,422.016,3.375,16.000,0.340,3.501,5.982,18.108,0.000,0.000,0,0,1.8319,85,170,85,88,80
25,post_landing,84,1408.0,59,250.531,480.714,1.22884,0.20005,1.24502,0.048536,0.393591,0,1,2.95800,422.016,3.375,16.000,0.384,3.538,5.925,19.535,0.000,0.000,0,1,1.8319,85,170,85,88,80
25,post_landing,85,1424.0,59,251.765,481.204,1.21004,0.48032,1.30188,0.047793,0.442340,0,0,2.95800,422.016,3.375,16.000,0.428,3.567,5.851,19.644,0.000,0.000,0,0,1.8319,85,170,85,88,80
25,post_landing,86,1441.0,59,252.910,481.914,1.19261,0.74007,1.40358,0.047105,0.487561,0,0,2.95800,422.016,3.375,16.000,0.468,3.587,5.769,21.056,0.000,0.000,0,0,1.8319,85,170,85,88,80
25,post_landing,87,1458.0,59,254.108,482.926,1.68762,-0.10155,1.69067,0.014770,0.534873,0,1,2.95800,422.016,3.375,16.000,0.510,3.600,5.672,21.093,0.000,0.000,0,1,1.8319,85,170,85,88,80
25,post_landing,88,1474.0,59,255.803,483.113,1.66180,0.18334,1.67188,0.014544,0.549708,0,0,2.95800,422.016,3.375,16.000,0.522,3.603,5.639,21.095,0.000,0.000,0,0,1.8319,85,170,85,88,80
25,post_landing,89,1491.0,59,257.472,483.491,1.60938,0.17627,1.61900,-0.002360,0.564315,0,1,2.95800,422.016,3.375,16.000,0.535,3.605,3.605,21.092,0.000,0.000,0,1,1.8319,85,170,85,88,80
25,post_landing,90,1508.0,59,258.995,483.471,1.49434,0.16735,1.50368,-0.001367,0.562082,0,1,2.95800,422.016,3.375,16.000,0.533,3.604,3.604,21.093,0.000,0.000,0,1,1.8319,85,170,85,88,80
25,post_landing,91,1524.0,59,260.496,483.449,1.45594,0.16337,1.46508,-0.008099,0.560709,0,1,2.95800,422.016,3.375,16.000,0.532,3.604,3.604,21.093,0.000,0.000,0,1,1.8319,85,170,85,88,80
25,post_landing,92,1541.0,59,261.874,483.305,1.38482,0.15677,1.39367,-0.006755,0.553045,0,1,2.95800,422.016,3.375,16.000,0.525,3.603,3.603,21.095,0.000,0.000,0,1,1.8319,85,170,85,88,80
25,post_landing,93,1558.0,59,263.265,483.179,1.38633,0.13364,1.39275,-0.010421,0.546261,0,1,2.95800,422.016,3.375,16.000,0.519,3.602,5.646,21.095,0.000,0.000,0,1,1.8319,85,170,85,88,80
25,post_landing,94,1574.0,59,264.657,482.987,1.38568,0.12312,1.39114,-0.011592,0.535794,0,1,2.95800,422.016,3.375,16.000,0.511,3.601,5.670,21.093,0.000,0.000,0,1,1.8319,85,170,85,88,80
25,post_landing,95,1591.0,59,265.968,482.782,1.35419,0.25545,1.37808,-0.018625,0.524826,0,1,2.95800,422.016,3.375,16.000,0.501,3.598,5.694,21.089,0.000,0.000,0,1,1.8319,85,170,85,88,80
25,post_landing,96,1608.0,59,267.328,482.847,1.39967,0.00000,1.39967,0.006463,0.506119,0,1,2.95800,422.016,3.375,16.000,0.485,3.593,5.733,21.076,0.000,0.000,0,2,1.8319,85,170,85,88,80
25,post_landing,97,1624.0,59,268.734,482.565,1.43101,0.22100,1.44797,-0.025387,0.512611,0,1,2.95800,422.016,3.375,16.000,0.490,3.595,5.719,21.081,0.000,0.000,0,1,1.8319,85,170,85,88,80
25,post_landing,98,1641.0,59,270.171,482.529,1.49911,-0.26234,1.52190,0.028767,0.487112,0,1,2.95800,422.016,3.375,16.000,0.468,3.587,5.770,21.055,0.000,0.000,0,2,1.8319,85,170,85,88,80
25,post_landing,99,1658.0,59,271.590,482.551,1.31596,-0.10816,1.32040,0.058209,0.514330,0,1,2.95800,422.016,3.375,16.000,0.492,3.596,5.716,21.083,0.000,0.000,0,1,1.8319,85,170,85,88,80
25,post_landing,100,1674.0,59,272.911,482.742,1.29583,0.17683,1.30783,0.057319,0.572796,0,0,2.95800,422.016,3.375,16.000,0.542,3.605,3.605,21.089,0.000,0.000,0,0,1.8319,85,170,85,88,80
25,post_landing,101,1691.0,59,274.213,483.217,1.27600,0.45745,1.35552,0.056442,0.630366,0,0,2.95800,422.016,3.375,16.000,0.589,3.602,3.602,17.793,0.000,0.000,0,0,1.8319,85,170,85,88,80
25,post_landing,102,1708.0,59,275.420,483.913,1.25763,0.71753,1.44792,0.055629,0.683770,0,0,2.95800,422.016,3.375,16.000,0.632,3.589,3.589,17.802,0.000,0.000,0,0,1.8319,85,170,85,88,80
25,post_landing,103,1724.0,59,276.683,484.928,1.23838,0.98989,1.58539,0.054778,0.739644,0,0,2.95800,422.016,3.375,16.000,0.674,1.348,3.564,15.540,0.000,0.000,0,0,1.8319,85,170,85,88,80
25,post_landing,104,1741.0,59,277.927,486.216,1.21944,1.25808,1.75208,0.053940,0.794662,0,0,2.95800,422.016,3.375,16.000,0.714,1.427,3.542,16.269,0.000,0.000,0,0,1.8319,85,170,85,88,80
25,post_landing,105,1758.0,59,279.081,487.666,1.20188,1.50663,1.92729,0.053163,0.845699,0,0,2.95800,422.016,3.375,16.000,0.748,1.497,3.572,17.025,0.000,0.000,0,0,1.8319,85,170,85,88,80
25,post_landing,106,1774.0,59,280.288,489.471,1.18349,1.76691,2.12664,0.052350,0.899096,0,0,2.95800,422.016,3.375,16.000,0.783,1.566,3.593,17.804,0.000,0.000,0,0,1.8319,85,170,85,88,80
25,post_landing,107,1791.0,59,281.477,491.537,1.16538,2.02321,2.33484,0.051549,0.951675,0,0,2.95800,422.016,3.375,16.000,0.814,1.629,3.604,38.013,0.000,0.000,0,0,1.8319,85,170,85,88,80
25,post_landing,108,1808.0,59,282.580,493.709,1.14860,2.26074,2.53579,0.050806,1.000450,0,0,2.95800,422.016,3.375,16.000,0.842,1.683,11.117,44.102,0.000,0.000,0,0,1.8319,85,170,85,88,80
25,post_landing,109,1824.0,59,283.733,496.270,1.13103,2.50949,2.75259,0.050029,1.051479,0,0,2.95800,422.016,3.375,16.000,1.736,1.736,14.264,54.203,0.000,0.000,0,0,1.8319,85,170,85,88,80
25,post_landing,110,1841.0,59,284.869,498.812,1.17220,0.99550,1.53788,0.026243,1.101728,0,1,2.95800,422.016,3.375,16.000,1.784,1.784,50.977,56.341,0.000,0.000,0,1,1.8319,85,170,85,88,80
25,post_landing,111,1858.0,59,285.978,499.714,0.97538,0.47418,1.08453,0.018262,1.126559,0,1,2.95800,422.016,3.375,16.000,1.806,38.952,53.699,57.740,0.000,0.000,0,1,1.8319,85,170,85,88,80
25,post_landing,112,1874.0,59,286.958,500.376,0.76522,0.28510,0.81660,0.016466,1.144901,0,1,2.95800,422.016,3.375,16.000,35.836,49.740,53.712,57.768,0.000,0.000,0,1,1.8319,85,170,85,88,80
25,post_landing,113,1891.0,59,287.727,500.980,0.60206,0.21435,0.63907,0.013487,1.161439,0,1,2.95800,422.016,3.375,16.000,49.762,51.596,55.145,57.775,0.000,0.000,0,1,1.8319,85,170,85,88,80
25,post_landing,114,1908.0,59,288.296,501.381,0.69634,0.02884,0.69694,-0.000980,1.174200,0,1,2.95800,422.016,3.375,16.000,49.769,52.536,56.076,57.771,0.000,0.000,0,2,1.8319,85,170,85,88,80
25,post_landing,115,1924.0,59,288.996,501.529,0.71878,0.00000,0.71878,-0.012235,1.173215,0,1,2.95800,422.016,3.375,16.000,49.769,52.535,56.075,57.771,0.000,0.000,0,5,1.8319,85,170,85,88,80
25,post_landing,116,1941.0,59,289.718,501.492,0.48873,-0.15984,0.51420,0.000000,1.160927,0,1,2.95800,422.016,3.375,16.000,49.761,51.596,55.144,57.775,0.000,0.000,0,7,1.8319,85,170,85,88,80
25,post_landing,117,1958.0,59,290.180,501.286,0.24426,-0.01985,0.24506,0.022870,1.160927,0,1,2.95800,422.016,3.375,16.000,49.761,51.596,55.144,57.775,0.000,0.000,0,4,1.8319,85,170,85,88,80
25,post_landing,118,1974.0,59,290.425,501.477,-0.17671,0.05791,0.18595,0.050675,1.183897,0,1,2.95800,422.016,3.375,16.000,49.769,52.547,56.080,57.761,0.000,0.000,0,3,1.8319,85,170,85,88,80
26,falling,0,12.0,,195.000,96.964,0.00000,0.53333,0.53333,0.000000,0.000000,0,0,4.03400,1163.861,2.725,11.000,11.000,14.000,17.000,23.000,0.000,0.000,0,0,1.6257,76,152,76,82,72
26,falling,1,14.0,,195.000,96.997,0.00000,0.54952,0.54952,0.000000,0.000000,0,0,4.03400,1163.861,2.725,11.000,11.000,14.000,17.000,41.000,0.000,0.000,0,0,1.6257,76,152,76,82,72
26,falling,2,30.0,,195.000,97.838,0.00000,0.82445,0.82445,0.000000,0.000000,0,0,4.03400,1163.861,2.725,11.000,11.000,14.000,17.000,41.000,0.000,0.000,0,0,1.6257,76,152,76,82,72
26,falling,3,47.0,,195.000,98.955,0.00000,1.09516,1.09516,0.000000,0.000000,0,0,4.03400,1163.861,2.725,11.000,11.000,14.000,17.000,41.000,0.000,0.000,0,0,1.6257,76,152,76,82,72
26,falling,4,63.0,,195.000,100.247,0.00000,1.34606,1.34606,0.000000,0.000000,0,0,4.03400,1163.861,2.725,11.000,11.000,14.000,17.000,41.000,0.000,0.000,0,0,1.6257,76,152,76,82,72
26,falling,5,80.0,,195.000,101.888,0.00000,1.60880,1.60880,0.000000,0.000000,0,0,4.03400,1163.861,2.725,11.000,11.000,14.000,17.000,41.000,0.000,0.000,0,0,1.6257,76,152,76,82,72
26,falling,6,97.0,,195.000,103.793,0.00000,1.86752,1.86752,0.000000,0.000000,0,0,4.03400,1163.861,2.725,11.000,11.000,14.000,17.000,41.000,0.000,0.000,0,0,1.6257,76,152,76,82,72
26,falling,7,114.0,,195.000,105.816,0.00000,2.10729,2.10729,0.000000,0.000000,0,0,4.03400,1163.861,2.725,11.000,11.000,14.000,17.000,41.000,0.000,0.000,0,0,1.6257,76,152,76,82,72
26,falling,8,130.0,,195.000,108.222,0.00000,2.35838,2.35838,0.000000,0.000000,0,0,4.03400,1163.861,2.725,11.000,11.000,14.000,17.000,41.000,0.000,0.000,0,0,1.6257,76,152,76,82,72
26,falling,9,147.0,,195.000,110.879,0.00000,2.60563,2.60563,0.000000,0.000000,0,0,4.03400,1163.861,2.725,11.000,11.000,14.000,17.000,41.000,0.000,0.000,0,0,1.6257,76,152,76,82,72
26,falling,10,164.0,,195.000,113.601,0.00000,2.83478,2.83478,0.000000,0.000000,0,0,4.03400,1163.861,2.725,11.000,11.000,14.000,17.000,41.000,0.000,0.000,0,0,1.6257,76,152,76,82,72
26,falling,11,180.0,,195.000,116.737,0.00000,3.07474,3.07474,0.000000,0.000000,0,0,4.03400,1163.861,2.725,11.000,11.000,14.000,17.000,41.000,0.000,0.000,0,0,1.6257,76,152,76,82,72
26,falling,12,197.0,,195.000,120.114,0.00000,3.31103,3.31103,0.000000,0.000000,0,0,4.03400,1163.861,2.725,11.000,11.000,14.000,17.000,41.000,0.000,0.000,0,0,1.6257,76,152,76,82,72
26,falling,13,214.0,,195.000,123.503,0.00000,3.53002,3.53002,0.000000,0.000000,0,0,4.03400,1163.861,2.725,11.000,11.000,14.000,17.000,41.000,0.000,0.000,0,0,1.6257,76,152,76,82,72
26,falling,14,230.0,,195.000,127.338,0.00000,3.75934,3.75934,0.000000,0.000000,0,0,4.03400,1163.861,2.725,11.000,11.000,14.000,17.000,41.000,0.000,0.000,0,0,1.6257,76,152,76,82,72
26,falling,15,247.0,,195.000,131.402,0.00000,3.98516,3.98516,0.000000,0.000000,0,0,4.03400,1163.861,2.725,11.000,11.000,14.000,17.000,41.000,0.000,0.000,0,0,1.6257,76,152,76,82,72
26,falling,16,263.0,,195.000,135.429,0.00000,4.19444,4.19444,0.000000,0.000000,0,0,4.03400,1163.861,2.725,11.000,11.000,14.000,17.000,41.000,0.000,0.000,0,0,1.6257,76,152,76,82,72
26,falling,17,280.0,,195.000,139.931,0.00000,4.41360,4.41360,0.000000,0.000000,0,0,4.03400,1163.861,2.725,11.000,11.000,14.000,17.000,41.000,0.000,0.000,0,0,1.6257,76,152,76,82,72
26,falling,18,297.0,,195.000,144.653,0.00000,4.62940,4.62940,0.000000,0.000000,0,0,4.03400,1163.861,2.725,11.000,11.000,14.000,17.000,41.000,0.000,0.000,0,0,1.6257,76,152,76,82,72
26,falling,19,314.0,,195.000,149.289,0.00000,4.82941,4.82941,0.000000,0.000000,0,0,4.03400,1163.861,2.725,11.000,11.000,14.000,17.000,41.000,0.000,0.000,0,0,1.6257,76,152,76,82,72
26,falling,20,330.0,,195.000,154.429,0.00000,5.03885,5.03885,0.000000,0.000000,0,0,4.03400,1163.861,2.725,11.000,11.000,14.000,17.000,41.000,0.000,0.000,0,0,1.6257,76,152,76,82,72
26,falling,21,347.0,,195.000,159.779,0.00000,5.24509,5.24509,0.000000,0.000000,0,0,4.03400,1163.861,2.725,11.000,11.000,14.000,17.000,41.000,0.000,0.000,0,0,1.6257,76,152,76,82,72
26,falling,22,364.0,,195.000,164.998,0.00000,5.43623,5.43623,0.000000,0.000000,0,0,4.03400,1163.861,2.725,11.000,11.000,14.000,17.000,41.000,0.000,0.000,0,0,1.6257,76,152,76,82,72
26,falling,23,380.0,,195.000,170.747,0.00000,5.63638,5.63638,0.000000,0.000000,0,0,4.03400,1163.861,2.725,11.000,11.000,14.000,17.000,41.000,0.000,0.000,0,0,1.6257,76,152,76,82,72
26,falling,24,397.0,,195.000,176.697,0.00000,5.83348,5.83348,0.000000,0.000000,0,0,4.03400,1163.861,2.725,11.000,11.000,14.000,17.000,41.000,0.000,0.000,0,0,1.6257,76,152,76,82,72
26,falling,25,413.0,,195.000,182.472,0.00000,6.01615,6.01615,0.000000,0.000000,0,0,4.03400,1163.861,2.725,11.000,11.000,14.000,17.000,41.000,0.000,0.000,0,0,1.6257,76,152,76,82,72
26,falling,26,430.0,,195.000,188.804,0.00000,6.20743,6.20743,0.000000,0.000000,0,0,4.03400,1163.861,2.725,11.000,11.000,14.000,17.000,41.000,0.000,0.000,0,0,1.6257,76,152,76,82,72
26,falling,27,447.0,,195.000,195.328,0.00000,6.39579,6.39579,0.000000,0.000000,0,0,4.03400,1163.861,2.725,11.000,11.000,14.000,17.000,41.000,0.000,0.000,0,0,1.6257,76,152,76,82,72
26,falling,28,464.0,,195.000,201.635,0.00000,6.57036,6.57036,0.000000,0.000000,0,0,4.03400,1163.861,2.725,11.000,11.000,14.000,17.000,41.000,0.000,0.000,0,0,1.6257,76,152,76,82,72
26,falling,29,480.0,,195.000,208.523,0.00000,6.75317,6.75317,0.000000,0.000000,0,0,4.03400,1163.861,2.725,11.000,11.000,14.000,17.000,41.000,0.000,0.000,0,0,1.6257,76,152,76,82,72
26,falling,30,497.0,,195.000,215.595,0.00000,6.93318,6.93318,0.000000,0.000000,0,0,4.03400,1163.861,2.725,11.000,11.000,14.000,17.000,41.000,0.000,0.000,0,0,1.6257,76,152,76,82,72
26,falling,31,514.0,,195.000,222.411,0.00000,7.10000,7.10000,0.000000,0.000000,0,0,4.03400,1163.861,2.725,11.000,11.000,14.000,17.000,41.000,0.000,0.000,0,0,1.6257,76,152,76,82,72
26,falling,32,530.0,,195.000,229.831,0.00000,7.27471,7.27471,0.000000,0.000000,0,0,4.03400,1163.861,2.725,11.000,11.000,14.000,17.000,41.000,0.000,0.000,0,0,1.6257,76,152,76,82,72
26,falling,33,548.0,,195.000,237.427,0.00000,7.44674,7.44674,0.000000,0.000000,0,0,4.03400,1163.861,2.725,11.000,11.000,14.000,17.000,41.000,0.000,0.000,0,0,1.6257,76,152,76,82,72
26,falling,34,564.0,,195.000,244.729,0.00000,7.60617,7.60617,0.000000,0.000000,0,0,4.03400,1163.861,2.725,11.000,11.000,14.000,17.000,41.000,0.000,0.000,0,0,1.6257,76,152,76,82,72
26,falling,35,580.0,,195.000,252.658,0.00000,7.77313,7.77313,0.000000,0.000000,0,0,4.03400,1163.861,2.725,11.000,11.000,14.000,17.000,41.000,0.000,0.000,0,0,1.6257,76,152,76,82,72
26,falling,36,597.0,,195.000,260.754,0.00000,7.93754,7.93754,0.000000,0.000000,0,0,4.03400,1163.861,2.725,11.000,11.000,14.000,17.000,41.000,0.000,0.000,0,0,1.6257,76,152,76,82,72
26,falling,37,614.0,,195.000,268.520,0.00000,8.08990,8.08990,0.000000,0.000000,0,0,4.03400,1163.861,2.725,11.000,11.000,14.000,17.000,41.000,0.000,0.000,0,0,1.6257,76,152,76,82,72
26,falling,38,630.0,,195.000,276.935,0.00000,8.24946,8.24946,0.000000,0.000000,0,0,4.03400,1163.861,2.725,11.000,11.000,14.000,17.000,41.000,0.000,0.000,0,0,1.6257,76,152,76,82,72
26,falling,39,647.0,,195.000,285.509,0.00000,8.40658,8.40658,0.000000,0.000000,0,0,4.03400,1163.861,2.725,11.000,11.000,14.000,17.000,41.000,0.000,0.000,0,0,1.6257,76,152,76,82,72
26,falling,40,664.0,,195.000,293.719,0.00000,8.55219,8.55219,0.000000,0.000000,0,0,4.03400,1163.861,2.725,11.000,11.000,14.000,17.000,41.000,0.000,0.000,0,0,1.6257,76,152,76,82,72
26,falling,41,680.0,,195.000,302.598,0.00000,8.70467,8.70467,0.000000,0.000000,0,0,4.03400,1163.861,2.725,11.000,11.000,14.000,17.000,41.000,0.000,0.000,0,0,1.6257,76,152,76,82,72
26,falling,42,697.0,,195.000,311.630,0.00000,8.85482,8.85482,0.000000,0.000000,0,0,4.03400,1163.861,2.725,11.000,11.000,14.000,17.000,41.000,0.000,0.000,0,0,1.6257,76,152,76,82,72
26,falling,43,714.0,,195.000,320.264,0.00000,8.99398,8.99398,0.000000,0.000000,0,0,4.03400,1163.861,2.725,11.000,11.000,14.000,17.000,41.000,0.000,0.000,0,0,1.6257,76,152,76,82,72
26,falling,44,730.0,,195.000,329.587,0.00000,9.13971,9.13971,0.000000,0.000000,0,0,4.03400,1163.861,2.725,11.000,11.000,14.000,17.000,41.000,0.000,0.000,0,0,1.6257,76,152,76,82,72
26,falling,45,747.0,,195.000,339.056,0.00000,9.28320,9.28320,0.000000,0.000000,0,0,4.03400,1163.861,2.725,11.000,11.000,14.000,17.000,41.000,0.000,0.000,0,0,1.6257,76,152,76,82,72
26,falling,46,764.0,,195.000,348.095,0.00000,9.41619,9.41619,0.000000,0.000000,0,0,4.03400,1163.861,2.725,11.000,11.000,14.000,17.000,41.000,0.000,0.000,0,0,1.6257,76,152,76,82,72
26,falling,47,780.0,,195.000,357.842,0.00000,9.55546,9.55546,0.000000,0.000000,0,0,4.03400,1163.861,2.725,11.000,11.000,14.000,17.000,41.000,0.000,0.000,0,0,1.6257,76,152,76,82,72
26,falling,48,797.0,,195.000,367.728,0.00000,9.69259,9.69259,0.000000,0.000000,0,0,4.03400,1163.861,2.725,11.000,11.000,14.000,17.000,41.000,0.000,0.000,0,0,1.6257,76,152,76,82,72
26,falling,49,814.0,,195.000,377.155,0.00000,9.81969,9.81969,0.000000,0.000000,0,0,4.03400,1163.861,2.725,11.000,11.000,14.000,17.000,41.000,0.000,0.000,0,0,1.6257,76,152,76,82,72
26,falling,50,830.0,,195.000,387.307,0.00000,9.95278,9.95278,0.000000,0.000000,0,0,4.03400,1163.861,2.725,11.000,11.000,14.000,17.000,41.000,0.000,0.000,0,0,1.6257,76,152,76,82,72
26,falling,51,847.0,,195.000,397.593,0.00000,10.08383,10.08383,0.000000,0.000000,0,0,4.03400,1163.861,2.725,11.000,11.000,14.000,17.000,41.000,0.000,0.000,0,0,1.6257,76,152,76,82,72
26,falling,52,864.0,,195.000,407.390,0.00000,10.20529,10.20529,0.000000,0.000000,0,0,4.03400,1163.861,2.725,11.000,11.000,14.000,17.000,41.000,0.000,0.000,0,0,1.6257,76,152,76,82,72
26,falling,53,880.0,,195.000,417.929,0.00000,10.33249,10.33249,0.000000,0.000000,0,0,4.03400,1163.861,2.725,11.000,11.000,14.000,17.000,41.000,0.000,0.000,0,0,1.6257,76,152,76,82,72
26,falling,54,897.0,,195.000,428.596,0.00000,10.45773,10.45773,0.000000,0.000000,0,0,4.03400,1163.861,2.725,11.000,11.000,14.000,17.000,41.000,0.000,0.000,0,0,1.6257,76,152,76,82,72
26,falling,55,913.0,,195.000,438.747,0.00000,10.57381,10.57381,0.000000,0.000000,0,0,4.03400,1163.861,2.725,11.000,11.000,14.000,17.000,41.000,0.000,0.000,0,0,1.6257,76,152,76,82,72
26,falling,56,930.0,,195.000,449.656,0.00000,10.69536,10.69536,0.000000,0.000000,0,0,4.03400,1163.861,2.725,11.000,11.000,14.000,17.000,41.000,0.000,0.000,0,0,1.6257,76,152,76,82,72
26,falling,57,947.0,,195.000,460.687,0.00000,10.81506,10.81506,0.000000,0.000000,0,0,4.03400,1163.861,2.725,11.000,11.000,14.000,17.000,41.000,0.000,0.000,0,0,1.6257,76,152,76,82,72
26,falling,58,964.0,,195.000,471.176,0.00000,10.92599,10.92599,0.000000,0.000000,0,0,4.03400,1163.861,2.725,11.000,11.000,14.000,17.000,41.000,0.000,0.000,0,0,1.6257,76,152,76,82,72
26,falling,59,980.0,,195.000,482.439,0.00000,11.04215,11.04215,0.000000,0.000000,0,0,4.03400,1163.861,2.725,11.000,11.000,14.000,17.000,41.000,0.000,0.000,0,0,1.6257,76,152,76,82,72
26,post_landing,60,997.0,60,195.000,489.440,1.02770,-0.75516,1.27532,-0.021155,0.000000,0,1,4.03400,1163.861,2.725,11.000,11.000,14.000,17.000,41.000,0.000,0.000,0,14,1.6257,76,152,76,82,72
26,post_landing,61,1014.0,60,195.972,485.634,-0.07138,-0.26269,0.27222,0.064575,-0.020016,0,1,4.03400,1163.861,2.725,11.000,9.018,13.017,15.017,22.995,0.000,0.000,0,6,1.6257,76,152,76,82,72
26,post_landing,62,1030.0,60,195.901,484.658,0.14019,-0.04568,0.14745,0.021812,0.044842,0,1,4.03400,1163.861,2.725,11.000,6.039,12.033,17.073,43.136,0.000,0.000,0,2,1.6257,76,152,76,82,72
26,post_landing,63,1047.0,60,196.042,484.534,0.23578,-0.06243,0.24391,0.012074,0.066750,0,1,4.03400,1163.861,2.725,11.000,6.053,12.040,17.096,44.236,0.000,0.000,0,1,1.6257,76,152,76,82,72
26,post_landing,64,1064.0,60,196.265,484.713,0.31252,0.00000,0.31252,0.003863,0.078174,0,1,4.03400,1163.861,2.725,11.000,6.060,12.041,17.104,44.256,0.000,0.000,0,1,1.6257,76,152,76,82,72
26,post_landing,65,1080.0,60,196.578,484.791,0.32347,-0.10762,0.34090,0.010855,0.082054,0,1,4.03400,1163.861,2.725,11.000,6.062,12.042,17.107,44.262,0.000,0.000,0,1,1.6257,76,152,76,82,72
26,post_landing,66,1097.0,60,196.903,484.953,0.32274,-0.09017,0.33510,0.021072,0.092957,0,1,4.03400,1163.861,2.725,11.000,6.067,12.041,17.112,44.367,0.000,0.000,0,1,1.6257,76,152,76,82,72
26,post_landing,67,1114.0,60,197.209,485.124,0.31809,0.17780,0.36441,0.020769,0.112895,0,0,4.03400,1163.861,2.725,11.000,6.074,7.181,17.117,44.396,0.000,0.000,0,0,1.6257,76,152,76,82,72
26,post_landing,68,1130.0,60,197.528,485.592,0.31322,0.45841,0.55520,0.020451,0.133755,0,0,4.03400,1163.861,2.725,11.000,6.080,7.204,19.230,44.540,0.000,0.000,0,0,1.6257,76,152,76,82,72
26,post_landing,69,1147.0,60,197.843,486.048,0.62763,-0.03563,0.62864,0.011798,0.154296,0,1,4.03400,1163.861,2.725,11.000,6.082,7.224,40.447,44.707,0.000,0.000,0,1,1.6257,76,152,76,82,72
26,post_landing,70,1164.0,60,198.437,486.237,0.71785,0.05496,0.71995,0.000000,0.165459,0,1,4.03400,1163.861,2.725,11.000,6.083,7.234,42.579,44.717,0.000,0.000,0,1,1.6257,76,152,76,82,72
26,post_landing,71,1180.0,60,199.158,486.260,0.59135,0.09733,0.59931,0.006190,0.165459,0,1,4.03400,1163.861,2.725,11.000,6.083,7.234,42.579,44.717,0.000,0.000,0,1,1.6257,76,152,76,82,72
26,post_landing,72,1197.0,60,199.752,486.376,0.51069,0.01874,0.51104,0.013756,0.171677,0,1,4.03400,1163.861,2.725,11.000,6.083,7.239,42.578,44.720,0.000,0.000,0,1,1.6257,76,152,76,82,72
26,post_landing,73,1214.0,60,200.235,486.610,0.46722,0.02518,0.46789,0.012275,0.184693,0,1,4.03400,1163.861,2.725,11.000,6.082,7.248,43.738,44.721,0.000,0.000,0,1,1.6257,76,152,76,82,72
26,post_landing,74,1230.0,60,200.704,486.858,0.43595,0.01535,0.43622,0.012721,0.197022,0,1,4.03400,1163.861,2.725,11.000,6.080,7.256,41.969,44.715,0.000,0.000,0,1,1.6257,76,152,76,82,72
26,post_landing,75,1247.0,60,201.142,487.116,0.40901,0.03712,0.41069,0.023153,0.209799,0,1,4.03400,1163.861,2.725,11.000,6.077,33.943,41.975,44.701,0.000,0.000,0,1,1.6257,76,152,76,82,72
26,post_landing,76,1264.0,60,201.529,487.408,0.40312,0.30325,0.50445,0.022819,0.231706,0,0,4.03400,1163.861,2.725,11.000,6.069,36.131,42.201,44.661,0.000,0.000,0,0,1.6257,76,152,76,82,72
26,post_landing,77,1280.0,60,201.934,488.001,0.39696,0.58195,0.70444,0.022470,0.254626,0,0,4.03400,1163.861,2.725,11.000,32.267,37.358,42.449,44.596,0.000,0.000,0,0,1.6257,76,152,76,82,72
26,post_landing,78,1297.0,60,202.333,488.549,0.93645,-0.46545,1.04574,-0.003481,0.277195,0,1,4.03400,1163.861,2.725,11.000,32.280,37.362,42.719,44.369,0.000,0.000,0,3,1.6257,76,152,76,82,72
26,post_landing,79,1314.0,60,203.219,488.354,0.49063,-0.23723,0.54498,0.015058,0.273901,0,1,4.03400,1163.861,2.725,11.000,32.279,37.363,42.447,44.372,0.000,0.000,0,1,1.6257,76,152,76,82,72
26,post_landing,80,1330.0,60,203.711,488.257,0.64751,-0.15040,0.66475,-0.006858,0.289025,0,1,4.03400,1163.861,2.725,11.000,32.279,37.357,38.212,44.352,0.000,0.000,0,1,1.6257,76,152,76,82,72
26,post_landing,81,1347.0,60,204.362,488.302,0.70577,-0.10767,0.71394,-0.011685,0.282136,0,1,4.03400,1163.861,2.725,11.000,32.280,37.361,42.720,44.362,0.000,0.000,0,1,1.6257,76,152,76,82,72
26,post_landing,82,1364.0,60,205.030,488.406,0.34318,-0.05870,0.34817,0.007928,0.271080,0,1,4.03400,1163.861,2.725,11.000,32.278,37.363,42.448,44.375,0.000,0.000,0,2,1.6257,76,152,76,82,72
26,post_landing,83,1380.0,60,205.374,488.466,0.43896,-0.18722,0.47722,0.003368,0.279043,0,1,4.03400,1163.861,2.725,11.000,32.280,37.362,42.719,44.367,0.000,0.000,0,2,1.6257,76,152,76,82,72
26,post_landing,84,1397.0,60,205.815,488.293,0.18240,-0.02554,0.18418,0.020957,0.282425,0,1,4.03400,1163.861,2.725,11.000,32.280,37.361,42.720,44.362,0.000,0.000,0,1,1.6257,76,152,76,82,72
26,post_landing,85,1414.0,60,205.988,488.335,-0.01295,-0.02351,0.02684,0.027553,0.302254,0,1,4.03400,1163.861,2.725,11.000,32.274,33.824,38.238,44.325,0.000,0.000,0,2,1.6257,76,152,76,82,72
26,post_landing,86,1430.0,60,205.975,488.139,0.45525,-0.04151,0.45713,-0.027759,0.329928,0,1,4.03400,1163.861,2.725,11.000,4.432,33.838,38.270,44.245,0.000,0.000,0,2,1.6257,76,152,76,82,72
26,post_landing,87,1447.0,60,206.432,488.174,0.08326,0.13249,0.15648,0.009388,0.302047,0,1,4.03400,1163.861,2.725,11.000,32.274,33.824,38.237,44.326,0.000,0.000,0,1,1.6257,76,152,76,82,72
26,post_landing,88,1464.0,60,206.511,488.270,-1.13929,0.18219,1.15376,0.117956,0.310929,0,1,4.03400,1163.861,2.725,11.000,4.420,33.831,38.251,44.304,0.000,0.000,0,2,1.6257,76,152,76,82,72
26,post_landing,89,1480.0,60,205.366,487.814,-0.19320,0.21660,0.29024,0.008383,0.429404,0,1,4.03400,1163.861,2.725,11.000,4.470,4.886,5.718,38.144,0.000,0.000,0,3,1.6257,76,152,76,82,72
26,post_landing,90,1497.0,60,205.172,487.780,-0.28574,0.10667,0.30501,0.013872,0.437823,0,1,4.03400,1163.861,2.725,11.000,4.471,4.895,5.743,38.116,0.000,0.000,0,3,1.6257,76,152,76,82,72
26,post_landing,91,1514.0,60,204.902,487.729,-0.17290,-0.06887,0.18611,-0.001036,0.450948,0,1,4.03400,1163.861,2.725,11.000,4.472,4.908,5.779,38.067,0.000,0.000,0,3,1.6257,76,152,76,82,72
26,post_landing,92,1530.0,60,204.728,487.575,-0.42135,0.09876,0.43277,0.023447,0.449907,0,1,4.03400,1163.861,2.725,11.000,4.472,4.907,5.776,38.071,0.000,0.000,0,2,1.6257,76,152,76,82,72
26,post_landing,93,1547.0,60,204.305,487.661,-0.34092,0.05312,0.34503,0.012302,0.473457,0,1,4.03400,1163.861,2.725,11.000,4.472,4.928,5.840,37.967,0.000,0.000,0,3,1.6257,76,152,76,82,72
26,post_landing,94,1564.0,60,203.983,487.630,-0.07302,0.22735,0.23879,-0.013834,0.485098,0,1,4.03400,1163.861,2.725,11.000,4.471,4.937,5.870,35.817,0.000,0.000,0,3,1.6257,76,152,76,82,72
26,post_landing,95,1580.0,60,203.909,487.667,0.18870,-0.03463,0.19185,-0.036884,0.471203,0,1,4.03400,1163.861,2.725,11.000,4.472,4.926,5.834,37.978,0.000,0.000,0,3,1.6257,76,152,76,82,72
26,post_landing,96,1597.0,60,204.099,487.642,-0.10558,-0.02618,0.10877,-0.004267,0.434157,0,1,4.03400,1163.861,2.725,11.000,4.470,4.891,5.732,38.128,0.000,0.000,0,2,1.6257,76,152,76,82,72
26,post_landing,97,1614.0,60,203.999,487.649,-0.07283,0.08556,0.11236,-0.006541,0.430119,0,1,4.03400,1163.861,2.725,11.000,4.470,4.887,5.721,38.142,0.000,0.000,0,2,1.6257,76,152,76,82,72
26,post_landing,98,1630.0,60,203.926,487.658,-0.34227,-0.02698,0.34333,0.015674,0.423549,0,1,4.03400,1163.861,2.725,11.000,4.469,4.880,5.702,38.162,0.000,0.000,0,2,1.6257,76,152,76,82,72
26,post_landing,99,1647.0,60,203.582,487.627,-0.20012,0.00000,0.20012,-0.001791,0.439292,0,1,4.03400,1163.861,2.725,11.000,4.471,4.896,5.747,38.111,0.000,0.000,0,2,1.6257,76,152,76,82,72
26,post_landing,100,1664.0,60,203.393,487.627,-0.24289,-0.03772,0.24581,0.001073,0.437598,0,1,4.03400,1163.861,2.725,11.000,4.471,4.894,5.742,38.117,0.000,0.000,0,2,1.6257,76,152,76,82,72
26,post_landing,101,1680.0,60,203.149,487.626,-0.37332,0.14305,0.39979,0.014660,0.438676,0,1,4.03400,1163.861,2.725,11.000,4.471,4.895,5.745,38.113,0.000,0.000,0,2,1.6257,76,152,76,82,72
26,post_landing,102,1697.0,60,202.774,487.723,-0.39312,0.07276,0.39980,0.013456,0.453400,0,1,4.03400,1163.861,2.725,11.000,4.472,4.910,5.786,38.057,0.000,0.000,0,3,1.6257,76,152,76,82,72
26,post_landing,103,1714.0,60,202.402,487.680,-0.12795,-0.04620,0.13604,-0.015933,0.466131,0,1,4.03400,1163.861,2.725,11.000,4.472,4.922,5.820,38.002,0.000,0.000,0,3,1.6257,76,152,76,82,72
26,post_landing,104,1730.0,60,202.273,487.598,-0.02682,0.00000,0.02682,-0.022050,0.450128,0,1,4.03400,1163.861,2.725,11.000,4.472,4.907,5.777,38.070,0.000,0.000,0,2,1.6257,76,152,76,82,72
26,post_landing,105,1747.0,60,202.246,487.659,-0.23110,-0.02780,0.23277,0.000000,0.427982,0,1,4.03400,1163.861,2.725,11.000,4.469,4.884,5.714,38.148,0.000,0.000,0,2,1.6257,76,152,76,82,72
26,post_landing,106,1764.0,60,202.028,487.657,-0.30644,-0.04026,0.30908,0.005493,0.427982,0,1,4.03400,1163.861,2.725,11.000,4.469,4.884,5.714,38.148,0.000,0.000,0,2,1.6257,76,152,76,82,72
26,post_landing,107,1780.0,60,201.720,487.643,-0.29295,0.07784,0.30312,0.004227,0.433499,0,1,4.03400,1163.861,2.725,11.000,4.470,4.890,5.730,38.131,0.000,0.000,0,2,1.6257,76,152,76,82,72
26,post_landing,108,1797.0,60,201.426,487.610,-0.39533,-0.04605,0.39800,0.011132,0.437745,0,1,4.03400,1163.861,2.725,11.000,4.471,4.895,5.742,38.116,0.000,0.000,0,2,1.6257,76,152,76,82,72
26,post_landing,109,1814.0,60,201.052,487.594,-0.40105,0.12424,0.41986,0.011547,0.448278,0,1,4.03400,1163.861,2.725,11.000,4.472,4.905,5.772,38.077,0.000,0.000,0,2,1.6257,76,152,76,82,72
26,post_landing,110,1830.0,60,200.649,487.701,-0.33358,0.00000,0.33358,0.001541,0.459876,0,1,4.03400,1163.861,2.725,11.000,4.472,4.916,5.804,38.030,0.000,0.000,0,3,1.6257,76,152,76,82,72
26,post_landing,111,1847.0,60,200.314,487.697,-0.34051,0.12927,0.36422,0.003786,0.461423,0,1,4.03400,1163.861,2.725,11.000,4.472,4.917,5.808,38.023,0.000,0.000,0,3,1.6257,76,152,76,82,72
26,post_landing,112,1864.0,60,199.991,487.684,-0.07568,0.12369,0.14501,-0.021286,0.465006,0,1,4.03400,1163.861,2.725,11.000,4.472,4.921,5.817,38.007,0.000,0.000,0,3,1.6257,76,152,76,82,72
26,post_landing,113,1880.0,60,199.915,487.758,-0.55468,-0.03473,0.55577,0.024752,0.443626,0,1,4.03400,1163.861,2.725,11.000,4.471,4.900,5.759,38.095,0.000,0.000,0,3,1.6257,76,152,76,82,72
26,post_landing,114,1897.0,60,199.358,487.675,-0.66526,-0.04733,0.66694,0.029571,0.468487,0,1,4.03400,1163.861,2.725,11.000,4.472,4.924,5.827,37.991,0.000,0.000,0,3,1.6257,76,152,76,82,72
26,post_landing,115,1914.0,60,198.729,487.624,-0.11079,-0.02335,0.11323,-0.026800,0.496467,0,1,4.03400,1163.861,2.725,11.000,4.470,4.946,5.899,35.831,0.000,0.000,0,3,1.6257,76,152,76,82,72
26,post_landing,116,1930.0,60,198.618,487.553,-0.04688,-0.03531,0.05869,-0.027419,0.469549,0,1,4.03400,1163.861,2.725,11.000,4.472,4.925,5.830,37.986,0.000,0.000,0,2,1.6257,76,152,76,82,72
26,post_landing,117,1947.0,60,198.571,487.611,-0.20437,0.07962,0.21933,-0.006347,0.442009,0,1,4.03400,1163.861,2.725,11.000,4.471,4.899,5.754,38.101,0.000,0.000,0,2,1.6257,76,152,76,82,72
26,post_landing,118,1964.0,60,198.377,487.636,-0.21623,-0.01525,0.21677,-0.004406,0.436004,0,1,4.03400,1163.861,2.725,11.000,4.470,4.893,5.737,38.122,0.000,0.000,0,2,1.6257,76,152,76,82,72
26,post_landing,119,1980.0,60,198.160,487.649,0.16002,-0.02619,0.16215,-0.039977,0.431579,0,1,4.03400,1163.861,2.725,11.000,4.470,4.888,5.725,38.137,0.000,0.000,0,2,1.6257,76,152,76,82,72
27,falling,0,13.0,,195.000,96.724,0.00000,0.46667,0.46667,0.000000,0.000000,0,0,4.88000,2744.433,3.428,6.000,6.000,9.000,12.000,12.000,0.000,0.000,0,0,1.1545,66,132,66,70,66
27,falling,1,19.0,,195.000,96.888,0.00000,0.54790,0.54790,0.000000,0.000000,0,0,4.88000,2744.433,3.428,6.000,6.000,9.000,12.000,12.000,0.000,0.000,0,0,1.1545,66,132,66,70,66
27,falling,2,35.0,,195.000,97.728,0.00000,0.82285,0.82285,0.000000,0.000000,0,0,4.88000,2744.433,3.428,6.000,6.000,9.000,12.000,12.000,0.000,0.000,0,0,1.1545,66,132,66,70,66
27,falling,3,52.0,,195.000,98.843,0.00000,1.09359,1.09359,0.000000,0.000000,0,0,4.88000,2744.433,3.428,6.000,6.000,9.000,12.000,12.000,0.000,0.000,0,0,1.1545,66,132,66,70,66
27,falling,4,69.0,,195.000,100.134,0.00000,1.34451,1.34451,0.000000,0.000000,0,0,4.88000,2744.433,3.428,6.000,6.000,9.000,12.000,12.000,0.000,0.000,0,0,1.1545,66,132,66,70,66
27,falling,5,85.0,,195.000,101.773,0.00000,1.60728,1.60728,0.000000,0.000000,0,0,4.88000,2744.433,3.428,6.000,6.000,9.000,12.000,12.000,0.000,0.000,0,0,1.1545,66,132,66,70,66
27,falling,6,102.0,,195.000,103.677,0.00000,1.86602,1.86602,0.000000,0.000000,0,0,4.88000,2744.433,3.428,6.000,6.000,9.000,12.000,12.000,0.000,0.000,0,0,1.1545,66,132,66,70,66
27,falling,7,119.0,,195.000,105.698,0.00000,2.10581,2.10581,0.000000,0.000000,0,0,4.88000,2744.433,3.428,6.000,6.000,9.000,12.000,12.000,0.000,0.000,0,0,1.1545,66,132,66,70,66
27,falling,8,135.0,,195.000,108.102,0.00000,2.35693,2.35693,0.000000,0.000000,0,0,4.88000,2744.433,3.428,6.000,6.000,9.000,12.000,12.000,0.000,0.000,0,0,1.1545,66,132,66,70,66
27,falling,9,152.0,,195.000,110.759,0.00000,2.60420,2.60420,0.000000,0.000000,0,0,4.88000,2744.433,3.428,6.000,6.000,9.000,12.000,12.000,0.000,0.000,0,0,1.1545,66,132,66,70,66
27,falling,10,169.0,,195.000,113.479,0.00000,2.83337,2.83337,0.000000,0.000000,0,0,4.88000,2744.433,3.428,6.000,6.000,9.000,12.000,12.000,0.000,0.000,0,0,1.1545,66,132,66,70,66
27,falling,11,185.0,,195.000,116.613,0.00000,3.07335,3.07335,0.000000,0.000000,0,0,4.88000,2744.433,3.428,6.000,6.000,9.000,12.000,12.000,0.000,0.000,0,0,1.1545,66,132,66,70,66
27,falling,12,202.0,,195.000,119.989,0.00000,3.30966,3.30966,0.000000,0.000000,0,0,4.88000,2744.433,3.428,6.000,6.000,9.000,12.000,12.000,0.000,0.000,0,0,1.1545,66,132,66,70,66
27,falling,13,219.0,,195.000,123.377,0.00000,3.52867,3.52867,0.000000,0.000000,0,0,4.88000,2744.433,3.428,6.000,6.000,9.000,12.000,12.000,0.000,0.000,0,0,1.1545,66,132,66,70,66
27,falling,14,235.0,,195.000,127.210,0.00000,3.75801,3.75801,0.000000,0.000000,0,0,4.88000,2744.433,3.428,6.000,6.000,9.000,12.000,12.000,0.000,0.000,0,0,1.1545,66,132,66,70,66
27,falling,15,252.0,,195.000,131.273,0.00000,3.98385,3.98385,0.000000,0.000000,0,0,4.88000,2744.433,3.428,6.000,6.000,9.000,12.000,12.000,0.000,0.000,0,0,1.1545,66,132,66,70,66
27,falling,16,269.0,,195.000,135.299,0.00000,4.19315,4.19315,0.000000,0.000000,0,0,4.88000,2744.433,3.428,6.000,6.000,9.000,12.000,12.000,0.000,0.000,0,0,1.1545,66,132,66,70,66
27,falling,17,285.0,,195.000,139.799,0.00000,4.41233,4.41233,0.000000,0.000000,0,0,4.88000,2744.433,3.428,6.000,6.000,9.000,12.000,12.000,0.000,0.000,0,0,1.1545,66,132,66,70,66
27,falling,18,302.0,,195.000,144.520,0.00000,4.62815,4.62815,0.000000,0.000000,0,0,4.88000,2744.433,3.428,6.000,6.000,9.000,12.000,12.000,0.000,0.000,0,0,1.1545,66,132,66,70,66
27,falling,19,319.0,,195.000,149.155,0.00000,4.82817,4.82817,0.000000,0.000000,0,0,4.88000,2744.433,3.428,6.000,6.000,9.000,12.000,12.000,0.000,0.000,0,0,1.1545,66,132,66,70,66
27,falling,20,335.0,,195.000,154.294,0.00000,5.03763,5.03763,0.000000,0.000000,0,0,4.88000,2744.433,3.428,6.000,6.000,9.000,12.000,12.000,0.000,0.000,0,0,1.1545,66,132,66,70,66
27,falling,21,352.0,,195.000,159.642,0.00000,5.24389,5.24389,0.000000,0.000000,0,0,4.88000,2744.433,3.428,6.000,6.000,9.000,12.000,12.000,0.000,0.000,0,0,1.1545,66,132,66,70,66
27,falling,22,369.0,,195.000,164.860,0.00000,5.43505,5.43505,0.000000,0.000000,0,0,4.88000,2744.433,3.428,6.000,6.000,9.000,12.000,12.000,0.000,0.000,0,0,1.1545,66,132,66,70,66
27,falling,23,385.0,,195.000,170.608,0.00000,5.63522,5.63522,0.000000,0.000000,0,0,4.88000,2744.433,3.428,6.000,6.000,9.000,12.000,12.000,0.000,0.000,0,0,1.1545,66,132,66,70,66
27,falling,24,402.0,,195.000,176.557,0.00000,5.83234,5.83234,0.000000,0.000000,0,0,4.88000,2744.433,3.428,6.000,6.000,9.000,12.000,12.000,0.000,0.000,0,0,1.1545,66,132,66,70,66
27,falling,25,419.0,,195.000,182.331,0.00000,6.01502,6.01502,0.000000,0.000000,0,0,4.88000,2744.433,3.428,6.000,6.000,9.000,12.000,12.000,0.000,0.000,0,0,1.1545,66,132,66,70,66
27,falling,26,435.0,,195.000,188.662,0.00000,6.20632,6.20632,0.000000,0.000000,0,0,4.88000,2744.433,3.428,6.000,6.000,9.000,12.000,12.000,0.000,0.000,0,0,1.1545,66,132,66,70,66
27,falling,27,452.0,,195.000,195.184,0.00000,6.39470,6.39470,0.000000,0.000000,0,0,4.88000,2744.433,3.428,6.000,6.000,9.000,12.000,12.000,0.000,0.000,0,0,1.1545,66,132,66,70,66
27,falling,28,468.0,,195.000,201.491,0.00000,6.56928,6.56928,0.000000,0.000000,0,0,4.88000,2744.433,3.428,6.000,6.000,9.000,12.000,12.000,0.000,0.000,0,0,1.1545,66,132,66,70,66
27,falling,29,485.0,,195.000,208.378,0.00000,6.75211,6.75211,0.000000,0.000000,0,0,4.88000,2744.433,3.428,6.000,6.000,9.000,12.000,12.000,0.000,0.000,0,0,1.1545,66,132,66,70,66
27,falling,30,502.0,,195.000,215.449,0.00000,6.93213,6.93213,0.000000,0.000000,0,0,4.88000,2744.433,3.428,6.000,6.000,9.000,12.000,12.000,0.000,0.000,0,0,1.1545,66,132,66,70,66
27,falling,31,519.0,,195.000,222.264,0.00000,7.09898,7.09898,0.000000,0.000000,0,0,4.88000,2744.433,3.428,6.000,6.000,9.000,12.000,12.000,0.000,0.000,0,0,1.1545,66,132,66,70,66
27,falling,32,535.0,,195.000,229.683,0.00000,7.27369,7.27369,0.000000,0.000000,0,0,4.88000,2744.433,3.428,6.000,6.000,9.000,12.000,12.000,0.000,0.000,0,0,1.1545,66,132,66,70,66
27,falling,33,552.0,,195.000,237.278,0.00000,7.44574,7.44574,0.000000,0.000000,0,0,4.88000,2744.433,3.428,6.000,6.000,9.000,12.000,12.000,0.000,0.000,0,0,1.1545,66,132,66,70,66
27,falling,34,569.0,,195.000,244.579,0.00000,7.60519,7.60519,0.000000,0.000000,0,0,4.88000,2744.433,3.428,6.000,6.000,9.000,12.000,12.000,0.000,0.000,0,0,1.1545,66,132,66,70,66
27,falling,35,585.0,,195.000,252.506,0.00000,7.77216,7.77216,0.000000,0.000000,0,0,4.88000,2744.433,3.428,6.000,6.000,9.000,12.000,12.000,0.000,0.000,0,0,1.1545,66,132,66,70,66
27,falling,36,602.0,,195.000,260.602,0.00000,7.93658,7.93658,0.000000,0.000000,0,0,4.88000,2744.433,3.428,6.000,6.000,9.000,12.000,12.000,0.000,0.000,0,0,1.1545,66,132,66,70,66
27,falling,37,619.0,,195.000,268.367,0.00000,8.08896,8.08896,0.000000,0.000000,0,0,4.88000,2744.433,3.428,6.000,6.000,9.000,12.000,12.000,0.000,0.000,0,0,1.1545,66,132,66,70,66
27,falling,38,635.0,,195.000,276.780,0.00000,8.24853,8.24853,0.000000,0.000000,0,0,4.88000,2744.433,3.428,6.000,6.000,9.000,12.000,12.000,0.000,0.000,0,0,1.1545,66,132,66,70,66
27,falling,39,652.0,,195.000,285.354,0.00000,8.40566,8.40566,0.000000,0.000000,0,0,4.88000,2744.433,3.428,6.000,6.000,9.000,12.000,12.000,0.000,0.000,0,0,1.1545,66,132,66,70,66
27,falling,40,668.0,,195.000,293.564,0.00000,8.55129,8.55129,0.000000,0.000000,0,0,4.88000,2744.433,3.428,6.000,6.000,9.000,12.000,12.000,0.000,0.000,0,0,1.1545,66,132,66,70,66
27,falling,41,685.0,,195.000,302.441,0.00000,8.70379,8.70379,0.000000,0.000000,0,0,4.88000,2744.433,3.428,6.000,6.000,9.000,12.000,12.000,0.000,0.000,0,0,1.1545,66,132,66,70,66
27,falling,42,702.0,,195.000,311.472,0.00000,8.85395,8.85395,0.000000,0.000000,0,0,4.88000,2744.433,3.428,6.000,6.000,9.000,12.000,12.000,0.000,0.000,0,0,1.1545,66,132,66,70,66
27,falling,43,719.0,,195.000,320.106,0.00000,8.99312,8.99312,0.000000,0.000000,0,0,4.88000,2744.433,3.428,6.000,6.000,9.000,12.000,12.000,0.000,0.000,0,0,1.1545,66,132,66,70,66
27,falling,44,735.0,,195.000,329.427,0.00000,9.13886,9.13886,0.000000,0.000000,0,0,4.88000,2744.433,3.428,6.000,6.000,9.000,12.000,12.000,0.000,0.000,0,0,1.1545,66,132,66,70,66
27,falling,45,752.0,,195.000,338.895,0.00000,9.28237,9.28237,0.000000,0.000000,0,0,4.88000,2744.433,3.428,6.000,6.000,9.000,12.000,12.000,0.000,0.000,0,0,1.1545,66,132,66,70,66
27,falling,46,769.0,,195.000,347.934,0.00000,9.41537,9.41537,0.000000,0.000000,0,0,4.88000,2744.433,3.428,6.000,6.000,9.000,12.000,12.000,0.000,0.000,0,0,1.1545,66,132,66,70,66
27,falling,47,785.0,,195.000,357.680,0.00000,9.55465,9.55465,0.000000,0.000000,0,0,4.88000,2744.433,3.428,6.000,6.000,9.000,12.000,12.000,0.000,0.000,0,0,1.1545,66,132,66,70,66
27,falling,48,802.0,,195.000,367.566,0.00000,9.69180,9.69180,0.000000,0.000000,0,0,4.88000,2744.433,3.428,6.000,6.000,9.000,12.000,12.000,0.000,0.000,0,0,1.1545,66,132,66,70,66
27,falling,49,819.0,,195.000,376.992,0.00000,9.81890,9.81890,0.000000,0.000000,0,0,4.88000,2744.433,3.428,6.000,6.000,9.000,12.000,12.000,0.000,0.000,0,0,1.1545,66,132,66,70,66
27,falling,50,835.0,,195.000,387.143,0.00000,9.95201,9.95201,0.000000,0.000000,0,0,4.88000,2744.433,3.428,6.000,6.000,9.000,12.000,12.000,0.000,0.000,0,0,1.1545,66,132,66,70,66
27,falling,51,852.0,,195.000,397.428,0.00000,10.08307,10.08307,0.000000,0.000000,0,0,4.88000,2744.433,3.428,6.000,6.000,9.000,12.000,12.000,0.000,0.000,0,0,1.1545,66,132,66,70,66
27,falling,52,869.0,,195.000,407.224,0.00000,10.20454,10.20454,0.000000,0.000000,0,0,4.88000,2744.433,3.428,6.000,6.000,9.000,12.000,12.000,0.000,0.000,0,0,1.1545,66,132,66,70,66
27,falling,53,885.0,,195.000,417.762,0.00000,10.33175,10.33175,0.000000,0.000000,0,0,4.88000,2744.433,3.428,6.000,6.000,9.000,12.000,12.000,0.000,0.000,0,0,1.1545,66,132,66,70,66
27,falling,54,902.0,,195.000,428.428,0.00000,10.45700,10.45700,0.000000,0.000000,0,0,4.88000,2744.433,3.428,6.000,6.000,9.000,12.000,12.000,0.000,0.000,0,0,1.1545,66,132,66,70,66
27,falling,55,919.0,,195.000,438.579,0.00000,10.57309,10.57309,0.000000,0.000000,0,0,4.88000,2744.433,3.428,6.000,6.000,9.000,12.000,12.000,0.000,0.000,0,0,1.1545,66,132,66,70,66
27,falling,56,935.0,,195.000,449.487,0.00000,10.69466,10.69466,0.000000,0.000000,0,0,4.88000,2744.433,3.428,6.000,6.000,9.000,12.000,12.000,0.000,0.000,0,0,1.1545,66,132,66,70,66
27,falling,57,952.0,,195.000,460.518,0.00000,10.81436,10.81436,0.000000,0.000000,0,0,4.88000,2744.433,3.428,6.000,6.000,9.000,12.000,12.000,0.000,0.000,0,0,1.1545,66,132,66,70,66
27,falling,58,969.0,,195.000,471.006,0.00000,10.92530,10.92530,0.000000,0.000000,0,0,4.88000,2744.433,3.428,6.000,6.000,9.000,12.000,12.000,0.000,0.000,0,0,1.1545,66,132,66,70,66
27,post_landing,59,985.0,59,195.000,481.503,-1.46586,0.15394,1.47392,-0.042674,0.000000,0,1,4.88000,2744.433,3.428,6.000,6.000,9.000,12.000,12.000,0.000,0.000,0,3,1.1545,66,132,66,70,66
27,post_landing,60,1002.0,59,193.528,481.314,-1.32445,0.08368,1.32709,-0.020673,-0.042862,0,1,4.88000,2744.433,3.428,6.000,1.042,9.035,12.118,12.160,0.000,0.000,0,1,1.1545,66,132,66,70,66
27,post_landing,61,1019.0,59,192.275,481.555,-1.05978,0.13267,1.06805,-0.013800,-0.062422,0,1,4.88000,2744.433,3.428,6.000,1.060,9.045,12.164,12.226,0.000,0.000,0,1,1.1545,66,132,66,70,66
27,post_landing,62,1035.0,59,191.210,481.738,-0.77295,0.03676,0.77383,-0.015462,-0.076283,0,1,4.88000,2744.433,3.428,6.000,1.073,9.050,12.194,12.270,0.000,0.000,0,1,1.1545,66,132,66,70,66
27,post_landing,63,1052.0,59,190.434,481.949,-0.72185,-0.03495,0.72270,-0.010325,-0.091813,0,1,4.88000,2744.433,3.428,6.000,1.087,9.054,12.225,12.316,0.000,0.000,0,1,1.1545,66,132,66,70,66
27,post_landing,64,1069.0,59,189.751,482.085,-0.48228,0.01942,0.48267,-0.012042,-0.101583,0,1,4.88000,2744.433,3.428,6.000,1.096,9.055,12.242,12.344,0.000,0.000,0,1,1.1545,66,132,66,70,66
27,post_landing,65,1085.0,59,189.266,482.263,-0.31234,0.01732,0.31282,-0.022848,-0.113678,0,1,4.88000,2744.433,3.428,6.000,1.107,9.055,12.263,12.376,0.000,0.000,0,1,1.1545,66,132,66,70,66
27,post_landing,66,1102.0,59,188.953,482.610,-0.28680,0.03251,0.28864,-0.023304,-0.136626,0,1,4.88000,2744.433,3.428,6.000,1.127,9.052,12.297,12.433,0.000,0.000,0,1,1.1545,66,132,66,70,66
27,post_landing,67,1119.0,59,188.681,482.929,-0.28267,0.29871,0.41125,-0.022968,-0.158676,0,0,4.88000,2744.433,3.428,6.000,1.145,9.045,12.481,12.481,0.000,0.000,0,0,1.1545,66,132,66,70,66
27,post_landing,68,1135.0,59,188.397,483.359,-0.37455,0.03700,0.37637,-0.012531,-0.181745,0,1,4.88000,2744.433,3.428,6.000,1.164,8.049,12.525,50.904,0.000,0.000,0,1,1.1545,66,132,66,70,66
27,post_landing,69,1152.0,59,188.021,483.588,-0.34311,0.00000,0.34311,-0.009794,-0.194331,0,1,4.88000,2744.433,3.428,6.000,1.174,8.043,12.547,50.974,0.000,0.000,0,1,1.1545,66,132,66,70,66
27,post_landing,70,1169.0,59,187.697,483.753,-0.26820,0.00000,0.26820,-0.009053,-0.203598,0,1,4.88000,2744.433,3.428,6.000,1.182,8.037,12.561,52.202,0.000,0.000,0,1,1.1545,66,132,66,70,66
27,post_landing,71,1185.0,59,187.427,483.924,-0.22281,-0.02148,0.22384,-0.008961,-0.212690,0,1,4.88000,2744.433,3.428,6.000,1.189,5.098,12.574,52.251,0.000,0.000,0,1,1.1545,66,132,66,70,66
27,post_landing,72,1202.0,59,187.203,484.091,-0.18054,-0.02284,0.18198,-0.008744,-0.221691,0,1,4.88000,2744.433,3.428,6.000,1.195,5.098,12.586,53.490,0.000,0.000,0,1,1.1545,66,132,66,70,66
27,post_landing,73,1219.0,59,187.033,484.245,-0.15482,-0.01424,0.15547,-0.007854,-0.229964,0,1,4.88000,2744.433,3.428,6.000,1.202,5.096,12.596,53.532,0.000,0.000,0,1,1.1545,66,132,66,70,66
27,post_landing,74,1235.0,59,186.877,484.402,-0.13881,-0.03134,0.14230,-0.015090,-0.237852,0,1,4.88000,2744.433,3.428,6.000,1.207,5.095,12.605,53.805,0.000,0.000,0,1,1.1545,66,132,66,70,66
27,post_landing,75,1252.0,59,186.738,484.691,-0.17229,0.00000,0.17229,-0.016498,-0.253009,0,1,4.88000,2744.433,3.428,6.000,1.218,5.091,12.619,53.882,0.000,0.000,0,1,1.1545,66,132,66,70,66
27,post_landing,76,1269.0,59,186.575,484.972,-0.16981,0.26667,0.31614,-0.016261,-0.268619,0,0,4.88000,2744.433,3.428,6.000,1.230,5.086,12.631,53.948,0.000,0.000,0,0,1.1545,66,132,66,70,66
27,post_landing,77,1285.0,59,186.404,485.365,-0.22279,0.13882,0.26250,-0.007721,-0.284951,0,1,4.88000,2744.433,3.428,6.000,1.241,5.079,52.482,55.525,0.000,0.000,0,1,1.1545,66,132,66,70,66
27,post_landing,78,1302.0,59,186.180,485.517,-0.16156,0.03698,0.16574,-0.009681,-0.292706,0,1,4.88000,2744.433,3.428,6.000,1.246,5.076,52.490,55.848,0.000,0.000,0,1,1.1545,66,132,66,70,66
27,post_landing,79,1319.0,59,186.027,485.719,-0.15855,0.01534,0.15929,-0.008033,-0.301866,0,1,4.88000,2744.433,3.428,6.000,1.252,5.369,53.748,55.892,0.000,0.000,0,1,1.1545,66,132,66,70,66
27,post_landing,80,1335.0,59,185.868,485.901,-0.12695,0.00000,0.12695,-0.008450,-0.309934,0,1,4.88000,2744.433,3.428,6.000,4.419,8.534,53.755,55.927,0.000,0.000,0,1,1.1545,66,132,66,70,66
27,post_landing,81,1352.0,59,185.741,486.088,-0.10668,0.00000,0.10668,-0.008237,-0.318421,0,1,4.88000,2744.433,3.428,6.000,4.425,47.434,54.071,55.960,0.000,0.000,0,1,1.1545,66,132,66,70,66
27,post_landing,82,1369.0,59,185.640,486.260,-0.10028,0.00000,0.10028,-0.007408,-0.326215,0,1,4.88000,2744.433,3.428,6.000,4.430,47.434,54.079,55.987,0.000,0.000,0,1,1.1545,66,132,66,70,66
27,post_landing,83,1385.0,59,185.539,486.434,-0.07979,0.01340,0.08090,-0.014807,-0.333655,0,1,4.88000,2744.433,3.428,6.000,4.434,48.703,54.082,56.010,0.000,0.000,0,1,1.1545,66,132,66,70,66
27,post_landing,84,1402.0,59,185.459,486.767,-0.12695,0.05376,0.13786,-0.016077,-0.348527,0,1,4.88000,2744.433,3.428,6.000,48.100,49.980,54.081,56.045,0.000,0.000,0,1,1.1545,66,132,66,70,66
27,post_landing,85,1419.0,59,185.339,486.804,0.04571,0.02259,0.05098,-0.011766,-0.363739,0,1,4.88000,2744.433,3.428,6.000,48.104,49.973,55.713,56.069,0.000,0.000,0,1,1.1545,66,132,66,70,66
27,post_landing,86,1435.0,59,185.385,486.830,0.04060,0.00000,0.04060,0.000000,-0.375556,0,1,4.88000,2744.433,3.428,6.000,47.169,49.396,54.781,56.078,0.000,0.000,0,2,1.1545,66,132,66,70,66
27,post_landing,87,1452.0,59,185.425,486.830,0.10364,0.07350,0.12706,0.002487,-0.375556,0,1,4.88000,2744.433,3.428,6.000,47.169,49.396,54.781,56.078,0.000,0.000,0,2,1.1545,66,132,66,70,66
27,post_landing,88,1469.0,59,185.523,486.880,0.18170,0.09749,0.20621,0.004167,-0.373203,0,1,4.88000,2744.433,3.428,6.000,47.169,49.396,55.713,56.077,0.000,0.000,0,2,1.1545,66,132,66,70,66
27,post_landing,89,1485.0,59,185.706,487.070,0.01919,0.00000,0.01919,0.000000,-0.369018,0,1,4.88000,2744.433,3.428,6.000,48.103,49.396,55.713,56.074,0.000,0.000,0,3,1.1545,66,132,66,70,66
27,post_landing,90,1502.0,59,185.725,487.055,-0.01362,0.00000,0.01362,0.000000,-0.369018,0,1,4.88000,2744.433,3.428,6.000,48.103,49.396,55.713,56.074,0.000,0.000,0,3,1.1545,66,132,66,70,66
27,post_landing,91,1519.0,59,185.712,487.071,-0.00799,0.00000,0.00799,0.000000,-0.369018,0,1,4.88000,2744.433,3.428,6.000,48.103,49.396,55.713,56.074,0.000,0.000,0,3,1.1545,66,132,66,70,66
27,post_landing,92,1535.0,59,185.704,487.055,0.00680,0.00000,0.00680,0.000000,-0.369018,0,1,4.88000,2744.433,3.428,6.000,48.103,49.396,55.713,56.074,0.000,0.000,0,3,1.1545,66,132,66,70,66
27,post_landing,93,1552.0,59,185.711,487.055,-0.00012,0.00000,0.00012,0.000000,-0.369018,0,1,4.88000,2744.433,3.428,6.000,48.103,49.396,55.713,56.074,0.000,0.000,0,3,1.1545,66,132,66,70,66
27,post_landing,94,1569.0,59,185.711,487.071,-0.00136,0.00000,0.00136,0.000000,-0.369018,0,1,4.88000,2744.433,3.428,6.000,48.103,49.396,55.713,56.074,0.000,0.000,0,3,1.1545,66,132,66,70,66
27,post_landing,95,1586.0,59,185.710,487.055,-0.00008,0.00000,0.00008,0.000000,-0.369018,0,1,4.88000,2744.433,3.428,6.000,48.103,49.396,55.713,56.074,0.000,0.000,0,3,1.1545,66,132,66,70,66
27,post_landing,96,1602.0,59,185.710,487.055,0.00030,0.00000,0.00030,0.000000,-0.369018,0,1,4.88000,2744.433,3.428,6.000,48.103,49.396,55.713,56.074,0.000,0.000,0,3,1.1545,66,132,66,70,66
27,post_landing,97,1619.0,59,185.710,487.071,0.00013,0.00000,0.00013,0.000000,-0.369018,0,1,4.88000,2744.433,3.428,6.000,48.103,49.396,55.713,56.074,0.000,0.000,0,3,1.1545,66,132,66,70,66
27,post_landing,98,1635.0,59,185.710,487.055,-0.00016,0.00000,0.00016,0.000000,-0.369018,0,1,4.88000,2744.433,3.428,6.000,48.103,49.396,55.713,56.074,0.000,0.000,0,3,1.1545,66,132,66,70,66
27,post_landing,99,1652.0,59,185.710,487.055,0.00034,0.00000,0.00034,0.000000,-0.369018,0,1,4.88000,2744.433,3.428,6.000,48.103,49.396,55.713,56.074,0.000,0.000,0,3,1.1545,66,132,66,70,66
27,post_landing,100,1669.0,59,185.710,487.071,0.00029,0.00000,0.00029,0.000000,-0.369018,0,1,4.88000,2744.433,3.428,6.000,48.103,49.396,55.713,56.074,0.000,0.000,0,3,1.1545,66,132,66,70,66
27,post_landing,101,1685.0,59,185.710,487.055,-0.00032,0.00000,0.00032,0.000000,-0.369018,0,1,4.88000,2744.433,3.428,6.000,48.103,49.396,55.713,56.074,0.000,0.000,0,3,1.1545,66,132,66,70,66
27,post_landing,102,1702.0,59,185.710,487.055,0.00030,0.00000,0.00030,0.000000,-0.369018,0,1,4.88000,2744.433,3.428,6.000,48.103,49.396,55.713,56.074,0.000,0.000,0,3,1.1545,66,132,66,70,66
27,post_landing,103,1719.0,59,185.710,487.071,0.00037,0.00000,0.00037,0.000000,-0.369018,0,1,4.88000,2744.433,3.428,6.000,48.103,49.396,55.713,56.074,0.000,0.000,0,3,1.1545,66,132,66,70,66
27,post_landing,104,1735.0,59,185.711,487.055,-0.00031,0.00000,0.00031,0.000000,-0.369018,0,1,4.88000,2744.433,3.428,6.000,48.103,49.396,55.713,56.074,0.000,0.000,0,3,1.1545,66,132,66,70,66
27,post_landing,105,1752.0,59,185.711,487.055,0.00023,0.00000,0.00023,0.000000,-0.369018,0,1,4.88000,2744.433,3.428,6.000,48.103,49.396,55.713,56.074,0.000,0.000,0,3,1.1545,66,132,66,70,66
27,post_landing,106,1769.0,59,185.711,487.071,0.00042,0.00000,0.00042,0.000000,-0.369018,0,1,4.88000,2744.433,3.428,6.000,48.103,49.396,55.713,56.074,0.000,0.000,0,3,1.1545,66,132,66,70,66
27,post_landing,107,1785.0,59,185.711,487.055,-0.00038,0.00000,0.00038,0.000000,-0.369018,0,1,4.88000,2744.433,3.428,6.000,48.103,49.396,55.713,56.074,0.000,0.000,0,3,1.1545,66,132,66,70,66
27,post_landing,108,1802.0,59,185.711,487.055,0.00016,0.00000,0.00016,0.000000,-0.369018,0,1,4.88000,2744.433,3.428,6.000,48.103,49.396,55.713,56.074,0.000,0.000,0,3,1.1545,66,132,66,70,66
27,post_landing,109,1819.0,59,185.711,487.071,0.00053,0.00000,0.00053,0.000000,-0.369018,0,1,4.88000,2744.433,3.428,6.000,48.103,49.396,55.713,56.074,0.000,0.000,0,3,1.1545,66,132,66,70,66
27,post_landing,110,1835.0,59,185.711,487.055,-0.00052,0.00000,0.00052,0.000000,-0.369018,0,1,4.88000,2744.433,3.428,6.000,48.103,49.396,55.713,56.074,0.000,0.000,0,3,1.1545,66,132,66,70,66
27,post_landing,111,1852.0,59,185.711,487.055,0.00003,0.00000,0.00003,0.000000,-0.369018,0,1,4.88000,2744.433,3.428,6.000,48.103,49.396,55.713,56.074,0.000,0.000,0,3,1.1545,66,132,66,70,66
27,post_landing,112,1869.0,59,185.711,487.071,0.00062,0.00000,0.00062,0.000000,-0.369018,0,1,4.88000,2744.433,3.428,6.000,48.103,49.396,55.713,56.074,0.000,0.000,0,3,1.1545,66,132,66,70,66
27,post_landing,113,1885.0,59,185.712,487.055,-0.00051,0.00000,0.00051,0.000000,-0.369018,0,1,4.88000,2744.433,3.428,6.000,48.103,49.396,55.713,56.074,0.000,0.000,0,3,1.1545,66,132,66,70,66
27,post_landing,114,1902.0,59,185.711,487.055,0.00005,0.00000,0.00005,0.000000,-0.369018,0,1,4.88000,2744.433,3.428,6.000,48.103,49.396,55.713,56.074,0.000,0.000,0,3,1.1545,66,132,66,70,66
27,post_landing,115,1919.0,59,185.711,487.071,0.00061,0.00000,0.00061,0.000000,-0.369018,0,1,4.88000,2744.433,3.428,6.000,48.103,49.396,55.713,56.074,0.000,0.000,0,3,1.1545,66,132,66,70,66
27,post_landing,116,1935.0,59,185.712,487.055,-0.00049,0.00000,0.00049,0.000000,-0.369018,0,1,4.88000,2744.433,3.428,6.000,48.103,49.396,55.713,56.074,0.000,0.000,0,3,1.1545,66,132,66,70,66
27,post_landing,117,1952.0,59,185.711,487.055,0.00005,0.00000,0.00005,0.000000,-0.369018,0,1,4.88000,2744.433,3.428,6.000,48.103,49.396,55.713,56.074,0.000,0.000,0,3,1.1545,66,132,66,70,66
27,post_landing,118,1969.0,59,185.711,487.071,0.00058,0.00000,0.00058,0.000000,-0.369018,0,1,4.88000,2744.433,3.428,6.000,48.103,49.396,55.713,56.074,0.000,0.000,0,3,1.1545,66,132,66,70,66
28,falling,0,26.0,,195.000,97.029,0.00000,0.55000,0.55000,0.000000,0.000000,0,0,3.35200,665.675,2.082,3.000,3.000,4.000,5.000,30.000,0.000,0.000,0,0,1.4097,92,184,92,95,80
28,falling,1,37.0,,195.000,97.509,0.00000,0.72789,0.72789,0.000000,0.000000,0,0,3.35200,665.675,2.082,3.000,3.000,4.000,5.000,30.000,0.000,0.000,0,0,1.4097,92,184,92,95,80
28,falling,2,53.0,,195.000,98.454,0.00000,0.98407,0.98407,0.000000,0.000000,0,0,3.35200,665.675,2.082,3.000,3.000,4.000,5.000,30.000,0.000,0.000,0,0,1.4097,92,184,92,95,80
28,falling,3,69.0,,195.000,99.641,0.00000,1.23657,1.23657,0.000000,0.000000,0,0,3.35200,665.675,2.082,3.000,3.000,4.000,5.000,30.000,0.000,0.000,0,0,1.4097,92,184,92,95,80
28,falling,4,86.0,,195.000,101.172,0.00000,1.50098,1.50098,0.000000,0.000000,0,0,3.35200,665.675,2.082,3.000,3.000,4.000,5.000,30.000,0.000,0.000,0,0,1.4097,92,184,92,95,80
28,falling,5,103.0,,195.000,102.969,0.00000,1.76135,1.76135,0.000000,0.000000,0,0,3.35200,665.675,2.082,3.000,3.000,4.000,5.000,30.000,0.000,0.000,0,0,1.4097,92,184,92,95,80
28,falling,6,119.0,,195.000,104.891,0.00000,2.00265,2.00265,0.000000,0.000000,0,0,3.35200,665.675,2.082,3.000,3.000,4.000,5.000,30.000,0.000,0.000,0,0,1.4097,92,184,92,95,80
28,falling,7,136.0,,195.000,107.192,0.00000,2.25535,2.25535,0.000000,0.000000,0,0,3.35200,665.675,2.082,3.000,3.000,4.000,5.000,30.000,0.000,0.000,0,0,1.4097,92,184,92,95,80
28,falling,8,153.0,,195.000,109.746,0.00000,2.50417,2.50417,0.000000,0.000000,0,0,3.35200,665.675,2.082,3.000,3.000,4.000,5.000,30.000,0.000,0.000,0,0,1.4097,92,184,92,95,80
28,falling,9,169.0,,195.000,112.371,0.00000,2.73478,2.73478,0.000000,0.000000,0,0,3.35200,665.675,2.082,3.000,3.000,4.000,5.000,30.000,0.000,0.000,0,0,1.4097,92,184,92,95,80
28,falling,10,186.0,,195.000,115.407,0.00000,2.97627,2.97627,0.000000,0.000000,0,0,3.35200,665.675,2.082,3.000,3.000,4.000,5.000,30.000,0.000,0.000,0,0,1.4097,92,184,92,95,80
28,falling,11,203.0,,195.000,118.686,0.00000,3.21407,3.21407,0.000000,0.000000,0,0,3.35200,665.675,2.082,3.000,3.000,4.000,5.000,30.000,0.000,0.000,0,0,1.4097,92,184,92,95,80
28,falling,12,219.0,,195.000,121.983,0.00000,3.43445,3.43445,0.000000,0.000000,0,0,3.35200,665.675,2.082,3.000,3.000,4.000,5.000,30.000,0.000,0.000,0,0,1.4097,92,184,92,95,80
28,falling,13,236.0,,195.000,125.721,0.00000,3.66524,3.66524,0.000000,0.000000,0,0,3.35200,665.675,2.082,3.000,3.000,4.000,5.000,30.000,0.000,0.000,0,0,1.4097,92,184,92,95,80
28,falling,14,253.0,,195.000,129.692,0.00000,3.89249,3.89249,0.000000,0.000000,0,0,3.35200,665.675,2.082,3.000,3.000,4.000,5.000,30.000,0.000,0.000,0,0,1.4097,92,184,92,95,80
28,falling,15,270.0,,195.000,133.631,0.00000,4.10311,4.10311,0.000000,0.000000,0,0,3.35200,665.675,2.082,3.000,3.000,4.000,5.000,30.000,0.000,0.000,0,0,1.4097,92,184,92,95,80
28,falling,16,286.0,,195.000,138.041,0.00000,4.32366,4.32366,0.000000,0.000000,0,0,3.35200,665.675,2.082,3.000,3.000,4.000,5.000,30.000,0.000,0.000,0,0,1.4097,92,184,92,95,80
28,falling,17,303.0,,195.000,142.672,0.00000,4.54085,4.54085,0.000000,0.000000,0,0,3.35200,665.675,2.082,3.000,3.000,4.000,5.000,30.000,0.000,0.000,0,0,1.4097,92,184,92,95,80
28,falling,18,320.0,,195.000,147.225,0.00000,4.74212,4.74212,0.000000,0.000000,0,0,3.35200,665.675,2.082,3.000,3.000,4.000,5.000,30.000,0.000,0.000,0,0,1.4097,92,184,92,95,80
28,falling,19,336.0,,195.000,152.277,0.00000,4.95290,4.95290,0.000000,0.000000,0,0,3.35200,665.675,2.082,3.000,3.000,4.000,5.000,30.000,0.000,0.000,0,0,1.4097,92,184,92,95,80
28,falling,20,353.0,,195.000,157.540,0.00000,5.16046,5.16046,0.000000,0.000000,0,0,3.35200,665.675,2.082,3.000,3.000,4.000,5.000,30.000,0.000,0.000,0,0,1.4097,92,184,92,95,80
28,falling,21,370.0,,195.000,162.679,0.00000,5.35281,5.35281,0.000000,0.000000,0,0,3.35200,665.675,2.082,3.000,3.000,4.000,5.000,30.000,0.000,0.000,0,0,1.4097,92,184,92,95,80
28,falling,22,386.0,,195.000,168.344,0.00000,5.55425,5.55425,0.000000,0.000000,0,0,3.35200,665.675,2.082,3.000,3.000,4.000,5.000,30.000,0.000,0.000,0,0,1.4097,92,184,92,95,80
28,falling,23,403.0,,195.000,174.212,0.00000,5.75260,5.75260,0.000000,0.000000,0,0,3.35200,665.675,2.082,3.000,3.000,4.000,5.000,30.000,0.000,0.000,0,0,1.4097,92,184,92,95,80
28,falling,24,420.0,,195.000,179.911,0.00000,5.93643,5.93643,0.000000,0.000000,0,0,3.35200,665.675,2.082,3.000,3.000,4.000,5.000,30.000,0.000,0.000,0,0,1.4097,92,184,92,95,80
28,falling,25,436.0,,195.000,186.163,0.00000,6.12894,6.12894,0.000000,0.000000,0,0,3.35200,665.675,2.082,3.000,3.000,4.000,5.000,30.000,0.000,0.000,0,0,1.4097,92,184,92,95,80
28,falling,26,453.0,,195.000,192.607,0.00000,6.31850,6.31850,0.000000,0.000000,0,0,3.35200,665.675,2.082,3.000,3.000,4.000,5.000,30.000,0.000,0.000,0,0,1.4097,92,184,92,95,80
28,falling,27,470.0,,195.000,198.842,0.00000,6.49418,6.49418,0.000000,0.000000,0,0,3.35200,665.675,2.082,3.000,3.000,4.000,5.000,30.000,0.000,0.000,0,0,1.4097,92,184,92,95,80
28,falling,28,486.0,,195.000,205.654,0.00000,6.67815,6.67815,0.000000,0.000000,0,0,3.35200,665.675,2.082,3.000,3.000,4.000,5.000,30.000,0.000,0.000,0,0,1.4097,92,184,92,95,80
28,falling,29,503.0,,195.000,212.650,0.00000,6.85931,6.85931,0.000000,0.000000,0,0,3.35200,665.675,2.082,3.000,3.000,4.000,5.000,30.000,0.000,0.000,0,0,1.4097,92,184,92,95,80
28,falling,30,520.0,,195.000,219.396,0.00000,7.02720,7.02720,0.000000,0.000000,0,0,3.35200,665.675,2.082,3.000,3.000,4.000,5.000,30.000,0.000,0.000,0,0,1.4097,92,184,92,95,80
28,falling,31,536.0,,195.000,226.743,0.00000,7.20302,7.20302,0.000000,0.000000,0,0,3.35200,665.675,2.082,3.000,3.000,4.000,5.000,30.000,0.000,0.000,0,0,1.4097,92,184,92,95,80
28,falling,32,553.0,,195.000,234.267,0.00000,7.37614,7.37614,0.000000,0.000000,0,0,3.35200,665.675,2.082,3.000,3.000,4.000,5.000,30.000,0.000,0.000,0,0,1.4097,92,184,92,95,80
28,falling,33,570.0,,195.000,241.502,0.00000,7.53659,7.53659,0.000000,0.000000,0,0,3.35200,665.675,2.082,3.000,3.000,4.000,5.000,30.000,0.000,0.000,0,0,1.4097,92,184,92,95,80
28,falling,34,586.0,,195.000,249.361,0.00000,7.70462,7.70462,0.000000,0.000000,0,0,3.35200,665.675,2.082,3.000,3.000,4.000,5.000,30.000,0.000,0.000,0,0,1.4097,92,184,92,95,80
28,falling,35,603.0,,195.000,257.388,0.00000,7.87007,7.87007,0.000000,0.000000,0,0,3.35200,665.675,2.082,3.000,3.000,4.000,5.000,30.000,0.000,0.000,0,0,1.4097,92,184,92,95,80
28,falling,36,620.0,,195.000,265.091,0.00000,8.02341,8.02341,0.000000,0.000000,0,0,3.35200,665.675,2.082,3.000,3.000,4.000,5.000,30.000,0.000,0.000,0,0,1.4097,92,184,92,95,80
28,falling,37,636.0,,195.000,273.438,0.00000,8.18398,8.18398,0.000000,0.000000,0,0,3.35200,665.675,2.082,3.000,3.000,4.000,5.000,30.000,0.000,0.000,0,0,1.4097,92,184,92,95,80
28,falling,38,653.0,,195.000,281.947,0.00000,8.34210,8.34210,0.000000,0.000000,0,0,3.35200,665.675,2.082,3.000,3.000,4.000,5.000,30.000,0.000,0.000,0,0,1.4097,92,184,92,95,80
28,falling,39,670.0,,195.000,290.096,0.00000,8.48864,8.48864,0.000000,0.000000,0,0,3.35200,665.675,2.082,3.000,3.000,4.000,5.000,30.000,0.000,0.000,0,0,1.4097,92,184,92,95,80
28,falling,40,686.0,,195.000,298.911,0.00000,8.64210,8.64210,0.000000,0.000000,0,0,3.35200,665.675,2.082,3.000,3.000,4.000,5.000,30.000,0.000,0.000,0,0,1.4097,92,184,92,95,80
28,falling,41,704.0,,195.000,307.880,0.00000,8.79321,8.79321,0.000000,0.000000,0,0,3.35200,665.675,2.082,3.000,3.000,4.000,5.000,30.000,0.000,0.000,0,0,1.4097,92,184,92,95,80
28,falling,42,720.0,,195.000,316.456,0.00000,8.93325,8.93325,0.000000,0.000000,0,0,3.35200,665.675,2.082,3.000,3.000,4.000,5.000,30.000,0.000,0.000,0,0,1.4097,92,184,92,95,80
28,falling,43,736.0,,195.000,325.718,0.00000,9.07991,9.07991,0.000000,0.000000,0,0,3.35200,665.675,2.082,3.000,3.000,4.000,5.000,30.000,0.000,0.000,0,0,1.4097,92,184,92,95,80
28,falling,44,753.0,,195.000,335.127,0.00000,9.22432,9.22432,0.000000,0.000000,0,0,3.35200,665.675,2.082,3.000,3.000,4.000,5.000,30.000,0.000,0.000,0,0,1.4097,92,184,92,95,80
28,falling,45,770.0,,195.000,344.110,0.00000,9.35815,9.35815,0.000000,0.000000,0,0,3.35200,665.675,2.082,3.000,3.000,4.000,5.000,30.000,0.000,0.000,0,0,1.4097,92,184,92,95,80
28,falling,46,786.0,,195.000,353.799,0.00000,9.49831,9.49831,0.000000,0.000000,0,0,3.35200,665.675,2.082,3.000,3.000,4.000,5.000,30.000,0.000,0.000,0,0,1.4097,92,184,92,95,80
28,falling,47,803.0,,195.000,363.628,0.00000,9.63632,9.63632,0.000000,0.000000,0,0,3.35200,665.675,2.082,3.000,3.000,4.000,5.000,30.000,0.000,0.000,0,0,1.4097,92,184,92,95,80
28,falling,48,820.0,,195.000,373.001,0.00000,9.76422,9.76422,0.000000,0.000000,0,0,3.35200,665.675,2.082,3.000,3.000,4.000,5.000,30.000,0.000,0.000,0,0,1.4097,92,184,92,95,80
28,falling,49,836.0,,195.000,383.098,0.00000,9.89816,9.89816,0.000000,0.000000,0,0,3.35200,665.675,2.082,3.000,3.000,4.000,5.000,30.000,0.000,0.000,0,0,1.4097,92,184,92,95,80
28,falling,50,853.0,,195.000,393.328,0.00000,10.03005,10.03005,0.000000,0.000000,0,0,3.35200,665.675,2.082,3.000,3.000,4.000,5.000,30.000,0.000,0.000,0,0,1.4097,92,184,92,95,80
28,falling,51,870.0,,195.000,403.074,0.00000,10.15229,10.15229,0.000000,0.000000,0,0,3.35200,665.675,2.082,3.000,3.000,4.000,5.000,30.000,0.000,0.000,0,0,1.4097,92,184,92,95,80
28,falling,52,886.0,,195.000,413.560,0.00000,10.28029,10.28029,0.000000,0.000000,0,0,3.35200,665.675,2.082,3.000,3.000,4.000,5.000,30.000,0.000,0.000,0,0,1.4097,92,184,92,95,80
28,falling,53,903.0,,195.000,424.175,0.00000,10.40634,10.40634,0.000000,0.000000,0,0,3.35200,665.675,2.082,3.000,3.000,4.000,5.000,30.000,0.000,0.000,0,0,1.4097,92,184,92,95,80
28,falling,54,920.0,,195.000,434.277,0.00000,10.52315,10.52315,0.000000,0.000000,0,0,3.35200,665.675,2.082,3.000,3.000,4.000,5.000,30.000,0.000,0.000,0,0,1.4097,92,184,92,95,80
28,falling,55,936.0,,195.000,445.135,0.00000,10.64548,10.64548,0.000000,0.000000,0,0,3.35200,665.675,2.082,3.000,3.000,4.000,5.000,30.000,0.000,0.000,0,0,1.4097,92,184,92,95,80
28,falling,56,953.0,,195.000,456.117,0.00000,10.76594,10.76594,0.000000,0.000000,0,0,3.35200,665.675,2.082,3.000,3.000,4.000,5.000,30.000,0.000,0.000,0,0,1.4097,92,184,92,95,80
28,falling,57,970.0,,195.000,466.559,0.00000,10.87757,10.87757,0.000000,0.000000,0,0,3.35200,665.675,2.082,3.000,3.000,4.000,5.000,30.000,0.000,0.000,0,0,1.4097,92,184,92,95,80
28,falling,58,986.0,,195.000,477.774,0.00000,10.99448,10.99448,0.000000,0.000000,0,0,3.35200,665.675,2.082,3.000,3.000,4.000,5.000,30.000,0.000,0.000,0,0,1.4097,92,184,92,95,80
28,post_landing,59,1003.0,59,195.000,485.895,0.54479,-0.85278,1.01195,0.003061,0.000000,0,1,3.35200,665.675,2.082,3.000,3.000,4.000,5.000,30.000,0.000,0.000,0,11,1.4097,92,184,92,95,80
28,post_landing,60,1020.0,59,195.515,482.756,0.04143,-0.40104,0.40317,0.050290,0.002896,0,1,3.35200,665.675,2.082,3.000,3.003,4.006,5.012,30.023,0.000,0.000,0,4,1.4097,92,184,92,95,80
28,post_landing,61,1036.0,59,195.557,482.010,0.37541,-0.13275,0.39819,-0.002141,0.053407,0,1,3.35200,665.675,2.082,3.000,3.049,4.101,30.224,30.384,0.000,0.000,0,2,1.4097,92,184,92,95,80
28,post_landing,62,1053.0,59,195.934,481.513,0.36396,-0.02301,0.36469,0.002844,0.051256,0,1,3.35200,665.675,2.082,3.000,3.047,4.097,30.217,30.370,0.000,0.000,0,1,1.4097,92,184,92,95,80
28,post_landing,63,1070.0,59,196.279,481.542,0.47396,-0.25817,0.53971,0.007875,0.053947,0,1,3.35200,665.675,2.082,3.000,3.050,4.102,30.226,30.388,0.000,0.000,0,1,1.4097,92,184,92,95,80
28,post_landing,64,1086.0,59,196.755,481.572,0.46670,0.02911,0.46761,0.007755,0.061857,0,0,3.35200,665.675,2.082,3.000,3.056,4.116,30.252,30.437,0.000,0.000,0,0,1.4097,92,184,92,95,80
28,post_landing,65,1103.0,59,197.223,481.728,1.82012,-0.51878,1.89261,-0.084818,0.069646,0,1,3.35200,665.675,2.082,3.000,3.062,4.129,30.275,30.484,0.000,0.000,0,1,1.4097,92,184,92,95,80
28,post_landing,66,1120.0,59,198.945,480.866,0.98366,-1.01485,1.41333,0.061879,-0.010607,0,1,3.35200,665.675,2.082,3.000,2.010,3.010,4.021,29.988,0.000,0.000,0,1,1.4097,92,184,92,95,80
28,post_landing,67,1136.0,59,199.933,479.634,0.96861,-0.71599,1.20451,0.060932,0.051544,0,0,3.35200,665.675,2.082,3.000,3.048,4.098,30.218,30.372,0.000,0.000,0,0,1.4097,92,184,92,95,80
28,post_landing,68,1153.0,59,200.906,478.803,0.95379,-0.42170,1.04286,0.060000,0.112744,0,0,3.35200,665.675,2.082,3.000,3.093,30.372,30.597,30.710,0.000,0.000,0,0,1.4097,92,184,92,95,80
28,post_landing,69,1170.0,59,201.809,478.339,0.94006,-0.14896,0.95179,0.059136,0.169515,0,0,3.35200,665.675,2.082,3.000,30.414,30.582,30.920,30.920,0.000,0.000,0,0,1.4097,92,184,92,95,80
28,post_landing,70,1186.0,59,202.753,478.222,0.92567,0.13665,0.93571,0.058231,0.228911,0,0,3.35200,665.675,2.082,3.000,2.175,30.806,31.033,31.033,0.000,0.000,0,0,1.4097,92,184,92,95,80
28,post_landing,71,1203.0,59,203.683,478.648,0.91151,0.41789,1.00274,0.057340,0.287398,0,0,3.35200,665.675,2.082,3.000,2.201,2.485,31.037,31.037,0.000,0.000,0,0,1.4097,92,184,92,95,80
28,post_landing,72,1220.0,59,204.545,479.299,0.89838,0.67854,1.12584,0.056515,0.341652,0,0,3.35200,665.675,2.082,3.000,2.219,2.554,5.046,30.946,0.000,0.000,0,0,1.4097,92,184,92,95,80
28,post_landing,73,1236.0,59,205.447,480.270,0.88464,0.95149,1.29920,0.055650,0.398415,0,0,3.35200,665.675,2.082,3.000,2.231,2.619,4.996,30.754,0.000,0.000,0,0,1.4097,92,184,92,95,80
28,post_landing,74,1253.0,59,206.336,481.337,0.65270,0.01732,0.65293,0.034287,0.454309,0,1,3.35200,665.675,2.082,3.000,2.236,2.675,4.932,28.671,0.000,0.000,0,1,1.4097,92,184,92,95,80
28,post_landing,75,1270.0,59,206.954,481.318,0.88297,0.00000,0.88297,-0.010788,0.486751,0,1,3.35200,665.675,2.082,3.000,2.235,2.703,4.471,4.939,0.000,0.000,0,1,1.4097,92,184,92,95,80
28,post_landing,76,1286.0,59,207.840,481.323,0.98297,-0.02158,0.98320,-0.019674,0.475915,0,1,3.35200,665.675,2.082,3.000,2.236,2.694,4.472,4.930,0.000,0.000,0,1,1.4097,92,184,92,95,80
28,post_landing,77,1303.0,59,208.828,481.340,0.40970,0.01448,0.40996,0.035922,0.456154,0,1,3.35200,665.675,2.082,3.000,2.236,2.677,4.929,28.661,0.000,0.000,0,1,1.4097,92,184,92,95,80
28,post_landing,78,1320.0,59,209.215,481.317,0.76633,0.00000,0.76633,-0.019730,0.490143,0,1,3.35200,665.675,2.082,3.000,2.235,2.706,4.471,4.941,0.000,0.000,0,1,1.4097,92,184,92,95,80
28,post_landing,79,1337.0,59,209.985,481.327,0.21982,0.00000,0.21982,0.035172,0.470326,0,1,3.35200,665.675,2.082,3.000,2.236,2.689,4.472,4.925,0.000,0.000,0,1,1.4097,92,184,92,95,80
28,post_landing,80,1353.0,59,210.206,481.324,0.53406,0.03715,0.53535,-0.027334,0.505653,0,1,3.35200,665.675,2.082,3.000,2.234,2.718,4.468,4.953,0.000,0.000,0,1,1.4097,92,184,92,95,80
28,post_landing,81,1370.0,59,210.711,481.320,0.51689,-0.01622,0.51715,-0.025244,0.479790,0,1,3.35200,665.675,2.082,3.000,2.236,2.697,4.472,4.933,0.000,0.000,0,1,1.4097,92,184,92,95,80
28,post_landing,82,1386.0,59,211.230,481.342,0.56594,-0.05303,0.56842,-0.035963,0.454435,0,1,3.35200,665.675,2.082,3.000,2.236,2.675,4.932,28.670,0.000,0.000,0,1,1.4097,92,184,92,95,80
28,post_landing,83,1403.0,59,211.799,481.414,0.52384,-0.10748,0.53476,-0.032428,0.418314,0,1,3.35200,665.675,2.082,3.000,2.234,2.640,4.975,30.663,0.000,0.000,0,1,1.4097,92,184,92,95,80
28,post_landing,84,1420.0,59,212.294,481.510,0.48532,-0.11985,0.49990,-0.031002,0.387632,0,1,3.35200,665.675,2.082,3.000,2.230,2.608,5.007,30.798,0.000,0.000,0,1,1.4097,92,184,92,95,80
28,post_landing,85,1436.0,59,212.782,481.656,0.44922,-0.16486,0.47852,-0.033516,0.356494,0,1,3.35200,665.675,2.082,3.000,2.223,2.572,5.035,30.906,0.000,0.000,0,1,1.4097,92,184,92,95,80
28,post_landing,86,1453.0,59,213.233,481.780,0.44235,0.12100,0.45860,-0.033003,0.322830,0,0,3.35200,665.675,2.082,3.000,2.214,2.531,5.059,30.988,0.000,0.000,0,0,1.4097,92,184,92,95,80
28,post_landing,87,1470.0,59,213.652,482.085,0.40982,-0.09258,0.42015,-0.022871,0.291603,0,1,3.35200,665.675,2.082,3.000,2.203,2.491,31.033,31.033,0.000,0.000,0,1,1.4097,92,184,92,95,80
28,post_landing,88,1486.0,59,214.063,482.273,0.07877,0.07303,0.10741,0.016764,0.268632,0,1,3.35200,665.675,2.082,3.000,2.194,2.459,31.047,31.047,0.000,0.000,0,1,1.4097,92,184,92,95,80
28,post_landing,89,1503.0,59,214.142,482.166,-0.17311,0.07170,0.18737,0.025624,0.285470,0,1,3.35200,665.675,2.082,3.000,2.201,2.482,31.039,31.039,0.000,0.000,0,1,1.4097,92,184,92,95,80
28,post_landing,90,1520.0,59,213.979,481.982,0.03392,-0.16196,0.16547,-0.016040,0.309715,0,1,3.35200,665.675,2.082,3.000,2.210,2.514,29.106,31.011,0.000,0.000,0,1,1.4097,92,184,92,95,80
28,post_landing,91,1536.0,59,214.013,482.069,0.13139,-0.14615,0.19653,-0.021813,0.293605,0,1,3.35200,665.675,2.082,3.000,2.204,2.493,31.031,31.031,0.000,0.000,0,1,1.4097,92,184,92,95,80
28,post_landing,92,1553.0,59,214.145,482.244,0.19863,-0.13037,0.23759,-0.022616,0.271697,0,1,3.35200,665.675,2.082,3.000,2.195,2.463,31.046,31.046,0.000,0.000,0,1,1.4097,92,184,92,95,80
28,post_landing,93,1570.0,59,214.332,482.402,0.19577,0.13817,0.23962,-0.022290,0.250298,0,0,3.35200,665.675,2.082,3.000,2.185,4.123,31.047,31.047,0.000,0.000,0,0,1.4097,92,184,92,95,80
28,post_landing,94,1587.0,59,214.529,482.674,0.24096,-0.05899,0.24808,-0.025875,0.227910,0,1,3.35200,665.675,2.082,3.000,2.174,30.806,31.032,31.032,0.000,0.000,0,1,1.4097,92,184,92,95,80
28,post_landing,95,1603.0,59,214.771,482.940,-1.13517,-0.83314,1.40809,0.064112,0.201921,0,1,3.35200,665.675,2.082,3.000,28.634,30.794,30.995,30.995,0.000,0.000,0,1,1.4097,92,184,92,95,80
28,post_landing,96,1620.0,59,213.697,482.332,-0.97562,-0.30496,1.02217,0.019911,0.262582,0,1,3.35200,665.675,2.082,3.000,2.191,2.451,31.048,31.048,0.000,0.000,0,1,1.4097,92,184,92,95,80
28,post_landing,97,1637.0,59,212.717,482.161,-0.89509,0.00000,0.89509,0.007538,0.282581,0,1,3.35200,665.675,2.082,3.000,2.200,2.478,31.041,31.041,0.000,0.000,0,1,1.4097,92,184,92,95,80
28,post_landing,98,1653.0,59,211.818,482.109,-0.86744,0.10767,0.87410,0.006530,0.290152,0,1,3.35200,665.675,2.082,3.000,2.202,2.489,31.035,31.035,0.000,0.000,0,1,1.4097,92,184,92,95,80
28,post_landing,99,1670.0,59,210.997,482.072,-0.86104,0.14166,0.87262,0.007740,0.296331,0,1,3.35200,665.675,2.082,3.000,2.205,2.497,31.029,31.029,0.000,0.000,0,1,1.4097,92,184,92,95,80
28,post_landing,100,1687.0,59,210.133,482.022,-0.85101,0.32980,0.91269,0.014761,0.304104,0,1,3.35200,665.675,2.082,3.000,2.208,2.507,29.111,31.019,0.000,0.000,0,1,1.4097,92,184,92,95,80
28,post_landing,101,1703.0,59,209.278,481.882,-0.78771,0.33529,0.85610,0.007915,0.318930,0,1,3.35200,665.675,2.082,3.000,2.213,2.526,5.061,30.996,0.000,0.000,0,1,1.4097,92,184,92,95,80
28,post_landing,102,1720.0,59,208.533,481.830,-0.72979,0.29397,0.78677,0.002105,0.326419,0,1,3.35200,665.675,2.082,3.000,2.215,2.536,5.057,30.981,0.000,0.000,0,1,1.4097,92,184,92,95,80
28,post_landing,103,1737.0,59,207.800,481.818,-0.79684,0.27117,0.84172,0.017319,0.328533,0,1,3.35200,665.675,2.082,3.000,2.216,2.538,5.055,30.977,0.000,0.000,0,1,1.4097,92,184,92,95,80
28,post_landing,104,1753.0,59,206.999,481.713,-0.73757,0.26392,0.78337,0.010099,0.345929,0,1,3.35200,665.675,2.082,3.000,2.221,2.560,5.043,30.935,0.000,0.000,0,1,1.4097,92,184,92,95,80
28,post_landing,105,1770.0,59,206.301,481.696,-0.78592,0.25708,0.82690,0.020503,0.355484,0,1,3.35200,665.675,2.082,3.000,2.223,2.571,5.035,30.909,0.000,0.000,0,1,1.4097,92,184,92,95,80
28,post_landing,106,1786.0,59,205.512,481.558,-0.82402,0.19320,0.84637,0.028190,0.376078,0,1,3.35200,665.675,2.082,3.000,2.227,2.595,5.018,30.842,0.000,0.000,0,1,1.4097,92,184,92,95,80
28,post_landing,107,1803.0,59,204.684,481.486,-0.77097,0.21773,0.80112,0.020403,0.404391,0,1,3.35200,665.675,2.082,3.000,2.232,2.626,4.990,30.728,0.000,0.000,0,1,1.4097,92,184,92,95,80
28,post_landing,108,1820.0,59,203.955,481.423,-0.76837,0.14520,0.78197,0.021573,0.423696,0,1,3.35200,665.675,2.082,3.000,2.234,2.645,4.969,30.636,0.000,0.000,0,1,1.4097,92,184,92,95,80
28,post_landing,109,1837.0,59,203.183,481.374,-0.81973,0.09938,0.82573,0.032468,0.445364,0,1,3.35200,665.675,2.082,3.000,2.236,2.666,4.943,28.715,0.000,0.000,0,1,1.4097,92,184,92,95,80
28,post_landing,110,1853.0,59,202.360,481.333,-0.75876,0.03245,0.75945,0.024271,0.477974,0,1,3.35200,665.675,2.082,3.000,2.236,2.696,4.472,4.932,0.000,0.000,0,1,1.4097,92,184,92,95,80
28,post_landing,111,1870.0,59,201.642,481.320,-0.70296,-0.01745,0.70318,0.019195,0.500938,0,1,3.35200,665.675,2.082,3.000,2.235,2.715,4.469,4.949,0.000,0.000,0,1,1.4097,92,184,92,95,80
28,post_landing,112,1887.0,59,200.936,481.334,-0.75951,-0.04513,0.76085,0.034426,0.520218,0,1,3.35200,665.675,2.082,3.000,2.232,2.730,4.465,4.962,0.000,0.000,0,1,1.4097,92,184,92,95,80
28,post_landing,113,1903.0,59,200.173,481.394,-0.70302,-0.10018,0.71012,0.030663,0.554795,0,1,3.35200,665.675,2.082,3.000,0.527,2.754,4.454,4.980,0.000,0.000,0,1,1.4097,92,184,92,95,80
28,post_landing,114,1920.0,59,199.508,481.475,-0.65132,-0.11647,0.66165,0.029094,0.583807,0,1,3.35200,665.675,2.082,3.000,0.551,2.771,4.440,4.991,0.000,0.000,0,1,1.4097,92,184,92,95,80
28,post_landing,115,1937.0,59,198.854,481.599,-0.60287,-0.16437,0.62488,0.031264,0.613029,0,1,3.35200,665.675,2.082,3.000,0.575,2.787,4.422,4.998,0.000,0.000,0,1,1.4097,92,184,92,95,80
28,post_landing,116,1953.0,59,198.248,481.765,-0.55803,-0.17180,0.58388,0.034396,0.644430,0,1,3.35200,665.675,2.082,3.000,0.601,2.800,4.399,5.000,0.000,0.000,0,1,1.4097,92,184,92,95,80
28,post_landing,117,1970.0,59,197.720,481.891,-0.55000,0.09734,0.55854,0.033900,0.676975,0,0,3.35200,665.675,2.082,3.000,0.626,2.812,4.371,4.997,0.000,0.000,0,0,1.4097,92,184,92,95,80
28,post_landing,118,1987.0,59,197.168,482.263,-0.50909,-0.10728,0.52027,0.024579,0.711024,0,1,3.35200,665.675,2.082,3.000,0.653,2.821,4.336,4.989,0.000,0.000,0,1,1.4097,92,184,92,95,80
29,falling,0,33.0,,195.000,97.029,0.00000,0.55000,0.55000,0.000000,0.000000,0,0,4.63200,1624.548,2.816,3.000,3.000,12.000,16.000,22.000,0.000,0.000,0,0,1.4939,83,166,83,91,70
29,falling,1,43.0,,195.000,97.509,0.00000,0.72789,0.72789,0.000000,0.000000,0,0,4.63200,1624.548,2.816,3.000,3.000,12.000,16.000,22.000,0.000,0.000,0,0,1.4939,83,166,83,91,70
29,falling,2,59.0,,195.000,98.454,0.00000,0.98407,0.98407,0.000000,0.000000,0,0,4.63200,1624.548,2.816,3.000,3.000,12.000,16.000,22.000,0.000,0.000,0,0,1.4939,83,166,83,91,70
29,falling,3,76.0,,195.000,99.732,0.00000,1.25235,1.25235,0.000000,0.000000,0,0,4.63200,1624.548,2.816,3.000,3.000,12.000,16.000,22.000,0.000,0.000,0,0,1.4939,83,166,83,91,70
29,falling,4,93.0,,195.000,101.278,0.00000,1.51652,1.51652,0.000000,0.000000,0,0,4.63200,1624.548,2.816,3.000,3.000,12.000,16.000,22.000,0.000,0.000,0,0,1.4939,83,166,83,91,70
29,falling,5,110.0,,195.000,102.969,0.00000,1.76135,1.76135,0.000000,0.000000,0,0,4.63200,1624.548,2.816,3.000,3.000,12.000,16.000,22.000,0.000,0.000,0,0,1.4939,83,166,83,91,70
29,falling,6,126.0,,195.000,105.027,0.00000,2.01774,2.01774,0.000000,0.000000,0,0,4.63200,1624.548,2.816,3.000,3.000,12.000,16.000,22.000,0.000,0.000,0,0,1.4939,83,166,83,91,70
29,falling,7,143.0,,195.000,107.343,0.00000,2.27020,2.27020,0.000000,0.000000,0,0,4.63200,1624.548,2.816,3.000,3.000,12.000,16.000,22.000,0.000,0.000,0,0,1.4939,83,166,83,91,70
29,falling,8,160.0,,195.000,109.747,0.00000,2.50417,2.50417,0.000000,0.000000,0,0,4.63200,1624.548,2.816,3.000,3.000,12.000,16.000,22.000,0.000,0.000,0,0,1.4939,83,166,83,91,70
29,falling,9,176.0,,195.000,112.551,0.00000,2.74919,2.74919,0.000000,0.000000,0,0,4.63200,1624.548,2.816,3.000,3.000,12.000,16.000,22.000,0.000,0.000,0,0,1.4939,83,166,83,91,70
29,falling,10,193.0,,195.000,115.601,0.00000,2.99046,2.99046,0.000000,0.000000,0,0,4.63200,1624.548,2.816,3.000,3.000,12.000,16.000,22.000,0.000,0.000,0,0,1.4939,83,166,83,91,70
29,falling,11,210.0,,195.000,118.687,0.00000,3.21407,3.21407,0.000000,0.000000,0,0,4.63200,1624.548,2.816,3.000,3.000,12.000,16.000,22.000,0.000,0.000,0,0,1.4939,83,166,83,91,70
29,falling,12,226.0,,195.000,122.204,0.00000,3.44823,3.44823,0.000000,0.000000,0,0,4.63200,1624.548,2.816,3.000,3.000,12.000,16.000,22.000,0.000,0.000,0,0,1.4939,83,166,83,91,70
29,falling,13,243.0,,195.000,125.956,0.00000,3.67880,3.67880,0.000000,0.000000,0,0,4.63200,1624.548,2.816,3.000,3.000,12.000,16.000,22.000,0.000,0.000,0,0,1.4939,83,166,83,91,70
29,falling,14,260.0,,195.000,129.693,0.00000,3.89249,3.89249,0.000000,0.000000,0,0,4.63200,1624.548,2.816,3.000,3.000,12.000,16.000,22.000,0.000,0.000,0,0,1.4939,83,166,83,91,70
29,falling,15,276.0,,195.000,133.892,0.00000,4.11627,4.11627,0.000000,0.000000,0,0,4.63200,1624.548,2.816,3.000,3.000,12.000,16.000,22.000,0.000,0.000,0,0,1.4939,83,166,83,91,70
29,falling,16,293.0,,195.000,138.315,0.00000,4.33663,4.33663,0.000000,0.000000,0,0,4.63200,1624.548,2.816,3.000,3.000,12.000,16.000,22.000,0.000,0.000,0,0,1.4939,83,166,83,91,70
29,falling,17,310.0,,195.000,142.960,0.00000,4.55361,4.55361,0.000000,0.000000,0,0,4.63200,1624.548,2.816,3.000,3.000,12.000,16.000,22.000,0.000,0.000,0,0,1.4939,83,166,83,91,70
29,falling,18,327.0,,195.000,147.524,0.00000,4.75470,4.75470,0.000000,0.000000,0,0,4.63200,1624.548,2.816,3.000,3.000,12.000,16.000,22.000,0.000,0.000,0,0,1.4939,83,166,83,91,70
29,falling,19,343.0,,195.000,152.589,0.00000,4.96529,4.96529,0.000000,0.000000,0,0,4.63200,1624.548,2.816,3.000,3.000,12.000,16.000,22.000,0.000,0.000,0,0,1.4939,83,166,83,91,70
29,falling,20,360.0,,195.000,157.543,0.00000,5.16046,5.16046,0.000000,0.000000,0,0,4.63200,1624.548,2.816,3.000,3.000,12.000,16.000,22.000,0.000,0.000,0,0,1.4939,83,166,83,91,70
29,falling,21,376.0,,195.000,163.015,0.00000,5.36483,5.36483,0.000000,0.000000,0,0,4.63200,1624.548,2.816,3.000,3.000,12.000,16.000,22.000,0.000,0.000,0,0,1.4939,83,166,83,91,70
29,falling,22,393.0,,195.000,168.693,0.00000,5.56609,5.56609,0.000000,0.000000,0,0,4.63200,1624.548,2.816,3.000,3.000,12.000,16.000,22.000,0.000,0.000,0,0,1.4939,83,166,83,91,70
29,falling,23,410.0,,195.000,174.215,0.00000,5.75260,5.75260,0.000000,0.000000,0,0,4.63200,1624.548,2.816,3.000,3.000,12.000,16.000,22.000,0.000,0.000,0,0,1.4939,83,166,83,91,70
29,falling,24,427.0,,195.000,180.282,0.00000,5.94792,5.94792,0.000000,0.000000,0,0,4.63200,1624.548,2.816,3.000,3.000,12.000,16.000,22.000,0.000,0.000,0,0,1.4939,83,166,83,91,70
29,falling,25,443.0,,195.000,186.545,0.00000,6.14025,6.14025,0.000000,0.000000,0,0,4.63200,1624.548,2.816,3.000,3.000,12.000,16.000,22.000,0.000,0.000,0,0,1.4939,83,166,83,91,70
29,falling,26,460.0,,195.000,192.611,0.00000,6.31850,6.31850,0.000000,0.000000,0,0,4.63200,1624.548,2.816,3.000,3.000,12.000,16.000,22.000,0.000,0.000,0,0,1.4939,83,166,83,91,70
29,falling,27,476.0,,195.000,199.246,0.00000,6.50516,6.50516,0.000000,0.000000,0,0,4.63200,1624.548,2.816,3.000,3.000,12.000,16.000,22.000,0.000,0.000,0,0,1.4939,83,166,83,91,70
29,falling,28,493.0,,195.000,206.069,0.00000,6.68896,6.68896,0.000000,0.000000,0,0,4.63200,1624.548,2.816,3.000,3.000,12.000,16.000,22.000,0.000,0.000,0,0,1.4939,83,166,83,91,70
29,falling,29,510.0,,195.000,212.654,0.00000,6.85931,6.85931,0.000000,0.000000,0,0,4.63200,1624.548,2.816,3.000,3.000,12.000,16.000,22.000,0.000,0.000,0,0,1.4939,83,166,83,91,70
29,falling,30,527.0,,195.000,219.832,0.00000,7.03769,7.03769,0.000000,0.000000,0,0,4.63200,1624.548,2.816,3.000,3.000,12.000,15.000,19.000,0.000,0.000,0,0,1.4939,83,166,83,91,70
29,falling,31,543.0,,195.000,227.190,0.00000,7.21335,7.21335,0.000000,0.000000,0,0,4.63200,1624.548,2.816,3.000,3.000,12.000,15.000,19.000,0.000,0.000,0,0,1.4939,83,166,83,91,70
29,falling,32,560.0,,195.000,234.724,0.00000,7.38632,7.38632,0.000000,0.000000,0,0,4.63200,1624.548,2.816,3.000,3.000,12.000,15.000,19.000,0.000,0.000,0,0,1.4939,83,166,83,91,70
29,falling,33,576.0,,195.000,241.969,0.00000,7.54662,7.54662,0.000000,0.000000,0,0,4.63200,1624.548,2.816,3.000,3.000,12.000,15.000,19.000,0.000,0.000,0,0,1.4939,83,166,83,91,70
29,falling,34,593.0,,195.000,249.837,0.00000,7.71449,7.71449,0.000000,0.000000,0,0,4.63200,1624.548,2.816,3.000,3.000,12.000,15.000,19.000,0.000,0.000,0,0,1.4939,83,166,83,91,70
29,falling,35,610.0,,195.000,257.393,0.00000,7.87007,7.87007,0.000000,0.000000,0,0,4.63200,1624.548,2.816,3.000,3.000,12.000,15.000,19.000,0.000,0.000,0,0,1.4939,83,166,83,91,70
29,falling,36,627.0,,195.000,265.586,0.00000,8.03299,8.03299,0.000000,0.000000,0,0,4.63200,1624.548,2.816,3.000,3.000,12.000,15.000,19.000,0.000,0.000,0,0,1.4939,83,166,83,91,70
29,falling,37,643.0,,195.000,273.944,0.00000,8.19342,8.19342,0.000000,0.000000,0,0,4.63200,1624.548,2.816,3.000,3.000,12.000,15.000,19.000,0.000,0.000,0,0,1.4939,83,166,83,91,70
29,falling,38,660.0,,195.000,282.462,0.00000,8.35139,8.35139,0.000000,0.000000,0,0,4.63200,1624.548,2.816,3.000,3.000,12.000,15.000,19.000,0.000,0.000,0,0,1.4939,83,166,83,91,70
29,falling,39,676.0,,195.000,290.620,0.00000,8.49780,8.49780,0.000000,0.000000,0,0,4.63200,1624.548,2.816,3.000,3.000,12.000,15.000,19.000,0.000,0.000,0,0,1.4939,83,166,83,91,70
29,falling,40,693.0,,195.000,299.444,0.00000,8.65112,8.65112,0.000000,0.000000,0,0,4.63200,1624.548,2.816,3.000,3.000,12.000,15.000,19.000,0.000,0.000,0,0,1.4939,83,166,83,91,70
29,falling,41,710.0,,195.000,307.886,0.00000,8.79321,8.79321,0.000000,0.000000,0,0,4.63200,1624.548,2.816,3.000,3.000,12.000,15.000,19.000,0.000,0.000,0,0,1.4939,83,166,83,91,70
29,falling,42,727.0,,195.000,317.006,0.00000,8.94201,8.94201,0.000000,0.000000,0,0,4.63200,1624.548,2.816,3.000,3.000,12.000,15.000,19.000,0.000,0.000,0,0,1.4939,83,166,83,91,70
29,falling,43,743.0,,195.000,326.277,0.00000,9.08853,9.08853,0.000000,0.000000,0,0,4.63200,1624.548,2.816,3.000,3.000,12.000,15.000,19.000,0.000,0.000,0,0,1.4939,83,166,83,91,70
29,falling,44,760.0,,195.000,335.694,0.00000,9.23281,9.23281,0.000000,0.000000,0,0,4.63200,1624.548,2.816,3.000,3.000,12.000,15.000,19.000,0.000,0.000,0,0,1.4939,83,166,83,91,70
29,falling,45,777.0,,195.000,344.686,0.00000,9.36652,9.36652,0.000000,0.000000,0,0,4.63200,1624.548,2.816,3.000,3.000,12.000,15.000,19.000,0.000,0.000,0,0,1.4939,83,166,83,91,70
29,falling,46,793.0,,195.000,354.383,0.00000,9.50655,9.50655,0.000000,0.000000,0,0,4.63200,1624.548,2.816,3.000,3.000,12.000,15.000,19.000,0.000,0.000,0,0,1.4939,83,166,83,91,70
29,falling,47,810.0,,195.000,364.220,0.00000,9.64443,9.64443,0.000000,0.000000,0,0,4.63200,1624.548,2.816,3.000,3.000,12.000,15.000,19.000,0.000,0.000,0,0,1.4939,83,166,83,91,70
29,falling,48,827.0,,195.000,373.601,0.00000,9.77222,9.77222,0.000000,0.000000,0,0,4.63200,1624.548,2.816,3.000,3.000,12.000,15.000,19.000,0.000,0.000,0,0,1.4939,83,166,83,91,70
29,falling,49,843.0,,195.000,383.705,0.00000,9.90603,9.90603,0.000000,0.000000,0,0,4.63200,1624.548,2.816,3.000,3.000,12.000,15.000,19.000,0.000,0.000,0,0,1.4939,83,166,83,91,70
29,falling,50,860.0,,195.000,393.944,0.00000,10.03780,10.03780,0.000000,0.000000,0,0,4.63200,1624.548,2.816,3.000,3.000,12.000,15.000,19.000,0.000,0.000,0,0,1.4939,83,166,83,91,70
29,falling,51,877.0,,195.000,403.698,0.00000,10.15993,10.15993,0.000000,0.000000,0,0,4.63200,1624.548,2.816,3.000,3.000,12.000,15.000,19.000,0.000,0.000,0,0,1.4939,83,166,83,91,70
29,falling,52,893.0,,195.000,414.191,0.00000,10.28781,10.28781,0.000000,0.000000,0,0,4.63200,1624.548,2.816,3.000,3.000,12.000,15.000,19.000,0.000,0.000,0,0,1.4939,83,166,83,91,70
29,falling,53,910.0,,195.000,424.813,0.00000,10.41374,10.41374,0.000000,0.000000,0,0,4.63200,1624.548,2.816,3.000,3.000,12.000,15.000,19.000,0.000,0.000,0,0,1.4939,83,166,83,91,70
29,falling,54,927.0,,195.000,434.922,0.00000,10.53045,10.53045,0.000000,0.000000,0,0,4.63200,1624.548,2.816,3.000,3.000,12.000,15.000,19.000,0.000,0.000,0,0,1.4939,83,166,83,91,70
29,falling,55,943.0,,195.000,445.788,0.00000,10.65267,10.65267,0.000000,0.000000,0,0,4.63200,1624.548,2.816,3.000,3.000,12.000,15.000,19.000,0.000,0.000,0,0,1.4939,83,166,83,91,70
29,falling,56,960.0,,195.000,456.777,0.00000,10.77302,10.77302,0.000000,0.000000,0,0,4.63200,1624.548,2.816,3.000,3.000,12.000,15.000,19.000,0.000,0.000,0,0,1.4939,83,166,83,91,70
29,falling,57,977.0,,195.000,467.226,0.00000,10.88455,10.88455,0.000000,0.000000,0,0,4.63200,1624.548,2.816,3.000,3.000,12.000,15.000,19.000,0.000,0.000,0,0,1.4939,83,166,83,91,70
29,falling,58,993.0,,195.000,478.447,0.00000,11.00135,11.00135,0.000000,0.000000,0,0,4.63200,1624.548,2.816,3.000,3.000,12.000,15.000,19.000,0.000,0.000,0,0,1.4939,83,166,83,91,70
29,post_landing,59,1010.0,59,195.000,485.480,-1.83887,0.14472,1.84455,0.032080,0.000000,0,1,4.63200,1624.548,2.816,3.000,3.000,12.000,15.000,19.000,0.000,0.000,0,11,1.4939,83,166,83,91,70
29,post_landing,60,1027.0,59,193.260,483.625,-0.96372,-0.37187,1.03298,-0.025848,0.030353,0,1,4.63200,1624.548,2.816,3.000,3.029,4.059,14.993,18.931,0.000,0.000,0,6,1.4939,83,166,83,91,70
29,post_landing,61,1043.0,59,192.292,482.480,-1.72243,-1.72575,2.43824,-0.006914,0.004391,0,1,4.63200,1624.548,2.816,3.000,3.004,4.009,15.000,18.991,0.000,0.000,0,2,1.4939,83,166,83,91,70
29,post_landing,62,1060.0,59,190.562,480.187,-1.69608,-1.41602,2.20948,-0.006808,-0.002553,0,0,4.63200,1624.548,2.816,3.000,2.003,11.003,16.003,22.013,0.000,0.000,0,0,1.4939,83,166,83,91,70
29,post_landing,63,1077.0,59,188.957,478.425,-1.67166,-1.12896,2.01717,-0.006710,-0.008994,0,0,4.63200,1624.548,2.816,3.000,2.009,11.009,16.008,22.044,0.000,0.000,0,0,1.4939,83,166,83,91,70
29,post_landing,64,1093.0,59,187.278,477.037,-1.64608,-0.82835,1.84276,-0.006607,-0.015734,0,0,4.63200,1624.548,2.816,3.000,2.015,11.014,16.014,22.076,0.000,0.000,0,0,1.4939,83,166,83,91,70
29,post_landing,65,1110.0,59,185.625,476.059,-1.62090,-0.53234,1.70608,-0.006506,-0.022370,0,0,4.63200,1624.548,2.816,3.000,2.022,11.020,16.018,22.106,0.000,0.000,0,0,1.4939,83,166,83,91,70
29,post_landing,66,1127.0,59,184.091,475.464,-1.59756,-0.25801,1.61826,-0.006413,-0.028527,0,0,4.63200,1624.548,2.816,3.000,2.028,11.024,16.022,22.134,0.000,0.000,0,0,1.4939,83,166,83,91,70
29,post_landing,67,1143.0,59,182.487,475.216,-1.57311,0.02927,1.57339,-0.006314,-0.034967,0,0,4.63200,1624.548,2.816,3.000,2.034,11.028,16.025,22.161,0.000,0.000,0,0,1.4939,83,166,83,91,70
29,post_landing,68,1160.0,59,180.907,475.534,-1.54904,0.31215,1.58018,-0.006218,-0.041310,0,0,4.63200,1624.548,2.816,3.000,2.040,11.032,16.028,22.188,0.000,0.000,0,0,1.4939,83,166,83,91,70
29,post_landing,69,1177.0,59,179.441,476.086,-1.52674,0.57433,1.63119,-0.006128,-0.047193,0,0,4.63200,1624.548,2.816,3.000,2.045,11.035,16.029,22.211,0.000,0.000,0,0,1.4939,83,166,83,91,70
29,post_landing,70,1193.0,59,177.908,476.952,-1.50338,0.84887,1.72648,-0.006035,-0.053348,0,0,4.63200,1624.548,2.816,3.000,2.050,11.038,16.031,22.235,0.000,0.000,0,0,1.4939,83,166,83,91,70
29,post_landing,71,1210.0,59,176.485,478.011,-1.48173,1.10331,1.84738,-0.005948,-0.059058,0,0,4.63200,1624.548,2.816,3.000,2.056,11.040,16.031,23.314,0.000,0.000,0,0,1.4939,83,166,83,91,70
29,post_landing,72,1227.0,59,174.997,479.408,-1.45906,1.36977,2.00128,-0.005857,-0.065032,0,0,4.63200,1624.548,2.816,3.000,2.061,11.042,16.031,23.341,0.000,0.000,0,0,1.4939,83,166,83,91,70
29,post_landing,73,1243.0,59,173.531,481.073,-1.43674,1.63214,2.17442,-0.005767,-0.070914,0,0,4.63200,1624.548,2.816,3.000,2.066,11.043,16.031,23.367,0.000,0.000,0,0,1.4939,83,166,83,91,70
29,post_landing,74,1260.0,59,172.172,482.736,-1.68529,0.17065,1.69391,-0.004975,-0.076371,0,1,4.63200,1624.548,2.816,3.000,2.070,11.044,16.030,23.391,0.000,0.000,0,1,1.4939,83,166,83,91,70
29,post_landing,75,1277.0,59,170.479,482.793,-1.13696,0.08140,1.13988,-0.026054,-0.081367,0,1,4.63200,1624.548,2.816,3.000,2.075,11.045,16.028,23.412,0.000,0.000,0,1,1.4939,83,166,83,91,70
29,post_landing,76,1293.0,59,169.337,483.099,-1.11112,-0.05880,1.11267,-0.014696,-0.107536,0,1,4.63200,1624.548,2.816,3.000,2.096,11.044,16.122,23.511,0.000,0.000,0,1,1.4939,83,166,83,91,70
29,post_landing,77,1310.0,59,168.286,483.265,-0.98914,-0.05318,0.99057,-0.012604,-0.121441,0,1,4.63200,1624.548,2.816,3.000,2.106,12.154,16.124,23.679,0.000,0.000,0,1,1.4939,83,166,83,91,70
29,post_landing,78,1327.0,59,167.293,483.431,-0.92832,-0.10565,0.93431,-0.011190,-0.134100,0,1,4.63200,1624.548,2.816,3.000,10.178,12.160,16.124,23.729,0.000,0.000,0,1,1.4939,83,166,83,91,70
29,post_landing,79,1343.0,59,166.360,483.577,-0.66729,0.02826,0.66789,-0.015481,-0.145340,0,1,4.63200,1624.548,2.816,3.000,10.184,12.163,16.121,23.771,0.000,0.000,0,1,1.4939,83,166,83,91,70
29,post_landing,80,1360.0,59,165.729,483.779,-0.72514,0.10830,0.73319,-0.007310,-0.159987,0,1,4.63200,1624.548,2.816,3.000,10.191,12.165,16.114,24.968,0.000,0.000,0,1,1.4939,83,166,83,91,70
29,post_landing,81,1377.0,59,165.001,483.879,-0.55296,0.00000,0.55296,-0.028770,-0.167329,0,1,4.63200,1624.548,2.816,3.000,10.193,12.165,16.110,24.997,0.000,0.000,0,1,1.4939,83,166,83,91,70
29,post_landing,82,1393.0,59,164.445,484.168,-0.54450,0.28333,0.61380,-0.028330,-0.196225,0,0,4.63200,1624.548,2.816,3.000,10.198,13.335,15.492,25.099,0.000,0.000,0,0,1.4939,83,166,83,91,70
29,post_landing,83,1410.0,59,163.930,484.725,-0.62146,0.03708,0.62257,-0.015062,-0.223030,0,1,4.63200,1624.548,2.816,3.000,11.391,13.342,17.685,29.518,0.000,0.000,0,1,1.4939,83,166,83,91,70
29,post_landing,84,1427.0,59,163.306,485.013,-1.04676,0.01458,1.04686,0.009717,-0.238159,0,1,4.63200,1624.548,2.816,3.000,11.397,13.341,20.851,31.748,0.000,0.000,0,2,1.4939,83,166,83,91,70
29,post_landing,85,1443.0,59,162.254,484.886,-1.48900,0.02048,1.48914,0.025323,-0.228399,0,1,4.63200,1624.548,2.816,3.000,11.394,13.342,17.691,29.537,0.000,0.000,0,2,1.4939,83,166,83,91,70
29,post_landing,86,1460.0,59,160.846,484.598,-1.76828,0.10901,1.77164,0.028557,-0.204439,0,1,4.63200,1624.548,2.816,3.000,10.198,13.338,15.500,25.124,0.000,0.000,0,2,1.4939,83,166,83,91,70
29,post_landing,87,1477.0,59,159.069,484.518,-0.81238,-0.79470,1.13644,-0.058934,-0.175757,0,1,4.63200,1624.548,2.816,3.000,10.196,12.165,15.468,25.029,0.000,0.000,0,3,1.4939,83,166,83,91,70
29,post_landing,88,1493.0,59,158.254,484.009,-0.79995,-0.49920,0.94294,-0.058032,-0.234949,0,0,4.63200,1624.548,2.816,3.000,11.396,13.341,17.697,29.559,0.000,0.000,0,0,1.4939,83,166,83,91,70
29,post_landing,89,1510.0,59,157.497,483.793,-0.78843,-0.22535,0.82001,-0.057196,-0.289858,0,0,4.63200,1624.548,2.816,3.000,11.399,12.643,20.881,33.137,0.000,0.000,0,0,1.4939,83,166,83,91,70
29,post_landing,90,1526.0,59,156.705,483.856,-0.77637,0.06143,0.77880,-0.056321,-0.347305,0,0,4.63200,1624.548,2.816,3.000,9.484,12.645,21.529,33.233,0.000,0.000,0,0,1.4939,83,166,83,91,70
29,post_landing,91,1543.0,59,155.925,484.206,-0.76449,0.34383,0.83825,-0.055459,-0.403874,0,0,4.63200,1624.548,2.816,3.000,2.232,11.160,21.928,34.008,0.000,0.000,0,0,1.4939,83,166,83,91,70
29,post_landing,92,1560.0,59,155.202,484.788,-0.75348,0.60554,0.96665,-0.054661,-0.456348,0,0,4.63200,1624.548,2.816,3.000,3.574,17.888,29.966,34.438,0.000,0.000,0,0,1.4939,83,166,83,91,70
29,post_landing,93,1576.0,59,154.445,485.685,-0.74195,0.87961,1.15074,-0.053825,-0.511249,0,0,4.63200,1624.548,2.816,3.000,3.595,12.529,30.887,34.375,0.000,0.000,0,0,1.4939,83,166,83,91,70
29,post_landing,94,1593.0,59,153.700,486.857,-0.73060,1.14949,1.36202,-0.053001,-0.565310,0,0,4.63200,1624.548,2.816,3.000,10.814,22.472,31.906,33.059,0.000,0.000,0,0,1.4939,83,166,83,91,70
29,post_landing,95,1610.0,59,153.008,488.201,-0.72008,1.39960,1.57397,-0.052238,-0.615459,0,0,4.63200,1624.548,2.816,3.000,22.202,22.442,30.805,34.986,0.000,0.000,0,0,1.4939,83,166,83,91,70
29,post_landing,96,1626.0,59,152.285,489.896,-0.70906,1.66152,1.80649,-0.051439,-0.667926,0,0,4.63200,1624.548,2.816,3.000,21.399,23.422,30.776,50.604,0.000,0.000,0,0,1.4939,83,166,83,91,70
29,post_landing,97,1643.0,59,151.573,491.652,-1.22257,0.04197,1.22329,-0.006397,-0.719591,0,1,4.63200,1624.548,2.816,3.000,11.382,22.671,24.176,52.399,0.000,0.000,0,2,1.4939,83,166,83,91,70
29,post_landing,98,1660.0,59,150.416,491.677,-0.79508,0.04941,0.79661,-0.015859,-0.725644,0,1,4.63200,1624.548,2.816,3.000,11.378,22.671,24.168,52.401,0.000,0.000,0,2,1.4939,83,166,83,91,70
29,post_landing,99,1677.0,59,149.618,491.744,-0.50462,0.00000,0.50462,-0.016492,-0.741572,0,1,4.63200,1624.548,2.816,3.000,11.365,22.668,24.081,52.400,0.000,0.000,0,2,1.4939,83,166,83,91,70
29,post_landing,100,1693.0,59,149.111,491.815,-0.62992,0.01623,0.63013,-0.002125,-0.758137,0,1,4.63200,1624.548,2.816,3.000,3.553,12.723,24.071,52.384,0.000,0.000,0,2,1.4939,83,166,83,91,70
29,post_landing,101,1710.0,59,148.515,491.826,-0.40981,0.00000,0.40981,-0.008632,-0.760147,0,1,4.63200,1624.548,2.816,3.000,3.552,12.724,24.070,52.381,0.000,0.000,0,2,1.4939,83,166,83,91,70
29,post_landing,102,1727.0,59,148.103,491.870,-0.46067,0.02260,0.46122,-0.001717,-0.768817,0,1,4.63200,1624.548,2.816,3.000,3.547,12.726,24.062,50.928,0.000,0.000,0,2,1.4939,83,166,83,91,70
29,post_landing,103,1743.0,59,147.640,491.883,-0.41476,0.02627,0.41560,-0.004910,-0.770541,0,1,4.63200,1624.548,2.816,3.000,3.546,12.727,24.060,50.927,0.000,0.000,0,2,1.4939,83,166,83,91,70
29,post_landing,104,1760.0,59,147.248,491.902,-0.20018,0.00000,0.20018,-0.019500,-0.775187,0,1,4.63200,1624.548,2.816,3.000,3.543,12.727,24.055,50.923,0.000,0.000,0,2,1.4939,83,166,83,91,70
29,post_landing,105,1776.0,59,147.047,492.008,-0.27314,0.00000,0.27314,-0.012016,-0.794773,0,1,4.63200,1624.548,2.816,3.000,3.529,12.727,24.027,53.037,0.000,0.000,0,2,1.4939,83,166,83,91,70
29,post_landing,106,1793.0,59,146.773,492.082,-0.30084,0.05793,0.30637,-0.008490,-0.806842,0,1,4.63200,1624.548,2.816,3.000,3.520,12.725,23.314,53.758,0.000,0.000,0,2,1.4939,83,166,83,91,70
29,post_landing,107,1810.0,59,146.488,492.134,-0.28267,0.03029,0.28429,-0.010066,-0.814876,0,1,4.63200,1624.548,2.816,3.000,3.513,12.722,23.304,53.758,0.000,0.000,0,2,1.4939,83,166,83,91,70
29,post_landing,108,1827.0,59,146.204,492.202,-0.26586,0.05352,0.27119,-0.010715,-0.824986,0,1,4.63200,1624.548,2.816,3.000,3.505,12.718,23.288,47.535,0.000,0.000,0,2,1.4939,83,166,83,91,70
29,post_landing,109,1843.0,59,145.937,492.278,-0.23277,0.05588,0.23939,-0.012858,-0.835748,0,1,4.63200,1624.548,2.816,3.000,3.495,12.712,41.773,47.565,0.000,0.000,0,2,1.4939,83,166,83,91,70
29,post_landing,110,1860.0,59,145.717,492.360,-0.25441,0.06143,0.26172,-0.010859,-0.847914,0,1,4.63200,1624.548,2.816,3.000,3.484,5.734,38.947,47.593,0.000,0.000,0,2,1.4939,83,166,83,91,70
29,post_landing,111,1877.0,59,145.461,492.447,-0.26140,0.06159,0.26855,-0.010704,-0.858821,0,1,4.63200,1624.548,2.816,3.000,3.474,5.745,36.878,47.612,0.000,0.000,0,2,1.4939,83,166,83,91,70
29,post_landing,112,1893.0,59,145.199,492.532,-0.33534,0.00000,0.33534,-0.008009,-0.869572,0,1,4.63200,1624.548,2.816,3.000,1.409,5.756,34.178,47.743,0.000,0.000,0,2,1.4939,83,166,83,91,70
29,post_landing,113,1910.0,59,144.881,492.586,-0.29186,0.00000,0.29186,-0.012744,-0.877150,0,1,4.63200,1624.548,2.816,3.000,1.408,5.763,34.187,47.760,0.000,0.000,0,2,1.4939,83,166,83,91,70
29,post_landing,114,1927.0,59,144.588,492.694,-0.36244,-0.01226,0.36265,-0.009492,-0.889950,0,1,4.63200,1624.548,2.816,3.000,1.406,5.774,34.199,48.559,0.000,0.000,0,2,1.4939,83,166,83,91,70
29,post_landing,115,1943.0,59,144.224,492.778,-0.17884,0.11699,0.21371,-0.020382,-0.899483,0,1,4.63200,1624.548,2.816,3.000,1.405,5.781,34.203,48.576,0.000,0.000,0,2,1.4939,83,166,83,91,70
29,post_landing,116,1960.0,59,144.055,492.952,-0.15314,0.09942,0.18258,-0.021470,-0.918768,0,1,4.63200,1624.548,2.816,3.000,1.402,5.795,34.204,49.391,0.000,0.000,0,2,1.4939,83,166,83,91,70
29,post_landing,117,1977.0,59,143.901,493.163,-0.46546,0.12877,0.48294,0.000000,-0.940333,0,1,4.63200,1624.548,2.816,3.000,1.397,24.408,36.613,50.214,0.000,0.000,0,2,1.4939,83,166,83,91,70
29,post_landing,118,1993.0,59,143.434,493.179,-0.47117,0.11075,0.48401,-0.003205,-0.940333,0,1,4.63200,1624.548,2.816,3.000,1.397,24.408,36.613,50.214,0.000,0.000,0,2,1.4939,83,166,83,91,70
30,falling,0,13.0,,195.000,96.616,0.00000,0.43333,0.43333,0.000000,0.000000,0,0,3.61400,888.625,5.169,11.000,11.000,11.000,12.000,12.000,0.000,0.000,0,0,1.6908,61,122,61,63,64
30,falling,1,20.0,,195.000,96.846,0.00000,0.54727,0.54727,0.000000,0.000000,0,0,3.61400,888.625,5.169,11.000,11.000,11.000,12.000,12.000,0.000,0.000,0,0,1.6908,61,122,61,63,64
30,falling,2,37.0,,195.000,97.685,0.00000,0.82223,0.82223,0.000000,0.000000,0,0,3.61400,888.625,5.169,11.000,11.000,11.000,12.000,12.000,0.000,0.000,0,0,1.6908,61,122,61,63,64
30,falling,3,54.0,,195.000,98.719,0.00000,1.07706,1.07706,0.000000,0.000000,0,0,3.61400,888.625,5.169,11.000,11.000,11.000,12.000,12.000,0.000,0.000,0,0,1.6908,61,122,61,63,64
30,falling,4,70.0,,195.000,100.089,0.00000,1.34391,1.34391,0.000000,0.000000,0,0,3.61400,888.625,5.169,11.000,11.000,11.000,12.000,12.000,0.000,0.000,0,0,1.6908,61,122,61,63,64
30,falling,5,87.0,,195.000,101.728,0.00000,1.60668,1.60668,0.000000,0.000000,0,0,3.61400,888.625,5.169,11.000,11.000,11.000,12.000,12.000,0.000,0.000,0,0,1.6908,61,122,61,63,64
30,falling,6,104.0,,195.000,103.504,0.00000,1.85021,1.85021,0.000000,0.000000,0,0,3.61400,888.625,5.169,11.000,11.000,11.000,12.000,12.000,0.000,0.000,0,0,1.6908,61,122,61,63,64
30,falling,7,120.0,,195.000,105.652,0.00000,2.10524,2.10524,0.000000,0.000000,0,0,3.61400,888.625,5.169,11.000,11.000,11.000,12.000,12.000,0.000,0.000,0,0,1.6908,61,122,61,63,64
30,falling,8,137.0,,195.000,108.055,0.00000,2.35636,2.35636,0.000000,0.000000,0,0,3.61400,888.625,5.169,11.000,11.000,11.000,12.000,12.000,0.000,0.000,0,0,1.6908,61,122,61,63,64
30,falling,9,154.0,,195.000,110.541,0.00000,2.58910,2.58910,0.000000,0.000000,0,0,3.61400,888.625,5.169,11.000,11.000,11.000,12.000,12.000,0.000,0.000,0,0,1.6908,61,122,61,63,64
30,falling,10,170.0,,195.000,113.430,0.00000,2.83282,2.83282,0.000000,0.000000,0,0,3.61400,888.625,5.169,11.000,11.000,11.000,12.000,12.000,0.000,0.000,0,0,1.6908,61,122,61,63,64
30,falling,11,187.0,,195.000,116.564,0.00000,3.07281,3.07281,0.000000,0.000000,0,0,3.61400,888.625,5.169,11.000,11.000,11.000,12.000,12.000,0.000,0.000,0,0,1.6908,61,122,61,63,64
30,falling,12,204.0,,195.000,119.728,0.00000,3.29523,3.29523,0.000000,0.000000,0,0,3.61400,888.625,5.169,11.000,11.000,11.000,12.000,12.000,0.000,0.000,0,0,1.6908,61,122,61,63,64
30,falling,13,220.0,,195.000,123.327,0.00000,3.52814,3.52814,0.000000,0.000000,0,0,3.61400,888.625,5.169,11.000,11.000,11.000,12.000,12.000,0.000,0.000,0,0,1.6908,61,122,61,63,64
30,falling,14,237.0,,195.000,127.159,0.00000,3.75750,3.75750,0.000000,0.000000,0,0,3.61400,888.625,5.169,11.000,11.000,11.000,12.000,12.000,0.000,0.000,0,0,1.6908,61,122,61,63,64
30,falling,15,254.0,,195.000,130.970,0.00000,3.97005,3.97005,0.000000,0.000000,0,0,3.61400,888.625,5.169,11.000,11.000,11.000,12.000,12.000,0.000,0.000,0,0,1.6908,61,122,61,63,64
30,falling,16,270.0,,195.000,135.247,0.00000,4.19265,4.19265,0.000000,0.000000,0,0,3.61400,888.625,5.169,11.000,11.000,11.000,12.000,12.000,0.000,0.000,0,0,1.6908,61,122,61,63,64
30,falling,17,287.0,,195.000,139.747,0.00000,4.41183,4.41183,0.000000,0.000000,0,0,3.61400,888.625,5.169,11.000,11.000,11.000,12.000,12.000,0.000,0.000,0,0,1.6908,61,122,61,63,64
30,falling,18,304.0,,195.000,144.177,0.00000,4.61497,4.61497,0.000000,0.000000,0,0,3.61400,888.625,5.169,11.000,11.000,11.000,12.000,12.000,0.000,0.000,0,0,1.6908,61,122,61,63,64
30,falling,19,320.0,,195.000,149.102,0.00000,4.82769,4.82769,0.000000,0.000000,0,0,3.61400,888.625,5.169,11.000,11.000,11.000,12.000,12.000,0.000,0.000,0,0,1.6908,61,122,61,63,64
30,falling,20,337.0,,195.000,154.240,0.00000,5.03716,5.03716,0.000000,0.000000,0,0,3.61400,888.625,5.169,11.000,11.000,11.000,12.000,12.000,0.000,0.000,0,0,1.6908,61,122,61,63,64
30,falling,21,354.0,,195.000,159.262,0.00000,5.23129,5.23129,0.000000,0.000000,0,0,3.61400,888.625,5.169,11.000,11.000,11.000,12.000,12.000,0.000,0.000,0,0,1.6908,61,122,61,63,64
30,falling,22,370.0,,195.000,164.805,0.00000,5.43459,5.43459,0.000000,0.000000,0,0,3.61400,888.625,5.169,11.000,11.000,11.000,12.000,12.000,0.000,0.000,0,0,1.6908,61,122,61,63,64
30,falling,23,387.0,,195.000,170.552,0.00000,5.63477,5.63477,0.000000,0.000000,0,0,3.61400,888.625,5.169,11.000,11.000,11.000,12.000,12.000,0.000,0.000,0,0,1.6908,61,122,61,63,64
30,falling,24,404.0,,195.000,176.140,0.00000,5.82030,5.82030,0.000000,0.000000,0,0,3.61400,888.625,5.169,11.000,11.000,11.000,12.000,12.000,0.000,0.000,0,0,1.6908,61,122,61,63,64
30,falling,25,420.0,,195.000,182.275,0.00000,6.01458,6.01458,0.000000,0.000000,0,0,3.61400,888.625,5.169,11.000,11.000,11.000,12.000,12.000,0.000,0.000,0,0,1.6908,61,122,61,63,64
30,falling,26,437.0,,195.000,188.605,0.00000,6.20589,6.20589,0.000000,0.000000,0,0,3.61400,888.625,5.169,11.000,11.000,11.000,12.000,12.000,0.000,0.000,0,0,1.6908,61,122,61,63,64
30,falling,27,454.0,,195.000,194.733,0.00000,6.38319,6.38319,0.000000,0.000000,0,0,3.61400,888.625,5.169,11.000,11.000,11.000,12.000,12.000,0.000,0.000,0,0,1.6908,61,122,61,63,64
30,falling,28,470.0,,195.000,201.433,0.00000,6.56886,6.56886,0.000000,0.000000,0,0,3.61400,888.625,5.169,11.000,11.000,11.000,12.000,12.000,0.000,0.000,0,0,1.6908,61,122,61,63,64
30,falling,29,487.0,,195.000,208.320,0.00000,6.75169,6.75169,0.000000,0.000000,0,0,3.61400,888.625,5.169,11.000,11.000,11.000,12.000,12.000,0.000,0.000,0,0,1.6908,61,122,61,63,64
30,falling,30,505.0,,195.000,214.964,0.00000,6.92114,6.92114,0.000000,0.000000,0,0,3.61400,888.625,5.169,11.000,11.000,11.000,12.000,12.000,0.000,0.000,0,0,1.6908,61,122,61,63,64
30,falling,31,520.0,,195.000,222.204,0.00000,7.09857,7.09857,0.000000,0.000000,0,0,3.61400,888.625,5.169,11.000,11.000,11.000,12.000,12.000,0.000,0.000,0,0,1.6908,61,122,61,63,64
30,falling,32,537.0,,195.000,229.623,0.00000,7.27330,7.27330,0.000000,0.000000,0,0,3.61400,888.625,5.169,11.000,11.000,11.000,12.000,12.000,0.000,0.000,0,0,1.6908,61,122,61,63,64
30,falling,33,554.0,,195.000,236.761,0.00000,7.43523,7.43523,0.000000,0.000000,0,0,3.61400,888.625,5.169,11.000,11.000,11.000,12.000,12.000,0.000,0.000,0,0,1.6908,61,122,61,63,64
30,falling,34,570.0,,195.000,244.518,0.00000,7.60481,7.60481,0.000000,0.000000,0,0,3.61400,888.625,5.169,11.000,11.000,11.000,12.000,12.000,0.000,0.000,0,0,1.6908,61,122,61,63,64
30,falling,35,587.0,,195.000,252.445,0.00000,7.77179,7.77179,0.000000,0.000000,0,0,3.61400,888.625,5.169,11.000,11.000,11.000,12.000,12.000,0.000,0.000,0,0,1.6908,61,122,61,63,64
30,falling,36,604.0,,195.000,260.055,0.00000,7.92654,7.92654,0.000000,0.000000,0,0,3.61400,888.625,5.169,11.000,11.000,11.000,12.000,12.000,0.000,0.000,0,0,1.6908,61,122,61,63,64
30,falling,37,620.0,,195.000,268.305,0.00000,8.08860,8.08860,0.000000,0.000000,0,0,3.61400,888.625,5.169,11.000,11.000,11.000,12.000,12.000,0.000,0.000,0,0,1.6908,61,122,61,63,64
30,falling,38,637.0,,195.000,276.718,0.00000,8.24817,8.24817,0.000000,0.000000,0,0,3.61400,888.625,5.169,11.000,11.000,11.000,12.000,12.000,0.000,0.000,0,0,1.6908,61,122,61,63,64
30,falling,39,654.0,,195.000,284.778,0.00000,8.39607,8.39607,0.000000,0.000000,0,0,3.61400,888.625,5.169,11.000,11.000,11.000,12.000,12.000,0.000,0.000,0,0,1.6908,61,122,61,63,64
30,falling,40,670.0,,195.000,293.500,0.00000,8.55094,8.55094,0.000000,0.000000,0,0,3.61400,888.625,5.169,11.000,11.000,11.000,12.000,12.000,0.000,0.000,0,0,1.6908,61,122,61,63,64
30,falling,41,687.0,,195.000,302.378,0.00000,8.70344,8.70344,0.000000,0.000000,0,0,3.61400,888.625,5.169,11.000,11.000,11.000,12.000,12.000,0.000,0.000,0,0,1.6908,61,122,61,63,64
30,falling,42,704.0,,195.000,310.869,0.00000,8.84478,8.84478,0.000000,0.000000,0,0,3.61400,888.625,5.169,11.000,11.000,11.000,12.000,12.000,0.000,0.000,0,0,1.6908,61,122,61,63,64
30,falling,43,720.0,,195.000,320.041,0.00000,8.99279,8.99279,0.000000,0.000000,0,0,3.61400,888.625,5.169,11.000,11.000,11.000,12.000,12.000,0.000,0.000,0,0,1.6908,61,122,61,63,64
30,falling,44,737.0,,195.000,329.363,0.00000,9.13853,9.13853,0.000000,0.000000,0,0,3.61400,888.625,5.169,11.000,11.000,11.000,12.000,12.000,0.000,0.000,0,0,1.6908,61,122,61,63,64
30,falling,45,754.0,,195.000,338.265,0.00000,9.27360,9.27360,0.000000,0.000000,0,0,3.61400,888.625,5.169,11.000,11.000,11.000,12.000,12.000,0.000,0.000,0,0,1.6908,61,122,61,63,64
30,falling,46,770.0,,195.000,347.869,0.00000,9.41505,9.41505,0.000000,0.000000,0,0,3.61400,888.625,5.169,11.000,11.000,11.000,12.000,12.000,0.000,0.000,0,0,1.6908,61,122,61,63,64
30,falling,47,787.0,,195.000,357.614,0.00000,9.55433,9.55433,0.000000,0.000000,0,0,3.61400,888.625,5.169,11.000,11.000,11.000,12.000,12.000,0.000,0.000,0,0,1.6908,61,122,61,63,64
30,falling,48,804.0,,195.000,366.910,0.00000,9.68342,9.68342,0.000000,0.000000,0,0,3.61400,888.625,5.169,11.000,11.000,11.000,12.000,12.000,0.000,0.000,0,0,1.6908,61,122,61,63,64
30,falling,49,820.0,,195.000,376.925,0.00000,9.81860,9.81860,0.000000,0.000000,0,0,3.61400,888.625,5.169,11.000,11.000,11.000,12.000,12.000,0.000,0.000,0,0,1.6908,61,122,61,63,64
30,falling,50,837.0,,195.000,387.076,0.00000,9.95170,9.95170,0.000000,0.000000,0,0,3.61400,888.625,5.169,11.000,11.000,11.000,12.000,12.000,0.000,0.000,0,0,1.6908,61,122,61,63,64
30,falling,51,853.0,,195.000,396.748,0.00000,10.07507,10.07507,0.000000,0.000000,0,0,3.61400,888.625,5.169,11.000,11.000,11.000,12.000,12.000,0.000,0.000,0,0,1.6908,61,122,61,63,64
30,falling,52,870.0,,195.000,407.156,0.00000,10.20425,10.20425,0.000000,0.000000,0,0,3.61400,888.625,5.169,11.000,11.000,11.000,12.000,12.000,0.000,0.000,0,0,1.6908,61,122,61,63,64
30,falling,53,887.0,,195.000,417.694,0.00000,10.33146,10.33146,0.000000,0.000000,0,0,3.61400,888.625,5.169,11.000,11.000,11.000,12.000,12.000,0.000,0.000,0,0,1.6908,61,122,61,63,64
30,falling,54,904.0,,195.000,427.726,0.00000,10.44935,10.44935,0.000000,0.000000,0,0,3.61400,888.625,5.169,11.000,11.000,11.000,12.000,12.000,0.000,0.000,0,0,1.6908,61,122,61,63,64
30,falling,55,920.0,,195.000,438.510,0.00000,10.57281,10.57281,0.000000,0.000000,0,0,3.61400,888.625,5.169,11.000,11.000,11.000,12.000,12.000,0.000,0.000,0,0,1.6908,61,122,61,63,64
30,falling,56,937.0,,195.000,449.418,0.00000,10.69438,10.69438,0.000000,0.000000,0,0,3.61400,888.625,5.169,11.000,11.000,11.000,12.000,12.000,0.000,0.000,0,0,1.6908,61,122,61,63,64
30,falling,57,954.0,,195.000,459.793,0.00000,10.80705,10.80705,0.000000,0.000000,0,0,3.61400,888.625,5.169,11.000,11.000,11.000,12.000,12.000,0.000,0.000,0,0,1.6908,61,122,61,63,64
30,falling,58,970.0,,195.000,470.937,0.00000,10.92503,10.92503,0.000000,0.000000,0,0,3.61400,888.625,5.169,11.000,11.000,11.000,12.000,12.000,0.000,0.000,0,0,1.6908,61,122,61,63,64
30,post_landing,59,987.0,59,195.000,478.817,-1.27022,-0.29128,1.30319,-0.008296,0.000000,0,1,3.61400,888.625,5.169,11.000,11.000,11.000,12.000,12.000,0.000,0.000,0,2,1.6908,61,122,61,63,64
30,post_landing,60,1004.0,59,193.798,478.359,-0.79770,0.00000,0.79770,-0.032832,-0.007849,0,1,3.61400,888.625,5.169,11.000,9.008,11.000,12.023,12.055,0.000,0.000,0,1,1.6908,61,122,61,63,64
30,post_landing,61,1020.0,59,192.997,478.554,-0.59571,-0.04929,0.59775,-0.029129,-0.040825,0,1,3.61400,888.625,5.169,11.000,9.033,10.991,12.112,12.276,0.000,0.000,0,1,1.6908,61,122,61,63,64
30,post_landing,62,1037.0,59,192.399,478.799,-0.40875,-0.04939,0.41172,-0.027638,-0.070083,0,1,3.61400,888.625,5.169,11.000,9.048,10.973,12.181,12.461,0.000,0.000,0,1,1.6908,61,122,61,63,64
30,post_landing,63,1054.0,59,192.012,479.029,-0.63216,0.08284,0.63756,0.007912,-0.096233,0,1,3.61400,888.625,5.169,11.000,9.054,10.949,12.233,12.617,0.000,0.000,0,1,1.6908,61,122,61,63,64
30,post_landing,64,1070.0,59,191.377,478.958,-1.04923,-0.61202,1.21468,0.004997,-0.088287,0,1,3.61400,888.625,5.169,11.000,9.053,10.957,12.218,12.570,0.000,0.000,0,1,1.6908,61,122,61,63,64
30,post_landing,65,1087.0,59,190.323,478.633,-1.03317,-0.31933,1.08139,0.004921,-0.083267,0,0,3.61400,888.625,5.169,11.000,9.052,10.962,12.208,12.541,0.000,0.000,0,0,1.6908,61,122,61,63,64
30,post_landing,66,1104.0,59,189.346,478.587,-1.01829,-0.04806,1.01943,0.004850,-0.078611,0,0,3.61400,888.625,5.169,11.000,9.051,10.966,12.199,12.513,0.000,0.000,0,0,1.6908,61,122,61,63,64
30,post_landing,67,1120.0,59,188.323,478.830,-1.04457,0.08968,1.04841,0.009833,-0.073740,0,1,3.61400,888.625,5.169,11.000,9.049,10.970,12.188,12.483,0.000,0.000,0,1,1.6908,61,122,61,63,64
30,post_landing,68,1137.0,59,187.274,478.748,-1.16121,-0.37311,1.21968,0.000000,-0.063864,0,1,3.61400,888.625,5.169,11.000,9.045,10.978,12.167,12.422,0.000,0.000,0,1,1.6908,61,122,61,63,64
30,post_landing,69,1153.0,59,186.175,478.651,-1.14448,-0.10107,1.14894,0.000000,-0.063864,0,0,3.61400,888.625,5.169,11.000,9.045,10.978,12.167,12.422,0.000,0.000,0,0,1.6908,61,122,61,63,64
30,post_landing,70,1170.0,59,185.025,478.754,-1.65949,0.06985,1.66096,0.046132,-0.063864,0,1,3.61400,888.625,5.169,11.000,9.045,10.978,12.167,12.422,0.000,0.000,0,1,1.6908,61,122,61,63,64
30,post_landing,71,1187.0,59,183.359,478.418,-1.81173,0.12716,1.81619,0.040223,-0.017529,0,1,3.61400,888.625,5.169,11.000,9.016,10.998,12.051,12.121,0.000,0.000,0,1,1.6908,61,122,61,63,64
30,post_landing,72,1204.0,59,181.644,478.111,-1.09424,0.01437,1.09434,-0.032665,0.020529,0,1,3.61400,888.625,5.169,11.000,7.019,10.998,11.059,12.080,0.000,0.000,0,1,1.6908,61,122,61,63,64
30,post_landing,73,1220.0,59,180.545,478.386,-0.77682,0.02270,0.77715,-0.035088,-0.012280,0,1,3.61400,888.625,5.169,11.000,9.012,10.999,12.036,12.085,0.000,0.000,0,1,1.6908,61,122,61,63,64
30,post_landing,74,1237.0,59,179.765,478.626,-0.63540,-0.07194,0.63946,-0.026486,-0.047521,0,1,3.61400,888.625,5.169,11.000,9.037,10.988,12.129,12.319,0.000,0.000,0,1,1.6908,61,122,61,63,64
30,post_landing,75,1254.0,59,179.164,478.818,0.13856,-0.12477,0.18646,-0.072886,-0.072582,0,1,3.61400,888.625,5.169,11.000,9.049,10.971,12.186,12.476,0.000,0.000,0,1,1.6908,61,122,61,63,64
30,post_landing,76,1270.0,59,179.303,478.984,0.13644,0.16047,0.21064,-0.071771,-0.145788,0,0,3.61400,888.625,5.169,11.000,9.050,9.050,12.309,12.890,0.000,0.000,0,0,1.6908,61,122,61,63,64
30,post_landing,77,1287.0,59,179.440,479.437,0.13436,0.44135,0.46135,-0.070673,-0.217874,0,0,3.61400,888.625,5.169,11.000,4.122,9.003,12.581,13.446,0.000,0.000,0,0,1.6908,61,122,61,63,64
30,post_landing,78,1304.0,59,179.567,480.112,0.13242,0.70166,0.71405,-0.069655,-0.284743,0,0,3.61400,888.625,5.169,11.000,4.120,8.919,12.640,13.764,0.000,0.000,0,0,1.6908,61,122,61,63,64
30,post_landing,79,1320.0,59,179.700,481.107,0.13040,0.97426,0.98295,-0.068589,-0.354704,0,0,3.61400,888.625,5.169,11.000,4.098,4.098,12.642,14.031,0.000,0.000,0,0,1.6908,61,122,61,63,64
30,post_landing,80,1337.0,59,179.831,482.376,0.12840,1.24269,1.24930,-0.067540,-0.423595,0,0,3.61400,888.625,5.169,11.000,4.058,4.058,11.171,14.228,0.000,0.000,0,0,1.6908,61,122,61,63,64
30,post_landing,81,1354.0,59,179.953,483.809,0.12655,1.49146,1.49682,-0.066567,-0.487500,0,0,3.61400,888.625,5.169,11.000,4.002,4.002,11.177,14.349,0.000,0.000,0,0,1.6908,61,122,61,63,64
30,post_landing,82,1370.0,59,180.080,485.597,0.12462,1.75197,1.75640,-0.065549,-0.554360,0,0,3.61400,888.625,5.169,11.000,0.000,3.927,11.134,15.467,0.000,0.000,0,0,1.6908,61,122,61,63,64
30,post_landing,83,1387.0,59,180.205,487.646,0.12271,2.00850,2.01225,-0.064546,-0.620197,0,0,3.61400,888.625,5.169,11.000,0.000,6.394,6.975,30.573,0.000,0.000,0,0,1.6908,61,122,61,63,64
30,post_landing,84,1404.0,59,180.321,489.525,-0.19005,0.63842,0.66611,-0.035770,-0.681269,0,1,3.61400,888.625,5.169,11.000,0.000,6.403,7.033,36.864,0.000,0.000,0,1,1.6908,61,122,61,63,64
30,post_landing,85,1420.0,59,180.130,490.455,-0.18714,0.91198,0.93099,-0.035222,-0.717196,0,0,3.61400,888.625,5.169,11.000,0.000,6.397,7.055,41.767,0.000,0.000,0,0,1.6908,61,122,61,63,64
30,post_landing,86,1437.0,59,179.942,491.544,-0.33465,0.31028,0.45636,-0.024317,-0.752573,0,1,3.61400,888.625,5.169,11.000,0.000,2.780,7.067,42.450,0.000,0.000,0,1,1.6908,61,122,61,63,64
30,post_landing,87,1454.0,59,179.626,492.094,-0.32983,0.57248,0.66069,-0.023967,-0.775582,0,0,3.61400,888.625,5.169,11.000,0.000,2.814,7.071,42.438,0.000,0.000,0,0,1.6908,61,122,61,63,64
30,post_landing,88,1470.0,59,179.294,492.959,-0.34857,0.26447,0.43754,-0.015676,-0.799654,0,1,3.61400,888.625,5.169,11.000,0.000,2.848,29.019,42.402,0.000,0.000,0,1,1.6908,61,122,61,63,64
30,post_landing,89,1487.0,59,178.944,493.453,-0.34405,0.18271,0.38956,-0.008777,-0.815399,0,1,3.61400,888.625,5.169,11.000,0.000,2.870,35.424,41.722,0.000,0.000,0,1,1.6908,61,122,61,63,64
30,post_landing,90,1504.0,59,178.619,493.720,-0.32985,0.15313,0.36366,-0.005441,-0.823704,0,1,3.61400,888.625,5.169,11.000,0.000,3.614,35.438,41.716,0.000,0.000,0,1,1.6908,61,122,61,63,64
30,post_landing,91,1520.0,59,178.287,493.902,-0.30695,0.14489,0.33943,-0.005031,-0.829169,0,1,3.61400,888.625,5.169,11.000,0.000,3.625,35.445,41.710,0.000,0.000,0,1,1.6908,61,122,61,63,64
30,post_landing,92,1537.0,59,177.979,494.063,-0.29162,0.14000,0.32349,-0.004845,-0.834223,0,1,3.61400,888.625,5.169,11.000,0.000,3.635,37.605,41.704,0.000,0.000,0,1,1.6908,61,122,61,63,64
30,post_landing,93,1554.0,59,177.703,494.206,-0.27776,0.13305,0.30798,-0.004613,-0.838807,0,1,3.61400,888.625,5.169,11.000,0.000,3.644,37.612,45.417,0.000,0.000,0,1,1.6908,61,122,61,63,64
30,post_landing,94,1570.0,59,177.424,494.358,-0.26714,0.28169,0.38822,-0.008055,-0.843440,0,1,3.61400,888.625,5.169,11.000,0.000,3.653,37.619,45.425,0.000,0.000,0,1,1.6908,61,122,61,63,64
30,post_landing,95,1587.0,59,177.156,494.621,-0.25775,0.36635,0.44793,-0.014582,-0.851530,0,1,3.61400,888.625,5.169,11.000,0.000,3.668,37.628,45.436,0.000,0.000,0,1,1.6908,61,122,61,63,64
30,post_landing,96,1604.0,59,176.912,495.057,-0.25044,0.42619,0.49432,-0.018619,-0.865327,0,1,3.61400,888.625,5.169,11.000,0.000,3.694,38.401,45.449,0.000,0.000,0,1,1.6908,61,122,61,63,64
30,post_landing,97,1620.0,59,176.660,495.670,-0.23835,0.49179,0.54651,-0.021364,-0.884028,0,1,3.61400,888.625,5.169,11.000,0.000,32.153,38.416,45.592,0.000,0.000,0,1,1.6908,61,122,61,63,64
30,post_landing,98,1637.0,59,176.421,496.384,-0.22299,0.54815,0.59178,-0.023141,-0.905486,0,1,3.61400,888.625,5.169,11.000,0.000,34.374,38.417,45.607,0.000,0.000,0,1,1.6908,61,122,61,63,64
30,post_landing,99,1654.0,59,176.210,497.123,-0.21822,0.58243,0.62197,-0.023388,-0.927381,0,1,3.61400,888.625,5.169,11.000,34.400,35.200,38.400,46.600,0.000,0.000,0,1,1.6908,61,122,61,63,64
30,post_landing,100,1670.0,59,175.991,497.876,-0.53003,-0.02285,0.53052,-0.009402,-0.950872,0,1,3.61400,888.625,5.169,11.000,35.223,35.223,42.431,46.615,0.000,0.000,0,6,1.6908,61,122,61,63,64
30,post_landing,101,1687.0,59,175.459,497.912,-0.58797,0.00000,0.58797,-0.000866,-0.960315,0,1,3.61400,888.625,5.169,11.000,35.227,35.227,42.436,46.614,0.000,0.000,0,5,1.6908,61,122,61,63,64
30,post_landing,102,1704.0,59,174.902,497.915,-0.48841,-0.04598,0.49057,-0.009341,-0.961135,0,1,3.61400,888.625,5.169,11.000,35.227,35.227,42.437,46.614,0.000,0.000,0,5,1.6908,61,122,61,63,64
30,post_landing,103,1720.0,59,174.412,497.956,-0.82667,0.00000,0.82667,0.013965,-0.970517,0,1,3.61400,888.625,5.169,11.000,35.228,35.228,42.438,46.608,0.000,0.000,0,5,1.6908,61,122,61,63,64
30,post_landing,104,1737.0,59,173.581,497.982,-0.45883,0.08136,0.46598,-0.015246,-0.956491,0,1,3.61400,888.625,5.169,11.000,35.226,35.226,42.434,46.615,0.000,0.000,0,7,1.6908,61,122,61,63,64
30,post_landing,105,1754.0,59,173.147,497.967,-0.60227,0.15087,0.62088,-0.001732,-0.970917,0,1,3.61400,888.625,5.169,11.000,10.816,35.228,42.438,46.608,0.000,0.000,0,5,1.6908,61,122,61,63,64
30,post_landing,106,1770.0,59,172.542,498.104,-0.83019,-0.14002,0.84192,0.007569,-0.972657,0,1,3.61400,888.625,5.169,11.000,10.816,35.227,42.438,46.606,0.000,0.000,0,7,1.6908,61,122,61,63,64
30,post_landing,107,1787.0,59,171.708,497.939,-0.44627,0.03977,0.44804,-0.021159,-0.965055,0,1,3.61400,888.625,5.169,11.000,35.228,35.228,42.438,46.612,0.000,0.000,0,5,1.6908,61,122,61,63,64
30,post_landing,108,1804.0,59,171.286,498.026,-0.80871,0.05848,0.81082,0.009817,-0.985074,0,1,3.61400,888.625,5.169,11.000,10.817,35.222,39.389,43.828,0.000,0.000,0,5,1.6908,61,122,61,63,64
30,post_landing,109,1820.0,59,170.474,498.062,0.77678,0.17082,0.79534,-0.115157,-0.975215,0,1,3.61400,888.625,5.169,11.000,10.816,35.227,42.438,43.799,0.000,0.000,0,6,1.6908,61,122,61,63,64
30,post_landing,110,1837.0,59,171.254,498.204,0.00590,0.09166,0.09184,-0.037270,-1.090877,0,1,3.61400,888.625,5.169,11.000,5.820,10.754,17.886,43.865,0.000,0.000,0,2,1.6908,61,122,61,63,64
30,post_landing,111,1854.0,59,171.260,498.372,-0.44583,0.02901,0.44677,0.001406,-1.126141,0,1,3.61400,888.625,5.169,11.000,5.804,10.706,18.358,45.659,0.000,0.000,0,2,1.6908,61,122,61,63,64
30,post_landing,112,1870.0,59,170.812,498.376,-0.70617,0.14922,0.72177,0.021843,-1.124728,0,1,3.61400,888.625,5.169,11.000,5.805,10.708,18.357,45.656,0.000,0.000,0,2,1.6908,61,122,61,63,64
30,post_landing,113,1887.0,59,170.103,498.462,-0.59181,0.11830,0.60352,0.005976,-1.102790,0,1,3.61400,888.625,5.169,11.000,5.816,10.739,17.888,41.141,0.000,0.000,0,4,1.6908,61,122,61,63,64
30,post_landing,114,1904.0,59,169.543,498.431,-0.71002,-0.04121,0.71122,0.011594,-1.097135,0,1,3.61400,888.625,5.169,11.000,5.818,10.746,17.888,41.137,0.000,0.000,0,4,1.6908,61,122,61,63,64
30,post_landing,115,1920.0,59,168.830,498.377,-0.56895,-0.02066,0.56933,0.001423,-1.085490,0,1,3.61400,888.625,5.169,11.000,5.822,10.760,17.884,43.875,0.000,0.000,0,4,1.6908,61,122,61,63,64
30,post_landing,116,1937.0,59,168.258,498.370,-0.78568,-0.08075,0.78982,0.025708,-1.084061,0,1,3.61400,888.625,5.169,11.000,5.823,10.761,17.884,43.877,0.000,0.000,0,4,1.6908,61,122,61,63,64
30,post_landing,117,1954.0,59,167.515,498.262,-0.24316,-0.22161,0.32900,-0.024325,-1.059737,0,1,3.61400,888.625,5.169,11.000,5.828,12.146,39.438,43.905,0.000,0.000,0,4,1.6908,61,122,61,63,64
30,post_landing,118,1970.0,59,167.270,498.162,-0.40288,0.05079,0.40606,-0.004910,-1.084169,0,1,3.61400,888.625,5.169,11.000,5.823,10.761,17.884,43.877,0.000,0.000,0,2,1.6908,61,122,61,63,64
31,falling,0,20.0,,195.000,96.964,0.00000,0.53333,0.53333,0.000000,0.000000,0,0,3.29200,592.235,0.868,7.000,7.000,9.000,10.000,20.000,0.000,0.000,0,0,1.8880,58,116,58,65,67
31,falling,1,22.0,,195.000,97.032,0.00000,0.56571,0.56571,0.000000,0.000000,0,0,3.29200,592.235,0.868,7.000,7.000,9.000,10.000,20.000,0.000,0.000,0,0,1.8880,58,116,58,65,67
31,falling,2,38.0,,195.000,97.823,0.00000,0.82423,0.82423,0.000000,0.000000,0,0,3.29200,592.235,0.868,7.000,7.000,9.000,10.000,20.000,0.000,0.000,0,0,1.8880,58,116,58,65,67
31,falling,3,55.0,,195.000,98.940,0.00000,1.09495,1.09495,0.000000,0.000000,0,0,3.29200,592.235,0.868,7.000,7.000,9.000,10.000,20.000,0.000,0.000,0,0,1.8880,58,116,58,65,67
31,falling,4,72.0,,195.000,100.232,0.00000,1.34585,1.34585,0.000000,0.000000,0,0,3.29200,592.235,0.868,7.000,7.000,9.000,10.000,20.000,0.000,0.000,0,0,1.8880,58,116,58,65,67
31,falling,5,88.0,,195.000,101.873,0.00000,1.60859,1.60859,0.000000,0.000000,0,0,3.29200,592.235,0.868,7.000,7.000,9.000,10.000,20.000,0.000,0.000,0,0,1.8880,58,116,58,65,67
31,falling,6,105.0,,195.000,103.777,0.00000,1.86731,1.86731,0.000000,0.000000,0,0,3.29200,592.235,0.868,7.000,7.000,9.000,10.000,20.000,0.000,0.000,0,0,1.8880,58,116,58,65,67
31,falling,7,121.0,,195.000,105.800,0.00000,2.10709,2.10709,0.000000,0.000000,0,0,3.29200,592.235,0.868,7.000,7.000,9.000,10.000,20.000,0.000,0.000,0,0,1.8880,58,116,58,65,67
31,falling,8,138.0,,195.000,108.206,0.00000,2.35819,2.35819,0.000000,0.000000,0,0,3.29200,592.235,0.868,7.000,7.000,9.000,10.000,20.000,0.000,0.000,0,0,1.8880,58,116,58,65,67
31,falling,9,155.0,,195.000,110.863,0.00000,2.60544,2.60544,0.000000,0.000000,0,0,3.29200,592.235,0.868,7.000,7.000,9.000,10.000,20.000,0.000,0.000,0,0,1.8880,58,116,58,65,67
31,falling,10,171.0,,195.000,113.584,0.00000,2.83459,2.83459,0.000000,0.000000,0,0,3.29200,592.235,0.868,7.000,7.000,9.000,10.000,20.000,0.000,0.000,0,0,1.8880,58,116,58,65,67
31,falling,11,188.0,,195.000,116.720,0.00000,3.07455,3.07455,0.000000,0.000000,0,0,3.29200,592.235,0.868,7.000,7.000,9.000,10.000,20.000,0.000,0.000,0,0,1.8880,58,116,58,65,67
31,falling,12,205.0,,195.000,120.097,0.00000,3.31084,3.31084,0.000000,0.000000,0,0,3.29200,592.235,0.868,7.000,7.000,9.000,10.000,20.000,0.000,0.000,0,0,1.8880,58,116,58,65,67
31,falling,13,221.0,,195.000,123.486,0.00000,3.52983,3.52983,0.000000,0.000000,0,0,3.29200,592.235,0.868,7.000,7.000,9.000,10.000,20.000,0.000,0.000,0,0,1.8880,58,116,58,65,67
31,falling,14,238.0,,195.000,127.320,0.00000,3.75916,3.75916,0.000000,0.000000,0,0,3.29200,592.235,0.868,7.000,7.000,9.000,10.000,20.000,0.000,0.000,0,0,1.8880,58,116,58,65,67
31,falling,15,255.0,,195.000,131.385,0.00000,3.98498,3.98498,0.000000,0.000000,0,0,3.29200,592.235,0.868,7.000,7.000,9.000,10.000,20.000,0.000,0.000,0,0,1.8880,58,116,58,65,67
31,falling,16,272.0,,195.000,135.412,0.00000,4.19426,4.19426,0.000000,0.000000,0,0,3.29200,592.235,0.868,7.000,7.000,9.000,10.000,20.000,0.000,0.000,0,0,1.8880,58,116,58,65,67
31,falling,17,288.0,,195.000,139.913,0.00000,4.41342,4.41342,0.000000,0.000000,0,0,3.29200,592.235,0.868,7.000,7.000,9.000,10.000,20.000,0.000,0.000,0,0,1.8880,58,116,58,65,67
31,falling,18,305.0,,195.000,144.635,0.00000,4.62923,4.62923,0.000000,0.000000,0,0,3.29200,592.235,0.868,7.000,7.000,9.000,10.000,20.000,0.000,0.000,0,0,1.8880,58,116,58,65,67
31,falling,19,322.0,,195.000,149.271,0.00000,4.82924,4.82924,0.000000,0.000000,0,0,3.29200,592.235,0.868,7.000,7.000,9.000,10.000,20.000,0.000,0.000,0,0,1.8880,58,116,58,65,67
31,falling,20,338.0,,195.000,154.411,0.00000,5.03868,5.03868,0.000000,0.000000,0,0,3.29200,592.235,0.868,7.000,7.000,9.000,10.000,20.000,0.000,0.000,0,0,1.8880,58,116,58,65,67
31,falling,21,355.0,,195.000,159.760,0.00000,5.24492,5.24492,0.000000,0.000000,0,0,3.29200,592.235,0.868,7.000,7.000,9.000,10.000,20.000,0.000,0.000,0,0,1.8880,58,116,58,65,67
31,falling,22,371.0,,195.000,164.979,0.00000,5.43606,5.43606,0.000000,0.000000,0,0,3.29200,592.235,0.868,7.000,7.000,9.000,10.000,20.000,0.000,0.000,0,0,1.8880,58,116,58,65,67
31,falling,23,388.0,,195.000,170.728,0.00000,5.63623,5.63623,0.000000,0.000000,0,0,3.29200,592.235,0.868,7.000,7.000,9.000,10.000,20.000,0.000,0.000,0,0,1.8880,58,116,58,65,67
31,falling,24,405.0,,195.000,176.678,0.00000,5.83332,5.83332,0.000000,0.000000,0,0,3.29200,592.235,0.868,7.000,7.000,9.000,10.000,20.000,0.000,0.000,0,0,1.8880,58,116,58,65,67
31,falling,25,422.0,,195.000,182.453,0.00000,6.01599,6.01599,0.000000,0.000000,0,0,3.29200,592.235,0.868,7.000,7.000,9.000,10.000,20.000,0.000,0.000,0,0,1.8880,58,116,58,65,67
31,falling,26,438.0,,195.000,188.785,0.00000,6.20728,6.20728,0.000000,0.000000,0,0,3.29200,592.235,0.868,7.000,7.000,9.000,10.000,20.000,0.000,0.000,0,0,1.8880,58,116,58,65,67
31,falling,27,455.0,,195.000,195.308,0.00000,6.39564,6.39564,0.000000,0.000000,0,0,3.29200,592.235,0.868,7.000,7.000,9.000,10.000,20.000,0.000,0.000,0,0,1.8880,58,116,58,65,67
31,falling,28,472.0,,195.000,201.616,0.00000,6.57021,6.57021,0.000000,0.000000,0,0,3.29200,592.235,0.868,7.000,7.000,9.000,10.000,20.000,0.000,0.000,0,0,1.8880,58,116,58,65,67
31,falling,29,488.0,,195.000,208.504,0.00000,6.75302,6.75302,0.000000,0.000000,0,0,3.29200,592.235,0.868,7.000,7.000,9.000,10.000,20.000,0.000,0.000,0,0,1.8880,58,116,58,65,67
31,falling,30,505.0,,195.000,215.576,0.00000,6.93303,6.93303,0.000000,0.000000,0,0,3.29200,592.235,0.868,7.000,7.000,9.000,10.000,20.000,0.000,0.000,0,0,1.8880,58,116,58,65,67
31,falling,31,521.0,,195.000,222.391,0.00000,7.09986,7.09986,0.000000,0.000000,0,0,3.29200,592.235,0.868,7.000,7.000,9.000,10.000,20.000,0.000,0.000,0,0,1.8880,58,116,58,65,67
31,falling,32,538.0,,195.000,229.811,0.00000,7.27457,7.27457,0.000000,0.000000,0,0,3.29200,592.235,0.868,7.000,7.000,9.000,10.000,20.000,0.000,0.000,0,0,1.8880,58,116,58,65,67
31,falling,33,555.0,,195.000,237.407,0.00000,7.44660,7.44660,0.000000,0.000000,0,0,3.29200,592.235,0.868,7.000,7.000,9.000,10.000,20.000,0.000,0.000,0,0,1.8880,58,116,58,65,67
31,falling,34,572.0,,195.000,244.709,0.00000,7.60604,7.60604,0.000000,0.000000,0,0,3.29200,592.235,0.868,7.000,7.000,9.000,10.000,20.000,0.000,0.000,0,0,1.8880,58,116,58,65,67
31,falling,35,588.0,,195.000,252.637,0.00000,7.77300,7.77300,0.000000,0.000000,0,0,3.29200,592.235,0.868,7.000,7.000,9.000,10.000,20.000,0.000,0.000,0,0,1.8880,58,116,58,65,67
31,falling,36,605.0,,195.000,260.733,0.00000,7.93740,7.93740,0.000000,0.000000,0,0,3.29200,592.235,0.868,7.000,7.000,9.000,10.000,20.000,0.000,0.000,0,0,1.8880,58,116,58,65,67
31,falling,37,622.0,,195.000,268.500,0.00000,8.08977,8.08977,0.000000,0.000000,0,0,3.29200,592.235,0.868,7.000,7.000,9.000,10.000,20.000,0.000,0.000,0,0,1.8880,58,116,58,65,67
31,falling,38,638.0,,195.000,276.914,0.00000,8.24933,8.24933,0.000000,0.000000,0,0,3.29200,592.235,0.868,7.000,7.000,9.000,10.000,20.000,0.000,0.000,0,0,1.8880,58,116,58,65,67
31,falling,39,655.0,,195.000,285.488,0.00000,8.40645,8.40645,0.000000,0.000000,0,0,3.29200,592.235,0.868,7.000,7.000,9.000,10.000,20.000,0.000,0.000,0,0,1.8880,58,116,58,65,67
31,falling,40,672.0,,195.000,293.698,0.00000,8.55206,8.55206,0.000000,0.000000,0,0,3.29200,592.235,0.868,7.000,7.000,9.000,10.000,20.000,0.000,0.000,0,0,1.8880,58,116,58,65,67
31,falling,41,688.0,,195.000,302.577,0.00000,8.70455,8.70455,0.000000,0.000000,0,0,3.29200,592.235,0.868,7.000,7.000,9.000,10.000,20.000,0.000,0.000,0,0,1.8880,58,116,58,65,67
31,falling,42,705.0,,195.000,311.609,0.00000,8.85471,8.85471,0.000000,0.000000,0,0,3.29200,592.235,0.868,7.000,7.000,9.000,10.000,20.000,0.000,0.000,0,0,1.8880,58,116,58,65,67
31,falling,43,721.0,,195.000,320.243,0.00000,8.99386,8.99386,0.000000,0.000000,0,0,3.29200,592.235,0.868,7.000,7.000,9.000,10.000,20.000,0.000,0.000,0,0,1.8880,58,116,58,65,67
31,falling,44,738.0,,195.000,329.565,0.00000,9.13959,9.13959,0.000000,0.000000,0,0,3.29200,592.235,0.868,7.000,7.000,9.000,10.000,20.000,0.000,0.000,0,0,1.8880,58,116,58,65,67
31,falling,45,755.0,,195.000,339.034,0.00000,9.28309,9.28309,0.000000,0.000000,0,0,3.29200,592.235,0.868,7.000,7.000,9.000,10.000,20.000,0.000,0.000,0,0,1.8880,58,116,58,65,67
31,falling,46,772.0,,195.000,348.074,0.00000,9.41608,9.41608,0.000000,0.000000,0,0,3.29200,592.235,0.868,7.000,7.000,9.000,10.000,20.000,0.000,0.000,0,0,1.8880,58,116,58,65,67
31,falling,47,788.0,,195.000,357.820,0.00000,9.55535,9.55535,0.000000,0.000000,0,0,3.29200,592.235,0.868,7.000,7.000,9.000,10.000,20.000,0.000,0.000,0,0,1.8880,58,116,58,65,67
31,falling,48,805.0,,195.000,367.706,0.00000,9.69248,9.69248,0.000000,0.000000,0,0,3.29200,592.235,0.868,7.000,7.000,9.000,10.000,20.000,0.000,0.000,0,0,1.8880,58,116,58,65,67
31,falling,49,821.0,,195.000,377.133,0.00000,9.81958,9.81958,0.000000,0.000000,0,0,3.29200,592.235,0.868,7.000,7.000,9.000,10.000,20.000,0.000,0.000,0,0,1.8880,58,116,58,65,67
31,falling,50,838.0,,195.000,387.285,0.00000,9.95267,9.95267,0.000000,0.000000,0,0,3.29200,592.235,0.868,7.000,7.000,9.000,10.000,20.000,0.000,0.000,0,0,1.8880,58,116,58,65,67
31,falling,51,855.0,,195.000,397.570,0.00000,10.08373,10.08373,0.000000,0.000000,0,0,3.29200,592.235,0.868,7.000,7.000,9.000,10.000,20.000,0.000,0.000,0,0,1.8880,58,116,58,65,67
31,falling,52,871.0,,195.000,407.367,0.00000,10.20519,10.20519,0.000000,0.000000,0,0,3.29200,592.235,0.868,7.000,7.000,9.000,10.000,20.000,0.000,0.000,0,0,1.8880,58,116,58,65,67
31,falling,53,888.0,,195.000,417.906,0.00000,10.33238,10.33238,0.000000,0.000000,0,0,3.29200,592.235,0.868,7.000,7.000,9.000,10.000,20.000,0.000,0.000,0,0,1.8880,58,116,58,65,67
31,falling,54,905.0,,195.000,428.573,0.00000,10.45763,10.45763,0.000000,0.000000,0,0,3.29200,592.235,0.868,7.000,7.000,9.000,10.000,20.000,0.000,0.000,0,0,1.8880,58,116,58,65,67
31,falling,55,921.0,,195.000,438.724,0.00000,10.57371,10.57371,0.000000,0.000000,0,0,3.29200,592.235,0.868,7.000,7.000,9.000,10.000,20.000,0.000,0.000,0,0,1.8880,58,116,58,65,67
31,falling,56,938.0,,195.000,449.633,0.00000,10.69526,10.69526,0.000000,0.000000,0,0,3.29200,592.235,0.868,7.000,7.000,9.000,10.000,20.000,0.000,0.000,0,0,1.8880,58,116,58,65,67
31,falling,57,955.0,,195.000,460.664,0.00000,10.81496,10.81496,0.000000,0.000000,0,0,3.29200,592.235,0.868,7.000,7.000,9.000,10.000,20.000,0.000,0.000,0,0,1.8880,58,116,58,65,67
31,falling,58,971.0,,195.000,471.153,0.00000,10.92589,10.92589,0.000000,0.000000,0,0,3.29200,592.235,0.868,7.000,7.000,9.000,10.000,20.000,0.000,0.000,0,0,1.8880,58,116,58,65,67
31,post_landing,59,988.0,59,195.000,481.636,1.04651,0.29533,1.08739,0.050978,0.000000,0,1,3.29200,592.235,0.868,7.000,7.000,9.000,10.000,20.000,0.000,0.000,0,2,1.8880,58,116,58,65,67
31,post_landing,60,1005.0,59,196.051,481.462,0.88445,-0.01660,0.88460,0.045673,0.051202,0,1,3.29200,592.235,0.868,7.000,6.043,9.039,10.089,19.077,0.000,0.000,0,1,1.8880,58,116,58,65,67
31,post_landing,61,1021.0,59,196.888,481.703,0.87171,0.25030,0.90693,0.045015,0.094416,0,0,3.29200,592.235,0.868,7.000,6.068,9.054,10.144,20.194,0.000,0.000,0,0,1.8880,58,116,58,65,67
31,post_landing,62,1038.0,59,197.763,482.269,0.72786,0.04980,0.72956,0.036343,0.139630,0,1,3.29200,592.235,0.868,7.000,6.081,9.052,10.181,20.223,0.000,0.000,0,1,1.8880,58,116,58,65,67
31,post_landing,63,1055.0,59,198.495,482.628,0.71672,0.33237,0.79004,0.035787,0.176132,0,0,3.29200,592.235,0.868,7.000,6.082,9.036,10.196,20.216,0.000,0.000,0,0,1.8880,58,116,58,65,67
31,post_landing,64,1072.0,59,199.173,483.134,0.60868,0.10110,0.61702,0.030419,0.209993,0,1,3.29200,592.235,0.868,7.000,6.077,9.428,10.614,20.250,0.000,0.000,0,1,1.8880,58,116,58,65,67
31,post_landing,65,1088.0,59,199.784,483.560,1.32593,-0.41276,1.38869,-0.019472,0.240546,0,1,3.29200,592.235,0.868,7.000,8.246,9.456,10.665,20.359,0.000,0.000,0,1,1.8880,58,116,58,65,67
31,post_landing,66,1105.0,59,201.039,483.307,1.19278,-0.07708,1.19527,-0.004718,0.222122,0,1,3.29200,592.235,0.868,7.000,6.073,9.440,10.636,20.296,0.000,0.000,0,1,1.8880,58,116,58,65,67
31,post_landing,67,1122.0,59,202.237,483.245,1.40751,0.07882,1.40972,-0.030454,0.217384,0,1,3.29200,592.235,0.868,7.000,6.074,9.435,10.627,20.278,0.000,0.000,0,1,1.8880,58,116,58,65,67
31,post_landing,68,1138.0,59,203.650,483.132,1.44835,-0.36981,1.49482,0.004269,0.186796,0,1,3.29200,592.235,0.868,7.000,6.081,9.029,10.569,20.209,0.000,0.000,0,2,1.8880,58,116,58,65,67
31,post_landing,69,1155.0,59,205.105,482.892,1.66394,-0.04445,1.66453,-0.028885,0.191084,0,1,3.29200,592.235,0.868,7.000,6.081,10.198,10.578,20.206,0.000,0.000,0,1,1.8880,58,116,58,65,67
31,post_landing,70,1172.0,59,206.679,482.572,1.67507,0.17383,1.68407,-0.045914,0.163754,0,1,3.29200,592.235,0.868,7.000,6.083,9.043,10.192,20.222,0.000,0.000,0,1,1.8880,58,116,58,65,67
31,post_landing,71,1188.0,59,208.362,482.420,1.77351,-0.10220,1.77645,-0.038543,0.117638,0,1,3.29200,592.235,0.868,7.000,6.076,9.055,10.166,20.214,0.000,0.000,0,2,1.8880,58,116,58,65,67
31,post_landing,72,1205.0,59,210.143,482.102,1.07132,-0.22004,1.09368,0.100295,0.078925,0,1,3.29200,592.235,0.868,7.000,6.060,9.051,10.127,20.174,0.000,0.000,0,2,1.8880,58,116,58,65,67
31,post_landing,73,1222.0,59,211.157,482.150,1.05589,0.04980,1.05706,0.098851,0.173822,0,0,3.29200,592.235,0.868,7.000,6.083,9.037,10.195,20.217,0.000,0.000,0,0,1.8880,58,116,58,65,67
31,post_landing,74,1238.0,59,212.217,482.489,1.03973,0.33237,1.09157,0.097338,0.273107,0,0,3.29200,592.235,0.868,7.000,4.391,9.476,10.708,21.263,0.000,0.000,0,0,1.8880,58,116,58,65,67
31,post_landing,75,1255.0,59,213.262,483.112,1.02383,0.61062,1.19209,0.095849,0.370873,0,0,3.29200,592.235,0.868,7.000,5.747,9.475,20.608,23.352,0.000,0.000,0,0,1.8880,58,116,58,65,67
31,post_landing,76,1272.0,59,214.230,483.946,1.00908,0.86849,1.33136,0.094469,0.461563,0,0,3.29200,592.235,0.868,7.000,5.813,20.125,20.575,25.037,0.000,0.000,0,0,1.8880,58,116,58,65,67
31,post_landing,77,1288.0,59,215.244,485.107,0.99364,1.13854,1.51116,0.093023,0.556447,0,0,3.29200,592.235,0.868,7.000,16.641,16.641,21.944,29.565,0.000,0.000,0,0,1.8880,58,116,58,65,67
31,post_landing,78,1305.0,59,216.242,486.540,0.97844,1.40445,1.71167,0.091600,0.649879,0,0,3.29200,592.235,0.868,7.000,12.197,16.592,24.999,29.808,0.000,0.000,0,0,1.8880,58,116,58,65,67
31,post_landing,79,1322.0,59,217.168,488.124,0.96435,1.65089,1.91191,0.090281,0.736549,0,0,3.29200,592.235,0.868,7.000,1.413,12.110,21.929,31.145,0.000,0.000,0,0,1.8880,58,116,58,65,67
31,post_landing,80,1338.0,59,218.136,490.072,0.94960,1.90897,2.13211,0.088900,0.827227,0,0,3.29200,592.235,0.868,7.000,1.413,1.413,24.080,31.085,0.000,0.000,0,0,1.8880,58,116,58,65,67
31,post_landing,81,1355.0,59,219.035,492.134,0.93592,2.14814,2.34318,0.087620,0.911342,0,0,3.29200,592.235,0.868,7.000,1.403,3.774,22.803,28.416,0.000,0.000,0,0,1.8880,58,116,58,65,67
31,post_landing,82,1371.0,59,219.975,494.580,0.92160,2.39861,2.56957,0.086279,0.999347,0,0,3.29200,592.235,0.868,7.000,1.382,7.510,16.102,34.128,0.000,0.000,0,0,1.8880,58,116,58,65,67
31,post_landing,83,1388.0,59,220.900,497.279,0.90750,2.64525,2.79658,0.084959,1.086005,0,0,3.29200,592.235,0.868,7.000,1.351,12.947,16.115,47.413,0.000,0.000,0,0,1.8880,58,116,58,65,67
31,post_landing,84,1405.0,59,221.812,500.224,0.89362,2.88811,3.02320,0.083659,1.171337,0,0,3.29200,592.235,0.868,7.000,13.000,14.842,36.768,52.777,0.000,0.000,0,0,1.8880,58,116,58,65,67
31,post_landing,85,1422.0,59,222.657,502.916,1.78082,0.60158,1.87968,0.044369,1.250494,0,1,3.29200,592.235,0.868,7.000,13.598,36.683,42.378,54.074,0.000,0.000,0,5,1.8880,58,116,58,65,67
31,post_landing,86,1438.0,59,224.446,503.450,0.99860,-0.23333,1.02550,0.025164,1.295058,0,1,3.29200,592.235,0.868,7.000,29.120,36.673,42.446,48.219,0.000,0.000,0,3,1.8880,58,116,58,65,67
31,post_landing,87,1455.0,59,225.391,503.517,0.43257,-0.10432,0.44497,0.028339,1.318867,0,1,3.29200,592.235,0.868,7.000,25.956,41.230,42.918,49.946,0.000,0.000,0,1,1.8880,58,116,58,65,67
31,post_landing,88,1472.0,59,225.825,503.450,0.35111,-0.20295,0.40555,0.005080,1.347331,0,1,3.29200,592.235,0.868,7.000,24.733,34.927,42.950,49.998,0.000,0.000,0,2,1.8880,58,116,58,65,67
31,post_landing,89,1488.0,59,226.178,503.416,0.36930,-0.04499,0.37203,-0.002423,1.352434,0,1,3.29200,592.235,0.868,7.000,24.730,34.926,42.952,50.003,0.000,0.000,0,2,1.8880,58,116,58,65,67
31,post_landing,90,1505.0,59,226.549,503.432,-0.13720,0.00000,0.13720,0.016260,1.350000,0,1,3.29200,592.235,0.868,7.000,24.731,34.927,42.951,50.001,0.000,0.000,0,2,1.8880,58,116,58,65,67
31,post_landing,91,1522.0,59,226.419,503.330,-0.02701,-0.02506,0.03685,-0.004666,1.365385,0,1,3.29200,592.235,0.868,7.000,3.141,31.776,42.953,50.010,0.000,0.000,0,2,1.8880,58,116,58,65,67
31,post_landing,92,1538.0,59,226.392,503.362,0.05402,0.03414,0.06390,-0.016081,1.360699,0,1,3.29200,592.235,0.868,7.000,3.143,31.778,42.953,50.008,0.000,0.000,0,2,1.8880,58,116,58,65,67
31,post_landing,93,1555.0,59,226.446,503.468,-0.16540,0.14470,0.21976,0.001173,1.344547,0,1,3.29200,592.235,0.868,7.000,24.734,34.928,42.949,49.994,0.000,0.000,0,2,1.8880,58,116,58,65,67
31,post_landing,94,1572.0,59,226.290,503.598,-0.53445,-0.01978,0.53482,0.023711,1.345657,0,1,3.29200,592.235,0.868,7.000,24.734,34.928,42.949,49.996,0.000,0.000,0,3,1.8880,58,116,58,65,67
31,post_landing,95,1588.0,59,225.753,503.467,-0.35957,0.06133,0.36477,0.004277,1.369472,0,1,3.29200,592.235,0.868,7.000,3.139,30.594,42.951,50.010,0.000,0.000,0,3,1.8880,58,116,58,65,67
31,post_landing,96,1605.0,59,225.392,503.444,-0.45036,0.04821,0.45293,0.006954,1.373767,0,1,3.29200,592.235,0.868,7.000,3.138,30.594,41.773,50.010,0.000,0.000,0,3,1.8880,58,116,58,65,67
31,post_landing,97,1622.0,59,224.966,503.407,-0.47089,0.04158,0.47272,0.003184,1.380347,0,1,3.29200,592.235,0.868,7.000,3.135,30.593,41.773,50.007,0.000,0.000,0,3,1.8880,58,116,58,65,67
31,post_landing,98,1638.0,59,224.493,503.393,-0.21099,0.06356,0.22036,-0.022409,1.383545,0,1,3.29200,592.235,0.868,7.000,3.134,30.593,41.773,50.005,0.000,0.000,0,3,1.8880,58,116,58,65,67
31,post_landing,99,1656.0,59,224.293,503.350,-0.52631,0.00000,0.52631,0.000000,1.362342,0,1,3.29200,592.235,0.868,7.000,3.142,31.778,42.953,50.009,0.000,0.000,0,2,1.8880,58,116,58,65,67
31,post_landing,100,1672.0,59,223.765,503.352,-0.33659,-0.01238,0.33682,-0.021164,1.362342,0,1,3.29200,592.235,0.868,7.000,3.142,31.778,42.953,50.009,0.000,0.000,0,2,1.8880,58,116,58,65,67
31,post_landing,101,1688.0,59,223.426,503.492,-0.36650,0.14484,0.39408,-0.014320,1.341085,0,1,3.29200,592.235,0.868,7.000,24.736,34.928,42.946,49.990,0.000,0.000,0,2,1.8880,58,116,58,65,67
31,post_landing,102,1705.0,59,223.080,503.637,-0.35728,-0.24355,0.43239,-0.036784,1.327536,0,1,3.29200,592.235,0.868,7.000,24.739,41.231,42.931,49.966,0.000,0.000,0,3,1.8880,58,116,58,65,67
31,post_landing,103,1722.0,59,222.721,503.413,-0.26754,-0.14691,0.30522,-0.012593,1.290590,0,1,3.29200,592.235,0.868,7.000,29.120,36.677,42.443,48.209,0.000,0.000,0,3,1.8880,58,116,58,65,67
31,post_landing,104,1738.0,59,222.452,503.233,-0.10864,-0.05812,0.12321,-0.004680,1.277942,0,1,3.29200,592.235,0.868,7.000,34.482,36.685,42.430,54.405,0.000,0.000,0,3,1.8880,58,116,58,65,67
31,post_landing,105,1755.0,59,222.349,502.986,-0.00783,0.00000,0.00783,0.001863,1.273514,0,1,3.29200,592.235,0.868,7.000,13.601,36.687,42.424,54.406,0.000,0.000,0,2,1.8880,58,116,58,65,67
31,post_landing,106,1772.0,59,222.341,503.017,0.10559,0.07378,0.12881,0.004710,1.275385,0,1,3.29200,592.235,0.868,7.000,34.482,36.686,42.426,54.406,0.000,0.000,0,2,1.8880,58,116,58,65,67
31,post_landing,107,1788.0,59,222.447,503.093,0.18631,0.13353,0.22923,0.008701,1.280116,0,1,3.29200,592.235,0.868,7.000,34.482,36.684,42.433,54.404,0.000,0.000,0,2,1.8880,58,116,58,65,67
31,post_landing,108,1805.0,59,222.624,503.222,0.24936,0.18076,0.30799,0.011553,1.288349,0,1,3.29200,592.235,0.868,7.000,29.120,36.679,42.441,48.203,0.000,0.000,0,2,1.8880,58,116,58,65,67
31,post_landing,109,1822.0,59,222.874,503.492,0.09539,-0.02233,0.09797,0.004526,1.299952,0,1,3.29200,592.235,0.868,7.000,29.120,36.667,42.448,48.926,0.000,0.000,0,3,1.8880,58,116,58,65,67
31,post_landing,110,1838.0,59,222.970,503.531,0.01882,0.00000,0.01882,0.000898,1.304498,0,1,3.29200,592.235,0.868,7.000,29.118,36.661,42.450,48.940,0.000,0.000,0,3,1.8880,58,116,58,65,67
31,post_landing,111,1855.0,59,222.988,503.536,-0.00245,0.00000,0.00245,0.000000,1.305348,0,1,3.29200,592.235,0.868,7.000,29.118,36.660,42.450,48.942,0.000,0.000,0,3,1.8880,58,116,58,65,67
31,post_landing,112,1871.0,59,222.985,503.538,-0.00057,0.00000,0.00057,0.000000,1.305348,0,1,3.29200,592.235,0.868,7.000,29.118,36.660,42.450,48.942,0.000,0.000,0,3,1.8880,58,116,58,65,67
31,post_landing,113,1888.0,59,222.985,503.622,0.00002,0.00000,0.00002,0.000000,1.305348,0,1,3.29200,592.235,0.868,7.000,29.118,36.660,42.450,48.942,0.000,0.000,0,4,1.8880,58,116,58,65,67
31,post_landing,114,1905.0,59,222.985,503.620,-0.00126,0.00000,0.00126,0.000000,1.305348,0,1,3.29200,592.235,0.868,7.000,29.118,36.660,42.450,48.942,0.000,0.000,0,4,1.8880,58,116,58,65,67
31,post_landing,115,1922.0,59,222.984,503.622,-0.00016,0.00000,0.00016,0.000000,1.305348,0,1,3.29200,592.235,0.868,7.000,29.118,36.660,42.450,48.942,0.000,0.000,0,4,1.8880,58,116,58,65,67
31,post_landing,116,1938.0,59,222.983,503.622,0.00001,0.00000,0.00001,0.000000,1.305348,0,1,3.29200,592.235,0.868,7.000,29.118,36.660,42.450,48.942,0.000,0.000,0,4,1.8880,58,116,58,65,67
31,post_landing,117,1955.0,59,222.983,503.622,0.00000,0.00000,0.00000,0.000000,1.305348,0,1,3.29200,592.235,0.868,7.000,29.118,36.660,42.450,48.942,0.000,0.000,0,4,1.8880,58,116,58,65,67
31,post_landing,118,1972.0,59,222.983,503.620,-0.00007,0.00000,0.00007,0.000000,1.305348,0,1,3.29200,592.235,0.868,7.000,29.118,36.660,42.450,48.942,0.000,0.000,0,4,1.8880,58,116,58,65,67
32,falling,0,20.0,,195.000,97.029,0.00000,0.55000,0.55000,0.000000,0.000000,0,0,2.09200,204.507,2.907,1.000,1.000,2.000,3.000,4.000,0.000,0.000,0,0,2.0219,65,130,65,69,61
32,falling,1,36.0,,195.000,97.805,0.00000,0.80875,0.80875,0.000000,0.000000,0,0,2.09200,204.507,2.907,1.000,1.000,2.000,3.000,4.000,0.000,0.000,0,0,2.0219,65,130,65,69,61
32,falling,2,52.0,,195.000,98.827,0.00000,1.06377,1.06377,0.000000,0.000000,0,0,2.09200,204.507,2.907,1.000,1.000,2.000,3.000,4.000,0.000,0.000,0,0,2.0219,65,130,65,69,61
32,falling,3,69.0,,195.000,100.089,0.00000,1.31512,1.31512,0.000000,0.000000,0,0,2.09200,204.507,2.907,1.000,1.000,2.000,3.000,4.000,0.000,0.000,0,0,2.0219,65,130,65,69,61
32,falling,4,85.0,,195.000,101.699,0.00000,1.57833,1.57833,0.000000,0.000000,0,0,2.09200,204.507,2.907,1.000,1.000,2.000,3.000,4.000,0.000,0.000,0,0,2.0219,65,130,65,69,61
32,falling,5,102.0,,195.000,103.573,0.00000,1.83751,1.83751,0.000000,0.000000,0,0,2.09200,204.507,2.907,1.000,1.000,2.000,3.000,4.000,0.000,0.000,0,0,2.0219,65,130,65,69,61
32,falling,6,119.0,,195.000,105.708,0.00000,2.09273,2.09273,0.000000,0.000000,0,0,2.09200,204.507,2.907,1.000,1.000,2.000,3.000,4.000,0.000,0.000,0,0,2.0219,65,130,65,69,61
32,falling,7,135.0,,195.000,107.944,0.00000,2.32926,2.32926,0.000000,0.000000,0,0,2.09200,204.507,2.907,1.000,1.000,2.000,3.000,4.000,0.000,0.000,0,0,2.0219,65,130,65,69,61
32,falling,8,152.0,,195.000,110.572,0.00000,2.57696,2.57696,0.000000,0.000000,0,0,2.09200,204.507,2.907,1.000,1.000,2.000,3.000,4.000,0.000,0.000,0,0,2.0219,65,130,65,69,61
32,falling,9,169.0,,195.000,113.267,0.00000,2.80652,2.80652,0.000000,0.000000,0,0,2.09200,204.507,2.907,1.000,1.000,2.000,3.000,4.000,0.000,0.000,0,0,2.0219,65,130,65,69,61
32,falling,10,185.0,,195.000,116.375,0.00000,3.04691,3.04691,0.000000,0.000000,0,0,2.09200,204.507,2.907,1.000,1.000,2.000,3.000,4.000,0.000,0.000,0,0,2.0219,65,130,65,69,61
32,falling,11,202.0,,195.000,119.724,0.00000,3.28363,3.28363,0.000000,0.000000,0,0,2.09200,204.507,2.907,1.000,1.000,2.000,3.000,4.000,0.000,0.000,0,0,2.0219,65,130,65,69,61
32,falling,12,219.0,,195.000,123.087,0.00000,3.50301,3.50301,0.000000,0.000000,0,0,2.09200,204.507,2.907,1.000,1.000,2.000,3.000,4.000,0.000,0.000,0,0,2.0219,65,130,65,69,61
32,falling,13,235.0,,195.000,126.894,0.00000,3.73275,3.73275,0.000000,0.000000,0,0,2.09200,204.507,2.907,1.000,1.000,2.000,3.000,4.000,0.000,0.000,0,0,2.0219,65,130,65,69,61
32,falling,14,252.0,,195.000,130.932,0.00000,3.95897,3.95897,0.000000,0.000000,0,0,2.09200,204.507,2.907,1.000,1.000,2.000,3.000,4.000,0.000,0.000,0,0,2.0219,65,130,65,69,61
32,falling,15,269.0,,195.000,134.934,0.00000,4.16863,4.16863,0.000000,0.000000,0,0,2.09200,204.507,2.907,1.000,1.000,2.000,3.000,4.000,0.000,0.000,0,0,2.0219,65,130,65,69,61
32,falling,16,285.0,,195.000,139.410,0.00000,4.38818,4.38818,0.000000,0.000000,0,0,2.09200,204.507,2.907,1.000,1.000,2.000,3.000,4.000,0.000,0.000,0,0,2.0219,65,130,65,69,61
32,falling,17,302.0,,195.000,144.107,0.00000,4.60437,4.60437,0.000000,0.000000,0,0,2.09200,204.507,2.907,1.000,1.000,2.000,3.000,4.000,0.000,0.000,0,0,2.0219,65,130,65,69,61
32,falling,18,319.0,,195.000,148.719,0.00000,4.80474,4.80474,0.000000,0.000000,0,0,2.09200,204.507,2.907,1.000,1.000,2.000,3.000,4.000,0.000,0.000,0,0,2.0219,65,130,65,69,61
32,falling,19,335.0,,195.000,153.834,0.00000,5.01456,5.01456,0.000000,0.000000,0,0,2.09200,204.507,2.907,1.000,1.000,2.000,3.000,4.000,0.000,0.000,0,0,2.0219,65,130,65,69,61
32,falling,20,352.0,,195.000,159.160,0.00000,5.22117,5.22117,0.000000,0.000000,0,0,2.09200,204.507,2.907,1.000,1.000,2.000,3.000,4.000,0.000,0.000,0,0,2.0219,65,130,65,69,61
32,falling,21,369.0,,195.000,164.356,0.00000,5.41265,5.41265,0.000000,0.000000,0,0,2.09200,204.507,2.907,1.000,1.000,2.000,3.000,4.000,0.000,0.000,0,0,2.0219,65,130,65,69,61
32,falling,22,385.0,,195.000,170.081,0.00000,5.61317,5.61317,0.000000,0.000000,0,0,2.09200,204.507,2.907,1.000,1.000,2.000,3.000,4.000,0.000,0.000,0,0,2.0219,65,130,65,69,61
32,falling,23,402.0,,195.000,176.008,0.00000,5.81062,5.81062,0.000000,0.000000,0,0,2.09200,204.507,2.907,1.000,1.000,2.000,3.000,4.000,0.000,0.000,0,0,2.0219,65,130,65,69,61
32,falling,24,419.0,,195.000,181.762,0.00000,5.99362,5.99362,0.000000,0.000000,0,0,2.09200,204.507,2.907,1.000,1.000,2.000,3.000,4.000,0.000,0.000,0,0,2.0219,65,130,65,69,61
32,falling,25,435.0,,195.000,188.071,0.00000,6.18525,6.18525,0.000000,0.000000,0,0,2.09200,204.507,2.907,1.000,1.000,2.000,3.000,4.000,0.000,0.000,0,0,2.0219,65,130,65,69,61
32,falling,26,452.0,,195.000,194.572,0.00000,6.37395,6.37395,0.000000,0.000000,0,0,2.09200,204.507,2.907,1.000,1.000,2.000,3.000,4.000,0.000,0.000,0,0,2.0219,65,130,65,69,61
32,falling,27,469.0,,195.000,201.263,0.00000,6.55976,6.55976,0.000000,0.000000,0,0,2.09200,204.507,2.907,1.000,1.000,2.000,3.000,4.000,0.000,0.000,0,0,2.0219,65,130,65,69,61
32,falling,28,485.0,,195.000,207.726,0.00000,6.73196,6.73196,0.000000,0.000000,0,0,2.09200,204.507,2.907,1.000,1.000,2.000,3.000,4.000,0.000,0.000,0,0,2.0219,65,130,65,69,61
32,falling,29,502.0,,195.000,214.776,0.00000,6.91230,6.91230,0.000000,0.000000,0,0,2.09200,204.507,2.907,1.000,1.000,2.000,3.000,4.000,0.000,0.000,0,0,2.0219,65,130,65,69,61
32,falling,30,519.0,,195.000,221.573,0.00000,7.07943,7.07943,0.000000,0.000000,0,0,2.09200,204.507,2.907,1.000,1.000,2.000,3.000,4.000,0.000,0.000,0,0,2.0219,65,130,65,69,61
32,falling,31,535.0,,195.000,228.972,0.00000,7.25445,7.25445,0.000000,0.000000,0,0,2.09200,204.507,2.907,1.000,1.000,2.000,3.000,4.000,0.000,0.000,0,0,2.0219,65,130,65,69,61
32,falling,32,552.0,,195.000,236.548,0.00000,7.42679,7.42679,0.000000,0.000000,0,0,2.09200,204.507,2.907,1.000,1.000,2.000,3.000,4.000,0.000,0.000,0,0,2.0219,65,130,65,69,61
32,falling,33,569.0,,195.000,243.831,0.00000,7.58651,7.58651,0.000000,0.000000,0,0,2.09200,204.507,2.907,1.000,1.000,2.000,3.000,4.000,0.000,0.000,0,0,2.0219,65,130,65,69,61
32,falling,34,585.0,,195.000,251.739,0.00000,7.75377,7.75377,0.000000,0.000000,0,0,2.09200,204.507,2.907,1.000,1.000,2.000,3.000,4.000,0.000,0.000,0,0,2.0219,65,130,65,69,61
32,falling,35,602.0,,195.000,259.816,0.00000,7.91847,7.91847,0.000000,0.000000,0,0,2.09200,204.507,2.907,1.000,1.000,2.000,3.000,4.000,0.000,0.000,0,0,2.0219,65,130,65,69,61
32,falling,36,619.0,,195.000,267.565,0.00000,8.07111,8.07111,0.000000,0.000000,0,0,2.09200,204.507,2.907,1.000,1.000,2.000,3.000,4.000,0.000,0.000,0,0,2.0219,65,130,65,69,61
32,falling,37,635.0,,195.000,275.960,0.00000,8.23095,8.23095,0.000000,0.000000,0,0,2.09200,204.507,2.907,1.000,1.000,2.000,3.000,4.000,0.000,0.000,0,0,2.0219,65,130,65,69,61
32,falling,38,652.0,,195.000,284.516,0.00000,8.38835,8.38835,0.000000,0.000000,0,0,2.09200,204.507,2.907,1.000,1.000,2.000,3.000,4.000,0.000,0.000,0,0,2.0219,65,130,65,69,61
32,falling,39,669.0,,195.000,293.230,0.00000,8.54335,8.54335,0.000000,0.000000,0,0,2.09200,204.507,2.907,1.000,1.000,2.000,3.000,4.000,0.000,0.000,0,0,2.0219,65,130,65,69,61
32,falling,40,685.0,,195.000,301.570,0.00000,8.68699,8.68699,0.000000,0.000000,0,0,2.09200,204.507,2.907,1.000,1.000,2.000,3.000,4.000,0.000,0.000,0,0,2.0219,65,130,65,69,61
32,falling,41,702.0,,195.000,310.584,0.00000,8.83741,8.83741,0.000000,0.000000,0,0,2.09200,204.507,2.907,1.000,1.000,2.000,3.000,4.000,0.000,0.000,0,0,2.0219,65,130,65,69,61
32,falling,42,719.0,,195.000,319.202,0.00000,8.97682,8.97682,0.000000,0.000000,0,0,2.09200,204.507,2.907,1.000,1.000,2.000,3.000,4.000,0.000,0.000,0,0,2.0219,65,130,65,69,61
32,falling,43,735.0,,195.000,328.507,0.00000,9.12281,9.12281,0.000000,0.000000,0,0,2.09200,204.507,2.907,1.000,1.000,2.000,3.000,4.000,0.000,0.000,0,0,2.0219,65,130,65,69,61
32,falling,44,752.0,,195.000,337.959,0.00000,9.26656,9.26656,0.000000,0.000000,0,0,2.09200,204.507,2.907,1.000,1.000,2.000,3.000,4.000,0.000,0.000,0,0,2.0219,65,130,65,69,61
32,falling,45,769.0,,195.000,346.983,0.00000,9.39979,9.39979,0.000000,0.000000,0,0,2.09200,204.507,2.907,1.000,1.000,2.000,3.000,4.000,0.000,0.000,0,0,2.0219,65,130,65,69,61
32,falling,46,785.0,,195.000,356.713,0.00000,9.53931,9.53931,0.000000,0.000000,0,0,2.09200,204.507,2.907,1.000,1.000,2.000,3.000,4.000,0.000,0.000,0,0,2.0219,65,130,65,69,61
32,falling,47,802.0,,195.000,366.583,0.00000,9.67669,9.67669,0.000000,0.000000,0,0,2.09200,204.507,2.907,1.000,1.000,2.000,3.000,4.000,0.000,0.000,0,0,2.0219,65,130,65,69,61
32,falling,48,819.0,,195.000,375.995,0.00000,9.80401,9.80401,0.000000,0.000000,0,0,2.09200,204.507,2.907,1.000,1.000,2.000,3.000,4.000,0.000,0.000,0,0,2.0219,65,130,65,69,61
32,falling,49,835.0,,195.000,386.131,0.00000,9.93734,9.93734,0.000000,0.000000,0,0,2.09200,204.507,2.907,1.000,1.000,2.000,3.000,4.000,0.000,0.000,0,0,2.0219,65,130,65,69,61
32,falling,50,852.0,,195.000,396.401,0.00000,10.06863,10.06863,0.000000,0.000000,0,0,2.09200,204.507,2.907,1.000,1.000,2.000,3.000,4.000,0.000,0.000,0,0,2.0219,65,130,65,69,61
32,falling,51,869.0,,195.000,406.184,0.00000,10.19031,10.19031,0.000000,0.000000,0,0,2.09200,204.507,2.907,1.000,1.000,2.000,3.000,4.000,0.000,0.000,0,0,2.0219,65,130,65,69,61
32,falling,52,885.0,,195.000,416.708,0.00000,10.31773,10.31773,0.000000,0.000000,0,0,2.09200,204.507,2.907,1.000,1.000,2.000,3.000,4.000,0.000,0.000,0,0,2.0219,65,130,65,69,61
32,falling,53,903.0,,195.000,427.360,0.00000,10.44321,10.44321,0.000000,0.000000,0,0,2.09200,204.507,2.907,1.000,1.000,2.000,3.000,4.000,0.000,0.000,0,0,2.0219,65,130,65,69,61
32,falling,54,919.0,,195.000,437.497,0.00000,10.55949,10.55949,0.000000,0.000000,0,0,2.09200,204.507,2.907,1.000,1.000,2.000,3.000,4.000,0.000,0.000,0,0,2.0219,65,130,65,69,61
32,falling,55,935.0,,195.000,448.392,0.00000,10.68126,10.68126,0.000000,0.000000,0,0,2.09200,204.507,2.907,1.000,1.000,2.000,3.000,4.000,0.000,0.000,0,0,2.0219,65,130,65,69,61
32,falling,56,952.0,,195.000,459.409,0.00000,10.80117,10.80117,0.000000,0.000000,0,0,2.09200,204.507,2.907,1.000,1.000,2.000,3.000,4.000,0.000,0.000,0,0,2.0219,65,130,65,69,61
32,falling,57,969.0,,195.000,469.885,0.00000,10.91230,10.91230,0.000000,0.000000,0,0,2.09200,204.507,2.907,1.000,1.000,2.000,3.000,4.000,0.000,0.000,0,0,2.0219,65,130,65,69,61
32,falling,58,985.0,,195.000,481.134,0.00000,11.02868,11.02868,0.000000,0.000000,0,0,2.09200,204.507,2.907,1.000,1.000,2.000,3.000,4.000,0.000,0.000,0,0,2.0219,65,130,65,69,61
32,post_landing,59,1002.0,59,195.000,487.849,1.03445,-0.98704,1.42980,0.061717,0.000000,0,1,2.09200,204.507,2.907,1.000,1.000,2.000,3.000,4.000,0.000,0.000,0,6,2.0219,65,130,65,69,61
32,post_landing,60,1019.0,59,195.979,484.488,0.82244,-0.38839,0.90953,0.038738,0.058395,0,1,2.09200,204.507,2.907,1.000,0.998,1.115,2.995,3.993,0.000,0.000,0,3,2.0219,65,130,65,69,61
32,post_landing,61,1036.0,59,196.805,482.772,0.76126,-0.05451,0.76321,0.016021,0.097303,0,1,2.09200,204.507,2.907,1.000,0.995,1.190,2.986,3.981,0.000,0.000,0,1,2.0219,65,130,65,69,61
32,post_landing,62,1052.0,59,197.569,482.767,1.10827,0.01270,1.10834,-0.063346,0.113394,0,1,2.09200,204.507,2.907,1.000,0.994,1.220,2.981,3.974,0.000,0.000,0,1,2.0219,65,130,65,69,61
32,post_landing,63,1069.0,59,198.618,482.835,0.67586,0.07147,0.67963,0.034504,0.053458,0,1,2.09200,204.507,2.907,1.000,0.999,1.105,2.996,3.994,0.000,0.000,0,1,2.0219,65,130,65,69,61
32,post_landing,64,1085.0,59,199.297,482.780,0.62559,0.01524,0.62578,0.014272,0.088114,0,1,2.09200,204.507,2.907,1.000,0.996,1.172,2.988,3.984,0.000,0.000,0,1,2.0219,65,130,65,69,61
32,post_landing,65,1102.0,59,199.925,482.769,0.72579,0.00000,0.72579,-0.036182,0.102449,0,1,2.09200,204.507,2.907,1.000,0.995,1.199,2.984,3.979,0.000,0.000,0,1,2.0219,65,130,65,69,61
32,post_landing,66,1119.0,59,200.612,482.805,0.67241,-0.10471,0.68052,-0.032915,0.068214,0,1,2.09200,204.507,2.907,1.000,0.998,1.134,2.993,3.991,0.000,0.000,0,1,2.0219,65,130,65,69,61
32,post_landing,67,1135.0,59,201.287,482.886,0.62240,-0.22164,0.66068,-0.037860,0.035154,0,1,2.09200,204.507,2.907,1.000,0.999,1.070,2.998,3.998,0.000,0.000,0,1,2.0219,65,130,65,69,61
32,post_landing,68,1152.0,59,201.912,482.952,0.61288,0.06509,0.61632,-0.037281,-0.002872,0,0,2.09200,204.507,2.907,1.000,1.000,2.006,3.009,4.017,0.000,0.000,0,0,2.0219,65,130,65,69,61
32,post_landing,69,1169.0,59,202.492,483.169,0.56781,-0.22003,0.60895,-0.032173,-0.038147,0,1,2.09200,204.507,2.907,1.000,0.999,2.075,3.112,4.226,0.000,0.000,0,1,2.0219,65,130,65,69,61
32,post_landing,70,1185.0,59,203.063,483.237,0.55912,0.06667,0.56308,-0.031681,-0.070461,0,0,2.09200,204.507,2.907,1.000,0.998,2.136,3.204,24.574,0.000,0.000,0,0,2.0219,65,130,65,69,61
32,post_landing,71,1202.0,59,203.624,483.560,0.51753,-0.22301,0.56354,-0.036519,-0.102281,0,1,2.09200,204.507,2.907,1.000,0.995,2.194,3.291,24.896,0.000,0.000,0,1,2.0219,65,130,65,69,61
32,post_landing,72,1219.0,59,204.114,483.605,0.51008,0.04687,0.51223,-0.035994,-0.136835,0,0,2.09200,204.507,2.907,1.000,0.991,2.254,3.381,25.276,0.000,0.000,0,0,2.0219,65,130,65,69,61
32,post_landing,73,1235.0,59,204.626,483.941,0.50227,0.32948,0.60070,-0.035443,-0.172986,0,0,2.09200,204.507,2.907,1.000,0.985,2.314,3.472,25.707,0.000,0.000,0,0,2.0219,65,130,65,69,61
32,post_landing,74,1252.0,59,205.131,484.537,0.46491,0.01925,0.46531,-0.041375,-0.208585,0,1,2.09200,204.507,2.907,1.000,0.978,2.371,3.556,26.172,0.000,0.000,0,1,2.0219,65,130,65,69,61
32,post_landing,75,1269.0,59,205.571,484.811,0.45822,0.28564,0.53996,-0.040779,-0.247733,0,0,2.09200,204.507,2.907,1.000,0.969,2.429,25.474,26.455,0.000,0.000,0,0,2.0219,65,130,65,69,61
32,post_landing,76,1285.0,59,206.031,485.387,0.45121,0.56460,0.72275,-0.040156,-0.288692,0,0,2.09200,204.507,2.907,1.000,0.959,2.487,26.138,26.708,0.000,0.000,0,0,2.0219,65,130,65,69,61
32,post_landing,77,1302.0,59,206.484,486.148,0.28104,0.10430,0.29977,-0.032347,-0.329024,0,1,2.09200,204.507,2.907,1.000,0.946,25.621,26.590,26.913,0.000,0.000,0,1,2.0219,65,130,65,69,61
32,post_landing,78,1319.0,59,206.750,486.503,0.27699,0.36946,0.46176,-0.031881,-0.359630,0,0,2.09200,204.507,2.907,1.000,25.632,25.984,26.688,27.040,0.000,0.000,0,0,2.0219,65,130,65,69,61
32,post_landing,79,1336.0,59,207.028,486.962,-1.21851,-1.22665,1.72900,0.001583,-0.391651,0,1,2.09200,204.507,2.907,1.000,26.000,26.382,27.145,27.145,0.000,0.000,0,2,2.0219,65,130,65,69,61
32,post_landing,80,1352.0,59,205.804,486.019,-1.19987,-0.92455,1.51476,0.001559,-0.390061,0,0,2.09200,204.507,2.907,1.000,26.000,26.380,27.140,27.140,0.000,0.000,0,0,2.0219,65,130,65,69,61
32,post_landing,81,1369.0,59,204.669,485.400,-1.18259,-0.64457,1.34685,0.001536,-0.388586,0,0,2.09200,204.507,2.907,1.000,25.999,26.378,27.136,27.136,0.000,0.000,0,0,2.0219,65,130,65,69,61
32,post_landing,82,1385.0,59,203.481,485.042,-1.16450,-0.35138,1.21636,0.001513,-0.387042,0,0,2.09200,204.507,2.907,1.000,25.999,26.377,27.132,27.132,0.000,0.000,0,0,2.0219,65,130,65,69,61
32,post_landing,83,1402.0,59,202.312,484.978,-1.14668,-0.06267,1.14839,0.001490,-0.385523,0,0,2.09200,204.507,2.907,1.000,25.999,26.375,27.127,27.127,0.000,0.000,0,0,2.0219,65,130,65,69,61
32,post_landing,84,1419.0,59,201.227,485.174,-1.13017,0.20490,1.14859,0.001468,-0.384113,0,0,2.09200,204.507,2.907,1.000,25.999,26.373,27.123,27.123,0.000,0.000,0,0,2.0219,65,130,65,69,61
32,post_landing,85,1435.0,59,200.091,485.669,-1.11288,0.48510,1.21401,0.001446,-0.382639,0,0,2.09200,204.507,2.907,1.000,25.998,26.371,27.118,27.118,0.000,0.000,0,0,2.0219,65,130,65,69,61
32,post_landing,86,1452.0,59,198.974,486.445,-1.09585,0.76101,1.33418,0.001424,-0.381186,0,0,2.09200,204.507,2.907,1.000,25.998,26.370,27.114,27.114,0.000,0.000,0,0,2.0219,65,130,65,69,61
32,post_landing,87,1469.0,59,197.937,486.885,-1.03707,0.14139,1.04667,0.020845,-0.379839,0,1,2.09200,204.507,2.907,1.000,25.997,26.368,27.109,27.109,0.000,0.000,0,2,2.0219,65,130,65,69,61
32,post_landing,88,1486.0,59,196.895,486.793,-2.54738,-1.62634,3.02227,0.012113,-0.358903,0,1,2.09200,204.507,2.907,1.000,25.632,25.983,26.686,27.037,0.000,0.000,0,2,2.0219,65,130,65,69,61
32,post_landing,89,1502.0,59,194.337,485.448,-2.50841,-1.31812,2.83365,0.011928,-0.346737,0,0,2.09200,204.507,2.907,1.000,25.630,25.970,26.650,26.989,0.000,0.000,0,0,2.0219,65,130,65,69,61
32,post_landing,90,1519.0,59,191.963,484.457,-2.47229,-1.03248,2.67922,0.011756,-0.335451,0,0,2.09200,204.507,2.907,1.000,25.625,25.954,26.613,26.942,0.000,0.000,0,0,2.0219,65,130,65,69,61
32,post_landing,91,1535.0,59,189.480,483.709,-2.43446,-0.73335,2.54252,0.011576,-0.323643,0,0,2.09200,204.507,2.907,1.000,0.948,25.616,26.252,26.888,0.000,0.000,0,0,2.0219,65,130,65,69,61
32,post_landing,92,1552.0,59,187.035,483.261,-2.39721,-0.43879,2.43704,0.011399,-0.312016,0,0,2.09200,204.507,2.907,1.000,0.952,25.604,26.218,26.832,0.000,0.000,0,0,2.0219,65,130,65,69,61
32,post_landing,93,1569.0,59,184.767,483.102,-2.36269,-0.16581,2.36850,0.011235,-0.301230,0,0,2.09200,204.507,2.907,1.000,0.955,25.590,26.183,26.776,0.000,0.000,0,0,2.0219,65,130,65,69,61
32,post_landing,94,1585.0,59,182.394,483.225,-2.32654,0.12006,2.32964,0.011063,-0.289946,0,0,2.09200,204.507,2.907,1.000,0.958,2.488,26.143,26.715,0.000,0.000,0,0,2.0219,65,130,65,69,61
32,post_landing,95,1602.0,59,180.057,483.634,-2.29095,0.40156,2.32588,0.010894,-0.278834,0,0,2.09200,204.507,2.907,1.000,0.961,2.473,25.825,26.651,0.000,0.000,0,0,2.0219,65,130,65,69,61
32,post_landing,96,1619.0,59,177.889,484.270,-2.25796,0.66244,2.35313,0.010737,-0.268527,0,0,2.09200,204.507,2.907,1.000,0.964,2.459,25.793,26.589,0.000,0.000,0,0,2.0219,65,130,65,69,61
32,post_landing,97,1635.0,59,175.621,485.135,-2.45981,-0.30625,2.47880,-0.017833,-0.257742,0,1,2.09200,204.507,2.907,1.000,0.967,2.444,25.756,26.521,0.000,0.000,0,1,2.0219,65,130,65,69,61
32,post_landing,98,1656.0,59,172.723,485.174,-2.41553,0.03260,2.41575,-0.017512,-0.278757,0,0,2.09200,204.507,2.907,1.000,0.961,2.473,25.825,26.651,0.000,0.000,0,0,2.0219,65,130,65,69,61
32,post_landing,99,1669.0,59,170.861,485.368,-2.38727,0.24889,2.40021,-0.017307,-0.292256,0,0,2.09200,204.507,2.907,1.000,0.958,25.575,26.152,26.728,0.000,0.000,0,0,2.0219,65,130,65,69,61
32,post_landing,100,1685.0,59,168.463,485.852,-2.30711,0.19928,2.31570,0.008263,-0.309639,0,1,2.09200,204.507,2.907,1.000,0.952,25.601,26.211,26.820,0.000,0.000,0,1,2.0219,65,130,65,69,61
32,post_landing,101,1702.0,59,166.146,485.726,-2.18457,0.18224,2.19216,0.011410,-0.301341,0,1,2.09200,204.507,2.907,1.000,0.955,25.590,26.183,26.777,0.000,0.000,0,1,2.0219,65,130,65,69,61
32,post_landing,102,1719.0,59,164.079,485.570,-1.95344,0.04309,1.95391,-0.027505,-0.290544,0,1,2.09200,204.507,2.907,1.000,0.958,2.489,26.145,26.718,0.000,0.000,0,1,2.0219,65,130,65,69,61
32,post_landing,103,1735.0,59,162.117,485.902,-1.92355,0.32576,1.95094,-0.027085,-0.318171,0,0,2.09200,204.507,2.907,1.000,0.950,25.611,26.237,26.862,0.000,0.000,0,0,2.0219,65,130,65,69,61
32,post_landing,104,1752.0,59,160.185,486.407,-1.95760,0.19155,1.96695,0.009960,-0.345374,0,1,2.09200,204.507,2.907,1.000,25.630,25.968,26.645,26.984,0.000,0.000,0,1,2.0219,65,130,65,69,61
32,post_landing,105,1769.0,59,158.332,486.247,-1.82016,0.17308,1.82837,0.005276,-0.335951,0,1,2.09200,204.507,2.907,1.000,25.625,25.955,26.614,26.944,0.000,0.000,0,1,2.0219,65,130,65,69,61
32,post_landing,106,1785.0,59,156.504,486.166,-1.77179,0.15435,1.77850,0.012765,-0.330651,0,1,2.09200,204.507,2.907,1.000,0.946,25.947,26.596,26.921,0.000,0.000,0,1,2.0219,65,130,65,69,61
32,post_landing,107,1802.0,59,154.725,485.970,-1.73767,0.13466,1.74288,0.015534,-0.317830,0,1,2.09200,204.507,2.907,1.000,0.950,25.611,26.236,26.861,0.000,0.000,0,1,2.0219,65,130,65,69,61
32,post_landing,108,1819.0,59,153.081,485.750,-1.68407,0.13424,1.68941,0.015417,-0.303133,0,1,2.09200,204.507,2.907,1.000,0.954,25.592,26.189,26.786,0.000,0.000,0,1,2.0219,65,130,65,69,61
32,post_landing,109,1836.0,59,151.389,485.531,-1.70742,0.09583,1.71010,0.020310,-0.287647,0,1,2.09200,204.507,2.907,1.000,0.959,2.485,25.851,26.702,0.000,0.000,0,1,2.0219,65,130,65,69,61
32,post_landing,110,1852.0,59,149.674,485.253,-1.74249,0.18087,1.75185,0.048798,-0.267248,0,1,2.09200,204.507,2.907,1.000,0.965,2.457,25.789,26.581,0.000,0.000,0,1,2.0219,65,130,65,69,61
32,post_landing,111,1869.0,59,148.025,484.676,-1.64124,0.04385,1.64182,0.007935,-0.221076,0,1,2.09200,204.507,2.907,1.000,0.976,2.390,25.389,26.267,0.000,0.000,0,1,2.0219,65,130,65,69,61
32,post_landing,112,1885.0,59,146.377,484.586,-1.45055,0.25468,1.47274,-0.015080,-0.213106,0,1,2.09200,204.507,2.907,1.000,0.977,2.378,25.361,26.207,0.000,0.000,0,1,2.0219,65,130,65,69,61
32,post_landing,113,1902.0,59,144.920,484.762,-1.34265,0.41661,1.40580,-0.011583,-0.228253,0,1,2.09200,204.507,2.907,1.000,0.974,2.401,25.414,26.319,0.000,0.000,0,1,2.0219,65,130,65,69,61
32,post_landing,114,1919.0,59,143.650,484.892,-1.24392,0.52828,1.35145,-0.008904,-0.239212,0,1,2.09200,204.507,2.907,1.000,0.972,2.417,25.449,26.397,0.000,0.000,0,1,2.0219,65,130,65,69,61
32,post_landing,115,1935.0,59,142.400,485.006,-1.15140,0.62675,1.31093,-0.006839,-0.248156,0,1,2.09200,204.507,2.907,1.000,0.969,2.430,25.475,26.458,0.000,0.000,0,1,2.0219,65,130,65,69,61
32,post_landing,116,1952.0,59,141.244,485.093,-1.06575,0.70239,1.27639,-0.005253,-0.255025,0,1,2.09200,204.507,2.907,1.000,0.968,2.440,25.746,26.503,0.000,0.000,0,1,2.0219,65,130,65,69,61
32,post_landing,117,1969.0,59,140.235,485.155,-0.98738,0.72912,1.22741,-0.006550,-0.259995,0,1,2.09200,204.507,2.907,1.000,0.966,2.447,25.764,26.535,0.000,0.000,0,1,2.0219,65,130,65,69,61
32,post_landing,118,1985.0,59,139.244,485.244,-0.91394,0.78101,1.20219,-0.005031,-0.266574,0,1,2.09200,204.507,2.907,1.000,0.965,2.456,25.787,26.577,0.000,0.000,0,1,2.0219,65,130,65,69,61
33,falling,0,6.0,,195.000,96.264,0.00000,0.30000,0.30000,0.000000,0.000000,0,0,4.17400,3360.447,4.337,18.000,18.000,20.000,22.000,23.000,0.000,0.000,0,0,1.1582,60,120,60,61,58
33,falling,1,22.0,,195.000,96.755,0.00000,0.54595,0.54595,0.000000,0.000000,0,0,4.17400,3360.447,4.337,18.000,18.000,20.000,22.000,23.000,0.000,0.000,0,0,1.1582,60,120,60,61,58
33,falling,2,38.0,,195.000,97.593,0.00000,0.82093,0.82093,0.000000,0.000000,0,0,4.17400,3360.447,4.337,18.000,18.000,20.000,22.000,23.000,0.000,0.000,0,0,1.1582,60,120,60,61,58
33,falling,3,55.0,,195.000,98.706,0.00000,1.09170,1.09170,0.000000,0.000000,0,0,4.17400,3360.447,4.337,18.000,18.000,20.000,22.000,23.000,0.000,0.000,0,0,1.1582,60,120,60,61,58
33,falling,4,72.0,,195.000,99.995,0.00000,1.34265,1.34265,0.000000,0.000000,0,0,4.17400,3360.447,4.337,18.000,18.000,20.000,22.000,23.000,0.000,0.000,0,0,1.1582,60,120,60,61,58
33,falling,5,88.0,,195.000,101.633,0.00000,1.60544,1.60544,0.000000,0.000000,0,0,4.17400,3360.447,4.337,18.000,18.000,20.000,22.000,23.000,0.000,0.000,0,0,1.1582,60,120,60,61,58
33,falling,6,105.0,,195.000,103.534,0.00000,1.86421,1.86421,0.000000,0.000000,0,0,4.17400,3360.447,4.337,18.000,18.000,20.000,22.000,23.000,0.000,0.000,0,0,1.1582,60,120,60,61,58
33,falling,7,122.0,,195.000,105.554,0.00000,2.10403,2.10403,0.000000,0.000000,0,0,4.17400,3360.447,4.337,18.000,18.000,20.000,22.000,23.000,0.000,0.000,0,0,1.1582,60,120,60,61,58
33,falling,8,138.0,,195.000,107.956,0.00000,2.35517,2.35517,0.000000,0.000000,0,0,4.17400,3360.447,4.337,18.000,18.000,20.000,22.000,23.000,0.000,0.000,0,0,1.1582,60,120,60,61,58
33,falling,9,155.0,,195.000,110.611,0.00000,2.60247,2.60247,0.000000,0.000000,0,0,4.17400,3360.447,4.337,18.000,18.000,20.000,22.000,23.000,0.000,0.000,0,0,1.1582,60,120,60,61,58
33,falling,10,172.0,,195.000,113.329,0.00000,2.83166,2.83166,0.000000,0.000000,0,0,4.17400,3360.447,4.337,18.000,18.000,20.000,22.000,23.000,0.000,0.000,0,0,1.1582,60,120,60,61,58
33,falling,11,188.0,,195.000,116.462,0.00000,3.07167,3.07167,0.000000,0.000000,0,0,4.17400,3360.447,4.337,18.000,18.000,20.000,22.000,23.000,0.000,0.000,0,0,1.1582,60,120,60,61,58
33,falling,12,205.0,,195.000,119.837,0.00000,3.30801,3.30801,0.000000,0.000000,0,0,4.17400,3360.447,4.337,18.000,18.000,20.000,22.000,23.000,0.000,0.000,0,0,1.1582,60,120,60,61,58
33,falling,13,222.0,,195.000,123.223,0.00000,3.52704,3.52704,0.000000,0.000000,0,0,4.17400,3360.447,4.337,18.000,18.000,20.000,22.000,23.000,0.000,0.000,0,0,1.1582,60,120,60,61,58
33,falling,14,238.0,,195.000,127.054,0.00000,3.75641,3.75641,0.000000,0.000000,0,0,4.17400,3360.447,4.337,18.000,18.000,20.000,22.000,23.000,0.000,0.000,0,0,1.1582,60,120,60,61,58
33,falling,15,255.0,,195.000,131.116,0.00000,3.98227,3.98227,0.000000,0.000000,0,0,4.17400,3360.447,4.337,18.000,18.000,20.000,22.000,23.000,0.000,0.000,0,0,1.1582,60,120,60,61,58
33,falling,16,272.0,,195.000,135.140,0.00000,4.19159,4.19159,0.000000,0.000000,0,0,4.17400,3360.447,4.337,18.000,18.000,20.000,22.000,23.000,0.000,0.000,0,0,1.1582,60,120,60,61,58
33,falling,17,288.0,,195.000,139.639,0.00000,4.41080,4.41080,0.000000,0.000000,0,0,4.17400,3360.447,4.337,18.000,18.000,20.000,22.000,23.000,0.000,0.000,0,0,1.1582,60,120,60,61,58
33,falling,18,305.0,,195.000,144.358,0.00000,4.62664,4.62664,0.000000,0.000000,0,0,4.17400,3360.447,4.337,18.000,18.000,20.000,22.000,23.000,0.000,0.000,0,0,1.1582,60,120,60,61,58
33,falling,19,322.0,,195.000,148.992,0.00000,4.82669,4.82669,0.000000,0.000000,0,0,4.17400,3360.447,4.337,18.000,18.000,20.000,22.000,23.000,0.000,0.000,0,0,1.1582,60,120,60,61,58
33,falling,20,338.0,,195.000,154.129,0.00000,5.03617,5.03617,0.000000,0.000000,0,0,4.17400,3360.447,4.337,18.000,18.000,20.000,22.000,23.000,0.000,0.000,0,0,1.1582,60,120,60,61,58
33,falling,21,355.0,,195.000,159.476,0.00000,5.24245,5.24245,0.000000,0.000000,0,0,4.17400,3360.447,4.337,18.000,18.000,20.000,22.000,23.000,0.000,0.000,0,0,1.1582,60,120,60,61,58
33,falling,22,372.0,,195.000,164.692,0.00000,5.43363,5.43363,0.000000,0.000000,0,0,4.17400,3360.447,4.337,18.000,18.000,20.000,22.000,23.000,0.000,0.000,0,0,1.1582,60,120,60,61,58
33,falling,23,388.0,,195.000,170.439,0.00000,5.63383,5.63383,0.000000,0.000000,0,0,4.17400,3360.447,4.337,18.000,18.000,20.000,22.000,23.000,0.000,0.000,0,0,1.1582,60,120,60,61,58
33,falling,24,405.0,,195.000,176.386,0.00000,5.83096,5.83096,0.000000,0.000000,0,0,4.17400,3360.447,4.337,18.000,18.000,20.000,22.000,23.000,0.000,0.000,0,0,1.1582,60,120,60,61,58
33,falling,25,422.0,,195.000,182.159,0.00000,6.01366,6.01366,0.000000,0.000000,0,0,4.17400,3360.447,4.337,18.000,18.000,20.000,22.000,23.000,0.000,0.000,0,0,1.1582,60,120,60,61,58
33,falling,26,438.0,,195.000,188.488,0.00000,6.20499,6.20499,0.000000,0.000000,0,0,4.17400,3360.447,4.337,18.000,18.000,20.000,22.000,23.000,0.000,0.000,0,0,1.1582,60,120,60,61,58
33,falling,27,456.0,,195.000,195.010,0.00000,6.39338,6.39338,0.000000,0.000000,0,0,4.17400,3360.447,4.337,18.000,18.000,20.000,22.000,23.000,0.000,0.000,0,0,1.1582,60,120,60,61,58
33,falling,28,472.0,,195.000,201.315,0.00000,6.56799,6.56799,0.000000,0.000000,0,0,4.17400,3360.447,4.337,18.000,18.000,20.000,22.000,23.000,0.000,0.000,0,0,1.1582,60,120,60,61,58
33,falling,29,488.0,,195.000,208.201,0.00000,6.75083,6.75083,0.000000,0.000000,0,0,4.17400,3360.447,4.337,18.000,18.000,20.000,22.000,23.000,0.000,0.000,0,0,1.1582,60,120,60,61,58
33,falling,30,505.0,,195.000,215.270,0.00000,6.93087,6.93087,0.000000,0.000000,0,0,4.17400,3360.447,4.337,18.000,18.000,20.000,22.000,23.000,0.000,0.000,0,0,1.1582,60,120,60,61,58
33,falling,31,522.0,,195.000,222.084,0.00000,7.09774,7.09774,0.000000,0.000000,0,0,4.17400,3360.447,4.337,18.000,18.000,20.000,22.000,23.000,0.000,0.000,0,0,1.1582,60,120,60,61,58
33,falling,32,538.0,,195.000,229.502,0.00000,7.27247,7.27247,0.000000,0.000000,0,0,4.17400,3360.447,4.337,18.000,18.000,20.000,22.000,23.000,0.000,0.000,0,0,1.1582,60,120,60,61,58
33,falling,33,555.0,,195.000,237.096,0.00000,7.44454,7.44454,0.000000,0.000000,0,0,4.17400,3360.447,4.337,18.000,18.000,20.000,22.000,23.000,0.000,0.000,0,0,1.1582,60,120,60,61,58
33,falling,34,572.0,,195.000,244.395,0.00000,7.60400,7.60400,0.000000,0.000000,0,0,4.17400,3360.447,4.337,18.000,18.000,20.000,22.000,23.000,0.000,0.000,0,0,1.1582,60,120,60,61,58
33,falling,35,588.0,,195.000,252.322,0.00000,7.77100,7.77100,0.000000,0.000000,0,0,4.17400,3360.447,4.337,18.000,18.000,20.000,22.000,23.000,0.000,0.000,0,0,1.1582,60,120,60,61,58
33,falling,36,605.0,,195.000,260.416,0.00000,7.93543,7.93543,0.000000,0.000000,0,0,4.17400,3360.447,4.337,18.000,18.000,20.000,22.000,23.000,0.000,0.000,0,0,1.1582,60,120,60,61,58
33,falling,37,622.0,,195.000,268.180,0.00000,8.08783,8.08783,0.000000,0.000000,0,0,4.17400,3360.447,4.337,18.000,18.000,20.000,22.000,23.000,0.000,0.000,0,0,1.1582,60,120,60,61,58
33,falling,38,638.0,,195.000,276.593,0.00000,8.24742,8.24742,0.000000,0.000000,0,0,4.17400,3360.447,4.337,18.000,18.000,20.000,22.000,23.000,0.000,0.000,0,0,1.1582,60,120,60,61,58
33,falling,39,655.0,,195.000,285.165,0.00000,8.40457,8.40457,0.000000,0.000000,0,0,4.17400,3360.447,4.337,18.000,18.000,20.000,22.000,23.000,0.000,0.000,0,0,1.1582,60,120,60,61,58
33,falling,40,672.0,,195.000,293.373,0.00000,8.55021,8.55021,0.000000,0.000000,0,0,4.17400,3360.447,4.337,18.000,18.000,20.000,22.000,23.000,0.000,0.000,0,0,1.1582,60,120,60,61,58
33,falling,41,688.0,,195.000,302.250,0.00000,8.70272,8.70272,0.000000,0.000000,0,0,4.17400,3360.447,4.337,18.000,18.000,20.000,22.000,23.000,0.000,0.000,0,0,1.1582,60,120,60,61,58
33,falling,42,705.0,,195.000,311.280,0.00000,8.85290,8.85290,0.000000,0.000000,0,0,4.17400,3360.447,4.337,18.000,18.000,20.000,22.000,23.000,0.000,0.000,0,0,1.1582,60,120,60,61,58
33,falling,43,722.0,,195.000,319.913,0.00000,8.99209,8.99209,0.000000,0.000000,0,0,4.17400,3360.447,4.337,18.000,18.000,20.000,22.000,23.000,0.000,0.000,0,0,1.1582,60,120,60,61,58
33,falling,44,738.0,,195.000,329.233,0.00000,9.13784,9.13784,0.000000,0.000000,0,0,4.17400,3360.447,4.337,18.000,18.000,20.000,22.000,23.000,0.000,0.000,0,0,1.1582,60,120,60,61,58
33,falling,45,755.0,,195.000,338.700,0.00000,9.28137,9.28137,0.000000,0.000000,0,0,4.17400,3360.447,4.337,18.000,18.000,20.000,22.000,23.000,0.000,0.000,0,0,1.1582,60,120,60,61,58
33,falling,46,772.0,,195.000,347.738,0.00000,9.41438,9.41438,0.000000,0.000000,0,0,4.17400,3360.447,4.337,18.000,18.000,20.000,22.000,23.000,0.000,0.000,0,0,1.1582,60,120,60,61,58
33,falling,47,788.0,,195.000,357.483,0.00000,9.55368,9.55368,0.000000,0.000000,0,0,4.17400,3360.447,4.337,18.000,18.000,20.000,22.000,23.000,0.000,0.000,0,0,1.1582,60,120,60,61,58
33,falling,48,805.0,,195.000,367.367,0.00000,9.69084,9.69084,0.000000,0.000000,0,0,4.17400,3360.447,4.337,18.000,18.000,20.000,22.000,23.000,0.000,0.000,0,0,1.1582,60,120,60,61,58
33,falling,49,822.0,,195.000,376.793,0.00000,9.81796,9.81796,0.000000,0.000000,0,0,4.17400,3360.447,4.337,18.000,18.000,20.000,22.000,23.000,0.000,0.000,0,0,1.1582,60,120,60,61,58
33,falling,50,838.0,,195.000,386.943,0.00000,9.95108,9.95108,0.000000,0.000000,0,0,4.17400,3360.447,4.337,18.000,18.000,20.000,22.000,23.000,0.000,0.000,0,0,1.1582,60,120,60,61,58
33,falling,51,855.0,,195.000,397.227,0.00000,10.08216,10.08216,0.000000,0.000000,0,0,4.17400,3360.447,4.337,18.000,18.000,20.000,22.000,23.000,0.000,0.000,0,0,1.1582,60,120,60,61,58
33,falling,52,872.0,,195.000,407.022,0.00000,10.20364,10.20364,0.000000,0.000000,0,0,4.17400,3360.447,4.337,18.000,18.000,20.000,22.000,23.000,0.000,0.000,0,0,1.1582,60,120,60,61,58
33,falling,53,888.0,,195.000,417.560,0.00000,10.33086,10.33086,0.000000,0.000000,0,0,4.17400,3360.447,4.337,18.000,18.000,20.000,22.000,23.000,0.000,0.000,0,0,1.1582,60,120,60,61,58
33,falling,54,905.0,,195.000,428.225,0.00000,10.45613,10.45613,0.000000,0.000000,0,0,4.17400,3360.447,4.337,18.000,18.000,20.000,22.000,23.000,0.000,0.000,0,0,1.1582,60,120,60,61,58
33,falling,55,922.0,,195.000,438.374,0.00000,10.57223,10.57223,0.000000,0.000000,0,0,4.17400,3360.447,4.337,18.000,18.000,20.000,22.000,23.000,0.000,0.000,0,0,1.1582,60,120,60,61,58
33,falling,56,938.0,,195.000,449.282,0.00000,10.69381,10.69381,0.000000,0.000000,0,0,4.17400,3360.447,4.337,18.000,18.000,20.000,22.000,23.000,0.000,0.000,0,0,1.1582,60,120,60,61,58
33,falling,57,955.0,,195.000,460.312,0.00000,10.81352,10.81352,0.000000,0.000000,0,0,4.17400,3360.447,4.337,18.000,18.000,20.000,22.000,23.000,0.000,0.000,0,0,1.1582,60,120,60,61,58
33,falling,58,972.0,,195.000,470.799,0.00000,10.92448,10.92448,0.000000,0.000000,0,0,4.17400,3360.447,4.337,18.000,18.000,20.000,22.000,23.000,0.000,0.000,0,0,1.1582,60,120,60,61,58
33,falling,59,988.0,,195.000,482.061,0.00000,11.04067,11.04067,0.000000,0.000000,0,0,4.17400,3360.447,4.337,18.000,18.000,20.000,22.000,23.000,0.000,0.000,0,0,1.1582,60,120,60,61,58
33,post_landing,60,1005.0,60,195.000,491.422,1.63297,0.06386,1.63422,0.023058,0.000000,0,1,4.17400,3360.447,4.337,18.000,18.000,20.000,22.000,23.000,0.000,0.000,0,5,1.1582,60,120,60,61,58
33,post_landing,61,1022.0,60,196.545,490.922,1.13879,0.06068,1.14040,0.016131,0.021817,0,1,4.17400,3360.447,4.337,18.000,16.018,19.017,21.017,22.995,0.000,0.000,0,3,1.1582,60,120,60,61,58
33,post_landing,62,1038.0,60,197.689,490.884,0.79063,0.04810,0.79210,0.011626,0.038019,0,1,4.17400,3360.447,4.337,18.000,16.026,19.024,21.023,22.983,0.000,0.000,0,2,1.1582,60,120,60,61,58
33,post_landing,63,1055.0,60,198.483,491.004,0.55949,0.03694,0.56071,0.008290,0.049696,0,1,4.17400,3360.447,4.337,18.000,16.030,19.026,21.024,22.972,0.000,0.000,0,2,1.1582,60,120,60,61,58
33,post_landing,64,1072.0,60,199.012,491.084,0.40195,0.02795,0.40292,0.005984,0.057539,0,1,4.17400,3360.447,4.337,18.000,16.031,19.026,21.023,22.962,0.000,0.000,0,2,1.1582,60,120,60,61,58
33,post_landing,65,1088.0,60,199.416,491.151,0.29658,0.02141,0.29735,0.004431,0.063550,0,1,4.17400,3360.447,4.337,18.000,16.031,19.025,21.021,22.954,0.000,0.000,0,2,1.1582,60,120,60,61,58
33,post_landing,66,1105.0,60,199.714,491.200,0.22555,0.03434,0.22815,0.006277,0.068000,0,1,4.17400,3360.447,4.337,18.000,16.031,19.024,21.019,22.947,0.000,0.000,0,2,1.1582,60,120,60,61,58
33,post_landing,67,1122.0,60,199.927,491.279,0.21626,0.03392,0.21890,0.006007,0.073939,0,1,4.17400,3360.447,4.337,18.000,16.030,19.022,21.016,38.192,0.000,0.000,0,2,1.1582,60,120,60,61,58
33,post_landing,68,1138.0,60,200.145,491.352,0.21003,0.03409,0.21277,0.005852,0.079972,0,1,4.17400,3360.447,4.337,18.000,16.029,19.019,21.013,38.198,0.000,0.000,0,2,1.1582,60,120,60,61,58
33,post_landing,69,1155.0,60,200.356,491.420,0.20540,0.03446,0.20827,0.005743,0.085850,0,1,4.17400,3360.447,4.337,18.000,17.109,19.102,21.008,38.203,0.000,0.000,0,2,1.1582,60,120,60,61,58
33,post_landing,70,1172.0,60,200.550,491.479,0.20057,0.03469,0.20355,0.005630,0.091284,0,1,4.17400,3360.447,4.337,18.000,17.112,19.103,21.004,38.206,0.000,0.000,0,2,1.1582,60,120,60,61,58
33,post_landing,71,1188.0,60,200.751,491.549,0.19829,0.03547,0.20144,0.005607,0.096939,0,1,4.17400,3360.447,4.337,18.000,17.114,19.104,20.998,38.209,0.000,0.000,0,2,1.1582,60,120,60,61,58
33,post_landing,72,1205.0,60,200.950,491.616,0.19684,0.03641,0.20018,0.005606,0.102571,0,1,4.17400,3360.447,4.337,18.000,17.115,19.105,20.100,42.291,0.000,0.000,0,2,1.1582,60,120,60,61,58
33,post_landing,73,1222.0,60,201.137,491.677,0.19504,0.03708,0.19853,0.005581,0.107875,0,1,4.17400,3360.447,4.337,18.000,17.117,19.105,20.099,42.294,0.000,0.000,0,2,1.1582,60,120,60,61,58
33,post_landing,74,1238.0,60,201.333,491.749,0.19627,0.03787,0.19989,0.005600,0.113481,0,1,4.17400,3360.447,4.337,18.000,17.117,17.230,20.098,42.296,0.000,0.000,0,2,1.1582,60,120,60,61,58
33,post_landing,75,1255.0,60,201.530,491.819,0.19891,0.03918,0.20273,0.005608,0.119106,0,1,4.17400,3360.447,4.337,18.000,17.117,17.236,20.096,42.297,0.000,0.000,0,2,1.1582,60,120,60,61,58
33,post_landing,76,1272.0,60,201.718,491.882,0.19902,0.04012,0.20303,0.005620,0.124412,0,1,4.17400,3360.447,4.337,18.000,17.117,17.241,20.094,42.296,0.000,0.000,0,2,1.1582,60,120,60,61,58
33,post_landing,77,1289.0,60,201.918,491.958,0.20128,0.04162,0.20554,0.005707,0.130056,0,1,4.17400,3360.447,4.337,18.000,12.158,17.245,20.090,42.294,0.000,0.000,0,2,1.1582,60,120,60,61,58
33,post_landing,78,1305.0,60,202.120,492.032,0.20430,0.04323,0.20882,0.005786,0.135787,0,1,4.17400,3360.447,4.337,18.000,12.160,17.250,20.087,42.290,0.000,0.000,0,2,1.1582,60,120,60,61,58
33,post_landing,79,1322.0,60,202.325,492.108,0.20728,0.04494,0.21210,0.005881,0.141598,0,1,4.17400,3360.447,4.337,18.000,12.162,17.253,20.082,42.709,0.000,0.000,0,2,1.1582,60,120,60,61,58
33,post_landing,80,1339.0,60,202.521,491.887,0.19729,0.04866,0.20320,0.006242,0.147163,0,1,4.17400,3360.447,4.337,18.000,12.164,17.256,20.077,42.719,0.000,0.000,0,1,1.1582,60,120,60,61,58
33,post_landing,81,1355.0,60,202.720,491.922,0.22997,0.05229,0.23584,0.005416,0.153433,0,1,4.17400,3360.447,4.337,18.000,12.165,17.259,20.071,42.729,0.000,0.000,0,1,1.1582,60,120,60,61,58
33,post_landing,82,1372.0,60,202.950,491.966,0.22863,0.05308,0.23471,0.005792,0.158872,0,1,4.17400,3360.447,4.337,18.000,12.165,17.261,20.065,42.737,0.000,0.000,0,1,1.1582,60,120,60,61,58
33,post_landing,83,1388.0,60,203.167,492.007,0.21993,0.05214,0.22602,0.006238,0.164352,0,1,4.17400,3360.447,4.337,18.000,12.166,17.262,19.235,42.743,0.000,0.000,0,1,1.1582,60,120,60,61,58
33,post_landing,84,1405.0,60,203.388,492.063,0.23332,0.05663,0.24010,0.006056,0.170617,0,1,4.17400,3360.447,4.337,18.000,12.165,17.263,19.233,42.748,0.000,0.000,0,1,1.1582,60,120,60,61,58
33,post_landing,85,1422.0,60,203.622,492.115,0.23980,0.05952,0.24707,0.006146,0.176700,0,1,4.17400,3360.447,4.337,18.000,12.165,17.263,19.231,42.752,0.000,0.000,0,1,1.1582,60,120,60,61,58
33,post_landing,86,1438.0,60,203.849,492.162,0.23563,0.05973,0.24308,0.006451,0.182515,0,1,4.17400,3360.447,4.337,18.000,1.165,17.262,19.229,42.754,0.000,0.000,0,1,1.1582,60,120,60,61,58
33,post_landing,87,1455.0,60,204.086,492.224,0.24458,0.06344,0.25267,0.006446,0.188994,0,1,4.17400,3360.447,4.337,18.000,1.170,12.350,19.225,42.755,0.000,0.000,0,1,1.1582,60,120,60,61,58
33,post_landing,88,1472.0,60,204.331,492.283,0.24703,0.06553,0.25557,0.006673,0.195469,0,1,4.17400,3360.447,4.337,18.000,1.175,12.354,19.221,42.754,0.000,0.000,0,1,1.1582,60,120,60,61,58
33,post_landing,89,1489.0,60,204.565,492.337,0.24164,0.06550,0.25036,0.007000,0.201783,0,1,4.17400,3360.447,4.337,18.000,1.180,12.358,19.216,42.751,0.000,0.000,0,1,1.1582,60,120,60,61,58
33,post_landing,90,1505.0,60,204.808,492.408,0.25569,0.07096,0.26535,0.006816,0.208813,0,1,4.17400,3360.447,4.337,18.000,1.186,12.361,19.209,42.746,0.000,0.000,0,1,1.1582,60,120,60,61,58
33,post_landing,91,1522.0,60,205.065,492.475,0.25907,0.07354,0.26931,0.007029,0.215660,0,1,4.17400,3360.447,4.337,18.000,1.191,12.364,19.202,42.739,0.000,0.000,0,1,1.1582,60,120,60,61,58
33,post_landing,92,1538.0,60,205.310,492.536,0.25366,0.07357,0.26411,0.007368,0.222310,0,1,4.17400,3360.447,4.337,18.000,1.196,12.366,19.194,42.730,0.000,0.000,0,1,1.1582,60,120,60,61,58
33,post_landing,93,1555.0,60,205.564,492.614,0.26649,0.07914,0.27800,0.007239,0.229711,0,1,4.17400,3360.447,4.337,18.000,1.201,12.368,17.464,43.174,0.000,0.000,0,1,1.1582,60,120,60,61,58
33,post_landing,94,1572.0,60,205.817,492.681,0.26401,0.08010,0.27590,0.007497,0.236560,0,1,4.17400,3360.447,4.337,18.000,1.207,12.369,17.464,43.174,0.000,0.000,0,1,1.1582,60,120,60,61,58
33,post_landing,95,1589.0,60,206.082,492.764,0.27228,0.08454,0.28510,0.007549,0.244090,0,1,4.17400,3360.447,4.337,18.000,1.212,12.369,17.463,43.172,0.000,0.000,0,1,1.1582,60,120,60,61,58
33,post_landing,96,1605.0,60,206.355,492.845,0.27324,0.08680,0.28669,0.007854,0.251672,0,1,4.17400,3360.447,4.337,18.000,1.218,12.369,17.461,42.448,0.000,0.000,0,1,1.1582,60,120,60,61,58
33,post_landing,97,1622.0,60,206.630,492.931,0.27466,0.08932,0.28882,0.008119,0.259560,0,1,4.17400,3360.447,4.337,18.000,1.223,12.368,17.457,42.450,0.000,0.000,0,1,1.1582,60,120,60,61,58
33,post_landing,98,1638.0,60,206.890,493.013,0.27399,0.09112,0.28874,0.008268,0.267242,0,1,4.17400,3360.447,4.337,18.000,1.229,12.366,17.453,42.713,0.000,0.000,0,1,1.1582,60,120,60,61,58
33,post_landing,99,1655.0,60,207.165,493.111,0.29645,0.10129,0.31327,0.007820,0.275546,0,1,4.17400,3360.447,4.337,18.000,1.234,7.280,17.447,42.718,0.000,0.000,0,1,1.1582,60,120,60,61,58
33,post_landing,100,1672.0,60,207.445,493.193,0.28933,0.10063,0.30633,0.008278,0.282946,0,1,4.17400,3360.447,4.337,18.000,1.239,7.280,17.441,42.720,0.000,0.000,0,1,1.1582,60,120,60,61,58
33,post_landing,101,1689.0,60,207.736,493.295,0.29420,0.10472,0.31228,0.008467,0.291260,0,1,4.17400,3360.447,4.337,18.000,1.245,7.279,37.643,42.719,0.000,0.000,0,1,1.1582,60,120,60,61,58
33,post_landing,102,1705.0,60,208.031,493.397,0.29478,0.10740,0.31373,0.008791,0.299765,0,1,4.17400,3360.447,4.337,18.000,1.251,7.278,37.643,42.715,0.000,0.000,0,1,1.1582,60,120,60,61,58
33,post_landing,103,1722.0,60,208.327,493.506,0.29790,0.11115,0.31796,0.009002,0.308595,0,1,4.17400,3360.447,4.337,18.000,1.256,7.277,37.640,43.012,0.000,0.000,0,1,1.1582,60,120,60,61,58
33,post_landing,104,1739.0,60,208.609,493.608,0.29844,0.11390,0.31944,0.009101,0.317112,0,1,4.17400,3360.447,4.337,18.000,1.262,7.275,34.146,42.371,0.000,0.000,0,1,1.1582,60,120,60,61,58
33,post_landing,105,1755.0,60,208.909,493.728,0.31848,0.12512,0.34218,0.008733,0.326254,0,1,4.17400,3360.447,4.337,18.000,1.268,7.272,34.158,42.377,0.000,0.000,0,1,1.1582,60,120,60,61,58
33,post_landing,106,1772.0,60,209.229,493.844,0.31266,0.12500,0.33672,0.009337,0.335025,0,1,4.17400,3360.447,4.337,18.000,1.273,7.268,34.166,42.379,0.000,0.000,0,1,1.1582,60,120,60,61,58
33,post_landing,107,1789.0,60,209.525,493.956,0.30954,0.12656,0.33441,0.009568,0.343859,0,1,4.17400,3360.447,4.337,18.000,1.279,1.616,34.172,42.378,0.000,0.000,0,1,1.1582,60,120,60,61,58
33,post_landing,108,1805.0,60,209.836,494.089,0.32906,0.13872,0.35711,0.009202,0.353470,0,1,4.17400,3360.447,4.337,18.000,1.284,1.630,34.176,42.373,0.000,0.000,0,1,1.1582,60,120,60,61,58
33,post_landing,109,1822.0,60,210.166,494.217,0.32247,0.13818,0.35083,0.009834,0.362712,0,1,4.17400,3360.447,4.337,18.000,1.290,1.645,34.176,42.365,0.000,0.000,0,1,1.1582,60,120,60,61,58
33,post_landing,110,1839.0,60,210.471,494.343,0.32027,0.14038,0.34968,0.010016,0.372017,0,1,4.17400,3360.447,4.337,18.000,1.295,1.659,34.173,42.353,0.000,0.000,0,1,1.1582,60,120,60,61,58
33,post_landing,111,1855.0,60,210.793,494.490,0.33834,0.15316,0.37139,0.009684,0.382078,0,1,4.17400,3360.447,4.337,18.000,1.301,22.286,34.167,41.781,0.000,0.000,0,1,1.1582,60,120,60,61,58
33,post_landing,112,1872.0,60,211.133,494.632,0.33194,0.15254,0.36531,0.010311,0.391804,0,1,4.17400,3360.447,4.337,18.000,1.306,22.303,34.921,41.772,0.000,0.000,0,1,1.1582,60,120,60,61,58
33,post_landing,113,1889.0,60,211.447,494.771,0.33007,0.15519,0.36473,0.010464,0.401560,0,1,4.17400,3360.447,4.337,18.000,1.311,23.629,34.926,41.760,0.000,0.000,0,1,1.1582,60,120,60,61,58
33,post_landing,114,1905.0,60,211.778,494.933,0.34642,0.16852,0.38524,0.010171,0.412070,0,1,4.17400,3360.447,4.337,18.000,1.317,23.648,34.928,41.743,0.000,0.000,0,1,1.1582,60,120,60,61,58
33,post_landing,115,1923.0,60,212.126,495.091,0.33982,0.16759,0.37890,0.010806,0.422286,0,1,4.17400,3360.447,4.337,18.000,22.342,23.664,34.927,41.722,0.000,0.000,0,1,1.1582,60,120,60,61,58
33,post_landing,116,1939.0,60,212.448,495.245,0.33858,0.17089,0.37926,0.010912,0.432510,0,1,4.17400,3360.447,4.337,18.000,22.350,23.677,35.341,41.696,0.000,0.000,0,1,1.1582,60,120,60,61,58
33,post_landing,117,1955.0,60,212.788,495.422,0.35313,0.18478,0.39855,0.010657,0.443470,0,1,4.17400,3360.447,4.337,18.000,23.688,23.688,35.341,41.664,0.000,0.000,0,1,1.1582,60,120,60,61,58
33,post_landing,118,1972.0,60,213.143,495.695,0.23225,-0.03255,0.23452,0.007571,0.454174,0,1,4.17400,3360.447,4.337,18.000,23.697,23.697,35.337,41.627,0.000,0.000,0,2,1.1582,60,120,60,61,58
33,post_landing,119,1989.0,60,213.362,495.729,0.16707,-0.02285,0.16863,0.005492,0.461338,0,1,4.17400,3360.447,4.337,18.000,23.701,23.701,30.409,40.254,0.000,0.000,0,2,1.1582,60,120,60,61,58
34,falling,0,8.0,,195.000,96.669,0.00000,0.45000,0.45000,0.000000,0.000000,0,0,5.67800,3952.389,3.007,18.000,18.000,20.000,29.000,38.000,0.000,0.000,0,0,1.1538,74,148,74,79,73
34,falling,1,15.0,,195.000,96.906,0.00000,0.56383,0.56383,0.000000,0.000000,0,0,5.67800,3952.389,3.007,18.000,18.000,20.000,29.000,38.000,0.000,0.000,0,0,1.1538,74,148,74,79,73
34,falling,2,31.0,,195.000,97.695,0.00000,0.82238,0.82238,0.000000,0.000000,0,0,5.67800,3952.389,3.007,18.000,18.000,20.000,29.000,38.000,0.000,0.000,0,0,1.1538,74,148,74,79,73
34,falling,3,48.0,,195.000,98.810,0.00000,1.09313,1.09313,0.000000,0.000000,0,0,5.67800,3952.389,3.007,18.000,18.000,20.000,29.000,38.000,0.000,0.000,0,0,1.1538,74,148,74,79,73
34,falling,4,65.0,,195.000,100.197,0.00000,1.35974,1.35974,0.000000,0.000000,0,0,5.67800,3952.389,3.007,18.000,18.000,20.000,29.000,38.000,0.000,0.000,0,0,1.1538,74,148,74,79,73
34,falling,5,82.0,,195.000,101.740,0.00000,1.60682,1.60682,0.000000,0.000000,0,0,5.67800,3952.389,3.007,18.000,18.000,20.000,29.000,38.000,0.000,0.000,0,0,1.1538,74,148,74,79,73
34,falling,6,98.0,,195.000,103.643,0.00000,1.86557,1.86557,0.000000,0.000000,0,0,5.67800,3952.389,3.007,18.000,18.000,20.000,29.000,38.000,0.000,0.000,0,0,1.1538,74,148,74,79,73
34,falling,7,115.0,,195.000,105.805,0.00000,2.12036,2.12036,0.000000,0.000000,0,0,5.67800,3952.389,3.007,18.000,18.000,20.000,29.000,38.000,0.000,0.000,0,0,1.1538,74,148,74,79,73
34,falling,8,131.0,,195.000,108.068,0.00000,2.35650,2.35650,0.000000,0.000000,0,0,5.67800,3952.389,3.007,18.000,18.000,20.000,29.000,38.000,0.000,0.000,0,0,1.1538,74,148,74,79,73
34,falling,9,148.0,,195.000,110.724,0.00000,2.60378,2.60378,0.000000,0.000000,0,0,5.67800,3952.389,3.007,18.000,18.000,20.000,29.000,38.000,0.000,0.000,0,0,1.1538,74,148,74,79,73
34,falling,10,165.0,,195.000,113.628,0.00000,2.84727,2.84727,0.000000,0.000000,0,0,5.67800,3952.389,3.007,18.000,18.000,20.000,29.000,38.000,0.000,0.000,0,0,1.1538,74,148,74,79,73
34,falling,11,181.0,,195.000,116.578,0.00000,3.07294,3.07294,0.000000,0.000000,0,0,5.67800,3952.389,3.007,18.000,18.000,20.000,29.000,38.000,0.000,0.000,0,0,1.1538,74,148,74,79,73
34,falling,12,198.0,,195.000,119.953,0.00000,3.30926,3.30926,0.000000,0.000000,0,0,5.67800,3952.389,3.007,18.000,18.000,20.000,29.000,38.000,0.000,0.000,0,0,1.1538,74,148,74,79,73
34,falling,13,215.0,,195.000,123.566,0.00000,3.54196,3.54196,0.000000,0.000000,0,0,5.67800,3952.389,3.007,18.000,18.000,20.000,29.000,38.000,0.000,0.000,0,0,1.1538,74,148,74,79,73
34,falling,14,231.0,,195.000,127.173,0.00000,3.75762,3.75762,0.000000,0.000000,0,0,5.67800,3952.389,3.007,18.000,18.000,20.000,29.000,38.000,0.000,0.000,0,0,1.1538,74,148,74,79,73
34,falling,15,248.0,,195.000,131.236,0.00000,3.98346,3.98346,0.000000,0.000000,0,0,5.67800,3952.389,3.007,18.000,18.000,20.000,29.000,38.000,0.000,0.000,0,0,1.1538,74,148,74,79,73
34,falling,16,265.0,,195.000,135.526,0.00000,4.20585,4.20585,0.000000,0.000000,0,0,5.67800,3952.389,3.007,18.000,18.000,20.000,29.000,38.000,0.000,0.000,0,0,1.1538,74,148,74,79,73
34,falling,17,281.0,,195.000,139.762,0.00000,4.41195,4.41195,0.000000,0.000000,0,0,5.67800,3952.389,3.007,18.000,18.000,20.000,29.000,38.000,0.000,0.000,0,0,1.1538,74,148,74,79,73
34,falling,18,298.0,,195.000,144.482,0.00000,4.62778,4.62778,0.000000,0.000000,0,0,5.67800,3952.389,3.007,18.000,18.000,20.000,29.000,38.000,0.000,0.000,0,0,1.1538,74,148,74,79,73
34,falling,19,315.0,,195.000,149.419,0.00000,4.84031,4.84031,0.000000,0.000000,0,0,5.67800,3952.389,3.007,18.000,18.000,20.000,29.000,38.000,0.000,0.000,0,0,1.1538,74,148,74,79,73
34,falling,20,332.0,,195.000,154.255,0.00000,5.03727,5.03727,0.000000,0.000000,0,0,5.67800,3952.389,3.007,18.000,18.000,20.000,29.000,38.000,0.000,0.000,0,0,1.1538,74,148,74,79,73
34,falling,21,348.0,,195.000,159.604,0.00000,5.24354,5.24354,0.000000,0.000000,0,0,5.67800,3952.389,3.007,18.000,18.000,20.000,29.000,38.000,0.000,0.000,0,0,1.1538,74,148,74,79,73
34,falling,22,365.0,,195.000,165.159,0.00000,5.44665,5.44665,0.000000,0.000000,0,0,5.67800,3952.389,3.007,18.000,18.000,20.000,29.000,38.000,0.000,0.000,0,0,1.1538,74,148,74,79,73
34,falling,23,382.0,,195.000,170.569,0.00000,5.63488,5.63488,0.000000,0.000000,0,0,5.67800,3952.389,3.007,18.000,18.000,20.000,29.000,38.000,0.000,0.000,0,0,1.1538,74,148,74,79,73
34,falling,24,398.0,,195.000,176.517,0.00000,5.83200,5.83200,0.000000,0.000000,0,0,5.67800,3952.389,3.007,18.000,18.000,20.000,29.000,38.000,0.000,0.000,0,0,1.1538,74,148,74,79,73
34,falling,25,415.0,,195.000,182.664,0.00000,6.02610,6.02610,0.000000,0.000000,0,0,5.67800,3952.389,3.007,18.000,18.000,20.000,29.000,38.000,0.000,0.000,0,0,1.1538,74,148,74,79,73
34,falling,26,432.0,,195.000,188.622,0.00000,6.20599,6.20599,0.000000,0.000000,0,0,5.67800,3952.389,3.007,18.000,18.000,20.000,29.000,38.000,0.000,0.000,0,0,1.1538,74,148,74,79,73
34,falling,27,448.0,,195.000,195.144,0.00000,6.39438,6.39438,0.000000,0.000000,0,0,5.67800,3952.389,3.007,18.000,18.000,20.000,29.000,38.000,0.000,0.000,0,0,1.1538,74,148,74,79,73
34,falling,28,465.0,,195.000,201.855,0.00000,6.57988,6.57988,0.000000,0.000000,0,0,5.67800,3952.389,3.007,18.000,18.000,20.000,29.000,38.000,0.000,0.000,0,0,1.1538,74,148,74,79,73
34,falling,29,481.0,,195.000,208.337,0.00000,6.75179,6.75179,0.000000,0.000000,0,0,5.67800,3952.389,3.007,18.000,18.000,20.000,29.000,38.000,0.000,0.000,0,0,1.1538,74,148,74,79,73
34,falling,30,498.0,,195.000,215.408,0.00000,6.93182,6.93182,0.000000,0.000000,0,0,5.67800,3952.389,3.007,18.000,18.000,20.000,29.000,38.000,0.000,0.000,0,0,1.1538,74,148,74,79,73
34,falling,31,515.0,,195.000,222.659,0.00000,7.10910,7.10910,0.000000,0.000000,0,0,5.67800,3952.389,3.007,18.000,18.000,20.000,29.000,38.000,0.000,0.000,0,0,1.1538,74,148,74,79,73
34,falling,32,532.0,,195.000,229.641,0.00000,7.27339,7.27339,0.000000,0.000000,0,0,5.67800,3952.389,3.007,18.000,18.000,20.000,29.000,38.000,0.000,0.000,0,0,1.1538,74,148,74,79,73
34,falling,33,548.0,,195.000,237.236,0.00000,7.44545,7.44545,0.000000,0.000000,0,0,5.67800,3952.389,3.007,18.000,18.000,20.000,29.000,38.000,0.000,0.000,0,0,1.1538,74,148,74,79,73
34,falling,34,565.0,,195.000,245.003,0.00000,7.61486,7.61486,0.000000,0.000000,0,0,5.67800,3952.389,3.007,18.000,18.000,20.000,29.000,38.000,0.000,0.000,0,0,1.1538,74,148,74,79,73
34,falling,35,581.0,,195.000,252.464,0.00000,7.77188,7.77188,0.000000,0.000000,0,0,5.67800,3952.389,3.007,18.000,18.000,20.000,29.000,38.000,0.000,0.000,0,0,1.1538,74,148,74,79,73
34,falling,36,598.0,,195.000,260.559,0.00000,7.93630,7.93630,0.000000,0.000000,0,0,5.67800,3952.389,3.007,18.000,18.000,20.000,29.000,38.000,0.000,0.000,0,0,1.1538,74,148,74,79,73
34,falling,37,615.0,,195.000,268.819,0.00000,8.09821,8.09821,0.000000,0.000000,0,0,5.67800,3952.389,3.007,18.000,18.000,20.000,29.000,38.000,0.000,0.000,0,0,1.1538,74,148,74,79,73
34,falling,38,632.0,,195.000,276.737,0.00000,8.24826,8.24826,0.000000,0.000000,0,0,5.67800,3952.389,3.007,18.000,18.000,20.000,29.000,38.000,0.000,0.000,0,0,1.1538,74,148,74,79,73
34,falling,39,648.0,,195.000,285.311,0.00000,8.40539,8.40539,0.000000,0.000000,0,0,5.67800,3952.389,3.007,18.000,18.000,20.000,29.000,38.000,0.000,0.000,0,0,1.1538,74,148,74,79,73
34,falling,40,665.0,,195.000,294.042,0.00000,8.56013,8.56013,0.000000,0.000000,0,0,5.67800,3952.389,3.007,18.000,18.000,20.000,29.000,38.000,0.000,0.000,0,0,1.1538,74,148,74,79,73
34,falling,41,681.0,,195.000,302.398,0.00000,8.70353,8.70353,0.000000,0.000000,0,0,5.67800,3952.389,3.007,18.000,18.000,20.000,29.000,38.000,0.000,0.000,0,0,1.1538,74,148,74,79,73
34,falling,42,698.0,,195.000,311.428,0.00000,8.85370,8.85370,0.000000,0.000000,0,0,5.67800,3952.389,3.007,18.000,18.000,20.000,29.000,38.000,0.000,0.000,0,0,1.1538,74,148,74,79,73
34,falling,43,715.0,,195.000,320.610,0.00000,9.00157,9.00157,0.000000,0.000000,0,0,5.67800,3952.389,3.007,18.000,18.000,20.000,29.000,38.000,0.000,0.000,0,0,1.1538,74,148,74,79,73
34,falling,44,732.0,,195.000,329.383,0.00000,9.13861,9.13861,0.000000,0.000000,0,0,5.67800,3952.389,3.007,18.000,18.000,20.000,29.000,38.000,0.000,0.000,0,0,1.1538,74,148,74,79,73
34,falling,45,748.0,,195.000,338.851,0.00000,9.28212,9.28212,0.000000,0.000000,0,0,5.67800,3952.389,3.007,18.000,18.000,20.000,29.000,38.000,0.000,0.000,0,0,1.1538,74,148,74,79,73
34,falling,46,765.0,,195.000,348.463,0.00000,9.42344,9.42344,0.000000,0.000000,0,0,5.67800,3952.389,3.007,18.000,18.000,20.000,29.000,38.000,0.000,0.000,0,0,1.1538,74,148,74,79,73
34,falling,47,781.0,,195.000,357.635,0.00000,9.55441,9.55441,0.000000,0.000000,0,0,5.67800,3952.389,3.007,18.000,18.000,20.000,29.000,38.000,0.000,0.000,0,0,1.1538,74,148,74,79,73
34,falling,48,798.0,,195.000,367.520,0.00000,9.69156,9.69156,0.000000,0.000000,0,0,5.67800,3952.389,3.007,18.000,18.000,20.000,29.000,38.000,0.000,0.000,0,0,1.1538,74,148,74,79,73
34,falling,49,815.0,,195.000,377.543,0.00000,9.82661,9.82661,0.000000,0.000000,0,0,5.67800,3952.389,3.007,18.000,18.000,20.000,29.000,38.000,0.000,0.000,0,0,1.1538,74,148,74,79,73
34,falling,50,832.0,,195.000,387.097,0.00000,9.95178,9.95178,0.000000,0.000000,0,0,5.67800,3952.389,3.007,18.000,18.000,20.000,29.000,38.000,0.000,0.000,0,0,1.1538,74,148,74,79,73
34,falling,51,848.0,,195.000,397.382,0.00000,10.08285,10.08285,0.000000,0.000000,0,0,5.67800,3952.389,3.007,18.000,18.000,20.000,29.000,38.000,0.000,0.000,0,0,1.1538,74,148,74,79,73
34,falling,52,865.0,,195.000,407.798,0.00000,10.21191,10.21191,0.000000,0.000000,0,0,5.67800,3952.389,3.007,18.000,18.000,20.000,29.000,38.000,0.000,0.000,0,0,1.1538,74,148,74,79,73
34,falling,53,882.0,,195.000,417.716,0.00000,10.33153,10.33153,0.000000,0.000000,0,0,5.67800,3952.389,3.007,18.000,18.000,20.000,29.000,38.000,0.000,0.000,0,0,1.1538,74,148,74,79,73
34,falling,54,898.0,,195.000,428.382,0.00000,10.45679,10.45679,0.000000,0.000000,0,0,5.67800,3952.389,3.007,18.000,18.000,20.000,29.000,38.000,0.000,0.000,0,0,1.1538,74,148,74,79,73
34,falling,55,915.0,,195.000,439.174,0.00000,10.58013,10.58013,0.000000,0.000000,0,0,5.67800,3952.389,3.007,18.000,18.000,20.000,29.000,38.000,0.000,0.000,0,0,1.1538,74,148,74,79,73
34,falling,56,931.0,,195.000,449.440,0.00000,10.69445,10.69445,0.000000,0.000000,0,0,5.67800,3952.389,3.007,18.000,18.000,20.000,29.000,38.000,0.000,0.000,0,0,1.1538,74,148,74,79,73
34,falling,57,948.0,,195.000,460.471,0.00000,10.81416,10.81416,0.000000,0.000000,0,0,5.67800,3952.389,3.007,18.000,18.000,20.000,29.000,38.000,0.000,0.000,0,0,1.1538,74,148,74,79,73
34,falling,58,965.0,,195.000,471.621,0.00000,10.93203,10.93203,0.000000,0.000000,0,0,5.67800,3952.389,3.007,18.000,18.000,20.000,29.000,38.000,0.000,0.000,0,0,1.1538,74,148,74,79,73
34,falling,59,982.0,,195.000,482.221,0.00000,11.04128,11.04128,0.000000,0.000000,0,0,5.67800,3952.389,3.007,18.000,18.000,20.000,29.000,38.000,0.000,0.000,0,0,1.1538,74,148,74,79,73
34,post_landing,60,998.0,60,195.000,489.206,1.95755,-0.30278,1.98083,0.015926,0.000000,0,1,5.67800,3952.389,3.007,18.000,18.000,20.000,29.000,38.000,0.000,0.000,0,14,1.1538,74,148,74,79,73
34,post_landing,61,1015.0,60,196.966,487.041,1.37001,-0.20764,1.38565,0.014060,0.015996,0,1,5.67800,3952.389,3.007,18.000,17.014,19.014,29.028,36.011,0.000,0.000,0,7,1.1538,74,148,74,79,73
34,post_landing,62,1032.0,60,198.262,486.172,1.01588,0.01239,1.01596,0.011847,0.029300,0,1,5.67800,3952.389,3.007,18.000,17.022,19.021,29.046,36.014,0.000,0.000,0,4,1.1538,74,148,74,79,73
34,post_landing,63,1048.0,60,199.283,485.807,0.72608,0.02956,0.72668,0.010140,0.041199,0,1,5.67800,3952.389,3.007,18.000,17.027,19.025,31.097,37.051,0.000,0.000,0,2,1.1538,74,148,74,79,73
34,post_landing,64,1065.0,60,200.012,485.911,0.56829,0.01909,0.56861,0.007005,0.051383,0,1,5.67800,3952.389,3.007,18.000,17.029,19.026,31.113,37.054,0.000,0.000,0,2,1.1538,74,148,74,79,73
34,post_landing,65,1082.0,60,200.550,485.979,0.43232,0.01555,0.43259,0.005491,0.058011,0,1,5.67800,3952.389,3.007,18.000,17.029,19.026,31.122,37.054,0.000,0.000,0,2,1.1538,74,148,74,79,73
34,post_landing,66,1098.0,60,200.984,486.041,0.34858,0.02586,0.34954,0.007374,0.063526,0,1,5.67800,3952.389,3.007,18.000,18.091,19.025,31.128,37.052,0.000,0.000,0,2,1.1538,74,148,74,79,73
34,post_landing,67,1115.0,60,201.334,486.123,0.32398,0.02986,0.32535,0.006688,0.070932,0,1,5.67800,3952.389,3.007,18.000,18.096,19.023,31.135,37.049,0.000,0.000,0,2,1.1538,74,148,74,79,73
34,post_landing,68,1133.0,60,201.641,486.192,0.33538,0.02083,0.33603,0.004890,0.077261,0,1,5.67800,3952.389,3.007,18.000,18.101,19.021,31.139,37.044,0.000,0.000,0,2,1.1538,74,148,74,79,73
34,post_landing,69,1148.0,60,201.977,486.250,0.86064,0.23700,0.89267,-0.018606,0.082172,0,1,5.67800,3952.389,3.007,18.000,18.103,19.018,31.142,37.039,0.000,0.000,0,2,1.1538,74,148,74,79,73
34,post_landing,70,1165.0,60,202.842,486.040,0.64412,-0.16649,0.66529,0.002369,0.063485,0,1,5.67800,3952.389,3.007,18.000,18.091,19.025,31.128,37.052,0.000,0.000,0,2,1.1538,74,148,74,79,73
34,post_landing,71,1182.0,60,203.451,486.068,0.43392,0.03156,0.43507,0.008853,0.065727,0,1,5.67800,3952.389,3.007,18.000,18.092,19.025,31.130,37.051,0.000,0.000,0,2,1.1538,74,148,74,79,73
34,post_landing,72,1198.0,60,203.887,486.164,0.29113,0.00000,0.29113,0.013140,0.074618,0,1,5.67800,3952.389,3.007,18.000,18.099,19.022,31.137,37.046,0.000,0.000,0,2,1.1538,74,148,74,79,73
34,post_landing,73,1215.0,60,204.180,486.316,0.47314,0.18453,0.50785,0.002414,0.087816,0,1,5.67800,3952.389,3.007,18.000,18.106,19.014,31.144,37.033,0.000,0.000,0,2,1.1538,74,148,74,79,73
34,post_landing,74,1232.0,60,204.627,486.341,0.51569,0.01600,0.51594,0.002199,0.090100,0,1,5.67800,3952.389,3.007,18.000,18.107,19.013,31.144,37.030,0.000,0.000,0,2,1.1538,74,148,74,79,73
34,post_landing,75,1248.0,60,205.145,486.369,0.36320,0.04649,0.36616,0.007944,0.092308,0,1,5.67800,3952.389,3.007,18.000,18.108,19.011,31.145,34.500,0.000,0.000,0,2,1.1538,74,148,74,79,73
34,post_landing,76,1265.0,60,205.510,486.465,0.30397,0.04641,0.30749,0.008942,0.100287,0,1,5.67800,3952.389,3.007,18.000,18.110,28.160,31.145,34.530,0.000,0.000,0,2,1.1538,74,148,74,79,73
34,post_landing,77,1282.0,60,205.798,486.250,0.14494,0.01211,0.14544,0.014271,0.108748,0,1,5.67800,3952.389,3.007,18.000,18.111,28.160,31.142,34.559,0.000,0.000,0,1,1.1538,74,148,74,79,73
34,post_landing,78,1298.0,60,205.943,486.342,0.17904,0.05671,0.18780,0.010462,0.123081,0,1,5.67800,3952.389,3.007,18.000,16.125,27.287,31.134,34.602,0.000,0.000,0,1,1.1538,74,148,74,79,73
34,post_landing,79,1315.0,60,206.123,486.407,0.19493,0.05017,0.20129,0.008619,0.133589,0,1,5.67800,3952.389,3.007,18.000,4.098,27.292,31.123,34.629,0.000,0.000,0,1,1.1538,74,148,74,79,73
34,post_landing,80,1332.0,60,206.307,486.451,0.19989,0.04564,0.20503,0.007590,0.141744,0,1,5.67800,3952.389,3.007,18.000,4.101,27.294,31.113,34.648,0.000,0.000,0,1,1.1538,74,148,74,79,73
34,post_landing,81,1348.0,60,206.508,486.503,0.20150,0.04504,0.20647,0.007079,0.149368,0,1,5.67800,3952.389,3.007,18.000,4.104,27.295,32.388,34.663,0.000,0.000,0,1,1.1538,74,148,74,79,73
34,post_landing,82,1365.0,60,206.711,486.549,0.20115,0.04514,0.20615,0.006832,0.156478,0,1,5.67800,3952.389,3.007,18.000,4.107,27.293,32.388,34.675,0.000,0.000,0,1,1.1538,74,148,74,79,73
34,post_landing,83,1382.0,60,206.901,486.588,0.19907,0.04498,0.20409,0.006669,0.162941,0,1,5.67800,3952.389,3.007,18.000,4.109,27.291,31.563,34.685,0.000,0.000,0,1,1.1538,74,148,74,79,73
34,post_landing,84,1398.0,60,207.101,486.639,0.19811,0.04708,0.20363,0.006668,0.169640,0,1,5.67800,3952.389,3.007,18.000,4.111,29.428,31.568,34.694,0.000,0.000,0,1,1.1538,74,148,74,79,73
34,post_landing,85,1415.0,60,207.300,486.687,0.19760,0.04898,0.20358,0.006719,0.176338,0,1,5.67800,3952.389,3.007,18.000,4.113,29.427,31.572,34.701,0.000,0.000,0,1,1.1538,74,148,74,79,73
34,post_landing,86,1432.0,60,207.487,486.730,0.19639,0.04986,0.20262,0.006732,0.182695,0,1,5.67800,3952.389,3.007,18.000,4.115,27.459,31.574,34.706,0.000,0.000,0,1,1.1538,74,148,74,79,73
34,post_landing,87,1448.0,60,207.684,486.785,0.19692,0.05300,0.20393,0.006846,0.189456,0,1,5.67800,3952.389,3.007,18.000,4.117,27.459,31.575,35.275,0.000,0.000,0,1,1.1538,74,148,74,79,73
34,post_landing,88,1465.0,60,207.882,486.840,0.19806,0.05563,0.20573,0.006975,0.196332,0,1,5.67800,3952.389,3.007,18.000,13.335,27.457,31.575,35.298,0.000,0.000,0,1,1.1538,74,148,74,79,73
34,post_landing,89,1482.0,60,208.069,486.889,0.19833,0.05691,0.20633,0.007042,0.202932,0,1,5.67800,3952.389,3.007,18.000,13.338,15.498,31.573,35.318,0.000,0.000,0,1,1.1538,74,148,74,79,73
34,post_landing,90,1498.0,60,208.268,486.952,0.20041,0.06078,0.20942,0.007198,0.210005,0,1,5.67800,3952.389,3.007,18.000,13.340,15.504,32.756,35.338,0.000,0.000,0,1,1.1538,74,148,74,79,73
34,post_landing,91,1515.0,60,208.470,487.014,0.20297,0.06398,0.21281,0.007362,0.217235,0,1,5.67800,3952.389,3.007,18.000,13.341,15.510,32.757,35.356,0.000,0.000,0,1,1.1538,74,148,74,79,73
34,post_landing,92,1532.0,60,208.662,487.071,0.20436,0.06553,0.21461,0.007457,0.224201,0,1,5.67800,3952.389,3.007,18.000,13.342,15.514,32.003,35.372,0.000,0.000,0,1,1.1538,74,148,74,79,73
34,post_landing,93,1548.0,60,208.867,487.143,0.20759,0.07011,0.21911,0.007636,0.231690,0,1,5.67800,3952.389,3.007,18.000,13.342,15.518,32.009,35.388,0.000,0.000,0,1,1.1538,74,148,74,79,73
34,post_landing,94,1565.0,60,209.076,487.215,0.21117,0.07386,0.22371,0.007823,0.239360,0,1,5.67800,3952.389,3.007,18.000,13.341,15.521,32.013,35.401,0.000,0.000,0,1,1.1538,74,148,74,79,73
34,post_landing,95,1582.0,60,209.275,487.281,0.08081,-0.01385,0.08199,0.014599,0.246762,0,1,5.67800,3952.389,3.007,18.000,15.523,15.523,32.015,35.413,0.000,0.000,0,1,1.1538,74,148,74,79,73
34,post_landing,96,1598.0,60,209.356,487.420,0.11713,-0.03862,0.12334,0.013395,0.261425,0,1,5.67800,3952.389,3.007,18.000,15.524,15.524,33.239,35.429,0.000,0.000,0,1,1.1538,74,148,74,79,73
34,post_landing,97,1615.0,60,209.474,487.558,0.14484,-0.04335,0.15119,0.012697,0.274879,0,1,5.67800,3952.389,3.007,18.000,15.523,15.523,33.242,35.438,0.000,0.000,0,1,1.1538,74,148,74,79,73
34,post_landing,98,1632.0,60,209.611,487.707,0.26851,0.00000,0.26851,0.004565,0.286893,0,1,5.67800,3952.389,3.007,18.000,15.519,15.519,33.239,35.440,0.000,0.000,0,2,1.1538,74,148,74,79,73
34,post_landing,99,1648.0,60,209.881,487.749,0.31678,0.00000,0.31678,0.001031,0.291479,0,1,5.67800,3952.389,3.007,18.000,15.517,15.517,33.237,35.440,0.000,0.000,0,2,1.1538,74,148,74,79,73
34,post_landing,100,1665.0,60,210.199,487.758,0.31588,0.00000,0.31588,0.000000,0.292515,0,1,5.67800,3952.389,3.007,18.000,15.516,15.516,33.236,35.439,0.000,0.000,0,2,1.1538,74,148,74,79,73
34,post_landing,101,1682.0,60,210.498,487.754,0.16454,0.00000,0.16454,0.005318,0.292515,0,1,5.67800,3952.389,3.007,18.000,15.516,15.516,33.236,35.439,0.000,0.000,0,2,1.1538,74,148,74,79,73
34,post_landing,102,1698.0,60,210.663,487.789,0.10809,0.00000,0.10809,0.006149,0.297856,0,1,5.67800,3952.389,3.007,18.000,15.513,17.056,31.320,35.438,0.000,0.000,0,2,1.1538,74,148,74,79,73
34,post_landing,103,1715.0,60,210.772,487.917,-0.16745,0.00000,0.16745,0.017504,0.304032,0,1,5.67800,3952.389,3.007,18.000,12.647,17.062,31.318,35.434,0.000,0.000,0,3,1.1538,74,148,74,79,73
34,post_landing,104,1732.0,60,210.613,487.986,0.08293,0.00000,0.08293,0.004294,0.320594,0,1,5.67800,3952.389,3.007,18.000,12.649,17.076,19.604,35.419,0.000,0.000,0,3,1.1538,74,148,74,79,73
34,post_landing,105,1748.0,60,210.697,488.013,0.15300,0.00000,0.15300,0.000000,0.324907,0,1,5.67800,3952.389,3.007,18.000,12.649,17.078,19.612,35.413,0.000,0.000,0,3,1.1538,74,148,74,79,73
34,post_landing,106,1765.0,60,210.850,488.015,0.12306,0.00000,0.12306,0.000833,0.324907,0,1,5.67800,3952.389,3.007,18.000,12.649,17.078,19.612,35.413,0.000,0.000,0,3,1.1538,74,148,74,79,73
34,post_landing,107,1782.0,60,210.967,488.015,0.08250,0.00000,0.08250,0.001825,0.325695,0,1,5.67800,3952.389,3.007,18.000,12.649,17.079,19.613,35.412,0.000,0.000,0,3,1.1538,74,148,74,79,73
34,post_landing,108,1798.0,60,211.050,488.027,0.06290,0.00000,0.06290,0.001868,0.327528,0,1,5.67800,3952.389,3.007,18.000,12.649,17.080,19.617,35.410,0.000,0.000,0,3,1.1538,74,148,74,79,73
34,post_landing,109,1815.0,60,211.113,488.036,0.05421,0.00000,0.05421,0.001530,0.329404,0,1,5.67800,3952.389,3.007,18.000,12.649,17.081,19.620,35.407,0.000,0.000,0,3,1.1538,74,148,74,79,73
34,post_landing,110,1832.0,60,211.164,488.039,0.04780,0.00000,0.04780,0.001227,0.330852,0,1,5.67800,3952.389,3.007,18.000,12.649,17.081,19.623,35.405,0.000,0.000,0,3,1.1538,74,148,74,79,73
34,post_landing,111,1848.0,60,211.212,488.049,0.04251,0.00000,0.04251,0.000995,0.332084,0,1,5.67800,3952.389,3.007,18.000,12.648,17.082,19.625,35.403,0.000,0.000,0,3,1.1538,74,148,74,79,73
34,post_landing,112,1865.0,60,211.255,488.054,0.03610,0.00000,0.03610,0.000868,0.333084,0,1,5.67800,3952.389,3.007,18.000,12.648,17.082,19.626,35.401,0.000,0.000,0,3,1.1538,74,148,74,79,73
34,post_landing,113,1882.0,60,211.289,488.054,0.02978,0.00000,0.02978,0.000000,0.333905,0,1,5.67800,3952.389,3.007,18.000,12.648,17.083,19.628,35.400,0.000,0.000,0,3,1.1538,74,148,74,79,73
34,post_landing,114,1898.0,60,211.319,488.058,0.01834,0.00000,0.01834,0.000000,0.333905,0,1,5.67800,3952.389,3.007,18.000,12.648,17.083,19.628,35.400,0.000,0.000,0,3,1.1538,74,148,74,79,73
34,post_landing,115,1915.0,60,211.337,488.058,0.01032,0.00000,0.01032,0.000000,0.333905,0,1,5.67800,3952.389,3.007,18.000,12.648,17.083,19.628,35.400,0.000,0.000,0,3,1.1538,74,148,74,79,73
34,post_landing,116,1932.0,60,211.347,488.054,0.00496,0.00000,0.00496,0.000000,0.333905,0,1,5.67800,3952.389,3.007,18.000,12.648,17.083,19.628,35.400,0.000,0.000,0,3,1.1538,74,148,74,79,73
34,post_landing,117,1948.0,60,211.352,488.058,0.00354,0.00000,0.00354,0.000000,0.333905,0,1,5.67800,3952.389,3.007,18.000,12.648,17.083,19.628,35.400,0.000,0.000,0,3,1.1538,74,148,74,79,73
34,post_landing,118,1965.0,60,211.356,488.058,0.00240,0.00000,0.00240,0.000000,0.333905,0,1,5.67800,3952.389,3.007,18.000,12.648,17.083,19.628,35.400,0.000,0.000,0,3,1.1538,74,148,74,79,73
34,post_landing,119,1982.0,60,211.358,488.054,0.00091,0.00000,0.00091,0.000000,0.333905,0,1,5.67800,3952.389,3.007,18.000,12.648,17.083,19.628,35.400,0.000,0.000,0,3,1.1538,74,148,74,79,73
35,falling,0,29.0,,195.000,97.029,0.00000,0.55000,0.55000,0.000000,0.000000,0,0,3.64800,4219.988,2.161,14.000,14.000,18.000,47.000,60.000,0.000,0.000,0,0,2.1192,38,76,38,38,48
35,falling,1,30.0,,195.000,97.099,0.00000,0.58234,0.58234,0.000000,0.000000,0,0,3.64800,4219.988,2.161,14.000,14.000,18.000,47.000,60.000,0.000,0.000,0,0,2.1192,38,76,38,38,48
35,falling,2,46.0,,195.000,97.906,0.00000,0.84062,0.84062,0.000000,0.000000,0,0,3.64800,4219.988,2.161,14.000,14.000,18.000,47.000,60.000,0.000,0.000,0,0,2.1192,38,76,38,38,48
35,falling,3,62.0,,195.000,98.957,0.00000,1.09519,1.09519,0.000000,0.000000,0,0,3.64800,4219.988,2.161,14.000,14.000,18.000,47.000,60.000,0.000,0.000,0,0,2.1192,38,76,38,38,48
35,falling,4,79.0,,195.000,100.346,0.00000,1.36176,1.36176,0.000000,0.000000,0,0,3.64800,4219.988,2.161,14.000,14.000,18.000,47.000,60.000,0.000,0.000,0,0,2.1192,38,76,38,38,48
35,falling,5,95.0,,195.000,101.891,0.00000,1.60882,1.60882,0.000000,0.000000,0,0,3.64800,4219.988,2.161,14.000,14.000,18.000,47.000,60.000,0.000,0.000,0,0,2.1192,38,76,38,38,48
35,falling,6,112.0,,195.000,103.796,0.00000,1.86754,1.86754,0.000000,0.000000,0,0,3.64800,4219.988,2.161,14.000,14.000,18.000,47.000,60.000,0.000,0.000,0,0,2.1192,38,76,38,38,48
35,falling,7,129.0,,195.000,105.960,0.00000,2.12230,2.12230,0.000000,0.000000,0,0,3.64800,4219.988,2.161,14.000,14.000,18.000,47.000,60.000,0.000,0.000,0,0,2.1192,38,76,38,38,48
35,falling,8,146.0,,195.000,108.224,0.00000,2.35840,2.35840,0.000000,0.000000,0,0,3.64800,4219.988,2.161,14.000,14.000,18.000,47.000,60.000,0.000,0.000,0,0,2.1192,38,76,38,38,48
35,falling,9,162.0,,195.000,110.882,0.00000,2.60565,2.60565,0.000000,0.000000,0,0,3.64800,4219.988,2.161,14.000,14.000,18.000,47.000,60.000,0.000,0.000,0,0,2.1192,38,76,38,38,48
35,falling,10,179.0,,195.000,113.788,0.00000,2.84912,2.84912,0.000000,0.000000,0,0,3.64800,4219.988,2.161,14.000,14.000,18.000,47.000,60.000,0.000,0.000,0,0,2.1192,38,76,38,38,48
35,falling,11,196.0,,195.000,116.740,0.00000,3.07476,3.07476,0.000000,0.000000,0,0,3.64800,4219.988,2.161,14.000,14.000,18.000,47.000,60.000,0.000,0.000,0,0,2.1192,38,76,38,38,48
35,falling,12,212.0,,195.000,120.117,0.00000,3.31105,3.31105,0.000000,0.000000,0,0,3.64800,4219.988,2.161,14.000,14.000,18.000,47.000,60.000,0.000,0.000,0,0,2.1192,38,76,38,38,48
35,falling,13,229.0,,195.000,123.732,0.00000,3.54372,3.54372,0.000000,0.000000,0,0,3.64800,4219.988,2.161,14.000,14.000,18.000,47.000,60.000,0.000,0.000,0,0,2.1192,38,76,38,38,48
35,falling,14,246.0,,195.000,127.341,0.00000,3.75936,3.75936,0.000000,0.000000,0,0,3.64800,4219.988,2.161,14.000,14.000,18.000,47.000,60.000,0.000,0.000,0,0,2.1192,38,76,38,38,48
35,falling,15,262.0,,195.000,131.406,0.00000,3.98518,3.98518,0.000000,0.000000,0,0,3.64800,4219.988,2.161,14.000,14.000,18.000,47.000,60.000,0.000,0.000,0,0,2.1192,38,76,38,38,48
35,falling,16,279.0,,195.000,135.697,0.00000,4.20754,4.20754,0.000000,0.000000,0,0,3.64800,4219.988,2.161,14.000,14.000,18.000,47.000,60.000,0.000,0.000,0,0,2.1192,38,76,38,38,48
35,falling,17,296.0,,195.000,139.935,0.00000,4.41361,4.41361,0.000000,0.000000,0,0,3.64800,4219.988,2.161,14.000,14.000,18.000,47.000,60.000,0.000,0.000,0,0,2.1192,38,76,38,38,48
35,falling,18,312.0,,195.000,144.657,0.00000,4.62942,4.62942,0.000000,0.000000,0,0,3.64800,4219.988,2.161,14.000,14.000,18.000,47.000,60.000,0.000,0.000,0,0,2.1192,38,76,38,38,48
35,falling,19,329.0,,195.000,149.595,0.00000,4.84192,4.84192,0.000000,0.000000,0,0,3.64800,4219.988,2.161,14.000,14.000,18.000,47.000,60.000,0.000,0.000,0,0,2.1192,38,76,38,38,48
35,falling,20,346.0,,195.000,154.433,0.00000,5.03887,5.03887,0.000000,0.000000,0,0,3.64800,4219.988,2.161,14.000,14.000,18.000,47.000,60.000,0.000,0.000,0,0,2.1192,38,76,38,38,48
35,falling,21,362.0,,195.000,159.783,0.00000,5.24510,5.24510,0.000000,0.000000,0,0,3.64800,4219.988,2.161,14.000,14.000,18.000,47.000,60.000,0.000,0.000,0,0,2.1192,38,76,38,38,48
35,falling,22,379.0,,195.000,165.340,0.00000,5.44819,5.44819,0.000000,0.000000,0,0,3.64800,4219.988,2.161,14.000,14.000,18.000,47.000,60.000,0.000,0.000,0,0,2.1192,38,76,38,38,48
35,falling,23,396.0,,195.000,170.751,0.00000,5.63640,5.63640,0.000000,0.000000,0,0,3.64800,4219.988,2.161,14.000,14.000,18.000,47.000,60.000,0.000,0.000,0,0,2.1192,38,76,38,38,48
35,falling,24,412.0,,195.000,176.701,0.00000,5.83350,5.83350,0.000000,0.000000,0,0,3.64800,4219.988,2.161,14.000,14.000,18.000,47.000,60.000,0.000,0.000,0,0,2.1192,38,76,38,38,48
35,falling,25,429.0,,195.000,182.849,0.00000,6.02758,6.02758,0.000000,0.000000,0,0,3.64800,4219.988,2.161,14.000,14.000,18.000,47.000,60.000,0.000,0.000,0,0,2.1192,38,76,38,38,48
35,falling,26,446.0,,195.000,188.808,0.00000,6.20745,6.20745,0.000000,0.000000,0,0,3.64800,4219.988,2.161,14.000,14.000,18.000,47.000,60.000,0.000,0.000,0,0,2.1192,38,76,38,38,48
35,falling,27,462.0,,195.000,195.332,0.00000,6.39581,6.39581,0.000000,0.000000,0,0,3.64800,4219.988,2.161,14.000,14.000,18.000,47.000,60.000,0.000,0.000,0,0,2.1192,38,76,38,38,48
35,falling,28,479.0,,195.000,202.045,0.00000,6.58128,6.58128,0.000000,0.000000,0,0,3.64800,4219.988,2.161,14.000,14.000,18.000,47.000,60.000,0.000,0.000,0,0,2.1192,38,76,38,38,48
35,falling,29,496.0,,195.000,208.528,0.00000,6.75318,6.75318,0.000000,0.000000,0,0,3.64800,4219.988,2.161,14.000,14.000,18.000,47.000,60.000,0.000,0.000,0,0,2.1192,38,76,38,38,48
35,falling,30,512.0,,195.000,215.600,0.00000,6.93319,6.93319,0.000000,0.000000,0,0,3.64800,4219.988,2.161,14.000,14.000,18.000,47.000,60.000,0.000,0.000,0,0,2.1192,38,76,38,38,48
35,falling,31,529.0,,195.000,222.852,0.00000,7.11045,7.11045,0.000000,0.000000,0,0,3.64800,4219.988,2.161,14.000,14.000,18.000,47.000,60.000,0.000,0.000,0,0,2.1192,38,76,38,38,48
35,falling,32,546.0,,195.000,229.836,0.00000,7.27472,7.27472,0.000000,0.000000,0,0,3.64800,4219.988,2.161,14.000,14.000,18.000,47.000,60.000,0.000,0.000,0,0,2.1192,38,76,38,38,48
35,falling,33,562.0,,195.000,237.432,0.00000,7.44675,7.44675,0.000000,0.000000,0,0,3.64800,4219.988,2.161,14.000,14.000,18.000,47.000,60.000,0.000,0.000,0,0,2.1192,38,76,38,38,48
35,falling,34,579.0,,195.000,245.200,0.00000,7.61615,7.61615,0.000000,0.000000,0,0,3.64800,4219.988,2.161,14.000,14.000,18.000,47.000,60.000,0.000,0.000,0,0,2.1192,38,76,38,38,48
35,falling,35,596.0,,195.000,252.662,0.00000,7.77314,7.77314,0.000000,0.000000,0,0,3.64800,4219.988,2.161,14.000,14.000,18.000,47.000,60.000,0.000,0.000,0,0,2.1192,38,76,38,38,48
35,falling,36,612.0,,195.000,260.759,0.00000,7.93755,7.93755,0.000000,0.000000,0,0,3.64800,4219.988,2.161,14.000,14.000,18.000,47.000,60.000,0.000,0.000,0,0,2.1192,38,76,38,38,48
35,falling,37,629.0,,195.000,269.020,0.00000,8.09944,8.09944,0.000000,0.000000,0,0,3.64800,4219.988,2.161,14.000,14.000,18.000,47.000,60.000,0.000,0.000,0,0,2.1192,38,76,38,38,48
35,falling,38,646.0,,195.000,276.940,0.00000,8.24947,8.24947,0.000000,0.000000,0,0,3.64800,4219.988,2.161,14.000,14.000,18.000,47.000,60.000,0.000,0.000,0,0,2.1192,38,76,38,38,48
35,falling,39,662.0,,195.000,285.514,0.00000,8.40659,8.40659,0.000000,0.000000,0,0,3.64800,4219.988,2.161,14.000,14.000,18.000,47.000,60.000,0.000,0.000,0,0,2.1192,38,76,38,38,48
35,falling,40,679.0,,195.000,294.247,0.00000,8.56130,8.56130,0.000000,0.000000,0,0,3.64800,4219.988,2.161,14.000,14.000,18.000,47.000,60.000,0.000,0.000,0,0,2.1192,38,76,38,38,48
35,falling,41,696.0,,195.000,302.603,0.00000,8.70468,8.70468,0.000000,0.000000,0,0,3.64800,4219.988,2.161,14.000,14.000,18.000,47.000,60.000,0.000,0.000,0,0,2.1192,38,76,38,38,48
35,falling,42,712.0,,195.000,311.635,0.00000,8.85484,8.85484,0.000000,0.000000,0,0,3.64800,4219.988,2.161,14.000,14.000,18.000,47.000,60.000,0.000,0.000,0,0,2.1192,38,76,38,38,48
35,falling,43,729.0,,195.000,320.818,0.00000,9.00269,9.00269,0.000000,0.000000,0,0,3.64800,4219.988,2.161,14.000,14.000,18.000,47.000,60.000,0.000,0.000,0,0,2.1192,38,76,38,38,48
35,falling,44,746.0,,195.000,329.592,0.00000,9.13972,9.13972,0.000000,0.000000,0,0,3.64800,4219.988,2.161,14.000,14.000,18.000,47.000,60.000,0.000,0.000,0,0,2.1192,38,76,38,38,48
35,falling,45,762.0,,195.000,339.061,0.00000,9.28321,9.28321,0.000000,0.000000,0,0,3.64800,4219.988,2.161,14.000,14.000,18.000,47.000,60.000,0.000,0.000,0,0,2.1192,38,76,38,38,48
35,falling,46,779.0,,195.000,348.674,0.00000,9.42451,9.42451,0.000000,0.000000,0,0,3.64800,4219.988,2.161,14.000,14.000,18.000,47.000,60.000,0.000,0.000,0,0,2.1192,38,76,38,38,48
35,falling,47,796.0,,195.000,357.847,0.00000,9.55547,9.55547,0.000000,0.000000,0,0,3.64800,4219.988,2.161,14.000,14.000,18.000,47.000,60.000,0.000,0.000,0,0,2.1192,38,76,38,38,48
35,falling,48,812.0,,195.000,367.734,0.00000,9.69260,9.69260,0.000000,0.000000,0,0,3.64800,4219.988,2.161,14.000,14.000,18.000,47.000,60.000,0.000,0.000,0,0,2.1192,38,76,38,38,48
35,falling,49,829.0,,195.000,377.758,0.00000,9.82764,9.82764,0.000000,0.000000,0,0,3.64800,4219.988,2.161,14.000,14.000,18.000,47.000,60.000,0.000,0.000,0,0,2.1192,38,76,38,38,48
35,falling,50,846.0,,195.000,387.313,0.00000,9.95279,9.95279,0.000000,0.000000,0,0,3.64800,4219.988,2.161,14.000,14.000,18.000,47.000,60.000,0.000,0.000,0,0,2.1192,38,76,38,38,48
35,falling,51,862.0,,195.000,397.598,0.00000,10.08384,10.08384,0.000000,0.000000,0,0,3.64800,4219.988,2.161,14.000,14.000,18.000,47.000,60.000,0.000,0.000,0,0,2.1192,38,76,38,38,48
35,falling,52,879.0,,195.000,408.015,0.00000,10.21289,10.21289,0.000000,0.000000,0,0,3.64800,4219.988,2.161,14.000,14.000,18.000,47.000,60.000,0.000,0.000,0,0,2.1192,38,76,38,38,48
35,falling,53,897.0,,195.000,417.935,0.00000,10.33249,10.33249,0.000000,0.000000,0,0,3.64800,4219.988,2.161,14.000,14.000,18.000,47.000,60.000,0.000,0.000,0,0,2.1192,38,76,38,38,48
35,falling,54,912.0,,195.000,428.601,0.00000,10.45774,10.45774,0.000000,0.000000,0,0,3.64800,4219.988,2.161,14.000,14.000,18.000,47.000,60.000,0.000,0.000,0,0,2.1192,38,76,38,38,48
35,falling,55,929.0,,195.000,439.394,0.00000,10.58107,10.58107,0.000000,0.000000,0,0,3.64800,4219.988,2.161,14.000,14.000,18.000,47.000,60.000,0.000,0.000,0,0,2.1192,38,76,38,38,48
35,falling,56,946.0,,195.000,449.662,0.00000,10.69537,10.69537,0.000000,0.000000,0,0,3.64800,4219.988,2.161,14.000,14.000,18.000,47.000,60.000,0.000,0.000,0,0,2.1192,38,76,38,38,48
35,falling,57,962.0,,195.000,460.693,0.00000,10.81506,10.81506,0.000000,0.000000,0,0,3.64800,4219.988,2.161,14.000,14.000,18.000,47.000,60.000,0.000,0.000,0,0,2.1192,38,76,38,38,48
35,falling,58,979.0,,195.000,471.845,0.00000,10.93293,10.93293,0.000000,0.000000,0,0,3.64800,4219.988,2.161,14.000,14.000,18.000,47.000,60.000,0.000,0.000,0,0,2.1192,38,76,38,38,48
35,falling,59,996.0,,195.000,482.445,0.00000,11.04216,11.04216,0.000000,0.000000,0,0,3.64800,4219.988,2.161,14.000,14.000,18.000,47.000,60.000,0.000,0.000,0,0,2.1192,38,76,38,38,48
35,falling,60,1012.0,,195.000,493.825,0.00000,11.15655,11.15655,0.000000,0.000000,0,0,3.64800,4219.988,2.161,14.000,14.000,18.000,47.000,60.000,0.000,0.000,0,0,2.1192,38,76,38,38,48
35,post_landing,61,1029.0,61,195.000,504.285,-0.41219,-0.02725,0.41309,-0.010231,0.000000,0,1,3.64800,4219.988,2.161,14.000,14.000,18.000,47.000,60.000,0.000,0.000,0,3,2.1192,38,76,38,38,48
35,post_landing,62,1046.0,61,194.610,503.810,-0.21163,0.00000,0.21163,-0.005346,-0.009681,0,1,3.64800,4219.988,2.161,14.000,12.009,18.009,44.008,59.017,0.000,0.000,0,2,2.1192,38,76,38,38,48
35,post_landing,63,1062.0,61,194.397,503.381,-0.12825,0.02636,0.13093,-0.003237,-0.015051,0,1,3.64800,4219.988,2.161,14.000,12.014,18.013,44.010,59.023,0.000,0.000,0,1,2.1192,38,76,38,38,48
35,post_landing,64,1079.0,61,194.269,503.403,-0.08675,0.01797,0.08859,-0.002193,-0.018302,0,1,3.64800,4219.988,2.161,14.000,12.016,18.015,44.011,59.027,0.000,0.000,0,1,2.1192,38,76,38,38,48
35,post_landing,65,1096.0,61,194.187,503.414,-0.06452,0.00000,0.06452,-0.001639,-0.020377,0,1,3.64800,4219.988,2.161,14.000,12.018,18.017,44.011,59.029,0.000,0.000,0,1,2.1192,38,76,38,38,48
35,post_landing,66,1112.0,61,194.122,503.427,-0.05331,0.00000,0.05331,-0.001356,-0.022023,0,1,3.64800,4219.988,2.161,14.000,12.019,18.018,44.011,59.030,0.000,0.000,0,1,2.1192,38,76,38,38,48
35,post_landing,67,1129.0,61,194.068,503.437,-0.04770,0.01512,0.05004,-0.002254,-0.023385,0,1,3.64800,4219.988,2.161,14.000,12.020,18.018,44.011,59.031,0.000,0.000,0,1,2.1192,38,76,38,38,48
35,post_landing,68,1146.0,61,194.023,503.449,-0.05779,0.01835,0.06064,-0.002734,-0.025518,0,1,3.64800,4219.988,2.161,14.000,12.022,18.020,44.011,59.032,0.000,0.000,0,1,2.1192,38,76,38,38,48
35,post_landing,69,1162.0,61,193.965,503.469,-0.06710,0.02174,0.07054,-0.003180,-0.028264,0,1,3.64800,4219.988,2.161,14.000,12.023,18.021,44.011,59.033,0.000,0.000,0,1,2.1192,38,76,38,38,48
35,post_landing,70,1179.0,61,193.898,503.491,-0.07472,0.02427,0.07856,-0.003546,-0.031458,0,1,3.64800,4219.988,2.161,14.000,12.026,18.023,44.010,66.062,0.000,0.000,0,1,2.1192,38,76,38,38,48
35,post_landing,71,1196.0,61,193.827,503.512,-0.07973,0.02605,0.08388,-0.003791,-0.034813,0,1,3.64800,4219.988,2.161,14.000,12.028,18.024,44.008,66.064,0.000,0.000,0,1,2.1192,38,76,38,38,48
35,post_landing,72,1212.0,61,193.747,503.541,-0.08502,0.02836,0.08962,-0.004051,-0.038621,0,1,3.64800,4219.988,2.161,14.000,12.030,18.025,38.010,66.067,0.000,0.000,0,1,2.1192,38,76,38,38,48
35,post_landing,73,1229.0,61,193.661,503.569,-0.08943,0.03007,0.09435,-0.004270,-0.042689,0,1,3.64800,4219.988,2.161,14.000,12.032,18.026,38.008,66.068,0.000,0.000,0,1,2.1192,38,76,38,38,48
35,post_landing,74,1246.0,61,193.577,503.596,-0.09189,0.03115,0.09703,-0.004397,-0.046730,0,1,3.64800,4219.988,2.161,14.000,12.034,18.027,38.005,66.068,0.000,0.000,0,1,2.1192,38,76,38,38,48
35,post_landing,75,1262.0,61,193.485,503.629,-0.09517,0.03294,0.10071,-0.004566,-0.051146,0,1,3.64800,4219.988,2.161,14.000,12.035,18.028,29.064,70.113,0.000,0.000,0,1,2.1192,38,76,38,38,48
35,post_landing,76,1279.0,61,193.389,503.663,-0.09799,0.03425,0.10380,-0.004712,-0.055732,0,1,3.64800,4219.988,2.161,14.000,12.037,18.028,29.066,70.114,0.000,0.000,0,1,2.1192,38,76,38,38,48
35,post_landing,77,1296.0,61,193.296,503.693,-0.09915,0.03499,0.10514,-0.004780,-0.060191,0,1,3.64800,4219.988,2.161,14.000,12.038,18.028,29.068,70.114,0.000,0.000,0,1,2.1192,38,76,38,38,48
35,post_landing,78,1312.0,61,193.197,503.731,-0.10141,0.03654,0.10780,-0.004903,-0.064992,0,1,3.64800,4219.988,2.161,14.000,12.040,18.027,29.069,69.179,0.000,0.000,0,1,2.1192,38,76,38,38,48
35,post_landing,79,1329.0,61,193.095,503.787,-0.10434,0.03764,0.11092,-0.005010,-0.069916,0,1,3.64800,4219.988,2.161,14.000,12.041,18.026,29.069,69.181,0.000,0.000,0,1,2.1192,38,76,38,38,48
35,post_landing,80,1346.0,61,192.996,503.820,-0.10500,0.03837,0.11180,-0.005052,-0.074656,0,1,3.64800,4219.988,2.161,14.000,12.041,21.091,29.068,70.253,0.000,0.000,0,1,2.1192,38,76,38,38,48
35,post_landing,81,1362.0,61,192.891,503.863,-0.10700,0.03964,0.11411,-0.005160,-0.079731,0,1,3.64800,4219.988,2.161,14.000,12.042,21.093,29.067,70.256,0.000,0.000,0,1,2.1192,38,76,38,38,48
35,post_landing,82,1379.0,61,192.783,503.903,-0.10878,0.04087,0.11620,-0.005258,-0.084913,0,1,3.64800,4219.988,2.161,14.000,12.042,21.094,33.136,70.257,0.000,0.000,0,1,2.1192,38,76,38,38,48
35,post_landing,83,1396.0,61,192.680,503.938,-0.10908,0.04152,0.11672,-0.005284,-0.089888,0,1,3.64800,4219.988,2.161,14.000,12.041,21.095,33.136,70.256,0.000,0.000,0,1,2.1192,38,76,38,38,48
35,post_landing,84,1412.0,61,192.571,504.138,-0.09155,0.00000,0.09155,-0.004364,-0.095195,0,1,3.64800,4219.988,2.161,14.000,16.118,21.095,33.136,70.253,0.000,0.000,0,2,2.1192,38,76,38,38,48
35,post_landing,85,1429.0,61,192.479,504.167,-0.07503,0.00000,0.07503,-0.003651,-0.099579,0,1,3.64800,4219.988,2.161,14.000,16.120,21.095,33.135,70.349,0.000,0.000,0,2,2.1192,38,76,38,38,48
35,post_landing,86,1446.0,61,192.408,504.179,-0.06293,0.00000,0.06293,-0.003067,-0.103033,0,1,3.64800,4219.988,2.161,14.000,16.121,21.094,33.134,69.457,0.000,0.000,0,2,2.1192,38,76,38,38,48
35,post_landing,87,1462.0,61,192.345,504.197,-0.05356,0.00000,0.05356,-0.002614,-0.106114,0,1,3.64800,4219.988,2.161,14.000,16.122,21.094,33.132,69.459,0.000,0.000,0,2,2.1192,38,76,38,38,48
35,post_landing,88,1479.0,61,192.291,504.210,-0.04622,0.00000,0.04622,-0.002259,-0.108740,0,1,3.64800,4219.988,2.161,14.000,16.123,21.093,33.131,69.461,0.000,0.000,0,2,2.1192,38,76,38,38,48
35,post_landing,89,1496.0,61,192.247,504.216,-0.04030,0.00000,0.04030,-0.001971,-0.110877,0,1,3.64800,4219.988,2.161,14.000,16.123,25.178,36.222,69.462,0.000,0.000,0,2,2.1192,38,76,38,38,48
35,post_landing,90,1512.0,61,192.207,504.229,-0.03584,0.00000,0.03584,-0.001755,-0.112857,0,1,3.64800,4219.988,2.161,14.000,16.123,25.179,36.221,69.462,0.000,0.000,0,2,2.1192,38,76,38,38,48
35,post_landing,91,1529.0,61,192.170,504.238,-0.03238,0.00000,0.03238,-0.001587,-0.114621,0,1,3.64800,4219.988,2.161,14.000,16.124,25.179,34.463,69.462,0.000,0.000,0,2,2.1192,38,76,38,38,48
35,post_landing,92,1546.0,61,192.140,504.241,-0.02949,0.00000,0.02949,-0.001447,-0.116122,0,1,3.64800,4219.988,2.161,14.000,16.124,25.179,34.466,69.462,0.000,0.000,0,2,2.1192,38,76,38,38,48
35,post_landing,93,1562.0,61,192.110,504.251,-0.02746,0.00000,0.02746,-0.001348,-0.117575,0,1,3.64800,4219.988,2.161,14.000,16.124,25.179,34.469,69.462,0.000,0.000,0,2,2.1192,38,76,38,38,48
35,post_landing,94,1579.0,61,192.083,504.258,-0.02591,0.00000,0.02591,-0.001273,-0.118929,0,1,3.64800,4219.988,2.161,14.000,16.124,25.179,34.472,69.462,0.000,0.000,0,2,2.1192,38,76,38,38,48
35,post_landing,95,1596.0,61,192.058,504.260,-0.02451,0.00000,0.02451,-0.001205,-0.120133,0,1,3.64800,4219.988,2.161,14.000,16.124,25.179,34.474,70.574,0.000,0.000,0,2,2.1192,38,76,38,38,48
35,post_landing,96,1612.0,61,192.034,504.270,-0.02367,0.00000,0.02367,-0.001164,-0.121343,0,1,3.64800,4219.988,2.161,14.000,16.124,25.179,34.476,70.575,0.000,0.000,0,2,2.1192,38,76,38,38,48
35,post_landing,97,1629.0,61,192.010,504.276,-0.02307,0.00000,0.02307,-0.001135,-0.122512,0,1,3.64800,4219.988,2.161,14.000,16.124,25.179,34.478,70.575,0.000,0.000,0,2,2.1192,38,76,38,38,48
35,post_landing,98,1646.0,61,191.988,504.277,-0.02240,0.00000,0.02240,-0.001103,-0.123586,0,1,3.64800,4219.988,2.161,14.000,16.125,25.179,34.480,70.576,0.000,0.000,0,2,2.1192,38,76,38,38,48
35,post_landing,99,1662.0,61,191.965,504.286,-0.02216,0.00000,0.02216,-0.001092,-0.124694,0,1,3.64800,4219.988,2.161,14.000,16.125,25.179,34.482,70.576,0.000,0.000,0,2,2.1192,38,76,38,38,48
35,post_landing,100,1679.0,61,191.943,504.292,-0.02202,0.00000,0.02202,-0.001085,-0.125791,0,1,3.64800,4219.988,2.161,14.000,16.124,25.179,34.484,70.576,0.000,0.000,0,2,2.1192,38,76,38,38,48
35,post_landing,101,1696.0,61,191.922,504.293,-0.02172,0.00000,0.02172,-0.001071,-0.126817,0,1,3.64800,4219.988,2.161,14.000,16.124,25.179,34.486,70.576,0.000,0.000,0,2,2.1192,38,76,38,38,48
35,post_landing,102,1712.0,61,191.901,504.302,-0.02177,0.00000,0.02177,-0.001074,-0.127893,0,1,3.64800,4219.988,2.161,14.000,16.124,25.178,34.488,70.576,0.000,0.000,0,2,2.1192,38,76,38,38,48
35,post_landing,103,1729.0,61,191.879,504.308,-0.02187,0.00000,0.02187,-0.001080,-0.128972,0,1,3.64800,4219.988,2.161,14.000,16.124,25.178,34.489,70.576,0.000,0.000,0,2,2.1192,38,76,38,38,48
35,post_landing,104,1746.0,61,191.858,504.309,-0.02174,0.00000,0.02174,-0.001074,-0.129993,0,1,3.64800,4219.988,2.161,14.000,16.124,25.178,34.491,70.576,0.000,0.000,0,2,2.1192,38,76,38,38,48
35,post_landing,105,1762.0,61,191.836,504.318,-0.02195,0.00000,0.02195,-0.001085,-0.131072,0,1,3.64800,4219.988,2.161,14.000,16.124,25.178,34.493,70.576,0.000,0.000,0,2,2.1192,38,76,38,38,48
35,post_landing,106,1779.0,61,191.814,504.324,-0.02217,0.00000,0.02217,-0.001096,-0.132161,0,1,3.64800,4219.988,2.161,14.000,16.124,25.177,34.494,70.576,0.000,0.000,0,2,2.1192,38,76,38,38,48
35,post_landing,107,1796.0,61,191.793,504.325,-0.02213,0.00000,0.02213,-0.001095,-0.133198,0,1,3.64800,4219.988,2.161,14.000,16.124,25.177,34.496,70.575,0.000,0.000,0,2,2.1192,38,76,38,38,48
35,post_landing,108,1812.0,61,191.771,504.334,-0.02241,0.00000,0.02241,-0.001109,-0.134298,0,1,3.64800,4219.988,2.161,14.000,16.124,25.177,34.497,70.575,0.000,0.000,0,2,2.1192,38,76,38,38,48
35,post_landing,109,1829.0,61,191.748,504.340,-0.02263,0.00000,0.02263,-0.001125,-0.135412,0,1,3.64800,4219.988,2.161,14.000,16.124,25.176,34.499,70.574,0.000,0.000,0,2,2.1192,38,76,38,38,48
35,post_landing,110,1846.0,61,191.727,504.341,-0.02264,0.00000,0.02264,-0.001125,-0.136477,0,1,3.64800,4219.988,2.161,14.000,16.123,25.176,34.500,70.574,0.000,0.000,0,2,2.1192,38,76,38,38,48
35,post_landing,111,1862.0,61,191.704,504.351,-0.02298,0.00000,0.02298,-0.001142,-0.137607,0,1,3.64800,4219.988,2.161,14.000,16.123,25.175,34.502,70.573,0.000,0.000,0,2,2.1192,38,76,38,38,48
35,post_landing,112,1879.0,61,191.681,504.357,-0.02331,0.00000,0.02331,-0.001159,-0.138754,0,1,3.64800,4219.988,2.161,14.000,16.123,25.175,34.503,70.572,0.000,0.000,0,2,2.1192,38,76,38,38,48
35,post_landing,113,1896.0,61,191.659,504.359,-0.02335,0.00000,0.02335,-0.001161,-0.139851,0,1,3.64800,4219.988,2.161,14.000,16.123,25.174,34.504,67.740,0.000,0.000,0,2,2.1192,38,76,38,38,48
35,post_landing,114,1912.0,61,191.636,504.369,-0.02372,0.00000,0.02372,-0.001179,-0.141016,0,1,3.64800,4219.988,2.161,14.000,16.122,25.173,42.707,67.740,0.000,0.000,0,2,2.1192,38,76,38,38,48
35,post_landing,115,1929.0,61,191.612,504.375,-0.02408,0.00000,0.02408,-0.001197,-0.142200,0,1,3.64800,4219.988,2.161,14.000,19.233,25.173,42.710,67.741,0.000,0.000,0,2,2.1192,38,76,38,38,48
35,post_landing,116,1946.0,61,191.589,504.377,-0.02413,0.00000,0.02413,-0.001199,-0.143332,0,1,3.64800,4219.988,2.161,14.000,19.234,25.172,42.712,67.741,0.000,0.000,0,2,2.1192,38,76,38,38,48
35,post_landing,117,1962.0,61,191.565,504.387,-0.02452,0.00000,0.02452,-0.001218,-0.144537,0,1,3.64800,4219.988,2.161,14.000,19.234,23.336,42.714,67.742,0.000,0.000,0,2,2.1192,38,76,38,38,48
35,post_landing,118,1982.0,61,191.565,504.387,0.00000,0.00000,0.00000,0.000000,-0.144537,1,0,3.64800,4219.988,2.161,14.000,19.234,23.336,42.714,67.742,0.000,0.000,0,0,2.1192,38,76,38,38,48
35,post_landing,119,1996.0,61,191.565,504.387,0.00000,0.00000,0.00000,0.000000,-0.144537,1,0,3.64800,4219.988,2.161,14.000,19.234,23.336,42.714,67.742,0.000,0.000,0,0,2.1192,38,76,38,38,48
35,post_landing,120,2012.0,61,191.565,504.387,0.00000,0.00000,0.00000,0.000000,-0.144537,1,0,3.64800,4219.988,2.161,14.000,19.234,23.336,42.714,67.742,0.000,0.000,0,0,2.1192,38,76,38,38,48
36,falling,0,34.0,,195.000,97.029,0.00000,0.55000,0.55000,0.000000,0.000000,0,0,4.75600,2213.019,1.122,5.000,5.000,5.000,13.000,18.000,0.000,0.000,0,0,1.3877,63,126,63,63,48
36,falling,1,37.0,,195.000,97.137,0.00000,0.59851,0.59851,0.000000,0.000000,0,0,4.75600,2213.019,1.122,5.000,5.000,5.000,13.000,18.000,0.000,0.000,0,0,1.3877,63,126,63,63,48
36,falling,2,54.0,,195.000,98.027,0.00000,0.87269,0.87269,0.000000,0.000000,0,0,4.75600,2213.019,1.122,5.000,5.000,5.000,13.000,18.000,0.000,0.000,0,0,1.3877,63,126,63,63,48
36,falling,3,71.0,,195.000,99.109,0.00000,1.12679,1.12679,0.000000,0.000000,0,0,4.75600,2213.019,1.122,5.000,5.000,5.000,13.000,18.000,0.000,0.000,0,0,1.3877,63,126,63,63,48
36,falling,4,87.0,,195.000,100.529,0.00000,1.39288,1.39288,0.000000,0.000000,0,0,4.75600,2213.019,1.122,5.000,5.000,5.000,13.000,18.000,0.000,0.000,0,0,1.3877,63,126,63,63,48
36,falling,5,104.0,,195.000,102.217,0.00000,1.65491,1.65491,0.000000,0.000000,0,0,4.75600,2213.019,1.122,5.000,5.000,5.000,13.000,18.000,0.000,0.000,0,0,1.3877,63,126,63,63,48
36,falling,6,121.0,,195.000,104.039,0.00000,1.89774,1.89774,0.000000,0.000000,0,0,4.75600,2213.019,1.122,5.000,5.000,5.000,13.000,18.000,0.000,0.000,0,0,1.3877,63,126,63,63,48
36,falling,7,137.0,,195.000,106.234,0.00000,2.15204,2.15204,0.000000,0.000000,0,0,4.75600,2213.019,1.122,5.000,5.000,5.000,13.000,18.000,0.000,0.000,0,0,1.3877,63,126,63,63,48
36,falling,8,154.0,,195.000,108.685,0.00000,2.40245,2.40245,0.000000,0.000000,0,0,4.75600,2213.019,1.122,5.000,5.000,5.000,13.000,18.000,0.000,0.000,0,0,1.3877,63,126,63,63,48
36,falling,9,171.0,,195.000,111.214,0.00000,2.63452,2.63452,0.000000,0.000000,0,0,4.75600,2213.019,1.122,5.000,5.000,5.000,13.000,18.000,0.000,0.000,0,0,1.3877,63,126,63,63,48
36,falling,10,187.0,,195.000,114.149,0.00000,2.87754,2.87754,0.000000,0.000000,0,0,4.75600,2213.019,1.122,5.000,5.000,5.000,13.000,18.000,0.000,0.000,0,0,1.3877,63,126,63,63,48
36,falling,11,204.0,,195.000,117.328,0.00000,3.11685,3.11685,0.000000,0.000000,0,0,4.75600,2213.019,1.122,5.000,5.000,5.000,13.000,18.000,0.000,0.000,0,0,1.3877,63,126,63,63,48
36,falling,12,221.0,,195.000,120.748,0.00000,3.35250,3.35250,0.000000,0.000000,0,0,4.75600,2213.019,1.122,5.000,5.000,5.000,13.000,18.000,0.000,0.000,0,0,1.3877,63,126,63,63,48
36,falling,13,237.0,,195.000,124.176,0.00000,3.57089,3.57089,0.000000,0.000000,0,0,4.75600,2213.019,1.122,5.000,5.000,5.000,13.000,18.000,0.000,0.000,0,0,1.3877,63,126,63,63,48
36,falling,14,254.0,,195.000,128.051,0.00000,3.79959,3.79959,0.000000,0.000000,0,0,4.75600,2213.019,1.122,5.000,5.000,5.000,13.000,18.000,0.000,0.000,0,0,1.3877,63,126,63,63,48
36,falling,15,271.0,,195.000,131.902,0.00000,4.01154,4.01154,0.000000,0.000000,0,0,4.75600,2213.019,1.122,5.000,5.000,5.000,13.000,18.000,0.000,0.000,0,0,1.3877,63,126,63,63,48
36,falling,16,287.0,,195.000,136.221,0.00000,4.23350,4.23350,0.000000,0.000000,0,0,4.75600,2213.019,1.122,5.000,5.000,5.000,13.000,18.000,0.000,0.000,0,0,1.3877,63,126,63,63,48
36,falling,17,304.0,,195.000,140.762,0.00000,4.45206,4.45206,0.000000,0.000000,0,0,4.75600,2213.019,1.122,5.000,5.000,5.000,13.000,18.000,0.000,0.000,0,0,1.3877,63,126,63,63,48
36,falling,18,321.0,,195.000,145.230,0.00000,4.65461,4.65461,0.000000,0.000000,0,0,4.75600,2213.019,1.122,5.000,5.000,5.000,13.000,18.000,0.000,0.000,0,0,1.3877,63,126,63,63,48
36,falling,19,339.0,,195.000,150.194,0.00000,4.86673,4.86673,0.000000,0.000000,0,0,4.75600,2213.019,1.122,5.000,5.000,5.000,13.000,18.000,0.000,0.000,0,0,1.3877,63,126,63,63,48
36,falling,20,354.0,,195.000,155.371,0.00000,5.07560,5.07560,0.000000,0.000000,0,0,4.75600,2213.019,1.122,5.000,5.000,5.000,13.000,18.000,0.000,0.000,0,0,1.3877,63,126,63,63,48
36,falling,21,371.0,,195.000,160.430,0.00000,5.26918,5.26918,0.000000,0.000000,0,0,4.75600,2213.019,1.122,5.000,5.000,5.000,13.000,18.000,0.000,0.000,0,0,1.3877,63,126,63,63,48
36,falling,22,387.0,,195.000,166.011,0.00000,5.47190,5.47190,0.000000,0.000000,0,0,4.75600,2213.019,1.122,5.000,5.000,5.000,13.000,18.000,0.000,0.000,0,0,1.3877,63,126,63,63,48
36,falling,23,404.0,,195.000,171.796,0.00000,5.67151,5.67151,0.000000,0.000000,0,0,4.75600,2213.019,1.122,5.000,5.000,5.000,13.000,18.000,0.000,0.000,0,0,1.3877,63,126,63,63,48
36,falling,24,421.0,,195.000,177.418,0.00000,5.85651,5.85651,0.000000,0.000000,0,0,4.75600,2213.019,1.122,5.000,5.000,5.000,13.000,18.000,0.000,0.000,0,0,1.3877,63,126,63,63,48
36,falling,25,437.0,,195.000,183.589,0.00000,6.05024,6.05024,0.000000,0.000000,0,0,4.75600,2213.019,1.122,5.000,5.000,5.000,13.000,18.000,0.000,0.000,0,0,1.3877,63,126,63,63,48
36,falling,26,454.0,,195.000,189.955,0.00000,6.24100,6.24100,0.000000,0.000000,0,0,4.75600,2213.019,1.122,5.000,5.000,5.000,13.000,18.000,0.000,0.000,0,0,1.3877,63,126,63,63,48
36,falling,27,471.0,,195.000,196.116,0.00000,6.41780,6.41780,0.000000,0.000000,0,0,4.75600,2213.019,1.122,5.000,5.000,5.000,13.000,18.000,0.000,0.000,0,0,1.3877,63,126,63,63,48
36,falling,28,487.0,,195.000,202.851,0.00000,6.60294,6.60294,0.000000,0.000000,0,0,4.75600,2213.019,1.122,5.000,5.000,5.000,13.000,18.000,0.000,0.000,0,0,1.3877,63,126,63,63,48
36,falling,29,504.0,,195.000,209.772,0.00000,6.78525,6.78525,0.000000,0.000000,0,0,4.75600,2213.019,1.122,5.000,5.000,5.000,13.000,18.000,0.000,0.000,0,0,1.3877,63,126,63,63,48
36,falling,30,521.0,,195.000,216.448,0.00000,6.95420,6.95420,0.000000,0.000000,0,0,4.75600,2213.019,1.122,5.000,5.000,5.000,13.000,18.000,0.000,0.000,0,0,1.3877,63,126,63,63,48
36,falling,31,537.0,,195.000,223.722,0.00000,7.13114,7.13114,0.000000,0.000000,0,0,4.75600,2213.019,1.122,5.000,5.000,5.000,13.000,18.000,0.000,0.000,0,0,1.3877,63,126,63,63,48
36,falling,32,554.0,,195.000,231.174,0.00000,7.30537,7.30537,0.000000,0.000000,0,0,4.75600,2213.019,1.122,5.000,5.000,5.000,13.000,18.000,0.000,0.000,0,0,1.3877,63,126,63,63,48
36,falling,33,571.0,,195.000,238.800,0.00000,7.47693,7.47693,0.000000,0.000000,0,0,4.75600,2213.019,1.122,5.000,5.000,5.000,13.000,18.000,0.000,0.000,0,0,1.3877,63,126,63,63,48
36,falling,34,587.0,,195.000,246.131,0.00000,7.63593,7.63593,0.000000,0.000000,0,0,4.75600,2213.019,1.122,5.000,5.000,5.000,13.000,18.000,0.000,0.000,0,0,1.3877,63,126,63,63,48
36,falling,35,604.0,,195.000,254.089,0.00000,7.80243,7.80243,0.000000,0.000000,0,0,4.75600,2213.019,1.122,5.000,5.000,5.000,13.000,18.000,0.000,0.000,0,0,1.3877,63,126,63,63,48
36,falling,36,621.0,,195.000,261.728,0.00000,7.95674,7.95674,0.000000,0.000000,0,0,4.75600,2213.019,1.122,5.000,5.000,5.000,13.000,18.000,0.000,0.000,0,0,1.3877,63,126,63,63,48
36,falling,37,637.0,,195.000,270.008,0.00000,8.11834,8.11834,0.000000,0.000000,0,0,4.75600,2213.019,1.122,5.000,5.000,5.000,13.000,18.000,0.000,0.000,0,0,1.3877,63,126,63,63,48
36,falling,38,654.0,,195.000,278.451,0.00000,8.27746,8.27746,0.000000,0.000000,0,0,4.75600,2213.019,1.122,5.000,5.000,5.000,13.000,18.000,0.000,0.000,0,0,1.3877,63,126,63,63,48
36,falling,39,671.0,,195.000,286.539,0.00000,8.42493,8.42493,0.000000,0.000000,0,0,4.75600,2213.019,1.122,5.000,5.000,5.000,13.000,18.000,0.000,0.000,0,0,1.3877,63,126,63,63,48
36,falling,40,687.0,,195.000,295.290,0.00000,8.57936,8.57936,0.000000,0.000000,0,0,4.75600,2213.019,1.122,5.000,5.000,5.000,13.000,18.000,0.000,0.000,0,0,1.3877,63,126,63,63,48
36,falling,41,704.0,,195.000,304.196,0.00000,8.73143,8.73143,0.000000,0.000000,0,0,4.75600,2213.019,1.122,5.000,5.000,5.000,13.000,18.000,0.000,0.000,0,0,1.3877,63,126,63,63,48
36,falling,42,721.0,,195.000,312.714,0.00000,8.87237,8.87237,0.000000,0.000000,0,0,4.75600,2213.019,1.122,5.000,5.000,5.000,13.000,18.000,0.000,0.000,0,0,1.3877,63,126,63,63,48
36,falling,43,737.0,,195.000,321.914,0.00000,9.01995,9.01995,0.000000,0.000000,0,0,4.75600,2213.019,1.122,5.000,5.000,5.000,13.000,18.000,0.000,0.000,0,0,1.3877,63,126,63,63,48
36,falling,44,754.0,,195.000,331.263,0.00000,9.16528,9.16528,0.000000,0.000000,0,0,4.75600,2213.019,1.122,5.000,5.000,5.000,13.000,18.000,0.000,0.000,0,0,1.3877,63,126,63,63,48
36,falling,45,771.0,,195.000,340.191,0.00000,9.29997,9.29997,0.000000,0.000000,0,0,4.75600,2213.019,1.122,5.000,5.000,5.000,13.000,18.000,0.000,0.000,0,0,1.3877,63,126,63,63,48
36,falling,46,787.0,,195.000,349.820,0.00000,9.44101,9.44101,0.000000,0.000000,0,0,4.75600,2213.019,1.122,5.000,5.000,5.000,13.000,18.000,0.000,0.000,0,0,1.3877,63,126,63,63,48
36,falling,47,804.0,,195.000,359.592,0.00000,9.57990,9.57990,0.000000,0.000000,0,0,4.75600,2213.019,1.122,5.000,5.000,5.000,13.000,18.000,0.000,0.000,0,0,1.3877,63,126,63,63,48
36,falling,48,821.0,,195.000,368.912,0.00000,9.70861,9.70861,0.000000,0.000000,0,0,4.75600,2213.019,1.122,5.000,5.000,5.000,13.000,18.000,0.000,0.000,0,0,1.3877,63,126,63,63,48
36,falling,49,837.0,,195.000,378.952,0.00000,9.84340,9.84340,0.000000,0.000000,0,0,4.75600,2213.019,1.122,5.000,5.000,5.000,13.000,18.000,0.000,0.000,0,0,1.3877,63,126,63,63,48
36,falling,50,854.0,,195.000,389.128,0.00000,9.97613,9.97613,0.000000,0.000000,0,0,4.75600,2213.019,1.122,5.000,5.000,5.000,13.000,18.000,0.000,0.000,0,0,1.3877,63,126,63,63,48
36,falling,51,871.0,,195.000,398.823,0.00000,10.09914,10.09914,0.000000,0.000000,0,0,4.75600,2213.019,1.122,5.000,5.000,5.000,13.000,18.000,0.000,0.000,0,0,1.3877,63,126,63,63,48
36,falling,52,887.0,,195.000,409.256,0.00000,10.22796,10.22796,0.000000,0.000000,0,0,4.75600,2213.019,1.122,5.000,5.000,5.000,13.000,18.000,0.000,0.000,0,0,1.3877,63,126,63,63,48
36,falling,53,904.0,,195.000,419.818,0.00000,10.35481,10.35481,0.000000,0.000000,0,0,4.75600,2213.019,1.122,5.000,5.000,5.000,13.000,18.000,0.000,0.000,0,0,1.3877,63,126,63,63,48
36,falling,54,921.0,,195.000,429.871,0.00000,10.47236,10.47236,0.000000,0.000000,0,0,4.75600,2213.019,1.122,5.000,5.000,5.000,13.000,18.000,0.000,0.000,0,0,1.3877,63,126,63,63,48
36,falling,55,937.0,,195.000,440.679,0.00000,10.59547,10.59547,0.000000,0.000000,0,0,4.75600,2213.019,1.122,5.000,5.000,5.000,13.000,18.000,0.000,0.000,0,0,1.3877,63,126,63,63,48
36,falling,56,954.0,,195.000,451.610,0.00000,10.71669,10.71669,0.000000,0.000000,0,0,4.75600,2213.019,1.122,5.000,5.000,5.000,13.000,18.000,0.000,0.000,0,0,1.3877,63,126,63,63,48
36,falling,57,971.0,,195.000,462.005,0.00000,10.82904,10.82904,0.000000,0.000000,0,0,4.75600,2213.019,1.122,5.000,5.000,5.000,13.000,18.000,0.000,0.000,0,0,1.3877,63,126,63,63,48
36,falling,58,987.0,,195.000,473.171,0.00000,10.94669,10.94669,0.000000,0.000000,0,0,4.75600,2213.019,1.122,5.000,5.000,5.000,13.000,18.000,0.000,0.000,0,0,1.3877,63,126,63,63,48
36,post_landing,59,1004.0,59,195.000,482.792,2.74784,0.38929,2.77528,0.052358,0.000000,0,1,4.75600,2213.019,1.122,5.000,5.000,5.000,13.000,18.000,0.000,0.000,0,4,1.3877,63,126,63,63,48
36,post_landing,60,1021.0,59,197.600,482.456,3.54844,-0.49507,3.58281,0.017532,0.049540,0,1,4.75600,2213.019,1.122,5.000,4.045,4.994,12.134,18.027,0.000,0.000,0,2,1.3877,63,126,63,63,48
36,post_landing,61,1037.0,59,201.164,482.248,3.49415,-0.20416,3.50011,0.017264,0.067149,0,0,4.75600,2213.019,1.122,5.000,4.058,4.989,12.174,18.027,0.000,0.000,0,0,1.3877,63,126,63,63,48
36,post_landing,62,1054.0,59,204.673,482.332,3.44069,0.08229,3.44168,0.016999,0.084488,0,0,4.75600,2213.019,1.122,5.000,4.070,4.982,12.210,19.101,0.000,0.000,0,0,1.3877,63,126,63,63,48
36,post_landing,63,1071.0,59,207.929,482.665,3.39115,0.34777,3.40893,0.016755,0.100573,0,0,4.75600,2213.019,1.122,5.000,4.080,4.975,12.241,19.105,0.000,0.000,0,0,1.3877,63,126,63,63,48
36,post_landing,64,1087.0,59,211.335,483.304,3.33926,0.62579,3.39739,0.016498,0.117401,0,0,4.75600,2213.019,1.122,5.000,4.090,4.966,13.379,19.103,0.000,0.000,0,0,1.3877,63,126,63,63,48
36,post_landing,65,1104.0,59,214.689,483.808,2.43271,0.34183,2.45660,0.030235,0.133972,0,1,4.75600,2213.019,1.122,5.000,4.098,4.955,13.418,21.213,0.000,0.000,0,1,1.3877,63,126,63,63,48
36,post_landing,66,1121.0,59,216.991,484.387,2.39767,0.60357,2.47248,0.029800,0.162580,0,0,4.75600,2213.019,1.122,5.000,4.109,10.192,13.476,21.209,0.000,0.000,0,0,1.3877,63,126,63,63,48
36,post_landing,67,1138.0,59,219.399,485.233,1.89107,0.33351,1.92026,0.023615,0.192510,0,1,4.75600,2213.019,1.122,5.000,4.117,10.198,14.698,21.951,0.000,0.000,0,1,1.3877,63,126,63,63,48
36,post_landing,68,1154.0,59,221.298,485.841,1.48258,0.23246,1.50069,0.018822,0.216229,0,1,4.75600,2213.019,1.122,5.000,4.121,10.196,14.747,22.013,0.000,0.000,0,1,1.3877,63,126,63,63,48
36,post_landing,69,1171.0,59,222.701,486.311,1.15982,0.18840,1.17502,0.014921,0.234038,0,1,4.75600,2213.019,1.122,5.000,4.123,10.191,14.778,23.255,0.000,0.000,0,1,1.3877,63,126,63,63,48
36,post_landing,70,1188.0,59,223.866,486.723,0.90389,0.17816,0.92129,0.011764,0.249025,0,1,4.75600,2213.019,1.122,5.000,4.123,12.369,14.800,23.293,0.000,0.000,0,1,1.3877,63,126,63,63,48
36,post_landing,71,1204.0,59,224.774,487.053,0.70285,0.17433,0.72415,0.009235,0.260840,0,1,4.75600,2213.019,1.122,5.000,4.123,12.368,16.040,23.319,0.000,0.000,0,1,1.3877,63,126,63,63,48
36,post_landing,72,1221.0,59,225.439,487.298,0.54615,0.16663,0.57100,0.007228,0.269578,0,1,4.75600,2213.019,1.122,5.000,4.122,11.668,16.056,23.336,0.000,0.000,0,1,1.3877,63,126,63,63,48
36,post_landing,73,1237.0,59,225.987,487.509,0.45450,0.30510,0.54741,0.011271,0.276837,0,1,4.75600,2213.019,1.122,5.000,4.121,11.674,16.069,23.622,0.000,0.000,0,1,1.3877,63,126,63,63,48
36,post_landing,74,1254.0,59,226.444,487.833,0.44202,0.33614,0.55532,0.014732,0.288158,0,1,4.75600,2213.019,1.122,5.000,4.119,11.683,16.087,23.651,0.000,0.000,0,1,1.3877,63,126,63,63,48
36,post_landing,75,1271.0,59,226.862,488.227,0.44143,0.35223,0.56474,0.016601,0.302097,0,1,4.75600,2213.019,1.122,5.000,4.116,11.692,16.106,23.681,0.000,0.000,0,1,1.3877,63,126,63,63,48
36,post_landing,76,1287.0,59,227.306,488.717,0.44244,0.38005,0.58325,0.017904,0.318771,0,1,4.75600,2213.019,1.122,5.000,9.487,12.962,17.388,24.975,0.000,0.000,0,1,1.3877,63,126,63,63,48
36,post_landing,77,1304.0,59,227.750,489.254,0.44220,0.40683,0.60088,0.018790,0.336753,0,1,4.75600,2213.019,1.122,5.000,9.486,12.978,17.414,25.060,0.000,0.000,0,1,1.3877,63,126,63,63,48
36,post_landing,78,1321.0,59,228.168,489.793,0.43854,0.42718,0.61221,0.019029,0.354532,0,1,4.75600,2213.019,1.122,5.000,8.891,12.989,18.720,25.145,0.000,0.000,0,1,1.3877,63,126,63,63,48
36,post_landing,79,1337.0,59,228.609,490.390,0.43113,0.45438,0.62637,0.019625,0.373644,0,1,4.75600,2213.019,1.122,5.000,8.908,14.293,20.974,26.888,0.000,0.000,0,1,1.3877,63,126,63,63,48
36,post_landing,80,1354.0,59,229.042,491.015,0.42100,0.47894,0.63767,0.020157,0.393355,0,1,4.75600,2213.019,1.122,5.000,8.922,14.307,20.999,26.993,0.000,0.000,0,1,1.3877,63,126,63,63,48
36,post_landing,81,1371.0,59,229.440,491.626,0.40783,0.49556,0.64179,0.020203,0.412427,0,1,4.75600,2213.019,1.122,5.000,10.250,14.315,22.331,27.084,0.000,0.000,0,1,1.3877,63,126,63,63,48
36,post_landing,82,1387.0,59,229.850,492.296,0.39091,0.52011,0.65063,0.020635,0.432719,0,1,4.75600,2213.019,1.122,5.000,10.267,15.645,23.677,28.917,0.000,0.000,0,1,1.3877,63,126,63,63,48
36,post_landing,83,1404.0,59,230.242,493.039,0.56431,0.41402,0.69990,0.016722,0.453444,0,1,4.75600,2213.019,1.122,5.000,10.281,16.989,23.697,30.359,0.000,0.000,0,3,1.3877,63,126,63,63,48
36,post_landing,84,1421.0,59,230.776,493.500,0.55707,0.42314,0.69955,0.016766,0.469266,0,1,4.75600,2213.019,1.122,5.000,11.632,16.996,24.157,30.438,0.000,0.000,0,3,1.3877,63,126,63,63,48
36,post_landing,85,1437.0,59,231.336,493.996,0.55487,0.43739,0.70653,0.016986,0.486106,0,1,4.75600,2213.019,1.122,5.000,11.645,17.000,24.174,30.513,0.000,0.000,0,3,1.3877,63,126,63,63,48
36,post_landing,86,1454.0,59,231.893,494.559,0.55313,0.43789,0.70548,0.017666,0.503167,0,1,4.75600,2213.019,1.122,5.000,11.654,20.591,25.542,30.581,0.000,0.000,0,4,1.3877,63,126,63,63,48
36,post_landing,87,1471.0,59,232.417,494.962,0.55033,0.44030,0.70479,0.017456,0.519882,0,1,4.75600,2213.019,1.122,5.000,11.659,20.590,25.551,32.500,0.000,0.000,0,3,1.3877,63,126,63,63,48
36,post_landing,88,1488.0,59,232.969,495.439,0.54517,0.45263,0.70858,0.017630,0.537415,0,1,4.75600,2213.019,1.122,5.000,11.662,19.376,25.554,33.944,0.000,0.000,0,3,1.3877,63,126,63,63,48
36,post_landing,89,1504.0,59,233.517,495.927,0.53925,0.46475,0.71189,0.017793,0.555122,0,1,4.75600,2213.019,1.122,5.000,13.038,19.395,25.548,35.390,0.000,0.000,0,3,1.3877,63,126,63,63,48
36,post_landing,90,1521.0,59,234.027,496.394,0.52778,0.47134,0.70761,0.017761,0.571958,0,1,4.75600,2213.019,1.122,5.000,13.038,20.790,25.535,38.216,0.000,0.000,0,3,1.3877,63,126,63,63,48
36,post_landing,91,1538.0,59,234.557,496.905,0.52171,0.48384,0.71154,0.017939,0.589797,0,1,4.75600,2213.019,1.122,5.000,7.211,20.802,27.182,55.477,0.000,0.000,0,3,1.3877,63,126,63,63,48
36,post_landing,92,1554.0,59,235.081,497.497,0.52427,0.47928,0.71033,0.018428,0.607815,0,1,4.75600,2213.019,1.122,5.000,12.207,20.808,27.197,59.712,0.000,0.000,0,4,1.3877,63,126,63,63,48
36,post_landing,93,1571.0,59,235.608,498.029,0.51500,0.48979,0.71071,0.018527,0.626323,0,1,4.75600,2213.019,1.122,5.000,13.601,20.807,27.203,61.163,0.000,0.000,0,4,1.3877,63,126,63,63,48
36,post_landing,94,1588.0,59,236.095,498.532,0.50224,0.49418,0.70459,0.018416,0.643853,0,1,4.75600,2213.019,1.122,5.000,14.200,22.800,29.200,63.201,0.000,0.000,0,4,1.3877,63,126,63,63,48
36,post_landing,95,1604.0,59,236.599,499.151,0.52676,0.41567,0.67101,0.019946,0.662351,0,1,4.75600,2213.019,1.122,5.000,14.209,22.803,30.610,64.468,0.000,0.000,0,6,1.3877,63,126,63,63,48
36,post_landing,96,1621.0,59,237.098,499.656,0.51513,0.39553,0.64946,0.019935,0.681223,0,1,4.75600,2213.019,1.122,5.000,14.213,22.799,55.444,65.142,0.000,0.000,0,6,1.3877,63,126,63,63,48
36,post_landing,97,1638.0,59,237.615,500.198,0.50646,0.37917,0.63267,0.020112,0.701245,0,1,4.75600,2213.019,1.122,5.000,14.211,17.029,58.779,65.825,0.000,0.000,0,7,1.3877,63,126,63,63,48
36,post_landing,98,1654.0,59,238.124,500.711,0.48943,0.38374,0.62193,0.019959,0.721445,0,1,4.75600,2213.019,1.122,5.000,14.864,19.098,60.868,67.173,0.000,0.000,0,7,1.3877,63,126,63,63,48
36,post_landing,99,1671.0,59,238.587,501.157,0.47232,0.38476,0.60920,0.019611,0.740330,0,1,4.75600,2213.019,1.122,5.000,16.279,53.075,61.551,67.877,0.000,0.000,0,6,1.3877,63,126,63,63,48
36,post_landing,100,1688.0,59,239.061,501.549,0.46194,0.39168,0.60564,0.019562,0.760028,0,1,4.75600,2213.019,1.122,5.000,47.379,55.172,62.930,67.896,0.000,0.000,0,4,1.3877,63,126,63,63,48
36,post_landing,101,1704.0,59,239.525,501.993,0.09225,-0.04942,0.10466,0.003915,0.779675,0,1,4.75600,2213.019,1.122,5.000,52.325,55.153,63.639,67.889,0.000,0.000,0,8,1.3877,63,126,63,63,48
36,post_landing,102,1721.0,59,239.618,501.989,-0.00020,0.00000,0.00020,0.000000,0.783608,0,1,4.75600,2213.019,1.122,5.000,52.326,55.154,63.640,68.588,0.000,0.000,0,8,1.3877,63,126,63,63,48
36,post_landing,103,1738.0,59,239.618,501.988,-0.00002,0.00000,0.00002,0.000000,0.783608,0,1,4.75600,2213.019,1.122,5.000,52.326,55.154,63.640,68.588,0.000,0.000,0,8,1.3877,63,126,63,63,48
36,post_landing,104,1754.0,59,239.618,501.992,0.00000,0.00000,0.00000,0.000000,0.783608,0,1,4.75600,2213.019,1.122,5.000,52.326,55.154,63.640,68.588,0.000,0.000,0,8,1.3877,63,126,63,63,48
36,post_landing,105,1771.0,59,239.618,501.988,-0.00000,0.00000,0.00000,0.000000,0.783608,0,1,4.75600,2213.019,1.122,5.000,52.326,55.154,63.640,68.588,0.000,0.000,0,8,1.3877,63,126,63,63,48
36,post_landing,106,1788.0,59,239.618,501.992,0.00000,0.00000,0.00000,0.000000,0.783608,0,1,4.75600,2213.019,1.122,5.000,52.326,55.154,63.640,68.588,0.000,0.000,0,8,1.3877,63,126,63,63,48
36,post_landing,107,1804.0,59,239.618,501.993,0.00000,0.00000,0.00000,0.000000,0.783608,0,1,4.75600,2213.019,1.122,5.000,52.326,55.154,63.640,68.588,0.000,0.000,0,8,1.3877,63,126,63,63,48
36,post_landing,108,1821.0,59,239.618,501.993,-0.00000,0.00000,0.00000,0.000000,0.783608,0,1,4.75600,2213.019,1.122,5.000,52.326,55.154,63.640,68.588,0.000,0.000,0,8,1.3877,63,126,63,63,48
36,post_landing,109,1838.0,59,239.618,501.988,-0.00000,0.00000,0.00000,0.000000,0.783608,0,1,4.75600,2213.019,1.122,5.000,52.326,55.154,63.640,68.588,0.000,0.000,0,8,1.3877,63,126,63,63,48
36,post_landing,110,1854.0,59,239.618,501.992,0.00000,0.00000,0.00000,0.000000,0.783608,0,1,4.75600,2213.019,1.122,5.000,52.326,55.154,63.640,68.588,0.000,0.000,0,8,1.3877,63,126,63,63,48
36,post_landing,111,1871.0,59,239.618,501.988,-0.00000,0.00000,0.00000,0.000000,0.783608,0,1,4.75600,2213.019,1.122,5.000,52.326,55.154,63.640,68.588,0.000,0.000,0,8,1.3877,63,126,63,63,48
36,post_landing,112,1888.0,59,239.618,501.992,0.00000,0.00000,0.00000,0.000000,0.783608,0,1,4.75600,2213.019,1.122,5.000,52.326,55.154,63.640,68.588,0.000,0.000,0,8,1.3877,63,126,63,63,48
36,post_landing,113,1904.0,59,239.618,501.993,0.00000,0.00000,0.00000,0.000000,0.783608,0,1,4.75600,2213.019,1.122,5.000,52.326,55.154,63.640,68.588,0.000,0.000,0,8,1.3877,63,126,63,63,48
36,post_landing,114,1921.0,59,239.618,501.988,-0.00000,0.00000,0.00000,0.000000,0.783608,0,1,4.75600,2213.019,1.122,5.000,52.326,55.154,63.640,68.588,0.000,0.000,0,8,1.3877,63,126,63,63,48
36,post_landing,115,1938.0,59,239.618,501.992,0.00000,0.00000,0.00000,0.000000,0.783608,0,1,4.75600,2213.019,1.122,5.000,52.326,55.154,63.640,68.588,0.000,0.000,0,8,1.3877,63,126,63,63,48
36,post_landing,116,1954.0,59,239.618,501.993,0.00000,0.00000,0.00000,0.000000,0.783608,0,1,4.75600,2213.019,1.122,5.000,52.326,55.154,63.640,68.588,0.000,0.000,0,8,1.3877,63,126,63,63,48
36,post_landing,117,1971.0,59,239.618,501.988,-0.00000,0.00000,0.00000,0.000000,0.783608,0,1,4.75600,2213.019,1.122,5.000,52.326,55.154,63.640,68.588,0.000,0.000,0,8,1.3877,63,126,63,63,48
36,post_landing,118,1988.0,59,239.618,501.992,0.00000,0.00000,0.00000,0.000000,0.783608,0,1,4.75600,2213.019,1.122,5.000,52.326,55.154,63.640,68.588,0.000,0.000,0,8,1.3877,63,126,63,63,48
37,falling,0,30.0,,195.000,97.029,0.00000,0.55000,0.55000,0.000000,0.000000,0,0,3.77600,957.905,2.374,13.000,13.000,14.000,23.000,27.000,0.000,0.000,0,0,1.5385,71,142,71,83,62
37,falling,1,32.0,,195.000,97.099,0.00000,0.58234,0.58234,0.000000,0.000000,0,0,3.77600,957.905,2.374,13.000,13.000,14.000,23.000,27.000,0.000,0.000,0,0,1.5385,71,142,71,83,62
37,falling,2,48.0,,195.000,97.973,0.00000,0.85677,0.85677,0.000000,0.000000,0,0,3.77600,957.905,2.374,13.000,13.000,14.000,23.000,27.000,0.000,0.000,0,0,1.5385,71,142,71,83,62
37,falling,3,65.0,,195.000,99.122,0.00000,1.12699,1.12699,0.000000,0.000000,0,0,3.77600,957.905,2.374,13.000,13.000,14.000,23.000,27.000,0.000,0.000,0,0,1.5385,71,142,71,83,62
37,falling,4,81.0,,195.000,100.445,0.00000,1.37743,1.37743,0.000000,0.000000,0,0,3.77600,957.905,2.374,13.000,13.000,14.000,23.000,27.000,0.000,0.000,0,0,1.5385,71,142,71,83,62
37,falling,5,98.0,,195.000,102.117,0.00000,1.63969,1.63969,0.000000,0.000000,0,0,3.77600,957.905,2.374,13.000,13.000,14.000,23.000,27.000,0.000,0.000,0,0,1.5385,71,142,71,83,62
37,falling,6,115.0,,195.000,104.053,0.00000,1.89793,1.89793,0.000000,0.000000,0,0,3.77600,957.905,2.374,13.000,13.000,14.000,23.000,27.000,0.000,0.000,0,0,1.5385,71,142,71,83,62
37,falling,7,131.0,,195.000,106.105,0.00000,2.13727,2.13727,0.000000,0.000000,0,0,3.77600,957.905,2.374,13.000,13.000,14.000,23.000,27.000,0.000,0.000,0,0,1.5385,71,142,71,83,62
37,falling,8,148.0,,195.000,108.540,0.00000,2.38790,2.38790,0.000000,0.000000,0,0,3.77600,957.905,2.374,13.000,13.000,14.000,23.000,27.000,0.000,0.000,0,0,1.5385,71,142,71,83,62
37,falling,9,165.0,,195.000,111.228,0.00000,2.63470,2.63470,0.000000,0.000000,0,0,3.77600,957.905,2.374,13.000,13.000,14.000,23.000,27.000,0.000,0.000,0,0,1.5385,71,142,71,83,62
37,falling,10,181.0,,195.000,113.977,0.00000,2.86343,2.86343,0.000000,0.000000,0,0,3.77600,957.905,2.374,13.000,13.000,14.000,23.000,27.000,0.000,0.000,0,0,1.5385,71,142,71,83,62
37,falling,11,198.0,,195.000,117.142,0.00000,3.10295,3.10295,0.000000,0.000000,0,0,3.77600,957.905,2.374,13.000,13.000,14.000,23.000,27.000,0.000,0.000,0,0,1.5385,71,142,71,83,62
37,falling,12,215.0,,195.000,120.547,0.00000,3.33881,3.33881,0.000000,0.000000,0,0,3.77600,957.905,2.374,13.000,13.000,14.000,23.000,27.000,0.000,0.000,0,0,1.5385,71,142,71,83,62
37,falling,13,231.0,,195.000,123.962,0.00000,3.55740,3.55740,0.000000,0.000000,0,0,3.77600,957.905,2.374,13.000,13.000,14.000,23.000,27.000,0.000,0.000,0,0,1.5385,71,142,71,83,62
37,falling,14,248.0,,195.000,127.824,0.00000,3.78630,3.78630,0.000000,0.000000,0,0,3.77600,957.905,2.374,13.000,13.000,14.000,23.000,27.000,0.000,0.000,0,0,1.5385,71,142,71,83,62
37,falling,15,265.0,,195.000,131.916,0.00000,4.01171,4.01171,0.000000,0.000000,0,0,3.77600,957.905,2.374,13.000,13.000,14.000,23.000,27.000,0.000,0.000,0,0,1.5385,71,142,71,83,62
37,falling,16,281.0,,195.000,135.968,0.00000,4.22060,4.22060,0.000000,0.000000,0,0,3.77600,957.905,2.374,13.000,13.000,14.000,23.000,27.000,0.000,0.000,0,0,1.5385,71,142,71,83,62
37,falling,17,298.0,,195.000,140.496,0.00000,4.43936,4.43936,0.000000,0.000000,0,0,3.77600,957.905,2.374,13.000,13.000,14.000,23.000,27.000,0.000,0.000,0,0,1.5385,71,142,71,83,62
37,falling,18,315.0,,195.000,145.244,0.00000,4.65477,4.65477,0.000000,0.000000,0,0,3.77600,957.905,2.374,13.000,13.000,14.000,23.000,27.000,0.000,0.000,0,0,1.5385,71,142,71,83,62
37,falling,19,331.0,,195.000,149.904,0.00000,4.85441,4.85441,0.000000,0.000000,0,0,3.77600,957.905,2.374,13.000,13.000,14.000,23.000,27.000,0.000,0.000,0,0,1.5385,71,142,71,83,62
37,falling,20,348.0,,195.000,155.069,0.00000,5.06347,5.06347,0.000000,0.000000,0,0,3.77600,957.905,2.374,13.000,13.000,14.000,23.000,27.000,0.000,0.000,0,0,1.5385,71,142,71,83,62
37,falling,21,365.0,,195.000,160.444,0.00000,5.26933,5.26933,0.000000,0.000000,0,0,3.77600,957.905,2.374,13.000,13.000,14.000,23.000,27.000,0.000,0.000,0,0,1.5385,71,142,71,83,62
37,falling,22,381.0,,195.000,165.686,0.00000,5.46012,5.46012,0.000000,0.000000,0,0,3.77600,957.905,2.374,13.000,13.000,14.000,23.000,27.000,0.000,0.000,0,0,1.5385,71,142,71,83,62
37,falling,23,398.0,,195.000,171.459,0.00000,5.65992,5.65992,0.000000,0.000000,0,0,3.77600,957.905,2.374,13.000,13.000,14.000,23.000,27.000,0.000,0.000,0,0,1.5385,71,142,71,83,62
37,falling,24,415.0,,195.000,177.433,0.00000,5.85665,5.85665,0.000000,0.000000,0,0,3.77600,957.905,2.374,13.000,13.000,14.000,23.000,27.000,0.000,0.000,0,0,1.5385,71,142,71,83,62
37,falling,25,431.0,,195.000,183.230,0.00000,6.03898,6.03898,0.000000,0.000000,0,0,3.77600,957.905,2.374,13.000,13.000,14.000,23.000,27.000,0.000,0.000,0,0,1.5385,71,142,71,83,62
37,falling,26,448.0,,195.000,189.584,0.00000,6.22992,6.22992,0.000000,0.000000,0,0,3.77600,957.905,2.374,13.000,13.000,14.000,23.000,27.000,0.000,0.000,0,0,1.5385,71,142,71,83,62
37,falling,27,465.0,,195.000,196.131,0.00000,6.41794,6.41794,0.000000,0.000000,0,0,3.77600,957.905,2.374,13.000,13.000,14.000,23.000,27.000,0.000,0.000,0,0,1.5385,71,142,71,83,62
37,falling,28,485.0,,195.000,203.683,0.00000,6.62486,6.62486,0.000000,0.000000,0,0,3.77600,957.905,2.374,13.000,13.000,14.000,23.000,27.000,0.000,0.000,0,0,1.5385,71,142,71,83,62
37,falling,29,498.0,,195.000,209.374,0.00000,6.77472,6.77472,0.000000,0.000000,0,0,3.77600,957.905,2.374,13.000,13.000,14.000,23.000,27.000,0.000,0.000,0,0,1.5385,71,142,71,83,62
37,falling,30,515.0,,195.000,216.467,0.00000,6.95440,6.95440,0.000000,0.000000,0,0,3.77600,957.905,2.374,13.000,13.000,14.000,14.000,27.000,0.000,0.000,0,0,1.5385,71,142,71,83,62
37,falling,31,531.0,,195.000,223.303,0.00000,7.12092,7.12092,0.000000,0.000000,0,0,3.77600,957.905,2.374,13.000,13.000,14.000,23.000,27.000,0.000,0.000,0,0,1.5385,71,142,71,83,62
37,falling,32,548.0,,195.000,230.745,0.00000,7.29530,7.29530,0.000000,0.000000,0,0,3.77600,957.905,2.374,13.000,13.000,14.000,23.000,27.000,0.000,0.000,0,0,1.5385,71,142,71,83,62
37,falling,33,565.0,,195.000,238.361,0.00000,7.46702,7.46702,0.000000,0.000000,0,0,3.77600,957.905,2.374,13.000,13.000,14.000,23.000,27.000,0.000,0.000,0,0,1.5385,71,142,71,83,62
37,falling,34,581.0,,195.000,245.682,0.00000,7.62616,7.62616,0.000000,0.000000,0,0,3.77600,957.905,2.374,13.000,13.000,14.000,23.000,27.000,0.000,0.000,0,0,1.5385,71,142,71,83,62
37,falling,35,598.0,,195.000,253.631,0.00000,7.79281,7.79281,0.000000,0.000000,0,0,3.77600,957.905,2.374,13.000,13.000,14.000,23.000,27.000,0.000,0.000,0,0,1.5385,71,142,71,83,62
37,falling,36,615.0,,195.000,261.747,0.00000,7.95692,7.95692,0.000000,0.000000,0,0,3.77600,957.905,2.374,13.000,13.000,14.000,23.000,27.000,0.000,0.000,0,0,1.5385,71,142,71,83,62
37,falling,37,632.0,,195.000,269.531,0.00000,8.10900,8.10900,0.000000,0.000000,0,0,3.77600,957.905,2.374,13.000,13.000,14.000,23.000,27.000,0.000,0.000,0,0,1.5385,71,142,71,83,62
37,falling,38,648.0,,195.000,277.965,0.00000,8.26827,8.26827,0.000000,0.000000,0,0,3.77600,957.905,2.374,13.000,13.000,14.000,23.000,27.000,0.000,0.000,0,0,1.5385,71,142,71,83,62
37,falling,39,665.0,,195.000,286.559,0.00000,8.42510,8.42510,0.000000,0.000000,0,0,3.77600,957.905,2.374,13.000,13.000,14.000,23.000,27.000,0.000,0.000,0,0,1.5385,71,142,71,83,62
37,falling,40,681.0,,195.000,294.786,0.00000,8.57044,8.57044,0.000000,0.000000,0,0,3.77600,957.905,2.374,13.000,13.000,14.000,23.000,27.000,0.000,0.000,0,0,1.5385,71,142,71,83,62
37,falling,41,698.0,,195.000,303.683,0.00000,8.72265,8.72265,0.000000,0.000000,0,0,3.77600,957.905,2.374,13.000,13.000,14.000,23.000,27.000,0.000,0.000,0,0,1.5385,71,142,71,83,62
37,falling,42,715.0,,195.000,312.733,0.00000,8.87253,8.87253,0.000000,0.000000,0,0,3.77600,957.905,2.374,13.000,13.000,14.000,23.000,27.000,0.000,0.000,0,0,1.5385,71,142,71,83,62
37,falling,43,731.0,,195.000,321.384,0.00000,9.01143,9.01143,0.000000,0.000000,0,0,3.77600,957.905,2.374,13.000,13.000,14.000,23.000,27.000,0.000,0.000,0,0,1.5385,71,142,71,83,62
37,falling,44,748.0,,195.000,330.724,0.00000,9.15689,9.15689,0.000000,0.000000,0,0,3.77600,957.905,2.374,13.000,13.000,14.000,23.000,27.000,0.000,0.000,0,0,1.5385,71,142,71,83,62
37,falling,45,765.0,,195.000,340.211,0.00000,9.30012,9.30012,0.000000,0.000000,0,0,3.77600,957.905,2.374,13.000,13.000,14.000,23.000,27.000,0.000,0.000,0,0,1.5385,71,142,71,83,62
37,falling,46,781.0,,195.000,349.266,0.00000,9.43286,9.43286,0.000000,0.000000,0,0,3.77600,957.905,2.374,13.000,13.000,14.000,23.000,27.000,0.000,0.000,0,0,1.5385,71,142,71,83,62
37,falling,47,798.0,,195.000,359.029,0.00000,9.57187,9.57187,0.000000,0.000000,0,0,3.77600,957.905,2.374,13.000,13.000,14.000,23.000,27.000,0.000,0.000,0,0,1.5385,71,142,71,83,62
37,falling,48,815.0,,195.000,368.932,0.00000,9.70876,9.70876,0.000000,0.000000,0,0,3.77600,957.905,2.374,13.000,13.000,14.000,23.000,27.000,0.000,0.000,0,0,1.5385,71,142,71,83,62
37,falling,49,832.0,,195.000,378.375,0.00000,9.83562,9.83562,0.000000,0.000000,0,0,3.77600,957.905,2.374,13.000,13.000,14.000,23.000,27.000,0.000,0.000,0,0,1.5385,71,142,71,83,62
37,falling,50,848.0,,195.000,388.542,0.00000,9.96847,9.96847,0.000000,0.000000,0,0,3.77600,957.905,2.374,13.000,13.000,14.000,23.000,27.000,0.000,0.000,0,0,1.5385,71,142,71,83,62
37,falling,51,865.0,,195.000,398.844,0.00000,10.09928,10.09928,0.000000,0.000000,0,0,3.77600,957.905,2.374,13.000,13.000,14.000,23.000,27.000,0.000,0.000,0,0,1.5385,71,142,71,83,62
37,falling,52,882.0,,195.000,408.655,0.00000,10.22052,10.22052,0.000000,0.000000,0,0,3.77600,957.905,2.374,13.000,13.000,14.000,23.000,27.000,0.000,0.000,0,0,1.5385,71,142,71,83,62
37,falling,53,898.0,,195.000,419.210,0.00000,10.34748,10.34748,0.000000,0.000000,0,0,3.77600,957.905,2.374,13.000,13.000,14.000,23.000,27.000,0.000,0.000,0,0,1.5385,71,142,71,83,62
37,falling,54,915.0,,195.000,429.892,0.00000,10.47250,10.47250,0.000000,0.000000,0,0,3.77600,957.905,2.374,13.000,13.000,14.000,23.000,27.000,0.000,0.000,0,0,1.5385,71,142,71,83,62
37,falling,55,932.0,,195.000,440.057,0.00000,10.58836,10.58836,0.000000,0.000000,0,0,3.77600,957.905,2.374,13.000,13.000,14.000,23.000,27.000,0.000,0.000,0,0,1.5385,71,142,71,83,62
37,falling,56,948.0,,195.000,450.980,0.00000,10.70969,10.70969,0.000000,0.000000,0,0,3.77600,957.905,2.374,13.000,13.000,14.000,23.000,27.000,0.000,0.000,0,0,1.5385,71,142,71,83,62
37,falling,57,965.0,,195.000,462.026,0.00000,10.82917,10.82917,0.000000,0.000000,0,0,3.77600,957.905,2.374,13.000,13.000,14.000,23.000,27.000,0.000,0.000,0,0,1.5385,71,142,71,83,62
37,falling,58,982.0,,195.000,472.528,0.00000,10.93989,10.93989,0.000000,0.000000,0,0,3.77600,957.905,2.374,13.000,13.000,14.000,23.000,27.000,0.000,0.000,0,0,1.5385,71,142,71,83,62
37,post_landing,59,998.0,59,195.000,480.765,-1.29899,-0.98496,1.63018,0.024360,0.000000,0,1,3.77600,957.905,2.374,13.000,13.000,14.000,23.000,27.000,0.000,0.000,0,6,1.5385,71,142,71,83,62
37,post_landing,60,1015.0,59,193.695,478.851,-1.33683,-0.66492,1.49306,0.004652,0.024468,0,1,3.77600,957.905,2.374,13.000,12.021,14.020,14.069,26.967,0.000,0.000,0,3,1.5385,71,142,71,83,62
37,post_landing,61,1032.0,59,192.430,478.415,-1.32558,-0.21377,1.34270,0.008460,0.028869,0,1,3.77600,957.905,2.374,13.000,12.024,14.023,14.081,26.960,0.000,0.000,0,1,1.5385,71,142,71,83,62
37,post_landing,62,1048.0,59,191.099,478.384,-0.78776,0.02280,0.78809,-0.029863,0.037366,0,1,3.77600,957.905,2.374,13.000,12.029,14.028,14.102,26.944,0.000,0.000,0,2,1.5385,71,142,71,83,62
37,post_landing,63,1065.0,59,190.308,478.696,-0.77571,0.30578,0.83381,-0.029406,0.007372,0,0,3.77600,957.905,2.374,13.000,12.007,14.007,14.022,26.992,0.000,0.000,0,0,1.5385,71,142,71,83,62
37,post_landing,64,1082.0,59,189.574,479.131,-0.74888,-0.02873,0.74943,-0.021988,-0.020452,0,1,3.77600,957.905,2.374,13.000,10.018,13.018,23.036,27.117,0.000,0.000,0,1,1.5385,71,142,71,83,62
37,post_landing,65,1098.0,59,188.822,479.372,-1.25361,-0.70186,1.43671,0.003625,-0.042536,0,1,3.77600,957.905,2.374,13.000,10.033,13.031,23.064,27.231,0.000,0.000,0,1,1.5385,71,142,71,83,62
37,post_landing,66,1115.0,59,187.563,478.956,-1.23443,-0.40779,1.30004,0.003570,-0.038895,0,0,3.77600,957.905,2.374,13.000,10.031,13.029,23.060,27.213,0.000,0.000,0,0,1.5385,71,142,71,83,62
37,post_landing,67,1132.0,59,186.395,478.826,-1.21666,-0.13525,1.22415,0.003519,-0.035517,0,0,3.77600,957.905,2.374,13.000,10.029,13.027,23.057,27.196,0.000,0.000,0,0,1.5385,71,142,71,83,62
37,post_landing,68,1148.0,59,185.173,478.979,-1.19804,0.15016,1.20741,0.003465,-0.031983,0,0,3.77600,957.905,2.374,13.000,10.027,13.025,23.052,27.178,0.000,0.000,0,0,1.5385,71,142,71,83,62
37,post_landing,69,1165.0,59,183.969,479.331,-2.16927,-0.85289,2.33091,0.018322,-0.028503,0,1,3.77600,957.905,2.374,13.000,10.024,13.023,23.048,27.160,0.000,0.000,0,2,1.5385,71,142,71,83,62
37,post_landing,70,1182.0,59,181.917,478.780,-2.13803,-0.57394,2.21372,0.018058,-0.011168,0,0,3.77600,957.905,2.374,13.000,10.011,13.010,23.021,27.065,0.000,0.000,0,0,1.5385,71,142,71,83,62
37,post_landing,71,1198.0,59,179.769,478.493,-2.10532,-0.28182,2.12410,0.017781,0.006969,0,0,3.77600,957.905,2.374,13.000,12.007,14.007,14.021,26.992,0.000,0.000,0,0,1.5385,71,142,71,83,62
37,post_landing,72,1216.0,59,177.655,478.487,-1.56048,0.00000,1.56048,-0.021742,0.024829,0,1,3.77600,957.905,2.374,13.000,12.021,14.021,14.070,26.967,0.000,0.000,0,1,1.5385,71,142,71,83,62
37,post_landing,73,1232.0,59,176.178,478.743,-1.53801,0.26667,1.56096,-0.021429,0.004257,0,0,3.77600,957.905,2.374,13.000,12.004,14.004,14.013,26.995,0.000,0.000,0,0,1.5385,71,142,71,83,62
37,post_landing,74,1248.0,59,174.633,479.169,-1.67578,-0.92785,1.91550,-0.059509,-0.017266,0,1,3.77600,957.905,2.374,13.000,10.016,13.015,23.031,27.100,0.000,0.000,0,2,1.5385,71,142,71,83,62
37,post_landing,75,1265.0,59,172.950,478.527,-1.65014,-0.63032,1.76643,-0.058599,-0.077037,0,0,3.77600,957.905,2.374,13.000,10.047,13.038,27.151,27.382,0.000,0.000,0,0,1.5385,71,142,71,83,62
37,post_landing,76,1282.0,59,171.389,478.186,-1.62637,-0.35458,1.66458,-0.057755,-0.132481,0,0,3.77600,957.905,2.374,13.000,4.097,10.177,27.160,27.556,0.000,0.000,0,0,1.5385,71,142,71,83,62
37,post_landing,77,1298.0,59,169.756,478.119,-1.60149,-0.06582,1.60284,-0.056871,-0.190490,0,0,3.77600,957.905,2.374,13.000,4.117,10.198,26.287,27.648,0.000,0.000,0,0,1.5385,71,142,71,83,62
37,post_landing,78,1315.0,59,168.147,478.342,-1.57699,0.21852,1.59206,-0.056001,-0.247611,0,0,3.77600,957.905,2.374,13.000,4.123,22.554,26.187,27.647,0.000,0.000,0,0,1.5385,71,142,71,83,62
37,post_landing,79,1332.0,59,166.655,478.805,-1.55428,0.48204,1.62731,-0.055195,-0.300598,0,0,3.77600,957.905,2.374,13.000,17.718,17.718,24.337,27.795,0.000,0.000,0,0,1.5385,71,142,71,83,62
37,post_landing,80,1348.0,59,165.094,479.578,-1.53050,0.75800,1.70792,-0.054350,-0.356036,0,0,3.77600,957.905,2.374,13.000,14.865,17.677,24.346,31.364,0.000,0.000,0,0,1.5385,71,142,71,83,62
37,post_landing,81,1365.0,59,163.557,480.628,-1.50708,1.02973,1.82528,-0.053519,-0.410625,0,0,3.77600,957.905,2.374,13.000,4.067,14.832,18.780,32.178,0.000,0.000,0,0,1.5385,71,142,71,83,62
37,post_landing,82,1382.0,59,162.131,481.858,-1.48538,1.28157,1.96183,-0.052748,-0.461263,0,0,3.77600,957.905,2.374,13.000,4.027,14.762,18.784,32.200,0.000,0.000,0,0,1.5385,71,142,71,83,62
37,post_landing,83,1398.0,59,160.639,483.435,-1.46265,1.54530,2.12774,-0.051941,-0.514243,0,0,3.77600,957.905,2.374,13.000,0.000,3.975,16.124,30.015,0.000,0.000,0,0,1.5385,71,142,71,83,62
37,post_landing,84,1415.0,59,159.170,485.276,-1.44028,1.80499,2.30919,-0.051146,-0.566412,0,0,3.77600,957.905,2.374,13.000,0.000,3.912,16.107,31.062,0.000,0.000,0,0,1.5385,71,142,71,83,62
37,post_landing,85,1432.0,59,157.807,487.240,-1.41954,2.04566,2.48994,-0.050410,-0.614805,0,0,3.77600,957.905,2.374,13.000,0.000,3.844,16.051,33.352,0.000,0.000,0,0,1.5385,71,142,71,83,62
37,post_landing,86,1448.0,59,156.381,489.067,-1.58318,0.64674,1.71018,-0.024722,-0.665437,0,1,3.77600,957.905,2.374,13.000,0.000,3.764,7.189,35.440,0.000,0.000,0,1,1.5385,71,142,71,83,62
37,post_landing,87,1465.0,59,154.791,489.552,-1.51646,0.34745,1.55576,-0.007584,-0.690267,0,1,3.77600,957.905,2.374,13.000,0.000,3.721,7.173,35.464,0.000,0.000,0,1,1.5385,71,142,71,83,62
37,post_landing,88,1482.0,59,153.356,489.694,-1.12988,0.23146,1.15334,-0.018345,-0.697443,0,1,3.77600,957.905,2.374,13.000,0.000,3.708,7.168,35.467,0.000,0.000,0,1,1.5385,71,142,71,83,62
37,post_landing,89,1498.0,59,152.221,490.055,-0.93513,0.19428,0.95509,-0.013633,-0.715868,0,1,3.77600,957.905,2.374,13.000,0.000,3.674,7.152,37.533,0.000,0.000,0,1,1.5385,71,142,71,83,62
37,post_landing,90,1515.0,59,151.282,490.347,-0.76382,0.18036,0.78482,-0.011143,-0.729561,0,1,3.77600,957.905,2.374,13.000,0.000,3.648,7.139,37.537,0.000,0.000,0,1,1.5385,71,142,71,83,62
37,post_landing,91,1532.0,59,150.559,490.572,-0.68964,0.16705,0.70959,-0.005752,-0.740105,0,1,3.77600,957.905,2.374,13.000,0.000,3.628,7.128,37.534,0.000,0.000,0,1,1.5385,71,142,71,83,62
37,post_landing,92,1548.0,59,149.867,490.709,-0.59833,0.28896,0.66445,-0.013587,-0.745883,0,1,3.77600,957.905,2.374,13.000,0.000,3.617,7.121,38.210,0.000,0.000,0,1,1.5385,71,142,71,83,62
37,post_landing,93,1565.0,59,149.266,491.007,-0.48452,0.28773,0.56351,-0.030861,-0.759529,0,1,3.77600,957.905,2.374,13.000,0.000,0.000,7.105,36.032,0.000,0.000,0,1,1.5385,71,142,71,83,62
37,post_landing,94,1582.0,59,148.807,491.535,-0.47754,0.55025,0.72857,-0.030417,-0.788729,0,0,3.77600,957.905,2.374,13.000,0.000,0.000,7.066,38.188,0.000,0.000,0,0,1.5385,71,142,71,83,62
37,post_landing,95,1598.0,59,148.328,492.369,-0.56653,0.20863,0.60373,-0.017262,-0.819280,0,1,3.77600,957.905,2.374,13.000,0.000,0.000,7.019,38.210,0.000,0.000,0,1,1.5385,71,142,71,83,62
37,post_landing,96,1615.0,59,147.759,492.794,-0.49907,0.16613,0.52599,-0.010492,-0.836618,0,1,3.77600,957.905,2.374,13.000,0.000,0.000,6.989,53.144,0.000,0.000,0,1,1.5385,71,142,71,83,62
37,post_landing,97,1632.0,59,147.286,493.043,-0.43118,0.15281,0.45746,-0.007042,-0.846545,0,1,3.77600,957.905,2.374,13.000,0.000,2.247,22.672,53.150,0.000,0.000,0,1,1.5385,71,142,71,83,62
37,post_landing,98,1648.0,59,146.853,493.228,-0.38536,0.13964,0.40988,-0.006329,-0.853617,0,1,3.77600,957.905,2.374,13.000,0.000,2.261,22.671,55.315,0.000,0.000,0,1,1.5385,71,142,71,83,62
37,post_landing,99,1665.0,59,146.466,493.388,-0.35664,0.13133,0.38005,-0.005753,-0.859974,0,1,3.77600,957.905,2.374,13.000,0.000,2.273,22.670,55.317,0.000,0.000,0,1,1.5385,71,142,71,83,62
37,post_landing,100,1682.0,59,146.129,493.522,-0.33040,0.12250,0.35238,-0.005471,-0.865417,0,1,3.77600,957.905,2.374,13.000,0.000,2.284,22.668,55.317,0.000,0.000,0,1,1.5385,71,142,71,83,62
37,post_landing,101,1699.0,59,145.797,493.665,-0.31962,0.24810,0.40461,-0.009685,-0.870912,0,1,3.77600,957.905,2.374,13.000,0.000,2.295,24.839,55.315,0.000,0.000,0,1,1.5385,71,142,71,83,62
37,post_landing,102,1715.0,59,145.476,493.915,-0.32429,0.29821,0.44055,-0.016402,-0.880639,0,1,3.77600,957.905,2.374,13.000,0.000,2.313,24.838,56.850,0.000,0.000,0,1,1.5385,71,142,71,83,62
37,post_landing,103,1732.0,59,145.169,494.305,-0.34315,0.33191,0.47741,-0.019723,-0.896158,0,1,3.77600,957.905,2.374,13.000,0.000,2.343,25.769,56.847,0.000,0.000,0,1,1.5385,71,142,71,83,62
37,post_landing,104,1749.0,59,144.824,494.826,-0.36000,0.38049,0.52381,-0.021542,-0.915968,0,1,3.77600,957.905,2.374,13.000,0.000,2.379,25.792,57.008,0.000,0.000,0,1,1.5385,71,142,71,83,62
37,post_landing,105,1765.0,59,144.463,495.408,-0.37021,0.42527,0.56384,-0.022881,-0.937604,0,1,3.77600,957.905,2.374,13.000,0.000,2.418,43.814,52.038,0.000,0.000,0,1,1.5385,71,142,71,83,62
37,post_landing,106,1782.0,59,144.091,496.040,-0.37238,0.46760,0.59777,-0.023914,-0.960585,0,1,3.77600,957.905,2.374,13.000,0.000,18.270,46.041,52.924,0.000,0.000,0,1,1.5385,71,142,71,83,62
37,post_landing,107,1799.0,59,143.739,496.672,-0.36698,0.49869,0.61916,-0.024322,-0.983212,0,1,3.77600,957.905,2.374,13.000,0.000,40.771,47.704,53.252,0.000,0.000,0,1,1.5385,71,142,71,83,62
37,post_landing,108,1815.0,59,143.370,497.376,-0.35335,0.53812,0.64376,-0.025142,-1.007641,0,1,3.77600,957.905,2.374,13.000,40.806,43.031,50.240,54.156,0.000,0.000,0,1,1.5385,71,142,71,83,62
37,post_landing,109,1832.0,59,143.015,498.102,-0.07414,-0.02544,0.07838,-0.002708,-1.032893,0,1,3.77600,957.905,2.374,13.000,43.046,44.764,51.966,54.196,0.000,0.000,0,3,1.5385,71,142,71,83,62
37,post_landing,110,1849.0,59,142.945,498.113,-0.05489,-0.02703,0.06118,0.008401,-1.035455,0,1,3.77600,957.905,2.374,13.000,43.046,44.767,51.968,54.198,0.000,0.000,0,3,1.5385,71,142,71,83,62
37,post_landing,111,1865.0,59,142.890,498.106,0.03067,0.01484,0.03407,0.000000,-1.027018,0,1,3.77600,957.905,2.374,13.000,43.045,44.757,51.961,54.190,0.000,0.000,0,3,1.5385,71,142,71,83,62
37,post_landing,112,1882.0,59,142.921,498.108,0.02036,0.01424,0.02484,0.000000,-1.027018,0,1,3.77600,957.905,2.374,13.000,43.045,44.757,51.961,54.190,0.000,0.000,0,3,1.5385,71,142,71,83,62
37,post_landing,113,1899.0,59,142.940,498.104,-0.00122,0.00000,0.00122,0.000000,-1.027018,0,1,3.77600,957.905,2.374,13.000,43.045,44.757,51.961,54.190,0.000,0.000,0,3,1.5385,71,142,71,83,62
37,post_landing,114,1915.0,59,142.939,498.107,0.00027,0.00000,0.00027,0.000000,-1.027018,0,1,3.77600,957.905,2.374,13.000,43.045,44.757,51.961,54.190,0.000,0.000,0,3,1.5385,71,142,71,83,62
37,post_landing,115,1932.0,59,142.939,498.107,0.00012,0.00000,0.00012,0.000000,-1.027018,0,1,3.77600,957.905,2.374,13.000,43.045,44.757,51.961,54.190,0.000,0.000,0,3,1.5385,71,142,71,83,62
37,post_landing,116,1949.0,59,142.939,498.103,0.00054,0.00000,0.00054,0.000000,-1.027018,0,1,3.77600,957.905,2.374,13.000,43.045,44.757,51.961,54.190,0.000,0.000,0,3,1.5385,71,142,71,83,62
37,post_landing,117,1965.0,59,142.940,498.107,-0.00038,0.00000,0.00038,0.000000,-1.027018,0,1,3.77600,957.905,2.374,13.000,43.045,44.757,51.961,54.190,0.000,0.000,0,3,1.5385,71,142,71,83,62
37,post_landing,118,1982.0,59,142.939,498.107,-0.00013,0.00000,0.00013,0.000000,-1.027018,0,1,3.77600,957.905,2.374,13.000,43.045,44.757,51.961,54.190,0.000,0.000,0,3,1.5385,71,142,71,83,62
