piece,phase,frame,time_ms,landing_frame,x,y,velocity_x,velocity_y,speed,angular_velocity,angle,sleeping,ground_contact,mass,inertia,com_offset_px,footprint_width_px,bottom_width_1px,bottom_width_2px,bottom_width_4px,bottom_width_8px,contact_width_px,contact_center_offset_px,contact_points,contact_parts,aspect_ratio,physics_parts,triangles,regions,raw_regions,contour_vertices
1,falling,0,1.0,,195.000,97.029,0.00000,0.55000,0.55000,0.000000,0.000000,0,0,4.34800,1775.255,7.415,3.000,3.000,11.000,12.000,12.000,0.000,0.000,0,0,1.0110,88,176,88,91,83
1,falling,1,14.0,,195.000,97.565,0.00000,0.74406,0.74406,0.000000,0.000000,0,0,4.34800,1775.255,7.415,3.000,3.000,11.000,12.000,12.000,0.000,0.000,0,0,1.0110,88,176,88,91,83
1,falling,2,16.0,,195.000,97.707,0.00000,0.79205,0.79205,0.000000,0.000000,0,0,4.34800,1775.255,7.415,3.000,3.000,11.000,12.000,12.000,0.000,0.000,0,0,1.0110,88,176,88,91,83
1,falling,3,31.0,,195.000,98.636,0.00000,1.03136,1.03136,0.000000,0.000000,0,0,4.34800,1775.255,7.415,3.000,3.000,11.000,12.000,12.000,0.000,0.000,0,0,1.0110,88,176,88,91,83
1,falling,4,48.0,,195.000,99.960,0.00000,1.29891,1.29891,0.000000,0.000000,0,0,4.34800,1775.255,7.415,3.000,3.000,11.000,12.000,12.000,0.000,0.000,0,0,1.0110,88,176,88,91,83
1,falling,5,65.0,,195.000,101.554,0.00000,1.56237,1.56237,0.000000,0.000000,0,0,4.34800,1775.255,7.415,3.000,3.000,11.000,12.000,12.000,0.000,0.000,0,0,1.0110,88,176,88,91,83
1,falling,6,81.0,,195.000,103.288,0.00000,1.80654,1.80654,0.000000,0.000000,0,0,4.34800,1775.255,7.415,3.000,3.000,11.000,12.000,12.000,0.000,0.000,0,0,1.0110,88,176,88,91,83
1,falling,7,98.0,,195.000,105.392,0.00000,2.06223,2.06223,0.000000,0.000000,0,0,4.34800,1775.255,7.415,3.000,3.000,11.000,12.000,12.000,0.000,0.000,0,0,1.0110,88,176,88,91,83
1,falling,8,115.0,,195.000,107.752,0.00000,2.31401,2.31401,0.000000,0.000000,0,0,4.34800,1775.255,7.415,3.000,3.000,11.000,12.000,12.000,0.000,0.000,0,0,1.0110,88,176,88,91,83
1,falling,9,131.0,,195.000,110.198,0.00000,2.54736,2.54736,0.000000,0.000000,0,0,4.34800,1775.255,7.415,3.000,3.000,11.000,12.000,12.000,0.000,0.000,0,0,1.0110,88,176,88,91,83
1,falling,10,148.0,,195.000,113.045,0.00000,2.79172,2.79172,0.000000,0.000000,0,0,4.34800,1775.255,7.415,3.000,3.000,11.000,12.000,12.000,0.000,0.000,0,0,1.0110,88,176,88,91,83
1,falling,11,165.0,,195.000,116.138,0.00000,3.03234,3.03234,0.000000,0.000000,0,0,4.34800,1775.255,7.415,3.000,3.000,11.000,12.000,12.000,0.000,0.000,0,0,1.0110,88,176,88,91,83
1,falling,12,181.0,,195.000,119.263,0.00000,3.25534,3.25534,0.000000,0.000000,0,0,4.34800,1775.255,7.415,3.000,3.000,11.000,12.000,12.000,0.000,0.000,0,0,1.0110,88,176,88,91,83
1,falling,13,198.0,,195.000,122.822,0.00000,3.48887,3.48887,0.000000,0.000000,0,0,4.34800,1775.255,7.415,3.000,3.000,11.000,12.000,12.000,0.000,0.000,0,0,1.0110,88,176,88,91,83
1,falling,14,215.0,,195.000,126.615,0.00000,3.71882,3.71882,0.000000,0.000000,0,0,4.34800,1775.255,7.415,3.000,3.000,11.000,12.000,12.000,0.000,0.000,0,0,1.0110,88,176,88,91,83
1,falling,15,231.0,,195.000,130.390,0.00000,3.93194,3.93194,0.000000,0.000000,0,0,4.34800,1775.255,7.415,3.000,3.000,11.000,12.000,12.000,0.000,0.000,0,0,1.0110,88,176,88,91,83
1,falling,16,248.0,,195.000,134.628,0.00000,4.15511,4.15511,0.000000,0.000000,0,0,4.34800,1775.255,7.415,3.000,3.000,11.000,12.000,12.000,0.000,0.000,0,0,1.0110,88,176,88,91,83
1,falling,17,265.0,,195.000,139.090,0.00000,4.37487,4.37487,0.000000,0.000000,0,0,4.34800,1775.255,7.415,3.000,3.000,11.000,12.000,12.000,0.000,0.000,0,0,1.0110,88,176,88,91,83
1,falling,18,281.0,,195.000,143.486,0.00000,4.57854,4.57854,0.000000,0.000000,0,0,4.34800,1775.255,7.415,3.000,3.000,11.000,12.000,12.000,0.000,0.000,0,0,1.0110,88,176,88,91,83
1,falling,19,298.0,,195.000,148.373,0.00000,4.79182,4.79182,0.000000,0.000000,0,0,4.34800,1775.255,7.415,3.000,3.000,11.000,12.000,12.000,0.000,0.000,0,0,1.0110,88,176,88,91,83
1,falling,20,315.0,,195.000,153.475,0.00000,5.00184,5.00184,0.000000,0.000000,0,0,4.34800,1775.255,7.415,3.000,3.000,11.000,12.000,12.000,0.000,0.000,0,0,1.0110,88,176,88,91,83
1,falling,21,332.0,,195.000,158.464,0.00000,5.19648,5.19648,0.000000,0.000000,0,0,4.34800,1775.255,7.415,3.000,3.000,11.000,12.000,12.000,0.000,0.000,0,0,1.0110,88,176,88,91,83
1,falling,22,348.0,,195.000,163.972,0.00000,5.40031,5.40031,0.000000,0.000000,0,0,4.34800,1775.255,7.415,3.000,3.000,11.000,12.000,12.000,0.000,0.000,0,0,1.0110,88,176,88,91,83
1,falling,23,365.0,,195.000,169.685,0.00000,5.60102,5.60102,0.000000,0.000000,0,0,4.34800,1775.255,7.415,3.000,3.000,11.000,12.000,12.000,0.000,0.000,0,0,1.0110,88,176,88,91,83
1,falling,24,382.0,,195.000,175.241,0.00000,5.78703,5.78703,0.000000,0.000000,0,0,4.34800,1775.255,7.415,3.000,3.000,11.000,12.000,12.000,0.000,0.000,0,0,1.0110,88,176,88,91,83
1,falling,25,398.0,,195.000,181.342,0.00000,5.98182,5.98182,0.000000,0.000000,0,0,4.34800,1775.255,7.415,3.000,3.000,11.000,12.000,12.000,0.000,0.000,0,0,1.0110,88,176,88,91,83
1,falling,26,415.0,,195.000,187.639,0.00000,6.17363,6.17363,0.000000,0.000000,0,0,4.34800,1775.255,7.415,3.000,3.000,11.000,12.000,12.000,0.000,0.000,0,0,1.0110,88,176,88,91,83
1,falling,27,432.0,,195.000,193.737,0.00000,6.35140,6.35140,0.000000,0.000000,0,0,4.34800,1775.255,7.415,3.000,3.000,11.000,12.000,12.000,0.000,0.000,0,0,1.0110,88,176,88,91,83
1,falling,28,448.0,,195.000,200.405,0.00000,6.53755,6.53755,0.000000,0.000000,0,0,4.34800,1775.255,7.415,3.000,3.000,11.000,12.000,12.000,0.000,0.000,0,0,1.0110,88,176,88,91,83
1,falling,29,465.0,,195.000,207.260,0.00000,6.72086,6.72086,0.000000,0.000000,0,0,4.34800,1775.255,7.415,3.000,3.000,11.000,12.000,12.000,0.000,0.000,0,0,1.0110,88,176,88,91,83
1,falling,30,482.0,,195.000,213.875,0.00000,6.89075,6.89075,0.000000,0.000000,0,0,4.34800,1775.255,7.415,3.000,3.000,11.000,12.000,12.000,0.000,0.000,0,0,1.0110,88,176,88,91,83
1,falling,31,498.0,,195.000,221.085,0.00000,7.06865,7.06865,0.000000,0.000000,0,0,4.34800,1775.255,7.415,3.000,3.000,11.000,12.000,12.000,0.000,0.000,0,0,1.0110,88,176,88,91,83
1,falling,32,515.0,,195.000,228.474,0.00000,7.24384,7.24384,0.000000,0.000000,0,0,4.34800,1775.255,7.415,3.000,3.000,11.000,12.000,12.000,0.000,0.000,0,0,1.0110,88,176,88,91,83
1,falling,33,532.0,,195.000,235.584,0.00000,7.40619,7.40619,0.000000,0.000000,0,0,4.34800,1775.255,7.415,3.000,3.000,11.000,12.000,12.000,0.000,0.000,0,0,1.0110,88,176,88,91,83
1,falling,34,548.0,,195.000,243.312,0.00000,7.57621,7.57621,0.000000,0.000000,0,0,4.34800,1775.255,7.415,3.000,3.000,11.000,12.000,12.000,0.000,0.000,0,0,1.0110,88,176,88,91,83
1,falling,35,565.0,,195.000,251.210,0.00000,7.74363,7.74363,0.000000,0.000000,0,0,4.34800,1775.255,7.415,3.000,3.000,11.000,12.000,12.000,0.000,0.000,0,0,1.0110,88,176,88,91,83
1,falling,36,582.0,,195.000,258.793,0.00000,7.89879,7.89879,0.000000,0.000000,0,0,4.34800,1775.255,7.415,3.000,3.000,11.000,12.000,12.000,0.000,0.000,0,0,1.0110,88,176,88,91,83
1,falling,37,598.0,,195.000,267.016,0.00000,8.06127,8.06127,0.000000,0.000000,0,0,4.34800,1775.255,7.415,3.000,3.000,11.000,12.000,12.000,0.000,0.000,0,0,1.0110,88,176,88,91,83
1,falling,38,615.0,,195.000,275.401,0.00000,8.22126,8.22126,0.000000,0.000000,0,0,4.34800,1775.255,7.415,3.000,3.000,11.000,12.000,12.000,0.000,0.000,0,0,1.0110,88,176,88,91,83
1,falling,39,632.0,,195.000,283.436,0.00000,8.36954,8.36954,0.000000,0.000000,0,0,4.34800,1775.255,7.415,3.000,3.000,11.000,12.000,12.000,0.000,0.000,0,0,1.0110,88,176,88,91,83
1,falling,40,648.0,,195.000,292.131,0.00000,8.52482,8.52482,0.000000,0.000000,0,0,4.34800,1775.255,7.415,3.000,3.000,11.000,12.000,12.000,0.000,0.000,0,0,1.0110,88,176,88,91,83
1,falling,41,665.0,,195.000,300.983,0.00000,8.67773,8.67773,0.000000,0.000000,0,0,4.34800,1775.255,7.415,3.000,3.000,11.000,12.000,12.000,0.000,0.000,0,0,1.0110,88,176,88,91,83
1,falling,42,682.0,,195.000,309.449,0.00000,8.81943,8.81943,0.000000,0.000000,0,0,4.34800,1775.255,7.415,3.000,3.000,11.000,12.000,12.000,0.000,0.000,0,0,1.0110,88,176,88,91,83
1,falling,43,699.0,,195.000,318.596,0.00000,8.96783,8.96783,0.000000,0.000000,0,0,4.34800,1775.255,7.415,3.000,3.000,11.000,12.000,12.000,0.000,0.000,0,0,1.0110,88,176,88,91,83
1,falling,44,715.0,,195.000,327.893,0.00000,9.11396,9.11396,0.000000,0.000000,0,0,4.34800,1775.255,7.415,3.000,3.000,11.000,12.000,12.000,0.000,0.000,0,0,1.0110,88,176,88,91,83
1,falling,45,732.0,,195.000,336.772,0.00000,9.24938,9.24938,0.000000,0.000000,0,0,4.34800,1775.255,7.415,3.000,3.000,11.000,12.000,12.000,0.000,0.000,0,0,1.0110,88,176,88,91,83
1,falling,46,748.0,,195.000,346.351,0.00000,9.39120,9.39120,0.000000,0.000000,0,0,4.34800,1775.255,7.415,3.000,3.000,11.000,12.000,12.000,0.000,0.000,0,0,1.0110,88,176,88,91,83
1,falling,47,765.0,,195.000,356.073,0.00000,9.53085,9.53085,0.000000,0.000000,0,0,4.34800,1775.255,7.415,3.000,3.000,11.000,12.000,12.000,0.000,0.000,0,0,1.0110,88,176,88,91,83
1,falling,48,782.0,,195.000,365.934,0.00000,9.66836,9.66836,0.000000,0.000000,0,0,4.34800,1775.255,7.415,3.000,3.000,11.000,12.000,12.000,0.000,0.000,0,0,1.0110,88,176,88,91,83
1,falling,49,799.0,,195.000,375.338,0.00000,9.79580,9.79580,0.000000,0.000000,0,0,4.34800,1775.255,7.415,3.000,3.000,11.000,12.000,12.000,0.000,0.000,0,0,1.0110,88,176,88,91,83
1,falling,50,815.0,,195.000,385.466,0.00000,9.92926,9.92926,0.000000,0.000000,0,0,4.34800,1775.255,7.415,3.000,3.000,11.000,12.000,12.000,0.000,0.000,0,0,1.0110,88,176,88,91,83
1,falling,51,832.0,,195.000,395.728,0.00000,10.06067,10.06067,0.000000,0.000000,0,0,4.34800,1775.255,7.415,3.000,3.000,11.000,12.000,12.000,0.000,0.000,0,0,1.0110,88,176,88,91,83
1,falling,52,849.0,,195.000,405.503,0.00000,10.18247,10.18247,0.000000,0.000000,0,0,4.34800,1775.255,7.415,3.000,3.000,11.000,12.000,12.000,0.000,0.000,0,0,1.0110,88,176,88,91,83
1,falling,53,865.0,,195.000,416.019,0.00000,10.31001,10.31001,0.000000,0.000000,0,0,4.34800,1775.255,7.415,3.000,3.000,11.000,12.000,12.000,0.000,0.000,0,0,1.0110,88,176,88,91,83
1,falling,54,882.0,,195.000,426.664,0.00000,10.43560,10.43560,0.000000,0.000000,0,0,4.34800,1775.255,7.415,3.000,3.000,11.000,12.000,12.000,0.000,0.000,0,0,1.0110,88,176,88,91,83
1,falling,55,898.0,,195.000,436.794,0.00000,10.55199,10.55199,0.000000,0.000000,0,0,4.34800,1775.255,7.415,3.000,3.000,11.000,12.000,12.000,0.000,0.000,0,0,1.0110,88,176,88,91,83
1,falling,56,915.0,,195.000,447.681,0.00000,10.67388,10.67388,0.000000,0.000000,0,0,4.34800,1775.255,7.415,3.000,3.000,11.000,12.000,12.000,0.000,0.000,0,0,1.0110,88,176,88,91,83
1,falling,57,932.0,,195.000,458.691,0.00000,10.79390,10.79390,0.000000,0.000000,0,0,4.34800,1775.255,7.415,3.000,3.000,11.000,12.000,12.000,0.000,0.000,0,0,1.0110,88,176,88,91,83
1,falling,58,949.0,,195.000,469.160,0.00000,10.90514,10.90514,0.000000,0.000000,0,0,4.34800,1775.255,7.415,3.000,3.000,11.000,12.000,12.000,0.000,0.000,0,0,1.0110,88,176,88,91,83
1,post_landing,59,965.0,59,195.000,475.121,0.46869,-0.15216,0.49277,-0.023800,0.000000,0,1,4.34800,1775.255,7.415,3.000,3.000,11.000,12.000,12.000,0.000,0.000,0,9,1.0110,88,176,88,91,83
1,post_landing,60,982.0,59,195.471,474.079,-0.28548,-0.01841,0.28607,0.027231,-0.023904,0,1,4.34800,1775.255,7.415,3.000,2.023,6.022,12.020,12.116,0.000,0.000,0,5,1.0110,88,176,88,91,83
1,post_landing,61,999.0,59,195.201,473.175,0.33168,0.00000,0.33168,-0.018453,0.001861,0,1,4.34800,1775.255,7.415,3.000,2.002,8.002,12.004,12.011,0.000,0.000,0,2,1.0110,88,176,88,91,83
1,post_landing,62,1015.0,59,195.534,472.662,0.47763,0.00000,0.47763,-0.016652,-0.016672,0,1,4.34800,1775.255,7.415,3.000,2.016,6.016,12.015,12.082,0.000,0.000,0,1,1.0110,88,176,88,91,83
1,post_landing,63,1032.0,59,196.014,472.661,-0.09366,0.00000,0.09366,0.021263,-0.033398,0,1,4.34800,1775.255,7.415,3.000,2.032,6.030,12.027,12.160,0.000,0.000,0,1,1.0110,88,176,88,91,83
1,post_landing,64,1049.0,59,195.925,472.662,0.29533,0.00000,0.29533,-0.011406,-0.013279,0,1,4.34800,1775.255,7.415,3.000,2.013,6.013,12.012,12.065,0.000,0.000,0,1,1.0110,88,176,88,91,83
1,post_landing,65,1065.0,59,196.222,472.660,-0.16560,0.00000,0.16560,0.034175,-0.024734,0,1,4.34800,1775.255,7.415,3.000,2.024,6.023,12.021,12.120,0.000,0.000,0,1,1.0110,88,176,88,91,83
1,post_landing,66,1082.0,59,196.055,472.682,0.33957,0.03862,0.34176,-0.021722,0.009591,0,1,4.34800,1775.255,7.415,3.000,2.009,8.009,12.019,12.057,0.000,0.000,0,1,1.0110,88,176,88,91,83
1,post_landing,67,1099.0,59,196.376,472.664,0.41783,0.00000,0.41783,-0.026778,-0.010962,0,1,4.34800,1775.255,7.415,3.000,2.011,6.011,12.010,12.054,0.000,0.000,0,1,1.0110,88,176,88,91,83
1,post_landing,68,1115.0,59,196.796,472.663,0.48390,-0.01610,0.48417,-0.030791,-0.037858,0,1,4.34800,1775.255,7.415,3.000,2.036,6.034,12.029,12.181,0.000,0.000,0,1,1.0110,88,176,88,91,83
1,post_landing,69,1132.0,59,197.282,472.703,-0.07442,0.06391,0.09809,0.026746,-0.068784,0,1,4.34800,1775.255,7.415,3.000,2.064,6.055,12.040,12.315,0.000,0.000,0,1,1.0110,88,176,88,91,83
1,post_landing,70,1149.0,59,197.212,472.665,0.31710,-0.02613,0.31817,-0.018400,-0.043478,0,1,4.34800,1775.255,7.415,3.000,2.042,6.038,12.032,12.206,0.000,0.000,0,1,1.0110,88,176,88,91,83
1,post_landing,71,1165.0,59,197.530,472.690,-0.05376,0.07256,0.09031,0.019280,-0.061958,0,1,4.34800,1775.255,7.415,3.000,2.058,6.050,12.039,12.287,0.000,0.000,0,1,1.0110,88,176,88,91,83
1,post_landing,72,1182.0,59,197.479,472.665,-0.11561,0.03450,0.12065,0.020561,-0.043715,0,1,4.34800,1775.255,7.415,3.000,2.042,6.038,12.032,12.207,0.000,0.000,0,1,1.0110,88,176,88,91,83
1,post_landing,73,1199.0,59,197.363,472.660,-0.16894,0.00000,0.16894,0.021729,-0.023064,0,1,4.34800,1775.255,7.415,3.000,2.023,6.021,12.020,12.112,0.000,0.000,0,1,1.0110,88,176,88,91,83
1,post_landing,74,1215.0,59,197.194,472.675,-0.21831,-0.01512,0.21883,0.023264,-0.001240,0,1,4.34800,1775.255,7.415,3.000,2.001,6.001,12.001,12.006,0.000,0.000,0,1,1.0110,88,176,88,91,83
1,post_landing,75,1232.0,59,196.987,472.691,-0.26806,-0.02648,0.26937,0.025424,0.020771,0,1,4.34800,1775.255,7.415,3.000,2.020,8.019,12.039,12.122,0.000,0.000,0,1,1.0110,88,176,88,91,83
1,post_landing,76,1249.0,59,196.718,472.742,-0.31006,-0.05097,0.31422,0.027666,0.046307,0,1,4.34800,1775.255,7.415,3.000,2.044,8.038,12.080,12.265,0.000,0.000,0,1,1.0110,88,176,88,91,83
1,post_landing,77,1265.0,59,196.406,472.831,-0.34893,-0.06171,0.35434,0.030214,0.074094,0,1,4.34800,1775.255,7.415,3.000,2.069,8.052,12.115,12.411,0.000,0.000,0,1,1.0110,88,176,88,91,83
1,post_landing,78,1282.0,59,196.056,472.971,-0.38491,-0.06332,0.39008,0.033007,0.104441,0,1,4.34800,1775.255,7.415,3.000,2.093,8.061,12.143,12.560,0.000,0.000,0,1,1.0110,88,176,88,91,83
1,post_landing,79,1299.0,59,195.692,473.159,0.13063,0.13628,0.18878,-0.021662,0.135671,0,1,4.34800,1775.255,7.415,3.000,2.117,8.062,12.160,12.701,0.000,0.000,0,1,1.0110,88,176,88,91,83
1,post_landing,80,1315.0,59,195.823,473.023,0.27668,0.12064,0.30184,-0.028561,0.113915,0,1,4.34800,1775.255,7.415,3.000,2.101,8.062,12.150,12.604,0.000,0.000,0,1,1.0110,88,176,88,91,83
1,post_landing,81,1332.0,59,196.101,472.877,0.41187,0.07583,0.41879,-0.034164,0.085228,0,1,4.34800,1775.255,7.415,3.000,2.078,8.056,12.127,12.467,0.000,0.000,0,1,1.0110,88,176,88,91,83
1,post_landing,82,1349.0,59,196.491,472.758,-0.00596,-0.07163,0.07188,0.015045,0.052903,0,1,4.34800,1775.255,7.415,3.000,2.050,8.042,12.089,12.300,0.000,0.000,0,1,1.0110,88,176,88,91,83
1,post_landing,83,1365.0,59,196.485,472.808,0.43497,0.08108,0.44246,-0.030671,0.068014,0,1,4.34800,1775.255,7.415,3.000,2.063,8.049,12.108,12.380,0.000,0.000,0,1,1.0110,88,176,88,91,83
1,post_landing,84,1382.0,59,196.921,472.721,-0.15534,-0.03371,0.15896,0.033405,0.037209,0,1,4.34800,1775.255,7.415,3.000,2.036,8.032,12.066,12.215,0.000,0.000,0,1,1.0110,88,176,88,91,83
1,post_landing,85,1399.0,59,196.774,472.809,0.29234,0.11645,0.31468,-0.016439,0.068816,0,1,4.34800,1775.255,7.415,3.000,2.064,8.050,12.109,12.384,0.000,0.000,0,1,1.0110,88,176,88,91,83
1,post_landing,86,1415.0,59,197.068,472.758,-0.08340,-0.06073,0.10317,0.025330,0.052305,0,1,4.34800,1775.255,7.415,3.000,2.050,8.041,12.088,12.297,0.000,0.000,0,1,1.0110,88,176,88,91,83
1,post_landing,87,1432.0,59,196.984,472.845,-0.17262,-0.05895,0.18241,0.031653,0.077746,0,1,4.34800,1775.255,7.415,3.000,2.072,8.054,12.119,12.430,0.000,0.000,0,1,1.0110,88,176,88,91,83
1,post_landing,88,1449.0,59,196.821,472.986,-0.13085,-0.07300,0.14983,0.025390,0.107695,0,1,4.34800,1775.255,7.415,3.000,2.096,8.061,12.145,12.575,0.000,0.000,0,1,1.0110,88,176,88,91,83
1,post_landing,89,1465.0,59,196.690,473.148,-0.09513,-0.11713,0.15089,0.022411,0.133196,0,1,4.34800,1775.255,7.415,3.000,2.115,8.062,12.159,12.691,0.000,0.000,0,1,1.0110,88,176,88,91,83
1,post_landing,90,1482.0,59,196.594,473.308,-0.17629,-0.08208,0.19446,0.030494,0.155705,0,1,4.34800,1775.255,7.415,3.000,2.131,9.201,12.320,12.785,0.000,0.000,0,1,1.0110,88,176,88,91,83
1,post_landing,91,1499.0,59,196.427,473.486,-0.17375,0.18577,0.25436,0.030054,0.184558,0,0,4.34800,1775.255,7.415,3.000,7.248,9.214,12.347,12.897,0.000,0.000,0,0,1.0110,88,176,88,91,83
1,post_landing,92,1515.0,59,196.253,473.857,0.73687,-0.55111,0.92017,-0.017946,0.214744,0,1,4.34800,1775.255,7.415,3.000,7.265,9.219,12.364,13.003,0.000,0.000,0,1,1.0110,88,176,88,91,83
1,post_landing,93,1532.0,59,196.993,473.592,0.72560,-0.25935,0.77056,-0.017672,0.196719,0,0,4.34800,1775.255,7.415,3.000,7.256,9.217,12.355,12.941,0.000,0.000,0,0,1.0110,88,176,88,91,83
1,post_landing,94,1549.0,59,197.679,473.514,0.58878,0.00000,0.58878,-0.002973,0.179999,0,1,4.34800,1775.255,7.415,3.000,7.245,9.213,12.343,12.880,0.000,0.000,0,1,1.0110,88,176,88,91,83
1,post_landing,95,1565.0,59,198.271,473.483,0.68742,0.10767,0.69580,-0.008655,0.177012,0,1,4.34800,1775.255,7.415,3.000,7.243,9.212,12.341,12.869,0.000,0.000,0,1,1.0110,88,176,88,91,83
1,post_landing,96,1582.0,59,198.961,473.409,0.74228,0.12049,0.75199,-0.008445,0.168319,0,1,4.34800,1775.255,7.415,3.000,7.236,9.208,12.333,12.836,0.000,0.000,0,1,1.0110,88,176,88,91,83
1,post_landing,97,1599.0,59,199.663,473.341,0.64878,0.14241,0.66423,-0.001380,0.160329,0,1,4.34800,1775.255,7.415,3.000,2.134,9.204,12.325,12.804,0.000,0.000,0,1,1.0110,88,176,88,91,83
1,post_landing,98,1615.0,59,200.315,473.332,0.77349,0.11645,0.78220,-0.008598,0.158943,0,1,4.34800,1775.255,7.415,3.000,2.133,9.203,12.324,12.798,0.000,0.000,0,1,1.0110,88,176,88,91,83
1,post_landing,99,1632.0,59,201.047,473.267,0.45116,0.03082,0.45221,0.012798,0.150807,0,1,4.34800,1775.255,7.415,3.000,2.128,9.198,12.315,12.765,0.000,0.000,0,1,1.0110,88,176,88,91,83
1,post_landing,100,1649.0,59,201.500,473.370,0.78709,0.06826,0.79004,-0.022154,0.163661,0,1,4.34800,1775.255,7.415,3.000,7.232,9.206,12.328,12.817,0.000,0.000,0,1,1.0110,88,176,88,91,83
1,post_landing,101,1665.0,59,202.291,473.200,0.67555,0.25912,0.72355,-0.011604,0.141410,0,1,4.34800,1775.255,7.415,3.000,2.121,9.192,12.303,12.726,0.000,0.000,0,1,1.0110,88,176,88,91,83
1,post_landing,102,1682.0,59,202.969,473.121,0.73272,0.21623,0.76396,-0.015893,0.129755,0,1,4.34800,1775.255,7.415,3.000,2.113,8.062,12.158,12.675,0.000,0.000,0,1,1.0110,88,176,88,91,83
1,post_landing,103,1699.0,59,203.662,473.026,0.79297,0.14188,0.80556,-0.019809,0.114717,0,1,4.34800,1775.255,7.415,3.000,2.101,8.062,12.150,12.608,0.000,0.000,0,1,1.0110,88,176,88,91,83
1,post_landing,104,1715.0,59,204.459,472.921,0.84141,0.13826,0.85269,-0.023264,0.094821,0,1,4.34800,1775.255,7.415,3.000,2.086,8.059,12.135,12.514,0.000,0.000,0,1,1.0110,88,176,88,91,83
1,post_landing,105,1732.0,59,205.304,472.821,0.88624,0.10285,0.89219,-0.026133,0.071455,0,1,4.34800,1775.255,7.415,3.000,2.066,8.051,12.112,12.398,0.000,0.000,0,1,1.0110,88,176,88,91,83
1,post_landing,106,1749.0,59,206.143,472.741,0.31376,-0.02909,0.31510,0.032111,0.046729,0,1,4.34800,1775.255,7.415,3.000,2.045,8.038,12.080,12.267,0.000,0.000,0,1,1.0110,88,176,88,91,83
1,post_landing,107,1765.0,59,206.458,472.850,0.17446,-0.03637,0.17821,0.038787,0.078981,0,1,4.34800,1775.255,7.415,3.000,2.073,8.054,12.120,12.436,0.000,0.000,0,1,1.0110,88,176,88,91,83
1,post_landing,108,1782.0,59,206.633,473.051,0.10203,-0.03812,0.10892,0.039209,0.117939,0,1,4.34800,1775.255,7.415,3.000,2.104,8.062,12.152,12.623,0.000,0.000,0,1,1.0110,88,176,88,91,83
1,post_landing,109,1799.0,59,206.729,473.298,0.03136,0.00000,0.03136,0.039748,0.155038,0,1,4.34800,1775.255,7.415,3.000,2.130,9.201,12.319,12.783,0.000,0.000,0,1,1.0110,88,176,88,91,83
1,post_landing,110,1816.0,59,206.761,473.608,0.03088,0.28333,0.28501,0.039140,0.194960,0,0,4.34800,1775.255,7.415,3.000,7.255,9.217,12.354,12.935,0.000,0.000,0,0,1.0110,88,176,88,91,83
1,post_landing,111,1832.0,59,206.792,474.074,0.86665,-0.46803,0.98495,-0.010173,0.234272,0,1,4.34800,1775.255,7.415,3.000,7.273,9.218,12.369,13.065,0.000,0.000,0,1,1.0110,88,176,88,91,83
1,post_landing,112,1849.0,59,207.612,473.887,0.85417,-0.19462,0.87606,-0.010026,0.224647,0,0,4.34800,1775.255,7.415,3.000,7.270,9.219,12.367,13.035,0.000,0.000,0,0,1.0110,88,176,88,91,83
1,post_landing,113,1865.0,59,208.470,473.857,0.48514,0.00000,0.48514,0.012747,0.214577,0,1,4.34800,1775.255,7.415,3.000,7.265,9.219,12.364,13.002,0.000,0.000,0,1,1.0110,88,176,88,91,83
1,post_landing,114,1882.0,59,208.929,473.986,0.25982,0.00000,0.25982,0.018270,0.226637,0,1,4.34800,1775.255,7.415,3.000,7.270,9.219,12.367,13.041,0.000,0.000,0,1,1.0110,88,176,88,91,83
1,post_landing,115,1899.0,59,209.190,474.197,0.06199,0.00000,0.06199,0.020255,0.244988,0,1,4.34800,1775.255,7.415,3.000,7.276,9.216,12.369,13.097,0.000,0.000,0,1,1.0110,88,176,88,91,83
1,post_landing,116,1915.0,59,209.252,474.448,0.74774,0.06077,0.75021,-0.025187,0.265332,0,1,4.34800,1775.255,7.415,3.000,7.279,9.210,12.367,41.569,0.000,0.000,0,1,1.0110,88,176,88,91,83
1,post_landing,117,1932.0,59,209.960,474.401,0.30125,-0.06858,0.30896,0.013051,0.241500,0,1,4.34800,1775.255,7.415,3.000,7.275,9.217,12.369,13.087,0.000,0.000,0,2,1.0110,88,176,88,91,83
1,post_landing,118,1949.0,59,210.262,474.309,-0.25830,-0.20691,0.33096,0.040702,0.254609,0,1,4.34800,1775.255,7.415,3.000,7.278,9.214,12.369,41.521,0.000,0.000,0,1,1.0110,88,176,88,91,83
2,falling,0,22.0,,195.000,97.029,0.00000,0.55000,0.55000,0.000000,0.000000,0,0,4.14400,971.803,3.723,6.000,6.000,6.000,7.000,10.000,0.000,0.000,0,0,1.3076,83,166,83,90,76
2,falling,1,25.0,,195.000,97.137,0.00000,0.59851,0.59851,0.000000,0.000000,0,0,4.14400,971.803,3.723,6.000,6.000,6.000,7.000,10.000,0.000,0.000,0,0,1.3076,83,166,83,90,76
2,falling,2,42.0,,195.000,98.027,0.00000,0.87269,0.87269,0.000000,0.000000,0,0,4.14400,971.803,3.723,6.000,6.000,6.000,7.000,10.000,0.000,0.000,0,0,1.3076,83,166,83,90,76
2,falling,3,59.0,,195.000,99.109,0.00000,1.12679,1.12679,0.000000,0.000000,0,0,4.14400,971.803,3.723,6.000,6.000,6.000,7.000,10.000,0.000,0.000,0,0,1.3076,83,166,83,90,76
2,falling,4,75.0,,195.000,100.529,0.00000,1.39288,1.39288,0.000000,0.000000,0,0,4.14400,971.803,3.723,6.000,6.000,6.000,7.000,10.000,0.000,0.000,0,0,1.3076,83,166,83,90,76
2,falling,5,92.0,,195.000,102.217,0.00000,1.65491,1.65491,0.000000,0.000000,0,0,4.14400,971.803,3.723,6.000,6.000,6.000,7.000,10.000,0.000,0.000,0,0,1.3076,83,166,83,90,76
2,falling,6,109.0,,195.000,104.039,0.00000,1.89774,1.89774,0.000000,0.000000,0,0,4.14400,971.803,3.723,6.000,6.000,6.000,7.000,10.000,0.000,0.000,0,0,1.3076,83,166,83,90,76
2,falling,7,125.0,,195.000,106.234,0.00000,2.15204,2.15204,0.000000,0.000000,0,0,4.14400,971.803,3.723,6.000,6.000,6.000,7.000,10.000,0.000,0.000,0,0,1.3076,83,166,83,90,76
2,falling,8,142.0,,195.000,108.685,0.00000,2.40245,2.40245,0.000000,0.000000,0,0,4.14400,971.803,3.723,6.000,6.000,6.000,7.000,10.000,0.000,0.000,0,0,1.3076,83,166,83,90,76
2,falling,9,159.0,,195.000,111.214,0.00000,2.63452,2.63452,0.000000,0.000000,0,0,4.14400,971.803,3.723,6.000,6.000,6.000,7.000,10.000,0.000,0.000,0,0,1.3076,83,166,83,90,76
2,falling,10,175.0,,195.000,114.149,0.00000,2.87754,2.87754,0.000000,0.000000,0,0,4.14400,971.803,3.723,6.000,6.000,6.000,7.000,10.000,0.000,0.000,0,0,1.3076,83,166,83,90,76
2,falling,11,192.0,,195.000,117.328,0.00000,3.11685,3.11685,0.000000,0.000000,0,0,4.14400,971.803,3.723,6.000,6.000,6.000,7.000,10.000,0.000,0.000,0,0,1.3076,83,166,83,90,76
2,falling,12,209.0,,195.000,120.533,0.00000,3.33864,3.33864,0.000000,0.000000,0,0,4.14400,971.803,3.723,6.000,6.000,6.000,7.000,10.000,0.000,0.000,0,0,1.3076,83,166,83,90,76
2,falling,13,225.0,,195.000,124.176,0.00000,3.57089,3.57089,0.000000,0.000000,0,0,4.14400,971.803,3.723,6.000,6.000,6.000,7.000,10.000,0.000,0.000,0,0,1.3076,83,166,83,90,76
2,falling,14,242.0,,195.000,128.051,0.00000,3.79959,3.79959,0.000000,0.000000,0,0,4.14400,971.803,3.723,6.000,6.000,6.000,7.000,10.000,0.000,0.000,0,0,1.3076,83,166,83,90,76
2,falling,15,259.0,,195.000,131.902,0.00000,4.01154,4.01154,0.000000,0.000000,0,0,4.14400,971.803,3.723,6.000,6.000,6.000,7.000,10.000,0.000,0.000,0,0,1.3076,83,166,83,90,76
2,falling,16,275.0,,195.000,136.220,0.00000,4.23350,4.23350,0.000000,0.000000,0,0,4.14400,971.803,3.723,6.000,6.000,6.000,7.000,10.000,0.000,0.000,0,0,1.3076,83,166,83,90,76
2,falling,17,292.0,,195.000,140.761,0.00000,4.45206,4.45206,0.000000,0.000000,0,0,4.14400,971.803,3.723,6.000,6.000,6.000,7.000,10.000,0.000,0.000,0,0,1.3076,83,166,83,90,76
2,falling,18,309.0,,195.000,145.522,0.00000,4.66727,4.66727,0.000000,0.000000,0,0,4.14400,971.803,3.723,6.000,6.000,6.000,7.000,10.000,0.000,0.000,0,0,1.3076,83,166,83,90,76
2,falling,19,325.0,,195.000,150.194,0.00000,4.86673,4.86673,0.000000,0.000000,0,0,4.14400,971.803,3.723,6.000,6.000,6.000,7.000,10.000,0.000,0.000,0,0,1.3076,83,166,83,90,76
2,falling,20,342.0,,195.000,155.371,0.00000,5.07560,5.07560,0.000000,0.000000,0,0,4.14400,971.803,3.723,6.000,6.000,6.000,7.000,10.000,0.000,0.000,0,0,1.3076,83,166,83,90,76
2,falling,21,359.0,,195.000,160.758,0.00000,5.28128,5.28128,0.000000,0.000000,0,0,4.14400,971.803,3.723,6.000,6.000,6.000,7.000,10.000,0.000,0.000,0,0,1.3076,83,166,83,90,76
2,falling,22,376.0,,195.000,166.011,0.00000,5.47190,5.47190,0.000000,0.000000,0,0,4.14400,971.803,3.723,6.000,6.000,6.000,7.000,10.000,0.000,0.000,0,0,1.3076,83,166,83,90,76
2,falling,23,392.0,,195.000,171.796,0.00000,5.67151,5.67151,0.000000,0.000000,0,0,4.14400,971.803,3.723,6.000,6.000,6.000,7.000,10.000,0.000,0.000,0,0,1.3076,83,166,83,90,76
2,falling,24,409.0,,195.000,177.782,0.00000,5.86807,5.86807,0.000000,0.000000,0,0,4.14400,971.803,3.723,6.000,6.000,6.000,7.000,10.000,0.000,0.000,0,0,1.3076,83,166,83,90,76
2,falling,25,425.0,,195.000,183.590,0.00000,6.05024,6.05024,0.000000,0.000000,0,0,4.14400,971.803,3.723,6.000,6.000,6.000,7.000,10.000,0.000,0.000,0,0,1.3076,83,166,83,90,76
2,falling,26,442.0,,195.000,189.956,0.00000,6.24100,6.24100,0.000000,0.000000,0,0,4.14400,971.803,3.723,6.000,6.000,6.000,7.000,10.000,0.000,0.000,0,0,1.3076,83,166,83,90,76
2,falling,27,459.0,,195.000,196.513,0.00000,6.42885,6.42885,0.000000,0.000000,0,0,4.14400,971.803,3.723,6.000,6.000,6.000,7.000,10.000,0.000,0.000,0,0,1.3076,83,166,83,90,76
2,falling,28,476.0,,195.000,202.852,0.00000,6.60294,6.60294,0.000000,0.000000,0,0,4.14400,971.803,3.723,6.000,6.000,6.000,7.000,10.000,0.000,0.000,0,0,1.3076,83,166,83,90,76
2,falling,29,492.0,,195.000,209.773,0.00000,6.78525,6.78525,0.000000,0.000000,0,0,4.14400,971.803,3.723,6.000,6.000,6.000,7.000,10.000,0.000,0.000,0,0,1.3076,83,166,83,90,76
2,falling,30,509.0,,195.000,216.877,0.00000,6.96476,6.96476,0.000000,0.000000,0,0,4.14400,971.803,3.723,6.000,6.000,6.000,7.000,9.000,0.000,0.000,0,0,1.3076,83,166,83,90,76
2,falling,31,526.0,,195.000,223.723,0.00000,7.13114,7.13114,0.000000,0.000000,0,0,4.14400,971.803,3.723,6.000,6.000,6.000,7.000,9.000,0.000,0.000,0,0,1.3076,83,166,83,90,76
2,falling,32,542.0,,195.000,231.174,0.00000,7.30537,7.30537,0.000000,0.000000,0,0,4.14400,971.803,3.723,6.000,6.000,6.000,7.000,9.000,0.000,0.000,0,0,1.3076,83,166,83,90,76
2,falling,33,559.0,,195.000,238.801,0.00000,7.47693,7.47693,0.000000,0.000000,0,0,4.14400,971.803,3.723,6.000,6.000,6.000,7.000,9.000,0.000,0.000,0,0,1.3076,83,166,83,90,76
2,falling,34,576.0,,195.000,246.131,0.00000,7.63593,7.63593,0.000000,0.000000,0,0,4.14400,971.803,3.723,6.000,6.000,6.000,7.000,9.000,0.000,0.000,0,0,1.3076,83,166,83,90,76
2,falling,35,592.0,,195.000,254.090,0.00000,7.80243,7.80243,0.000000,0.000000,0,0,4.14400,971.803,3.723,6.000,6.000,6.000,7.000,9.000,0.000,0.000,0,0,1.3076,83,166,83,90,76
2,falling,36,609.0,,195.000,261.728,0.00000,7.95674,7.95674,0.000000,0.000000,0,0,4.14400,971.803,3.723,6.000,6.000,6.000,7.000,9.000,0.000,0.000,0,0,1.3076,83,166,83,90,76
2,falling,37,625.0,,195.000,270.009,0.00000,8.11834,8.11834,0.000000,0.000000,0,0,4.14400,971.803,3.723,6.000,6.000,6.000,7.000,9.000,0.000,0.000,0,0,1.3076,83,166,83,90,76
2,falling,38,642.0,,195.000,278.452,0.00000,8.27746,8.27746,0.000000,0.000000,0,0,4.14400,971.803,3.723,6.000,6.000,6.000,7.000,9.000,0.000,0.000,0,0,1.3076,83,166,83,90,76
2,falling,39,659.0,,195.000,286.540,0.00000,8.42493,8.42493,0.000000,0.000000,0,0,4.14400,971.803,3.723,6.000,6.000,6.000,7.000,9.000,0.000,0.000,0,0,1.3076,83,166,83,90,76
2,falling,40,675.0,,195.000,295.291,0.00000,8.57936,8.57936,0.000000,0.000000,0,0,4.14400,971.803,3.723,6.000,6.000,6.000,7.000,9.000,0.000,0.000,0,0,1.3076,83,166,83,90,76
2,falling,41,692.0,,195.000,304.197,0.00000,8.73143,8.73143,0.000000,0.000000,0,0,4.14400,971.803,3.723,6.000,6.000,6.000,7.000,9.000,0.000,0.000,0,0,1.3076,83,166,83,90,76
2,falling,42,709.0,,195.000,312.714,0.00000,8.87237,8.87237,0.000000,0.000000,0,0,4.14400,971.803,3.723,6.000,6.000,6.000,7.000,9.000,0.000,0.000,0,0,1.3076,83,166,83,90,76
2,falling,43,725.0,,195.000,321.915,0.00000,9.01995,9.01995,0.000000,0.000000,0,0,4.14400,971.803,3.723,6.000,6.000,6.000,7.000,9.000,0.000,0.000,0,0,1.3076,83,166,83,90,76
2,falling,44,742.0,,195.000,331.263,0.00000,9.16528,9.16528,0.000000,0.000000,0,0,4.14400,971.803,3.723,6.000,6.000,6.000,7.000,9.000,0.000,0.000,0,0,1.3076,83,166,83,90,76
2,falling,45,759.0,,195.000,340.191,0.00000,9.29997,9.29997,0.000000,0.000000,0,0,4.14400,971.803,3.723,6.000,6.000,6.000,7.000,9.000,0.000,0.000,0,0,1.3076,83,166,83,90,76
2,falling,46,775.0,,195.000,349.821,0.00000,9.44101,9.44101,0.000000,0.000000,0,0,4.14400,971.803,3.723,6.000,6.000,6.000,7.000,9.000,0.000,0.000,0,0,1.3076,83,166,83,90,76
2,falling,47,792.0,,195.000,359.593,0.00000,9.57990,9.57990,0.000000,0.000000,0,0,4.14400,971.803,3.723,6.000,6.000,6.000,7.000,9.000,0.000,0.000,0,0,1.3076,83,166,83,90,76
2,falling,48,809.0,,195.000,368.913,0.00000,9.70861,9.70861,0.000000,0.000000,0,0,4.14400,971.803,3.723,6.000,6.000,6.000,7.000,9.000,0.000,0.000,0,0,1.3076,83,166,83,90,76
2,falling,49,825.0,,195.000,378.953,0.00000,9.84340,9.84340,0.000000,0.000000,0,0,4.14400,971.803,3.723,6.000,6.000,6.000,7.000,9.000,0.000,0.000,0,0,1.3076,83,166,83,90,76
2,falling,50,842.0,,195.000,389.129,0.00000,9.97613,9.97613,0.000000,0.000000,0,0,4.14400,971.803,3.723,6.000,6.000,6.000,7.000,9.000,0.000,0.000,0,0,1.3076,83,166,83,90,76
2,falling,51,859.0,,195.000,399.438,0.00000,10.10683,10.10683,0.000000,0.000000,0,0,4.14400,971.803,3.723,6.000,6.000,6.000,7.000,9.000,0.000,0.000,0,0,1.3076,83,166,83,90,76
2,falling,52,875.0,,195.000,409.257,0.00000,10.22796,10.22796,0.000000,0.000000,0,0,4.14400,971.803,3.723,6.000,6.000,6.000,7.000,9.000,0.000,0.000,0,0,1.3076,83,166,83,90,76
2,falling,53,892.0,,195.000,419.818,0.00000,10.35481,10.35481,0.000000,0.000000,0,0,4.14400,971.803,3.723,6.000,6.000,6.000,7.000,9.000,0.000,0.000,0,0,1.3076,83,166,83,90,76
2,falling,54,909.0,,195.000,430.508,0.00000,10.47971,10.47971,0.000000,0.000000,0,0,4.14400,971.803,3.723,6.000,6.000,6.000,7.000,9.000,0.000,0.000,0,0,1.3076,83,166,83,90,76
2,falling,55,925.0,,195.000,440.679,0.00000,10.59547,10.59547,0.000000,0.000000,0,0,4.14400,971.803,3.723,6.000,6.000,6.000,7.000,9.000,0.000,0.000,0,0,1.3076,83,166,83,90,76
2,falling,56,942.0,,195.000,451.610,0.00000,10.71669,10.71669,0.000000,0.000000,0,0,4.14400,971.803,3.723,6.000,6.000,6.000,7.000,9.000,0.000,0.000,0,0,1.3076,83,166,83,90,76
2,falling,57,959.0,,195.000,462.663,0.00000,10.83606,10.83606,0.000000,0.000000,0,0,4.14400,971.803,3.723,6.000,6.000,6.000,7.000,9.000,0.000,0.000,0,0,1.3076,83,166,83,90,76
2,falling,58,975.0,,195.000,473.172,0.00000,10.94669,10.94669,0.000000,0.000000,0,0,4.14400,971.803,3.723,6.000,6.000,6.000,7.000,9.000,0.000,0.000,0,0,1.3076,83,166,83,90,76
2,post_landing,59,992.0,59,195.000,480.605,0.68026,-0.10033,0.68762,0.069893,0.000000,0,1,4.14400,971.803,3.723,6.000,6.000,6.000,7.000,9.000,0.000,0.000,0,6,1.3076,83,166,83,90,76
2,post_landing,60,1009.0,59,195.644,478.104,1.39747,-0.33633,1.43737,-0.027253,0.066131,0,1,4.14400,971.803,3.723,6.000,5.055,5.987,6.185,8.782,0.000,0.000,0,3,1.3076,83,166,83,90,76
2,post_landing,61,1025.0,59,197.047,476.917,1.20255,-0.16273,1.21351,-0.006330,0.038759,0,1,4.14400,971.803,3.723,6.000,5.035,5.995,6.112,8.877,0.000,0.000,0,2,1.3076,83,166,83,90,76
2,post_landing,62,1042.0,59,198.255,476.449,1.11310,0.04161,1.11388,-0.002593,0.032401,0,1,4.14400,971.803,3.723,6.000,5.030,5.997,6.094,8.898,0.000,0.000,0,1,1.3076,83,166,83,90,76
2,post_landing,63,1059.0,59,199.308,476.444,1.03125,0.03704,1.03191,0.000000,0.029948,0,1,4.14400,971.803,3.723,6.000,5.028,5.997,6.087,8.906,0.000,0.000,0,1,1.3076,83,166,83,90,76
2,post_landing,64,1075.0,59,200.344,476.446,1.03000,0.03880,1.03073,-0.006045,0.029948,0,1,4.14400,971.803,3.723,6.000,5.028,5.997,6.087,8.906,0.000,0.000,0,1,1.3076,83,166,83,90,76
2,post_landing,65,1092.0,59,201.379,476.442,0.95339,0.05764,0.95513,-0.004101,0.023876,0,1,4.14400,971.803,3.723,6.000,5.022,5.998,6.070,8.926,0.000,0.000,0,1,1.3076,83,166,83,90,76
2,post_landing,66,1109.0,59,202.281,476.437,0.88328,0.03791,0.88409,-0.002708,0.019996,0,1,4.14400,971.803,3.723,6.000,5.019,5.999,6.059,8.938,0.000,0.000,0,1,1.3076,83,166,83,90,76
2,post_landing,67,1125.0,59,203.168,476.438,0.90253,0.04447,0.90363,-0.015165,0.017276,0,1,4.14400,971.803,3.723,6.000,5.017,5.999,6.051,8.947,0.000,0.000,0,1,1.3076,83,166,83,90,76
2,post_landing,68,1142.0,59,204.074,476.438,0.83540,0.00000,0.83540,-0.011993,0.002045,0,1,4.14400,971.803,3.723,6.000,5.002,6.000,6.006,8.994,0.000,0.000,0,1,1.3076,83,166,83,90,76
2,post_landing,69,1159.0,59,204.913,476.415,0.77326,-0.02754,0.77375,-0.010157,-0.010001,0,1,4.14400,971.803,3.723,6.000,4.010,6.000,7.030,10.070,0.000,0.000,0,1,1.3076,83,166,83,90,76
2,post_landing,70,1175.0,59,205.645,476.394,0.71640,-0.03674,0.71734,-0.009113,-0.019611,0,1,4.14400,971.803,3.723,6.000,4.019,5.999,7.057,10.135,0.000,0.000,0,1,1.3076,83,166,83,90,76
2,post_landing,71,1192.0,59,206.365,476.382,0.66311,-0.05599,0.66547,-0.008960,-0.028764,0,1,4.14400,971.803,3.723,6.000,4.027,5.998,7.083,10.197,0.000,0.000,0,1,1.3076,83,166,83,90,76
2,post_landing,72,1209.0,59,207.031,476.372,0.61379,-0.06877,0.61763,-0.009338,-0.037764,0,1,4.14400,971.803,3.723,6.000,4.035,5.996,7.108,10.257,0.000,0.000,0,1,1.3076,83,166,83,90,76
2,post_landing,73,1225.0,59,207.611,476.364,0.56865,-0.06949,0.57288,-0.009866,-0.046599,0,1,4.14400,971.803,3.723,6.000,4.042,5.993,7.132,10.315,0.000,0.000,0,1,1.3076,83,166,83,90,76
2,post_landing,74,1242.0,59,208.183,476.363,0.53110,-0.08976,0.53863,-0.012006,-0.056509,0,1,4.14400,971.803,3.723,6.000,4.050,5.990,7.158,10.379,0.000,0.000,0,1,1.3076,83,166,83,90,76
2,post_landing,75,1259.0,59,208.685,476.363,0.49204,-0.08683,0.49964,-0.013065,-0.067869,0,1,4.14400,971.803,3.723,6.000,4.059,5.986,7.187,10.452,0.000,0.000,0,1,1.3076,83,166,83,90,76
2,post_landing,76,1275.0,59,209.179,476.388,0.65344,-0.03065,0.65416,-0.042198,-0.080991,0,1,4.14400,971.803,3.723,6.000,4.068,5.980,7.220,10.534,0.000,0.000,0,1,1.3076,83,166,83,90,76
2,post_landing,77,1292.0,59,209.836,476.471,0.59584,-0.09614,0.60354,-0.035141,-0.123374,0,1,4.14400,971.803,3.723,6.000,4.093,5.954,7.316,10.785,0.000,0.000,0,1,1.3076,83,166,83,90,76
2,post_landing,78,1309.0,59,210.434,476.594,0.55152,-0.14023,0.56907,-0.033613,-0.158670,0,1,4.14400,971.803,3.723,6.000,4.108,5.925,7.386,10.980,0.000,0.000,0,1,1.3076,83,166,83,90,76
2,post_landing,79,1325.0,59,210.956,476.750,0.51096,-0.13282,0.52794,-0.033099,-0.190474,0,1,4.14400,971.803,3.723,6.000,4.117,5.891,7.441,11.334,0.000,0.000,0,1,1.3076,83,166,83,90,76
2,post_landing,80,1342.0,59,211.469,476.931,0.50314,0.15255,0.52576,-0.032593,-0.223719,0,0,4.14400,971.803,3.723,6.000,4.122,4.122,7.491,11.526,0.000,0.000,0,0,1.3076,83,166,83,90,76
2,post_landing,81,1359.0,59,211.974,477.250,0.46572,-0.11631,0.48002,-0.023654,-0.256455,0,1,4.14400,971.803,3.723,6.000,4.123,4.123,7.532,11.702,0.000,0.000,0,1,1.3076,83,166,83,90,76
2,post_landing,82,1376.0,59,212.415,477.396,0.45901,0.15203,0.48353,-0.023313,-0.278836,0,0,4.14400,971.803,3.723,6.000,4.121,4.121,8.792,13.052,0.000,0.000,0,0,1.3076,83,166,83,90,76
2,post_landing,83,1392.0,59,212.876,477.699,0.44651,-0.09316,0.45613,-0.023086,-0.302251,0,1,4.14400,971.803,3.723,6.000,4.116,4.116,8.828,13.180,0.000,0.000,0,1,1.3076,83,166,83,90,76
2,post_landing,84,1409.0,59,213.325,477.894,0.43968,0.19160,0.47961,-0.022733,-0.325438,0,0,4.14400,971.803,3.723,6.000,4.110,4.110,8.859,13.300,0.000,0.000,0,0,1.3076,83,166,83,90,76
2,post_landing,85,1426.0,59,213.741,478.221,0.35646,-0.07249,0.36375,-0.018647,-0.346947,0,1,4.14400,971.803,3.723,6.000,1.280,4.102,8.883,13.405,0.000,0.000,0,1,1.3076,83,166,83,90,76
2,post_landing,86,1442.0,59,214.099,478.459,0.06021,0.08054,0.10056,0.014175,-0.365676,0,1,4.14400,971.803,3.723,6.000,1.291,4.093,8.901,13.491,0.000,0.000,0,1,1.3076,83,166,83,90,76
2,post_landing,87,1459.0,59,214.159,478.589,-0.11556,-0.64491,0.65518,-0.013239,-0.351439,0,1,4.14400,971.803,3.723,6.000,1.283,4.100,8.888,13.426,0.000,0.000,0,2,1.3076,83,166,83,90,76
2,post_landing,88,1476.0,59,214.050,478.235,-0.11390,-0.36896,0.38614,-0.013048,-0.363965,0,0,4.14400,971.803,3.723,6.000,1.290,4.094,8.900,13.483,0.000,0.000,0,0,1.3076,83,166,83,90,76
2,post_landing,89,1492.0,59,213.935,478.153,-0.11216,-0.07998,0.13775,-0.012849,-0.377071,0,0,4.14400,971.803,3.723,6.000,1.298,4.087,8.911,13.541,0.000,0.000,0,0,1.3076,83,166,83,90,76
2,post_landing,90,1509.0,59,213.823,478.362,-0.11044,0.20458,0.23249,-0.012652,-0.389976,0,0,4.14400,971.803,3.723,6.000,1.305,4.080,8.920,13.976,0.000,0.000,0,0,1.3076,83,166,83,90,76
2,post_landing,91,1526.0,59,213.718,478.811,-0.10885,0.46830,0.48078,-0.012470,-0.401948,0,0,4.14400,971.803,3.723,6.000,1.312,4.072,8.927,14.035,0.000,0.000,0,0,1.3076,83,166,83,90,76
2,post_landing,92,1542.0,59,213.609,479.199,-0.79113,-0.50341,0.93771,0.003582,-0.414472,0,1,4.14400,971.803,3.723,6.000,1.318,4.064,8.933,14.096,0.000,0.000,0,1,1.3076,83,166,83,90,76
2,post_landing,93,1559.0,59,212.814,478.982,-0.77903,-0.21237,0.80746,0.003527,-0.410874,0,0,4.14400,971.803,3.723,6.000,1.316,4.066,8.932,14.079,0.000,0.000,0,0,1.3076,83,166,83,90,76
2,post_landing,94,1576.0,59,212.077,479.060,-1.03620,0.02179,1.03643,0.026616,-0.407537,0,1,4.14400,971.803,3.723,6.000,1.314,4.069,8.930,14.063,0.000,0.000,0,1,1.3076,83,166,83,90,76
2,post_landing,95,1592.0,59,211.036,478.979,-0.91752,-0.25551,0.95243,-0.009957,-0.380804,0,1,4.14400,971.803,3.723,6.000,1.300,4.085,8.914,13.929,0.000,0.000,0,2,1.3076,83,166,83,90,76
2,post_landing,96,1609.0,59,210.115,478.828,-1.27129,0.01206,1.27135,0.029843,-0.390805,0,1,4.14400,971.803,3.723,6.000,1.306,4.079,8.921,13.980,0.000,0.000,0,1,1.3076,83,166,83,90,76
2,post_landing,97,1626.0,59,208.912,478.734,-1.12889,-0.73150,1.34517,-0.031274,-0.362569,0,1,4.14400,971.803,3.723,6.000,1.290,4.095,8.899,13.477,0.000,0.000,0,2,1.3076,83,166,83,90,76
2,post_landing,98,1643.0,59,207.778,478.288,-1.11161,-0.43698,1.19442,-0.030795,-0.393980,0,0,4.14400,971.803,3.723,6.000,1.307,4.077,8.923,13.996,0.000,0.000,0,0,1.3076,83,166,83,90,76
2,post_landing,99,1659.0,59,206.662,478.138,-1.09461,-0.14696,1.10443,-0.030324,-0.424910,0,0,4.14400,971.803,3.723,6.000,1.323,4.057,8.938,14.144,0.000,0.000,0,0,1.3076,83,166,83,90,76
2,post_landing,100,1676.0,59,205.626,478.255,-1.07884,0.12182,1.08570,-0.029887,-0.453602,0,0,4.14400,971.803,3.723,6.000,1.337,4.034,8.944,15.607,0.000,0.000,0,0,1.3076,83,166,83,90,76
2,post_landing,101,1692.0,59,204.542,478.666,-1.06234,0.40329,1.13631,-0.029430,-0.483620,0,0,4.14400,971.803,3.723,6.000,1.350,4.006,8.942,15.739,0.000,0.000,0,0,1.3076,83,166,83,90,76
2,post_landing,102,1709.0,59,203.475,479.360,-1.04608,0.68046,1.24792,-0.028980,-0.513180,0,0,4.14400,971.803,3.723,6.000,1.362,3.976,8.933,16.346,0.000,0.000,0,0,1.3076,83,166,83,90,76
2,post_landing,103,1726.0,59,202.486,480.260,-1.03102,0.93732,1.39341,-0.028562,-0.540600,0,0,4.14400,971.803,3.723,6.000,1.372,3.944,10.805,17.837,0.000,0.000,0,0,1.3076,83,166,83,90,76
2,post_landing,104,1742.0,59,201.450,481.491,-1.01525,1.20632,1.57668,-0.028125,-0.569287,0,0,4.14400,971.803,3.723,6.000,1.381,3.908,10.815,19.338,0.000,0.000,0,0,1.3076,83,166,83,90,76
2,post_landing,105,1759.0,59,200.430,482.852,-1.23301,0.35723,1.28371,-0.012180,-0.597536,0,1,4.14400,971.803,3.723,6.000,1.389,3.870,12.205,20.840,0.000,0.000,0,2,1.3076,83,166,83,90,76
2,post_landing,106,1776.0,59,199.264,483.122,-1.13389,0.16059,1.14520,-0.013938,-0.609061,0,1,4.14400,971.803,3.723,6.000,1.392,3.853,12.207,20.884,0.000,0.000,0,2,1.3076,83,166,83,90,76
2,post_landing,107,1792.0,59,198.125,483.432,-1.03911,0.16776,1.05257,-0.006557,-0.623060,0,1,4.14400,971.803,3.723,6.000,1.396,3.832,12.206,20.934,0.000,0.000,0,2,1.3076,83,166,83,90,76
2,post_landing,108,1809.0,59,197.081,483.597,-0.88358,0.10832,0.89020,-0.014916,-0.629646,0,1,4.14400,971.803,3.723,6.000,1.397,3.822,12.204,20.956,0.000,0.000,0,2,1.3076,83,166,83,90,76
2,post_landing,109,1826.0,59,196.245,483.819,-0.87349,0.14190,0.88494,-0.002280,-0.643759,0,1,4.14400,971.803,3.723,6.000,1.400,6.400,12.200,21.001,0.000,0.000,0,1,1.3076,83,166,83,90,76
2,post_landing,110,1842.0,59,195.368,483.985,-0.79156,0.10146,0.79804,-0.009132,-0.646049,0,1,4.14400,971.803,3.723,6.000,1.401,6.400,12.199,21.008,0.000,0.000,0,2,1.3076,83,166,83,90,76
2,post_landing,111,1859.0,59,194.573,484.201,-0.60468,0.23250,0.64784,-0.030382,-0.655221,0,1,4.14400,971.803,3.723,6.000,1.402,6.402,12.194,21.034,0.000,0.000,0,2,1.3076,83,166,83,90,76
2,post_landing,112,1876.0,59,194.001,484.677,-0.59597,0.49582,0.77526,-0.029945,-0.683968,0,0,4.14400,971.803,3.723,6.000,1.407,7.810,14.213,21.104,0.000,0.000,0,0,1.3076,83,166,83,90,76
2,post_landing,113,1892.0,59,193.402,485.464,-0.58685,0.77157,0.96939,-0.029487,-0.714045,0,0,4.14400,971.803,3.723,6.000,1.411,7.809,13.350,21.159,0.000,0.000,0,0,1.3076,83,166,83,90,76
2,post_landing,114,1909.0,59,192.813,486.492,-0.92284,0.23290,0.95177,-0.009026,-0.743661,0,1,4.14400,971.803,3.723,6.000,1.413,5.593,13.394,21.195,0.000,0.000,0,2,1.3076,83,166,83,90,76
2,post_landing,115,1926.0,59,191.939,486.741,-0.76071,0.18856,0.78374,-0.009903,-0.752201,0,1,4.14400,971.803,3.723,6.000,1.413,5.607,15.501,21.202,0.000,0.000,0,2,1.3076,83,166,83,90,76
2,post_landing,116,1942.0,59,191.175,487.020,-0.63830,0.17822,0.66271,-0.008369,-0.762148,0,1,4.14400,971.803,3.723,6.000,1.414,5.622,15.519,21.207,0.000,0.000,0,2,1.3076,83,166,83,90,76
2,post_landing,117,1959.0,59,190.534,487.261,-0.53490,0.17436,0.56260,-0.007066,-0.770554,0,1,4.14400,971.803,3.723,6.000,1.414,5.635,15.534,21.211,0.000,0.000,0,2,1.3076,83,166,83,90,76
2,post_landing,118,1976.0,59,190.028,487.450,-0.48206,0.16058,0.50810,-0.004611,-0.777239,0,1,4.14400,971.803,3.723,6.000,1.414,5.645,15.544,24.719,0.000,0.000,0,2,1.3076,83,166,83,90,76
3,falling,0,24.0,,195.000,97.029,0.00000,0.55000,0.55000,0.000000,0.000000,0,0,6.21800,2680.781,8.535,8.000,8.000,60.000,61.000,61.000,0.000,0.000,0,0,1.1111,89,178,89,93,68
3,falling,1,38.0,,195.000,97.681,0.00000,0.77640,0.77640,0.000000,0.000000,0,0,6.21800,2680.781,8.535,8.000,8.000,60.000,61.000,61.000,0.000,0.000,0,0,1.1111,89,178,89,93,68
3,falling,2,55.0,,195.000,98.750,0.00000,1.04786,1.04786,0.000000,0.000000,0,0,6.21800,2680.781,8.535,8.000,8.000,60.000,61.000,61.000,0.000,0.000,0,0,1.1111,89,178,89,93,68
3,falling,3,72.0,,195.000,99.997,0.00000,1.29944,1.29944,0.000000,0.000000,0,0,6.21800,2680.781,8.535,8.000,8.000,60.000,61.000,61.000,0.000,0.000,0,0,1.1111,89,178,89,93,68
3,falling,4,88.0,,195.000,101.592,0.00000,1.56289,1.56289,0.000000,0.000000,0,0,6.21800,2680.781,8.535,8.000,8.000,60.000,61.000,61.000,0.000,0.000,0,0,1.1111,89,178,89,93,68
3,falling,5,105.0,,195.000,103.450,0.00000,1.82231,1.82231,0.000000,0.000000,0,0,6.21800,2680.781,8.535,8.000,8.000,60.000,61.000,61.000,0.000,0.000,0,0,1.1111,89,178,89,93,68
3,falling,6,121.0,,195.000,105.431,0.00000,2.06273,2.06273,0.000000,0.000000,0,0,6.21800,2680.781,8.535,8.000,8.000,60.000,61.000,61.000,0.000,0.000,0,0,1.1111,89,178,89,93,68
3,falling,7,138.0,,195.000,107.791,0.00000,2.31451,2.31451,0.000000,0.000000,0,0,6.21800,2680.781,8.535,8.000,8.000,60.000,61.000,61.000,0.000,0.000,0,0,1.1111,89,178,89,93,68
3,falling,8,155.0,,195.000,110.405,0.00000,2.56243,2.56243,0.000000,0.000000,0,0,6.21800,2680.781,8.535,8.000,8.000,60.000,61.000,61.000,0.000,0.000,0,0,1.1111,89,178,89,93,68
3,falling,9,172.0,,195.000,113.086,0.00000,2.79220,2.79220,0.000000,0.000000,0,0,6.21800,2680.781,8.535,8.000,8.000,60.000,61.000,61.000,0.000,0.000,0,0,1.1111,89,178,89,93,68
3,falling,10,188.0,,195.000,116.179,0.00000,3.03281,3.03281,0.000000,0.000000,0,0,6.21800,2680.781,8.535,8.000,8.000,60.000,61.000,61.000,0.000,0.000,0,0,1.1111,89,178,89,93,68
3,falling,11,205.0,,195.000,119.514,0.00000,3.26974,3.26974,0.000000,0.000000,0,0,6.21800,2680.781,8.535,8.000,8.000,60.000,61.000,61.000,0.000,0.000,0,0,1.1111,89,178,89,93,68
3,falling,12,222.0,,195.000,122.864,0.00000,3.48932,3.48932,0.000000,0.000000,0,0,6.21800,2680.781,8.535,8.000,8.000,60.000,61.000,61.000,0.000,0.000,0,0,1.1111,89,178,89,93,68
3,falling,13,238.0,,195.000,126.658,0.00000,3.71927,3.71927,0.000000,0.000000,0,0,6.21800,2680.781,8.535,8.000,8.000,60.000,61.000,61.000,0.000,0.000,0,0,1.1111,89,178,89,93,68
3,falling,14,255.0,,195.000,130.682,0.00000,3.94570,3.94570,0.000000,0.000000,0,0,6.21800,2680.781,8.535,8.000,8.000,60.000,61.000,61.000,0.000,0.000,0,0,1.1111,89,178,89,93,68
3,falling,15,272.0,,195.000,134.672,0.00000,4.15555,4.15555,0.000000,0.000000,0,0,6.21800,2680.781,8.535,8.000,8.000,60.000,61.000,61.000,0.000,0.000,0,0,1.1111,89,178,89,93,68
3,falling,16,288.0,,195.000,139.134,0.00000,4.37530,4.37530,0.000000,0.000000,0,0,6.21800,2680.781,8.535,8.000,8.000,60.000,61.000,61.000,0.000,0.000,0,0,1.1111,89,178,89,93,68
3,falling,17,305.0,,195.000,143.818,0.00000,4.59169,4.59169,0.000000,0.000000,0,0,6.21800,2680.781,8.535,8.000,8.000,60.000,61.000,61.000,0.000,0.000,0,0,1.1111,89,178,89,93,68
3,falling,18,322.0,,195.000,148.418,0.00000,4.79224,4.79224,0.000000,0.000000,0,0,6.21800,2680.781,8.535,8.000,8.000,60.000,61.000,61.000,0.000,0.000,0,0,1.1111,89,178,89,93,68
3,falling,19,338.0,,195.000,153.521,0.00000,5.00225,5.00225,0.000000,0.000000,0,0,6.21800,2680.781,8.535,8.000,8.000,60.000,61.000,61.000,0.000,0.000,0,0,1.1111,89,178,89,93,68
3,falling,20,355.0,,195.000,158.834,0.00000,5.20905,5.20905,0.000000,0.000000,0,0,6.21800,2680.781,8.535,8.000,8.000,60.000,61.000,61.000,0.000,0.000,0,0,1.1111,89,178,89,93,68
3,falling,21,372.0,,195.000,164.019,0.00000,5.40071,5.40071,0.000000,0.000000,0,0,6.21800,2680.781,8.535,8.000,8.000,60.000,61.000,61.000,0.000,0.000,0,0,1.1111,89,178,89,93,68
3,falling,22,388.0,,195.000,169.732,0.00000,5.60141,5.60141,0.000000,0.000000,0,0,6.21800,2680.781,8.535,8.000,8.000,60.000,61.000,61.000,0.000,0.000,0,0,1.1111,89,178,89,93,68
3,falling,23,405.0,,195.000,175.647,0.00000,5.79904,5.79904,0.000000,0.000000,0,0,6.21800,2680.781,8.535,8.000,8.000,60.000,61.000,61.000,0.000,0.000,0,0,1.1111,89,178,89,93,68
3,falling,24,422.0,,195.000,181.761,0.00000,5.99365,5.99365,0.000000,0.000000,0,0,6.21800,2680.781,8.535,8.000,8.000,60.000,61.000,61.000,0.000,0.000,0,0,1.1111,89,178,89,93,68
3,falling,25,438.0,,195.000,187.688,0.00000,6.17401,6.17401,0.000000,0.000000,0,0,6.21800,2680.781,8.535,8.000,8.000,60.000,61.000,61.000,0.000,0.000,0,0,1.1111,89,178,89,93,68
3,falling,26,455.0,,195.000,194.178,0.00000,6.36288,6.36288,0.000000,0.000000,0,0,6.21800,2680.781,8.535,8.000,8.000,60.000,61.000,61.000,0.000,0.000,0,0,1.1111,89,178,89,93,68
3,falling,27,472.0,,195.000,200.454,0.00000,6.53792,6.53792,0.000000,0.000000,0,0,6.21800,2680.781,8.535,8.000,8.000,60.000,61.000,61.000,0.000,0.000,0,0,1.1111,89,178,89,93,68
3,falling,28,489.0,,195.000,207.310,0.00000,6.72122,6.72122,0.000000,0.000000,0,0,6.21800,2680.781,8.535,8.000,8.000,60.000,61.000,61.000,0.000,0.000,0,0,1.1111,89,178,89,93,68
3,falling,29,505.0,,195.000,214.350,0.00000,6.90172,6.90172,0.000000,0.000000,0,0,6.21800,2680.781,8.535,8.000,8.000,60.000,61.000,61.000,0.000,0.000,0,0,1.1111,89,178,89,93,68
3,falling,30,522.0,,195.000,221.136,0.00000,7.06900,7.06900,0.000000,0.000000,0,0,6.21800,2680.781,8.535,8.000,8.000,60.000,61.000,61.000,0.000,0.000,0,0,1.1111,89,178,89,93,68
3,falling,31,539.0,,195.000,228.525,0.00000,7.24418,7.24418,0.000000,0.000000,0,0,6.21800,2680.781,8.535,8.000,8.000,60.000,61.000,61.000,0.000,0.000,0,0,1.1111,89,178,89,93,68
3,falling,32,555.0,,195.000,236.090,0.00000,7.41668,7.41668,0.000000,0.000000,0,0,6.21800,2680.781,8.535,8.000,8.000,60.000,61.000,61.000,0.000,0.000,0,0,1.1111,89,178,89,93,68
3,falling,33,573.0,,195.000,243.828,0.00000,7.58653,7.58653,0.000000,0.000000,0,0,6.21800,2680.781,8.535,8.000,8.000,60.000,61.000,61.000,0.000,0.000,0,0,1.1111,89,178,89,93,68
3,falling,34,588.0,,195.000,251.262,0.00000,7.74396,7.74396,0.000000,0.000000,0,0,6.21800,2680.781,8.535,8.000,8.000,60.000,61.000,61.000,0.000,0.000,0,0,1.1111,89,178,89,93,68
3,falling,35,605.0,,195.000,259.329,0.00000,7.90881,7.90881,0.000000,0.000000,0,0,6.21800,2680.781,8.535,8.000,8.000,60.000,61.000,61.000,0.000,0.000,0,0,1.1111,89,178,89,93,68
3,falling,36,622.0,,195.000,267.068,0.00000,8.06159,8.06159,0.000000,0.000000,0,0,6.21800,2680.781,8.535,8.000,8.000,60.000,61.000,61.000,0.000,0.000,0,0,1.1111,89,178,89,93,68
3,falling,37,638.0,,195.000,275.454,0.00000,8.22158,8.22158,0.000000,0.000000,0,0,6.21800,2680.781,8.535,8.000,8.000,60.000,61.000,61.000,0.000,0.000,0,0,1.1111,89,178,89,93,68
3,falling,38,655.0,,195.000,284.001,0.00000,8.37912,8.37912,0.000000,0.000000,0,0,6.21800,2680.781,8.535,8.000,8.000,60.000,61.000,61.000,0.000,0.000,0,0,1.1111,89,178,89,93,68
3,falling,39,672.0,,195.000,292.706,0.00000,8.53425,8.53425,0.000000,0.000000,0,0,6.21800,2680.781,8.535,8.000,8.000,60.000,61.000,61.000,0.000,0.000,0,0,1.1111,89,178,89,93,68
3,falling,40,688.0,,195.000,301.037,0.00000,8.67803,8.67803,0.000000,0.000000,0,0,6.21800,2680.781,8.535,8.000,8.000,60.000,61.000,61.000,0.000,0.000,0,0,1.1111,89,178,89,93,68
3,falling,41,705.0,,195.000,310.042,0.00000,8.82859,8.82859,0.000000,0.000000,0,0,6.21800,2680.781,8.535,8.000,8.000,60.000,61.000,61.000,0.000,0.000,0,0,1.1111,89,178,89,93,68
3,falling,42,722.0,,195.000,319.199,0.00000,8.97684,8.97684,0.000000,0.000000,0,0,6.21800,2680.781,8.535,8.000,8.000,60.000,61.000,61.000,0.000,0.000,0,0,1.1111,89,178,89,93,68
3,falling,43,739.0,,195.000,327.948,0.00000,9.11424,9.11424,0.000000,0.000000,0,0,6.21800,2680.781,8.535,8.000,8.000,60.000,61.000,61.000,0.000,0.000,0,0,1.1111,89,178,89,93,68
3,falling,44,755.0,,195.000,337.391,0.00000,9.25813,9.25813,0.000000,0.000000,0,0,6.21800,2680.781,8.535,8.000,8.000,60.000,61.000,61.000,0.000,0.000,0,0,1.1111,89,178,89,93,68
3,falling,45,772.0,,195.000,346.979,0.00000,9.39981,9.39981,0.000000,0.000000,0,0,6.21800,2680.781,8.535,8.000,8.000,60.000,61.000,61.000,0.000,0.000,0,0,1.1111,89,178,89,93,68
3,falling,46,789.0,,195.000,356.129,0.00000,9.53112,9.53112,0.000000,0.000000,0,0,6.21800,2680.781,8.535,8.000,8.000,60.000,61.000,61.000,0.000,0.000,0,0,1.1111,89,178,89,93,68
3,falling,47,805.0,,195.000,365.991,0.00000,9.66863,9.66863,0.000000,0.000000,0,0,6.21800,2680.781,8.535,8.000,8.000,60.000,61.000,61.000,0.000,0.000,0,0,1.1111,89,178,89,93,68
3,falling,48,822.0,,195.000,375.991,0.00000,9.80403,9.80403,0.000000,0.000000,0,0,6.21800,2680.781,8.535,8.000,8.000,60.000,61.000,61.000,0.000,0.000,0,0,1.1111,89,178,89,93,68
3,falling,49,839.0,,195.000,385.524,0.00000,9.92952,9.92952,0.000000,0.000000,0,0,6.21800,2680.781,8.535,8.000,8.000,60.000,61.000,61.000,0.000,0.000,0,0,1.1111,89,178,89,93,68
3,falling,50,855.0,,195.000,395.786,0.00000,10.06093,10.06093,0.000000,0.000000,0,0,6.21800,2680.781,8.535,8.000,8.000,60.000,61.000,61.000,0.000,0.000,0,0,1.1111,89,178,89,93,68
3,falling,51,872.0,,195.000,406.180,0.00000,10.19033,10.19033,0.000000,0.000000,0,0,6.21800,2680.781,8.535,8.000,8.000,60.000,61.000,61.000,0.000,0.000,0,0,1.1111,89,178,89,93,68
3,falling,52,889.0,,195.000,416.078,0.00000,10.31026,10.31026,0.000000,0.000000,0,0,6.21800,2680.781,8.535,8.000,8.000,60.000,61.000,61.000,0.000,0.000,0,0,1.1111,89,178,89,93,68
3,falling,53,905.0,,195.000,426.722,0.00000,10.43585,10.43585,0.000000,0.000000,0,0,6.21800,2680.781,8.535,8.000,8.000,60.000,61.000,61.000,0.000,0.000,0,0,1.1111,89,178,89,93,68
3,falling,54,922.0,,195.000,437.493,0.00000,10.55951,10.55951,0.000000,0.000000,0,0,6.21800,2680.781,8.535,8.000,8.000,60.000,61.000,61.000,0.000,0.000,0,0,1.1111,89,178,89,93,68
3,falling,55,939.0,,195.000,447.740,0.00000,10.67412,10.67412,0.000000,0.000000,0,0,6.21800,2680.781,8.535,8.000,8.000,60.000,61.000,61.000,0.000,0.000,0,0,1.1111,89,178,89,93,68
3,falling,56,955.0,,195.000,458.750,0.00000,10.79414,10.79414,0.000000,0.000000,0,0,6.21800,2680.781,8.535,8.000,8.000,60.000,61.000,61.000,0.000,0.000,0,0,1.1111,89,178,89,93,68
3,falling,57,972.0,,195.000,469.881,0.00000,10.91232,10.91232,0.000000,0.000000,0,0,6.21800,2680.781,8.535,8.000,8.000,60.000,61.000,61.000,0.000,0.000,0,0,1.1111,89,178,89,93,68
3,falling,58,989.0,,195.000,480.462,0.00000,11.02185,11.02185,0.000000,0.000000,0,0,6.21800,2680.781,8.535,8.000,8.000,60.000,61.000,61.000,0.000,0.000,0,0,1.1111,89,178,89,93,68
3,post_landing,59,1005.0,59,195.000,490.122,0.02191,0.00000,0.02191,0.000000,0.000000,0,1,6.21800,2680.781,8.535,8.000,8.000,60.000,61.000,61.000,0.000,0.000,0,8,1.1111,89,178,89,93,68
3,post_landing,60,1022.0,59,195.022,488.997,0.07089,-0.02571,0.07541,0.000000,0.000000,0,1,6.21800,2680.781,8.535,8.000,8.000,60.000,61.000,61.000,0.000,0.000,0,4,1.1111,89,178,89,93,68
3,post_landing,61,1039.0,59,195.089,488.245,-0.27357,0.01519,0.27399,0.008876,0.000000,0,1,6.21800,2680.781,8.535,8.000,8.000,60.000,61.000,61.000,0.000,0.000,0,2,1.1111,89,178,89,93,68
3,post_landing,62,1055.0,59,194.814,488.076,-0.41995,0.08613,0.42870,0.008420,0.008915,0,1,6.21800,2680.781,8.535,8.000,7.009,9.009,61.006,61.033,0.000,0.000,0,2,1.1111,89,178,89,93,68
3,post_landing,63,1072.0,59,194.393,487.917,-0.43273,0.08214,0.44045,0.002767,0.017372,0,1,6.21800,2680.781,8.535,8.000,7.016,9.016,60.026,61.060,0.000,0.000,0,2,1.1111,89,178,89,93,68
3,post_landing,64,1089.0,59,193.983,487.366,-0.29812,0.04769,0.30191,-0.005026,0.019991,0,1,6.21800,2680.781,8.535,8.000,7.019,9.018,60.028,61.068,0.000,0.000,0,1,1.1111,89,178,89,93,68
3,post_landing,65,1105.0,59,193.684,487.462,-0.17799,-0.02806,0.18019,-0.019784,0.014942,0,1,6.21800,2680.781,8.535,8.000,7.014,9.014,61.008,61.053,0.000,0.000,0,1,1.1111,89,178,89,93,68
3,post_landing,66,1122.0,59,193.505,487.723,-0.17527,0.25571,0.31001,-0.019482,-0.004929,0,0,6.21800,2680.781,8.535,8.000,8.005,59.009,61.009,61.029,0.000,0.000,0,0,1.1111,89,178,89,93,68
3,post_landing,67,1139.0,59,193.339,488.042,-0.36379,-0.01449,0.36408,-0.009195,-0.023362,0,1,6.21800,2680.781,8.535,8.000,59.031,60.054,61.053,61.147,0.000,0.000,0,1,1.1111,89,178,89,93,68
3,post_landing,68,1155.0,59,192.974,488.176,-0.21515,-0.01846,0.21594,-0.011894,-0.032598,0,1,6.21800,2680.781,8.535,8.000,59.034,60.066,61.065,61.196,0.000,0.000,0,1,1.1111,89,178,89,93,68
3,post_landing,69,1172.0,59,192.758,488.170,-0.00950,-0.03240,0.03376,0.000000,-0.044544,0,1,6.21800,2680.781,8.535,8.000,60.074,60.119,61.118,61.296,0.000,0.000,0,2,1.1111,89,178,89,93,68
3,post_landing,70,1189.0,59,192.749,488.168,0.05763,0.00000,0.05763,0.000000,-0.044544,0,1,6.21800,2680.781,8.535,8.000,60.074,60.119,61.118,61.296,0.000,0.000,0,2,1.1111,89,178,89,93,68
3,post_landing,71,1205.0,59,192.806,488.170,0.02396,0.00000,0.02396,0.000000,-0.044544,0,1,6.21800,2680.781,8.535,8.000,60.074,60.119,61.118,61.296,0.000,0.000,0,2,1.1111,89,178,89,93,68
3,post_landing,72,1222.0,59,192.831,488.170,-0.00076,0.00000,0.00076,0.000000,-0.044544,0,1,6.21800,2680.781,8.535,8.000,60.074,60.119,61.118,61.296,0.000,0.000,0,2,1.1111,89,178,89,93,68
3,post_landing,73,1239.0,59,192.830,488.168,-0.00429,0.00000,0.00429,0.000000,-0.044544,0,1,6.21800,2680.781,8.535,8.000,60.074,60.119,61.118,61.296,0.000,0.000,0,2,1.1111,89,178,89,93,68
3,post_landing,74,1255.0,59,192.825,488.170,-0.00282,0.00000,0.00282,0.000000,-0.044544,0,1,6.21800,2680.781,8.535,8.000,60.074,60.119,61.118,61.296,0.000,0.000,0,2,1.1111,89,178,89,93,68
3,post_landing,75,1272.0,59,192.823,488.170,-0.00038,0.00000,0.00038,0.000000,-0.044544,0,1,6.21800,2680.781,8.535,8.000,60.074,60.119,61.118,61.296,0.000,0.000,0,2,1.1111,89,178,89,93,68
3,post_landing,76,1289.0,59,192.822,488.168,0.00158,0.00000,0.00158,0.000000,-0.044544,0,1,6.21800,2680.781,8.535,8.000,60.074,60.119,61.118,61.296,0.000,0.000,0,2,1.1111,89,178,89,93,68
3,post_landing,77,1305.0,59,192.824,488.170,-0.00037,0.00000,0.00037,0.000000,-0.044544,0,1,6.21800,2680.781,8.535,8.000,60.074,60.119,61.118,61.296,0.000,0.000,0,2,1.1111,89,178,89,93,68
3,post_landing,78,1322.0,59,192.824,488.170,-0.00046,0.00000,0.00046,0.000000,-0.044544,0,1,6.21800,2680.781,8.535,8.000,60.074,60.119,61.118,61.296,0.000,0.000,0,2,1.1111,89,178,89,93,68
3,post_landing,79,1339.0,59,192.823,488.168,0.00105,0.00000,0.00105,0.000000,-0.044544,0,1,6.21800,2680.781,8.535,8.000,60.074,60.119,61.118,61.296,0.000,0.000,0,2,1.1111,89,178,89,93,68
3,post_landing,80,1356.0,59,192.824,488.170,-0.00060,0.00000,0.00060,0.000000,-0.044544,0,1,6.21800,2680.781,8.535,8.000,60.074,60.119,61.118,61.296,0.000,0.000,0,2,1.1111,89,178,89,93,68
3,post_landing,81,1372.0,59,192.824,488.170,-0.00045,0.00000,0.00045,0.000000,-0.044544,0,1,6.21800,2680.781,8.535,8.000,60.074,60.119,61.118,61.296,0.000,0.000,0,2,1.1111,89,178,89,93,68
3,post_landing,82,1389.0,59,192.823,488.168,0.00109,0.00000,0.00109,0.000000,-0.044544,0,1,6.21800,2680.781,8.535,8.000,60.074,60.119,61.118,61.296,0.000,0.000,0,2,1.1111,89,178,89,93,68
3,post_landing,83,1406.0,59,192.824,488.170,-0.00058,0.00000,0.00058,0.000000,-0.044544,0,1,6.21800,2680.781,8.535,8.000,60.074,60.119,61.118,61.296,0.000,0.000,0,2,1.1111,89,178,89,93,68
3,post_landing,84,1422.0,59,192.824,488.170,-0.00045,0.00000,0.00045,0.000000,-0.044544,0,1,6.21800,2680.781,8.535,8.000,60.074,60.119,61.118,61.296,0.000,0.000,0,2,1.1111,89,178,89,93,68
3,post_landing,85,1439.0,59,192.823,488.168,0.00108,0.00000,0.00108,0.000000,-0.044544,0,1,6.21800,2680.781,8.535,8.000,60.074,60.119,61.118,61.296,0.000,0.000,0,2,1.1111,89,178,89,93,68
3,post_landing,86,1456.0,59,192.824,488.170,-0.00058,0.00000,0.00058,0.000000,-0.044544,0,1,6.21800,2680.781,8.535,8.000,60.074,60.119,61.118,61.296,0.000,0.000,0,2,1.1111,89,178,89,93,68
3,post_landing,87,1472.0,59,192.824,488.170,-0.00045,0.00000,0.00045,0.000000,-0.044544,0,1,6.21800,2680.781,8.535,8.000,60.074,60.119,61.118,61.296,0.000,0.000,0,2,1.1111,89,178,89,93,68
3,post_landing,88,1489.0,59,192.823,488.168,0.00108,0.00000,0.00108,0.000000,-0.044544,0,1,6.21800,2680.781,8.535,8.000,60.074,60.119,61.118,61.296,0.000,0.000,0,2,1.1111,89,178,89,93,68
3,post_landing,89,1506.0,59,192.824,488.170,-0.00058,0.00000,0.00058,0.000000,-0.044544,0,1,6.21800,2680.781,8.535,8.000,60.074,60.119,61.118,61.296,0.000,0.000,0,2,1.1111,89,178,89,93,68
3,post_landing,90,1522.0,59,192.824,488.170,-0.00045,0.00000,0.00045,0.000000,-0.044544,0,1,6.21800,2680.781,8.535,8.000,60.074,60.119,61.118,61.296,0.000,0.000,0,2,1.1111,89,178,89,93,68
3,post_landing,91,1539.0,59,192.823,488.170,-0.00009,0.00000,0.00009,0.000000,-0.044544,0,1,6.21800,2680.781,8.535,8.000,60.074,60.119,61.118,61.296,0.000,0.000,0,2,1.1111,89,178,89,93,68
3,post_landing,92,1556.0,59,192.823,488.168,0.00121,0.00000,0.00121,0.000000,-0.044544,0,1,6.21800,2680.781,8.535,8.000,60.074,60.119,61.118,61.296,0.000,0.000,0,2,1.1111,89,178,89,93,68
3,post_landing,93,1572.0,59,192.824,488.170,-0.00059,0.00000,0.00059,0.000000,-0.044544,0,1,6.21800,2680.781,8.535,8.000,60.074,60.119,61.118,61.296,0.000,0.000,0,2,1.1111,89,178,89,93,68
3,post_landing,94,1589.0,59,192.824,488.170,-0.00048,0.00000,0.00048,0.000000,-0.044544,0,1,6.21800,2680.781,8.535,8.000,60.074,60.119,61.118,61.296,0.000,0.000,0,2,1.1111,89,178,89,93,68
3,post_landing,95,1606.0,59,192.823,488.168,0.00107,0.00000,0.00107,0.000000,-0.044544,0,1,6.21800,2680.781,8.535,8.000,60.074,60.119,61.118,61.296,0.000,0.000,0,2,1.1111,89,178,89,93,68
3,post_landing,96,1622.0,59,192.824,488.170,-0.00058,0.00000,0.00058,0.000000,-0.044544,0,1,6.21800,2680.781,8.535,8.000,60.074,60.119,61.118,61.296,0.000,0.000,0,2,1.1111,89,178,89,93,68
3,post_landing,97,1639.0,59,192.824,488.170,-0.00045,0.00000,0.00045,0.000000,-0.044544,0,1,6.21800,2680.781,8.535,8.000,60.074,60.119,61.118,61.296,0.000,0.000,0,2,1.1111,89,178,89,93,68
3,post_landing,98,1656.0,59,192.823,488.168,0.00108,0.00000,0.00108,0.000000,-0.044544,0,1,6.21800,2680.781,8.535,8.000,60.074,60.119,61.118,61.296,0.000,0.000,0,2,1.1111,89,178,89,93,68
3,post_landing,99,1672.0,59,192.825,488.170,-0.00058,0.00000,0.00058,0.000000,-0.044544,0,1,6.21800,2680.781,8.535,8.000,60.074,60.119,61.118,61.296,0.000,0.000,0,2,1.1111,89,178,89,93,68
3,post_landing,100,1689.0,59,192.824,488.170,-0.00045,0.00000,0.00045,0.000000,-0.044544,0,1,6.21800,2680.781,8.535,8.000,60.074,60.119,61.118,61.296,0.000,0.000,0,2,1.1111,89,178,89,93,68
3,post_landing,101,1706.0,59,192.824,488.168,0.00108,0.00000,0.00108,0.000000,-0.044544,0,1,6.21800,2680.781,8.535,8.000,60.074,60.119,61.118,61.296,0.000,0.000,0,2,1.1111,89,178,89,93,68
3,post_landing,102,1722.0,59,192.825,488.170,-0.00058,0.00000,0.00058,0.000000,-0.044544,0,1,6.21800,2680.781,8.535,8.000,60.074,60.119,61.118,61.296,0.000,0.000,0,2,1.1111,89,178,89,93,68
3,post_landing,103,1739.0,59,192.824,488.170,-0.00045,0.00000,0.00045,0.000000,-0.044544,0,1,6.21800,2680.781,8.535,8.000,60.074,60.119,61.118,61.296,0.000,0.000,0,2,1.1111,89,178,89,93,68
3,post_landing,104,1756.0,59,192.824,488.168,0.00108,0.00000,0.00108,0.000000,-0.044544,0,1,6.21800,2680.781,8.535,8.000,60.074,60.119,61.118,61.296,0.000,0.000,0,2,1.1111,89,178,89,93,68
3,post_landing,105,1772.0,59,192.825,488.170,-0.00058,0.00000,0.00058,0.000000,-0.044544,0,1,6.21800,2680.781,8.535,8.000,60.074,60.119,61.118,61.296,0.000,0.000,0,2,1.1111,89,178,89,93,68
3,post_landing,106,1789.0,59,192.824,488.170,-0.00045,0.00000,0.00045,0.000000,-0.044544,0,1,6.21800,2680.781,8.535,8.000,60.074,60.119,61.118,61.296,0.000,0.000,0,2,1.1111,89,178,89,93,68
3,post_landing,107,1806.0,59,192.824,488.168,0.00108,0.00000,0.00108,0.000000,-0.044544,0,1,6.21800,2680.781,8.535,8.000,60.074,60.119,61.118,61.296,0.000,0.000,0,2,1.1111,89,178,89,93,68
3,post_landing,108,1822.0,59,192.825,488.170,-0.00058,0.00000,0.00058,0.000000,-0.044544,0,1,6.21800,2680.781,8.535,8.000,60.074,60.119,61.118,61.296,0.000,0.000,0,2,1.1111,89,178,89,93,68
3,post_landing,109,1839.0,59,192.824,488.170,-0.00045,0.00000,0.00045,0.000000,-0.044544,0,1,6.21800,2680.781,8.535,8.000,60.074,60.119,61.118,61.296,0.000,0.000,0,2,1.1111,89,178,89,93,68
3,post_landing,110,1856.0,59,192.824,488.168,0.00108,0.00000,0.00108,0.000000,-0.044544,0,1,6.21800,2680.781,8.535,8.000,60.074,60.119,61.118,61.296,0.000,0.000,0,2,1.1111,89,178,89,93,68
3,post_landing,111,1872.0,59,192.825,488.170,-0.00058,0.00000,0.00058,0.000000,-0.044544,0,1,6.21800,2680.781,8.535,8.000,60.074,60.119,61.118,61.296,0.000,0.000,0,2,1.1111,89,178,89,93,68
3,post_landing,112,1889.0,59,192.824,488.170,-0.00045,0.00000,0.00045,0.000000,-0.044544,0,1,6.21800,2680.781,8.535,8.000,60.074,60.119,61.118,61.296,0.000,0.000,0,2,1.1111,89,178,89,93,68
3,post_landing,113,1906.0,59,192.824,488.168,0.00108,0.00000,0.00108,0.000000,-0.044544,0,1,6.21800,2680.781,8.535,8.000,60.074,60.119,61.118,61.296,0.000,0.000,0,2,1.1111,89,178,89,93,68
3,post_landing,114,1922.0,59,192.825,488.170,-0.00058,0.00000,0.00058,0.000000,-0.044544,0,1,6.21800,2680.781,8.535,8.000,60.074,60.119,61.118,61.296,0.000,0.000,0,2,1.1111,89,178,89,93,68
3,post_landing,115,1939.0,59,192.824,488.170,-0.00045,0.00000,0.00045,0.000000,-0.044544,0,1,6.21800,2680.781,8.535,8.000,60.074,60.119,61.118,61.296,0.000,0.000,0,2,1.1111,89,178,89,93,68
3,post_landing,116,1956.0,59,192.824,488.168,0.00108,0.00000,0.00108,0.000000,-0.044544,0,1,6.21800,2680.781,8.535,8.000,60.074,60.119,61.118,61.296,0.000,0.000,0,2,1.1111,89,178,89,93,68
3,post_landing,117,1973.0,59,192.825,488.170,-0.00058,0.00000,0.00058,0.000000,-0.044544,0,1,6.21800,2680.781,8.535,8.000,60.074,60.119,61.118,61.296,0.000,0.000,0,2,1.1111,89,178,89,93,68
3,post_landing,118,1989.0,59,192.824,488.170,-0.00045,0.00000,0.00045,0.000000,-0.044544,0,1,6.21800,2680.781,8.535,8.000,60.074,60.119,61.118,61.296,0.000,0.000,0,2,1.1111,89,178,89,93,68
4,falling,0,25.0,,195.000,97.029,0.00000,0.55000,0.55000,0.000000,0.000000,0,0,2.63600,378.793,10.821,9.000,9.000,10.000,11.000,11.000,0.000,0.000,0,0,1.8861,54,108,54,54,62
4,falling,1,40.0,,195.000,97.805,0.00000,0.80875,0.80875,0.000000,0.000000,0,0,2.63600,378.793,10.821,9.000,9.000,10.000,11.000,11.000,0.000,0.000,0,0,1.8861,54,108,54,54,62
4,falling,2,57.0,,195.000,98.827,0.00000,1.06377,1.06377,0.000000,0.000000,0,0,2.63600,378.793,10.821,9.000,9.000,10.000,11.000,11.000,0.000,0.000,0,0,1.8861,54,108,54,54,62
4,falling,3,73.0,,195.000,100.184,0.00000,1.33083,1.33083,0.000000,0.000000,0,0,2.63600,378.793,10.821,9.000,9.000,10.000,11.000,11.000,0.000,0.000,0,0,1.8861,54,108,54,54,62
4,falling,4,90.0,,195.000,101.810,0.00000,1.59380,1.59380,0.000000,0.000000,0,0,2.63600,378.793,10.821,9.000,9.000,10.000,11.000,11.000,0.000,0.000,0,0,1.8861,54,108,54,54,62
4,falling,5,107.0,,195.000,103.700,0.00000,1.85275,1.85275,0.000000,0.000000,0,0,2.63600,378.793,10.821,9.000,9.000,10.000,11.000,11.000,0.000,0.000,0,0,1.8861,54,108,54,54,62
4,falling,6,123.0,,195.000,105.709,0.00000,2.09273,2.09273,0.000000,0.000000,0,0,2.63600,378.793,10.821,9.000,9.000,10.000,11.000,11.000,0.000,0.000,0,0,1.8861,54,108,54,54,62
4,falling,7,140.0,,195.000,108.099,0.00000,2.34405,2.34405,0.000000,0.000000,0,0,2.63600,378.793,10.821,9.000,9.000,10.000,11.000,11.000,0.000,0.000,0,0,1.8861,54,108,54,54,62
4,falling,8,157.0,,195.000,110.573,0.00000,2.57696,2.57696,0.000000,0.000000,0,0,2.63600,378.793,10.821,9.000,9.000,10.000,11.000,11.000,0.000,0.000,0,0,1.8861,54,108,54,54,62
4,falling,9,173.0,,195.000,113.451,0.00000,2.82086,2.82086,0.000000,0.000000,0,0,2.63600,378.793,10.821,9.000,9.000,10.000,11.000,11.000,0.000,0.000,0,0,1.8861,54,108,54,54,62
4,falling,10,190.0,,195.000,116.573,0.00000,3.06104,3.06104,0.000000,0.000000,0,0,2.63600,378.793,10.821,9.000,9.000,10.000,11.000,11.000,0.000,0.000,0,0,1.8861,54,108,54,54,62
4,falling,11,207.0,,195.000,119.936,0.00000,3.29754,3.29754,0.000000,0.000000,0,0,2.63600,378.793,10.821,9.000,9.000,10.000,11.000,11.000,0.000,0.000,0,0,1.8861,54,108,54,54,62
4,falling,12,223.0,,195.000,123.312,0.00000,3.51672,3.51672,0.000000,0.000000,0,0,2.63600,378.793,10.821,9.000,9.000,10.000,11.000,11.000,0.000,0.000,0,0,1.8861,54,108,54,54,62
4,falling,13,240.0,,195.000,127.134,0.00000,3.74625,3.74625,0.000000,0.000000,0,0,2.63600,378.793,10.821,9.000,9.000,10.000,11.000,11.000,0.000,0.000,0,0,1.8861,54,108,54,54,62
4,falling,14,257.0,,195.000,131.185,0.00000,3.97226,3.97226,0.000000,0.000000,0,0,2.63600,378.793,10.821,9.000,9.000,10.000,11.000,11.000,0.000,0.000,0,0,1.8861,54,108,54,54,62
4,falling,15,273.0,,195.000,135.200,0.00000,4.18173,4.18173,0.000000,0.000000,0,0,2.63600,378.793,10.821,9.000,9.000,10.000,11.000,11.000,0.000,0.000,0,0,1.8861,54,108,54,54,62
4,falling,16,290.0,,195.000,139.689,0.00000,4.40108,4.40108,0.000000,0.000000,0,0,2.63600,378.793,10.821,9.000,9.000,10.000,11.000,11.000,0.000,0.000,0,0,1.8861,54,108,54,54,62
4,falling,17,307.0,,195.000,144.398,0.00000,4.61708,4.61708,0.000000,0.000000,0,0,2.63600,378.793,10.821,9.000,9.000,10.000,11.000,11.000,0.000,0.000,0,0,1.8861,54,108,54,54,62
4,falling,18,324.0,,195.000,149.023,0.00000,4.81726,4.81726,0.000000,0.000000,0,0,2.63600,378.793,10.821,9.000,9.000,10.000,11.000,11.000,0.000,0.000,0,0,1.8861,54,108,54,54,62
4,falling,19,340.0,,195.000,154.150,0.00000,5.02689,5.02689,0.000000,0.000000,0,0,2.63600,378.793,10.821,9.000,9.000,10.000,11.000,11.000,0.000,0.000,0,0,1.8861,54,108,54,54,62
4,falling,20,357.0,,195.000,159.488,0.00000,5.23331,5.23331,0.000000,0.000000,0,0,2.63600,378.793,10.821,9.000,9.000,10.000,11.000,11.000,0.000,0.000,0,0,1.8861,54,108,54,54,62
4,falling,21,374.0,,195.000,164.696,0.00000,5.42462,5.42462,0.000000,0.000000,0,0,2.63600,378.793,10.821,9.000,9.000,10.000,11.000,11.000,0.000,0.000,0,0,1.8861,54,108,54,54,62
4,falling,22,390.0,,195.000,170.433,0.00000,5.62496,5.62496,0.000000,0.000000,0,0,2.63600,378.793,10.821,9.000,9.000,10.000,11.000,11.000,0.000,0.000,0,0,1.8861,54,108,54,54,62
4,falling,23,407.0,,195.000,176.372,0.00000,5.82223,5.82223,0.000000,0.000000,0,0,2.63600,378.793,10.821,9.000,9.000,10.000,11.000,11.000,0.000,0.000,0,0,1.8861,54,108,54,54,62
4,falling,24,424.0,,195.000,182.137,0.00000,6.00505,6.00505,0.000000,0.000000,0,0,2.63600,378.793,10.821,9.000,9.000,10.000,11.000,11.000,0.000,0.000,0,0,1.8861,54,108,54,54,62
4,falling,25,440.0,,195.000,188.457,0.00000,6.19651,6.19651,0.000000,0.000000,0,0,2.63600,378.793,10.821,9.000,9.000,10.000,11.000,11.000,0.000,0.000,0,0,1.8861,54,108,54,54,62
4,falling,26,457.0,,195.000,194.970,0.00000,6.38504,6.38504,0.000000,0.000000,0,0,2.63600,378.793,10.821,9.000,9.000,10.000,11.000,11.000,0.000,0.000,0,0,1.8861,54,108,54,54,62
4,falling,27,474.0,,195.000,201.267,0.00000,6.55976,6.55976,0.000000,0.000000,0,0,2.63600,378.793,10.821,9.000,9.000,10.000,11.000,11.000,0.000,0.000,0,0,1.8861,54,108,54,54,62
4,falling,28,490.0,,195.000,208.145,0.00000,6.74273,6.74273,0.000000,0.000000,0,0,2.63600,378.793,10.821,9.000,9.000,10.000,11.000,11.000,0.000,0.000,0,0,1.8861,54,108,54,54,62
4,falling,29,507.0,,195.000,215.206,0.00000,6.92290,6.92290,0.000000,0.000000,0,0,2.63600,378.793,10.821,9.000,9.000,10.000,11.000,11.000,0.000,0.000,0,0,1.8861,54,108,54,54,62
4,falling,30,524.0,,195.000,222.013,0.00000,7.08987,7.08987,0.000000,0.000000,0,0,2.63600,378.793,10.821,9.000,9.000,10.000,11.000,11.000,0.000,0.000,0,0,1.8861,54,108,54,54,62
4,falling,31,540.0,,195.000,229.423,0.00000,7.26473,7.26473,0.000000,0.000000,0,0,2.63600,378.793,10.821,9.000,9.000,10.000,11.000,11.000,0.000,0.000,0,0,1.8861,54,108,54,54,62
4,falling,32,557.0,,195.000,237.008,0.00000,7.43691,7.43691,0.000000,0.000000,0,0,2.63600,378.793,10.821,9.000,9.000,10.000,11.000,11.000,0.000,0.000,0,0,1.8861,54,108,54,54,62
4,falling,33,574.0,,195.000,244.301,0.00000,7.59649,7.59649,0.000000,0.000000,0,0,2.63600,378.793,10.821,9.000,9.000,10.000,11.000,11.000,0.000,0.000,0,0,1.8861,54,108,54,54,62
4,falling,34,590.0,,195.000,252.220,0.00000,7.76360,7.76360,0.000000,0.000000,0,0,2.63600,378.793,10.821,9.000,9.000,10.000,11.000,11.000,0.000,0.000,0,0,1.8861,54,108,54,54,62
4,falling,35,607.0,,195.000,260.307,0.00000,7.92815,7.92815,0.000000,0.000000,0,0,2.63600,378.793,10.821,9.000,9.000,10.000,11.000,11.000,0.000,0.000,0,0,1.8861,54,108,54,54,62
4,falling,36,624.0,,195.000,268.064,0.00000,8.08065,8.08065,0.000000,0.000000,0,0,2.63600,378.793,10.821,9.000,9.000,10.000,11.000,11.000,0.000,0.000,0,0,1.8861,54,108,54,54,62
4,falling,37,640.0,,195.000,276.469,0.00000,8.24035,8.24035,0.000000,0.000000,0,0,2.63600,378.793,10.821,9.000,9.000,10.000,11.000,11.000,0.000,0.000,0,0,1.8861,54,108,54,54,62
4,falling,38,657.0,,195.000,285.035,0.00000,8.39760,8.39760,0.000000,0.000000,0,0,2.63600,378.793,10.821,9.000,9.000,10.000,11.000,11.000,0.000,0.000,0,0,1.8861,54,108,54,54,62
4,falling,39,674.0,,195.000,293.236,0.00000,8.54335,8.54335,0.000000,0.000000,0,0,2.63600,378.793,10.821,9.000,9.000,10.000,11.000,11.000,0.000,0.000,0,0,1.8861,54,108,54,54,62
4,falling,40,690.0,,195.000,302.106,0.00000,8.69597,8.69597,0.000000,0.000000,0,0,2.63600,378.793,10.821,9.000,9.000,10.000,11.000,11.000,0.000,0.000,0,0,1.8861,54,108,54,54,62
4,falling,41,707.0,,195.000,311.129,0.00000,8.84625,8.84625,0.000000,0.000000,0,0,2.63600,378.793,10.821,9.000,9.000,10.000,11.000,11.000,0.000,0.000,0,0,1.8861,54,108,54,54,62
4,falling,42,724.0,,195.000,320.303,0.00000,8.99424,8.99424,0.000000,0.000000,0,0,2.63600,378.793,10.821,9.000,9.000,10.000,11.000,11.000,0.000,0.000,0,0,1.8861,54,108,54,54,62
4,falling,43,740.0,,195.000,329.070,0.00000,9.13139,9.13139,0.000000,0.000000,0,0,2.63600,378.793,10.821,9.000,9.000,10.000,11.000,11.000,0.000,0.000,0,0,1.8861,54,108,54,54,62
4,falling,44,757.0,,195.000,338.530,0.00000,9.27501,9.27501,0.000000,0.000000,0,0,2.63600,378.793,10.821,9.000,9.000,10.000,11.000,11.000,0.000,0.000,0,0,1.8861,54,108,54,54,62
4,falling,45,774.0,,195.000,348.135,0.00000,9.41643,9.41643,0.000000,0.000000,0,0,2.63600,378.793,10.821,9.000,9.000,10.000,11.000,11.000,0.000,0.000,0,0,1.8861,54,108,54,54,62
4,falling,46,790.0,,195.000,357.300,0.00000,9.54750,9.54750,0.000000,0.000000,0,0,2.63600,378.793,10.821,9.000,9.000,10.000,11.000,11.000,0.000,0.000,0,0,1.8861,54,108,54,54,62
4,falling,47,807.0,,195.000,367.179,0.00000,9.68476,9.68476,0.000000,0.000000,0,0,2.63600,378.793,10.821,9.000,9.000,10.000,11.000,11.000,0.000,0.000,0,0,1.8861,54,108,54,54,62
4,falling,48,824.0,,195.000,377.195,0.00000,9.81992,9.81992,0.000000,0.000000,0,0,2.63600,378.793,10.821,9.000,9.000,10.000,11.000,11.000,0.000,0.000,0,0,1.8861,54,108,54,54,62
4,falling,49,841.0,,195.000,386.743,0.00000,9.94518,9.94518,0.000000,0.000000,0,0,2.63600,378.793,10.821,9.000,9.000,10.000,11.000,11.000,0.000,0.000,0,0,1.8861,54,108,54,54,62
4,falling,50,857.0,,195.000,397.020,0.00000,10.07635,10.07635,0.000000,0.000000,0,0,2.63600,378.793,10.821,9.000,9.000,10.000,11.000,11.000,0.000,0.000,0,0,1.8861,54,108,54,54,62
4,falling,51,874.0,,195.000,407.430,0.00000,10.20551,10.20551,0.000000,0.000000,0,0,2.63600,378.793,10.821,9.000,9.000,10.000,11.000,11.000,0.000,0.000,0,0,1.8861,54,108,54,54,62
4,falling,52,891.0,,195.000,417.342,0.00000,10.32522,10.32522,0.000000,0.000000,0,0,2.63600,378.793,10.821,9.000,9.000,10.000,11.000,11.000,0.000,0.000,0,0,1.8861,54,108,54,54,62
4,falling,53,907.0,,195.000,428.002,0.00000,10.45058,10.45058,0.000000,0.000000,0,0,2.63600,378.793,10.821,9.000,9.000,10.000,11.000,11.000,0.000,0.000,0,0,1.8861,54,108,54,54,62
4,falling,54,924.0,,195.000,438.787,0.00000,10.57402,10.57402,0.000000,0.000000,0,0,2.63600,378.793,10.821,9.000,9.000,10.000,11.000,11.000,0.000,0.000,0,0,1.8861,54,108,54,54,62
4,falling,55,941.0,,195.000,449.048,0.00000,10.68842,10.68842,0.000000,0.000000,0,0,2.63600,378.793,10.821,9.000,9.000,10.000,11.000,11.000,0.000,0.000,0,0,1.8861,54,108,54,54,62
4,falling,56,957.0,,195.000,460.073,0.00000,10.80822,10.80822,0.000000,0.000000,0,0,2.63600,378.793,10.821,9.000,9.000,10.000,11.000,11.000,0.000,0.000,0,0,1.8861,54,108,54,54,62
4,falling,57,974.0,,195.000,471.217,0.00000,10.92619,10.92619,0.000000,0.000000,0,0,2.63600,378.793,10.821,9.000,9.000,10.000,11.000,11.000,0.000,0.000,0,0,1.8861,54,108,54,54,62
4,post_landing,58,991.0,58,195.000,478.553,0.10282,0.07128,0.12511,0.121862,0.000000,0,1,2.63600,378.793,10.821,9.000,9.000,10.000,11.000,11.000,0.000,0.000,0,6,1.8861,54,108,54,54,62
4,post_landing,59,1007.0,58,195.103,477.234,0.70790,0.11200,0.71671,-0.032153,0.122398,0,1,2.63600,378.793,10.821,9.000,6.077,9.055,10.169,11.040,0.000,0.000,0,3,1.8861,54,108,54,54,62
4,post_landing,60,1024.0,58,195.814,476.640,0.43824,-0.19882,0.48123,0.031890,0.090103,0,1,2.63600,378.793,10.821,9.000,6.066,9.053,11.045,11.045,0.000,0.000,0,2,1.8861,54,108,54,54,62
4,post_landing,61,1041.0,58,196.229,476.338,1.12282,-0.97753,1.48872,-0.060329,0.120276,0,1,2.63600,378.793,10.821,9.000,6.077,9.055,10.168,11.041,0.000,0.000,0,1,1.8861,54,108,54,54,62
4,post_landing,62,1057.0,58,197.357,475.645,1.10564,-0.67924,1.29761,-0.059406,0.059682,0,0,2.63600,378.793,10.821,9.000,6.049,9.044,11.040,11.040,0.000,0.000,0,0,1.8861,54,108,54,54,62
4,post_landing,63,1074.0,58,198.467,475.252,1.08872,-0.38551,1.15496,-0.058497,0.000015,0,0,2.63600,378.793,10.821,9.000,6.000,9.000,11.000,11.000,0.000,0.000,0,0,1.8861,54,108,54,54,62
4,post_landing,64,1091.0,58,199.497,475.143,1.07304,-0.11330,1.07901,-0.057655,-0.055333,0,0,2.63600,378.793,10.821,9.000,8.043,10.040,11.149,11.260,0.000,0.000,0,0,1.8861,54,108,54,54,62
4,post_landing,65,1107.0,58,200.575,475.319,1.05663,0.17177,1.07050,-0.056773,-0.113242,0,0,2.63600,378.793,10.821,9.000,8.062,10.049,11.269,11.495,0.000,0.000,0,0,1.8861,54,108,54,54,62
4,post_landing,66,1124.0,58,201.636,475.780,1.04046,0.45248,1.13459,-0.055904,-0.170264,0,0,2.63600,378.793,10.821,9.000,8.054,9.209,11.349,11.688,0.000,0.000,0,0,1.8861,54,108,54,54,62
4,post_landing,67,1141.0,58,202.621,476.349,-0.45134,-1.38159,1.45344,0.133111,-0.223159,0,1,2.63600,378.793,10.821,9.000,3.147,10.416,11.612,12.498,0.000,0.000,0,2,1.8861,54,108,54,54,62
4,post_landing,68,1157.0,58,202.167,475.250,-0.44443,-1.07712,1.16520,0.131074,-0.089463,0,0,2.63600,378.793,10.821,9.000,8.057,10.049,11.224,11.403,0.000,0.000,0,0,1.8861,54,108,54,54,62
4,post_landing,69,1174.0,58,201.721,474.457,-0.43763,-0.77730,0.89203,0.129068,0.042187,0,0,2.63600,378.793,10.821,9.000,6.037,9.034,11.032,11.032,0.000,0.000,0,0,1.8861,54,108,54,54,62
4,post_landing,70,1191.0,58,201.282,473.966,-0.43094,-0.48208,0.64661,0.127094,0.171822,0,0,2.63600,378.793,10.821,9.000,6.083,6.254,10.195,11.009,0.000,0.000,0,0,1.8861,54,108,54,54,62
4,post_landing,71,1207.0,58,200.874,473.766,-0.42473,-0.20847,0.47313,0.125264,0.292075,0,0,2.63600,378.793,10.821,9.000,1.246,6.322,9.483,10.822,0.000,0.000,0,0,1.8861,54,108,54,54,62
4,post_landing,72,1224.0,58,200.447,473.845,-0.41823,0.07805,0.42545,0.123347,0.417889,0,0,2.63600,378.793,10.821,9.000,1.320,1.726,7.107,10.459,0.000,0.000,0,0,1.8861,54,108,54,54,62
4,post_landing,73,1241.0,58,200.027,474.213,-0.41183,0.36019,0.54712,0.121460,0.541778,0,0,2.63600,378.793,10.821,9.000,1.372,1.888,7.203,21.095,0.000,0.000,0,0,1.8861,54,108,54,54,62
4,post_landing,74,1257.0,58,199.637,474.809,-0.40590,0.62167,0.74245,0.119711,0.656701,0,0,2.63600,378.793,10.821,9.000,2.013,2.624,7.194,21.401,0.000,0.000,0,0,1.8861,54,108,54,54,62
4,post_landing,75,1274.0,58,199.230,475.723,-0.39969,0.89550,0.98065,0.117879,0.776938,0,0,2.63600,378.793,10.821,9.000,2.115,2.816,7.083,21.236,0.000,0.000,0,0,1.8861,54,108,54,54,62
4,post_landing,76,1291.0,58,198.828,476.911,-0.39358,1.16513,1.22981,0.116076,0.895335,0,0,2.63600,378.793,10.821,9.000,2.186,3.747,16.708,21.085,0.000,0.000,0,0,1.8861,54,108,54,54,62
4,post_landing,77,1307.0,58,198.456,478.270,-0.38791,1.41502,1.46722,0.114404,1.005163,0,0,2.63600,378.793,10.821,9.000,2.224,16.951,17.260,70.713,0.000,0.000,0,0,1.8861,54,108,54,54,62
4,post_landing,78,1324.0,58,198.066,479.980,-0.38197,1.67670,1.71966,0.112654,1.120070,0,0,2.63600,378.793,10.821,9.000,1.800,51.425,67.512,69.690,0.000,0.000,0,0,1.8861,54,108,54,54,62
4,post_landing,79,1341.0,58,197.683,481.953,-0.37613,1.93438,1.97061,0.110930,1.233218,0,0,2.63600,378.793,10.821,9.000,2.831,2.831,6.043,51.021,0.000,0.000,0,0,1.8861,54,108,54,54,62
4,post_landing,80,1358.0,58,197.327,484.039,-0.37071,2.17319,2.20458,0.109333,1.338178,0,0,2.63600,378.793,10.821,9.000,2.919,2.919,5.787,6.248,0.000,0.000,0,0,1.8861,54,108,54,54,62
4,post_landing,81,1374.0,58,196.954,486.511,-0.36504,2.42328,2.45062,0.107660,1.447991,0,0,2.63600,378.793,10.821,9.000,2.977,2.977,5.452,5.697,0.000,0.000,0,0,1.8861,54,108,54,54,62
4,post_landing,82,1391.0,58,196.588,489.234,-0.35946,2.66953,2.69362,0.106013,1.556124,0,0,2.63600,378.793,10.821,9.000,3.000,3.000,5.058,5.087,0.000,0.000,0,0,1.8861,54,108,54,54,62
4,post_landing,83,1408.0,58,196.248,490.089,-1.33377,-0.87310,1.59413,0.016124,1.656431,0,1,2.63600,378.793,10.821,9.000,2.989,2.989,4.725,5.238,0.000,0.000,0,5,1.8861,54,108,54,54,62
4,post_landing,84,1424.0,58,194.908,488.234,-2.07012,-1.62195,2.62985,0.013115,1.672626,0,1,2.63600,378.793,10.821,9.000,2.984,2.984,4.669,5.279,0.000,0.000,0,2,1.8861,54,108,54,54,62
4,post_landing,85,1441.0,58,192.829,485.879,-2.03845,-1.31380,2.42515,0.012914,1.685799,0,0,2.63600,378.793,10.821,9.000,2.980,2.980,4.623,5.311,0.000,0.000,0,0,1.8861,54,108,54,54,62
4,post_landing,86,1458.0,58,190.900,484.081,-2.00909,-1.02821,2.25692,0.012728,1.698018,0,0,2.63600,378.793,10.821,9.000,2.976,2.976,4.579,5.340,0.000,0.000,0,0,1.8861,54,108,54,54,62
4,post_landing,87,1474.0,58,188.882,482.688,-1.97836,-0.72915,2.10845,0.012534,1.710803,0,0,2.63600,378.793,10.821,9.000,2.971,2.971,4.532,5.370,0.000,0.000,0,0,1.8861,54,108,54,54,62
4,post_landing,88,1491.0,58,186.895,481.726,-1.94809,-0.43466,1.99599,0.012342,1.723391,0,0,2.63600,378.793,10.821,9.000,2.965,2.965,4.486,5.398,0.000,0.000,0,0,1.8861,54,108,54,54,62
4,post_landing,89,1508.0,58,185.052,481.155,-1.92003,-0.16173,1.92683,0.012164,1.735069,0,0,2.63600,378.793,10.821,9.000,2.960,2.960,4.442,5.423,0.000,0.000,0,0,1.8861,54,108,54,54,62
4,post_landing,90,1524.0,58,183.123,480.949,-1.89066,0.12408,1.89472,0.011978,1.747287,0,0,2.63600,378.793,10.821,9.000,2.953,2.953,4.396,5.449,0.000,0.000,0,0,1.8861,54,108,54,54,62
4,post_landing,91,1541.0,58,181.224,481.363,-1.86173,0.40551,1.90538,0.011795,1.759318,0,0,2.63600,378.793,10.821,9.000,2.947,2.947,4.349,5.474,0.000,0.000,0,0,1.8861,54,108,54,54,62
4,post_landing,92,1558.0,58,179.463,482.003,-1.83492,0.66634,1.95216,0.011625,1.770478,0,0,2.63600,378.793,10.821,9.000,2.940,2.940,4.306,5.496,0.000,0.000,0,0,1.8861,54,108,54,54,62
4,post_landing,93,1574.0,58,177.620,482.961,-1.80685,0.93948,2.03650,0.011447,1.782154,0,0,2.63600,378.793,10.821,9.000,2.933,2.933,4.259,5.518,0.000,0.000,0,0,1.8861,54,108,54,54,62
4,post_landing,94,1591.0,58,175.805,484.193,-1.77920,1.20844,2.15079,0.011272,1.793651,0,0,2.63600,378.793,10.821,9.000,2.926,2.926,3.238,5.539,0.000,0.000,0,0,1.8861,54,108,54,54,62
4,post_landing,95,1608.0,58,174.122,485.593,-1.75358,1.45770,2.28034,0.011110,1.804317,0,0,2.63600,378.793,10.821,9.000,2.919,2.919,3.197,5.559,0.000,0.000,0,0,1.8861,54,108,54,54,62
4,post_landing,96,1624.0,58,172.360,487.041,-1.81656,0.19113,1.82659,0.000000,1.815475,0,1,2.63600,378.793,10.821,9.000,2.911,2.911,3.154,5.578,0.000,0.000,0,2,1.8861,54,108,54,54,62
4,post_landing,97,1641.0,58,170.536,487.041,-1.22342,0.17918,1.23648,-0.044795,1.815475,0,1,2.63600,378.793,10.821,9.000,2.911,2.911,3.154,5.578,0.000,0.000,0,2,1.8861,54,108,54,54,62
4,post_landing,98,1658.0,58,169.378,487.121,-1.35050,0.16844,1.36097,0.004283,1.773091,0,1,2.63600,378.793,10.821,9.000,2.939,2.939,4.295,5.501,0.000,0.000,0,1,1.8861,54,108,54,54,62
4,post_landing,99,1674.0,58,168.022,487.292,-1.27796,0.04541,1.27876,-0.002402,1.777393,0,1,2.63600,378.793,10.821,9.000,2.936,2.936,4.278,5.509,0.000,0.000,0,2,1.8861,54,108,54,54,62
4,post_landing,100,1691.0,58,166.738,487.310,-1.74727,0.01583,1.74734,0.050360,1.774980,0,1,2.63600,378.793,10.821,9.000,2.938,2.938,4.288,5.504,0.000,0.000,0,2,1.8861,54,108,54,54,62
4,post_landing,101,1708.0,58,165.085,486.998,-1.63359,0.08817,1.63597,0.019326,1.822630,0,1,2.63600,378.793,10.821,9.000,2.905,2.905,3.126,5.590,0.000,0.000,0,2,1.8861,54,108,54,54,62
4,post_landing,102,1724.0,58,163.444,486.895,-1.45113,-0.21951,1.46764,-0.017944,1.842041,0,1,2.63600,378.793,10.821,9.000,2.890,2.890,3.050,5.621,0.000,0.000,0,2,1.8861,54,108,54,54,62
4,post_landing,103,1741.0,58,161.987,486.741,-0.92291,0.05240,0.92440,-0.096635,1.824018,0,1,2.63600,378.793,10.821,9.000,2.904,2.904,3.121,5.592,0.000,0.000,0,1,1.8861,54,108,54,54,62
4,post_landing,104,1758.0,58,161.114,487.047,-0.90962,0.31831,0.96371,-0.095244,1.732584,0,0,2.63600,378.793,10.821,9.000,2.961,2.961,4.451,5.418,0.000,0.000,0,0,1.8861,54,108,54,54,62
4,post_landing,105,1774.0,58,160.200,487.655,-0.89570,0.59678,1.07630,-0.093786,1.636922,0,0,2.63600,378.793,10.821,9.000,2.993,2.993,4.791,5.187,0.000,0.000,0,0,1.8861,54,108,54,54,62
4,post_landing,106,1791.0,58,159.300,488.544,-0.88200,0.87098,1.23957,-0.092352,1.542723,0,0,2.63600,378.793,10.821,9.000,2.999,2.999,5.110,5.166,0.000,0.000,0,0,1.8861,54,108,54,54,62
4,post_landing,107,1808.0,58,158.466,489.624,-0.86930,1.12510,1.42181,-0.091022,1.455343,0,0,2.63600,378.793,10.821,9.000,2.980,2.980,5.428,5.658,0.000,0.000,0,0,1.8861,54,108,54,54,62
4,post_landing,108,1825.0,58,157.593,491.043,-0.85600,1.39122,1.63347,-0.089629,1.363921,0,0,2.63600,378.793,10.821,9.000,2.936,2.936,5.715,6.126,0.000,0.000,0,0,1.8861,54,108,54,54,62
4,post_landing,109,1841.0,58,156.733,492.729,-0.84290,1.65327,1.85574,-0.088258,1.273898,0,0,2.63600,378.793,10.821,9.000,2.869,2.869,5.951,6.537,0.000,0.000,0,0,1.8861,54,108,54,54,62
4,post_landing,110,1858.0,58,155.935,494.550,-0.83076,1.89613,2.07014,-0.086987,1.190391,0,0,2.63600,378.793,10.821,9.000,1.857,2.786,6.128,67.221,0.000,0.000,0,0,1.8861,54,108,54,54,62
4,post_landing,111,1874.0,58,155.101,496.743,-0.81805,2.15045,2.30079,-0.085656,1.103022,0,0,2.63600,378.793,10.821,9.000,1.785,67.532,67.532,69.787,0.000,0.000,0,0,1.8861,54,108,54,54,62
4,post_landing,112,1891.0,58,154.279,497.481,0.41570,0.16911,0.44878,0.004927,1.016990,0,1,2.63600,378.793,10.821,9.000,16.115,16.965,64.784,70.692,0.000,0.000,0,7,1.8861,54,108,54,54,62
4,post_landing,113,1908.0,58,154.673,497.400,0.69756,-0.05559,0.69977,0.013158,1.021651,0,1,2.63600,378.793,10.821,9.000,16.117,16.970,64.800,70.682,0.000,0.000,0,6,1.8861,54,108,54,54,62
4,post_landing,114,1925.0,58,155.373,497.435,0.57200,0.08686,0.57856,0.010832,1.034867,0,1,2.63600,378.793,10.821,9.000,16.122,16.982,66.558,70.643,0.000,0.000,0,2,1.8861,54,108,54,54,62
4,post_landing,115,1941.0,58,155.948,497.662,0.46854,0.14017,0.48905,0.008912,1.045746,0,1,2.63600,378.793,10.821,9.000,16.990,16.990,67.457,70.602,0.000,0.000,0,1,1.8861,54,108,54,54,62
4,post_landing,116,1958.0,58,156.391,497.970,0.38224,0.15383,0.41203,0.007410,1.054179,0,1,2.63600,378.793,10.821,9.000,16.994,64.873,67.482,70.564,0.000,0.000,0,1,1.8861,54,108,54,54,62
4,post_landing,117,1975.0,58,156.775,498.257,0.31100,0.16523,0.35217,0.006100,1.061622,0,1,2.63600,378.793,10.821,9.000,16.997,65.754,67.500,70.526,0.000,0.000,0,1,1.8861,54,108,54,54,62
5,falling,0,14.0,,195.000,97.029,0.00000,0.55000,0.55000,0.000000,0.000000,0,0,4.20200,918.333,0.519,9.000,9.000,11.000,12.000,16.000,0.000,0.000,0,0,1.6043,84,168,84,91,85
5,falling,1,23.0,,195.000,97.405,0.00000,0.69555,0.69555,0.000000,0.000000,0,0,4.20200,918.333,0.519,9.000,9.000,11.000,12.000,16.000,0.000,0.000,0,0,1.6043,84,168,84,91,85
5,falling,2,40.0,,195.000,98.392,0.00000,0.96824,0.96824,0.000000,0.000000,0,0,4.20200,918.333,0.519,9.000,9.000,11.000,12.000,16.000,0.000,0.000,0,0,1.6043,84,168,84,91,85
5,falling,3,57.0,,195.000,99.654,0.00000,1.23676,1.23676,0.000000,0.000000,0,0,4.20200,918.333,0.519,9.000,9.000,11.000,12.000,16.000,0.000,0.000,0,0,1.6043,84,168,84,91,85
5,falling,4,73.0,,195.000,101.080,0.00000,1.48561,1.48561,0.000000,0.000000,0,0,4.20200,918.333,0.519,9.000,9.000,11.000,12.000,16.000,0.000,0.000,0,0,1.6043,84,168,84,91,85
5,falling,5,90.0,,195.000,102.861,0.00000,1.74622,1.74622,0.000000,0.000000,0,0,4.20200,918.333,0.519,9.000,9.000,11.000,12.000,16.000,0.000,0.000,0,0,1.6043,84,168,84,91,85
5,falling,6,107.0,,195.000,104.904,0.00000,2.00283,2.00283,0.000000,0.000000,0,0,4.20200,918.333,0.519,9.000,9.000,11.000,12.000,16.000,0.000,0.000,0,0,1.6043,84,168,84,91,85
5,falling,7,124.0,,195.000,107.055,0.00000,2.24066,2.24066,0.000000,0.000000,0,0,4.20200,918.333,0.519,9.000,9.000,11.000,12.000,16.000,0.000,0.000,0,0,1.6043,84,168,84,91,85
5,falling,8,140.0,,195.000,109.594,0.00000,2.48971,2.48971,0.000000,0.000000,0,0,4.20200,918.333,0.519,9.000,9.000,11.000,12.000,16.000,0.000,0.000,0,0,1.6043,84,168,84,91,85
5,falling,9,157.0,,195.000,112.384,0.00000,2.73495,2.73495,0.000000,0.000000,0,0,4.20200,918.333,0.519,9.000,9.000,11.000,12.000,16.000,0.000,0.000,0,0,1.6043,84,168,84,91,85
5,falling,10,174.0,,195.000,115.228,0.00000,2.96223,2.96223,0.000000,0.000000,0,0,4.20200,918.333,0.519,9.000,9.000,11.000,12.000,16.000,0.000,0.000,0,0,1.6043,84,168,84,91,85
5,falling,11,190.0,,195.000,118.492,0.00000,3.20025,3.20025,0.000000,0.000000,0,0,4.20200,918.333,0.519,9.000,9.000,11.000,12.000,16.000,0.000,0.000,0,0,1.6043,84,168,84,91,85
5,falling,12,207.0,,195.000,121.995,0.00000,3.43461,3.43461,0.000000,0.000000,0,0,4.20200,918.333,0.519,9.000,9.000,11.000,12.000,16.000,0.000,0.000,0,0,1.6043,84,168,84,91,85
5,falling,13,224.0,,195.000,125.501,0.00000,3.65182,3.65182,0.000000,0.000000,0,0,4.20200,918.333,0.519,9.000,9.000,11.000,12.000,16.000,0.000,0.000,0,0,1.6043,84,168,84,91,85
5,falling,14,240.0,,195.000,129.458,0.00000,3.87928,3.87928,0.000000,0.000000,0,0,4.20200,918.333,0.519,9.000,9.000,11.000,12.000,16.000,0.000,0.000,0,0,1.6043,84,168,84,91,85
5,falling,15,257.0,,195.000,133.643,0.00000,4.10326,4.10326,0.000000,0.000000,0,0,4.20200,918.333,0.519,9.000,9.000,11.000,12.000,16.000,0.000,0.000,0,0,1.6043,84,168,84,91,85
5,falling,16,274.0,,195.000,137.782,0.00000,4.31084,4.31084,0.000000,0.000000,0,0,4.20200,918.333,0.519,9.000,9.000,11.000,12.000,16.000,0.000,0.000,0,0,1.6043,84,168,84,91,85
5,falling,17,290.0,,195.000,142.401,0.00000,4.52822,4.52822,0.000000,0.000000,0,0,4.20200,918.333,0.519,9.000,9.000,11.000,12.000,16.000,0.000,0.000,0,0,1.6043,84,168,84,91,85
5,falling,18,307.0,,195.000,147.238,0.00000,4.74227,4.74227,0.000000,0.000000,0,0,4.20200,918.333,0.519,9.000,9.000,11.000,12.000,16.000,0.000,0.000,0,0,1.6043,84,168,84,91,85
5,falling,19,324.0,,195.000,151.981,0.00000,4.94065,4.94065,0.000000,0.000000,0,0,4.20200,918.333,0.519,9.000,9.000,11.000,12.000,16.000,0.000,0.000,0,0,1.6043,84,168,84,91,85
5,falling,20,340.0,,195.000,157.232,0.00000,5.14839,5.14839,0.000000,0.000000,0,0,4.20200,918.333,0.519,9.000,9.000,11.000,12.000,16.000,0.000,0.000,0,0,1.6043,84,168,84,91,85
5,falling,21,357.0,,195.000,162.692,0.00000,5.35295,5.35295,0.000000,0.000000,0,0,4.20200,918.333,0.519,9.000,9.000,11.000,12.000,16.000,0.000,0.000,0,0,1.6043,84,168,84,91,85
5,falling,22,374.0,,195.000,168.013,0.00000,5.54254,5.54254,0.000000,0.000000,0,0,4.20200,918.333,0.519,9.000,9.000,11.000,12.000,16.000,0.000,0.000,0,0,1.6043,84,168,84,91,85
5,falling,23,390.0,,195.000,173.869,0.00000,5.74107,5.74107,0.000000,0.000000,0,0,4.20200,918.333,0.519,9.000,9.000,11.000,12.000,16.000,0.000,0.000,0,0,1.6043,84,168,84,91,85
5,falling,24,407.0,,195.000,179.924,0.00000,5.93657,5.93657,0.000000,0.000000,0,0,4.20200,918.333,0.519,9.000,9.000,11.000,12.000,16.000,0.000,0.000,0,0,1.6043,84,168,84,91,85
5,falling,25,424.0,,195.000,185.797,0.00000,6.11775,6.11775,0.000000,0.000000,0,0,4.20200,918.333,0.519,9.000,9.000,11.000,12.000,16.000,0.000,0.000,0,0,1.6043,84,168,84,91,85
5,falling,26,440.0,,195.000,192.231,0.00000,6.30748,6.30748,0.000000,0.000000,0,0,4.20200,918.333,0.519,9.000,9.000,11.000,12.000,16.000,0.000,0.000,0,0,1.6043,84,168,84,91,85
5,falling,27,457.0,,195.000,198.855,0.00000,6.49431,6.49431,0.000000,0.000000,0,0,4.20200,918.333,0.519,9.000,9.000,11.000,12.000,16.000,0.000,0.000,0,0,1.6043,84,168,84,91,85
5,falling,28,474.0,,195.000,205.256,0.00000,6.66746,6.66746,0.000000,0.000000,0,0,4.20200,918.333,0.519,9.000,9.000,11.000,12.000,16.000,0.000,0.000,0,0,1.6043,84,168,84,91,85
5,falling,29,490.0,,195.000,212.241,0.00000,6.84878,6.84878,0.000000,0.000000,0,0,4.20200,918.333,0.519,9.000,9.000,11.000,12.000,16.000,0.000,0.000,0,0,1.6043,84,168,84,91,85
5,falling,30,507.0,,195.000,219.409,0.00000,7.02732,7.02732,0.000000,0.000000,0,0,4.20200,918.333,0.519,9.000,9.000,11.000,12.000,16.000,0.000,0.000,0,0,1.6043,84,168,84,91,85
5,falling,31,524.0,,195.000,226.314,0.00000,7.19280,7.19280,0.000000,0.000000,0,0,4.20200,918.333,0.519,9.000,9.000,11.000,12.000,16.000,0.000,0.000,0,0,1.6043,84,168,84,91,85
5,falling,32,541.0,,195.000,233.828,0.00000,7.36608,7.36608,0.000000,0.000000,0,0,4.20200,918.333,0.519,9.000,9.000,11.000,12.000,16.000,0.000,0.000,0,0,1.6043,84,168,84,91,85
5,falling,33,557.0,,195.000,241.515,0.00000,7.53671,7.53671,0.000000,0.000000,0,0,4.20200,918.333,0.519,9.000,9.000,11.000,12.000,16.000,0.000,0.000,0,0,1.6043,84,168,84,91,85
5,falling,34,574.0,,195.000,249.374,0.00000,7.70473,7.70473,0.000000,0.000000,0,0,4.20200,918.333,0.519,9.000,9.000,11.000,12.000,16.000,0.000,0.000,0,0,1.6043,84,168,84,91,85
5,falling,35,591.0,,195.000,256.920,0.00000,7.86045,7.86045,0.000000,0.000000,0,0,4.20200,918.333,0.519,9.000,9.000,11.000,12.000,16.000,0.000,0.000,0,0,1.6043,84,168,84,91,85
5,falling,36,607.0,,195.000,265.104,0.00000,8.02352,8.02352,0.000000,0.000000,0,0,4.20200,918.333,0.519,9.000,9.000,11.000,12.000,16.000,0.000,0.000,0,0,1.6043,84,168,84,91,85
5,falling,37,624.0,,195.000,273.452,0.00000,8.18410,8.18410,0.000000,0.000000,0,0,4.20200,918.333,0.519,9.000,9.000,11.000,12.000,16.000,0.000,0.000,0,0,1.6043,84,168,84,91,85
5,falling,38,641.0,,195.000,281.451,0.00000,8.33291,8.33291,0.000000,0.000000,0,0,4.20200,918.333,0.519,9.000,9.000,11.000,12.000,16.000,0.000,0.000,0,0,1.6043,84,168,84,91,85
5,falling,39,657.0,,195.000,290.110,0.00000,8.48875,8.48875,0.000000,0.000000,0,0,4.20200,918.333,0.519,9.000,9.000,11.000,12.000,16.000,0.000,0.000,0,0,1.6043,84,168,84,91,85
5,falling,40,674.0,,195.000,298.925,0.00000,8.64221,8.64221,0.000000,0.000000,0,0,4.20200,918.333,0.519,9.000,9.000,11.000,12.000,16.000,0.000,0.000,0,0,1.6043,84,168,84,91,85
5,falling,41,691.0,,195.000,307.358,0.00000,8.78442,8.78442,0.000000,0.000000,0,0,4.20200,918.333,0.519,9.000,9.000,11.000,12.000,16.000,0.000,0.000,0,0,1.6043,84,168,84,91,85
5,falling,42,707.0,,195.000,316.470,0.00000,8.93336,8.93336,0.000000,0.000000,0,0,4.20200,918.333,0.519,9.000,9.000,11.000,12.000,16.000,0.000,0.000,0,0,1.6043,84,168,84,91,85
5,falling,43,724.0,,195.000,325.732,0.00000,9.08001,9.08001,0.000000,0.000000,0,0,4.20200,918.333,0.519,9.000,9.000,11.000,12.000,16.000,0.000,0.000,0,0,1.6043,84,168,84,91,85
5,falling,44,741.0,,195.000,334.579,0.00000,9.21592,9.21592,0.000000,0.000000,0,0,4.20200,918.333,0.519,9.000,9.000,11.000,12.000,16.000,0.000,0.000,0,0,1.6043,84,168,84,91,85
5,falling,45,757.0,,195.000,344.124,0.00000,9.35825,9.35825,0.000000,0.000000,0,0,4.20200,918.333,0.519,9.000,9.000,11.000,12.000,16.000,0.000,0.000,0,0,1.6043,84,168,84,91,85
5,falling,46,774.0,,195.000,353.813,0.00000,9.49841,9.49841,0.000000,0.000000,0,0,4.20200,918.333,0.519,9.000,9.000,11.000,12.000,16.000,0.000,0.000,0,0,1.6043,84,168,84,91,85
5,falling,47,791.0,,195.000,363.056,0.00000,9.62830,9.62830,0.000000,0.000000,0,0,4.20200,918.333,0.519,9.000,9.000,11.000,12.000,16.000,0.000,0.000,0,0,1.6043,84,168,84,91,85
5,falling,48,807.0,,195.000,373.016,0.00000,9.76432,9.76432,0.000000,0.000000,0,0,4.20200,918.333,0.519,9.000,9.000,11.000,12.000,16.000,0.000,0.000,0,0,1.6043,84,168,84,91,85
5,falling,49,824.0,,195.000,383.112,0.00000,9.89826,9.89826,0.000000,0.000000,0,0,4.20200,918.333,0.519,9.000,9.000,11.000,12.000,16.000,0.000,0.000,0,0,1.6043,84,168,84,91,85
5,falling,50,841.0,,195.000,392.733,0.00000,10.02239,10.02239,0.000000,0.000000,0,0,4.20200,918.333,0.519,9.000,9.000,11.000,12.000,16.000,0.000,0.000,0,0,1.6043,84,168,84,91,85
5,falling,51,857.0,,195.000,403.089,0.00000,10.15238,10.15238,0.000000,0.000000,0,0,4.20200,918.333,0.519,9.000,9.000,11.000,12.000,16.000,0.000,0.000,0,0,1.6043,84,168,84,91,85
5,falling,52,874.0,,195.000,413.575,0.00000,10.28038,10.28038,0.000000,0.000000,0,0,4.20200,918.333,0.519,9.000,9.000,11.000,12.000,16.000,0.000,0.000,0,0,1.6043,84,168,84,91,85
5,falling,53,891.0,,195.000,423.558,0.00000,10.39901,10.39901,0.000000,0.000000,0,0,4.20200,918.333,0.519,9.000,9.000,11.000,12.000,16.000,0.000,0.000,0,0,1.6043,84,168,84,91,85
5,falling,54,907.0,,195.000,434.291,0.00000,10.52324,10.52324,0.000000,0.000000,0,0,4.20200,918.333,0.519,9.000,9.000,11.000,12.000,16.000,0.000,0.000,0,0,1.6043,84,168,84,91,85
5,falling,55,924.0,,195.000,445.150,0.00000,10.64557,10.64557,0.000000,0.000000,0,0,4.20200,918.333,0.519,9.000,9.000,11.000,12.000,16.000,0.000,0.000,0,0,1.6043,84,168,84,91,85
5,falling,56,941.0,,195.000,455.479,0.00000,10.75894,10.75894,0.000000,0.000000,0,0,4.20200,918.333,0.519,9.000,9.000,11.000,12.000,16.000,0.000,0.000,0,0,1.6043,84,168,84,91,85
5,falling,57,957.0,,195.000,466.574,0.00000,10.87766,10.87766,0.000000,0.000000,0,0,4.20200,918.333,0.519,9.000,9.000,11.000,12.000,16.000,0.000,0.000,0,0,1.6043,84,168,84,91,85
5,falling,58,974.0,,195.000,477.788,0.00000,10.99456,10.99456,0.000000,0.000000,0,0,4.20200,918.333,0.519,9.000,9.000,11.000,12.000,16.000,0.000,0.000,0,0,1.6043,84,168,84,91,85
5,post_landing,59,991.0,59,195.000,483.979,-1.21537,-0.35502,1.26616,-0.054144,0.000000,0,1,4.20200,918.333,0.519,9.000,9.000,11.000,12.000,16.000,0.000,0.000,0,7,1.6043,84,168,84,91,85
5,post_landing,60,1008.0,59,193.779,481.679,-2.17258,-0.77443,2.30648,0.032187,-0.054382,0,1,4.20200,918.333,0.519,9.000,6.045,10.040,12.091,15.976,0.000,0.000,0,3,1.6043,84,168,84,91,85
5,post_landing,61,1024.0,59,191.597,480.527,-1.82120,-0.32241,1.84952,-0.004605,-0.022054,0,1,4.20200,918.333,0.519,9.000,6.021,10.020,12.041,15.996,0.000,0.000,0,1,1.6043,84,168,84,91,85
5,post_landing,62,1041.0,59,189.874,479.948,-1.79497,-0.05110,1.79570,-0.004539,-0.026411,0,0,4.20200,918.333,0.519,9.000,6.024,10.023,12.049,15.994,0.000,0.000,0,0,1.6043,84,168,84,91,85
5,post_landing,63,1058.0,59,188.071,479.761,-1.76751,0.23302,1.78280,-0.004469,-0.030970,0,0,4.20200,918.333,0.519,9.000,6.028,10.026,12.056,15.992,0.000,0.000,0,0,1.6043,84,168,84,91,85
5,post_landing,64,1074.0,59,186.296,480.284,-1.74047,0.51278,1.81443,-0.004401,-0.035459,0,0,4.20200,918.333,0.519,9.000,6.032,10.029,12.063,15.990,0.000,0.000,0,0,1.6043,84,168,84,91,85
5,post_landing,65,1091.0,59,184.649,480.633,-2.15373,0.18504,2.16167,0.039130,-0.039623,0,1,4.20200,918.333,0.519,9.000,6.035,10.032,12.070,15.987,0.000,0.000,0,1,1.6043,84,168,84,91,85
5,post_landing,66,1108.0,59,182.486,480.412,-2.20170,0.11792,2.20486,0.031159,-0.000321,0,1,4.20200,918.333,0.519,9.000,6.000,10.000,12.001,16.000,0.000,0.000,0,1,1.6043,84,168,84,91,85
5,post_landing,67,1124.0,59,180.274,480.124,-2.38267,0.13039,2.38623,0.040891,0.030975,0,1,4.20200,918.333,0.519,9.000,8.027,10.026,11.057,16.023,0.000,0.000,0,1,1.6043,84,168,84,91,85
5,post_landing,68,1141.0,59,177.881,480.195,-1.65735,-0.64254,1.77754,-0.056467,0.072046,0,1,4.20200,918.333,0.519,9.000,8.051,10.046,11.115,16.030,0.000,0.000,0,2,1.6043,84,168,84,91,85
5,post_landing,69,1158.0,59,176.313,479.843,-1.63348,-0.36663,1.67412,-0.055654,0.018617,0,0,4.20200,918.333,0.519,9.000,8.017,10.017,11.035,16.016,0.000,0.000,0,0,1.6043,84,168,84,91,85
5,post_landing,70,1174.0,59,174.673,479.764,-1.60849,-0.07768,1.61036,-0.054803,-0.037282,0,0,4.20200,918.333,0.519,9.000,6.033,10.030,12.066,15.989,0.000,0.000,0,0,1.6043,84,168,84,91,85
5,post_landing,71,1191.0,59,173.057,479.975,-1.58388,0.20684,1.59733,-0.053964,-0.092325,0,0,4.20200,918.333,0.519,9.000,6.067,10.050,12.133,15.121,0.000,0.000,0,0,1.6043,84,168,84,91,85
5,post_landing,72,1208.0,59,171.558,480.427,-1.56107,0.47053,1.63044,-0.053187,-0.143385,0,0,4.20200,918.333,0.519,9.000,6.081,7.214,12.163,15.132,0.000,0.000,0,0,1.6043,84,168,84,91,85
5,post_landing,73,1224.0,59,169.990,481.189,-1.53719,0.74666,1.70893,-0.052374,-0.196806,0,0,4.20200,918.333,0.519,9.000,6.080,7.256,12.159,38.831,0.000,0.000,0,0,1.6043,84,168,84,91,85
5,post_landing,74,1242.0,59,168.446,482.227,-1.51367,1.01857,1.82447,-0.051572,-0.249410,0,0,4.20200,918.333,0.519,9.000,1.216,7.277,11.400,39.293,0.000,0.000,0,0,1.6043,84,168,84,91,85
5,post_landing,75,1258.0,59,167.014,483.447,-1.49187,1.27057,1.95960,-0.050830,-0.298206,0,0,4.20200,918.333,0.519,9.000,1.250,7.279,36.687,38.231,0.000,0.000,0,0,1.6043,84,168,84,91,85
5,post_landing,76,1274.0,59,165.516,484.565,-1.43821,0.36759,1.48444,-0.036892,-0.349259,0,1,4.20200,918.333,0.519,9.000,1.282,7.262,37.336,38.960,0.000,0.000,0,1,1.6043,84,168,84,91,85
5,post_landing,77,1291.0,59,164.071,485.240,-1.51729,0.20677,1.53132,-0.005491,-0.386313,0,1,4.20200,918.333,0.519,9.000,29.532,34.540,37.696,38.999,0.000,0.000,0,1,1.6043,84,168,84,91,85
5,post_landing,78,1308.0,59,162.636,485.368,-1.31299,0.17877,1.32511,-0.009042,-0.391508,0,1,4.20200,918.333,0.519,9.000,29.536,34.539,37.694,39.000,0.000,0.000,0,1,1.6043,84,168,84,91,85
5,post_landing,79,1324.0,59,161.317,485.549,-1.12469,0.17456,1.13815,-0.010322,-0.400590,0,1,4.20200,918.333,0.519,9.000,29.542,34.536,35.316,38.999,0.000,0.000,0,1,1.6043,84,168,84,91,85
5,post_landing,80,1341.0,59,160.187,485.860,-0.93760,-0.17292,0.95341,0.000000,-0.410957,0,1,4.20200,918.333,0.519,9.000,29.546,34.529,35.328,39.277,0.000,0.000,0,2,1.6043,84,168,84,91,85
5,post_landing,81,1358.0,59,159.300,485.854,-0.64784,0.03657,0.64887,-0.015251,-0.410957,0,1,4.20200,918.333,0.519,9.000,29.546,34.529,35.328,39.277,0.000,0.000,0,2,1.6043,84,168,84,91,85
5,post_landing,82,1374.0,59,158.650,485.959,-0.69633,-0.03924,0.69744,0.011423,-0.426275,0,1,4.20200,918.333,0.519,9.000,29.959,30.373,35.339,39.311,0.000,0.000,0,2,1.6043,84,168,84,91,85
5,post_landing,83,1391.0,59,157.950,485.895,0.09504,-0.30700,0.32138,-0.148641,-0.414802,0,1,4.20200,918.333,0.519,9.000,29.546,30.352,35.331,39.286,0.000,0.000,0,2,1.6043,84,168,84,91,85
5,post_landing,84,1408.0,59,158.040,485.471,-0.74393,-0.07600,0.74780,-0.001009,-0.555442,0,1,4.20200,918.333,0.519,9.000,0.527,3.604,4.131,36.886,0.000,0.000,0,2,1.6043,84,168,84,91,85
5,post_landing,85,1424.0,59,157.293,485.067,-0.83884,-0.11381,0.84653,0.025194,-0.556455,0,1,4.20200,918.333,0.519,9.000,0.528,3.604,4.132,36.887,0.000,0.000,0,1,1.6043,84,168,84,91,85
5,post_landing,86,1441.0,59,156.450,485.155,-0.31505,0.10919,0.33344,-0.043033,-0.531151,0,1,4.20200,918.333,0.519,9.000,0.507,3.600,30.878,36.859,0.000,0.000,0,1,1.6043,84,168,84,91,85
5,post_landing,87,1458.0,59,156.152,485.026,-0.59910,-0.10349,0.60798,0.015211,-0.571868,0,1,4.20200,918.333,0.519,9.000,0.541,3.605,4.146,36.892,0.000,0.000,0,1,1.6043,84,168,84,91,85
5,post_landing,88,1474.0,59,155.550,485.055,-0.52599,-0.08210,0.53236,0.012095,-0.556590,0,1,4.20200,918.333,0.519,9.000,0.528,3.604,4.132,36.887,0.000,0.000,0,1,1.6043,84,168,84,91,85
5,post_landing,89,1491.0,59,155.022,485.103,-0.69019,-0.07560,0.69431,0.042015,-0.544442,0,1,4.20200,918.333,0.519,9.000,0.518,3.602,30.865,36.877,0.000,0.000,0,1,1.6043,84,168,84,91,85
5,post_landing,90,1508.0,59,154.369,485.281,-0.19878,0.14988,0.24896,-0.027542,-0.504688,0,1,4.20200,918.333,0.519,9.000,0.484,3.593,30.887,38.948,0.000,0.000,0,1,1.6043,84,168,84,91,85
5,post_landing,91,1525.0,59,154.169,485.183,0.01664,0.10554,0.10685,-0.043731,-0.532352,0,1,4.20200,918.333,0.519,9.000,0.508,3.600,30.877,36.861,0.000,0.000,0,1,1.6043,84,168,84,91,85
5,post_landing,92,1541.0,59,154.186,485.020,0.03247,0.11052,0.11519,-0.033343,-0.576275,0,1,4.20200,918.333,0.519,9.000,0.545,3.605,4.150,36.892,0.000,0.000,0,1,1.6043,84,168,84,91,85
5,post_landing,93,1558.0,59,154.217,484.935,-0.29322,-0.05433,0.29821,0.021796,-0.607823,0,1,4.20200,918.333,0.519,9.000,0.571,3.605,4.176,32.765,0.000,0.000,0,1,1.6043,84,168,84,91,85
5,post_landing,94,1575.0,59,153.922,484.967,-0.25883,-0.05342,0.26428,0.018048,-0.585931,0,1,4.20200,918.333,0.519,9.000,0.553,3.606,4.159,36.889,0.000,0.000,0,1,1.6043,84,168,84,91,85
5,post_landing,95,1591.0,59,153.662,485.019,-0.31529,-0.09473,0.32922,0.028902,-0.567804,0,1,4.20200,918.333,0.519,9.000,0.538,3.605,4.143,36.891,0.000,0.000,0,1,1.6043,84,168,84,91,85
5,post_landing,96,1608.0,59,153.364,485.111,-0.33924,-0.07955,0.34844,0.033458,-0.540457,0,1,4.20200,918.333,0.519,9.000,0.515,3.601,30.870,36.872,0.000,0.000,0,1,1.6043,84,168,84,91,85
5,post_landing,97,1625.0,59,153.023,485.274,-0.27101,-0.13690,0.30363,0.028673,-0.506852,0,1,4.20200,918.333,0.519,9.000,0.485,3.594,30.887,38.949,0.000,0.000,0,1,1.6043,84,168,84,91,85
5,post_landing,98,1641.0,59,152.751,485.441,-0.25734,-0.13287,0.28962,0.031907,-0.478053,0,1,4.20200,918.333,0.519,9.000,0.460,30.414,30.874,39.357,0.000,0.000,0,1,1.6043,84,168,84,91,85
5,post_landing,99,1658.0,59,152.508,485.583,-0.25364,0.13571,0.28766,0.031448,-0.447864,0,0,4.20200,918.333,0.519,9.000,29.967,30.400,35.340,39.343,0.000,0.000,0,0,1.6043,84,168,84,91,85
5,post_landing,100,1675.0,59,152.253,485.890,-0.01111,0.15845,0.15884,-0.002993,-0.416278,0,1,4.20200,918.333,0.519,9.000,29.951,30.355,35.333,39.289,0.000,0.000,0,2,1.6043,84,168,84,91,85
5,post_landing,101,1691.0,59,152.242,485.929,0.17762,-0.22893,0.28975,-0.004480,-0.419284,0,1,4.20200,918.333,0.519,9.000,29.954,30.361,35.335,39.296,0.000,0.000,0,2,1.6043,84,168,84,91,85
5,post_landing,102,1708.0,59,152.410,485.927,0.09693,-0.07450,0.12225,0.003110,-0.423523,0,1,4.20200,918.333,0.519,9.000,29.957,30.368,35.337,39.305,0.000,0.000,0,2,1.6043,84,168,84,91,85
5,post_landing,103,1725.0,59,152.507,485.922,0.18922,-0.01610,0.18991,-0.007453,-0.420399,0,1,4.20200,918.333,0.519,9.000,29.955,30.363,35.336,39.299,0.000,0.000,0,2,1.6043,84,168,84,91,85
5,post_landing,104,1741.0,59,152.697,485.970,1.33011,0.06433,1.33166,-0.085449,-0.427885,0,1,4.20200,918.333,0.519,9.000,29.960,30.375,35.339,39.314,0.000,0.000,0,2,1.6043,84,168,84,91,85
5,post_landing,105,1758.0,59,153.956,485.695,0.00671,-0.94346,0.94348,0.073300,-0.508735,0,1,4.20200,918.333,0.519,9.000,0.487,3.594,30.887,38.949,0.000,0.000,0,2,1.6043,84,168,84,91,85
5,post_landing,106,1775.0,59,153.963,485.036,0.00661,-0.64569,0.64572,0.072179,-0.435112,0,0,4.20200,918.333,0.519,9.000,29.964,30.385,35.341,39.326,0.000,0.000,0,0,1.6043,84,168,84,91,85
5,post_landing,107,1791.0,59,153.969,484.677,0.00650,-0.35247,0.35253,0.071075,-0.362616,0,0,4.20200,918.333,0.519,9.000,1.290,34.176,37.335,38.980,0.000,0.000,0,0,1.6043,84,168,84,91,85
5,post_landing,108,1808.0,59,153.976,483.856,-0.36836,-0.74857,0.83430,0.016783,-0.291229,0,1,4.20200,918.333,0.519,9.000,1.245,7.280,36.685,39.271,0.000,0.000,0,2,1.6043,84,168,84,91,85
5,post_landing,109,1825.0,59,153.627,483.232,-0.89250,-0.25912,0.92935,0.049528,-0.275350,0,1,4.20200,918.333,0.519,9.000,1.234,7.280,11.673,39.287,0.000,0.000,0,1,1.6043,84,168,84,91,85
5,post_landing,110,1841.0,59,152.731,482.921,-1.20323,-0.96730,1.54384,0.006806,-0.225604,0,1,4.20200,918.333,0.519,9.000,1.198,7.270,12.143,39.050,0.000,0.000,0,2,1.6043,84,168,84,91,85
5,post_landing,111,1858.0,59,151.522,482.238,-1.18482,-0.66917,1.36073,0.006702,-0.218768,0,0,4.20200,918.333,0.519,9.000,1.193,7.267,12.148,39.048,0.000,0.000,0,0,1.6043,84,168,84,91,85
5,post_landing,112,1875.0,59,150.401,481.861,-1.16776,-0.39287,1.23207,0.006605,-0.212427,0,0,4.20200,918.333,0.519,9.000,1.188,7.264,12.152,39.043,0.000,0.000,0,0,1.6043,84,168,84,91,85
5,post_landing,113,1891.0,59,149.228,481.755,-1.14989,-0.10352,1.15454,0.006504,-0.205793,0,0,4.20200,918.333,0.519,9.000,1.183,7.261,12.155,38.833,0.000,0.000,0,0,1.6043,84,168,84,91,85
5,post_landing,114,1908.0,59,148.073,481.940,-1.13230,0.18139,1.14673,0.006405,-0.199260,0,0,4.20200,918.333,0.519,9.000,6.079,7.257,12.158,38.832,0.000,0.000,0,0,1.6043,84,168,84,91,85
5,post_landing,115,1925.0,59,147.002,482.118,-1.52624,-0.49566,1.60470,0.008077,-0.193200,0,1,4.20200,918.333,0.519,9.000,6.080,7.254,12.161,38.829,0.000,0.000,0,1,1.6043,84,168,84,91,85
5,post_landing,116,1941.0,59,145.469,481.910,-1.50288,-0.20474,1.51677,0.007953,-0.185088,0,0,4.20200,918.333,0.519,9.000,6.082,7.249,12.163,38.823,0.000,0.000,0,0,1.6043,84,168,84,91,85
5,post_landing,117,1958.0,59,143.960,481.911,-1.25353,-0.62544,1.40089,-0.035731,-0.177100,0,1,4.20200,918.333,0.519,9.000,6.082,7.243,12.165,38.639,0.000,0.000,0,1,1.6043,84,168,84,91,85
5,post_landing,118,1975.0,59,142.773,481.575,-1.23547,-0.34977,1.28403,-0.035216,-0.210907,0,0,4.20200,918.333,0.519,9.000,1.187,7.264,12.153,38.833,0.000,0.000,0,0,1.6043,84,168,84,91,85
6,falling,0,30.0,,195.000,97.029,0.00000,0.55000,0.55000,0.000000,0.000000,0,0,4.95600,1754.612,4.805,35.000,35.000,35.000,37.000,39.000,0.000,0.000,0,0,1.5583,63,126,63,66,67
6,falling,1,36.0,,195.000,97.262,0.00000,0.64703,0.64703,0.000000,0.000000,0,0,4.95600,1754.612,4.805,35.000,35.000,35.000,37.000,39.000,0.000,0.000,0,0,1.5583,63,126,63,66,67
6,falling,2,53.0,,195.000,98.201,0.00000,0.92046,0.92046,0.000000,0.000000,0,0,4.95600,1754.612,4.805,35.000,35.000,35.000,37.000,39.000,0.000,0.000,0,0,1.5583,63,126,63,66,67
6,falling,3,70.0,,195.000,99.414,0.00000,1.18971,1.18971,0.000000,0.000000,0,0,4.95600,1754.612,4.805,35.000,35.000,35.000,37.000,39.000,0.000,0.000,0,0,1.5583,63,126,63,66,67
6,falling,4,86.0,,195.000,100.796,0.00000,1.43925,1.43925,0.000000,0.000000,0,0,4.95600,1754.612,4.805,35.000,35.000,35.000,37.000,39.000,0.000,0.000,0,0,1.5583,63,126,63,66,67
6,falling,5,103.0,,195.000,102.531,0.00000,1.70056,1.70056,0.000000,0.000000,0,0,4.95600,1754.612,4.805,35.000,35.000,35.000,37.000,39.000,0.000,0.000,0,0,1.5583,63,126,63,66,67
6,falling,6,120.0,,195.000,104.528,0.00000,1.95788,1.95788,0.000000,0.000000,0,0,4.95600,1754.612,4.805,35.000,35.000,35.000,37.000,39.000,0.000,0.000,0,0,1.5583,63,126,63,66,67
6,falling,7,136.0,,195.000,106.636,0.00000,2.19635,2.19635,0.000000,0.000000,0,0,4.95600,1754.612,4.805,35.000,35.000,35.000,37.000,39.000,0.000,0.000,0,0,1.5583,63,126,63,66,67
6,falling,8,153.0,,195.000,109.131,0.00000,2.44608,2.44608,0.000000,0.000000,0,0,4.95600,1754.612,4.805,35.000,35.000,35.000,37.000,39.000,0.000,0.000,0,0,1.5583,63,126,63,66,67
6,falling,9,170.0,,195.000,111.877,0.00000,2.69199,2.69199,0.000000,0.000000,0,0,4.95600,1754.612,4.805,35.000,35.000,35.000,37.000,39.000,0.000,0.000,0,0,1.5583,63,126,63,66,67
6,falling,10,186.0,,195.000,114.680,0.00000,2.91989,2.91989,0.000000,0.000000,0,0,4.95600,1754.612,4.805,35.000,35.000,35.000,37.000,39.000,0.000,0.000,0,0,1.5583,63,126,63,66,67
6,falling,11,204.0,,195.000,117.902,0.00000,3.15855,3.15855,0.000000,0.000000,0,0,4.95600,1754.612,4.805,35.000,35.000,35.000,37.000,39.000,0.000,0.000,0,0,1.5583,63,126,63,66,67
6,falling,12,220.0,,195.000,121.363,0.00000,3.39356,3.39356,0.000000,0.000000,0,0,4.95600,1754.612,4.805,35.000,35.000,35.000,37.000,39.000,0.000,0.000,0,0,1.5583,63,126,63,66,67
6,falling,13,237.0,,195.000,124.830,0.00000,3.61136,3.61136,0.000000,0.000000,0,0,4.95600,1754.612,4.805,35.000,35.000,35.000,37.000,39.000,0.000,0.000,0,0,1.5583,63,126,63,66,67
6,falling,14,253.0,,195.000,128.746,0.00000,3.83943,3.83943,0.000000,0.000000,0,0,4.95600,1754.612,4.805,35.000,35.000,35.000,37.000,39.000,0.000,0.000,0,0,1.5583,63,126,63,66,67
6,falling,15,270.0,,195.000,132.892,0.00000,4.06402,4.06402,0.000000,0.000000,0,0,4.95600,1754.612,4.805,35.000,35.000,35.000,37.000,39.000,0.000,0.000,0,0,1.5583,63,126,63,66,67
6,falling,16,287.0,,195.000,136.993,0.00000,4.27217,4.27217,0.000000,0.000000,0,0,4.95600,1754.612,4.805,35.000,35.000,35.000,37.000,39.000,0.000,0.000,0,0,1.5583,63,126,63,66,67
6,falling,17,303.0,,195.000,141.573,0.00000,4.49014,4.49014,0.000000,0.000000,0,0,4.95600,1754.612,4.805,35.000,35.000,35.000,37.000,39.000,0.000,0.000,0,0,1.5583,63,126,63,66,67
6,falling,18,320.0,,195.000,146.372,0.00000,4.70477,4.70477,0.000000,0.000000,0,0,4.95600,1754.612,4.805,35.000,35.000,35.000,37.000,39.000,0.000,0.000,0,0,1.5583,63,126,63,66,67
6,falling,19,337.0,,195.000,151.079,0.00000,4.90369,4.90369,0.000000,0.000000,0,0,4.95600,1754.612,4.805,35.000,35.000,35.000,37.000,39.000,0.000,0.000,0,0,1.5583,63,126,63,66,67
6,falling,20,353.0,,195.000,156.293,0.00000,5.11200,5.11200,0.000000,0.000000,0,0,4.95600,1754.612,4.805,35.000,35.000,35.000,37.000,39.000,0.000,0.000,0,0,1.5583,63,126,63,66,67
6,falling,21,370.0,,195.000,161.717,0.00000,5.31712,5.31712,0.000000,0.000000,0,0,4.95600,1754.612,4.805,35.000,35.000,35.000,37.000,39.000,0.000,0.000,0,0,1.5583,63,126,63,66,67
6,falling,22,387.0,,195.000,167.004,0.00000,5.50722,5.50722,0.000000,0.000000,0,0,4.95600,1754.612,4.805,35.000,35.000,35.000,37.000,39.000,0.000,0.000,0,0,1.5583,63,126,63,66,67
6,falling,23,404.0,,195.000,172.824,0.00000,5.70629,5.70629,0.000000,0.000000,0,0,4.95600,1754.612,4.805,35.000,35.000,35.000,37.000,39.000,0.000,0.000,0,0,1.5583,63,126,63,66,67
6,falling,24,420.0,,195.000,178.845,0.00000,5.90232,5.90232,0.000000,0.000000,0,0,4.95600,1754.612,4.805,35.000,35.000,35.000,37.000,39.000,0.000,0.000,0,0,1.5583,63,126,63,66,67
6,falling,25,438.0,,195.000,185.062,0.00000,6.09535,6.09535,0.000000,0.000000,0,0,4.95600,1754.612,4.805,35.000,35.000,35.000,37.000,39.000,0.000,0.000,0,0,1.5583,63,126,63,66,67
6,falling,26,454.0,,195.000,191.085,0.00000,6.27424,6.27424,0.000000,0.000000,0,0,4.95600,1754.612,4.805,35.000,35.000,35.000,37.000,39.000,0.000,0.000,0,0,1.5583,63,126,63,66,67
6,falling,27,470.0,,195.000,197.676,0.00000,6.46158,6.46158,0.000000,0.000000,0,0,4.95600,1754.612,4.805,35.000,35.000,35.000,37.000,39.000,0.000,0.000,0,0,1.5583,63,126,63,66,67
6,falling,28,487.0,,195.000,204.455,0.00000,6.64605,6.64605,0.000000,0.000000,0,0,4.95600,1754.612,4.805,35.000,35.000,35.000,37.000,39.000,0.000,0.000,0,0,1.5583,63,126,63,66,67
6,falling,29,504.0,,195.000,210.999,0.00000,6.81701,6.81701,0.000000,0.000000,0,0,4.95600,1754.612,4.805,35.000,35.000,35.000,37.000,39.000,0.000,0.000,0,0,1.5583,63,126,63,66,67
6,falling,30,520.0,,195.000,218.135,0.00000,6.99604,6.99604,0.000000,0.000000,0,0,4.95600,1754.612,4.805,35.000,35.000,35.000,37.000,38.000,0.000,0.000,0,0,1.5583,63,126,63,66,67
6,falling,31,537.0,,195.000,225.451,0.00000,7.17234,7.17234,0.000000,0.000000,0,0,4.95600,1754.612,4.805,35.000,35.000,35.000,37.000,38.000,0.000,0.000,0,0,1.5583,63,126,63,66,67
6,falling,32,554.0,,195.000,232.493,0.00000,7.33572,7.33572,0.000000,0.000000,0,0,4.95600,1754.612,4.805,35.000,35.000,35.000,37.000,38.000,0.000,0.000,0,0,1.5583,63,126,63,66,67
6,falling,33,570.0,,195.000,240.150,0.00000,7.50682,7.50682,0.000000,0.000000,0,0,4.95600,1754.612,4.805,35.000,35.000,35.000,37.000,38.000,0.000,0.000,0,0,1.5583,63,126,63,66,67
6,falling,34,587.0,,195.000,247.979,0.00000,7.67530,7.67530,0.000000,0.000000,0,0,4.95600,1754.612,4.805,35.000,35.000,35.000,37.000,38.000,0.000,0.000,0,0,1.5583,63,126,63,66,67
6,falling,35,604.0,,195.000,255.497,0.00000,7.83144,7.83144,0.000000,0.000000,0,0,4.95600,1754.612,4.805,35.000,35.000,35.000,37.000,38.000,0.000,0.000,0,0,1.5583,63,126,63,66,67
6,falling,36,620.0,,195.000,263.652,0.00000,7.99495,7.99495,0.000000,0.000000,0,0,4.95600,1754.612,4.805,35.000,35.000,35.000,37.000,38.000,0.000,0.000,0,0,1.5583,63,126,63,66,67
6,falling,37,637.0,,195.000,271.971,0.00000,8.15596,8.15596,0.000000,0.000000,0,0,4.95600,1754.612,4.805,35.000,35.000,35.000,37.000,38.000,0.000,0.000,0,0,1.5583,63,126,63,66,67
6,falling,38,654.0,,195.000,279.944,0.00000,8.30519,8.30519,0.000000,0.000000,0,0,4.95600,1754.612,4.805,35.000,35.000,35.000,37.000,38.000,0.000,0.000,0,0,1.5583,63,126,63,66,67
6,falling,39,670.0,,195.000,288.575,0.00000,8.46145,8.46145,0.000000,0.000000,0,0,4.95600,1754.612,4.805,35.000,35.000,35.000,37.000,38.000,0.000,0.000,0,0,1.5583,63,126,63,66,67
6,falling,40,687.0,,195.000,297.362,0.00000,8.61532,8.61532,0.000000,0.000000,0,0,4.95600,1754.612,4.805,35.000,35.000,35.000,37.000,38.000,0.000,0.000,0,0,1.5583,63,126,63,66,67
6,falling,41,704.0,,195.000,305.770,0.00000,8.75793,8.75793,0.000000,0.000000,0,0,4.95600,1754.612,4.805,35.000,35.000,35.000,37.000,38.000,0.000,0.000,0,0,1.5583,63,126,63,66,67
6,falling,42,720.0,,195.000,314.855,0.00000,8.90727,8.90727,0.000000,0.000000,0,0,4.95600,1754.612,4.805,35.000,35.000,35.000,37.000,38.000,0.000,0.000,0,0,1.5583,63,126,63,66,67
6,falling,43,737.0,,195.000,324.091,0.00000,9.05432,9.05432,0.000000,0.000000,0,0,4.95600,1754.612,4.805,35.000,35.000,35.000,37.000,38.000,0.000,0.000,0,0,1.5583,63,126,63,66,67
6,falling,44,754.0,,195.000,332.914,0.00000,9.19060,9.19060,0.000000,0.000000,0,0,4.95600,1754.612,4.805,35.000,35.000,35.000,37.000,38.000,0.000,0.000,0,0,1.5583,63,126,63,66,67
6,falling,45,770.0,,195.000,342.434,0.00000,9.33332,9.33332,0.000000,0.000000,0,0,4.95600,1754.612,4.805,35.000,35.000,35.000,37.000,38.000,0.000,0.000,0,0,1.5583,63,126,63,66,67
6,falling,46,787.0,,195.000,352.097,0.00000,9.47385,9.47385,0.000000,0.000000,0,0,4.95600,1754.612,4.805,35.000,35.000,35.000,37.000,38.000,0.000,0.000,0,0,1.5583,63,126,63,66,67
6,falling,47,804.0,,195.000,361.902,0.00000,9.61224,9.61224,0.000000,0.000000,0,0,4.95600,1754.612,4.805,35.000,35.000,35.000,37.000,38.000,0.000,0.000,0,0,1.5583,63,126,63,66,67
6,falling,48,820.0,,195.000,371.253,0.00000,9.74049,9.74049,0.000000,0.000000,0,0,4.95600,1754.612,4.805,35.000,35.000,35.000,37.000,38.000,0.000,0.000,0,0,1.5583,63,126,63,66,67
6,falling,49,837.0,,195.000,381.325,0.00000,9.87479,9.87479,0.000000,0.000000,0,0,4.95600,1754.612,4.805,35.000,35.000,35.000,37.000,38.000,0.000,0.000,0,0,1.5583,63,126,63,66,67
6,falling,50,854.0,,195.000,391.532,0.00000,10.00704,10.00704,0.000000,0.000000,0,0,4.95600,1754.612,4.805,35.000,35.000,35.000,37.000,38.000,0.000,0.000,0,0,1.5583,63,126,63,66,67
6,falling,51,871.0,,195.000,401.256,0.00000,10.12960,10.12960,0.000000,0.000000,0,0,4.95600,1754.612,4.805,35.000,35.000,35.000,37.000,38.000,0.000,0.000,0,0,1.5583,63,126,63,66,67
6,falling,52,887.0,,195.000,411.720,0.00000,10.25796,10.25796,0.000000,0.000000,0,0,4.95600,1754.612,4.805,35.000,35.000,35.000,37.000,38.000,0.000,0.000,0,0,1.5583,63,126,63,66,67
6,falling,53,904.0,,195.000,422.312,0.00000,10.38434,10.38434,0.000000,0.000000,0,0,4.95600,1754.612,4.805,35.000,35.000,35.000,37.000,38.000,0.000,0.000,0,0,1.5583,63,126,63,66,67
6,falling,54,921.0,,195.000,432.393,0.00000,10.50147,10.50147,0.000000,0.000000,0,0,4.95600,1754.612,4.805,35.000,35.000,35.000,37.000,38.000,0.000,0.000,0,0,1.5583,63,126,63,66,67
6,falling,55,937.0,,195.000,443.230,0.00000,10.62413,10.62413,0.000000,0.000000,0,0,4.95600,1754.612,4.805,35.000,35.000,35.000,37.000,38.000,0.000,0.000,0,0,1.5583,63,126,63,66,67
6,falling,56,954.0,,195.000,454.189,0.00000,10.74492,10.74492,0.000000,0.000000,0,0,4.95600,1754.612,4.805,35.000,35.000,35.000,37.000,38.000,0.000,0.000,0,0,1.5583,63,126,63,66,67
6,falling,57,971.0,,195.000,464.612,0.00000,10.85686,10.85686,0.000000,0.000000,0,0,4.95600,1754.612,4.805,35.000,35.000,35.000,37.000,38.000,0.000,0.000,0,0,1.5583,63,126,63,66,67
6,falling,58,987.0,,195.000,475.806,0.00000,10.97408,10.97408,0.000000,0.000000,0,0,4.95600,1754.612,4.805,35.000,35.000,35.000,37.000,38.000,0.000,0.000,0,0,1.5583,63,126,63,66,67
6,post_landing,59,1004.0,59,195.000,482.815,1.07224,-0.92004,1.41286,0.015508,0.000000,0,1,4.95600,1754.612,4.805,35.000,35.000,35.000,37.000,39.000,0.000,0.000,0,18,1.5583,63,126,63,66,67
6,post_landing,60,1021.0,59,196.015,480.354,1.13062,-1.24833,1.68423,0.030537,0.014673,0,1,4.95600,1754.612,4.805,35.000,34.011,34.996,37.040,37.967,0.000,0.000,0,8,1.5583,63,126,63,66,67
6,post_landing,61,1037.0,59,197.150,478.845,1.73558,-0.52024,1.81187,-0.024019,0.045344,0,1,4.95600,1754.612,4.805,35.000,34.010,37.053,37.143,37.870,0.000,0.000,0,2,1.5583,63,126,63,66,67
6,post_landing,62,1054.0,59,198.893,478.176,1.70902,-0.22895,1.72429,-0.023652,0.021219,0,0,4.95600,1754.612,4.805,35.000,34.014,34.992,37.055,37.949,0.000,0.000,0,0,1.5583,63,126,63,66,67
6,post_landing,63,1071.0,59,200.510,477.867,1.68441,0.04101,1.68491,-0.023311,-0.001160,0,0,4.95600,1754.612,4.805,35.000,12.001,35.001,36.999,39.006,0.000,0.000,0,0,1.5583,63,126,63,66,67
6,post_landing,64,1087.0,59,202.202,478.210,1.35146,0.12301,1.35705,0.001586,-0.024573,0,1,4.95600,1754.612,4.805,35.000,12.021,35.014,36.964,39.111,0.000,0.000,0,1,1.5583,63,126,63,66,67
6,post_landing,65,1104.0,59,203.560,478.235,1.26373,0.05268,1.26482,0.001203,-0.022980,0,1,4.95600,1754.612,4.805,35.000,12.020,35.014,36.967,39.105,0.000,0.000,0,1,1.5583,63,126,63,66,67
6,post_landing,66,1121.0,59,204.755,478.250,1.21525,0.05869,1.21666,-0.001119,-0.021842,0,1,4.95600,1754.612,4.805,35.000,12.019,35.013,36.969,39.100,0.000,0.000,0,1,1.5583,63,126,63,66,67
6,post_landing,67,1137.0,59,205.976,478.235,1.13597,0.05699,1.13740,0.000000,-0.022966,0,1,4.95600,1754.612,4.805,35.000,12.020,35.014,36.967,39.105,0.000,0.000,0,1,1.5583,63,126,63,66,67
6,post_landing,68,1154.0,59,207.117,478.235,1.04351,0.04848,1.04464,0.002087,-0.022966,0,1,4.95600,1754.612,4.805,35.000,12.020,35.014,36.967,39.105,0.000,0.000,0,1,1.5583,63,126,63,66,67
6,post_landing,69,1171.0,59,208.104,478.263,0.86493,0.03534,0.86565,0.008331,-0.020991,0,1,4.95600,1754.612,4.805,35.000,12.018,35.013,36.971,39.096,0.000,0.000,0,1,1.5583,63,126,63,66,67
6,post_landing,70,1187.0,59,208.973,478.393,0.61453,0.05862,0.61731,0.028965,-0.012624,0,1,4.95600,1754.612,4.805,35.000,12.012,35.010,36.984,39.060,0.000,0.000,0,1,1.5583,63,126,63,66,67
6,post_landing,71,1204.0,59,209.590,478.686,0.37265,0.00000,0.37265,0.046304,0.016469,0,1,4.95600,1754.612,4.805,35.000,34.012,34.995,37.044,37.962,0.000,0.000,0,1,1.5583,63,126,63,66,67
6,post_landing,72,1221.0,59,209.943,478.780,0.54989,-0.23627,0.59850,-0.006526,0.060281,0,1,4.95600,1754.612,4.805,35.000,23.018,36.115,37.174,37.174,0.000,0.000,0,2,1.5583,63,126,63,66,67
6,post_landing,73,1238.0,59,210.495,478.690,0.62001,-0.34259,0.70836,-0.038017,0.053726,0,1,4.95600,1754.612,4.805,35.000,34.005,37.054,37.161,37.838,0.000,0.000,0,1,1.5583,63,126,63,66,67
6,post_landing,74,1254.0,59,211.118,478.674,-0.08474,-0.02971,0.08980,0.036211,0.015542,0,1,4.95600,1754.612,4.805,35.000,34.011,34.996,37.042,37.964,0.000,0.000,0,1,1.5583,63,126,63,66,67
6,post_landing,75,1271.0,59,211.038,478.823,-0.05779,-0.30358,0.30903,0.000000,0.049804,0,1,4.95600,1754.612,4.805,35.000,34.008,37.054,37.153,37.853,0.000,0.000,0,2,1.5583,63,126,63,66,67
6,post_landing,76,1288.0,59,210.980,478.752,-0.22213,-0.32223,0.39137,-0.001964,0.049804,0,1,4.95600,1754.612,4.805,35.000,34.008,37.054,37.153,37.853,0.000,0.000,0,1,1.5583,63,126,63,66,67
6,post_landing,77,1304.0,59,210.756,478.673,-0.21873,-0.03396,0.22135,-0.001934,0.047832,0,0,4.95600,1754.612,4.805,35.000,34.009,37.053,37.149,37.861,0.000,0.000,0,0,1.5583,63,126,63,66,67
6,post_landing,78,1321.0,59,210.537,478.842,-0.35205,-0.14692,0.38147,-0.002032,0.045889,0,1,4.95600,1754.612,4.805,35.000,34.010,37.053,37.145,37.868,0.000,0.000,0,2,1.5583,63,126,63,66,67
6,post_landing,79,1338.0,59,210.204,478.849,-0.43082,-0.14037,0.45311,-0.001261,0.043966,0,1,4.95600,1754.612,4.805,35.000,34.011,37.052,37.140,37.875,0.000,0.000,0,2,1.5583,63,126,63,66,67
6,post_landing,80,1354.0,59,209.771,478.857,-0.32222,0.05514,0.32691,-0.004744,0.042700,0,1,4.95600,1754.612,4.805,35.000,34.012,37.052,37.137,37.880,0.000,0.000,0,2,1.5583,63,126,63,66,67
6,post_landing,81,1371.0,59,209.447,478.879,-0.34469,-0.13786,0.37124,0.010467,0.037935,0,1,4.95600,1754.612,4.805,35.000,34.013,34.975,37.087,37.897,0.000,0.000,0,2,1.5583,63,126,63,66,67
6,post_landing,82,1388.0,59,209.121,478.832,-0.36771,0.04970,0.37105,0.006974,0.047839,0,1,4.95600,1754.612,4.805,35.000,34.009,37.053,37.149,37.861,0.000,0.000,0,2,1.5583,63,126,63,66,67
6,post_landing,83,1404.0,59,208.752,478.804,1.05365,-0.62176,1.22342,-0.096366,0.054843,0,1,4.95600,1754.612,4.805,35.000,34.004,37.054,37.164,37.833,0.000,0.000,0,2,1.5583,63,126,63,66,67
6,post_landing,84,1421.0,59,209.810,477.956,0.21373,-0.25497,0.33271,0.006400,-0.041946,0,1,4.95600,1754.612,4.805,35.000,12.031,12.073,35.011,39.175,0.000,0.000,0,1,1.5583,63,126,63,66,67
6,post_landing,85,1438.0,59,210.012,477.561,0.21066,0.01537,0.21122,0.006308,-0.035891,0,0,4.95600,1754.612,4.805,35.000,12.028,12.064,35.013,39.154,0.000,0.000,0,0,1.5583,63,126,63,66,67
6,post_landing,86,1454.0,59,210.224,477.865,0.20743,0.29846,0.36347,0.006211,-0.029556,0,0,4.95600,1754.612,4.805,35.000,12.024,33.015,35.014,39.131,0.000,0.000,0,0,1.5583,63,126,63,66,67
6,post_landing,87,1471.0,59,210.432,478.229,0.90199,0.05033,0.90340,-0.031462,-0.023317,0,1,4.95600,1754.612,4.805,35.000,12.020,35.014,36.967,39.106,0.000,0.000,0,1,1.5583,63,126,63,66,67
6,post_landing,88,1488.0,59,211.286,477.797,0.52686,0.05437,0.52966,0.004650,-0.053086,0,1,4.95600,1754.612,4.805,35.000,12.036,12.089,35.004,39.210,0.000,0.000,0,1,1.5583,63,126,63,66,67
6,post_landing,89,1504.0,59,211.815,477.883,0.55042,-0.17425,0.57735,0.009364,-0.048416,0,1,4.95600,1754.612,4.805,35.000,12.034,12.083,35.007,39.196,0.000,0.000,0,1,1.5583,63,126,63,66,67
6,post_landing,90,1521.0,59,212.368,477.998,0.53751,-0.16843,0.56328,0.009495,-0.039011,0,1,4.95600,1754.612,4.805,35.000,12.030,12.069,35.012,39.165,0.000,0.000,0,1,1.5583,63,126,63,66,67
6,post_landing,91,1538.0,59,212.876,478.125,0.65225,-0.22277,0.68925,0.004451,-0.030027,0,1,4.95600,1754.612,4.805,35.000,12.025,33.015,35.014,39.133,0.000,0.000,0,1,1.5583,63,126,63,66,67
6,post_landing,92,1554.0,59,213.531,478.197,0.60948,-0.18169,0.63599,0.008541,-0.025557,0,1,4.95600,1754.612,4.805,35.000,12.022,35.014,36.962,39.115,0.000,0.000,0,1,1.5583,63,126,63,66,67
6,post_landing,93,1571.0,59,214.144,478.325,0.58340,-0.15705,0.60417,0.017825,-0.016978,0,1,4.95600,1754.612,4.805,35.000,12.015,35.012,36.978,39.079,0.000,0.000,0,1,1.5583,63,126,63,66,67
6,post_landing,94,1588.0,59,214.696,478.449,0.57500,0.11188,0.58578,0.017569,-0.000112,0,0,4.95600,1754.612,4.805,35.000,12.000,35.000,37.000,39.001,0.000,0.000,0,0,1.5583,63,126,63,66,67
6,post_landing,95,1604.0,59,215.273,478.688,0.43832,-0.04012,0.44015,0.017768,0.017533,0,1,4.95600,1754.612,4.805,35.000,34.012,34.995,37.047,37.959,0.000,0.000,0,1,1.5583,63,126,63,66,67
6,post_landing,96,1621.0,59,215.713,478.895,-0.41266,-0.05979,0.41696,0.044027,0.035379,0,1,4.95600,1754.612,4.805,35.000,34.014,34.978,37.083,37.905,0.000,0.000,0,2,1.5583,63,126,63,66,67
6,post_landing,97,1638.0,59,215.323,478.721,-0.76637,-1.02196,1.27739,0.004788,0.077037,0,1,4.95600,1754.612,4.805,35.000,23.009,36.124,37.198,37.198,0.000,0.000,0,2,1.5583,63,126,63,66,67
6,post_landing,98,1654.0,59,214.553,477.984,-0.75465,-0.72299,1.04509,0.004715,0.081846,0,0,4.95600,1754.612,4.805,35.000,23.005,36.125,37.203,37.203,0.000,0.000,0,0,1.5583,63,126,63,66,67
6,post_landing,99,1671.0,59,213.795,477.546,-0.74310,-0.42860,0.85784,0.004643,0.086581,0,0,4.95600,1754.612,4.805,35.000,23.000,36.125,37.207,37.207,0.000,0.000,0,0,1.5583,63,126,63,66,67
6,post_landing,100,1688.0,59,213.092,477.397,-0.73240,-0.15576,0.74878,0.004576,0.090974,0,0,4.95600,1754.612,4.805,35.000,1.992,25.169,37.210,37.210,0.000,0.000,0,0,1.5583,63,126,63,66,67
6,post_landing,101,1704.0,59,212.356,477.529,-0.72119,0.12996,0.73281,0.004506,0.095570,0,0,4.95600,1754.612,4.805,35.000,1.991,25.172,37.213,37.213,0.000,0.000,0,0,1.5583,63,126,63,66,67
6,post_landing,102,1721.0,59,211.632,477.949,-0.71016,0.41130,0.82067,0.004437,0.100095,0,0,4.95600,1754.612,4.805,35.000,1.990,25.175,37.215,37.215,0.000,0.000,0,0,1.5583,63,126,63,66,67
6,post_landing,103,1738.0,59,210.960,477.950,-0.71869,0.17706,0.74018,0.002237,0.104293,0,1,4.95600,1754.612,4.805,35.000,1.989,25.176,37.215,37.215,0.000,0.000,0,1,1.5583,63,126,63,66,67
6,post_landing,104,1754.0,59,210.238,477.922,-1.10516,0.14976,1.11526,0.024050,0.106540,0,1,4.95600,1754.612,4.805,35.000,1.989,25.177,37.216,37.216,0.000,0.000,0,1,1.5583,63,126,63,66,67
6,post_landing,105,1771.0,59,209.128,477.611,-0.47853,0.03042,0.47949,-0.024467,0.130695,0,1,4.95600,1754.612,4.805,35.000,1.983,8.062,36.345,37.206,0.000,0.000,0,1,1.5583,63,126,63,66,67
6,post_landing,106,1788.0,59,208.676,477.906,-0.55169,-0.09663,0.56008,-0.011720,0.107545,0,1,4.95600,1754.612,4.805,35.000,1.988,25.178,37.216,37.216,0.000,0.000,0,1,1.5583,63,126,63,66,67
6,post_landing,107,1805.0,59,208.121,478.072,-0.73381,0.07151,0.73728,0.007258,0.095774,0,1,4.95600,1754.612,4.805,35.000,1.991,25.172,37.213,37.213,0.000,0.000,0,1,1.5583,63,126,63,66,67
6,post_landing,108,1821.0,59,207.384,477.969,-0.66793,0.00000,0.66793,-0.002510,0.103064,0,1,4.95600,1754.612,4.805,35.000,1.989,25.176,37.215,37.215,0.000,0.000,0,1,1.5583,63,126,63,66,67
6,post_landing,109,1838.0,59,206.752,477.999,-0.29680,0.07616,0.30641,-0.039017,0.100689,0,1,4.95600,1754.612,4.805,35.000,1.990,25.175,37.215,37.215,0.000,0.000,0,1,1.5583,63,126,63,66,67
6,post_landing,110,1855.0,59,206.454,478.365,-0.29226,0.35833,0.46240,-0.038420,0.061501,0,0,4.95600,1754.612,4.805,35.000,23.018,36.116,37.176,37.176,0.000,0.000,0,0,1.5583,63,126,63,66,67
6,post_landing,111,1871.0,59,206.161,478.720,0.32487,0.00000,0.32487,-0.037591,0.022912,0,1,4.95600,1754.612,4.805,35.000,34.014,34.991,37.059,37.944,0.000,0.000,0,1,1.5583,63,126,63,66,67
6,post_landing,112,1888.0,59,206.487,478.359,0.23257,-0.02480,0.23389,-0.006513,-0.014845,0,1,4.95600,1754.612,4.805,35.000,12.014,35.011,36.981,39.070,0.000,0.000,0,1,1.5583,63,126,63,66,67
6,post_landing,113,1905.0,59,206.707,478.262,0.60044,0.04983,0.60250,-0.021488,-0.021008,0,1,4.95600,1754.612,4.805,35.000,12.018,35.013,36.971,39.096,0.000,0.000,0,1,1.5583,63,126,63,66,67
6,post_landing,114,1921.0,59,207.310,477.947,0.45550,-0.17656,0.48852,0.005015,-0.042590,0,1,4.95600,1754.612,4.805,35.000,12.032,12.074,35.011,39.178,0.000,0.000,0,1,1.5583,63,126,63,66,67
6,post_landing,115,1938.0,59,207.768,478.022,0.30650,-0.05354,0.31114,0.011876,-0.037553,0,1,4.95600,1754.612,4.805,35.000,12.029,12.067,35.013,39.160,0.000,0.000,0,1,1.5583,63,126,63,66,67
6,post_landing,116,1955.0,59,208.058,478.185,1.38831,0.08128,1.39069,-0.054827,-0.026316,0,1,4.95600,1754.612,4.805,35.000,12.022,35.014,36.961,39.118,0.000,0.000,0,1,1.5583,63,126,63,66,67
6,post_landing,117,1971.0,59,209.452,477.884,1.02986,-0.30839,1.07504,0.003237,-0.081384,0,1,4.95600,1754.612,4.805,35.000,12.042,12.123,34.965,39.277,0.000,0.000,0,2,1.5583,63,126,63,66,67
6,post_landing,118,1988.0,59,210.487,477.495,1.23158,0.00000,1.23158,-0.025943,-0.078132,0,1,4.95600,1754.612,4.805,35.000,12.041,12.119,34.971,39.271,0.000,0.000,0,1,1.5583,63,126,63,66,67
7,falling,0,30.0,,195.000,97.029,0.00000,0.55000,0.55000,0.000000,0.000000,0,0,4.74000,1831.832,2.853,4.000,4.000,5.000,7.000,12.000,0.000,0.000,0,0,1.2705,102,204,102,107,84
7,falling,1,45.0,,195.000,97.742,0.00000,0.79258,0.79258,0.000000,0.000000,0,0,4.74000,1831.832,2.853,4.000,4.000,5.000,7.000,12.000,0.000,0.000,0,0,1.2705,102,204,102,107,84
7,falling,2,62.0,,195.000,98.827,0.00000,1.06378,1.06378,0.000000,0.000000,0,0,4.74000,1831.832,2.853,4.000,4.000,5.000,7.000,12.000,0.000,0.000,0,0,1.2705,102,204,102,107,84
7,falling,3,78.0,,195.000,100.090,0.00000,1.31513,1.31513,0.000000,0.000000,0,0,4.74000,1831.832,2.853,4.000,4.000,5.000,7.000,12.000,0.000,0.000,0,0,1.2705,102,204,102,107,84
7,falling,4,95.0,,195.000,101.700,0.00000,1.57834,1.57834,0.000000,0.000000,0,0,4.74000,1831.832,2.853,4.000,4.000,5.000,7.000,12.000,0.000,0.000,0,0,1.2705,102,204,102,107,84
7,falling,5,112.0,,195.000,103.574,0.00000,1.83753,1.83753,0.000000,0.000000,0,0,4.74000,1831.832,2.853,4.000,4.000,5.000,7.000,12.000,0.000,0.000,0,0,1.2705,102,204,102,107,84
7,falling,6,129.0,,195.000,105.569,0.00000,2.07773,2.07773,0.000000,0.000000,0,0,4.74000,1831.832,2.853,4.000,4.000,5.000,7.000,12.000,0.000,0.000,0,0,1.2705,102,204,102,107,84
7,falling,7,145.0,,195.000,107.945,0.00000,2.32928,2.32928,0.000000,0.000000,0,0,4.74000,1831.832,2.853,4.000,4.000,5.000,7.000,12.000,0.000,0.000,0,0,1.2705,102,204,102,107,84
7,falling,8,162.0,,195.000,110.573,0.00000,2.57697,2.57697,0.000000,0.000000,0,0,4.74000,1831.832,2.853,4.000,4.000,5.000,7.000,12.000,0.000,0.000,0,0,1.2705,102,204,102,107,84
7,falling,9,179.0,,195.000,113.267,0.00000,2.80653,2.80653,0.000000,0.000000,0,0,4.74000,1831.832,2.853,4.000,4.000,5.000,7.000,12.000,0.000,0.000,0,0,1.2705,102,204,102,107,84
7,falling,10,195.0,,195.000,116.375,0.00000,3.04692,3.04692,0.000000,0.000000,0,0,4.74000,1831.832,2.853,4.000,4.000,5.000,7.000,12.000,0.000,0.000,0,0,1.2705,102,204,102,107,84
7,falling,11,212.0,,195.000,119.725,0.00000,3.28364,3.28364,0.000000,0.000000,0,0,4.74000,1831.832,2.853,4.000,4.000,5.000,7.000,12.000,0.000,0.000,0,0,1.2705,102,204,102,107,84
7,falling,12,229.0,,195.000,123.312,0.00000,3.51673,3.51673,0.000000,0.000000,0,0,4.74000,1831.832,2.853,4.000,4.000,5.000,7.000,12.000,0.000,0.000,0,0,1.2705,102,204,102,107,84
7,falling,13,246.0,,195.000,126.895,0.00000,3.73276,3.73276,0.000000,0.000000,0,0,4.74000,1831.832,2.853,4.000,4.000,5.000,7.000,12.000,0.000,0.000,0,0,1.2705,102,204,102,107,84
7,falling,14,262.0,,195.000,130.933,0.00000,3.95898,3.95898,0.000000,0.000000,0,0,4.74000,1831.832,2.853,4.000,4.000,5.000,7.000,12.000,0.000,0.000,0,0,1.2705,102,204,102,107,84
7,falling,15,279.0,,195.000,135.199,0.00000,4.18174,4.18174,0.000000,0.000000,0,0,4.74000,1831.832,2.853,4.000,4.000,5.000,7.000,12.000,0.000,0.000,0,0,1.2705,102,204,102,107,84
7,falling,16,295.0,,195.000,139.411,0.00000,4.38819,4.38819,0.000000,0.000000,0,0,4.74000,1831.832,2.853,4.000,4.000,5.000,7.000,12.000,0.000,0.000,0,0,1.2705,102,204,102,107,84
7,falling,17,312.0,,195.000,144.108,0.00000,4.60439,4.60439,0.000000,0.000000,0,0,4.74000,1831.832,2.853,4.000,4.000,5.000,7.000,12.000,0.000,0.000,0,0,1.2705,102,204,102,107,84
7,falling,18,329.0,,195.000,149.021,0.00000,4.81727,4.81727,0.000000,0.000000,0,0,4.74000,1831.832,2.853,4.000,4.000,5.000,7.000,12.000,0.000,0.000,0,0,1.2705,102,204,102,107,84
7,falling,19,346.0,,195.000,153.835,0.00000,5.01457,5.01457,0.000000,0.000000,0,0,4.74000,1831.832,2.853,4.000,4.000,5.000,7.000,12.000,0.000,0.000,0,0,1.2705,102,204,102,107,84
7,falling,20,362.0,,195.000,159.161,0.00000,5.22118,5.22118,0.000000,0.000000,0,0,4.74000,1831.832,2.853,4.000,4.000,5.000,7.000,12.000,0.000,0.000,0,0,1.2705,102,204,102,107,84
7,falling,21,379.0,,195.000,164.694,0.00000,5.42463,5.42463,0.000000,0.000000,0,0,4.74000,1831.832,2.853,4.000,4.000,5.000,7.000,12.000,0.000,0.000,0,0,1.2705,102,204,102,107,84
7,falling,22,396.0,,195.000,170.083,0.00000,5.61318,5.61318,0.000000,0.000000,0,0,4.74000,1831.832,2.853,4.000,4.000,5.000,7.000,12.000,0.000,0.000,0,0,1.2705,102,204,102,107,84
7,falling,23,412.0,,195.000,176.010,0.00000,5.81063,5.81063,0.000000,0.000000,0,0,4.74000,1831.832,2.853,4.000,4.000,5.000,7.000,12.000,0.000,0.000,0,0,1.2705,102,204,102,107,84
7,falling,24,429.0,,195.000,182.135,0.00000,6.00506,6.00506,0.000000,0.000000,0,0,4.74000,1831.832,2.853,4.000,4.000,5.000,7.000,12.000,0.000,0.000,0,0,1.2705,102,204,102,107,84
7,falling,25,446.0,,195.000,188.073,0.00000,6.18526,6.18526,0.000000,0.000000,0,0,4.74000,1831.832,2.853,4.000,4.000,5.000,7.000,12.000,0.000,0.000,0,0,1.2705,102,204,102,107,84
7,falling,26,462.0,,195.000,194.574,0.00000,6.37396,6.37396,0.000000,0.000000,0,0,4.74000,1831.832,2.853,4.000,4.000,5.000,7.000,12.000,0.000,0.000,0,0,1.2705,102,204,102,107,84
7,falling,27,479.0,,195.000,201.265,0.00000,6.55977,6.55977,0.000000,0.000000,0,0,4.74000,1831.832,2.853,4.000,4.000,5.000,7.000,12.000,0.000,0.000,0,0,1.2705,102,204,102,107,84
7,falling,28,496.0,,195.000,207.728,0.00000,6.73197,6.73197,0.000000,0.000000,0,0,4.74000,1831.832,2.853,4.000,4.000,5.000,7.000,12.000,0.000,0.000,0,0,1.2705,102,204,102,107,84
7,falling,29,513.0,,195.000,214.778,0.00000,6.91231,6.91231,0.000000,0.000000,0,0,4.74000,1831.832,2.853,4.000,4.000,5.000,7.000,12.000,0.000,0.000,0,0,1.2705,102,204,102,107,84
7,falling,30,529.0,,195.000,222.010,0.00000,7.08988,7.08988,0.000000,0.000000,0,0,4.74000,1831.832,2.853,4.000,4.000,5.000,7.000,12.000,0.000,0.000,0,0,1.2705,102,204,102,107,84
7,falling,31,546.0,,195.000,229.420,0.00000,7.26474,7.26474,0.000000,0.000000,0,0,4.74000,1831.832,2.853,4.000,4.000,5.000,7.000,12.000,0.000,0.000,0,0,1.2705,102,204,102,107,84
7,falling,32,563.0,,195.000,236.550,0.00000,7.42680,7.42680,0.000000,0.000000,0,0,4.74000,1831.832,2.853,4.000,4.000,5.000,7.000,12.000,0.000,0.000,0,0,1.2705,102,204,102,107,84
7,falling,33,579.0,,195.000,244.298,0.00000,7.59650,7.59650,0.000000,0.000000,0,0,4.74000,1831.832,2.853,4.000,4.000,5.000,7.000,12.000,0.000,0.000,0,0,1.2705,102,204,102,107,84
7,falling,34,596.0,,195.000,252.217,0.00000,7.76361,7.76361,0.000000,0.000000,0,0,4.74000,1831.832,2.853,4.000,4.000,5.000,7.000,12.000,0.000,0.000,0,0,1.2705,102,204,102,107,84
7,falling,35,613.0,,195.000,259.819,0.00000,7.91848,7.91848,0.000000,0.000000,0,0,4.74000,1831.832,2.853,4.000,4.000,5.000,7.000,12.000,0.000,0.000,0,0,1.2705,102,204,102,107,84
7,falling,36,629.0,,195.000,268.061,0.00000,8.08066,8.08066,0.000000,0.000000,0,0,4.74000,1831.832,2.853,4.000,4.000,5.000,7.000,12.000,0.000,0.000,0,0,1.2705,102,204,102,107,84
7,falling,37,646.0,,195.000,276.466,0.00000,8.24036,8.24036,0.000000,0.000000,0,0,4.74000,1831.832,2.853,4.000,4.000,5.000,7.000,12.000,0.000,0.000,0,0,1.2705,102,204,102,107,84
7,falling,38,663.0,,195.000,284.519,0.00000,8.38836,8.38836,0.000000,0.000000,0,0,4.74000,1831.832,2.853,4.000,4.000,5.000,7.000,12.000,0.000,0.000,0,0,1.2705,102,204,102,107,84
7,falling,39,679.0,,195.000,293.233,0.00000,8.54335,8.54335,0.000000,0.000000,0,0,4.74000,1831.832,2.853,4.000,4.000,5.000,7.000,12.000,0.000,0.000,0,0,1.2705,102,204,102,107,84
7,falling,40,696.0,,195.000,302.103,0.00000,8.69597,8.69597,0.000000,0.000000,0,0,4.74000,1831.832,2.853,4.000,4.000,5.000,7.000,12.000,0.000,0.000,0,0,1.2705,102,204,102,107,84
7,falling,41,713.0,,195.000,310.587,0.00000,8.83742,8.83742,0.000000,0.000000,0,0,4.74000,1831.832,2.853,4.000,4.000,5.000,7.000,12.000,0.000,0.000,0,0,1.2705,102,204,102,107,84
7,falling,42,729.0,,195.000,319.752,0.00000,8.98554,8.98554,0.000000,0.000000,0,0,4.74000,1831.832,2.853,4.000,4.000,5.000,7.000,12.000,0.000,0.000,0,0,1.2705,102,204,102,107,84
7,falling,43,746.0,,195.000,329.066,0.00000,9.13139,9.13139,0.000000,0.000000,0,0,4.74000,1831.832,2.853,4.000,4.000,5.000,7.000,12.000,0.000,0.000,0,0,1.2705,102,204,102,107,84
7,falling,44,763.0,,195.000,337.962,0.00000,9.26657,9.26657,0.000000,0.000000,0,0,4.74000,1831.832,2.853,4.000,4.000,5.000,7.000,12.000,0.000,0.000,0,0,1.2705,102,204,102,107,84
7,falling,45,779.0,,195.000,347.558,0.00000,9.40812,9.40812,0.000000,0.000000,0,0,4.74000,1831.832,2.853,4.000,4.000,5.000,7.000,12.000,0.000,0.000,0,0,1.2705,102,204,102,107,84
7,falling,46,796.0,,195.000,357.297,0.00000,9.54751,9.54751,0.000000,0.000000,0,0,4.74000,1831.832,2.853,4.000,4.000,5.000,7.000,12.000,0.000,0.000,0,0,1.2705,102,204,102,107,84
7,falling,47,813.0,,195.000,366.587,0.00000,9.67669,9.67669,0.000000,0.000000,0,0,4.74000,1831.832,2.853,4.000,4.000,5.000,7.000,12.000,0.000,0.000,0,0,1.2705,102,204,102,107,84
7,falling,48,829.0,,195.000,376.595,0.00000,9.81197,9.81197,0.000000,0.000000,0,0,4.74000,1831.832,2.853,4.000,4.000,5.000,7.000,12.000,0.000,0.000,0,0,1.2705,102,204,102,107,84
7,falling,49,846.0,,195.000,386.739,0.00000,9.94518,9.94518,0.000000,0.000000,0,0,4.74000,1831.832,2.853,4.000,4.000,5.000,7.000,12.000,0.000,0.000,0,0,1.2705,102,204,102,107,84
7,falling,50,863.0,,195.000,396.405,0.00000,10.06864,10.06864,0.000000,0.000000,0,0,4.74000,1831.832,2.853,4.000,4.000,5.000,7.000,12.000,0.000,0.000,0,0,1.2705,102,204,102,107,84
7,falling,51,879.0,,195.000,406.807,0.00000,10.19792,10.19792,0.000000,0.000000,0,0,4.74000,1831.832,2.853,4.000,4.000,5.000,7.000,12.000,0.000,0.000,0,0,1.2705,102,204,102,107,84
7,falling,52,896.0,,195.000,417.338,0.00000,10.32523,10.32523,0.000000,0.000000,0,0,4.74000,1831.832,2.853,4.000,4.000,5.000,7.000,12.000,0.000,0.000,0,0,1.2705,102,204,102,107,84
7,falling,53,913.0,,195.000,427.364,0.00000,10.44321,10.44321,0.000000,0.000000,0,0,4.74000,1831.832,2.853,4.000,4.000,5.000,7.000,12.000,0.000,0.000,0,0,1.2705,102,204,102,107,84
7,falling,54,929.0,,195.000,438.142,0.00000,10.56676,10.56676,0.000000,0.000000,0,0,4.74000,1831.832,2.853,4.000,4.000,5.000,7.000,12.000,0.000,0.000,0,0,1.2705,102,204,102,107,84
7,falling,55,946.0,,195.000,449.044,0.00000,10.68843,10.68843,0.000000,0.000000,0,0,4.74000,1831.832,2.853,4.000,4.000,5.000,7.000,12.000,0.000,0.000,0,0,1.2705,102,204,102,107,84
7,falling,56,963.0,,195.000,459.413,0.00000,10.80118,10.80118,0.000000,0.000000,0,0,4.74000,1831.832,2.853,4.000,4.000,5.000,7.000,12.000,0.000,0.000,0,0,1.2705,102,204,102,107,84
7,falling,57,980.0,,195.000,470.551,0.00000,10.91925,10.91925,0.000000,0.000000,0,0,4.74000,1831.832,2.853,4.000,4.000,5.000,7.000,12.000,0.000,0.000,0,0,1.2705,102,204,102,107,84
7,post_landing,58,996.0,58,195.000,479.261,1.12943,0.07677,1.13203,0.066735,0.000000,0,1,4.74000,1831.832,2.853,4.000,4.000,5.000,7.000,12.000,0.000,0.000,0,5,1.2705,102,204,102,107,84
7,post_landing,59,1013.0,58,196.134,478.635,1.26375,0.06194,1.26527,0.020308,0.067028,0,1,4.74000,1831.832,2.853,4.000,3.060,5.056,7.185,12.442,0.000,0.000,0,2,1.2705,102,204,102,107,84
7,post_landing,60,1030.0,58,197.330,478.464,0.96776,0.09506,0.97242,0.019779,0.086243,0,1,4.74000,1831.832,2.853,4.000,3.075,5.068,7.232,42.705,0.000,0.000,0,1,1.2705,102,204,102,107,84
7,post_landing,61,1046.0,58,198.302,478.793,0.87608,0.07900,0.87963,0.012205,0.106109,0,1,4.74000,1831.832,2.853,4.000,3.089,5.078,7.278,42.929,0.000,0.000,0,1,1.2705,102,204,102,107,84
7,post_landing,62,1063.0,58,199.182,479.008,0.72343,0.00000,0.72343,0.015516,0.118367,0,1,4.74000,1831.832,2.853,4.000,3.097,5.083,7.305,43.005,0.000,0.000,0,1,1.2705,102,204,102,107,84
7,post_landing,63,1080.0,58,199.867,479.252,0.68452,0.01856,0.68477,0.009947,0.133048,0,1,4.74000,1831.832,2.853,4.000,3.106,5.088,7.336,43.221,0.000,0.000,0,1,1.2705,102,204,102,107,84
7,post_landing,64,1096.0,58,200.554,479.442,0.73696,0.23525,0.77360,-0.001595,0.143039,0,1,4.74000,1831.832,2.853,4.000,3.112,5.091,7.356,43.282,0.000,0.000,0,1,1.2705,102,204,102,107,84
7,post_landing,65,1113.0,58,201.294,479.404,0.66045,-0.02821,0.66105,0.022525,0.141438,0,1,4.74000,1831.832,2.853,4.000,3.111,5.091,7.353,43.272,0.000,0.000,0,1,1.2705,102,204,102,107,84
7,post_landing,66,1130.0,58,201.919,479.634,0.65094,0.23887,0.69338,0.022200,0.162750,0,0,4.74000,1831.832,2.853,4.000,3.122,5.096,7.394,43.389,0.000,0.000,0,0,1.2705,102,204,102,107,84
7,post_landing,67,1146.0,58,202.573,480.163,0.64098,0.51855,0.82447,0.021860,0.185047,0,0,4.74000,1831.832,2.853,4.000,3.133,5.099,43.123,43.491,0.000,0.000,0,0,1.2705,102,204,102,107,84
7,post_landing,68,1163.0,58,203.217,480.703,0.67655,0.21339,0.70941,0.010420,0.207004,0,1,4.74000,1831.832,2.853,4.000,3.141,5.099,43.364,43.570,0.000,0.000,0,1,1.2705,102,204,102,107,84
7,post_landing,69,1180.0,58,203.857,480.908,0.85593,0.13254,0.86613,-0.003366,0.216863,0,1,4.74000,1831.832,2.853,4.000,3.145,5.098,43.383,43.598,0.000,0.000,0,1,1.2705,102,204,102,107,84
7,post_landing,70,1196.0,58,204.717,480.819,0.87068,0.13401,0.88093,-0.003660,0.213483,0,1,4.74000,1831.832,2.853,4.000,3.144,5.098,43.377,43.589,0.000,0.000,0,1,1.2705,102,204,102,107,84
7,post_landing,71,1213.0,58,205.591,480.742,0.88488,0.13543,0.89518,-0.003879,0.209806,0,1,4.74000,1831.832,2.853,4.000,3.142,5.099,43.370,43.578,0.000,0.000,0,1,1.2705,102,204,102,107,84
7,post_landing,72,1230.0,58,206.428,480.663,0.86382,0.13411,0.87417,-0.002632,0.206136,0,1,4.74000,1831.832,2.853,4.000,3.141,5.099,43.362,43.567,0.000,0.000,0,1,1.2705,102,204,102,107,84
7,post_landing,73,1247.0,58,207.296,480.610,0.89357,0.13643,0.90393,-0.004240,0.203492,0,1,4.74000,1831.832,2.853,4.000,3.140,5.099,43.356,43.558,0.000,0.000,0,1,1.2705,102,204,102,107,84
7,post_landing,74,1263.0,58,208.193,480.523,0.90817,0.27551,0.94904,-0.007700,0.199233,0,1,4.74000,1831.832,2.853,4.000,3.139,5.099,43.148,43.544,0.000,0.000,0,1,1.2705,102,204,102,107,84
7,post_landing,75,1280.0,58,209.053,480.372,0.91473,0.29036,0.95971,-0.005514,0.191948,0,1,4.74000,1831.832,2.853,4.000,3.136,5.099,43.136,43.518,0.000,0.000,0,1,1.2705,102,204,102,107,84
7,post_landing,76,1297.0,58,209.972,480.263,0.97414,0.29215,1.01701,-0.007496,0.186409,0,1,4.74000,1831.832,2.853,4.000,3.133,5.099,43.126,43.496,0.000,0.000,0,1,1.2705,102,204,102,107,84
7,post_landing,77,1313.0,58,210.950,480.113,1.00946,0.29727,1.05232,-0.007735,0.178881,0,1,4.74000,1831.832,2.853,4.000,3.130,5.098,43.109,43.465,0.000,0.000,0,1,1.2705,102,204,102,107,84
7,post_landing,78,1330.0,58,211.964,479.961,1.03907,0.29460,1.08002,-0.007476,0.171111,0,1,4.74000,1831.832,2.853,4.000,3.126,5.097,7.409,43.430,0.000,0.000,0,1,1.2705,102,204,102,107,84
7,post_landing,79,1347.0,58,212.947,479.823,1.03029,0.29343,1.07126,-0.004841,0.164037,0,1,4.74000,1831.832,2.853,4.000,3.123,5.096,7.396,43.396,0.000,0.000,0,1,1.2705,102,204,102,107,84
7,post_landing,80,1363.0,58,213.982,479.733,1.07431,0.29496,1.11406,-0.007040,0.159174,0,1,4.74000,1831.832,2.853,4.000,3.121,5.095,7.387,43.371,0.000,0.000,0,1,1.2705,102,204,102,107,84
7,post_landing,81,1380.0,58,214.998,479.606,1.05684,0.29271,1.09663,-0.004110,0.152514,0,1,4.74000,1831.832,2.853,4.000,3.117,5.094,7.375,43.336,0.000,0.000,0,1,1.2705,102,204,102,107,84
7,post_landing,82,1397.0,58,216.060,479.531,1.10036,0.28695,1.13716,-0.006436,0.148385,0,1,4.74000,1831.832,2.853,4.000,3.115,5.093,7.367,43.313,0.000,0.000,0,1,1.2705,102,204,102,107,84
7,post_landing,83,1413.0,58,217.165,479.413,1.13367,0.29623,1.17173,-0.008462,0.141921,0,1,4.74000,1831.832,2.853,4.000,3.111,5.091,7.354,43.275,0.000,0.000,0,1,1.2705,102,204,102,107,84
7,post_landing,84,1430.0,58,218.238,479.267,1.09727,0.28285,1.13314,-0.003700,0.133915,0,1,4.74000,1831.832,2.853,4.000,3.107,5.089,7.338,43.226,0.000,0.000,0,1,1.2705,102,204,102,107,84
7,post_landing,85,1447.0,58,219.340,479.203,1.13349,0.27214,1.16571,-0.005756,0.130199,0,1,4.74000,1831.832,2.853,4.000,3.104,5.088,7.330,43.202,0.000,0.000,0,1,1.2705,102,204,102,107,84
7,post_landing,86,1463.0,58,220.478,479.101,1.16921,0.28882,1.20436,-0.008896,0.124418,0,1,4.74000,1831.832,2.853,4.000,3.101,5.085,7.318,43.040,0.000,0.000,0,1,1.2705,102,204,102,107,84
7,post_landing,87,1480.0,58,221.584,478.954,1.14101,0.28397,1.17582,-0.005650,0.116001,0,1,4.74000,1831.832,2.853,4.000,3.096,5.082,7.300,42.991,0.000,0.000,0,1,1.2705,102,204,102,107,84
7,post_landing,88,1497.0,58,222.730,478.860,1.13283,0.23156,1.15626,-0.002045,0.110326,0,1,4.74000,1831.832,2.853,4.000,3.092,5.080,7.288,42.956,0.000,0.000,0,1,1.2705,102,204,102,107,84
7,post_landing,89,1513.0,58,223.868,478.825,1.14110,0.23542,1.16513,-0.002710,0.108272,0,1,4.74000,1831.832,2.853,4.000,3.090,5.079,7.283,42.943,0.000,0.000,0,1,1.2705,102,204,102,107,84
7,post_landing,90,1530.0,58,225.014,478.780,1.15541,0.24384,1.18086,-0.004147,0.105550,0,1,4.74000,1831.832,2.853,4.000,3.089,5.078,7.277,42.925,0.000,0.000,0,1,1.2705,102,204,102,107,84
7,post_landing,91,1547.0,58,226.108,478.713,1.17514,0.27949,1.20792,-0.007799,0.101627,0,1,4.74000,1831.832,2.853,4.000,3.086,5.076,7.268,42.899,0.000,0.000,0,1,1.2705,102,204,102,107,84
7,post_landing,92,1563.0,58,227.288,478.587,1.17543,0.24507,1.20071,-0.005928,0.093793,0,1,4.74000,1831.832,2.853,4.000,3.080,5.072,7.250,42.752,0.000,0.000,0,1,1.2705,102,204,102,107,84
7,post_landing,93,1580.0,58,228.469,478.492,1.14730,0.21455,1.16719,-0.001798,0.087839,0,1,4.74000,1831.832,2.853,4.000,3.076,5.068,7.236,42.715,0.000,0.000,0,1,1.2705,102,204,102,107,84
7,post_landing,94,1597.0,58,229.554,478.463,1.26355,0.29765,1.29814,-0.016610,0.086138,0,1,4.74000,1831.832,2.853,4.000,3.075,5.067,7.232,42.705,0.000,0.000,0,1,1.2705,102,204,102,107,84
7,post_landing,95,1613.0,58,230.823,478.206,1.13665,0.32051,1.18097,-0.004596,0.069456,0,1,4.74000,1831.832,2.853,4.000,3.062,5.057,7.191,12.457,0.000,0.000,0,1,1.2705,102,204,102,107,84
7,post_landing,96,1630.0,58,231.899,478.139,1.15149,0.32160,1.19556,-0.007462,0.065107,0,1,4.74000,1831.832,2.853,4.000,3.059,5.054,7.180,12.430,0.000,0.000,0,1,1.2705,102,204,102,107,84
7,post_landing,97,1647.0,58,233.055,478.031,1.23168,0.24486,1.25578,-0.012389,0.057612,0,1,4.74000,1831.832,2.853,4.000,3.053,5.049,7.161,12.383,0.000,0.000,0,1,1.2705,102,204,102,107,84
7,post_landing,98,1663.0,58,234.292,477.852,1.42789,0.29680,1.45841,-0.032100,0.045168,0,1,4.74000,1831.832,2.853,4.000,3.042,5.040,7.128,12.304,0.000,0.000,0,1,1.2705,102,204,102,107,84
7,post_landing,99,1680.0,58,235.726,477.915,0.95186,0.13763,0.96176,0.019478,0.012927,0,1,4.74000,1831.832,2.853,4.000,3.013,5.013,7.038,12.089,0.000,0.000,0,2,1.2705,102,204,102,107,84
7,post_landing,100,1697.0,58,236.627,477.660,0.76095,0.08535,0.76572,0.034690,0.031357,0,1,4.74000,1831.832,2.853,4.000,3.030,5.029,7.091,12.214,0.000,0.000,0,1,1.2705,102,204,102,107,84
7,post_landing,101,1713.0,58,237.391,478.035,0.74931,0.36738,0.83453,0.034159,0.066199,0,0,4.74000,1831.832,2.853,4.000,3.060,5.055,7.183,12.437,0.000,0.000,0,0,1.2705,102,204,102,107,84
7,post_landing,102,1730.0,58,238.144,478.696,0.90429,0.09758,0.90954,0.010745,0.100509,0,1,4.74000,1831.832,2.853,4.000,3.085,5.075,7.266,42.791,0.000,0.000,0,1,1.2705,102,204,102,107,84
7,post_landing,103,1747.0,58,239.000,478.864,1.08223,-0.16741,1.09510,0.005523,0.110675,0,1,4.74000,1831.832,2.853,4.000,3.092,5.080,7.289,42.958,0.000,0.000,0,1,1.2705,102,204,102,107,84
7,post_landing,104,1763.0,58,240.087,478.962,0.86112,-0.04555,0.86232,0.012867,0.116223,0,1,4.74000,1831.832,2.853,4.000,3.096,5.082,7.301,42.992,0.000,0.000,0,1,1.2705,102,204,102,107,84
7,post_landing,105,1780.0,58,240.951,479.186,0.65890,0.01910,0.65918,0.015618,0.129147,0,1,4.74000,1831.832,2.853,4.000,3.104,5.087,7.328,43.196,0.000,0.000,0,1,1.2705,102,204,102,107,84
7,post_landing,106,1797.0,58,241.575,479.448,0.68517,0.04328,0.68653,0.006276,0.143924,0,1,4.74000,1831.832,2.853,4.000,3.112,5.092,7.358,43.287,0.000,0.000,0,1,1.2705,102,204,102,107,84
7,post_landing,107,1813.0,58,242.263,479.580,0.61247,-0.04457,0.61409,0.011830,0.150228,0,1,4.74000,1831.832,2.853,4.000,3.116,5.093,7.370,43.323,0.000,0.000,0,1,1.2705,102,204,102,107,84
7,post_landing,108,1830.0,58,242.878,479.791,0.51499,-0.01212,0.51513,0.023719,0.162110,0,1,4.74000,1831.832,2.853,4.000,3.122,5.096,7.392,43.386,0.000,0.000,0,1,1.2705,102,204,102,107,84
7,post_landing,109,1848.0,58,243.366,480.036,0.50757,0.25472,0.56790,0.023378,0.184553,0,0,4.74000,1831.832,2.853,4.000,3.133,5.099,43.122,43.489,0.000,0.000,0,0,1.2705,102,204,102,107,84
7,post_landing,110,1863.0,58,243.875,480.580,0.49981,0.53416,0.73153,0.023020,0.208033,0,0,4.74000,1831.832,2.853,4.000,3.142,5.099,43.366,43.573,0.000,0.000,0,0,1.2705,102,204,102,107,84
7,post_landing,111,1880.0,58,244.377,481.213,0.67924,0.06739,0.68257,0.014522,0.231155,0,1,4.74000,1831.832,2.853,4.000,3.149,43.174,43.632,43.632,0.000,0.000,0,1,1.2705,102,204,102,107,84
7,post_landing,112,1897.0,58,245.020,481.502,0.59657,0.05383,0.59899,0.012159,0.244895,0,1,4.74000,1831.832,2.853,4.000,3.153,43.171,43.656,43.656,0.000,0.000,0,1,1.2705,102,204,102,107,84
7,post_landing,113,1913.0,58,245.619,481.783,0.52828,0.03579,0.52950,0.012125,0.257108,0,1,4.74000,1831.832,2.853,4.000,42.449,43.417,43.671,43.671,0.000,0.000,0,1,1.2705,102,204,102,107,84
7,post_landing,114,1930.0,58,246.150,482.062,0.47438,0.03218,0.47547,0.011600,0.269286,0,1,4.74000,1831.832,2.853,4.000,42.449,43.413,43.679,43.679,0.000,0.000,0,1,1.2705,102,204,102,107,84
7,post_landing,115,1947.0,58,246.599,482.217,0.34899,-0.05547,0.35338,0.005338,0.280262,0,1,4.74000,1831.832,2.853,4.000,42.720,42.996,43.681,43.681,0.000,0.000,0,2,1.2705,102,204,102,107,84
7,post_landing,116,1963.0,58,246.949,482.243,-0.12061,-0.46260,0.47807,0.051169,0.285624,0,1,4.74000,1831.832,2.853,4.000,42.720,43.002,43.679,43.679,0.000,0.000,0,2,1.2705,102,204,102,107,84
7,post_landing,117,1980.0,58,246.828,481.270,0.38501,-0.90943,0.98756,-0.046657,0.337017,0,1,4.74000,1831.832,2.853,4.000,3.162,3.493,42.992,43.605,0.000,0.000,0,1,1.2705,102,204,102,107,84
8,falling,0,26.0,,195.000,97.029,0.00000,0.55000,0.55000,0.000000,0.000000,0,0,5.50800,2566.696,2.475,5.000,5.000,6.000,10.000,22.000,0.000,0.000,0,0,1.4251,68,136,68,69,57
8,falling,1,34.0,,195.000,97.355,0.00000,0.67937,0.67937,0.000000,0.000000,0,0,5.50800,2566.696,2.475,5.000,5.000,6.000,10.000,22.000,0.000,0.000,0,0,1.4251,68,136,68,69,57
8,falling,2,50.0,,195.000,98.254,0.00000,0.93626,0.93626,0.000000,0.000000,0,0,5.50800,2566.696,2.475,5.000,5.000,6.000,10.000,22.000,0.000,0.000,0,0,1.4251,68,136,68,69,57
8,falling,3,67.0,,195.000,99.483,0.00000,1.20527,1.20527,0.000000,0.000000,0,0,5.50800,2566.696,2.475,5.000,5.000,6.000,10.000,22.000,0.000,0.000,0,0,1.4251,68,136,68,69,57
8,falling,4,84.0,,195.000,100.983,0.00000,1.47016,1.47016,0.000000,0.000000,0,0,5.50800,2566.696,2.475,5.000,5.000,6.000,10.000,22.000,0.000,0.000,0,0,1.4251,68,136,68,69,57
8,falling,5,101.0,,195.000,102.630,0.00000,1.71565,1.71565,0.000000,0.000000,0,0,5.50800,2566.696,2.475,5.000,5.000,6.000,10.000,22.000,0.000,0.000,0,0,1.4251,68,136,68,69,57
8,falling,6,117.0,,195.000,104.642,0.00000,1.97274,1.97274,0.000000,0.000000,0,0,5.50800,2566.696,2.475,5.000,5.000,6.000,10.000,22.000,0.000,0.000,0,0,1.4251,68,136,68,69,57
8,falling,7,134.0,,195.000,106.912,0.00000,2.22589,2.22589,0.000000,0.000000,0,0,5.50800,2566.696,2.475,5.000,5.000,6.000,10.000,22.000,0.000,0.000,0,0,1.4251,68,136,68,69,57
8,falling,8,151.0,,195.000,109.437,0.00000,2.47517,2.47517,0.000000,0.000000,0,0,5.50800,2566.696,2.475,5.000,5.000,6.000,10.000,22.000,0.000,0.000,0,0,1.4251,68,136,68,69,57
8,falling,9,167.0,,195.000,112.035,0.00000,2.70619,2.70619,0.000000,0.000000,0,0,5.50800,2566.696,2.475,5.000,5.000,6.000,10.000,22.000,0.000,0.000,0,0,1.4251,68,136,68,69,57
8,falling,10,184.0,,195.000,115.042,0.00000,2.94812,2.94812,0.000000,0.000000,0,0,5.50800,2566.696,2.475,5.000,5.000,6.000,10.000,22.000,0.000,0.000,0,0,1.4251,68,136,68,69,57
8,falling,11,201.0,,195.000,118.292,0.00000,3.18635,3.18635,0.000000,0.000000,0,0,5.50800,2566.696,2.475,5.000,5.000,6.000,10.000,22.000,0.000,0.000,0,0,1.4251,68,136,68,69,57
8,falling,12,218.0,,195.000,121.563,0.00000,3.40713,3.40713,0.000000,0.000000,0,0,5.50800,2566.696,2.475,5.000,5.000,6.000,10.000,22.000,0.000,0.000,0,0,1.4251,68,136,68,69,57
8,falling,13,234.0,,195.000,125.274,0.00000,3.63833,3.63833,0.000000,0.000000,0,0,5.50800,2566.696,2.475,5.000,5.000,6.000,10.000,22.000,0.000,0.000,0,0,1.4251,68,136,68,69,57
8,falling,14,251.0,,195.000,129.217,0.00000,3.86600,3.86600,0.000000,0.000000,0,0,5.50800,2566.696,2.475,5.000,5.000,6.000,10.000,22.000,0.000,0.000,0,0,1.4251,68,136,68,69,57
8,falling,15,268.0,,195.000,133.131,0.00000,4.07700,4.07700,0.000000,0.000000,0,0,5.50800,2566.696,2.475,5.000,5.000,6.000,10.000,22.000,0.000,0.000,0,0,1.4251,68,136,68,69,57
8,falling,16,284.0,,195.000,137.515,0.00000,4.29795,4.29795,0.000000,0.000000,0,0,5.50800,2566.696,2.475,5.000,5.000,6.000,10.000,22.000,0.000,0.000,0,0,1.4251,68,136,68,69,57
8,falling,17,301.0,,195.000,142.121,0.00000,4.51553,4.51553,0.000000,0.000000,0,0,5.50800,2566.696,2.475,5.000,5.000,6.000,10.000,22.000,0.000,0.000,0,0,1.4251,68,136,68,69,57
8,falling,18,318.0,,195.000,146.650,0.00000,4.71717,4.71717,0.000000,0.000000,0,0,5.50800,2566.696,2.475,5.000,5.000,6.000,10.000,22.000,0.000,0.000,0,0,1.4251,68,136,68,69,57
8,falling,19,334.0,,195.000,151.677,0.00000,4.92833,4.92833,0.000000,0.000000,0,0,5.50800,2566.696,2.475,5.000,5.000,6.000,10.000,22.000,0.000,0.000,0,0,1.4251,68,136,68,69,57
8,falling,20,351.0,,195.000,156.916,0.00000,5.13626,5.13626,0.000000,0.000000,0,0,5.50800,2566.696,2.475,5.000,5.000,6.000,10.000,22.000,0.000,0.000,0,0,1.4251,68,136,68,69,57
8,falling,21,368.0,,195.000,162.031,0.00000,5.32896,5.32896,0.000000,0.000000,0,0,5.50800,2566.696,2.475,5.000,5.000,6.000,10.000,22.000,0.000,0.000,0,0,1.4251,68,136,68,69,57
8,falling,22,384.0,,195.000,167.673,0.00000,5.53077,5.53077,0.000000,0.000000,0,0,5.50800,2566.696,2.475,5.000,5.000,6.000,10.000,22.000,0.000,0.000,0,0,1.4251,68,136,68,69,57
8,falling,23,401.0,,195.000,173.517,0.00000,5.72948,5.72948,0.000000,0.000000,0,0,5.50800,2566.696,2.475,5.000,5.000,6.000,10.000,22.000,0.000,0.000,0,0,1.4251,68,136,68,69,57
8,falling,24,418.0,,195.000,179.194,0.00000,5.91364,5.91364,0.000000,0.000000,0,0,5.50800,2566.696,2.475,5.000,5.000,6.000,10.000,22.000,0.000,0.000,0,0,1.4251,68,136,68,69,57
8,falling,25,434.0,,195.000,185.423,0.00000,6.10649,6.10649,0.000000,0.000000,0,0,5.50800,2566.696,2.475,5.000,5.000,6.000,10.000,22.000,0.000,0.000,0,0,1.4251,68,136,68,69,57
8,falling,26,451.0,,195.000,191.845,0.00000,6.29640,6.29640,0.000000,0.000000,0,0,5.50800,2566.696,2.475,5.000,5.000,6.000,10.000,22.000,0.000,0.000,0,0,1.4251,68,136,68,69,57
8,falling,27,468.0,,195.000,198.058,0.00000,6.47240,6.47240,0.000000,0.000000,0,0,5.50800,2566.696,2.475,5.000,5.000,6.000,10.000,22.000,0.000,0.000,0,0,1.4251,68,136,68,69,57
8,falling,28,484.0,,195.000,204.848,0.00000,6.65670,6.65670,0.000000,0.000000,0,0,5.50800,2566.696,2.475,5.000,5.000,6.000,10.000,22.000,0.000,0.000,0,0,1.4251,68,136,68,69,57
8,falling,29,501.0,,195.000,211.823,0.00000,6.83819,6.83819,0.000000,0.000000,0,0,5.50800,2566.696,2.475,5.000,5.000,6.000,10.000,22.000,0.000,0.000,0,0,1.4251,68,136,68,69,57
8,falling,30,518.0,,195.000,218.549,0.00000,7.00639,7.00639,0.000000,0.000000,0,0,5.50800,2566.696,2.475,5.000,5.000,6.000,8.000,20.000,0.000,0.000,0,0,1.4251,68,136,68,69,57
8,falling,31,534.0,,195.000,225.875,0.00000,7.18252,7.18252,0.000000,0.000000,0,0,5.50800,2566.696,2.475,5.000,5.000,6.000,8.000,20.000,0.000,0.000,0,0,1.4251,68,136,68,69,57
8,falling,32,551.0,,195.000,233.379,0.00000,7.35596,7.35596,0.000000,0.000000,0,0,5.50800,2566.696,2.475,5.000,5.000,6.000,8.000,20.000,0.000,0.000,0,0,1.4251,68,136,68,69,57
8,falling,33,568.0,,195.000,241.056,0.00000,7.52675,7.52675,0.000000,0.000000,0,0,5.50800,2566.696,2.475,5.000,5.000,6.000,8.000,20.000,0.000,0.000,0,0,1.4251,68,136,68,69,57
8,falling,34,584.0,,195.000,248.433,0.00000,7.68503,7.68503,0.000000,0.000000,0,0,5.50800,2566.696,2.475,5.000,5.000,6.000,8.000,20.000,0.000,0.000,0,0,1.4251,68,136,68,69,57
8,falling,35,601.0,,195.000,256.441,0.00000,7.85078,7.85078,0.000000,0.000000,0,0,5.50800,2566.696,2.475,5.000,5.000,6.000,8.000,20.000,0.000,0.000,0,0,1.4251,68,136,68,69,57
8,falling,36,618.0,,195.000,264.615,0.00000,8.01400,8.01400,0.000000,0.000000,0,0,5.50800,2566.696,2.475,5.000,5.000,6.000,8.000,20.000,0.000,0.000,0,0,1.4251,68,136,68,69,57
8,falling,37,634.0,,195.000,272.454,0.00000,8.16526,8.16526,0.000000,0.000000,0,0,5.50800,2566.696,2.475,5.000,5.000,6.000,8.000,20.000,0.000,0.000,0,0,1.4251,68,136,68,69,57
8,falling,38,651.0,,195.000,280.944,0.00000,8.32367,8.32367,0.000000,0.000000,0,0,5.50800,2566.696,2.475,5.000,5.000,6.000,8.000,20.000,0.000,0.000,0,0,1.4251,68,136,68,69,57
8,falling,39,668.0,,195.000,289.594,0.00000,8.47965,8.47965,0.000000,0.000000,0,0,5.50800,2566.696,2.475,5.000,5.000,6.000,8.000,20.000,0.000,0.000,0,0,1.4251,68,136,68,69,57
8,falling,40,685.0,,195.000,297.873,0.00000,8.62421,8.62421,0.000000,0.000000,0,0,5.50800,2566.696,2.475,5.000,5.000,6.000,8.000,20.000,0.000,0.000,0,0,1.4251,68,136,68,69,57
8,falling,41,701.0,,195.000,306.824,0.00000,8.77559,8.77559,0.000000,0.000000,0,0,5.50800,2566.696,2.475,5.000,5.000,6.000,8.000,20.000,0.000,0.000,0,0,1.4251,68,136,68,69,57
8,falling,42,718.0,,195.000,315.927,0.00000,8.92466,8.92466,0.000000,0.000000,0,0,5.50800,2566.696,2.475,5.000,5.000,6.000,8.000,20.000,0.000,0.000,0,0,1.4251,68,136,68,69,57
8,falling,43,735.0,,195.000,324.627,0.00000,9.06281,9.06281,0.000000,0.000000,0,0,5.50800,2566.696,2.475,5.000,5.000,6.000,8.000,20.000,0.000,0.000,0,0,1.4251,68,136,68,69,57
8,falling,44,751.0,,195.000,334.019,0.00000,9.20748,9.20748,0.000000,0.000000,0,0,5.50800,2566.696,2.475,5.000,5.000,6.000,8.000,20.000,0.000,0.000,0,0,1.4251,68,136,68,69,57
8,falling,45,768.0,,195.000,343.556,0.00000,9.34994,9.34994,0.000000,0.000000,0,0,5.50800,2566.696,2.475,5.000,5.000,6.000,8.000,20.000,0.000,0.000,0,0,1.4251,68,136,68,69,57
8,falling,46,785.0,,195.000,352.659,0.00000,9.48197,9.48197,0.000000,0.000000,0,0,5.50800,2566.696,2.475,5.000,5.000,6.000,8.000,20.000,0.000,0.000,0,0,1.4251,68,136,68,69,57
8,falling,47,801.0,,195.000,362.471,0.00000,9.62023,9.62023,0.000000,0.000000,0,0,5.50800,2566.696,2.475,5.000,5.000,6.000,8.000,20.000,0.000,0.000,0,0,1.4251,68,136,68,69,57
8,falling,48,818.0,,195.000,372.423,0.00000,9.75637,9.75637,0.000000,0.000000,0,0,5.50800,2566.696,2.475,5.000,5.000,6.000,8.000,20.000,0.000,0.000,0,0,1.4251,68,136,68,69,57
8,falling,49,835.0,,195.000,381.910,0.00000,9.88255,9.88255,0.000000,0.000000,0,0,5.50800,2566.696,2.475,5.000,5.000,6.000,8.000,20.000,0.000,0.000,0,0,1.4251,68,136,68,69,57
8,falling,50,851.0,,195.000,392.125,0.00000,10.01468,10.01468,0.000000,0.000000,0,0,5.50800,2566.696,2.475,5.000,5.000,6.000,8.000,20.000,0.000,0.000,0,0,1.4251,68,136,68,69,57
8,falling,51,868.0,,195.000,402.473,0.00000,10.14479,10.14479,0.000000,0.000000,0,0,5.50800,2566.696,2.475,5.000,5.000,6.000,8.000,20.000,0.000,0.000,0,0,1.4251,68,136,68,69,57
8,falling,52,885.0,,195.000,412.327,0.00000,10.26537,10.26537,0.000000,0.000000,0,0,5.50800,2566.696,2.475,5.000,5.000,6.000,8.000,20.000,0.000,0.000,0,0,1.4251,68,136,68,69,57
8,falling,53,901.0,,195.000,422.927,0.00000,10.39164,10.39164,0.000000,0.000000,0,0,5.50800,2566.696,2.475,5.000,5.000,6.000,8.000,20.000,0.000,0.000,0,0,1.4251,68,136,68,69,57
8,falling,54,918.0,,195.000,433.653,0.00000,10.51598,10.51598,0.000000,0.000000,0,0,5.50800,2566.696,2.475,5.000,5.000,6.000,8.000,20.000,0.000,0.000,0,0,1.4251,68,136,68,69,57
8,falling,55,935.0,,195.000,443.859,0.00000,10.63122,10.63122,0.000000,0.000000,0,0,5.50800,2566.696,2.475,5.000,5.000,6.000,8.000,20.000,0.000,0.000,0,0,1.4251,68,136,68,69,57
8,falling,56,951.0,,195.000,454.826,0.00000,10.75190,10.75190,0.000000,0.000000,0,0,5.50800,2566.696,2.475,5.000,5.000,6.000,8.000,20.000,0.000,0.000,0,0,1.4251,68,136,68,69,57
8,falling,57,968.0,,195.000,465.914,0.00000,10.87072,10.87072,0.000000,0.000000,0,0,5.50800,2566.696,2.475,5.000,5.000,6.000,8.000,20.000,0.000,0.000,0,0,1.4251,68,136,68,69,57
8,falling,58,985.0,,195.000,476.456,0.00000,10.98085,10.98085,0.000000,0.000000,0,0,5.50800,2566.696,2.475,5.000,5.000,6.000,10.000,20.000,0.000,0.000,0,0,1.4251,68,136,68,69,57
8,post_landing,59,1001.0,59,195.000,483.363,2.95525,0.40730,2.98319,0.030874,0.000000,0,1,5.50800,2566.696,2.475,5.000,5.000,6.000,10.000,20.000,0.000,0.000,0,8,1.4251,68,136,68,69,57
8,post_landing,60,1018.0,59,197.968,482.071,2.36593,0.26007,2.38019,0.025919,0.031010,0,1,5.50800,2566.696,2.475,5.000,4.029,6.028,9.027,22.020,0.000,0.000,0,4,1.4251,68,136,68,69,57
8,post_landing,61,1035.0,59,200.207,481.726,1.93342,0.19874,1.94361,0.020800,0.055533,0,1,5.50800,2566.696,2.475,5.000,4.049,6.046,9.042,22.022,0.000,0.000,0,2,1.4251,68,136,68,69,57
8,post_landing,62,1051.0,59,202.149,481.851,1.54537,0.18203,1.55605,0.017763,0.076425,0,1,5.50800,2566.696,2.475,5.000,4.065,6.059,9.050,24.083,0.000,0.000,0,1,1.4251,68,136,68,69,57
8,post_landing,63,1068.0,59,203.701,482.347,1.24263,0.17578,1.25500,0.014315,0.094266,0,1,5.50800,2566.696,2.475,5.000,4.076,6.067,9.054,29.154,0.000,0.000,0,1,1.4251,68,136,68,69,57
8,post_landing,64,1085.0,59,204.877,482.737,0.99614,0.16717,1.01007,0.011624,0.107811,0,1,5.50800,2566.696,2.475,5.000,4.084,6.073,9.055,29.154,0.000,0.000,0,1,1.4251,68,136,68,69,57
8,post_landing,65,1101.0,59,205.877,483.082,0.79663,0.34940,0.86988,0.017409,0.119486,0,1,5.50800,2566.696,2.475,5.000,4.091,6.076,9.055,32.249,0.000,0.000,0,1,1.4251,68,136,68,69,57
8,post_landing,66,1118.0,59,206.677,483.599,0.71534,0.47002,0.85593,0.016081,0.136972,0,1,5.50800,2566.696,2.475,5.000,4.099,6.080,9.052,36.346,0.000,0.000,0,1,1.4251,68,136,68,69,57
8,post_landing,67,1135.0,59,207.354,484.064,0.71255,0.49465,0.86742,0.013957,0.152187,0,1,5.50800,2566.696,2.475,5.000,4.105,6.082,9.048,36.342,0.000,0.000,0,1,1.4251,68,136,68,69,57
8,post_landing,68,1152.0,59,208.070,484.479,0.66649,0.49377,0.82947,0.017419,0.166205,0,1,5.50800,2566.696,2.475,5.000,4.110,6.083,10.193,36.662,0.000,0.000,0,1,1.4251,68,136,68,69,57
8,post_landing,69,1168.0,59,208.739,485.042,0.64453,0.48665,0.80762,0.019306,0.183701,0,1,5.50800,2566.696,2.475,5.000,4.115,6.082,15.296,36.673,0.000,0.000,0,1,1.4251,68,136,68,69,57
8,post_landing,70,1186.0,59,209.349,485.617,0.62462,0.49238,0.79536,0.019315,0.201968,0,1,5.50800,2566.696,2.475,5.000,4.119,6.079,15.297,36.873,0.000,0.000,0,1,1.4251,68,136,68,69,57
8,post_landing,71,1202.0,59,209.976,486.251,0.60290,0.51069,0.79012,0.019552,0.221368,0,1,5.50800,2566.696,2.475,5.000,4.122,6.073,17.463,38.073,0.000,0.000,0,1,1.4251,68,136,68,69,57
8,post_landing,72,1218.0,59,210.582,486.904,0.58141,0.52613,0.78413,0.019876,0.241005,0,1,5.50800,2566.696,2.475,5.000,4.123,7.275,17.463,40.260,0.000,0.000,0,1,1.4251,68,136,68,69,57
8,post_landing,73,1235.0,59,211.132,487.538,0.55914,0.53524,0.77403,0.019731,0.259811,0,1,5.50800,2566.696,2.475,5.000,4.123,7.279,19.647,41.483,0.000,0.000,0,1,1.4251,68,136,68,69,57
8,post_landing,74,1252.0,59,211.694,488.226,0.53510,0.55363,0.76996,0.020002,0.279629,0,1,5.50800,2566.696,2.475,5.000,4.121,7.280,34.202,56.319,0.000,0.000,0,1,1.4251,68,136,68,69,57
8,post_landing,75,1268.0,59,212.231,488.934,0.51051,0.57014,0.76530,0.020295,0.299719,0,1,5.50800,2566.696,2.475,5.000,4.117,7.278,35.072,57.567,0.000,0.000,0,1,1.4251,68,136,68,69,57
8,post_landing,76,1285.0,59,212.744,489.664,0.48468,0.58689,0.76115,0.020501,0.320103,0,1,5.50800,2566.696,2.475,5.000,5.375,7.274,35.414,60.083,0.000,0.000,0,1,1.4251,68,136,68,69,57
8,post_landing,77,1302.0,59,213.203,490.368,0.45787,0.59524,0.75097,0.020326,0.339500,0,1,5.50800,2566.696,2.475,5.000,5.381,33.837,36.722,60.407,0.000,0.000,0,1,1.4251,68,136,68,69,57
8,post_landing,78,1318.0,59,213.662,491.129,0.42885,0.61336,0.74842,0.020546,0.359916,0,1,5.50800,2566.696,2.475,5.000,5.384,35.112,55.128,60.392,0.000,0.000,0,1,1.4251,68,136,68,69,57
8,post_landing,79,1335.0,59,214.093,491.994,0.56085,0.57676,0.80450,0.016131,0.380553,0,1,5.50800,2566.696,2.475,5.000,34.539,34.911,57.751,61.465,0.000,0.000,0,2,1.4251,68,136,68,69,57
8,post_landing,80,1352.0,59,214.624,492.514,0.58967,0.12073,0.60190,0.016901,0.395815,0,1,5.50800,2566.696,2.475,5.000,34.538,54.616,59.078,61.461,0.000,0.000,0,3,1.4251,68,136,68,69,57
8,post_landing,81,1368.0,59,215.216,492.526,0.46854,0.06959,0.47368,0.020869,0.412790,0,1,5.50800,2566.696,2.475,5.000,32.695,54.626,59.493,61.325,0.000,0.000,0,1,1.4251,68,136,68,69,57
8,post_landing,82,1385.0,59,215.687,492.677,0.36475,0.00000,0.36475,0.024251,0.433751,0,1,5.50800,2566.696,2.475,5.000,5.378,54.129,59.506,62.162,0.000,0.000,0,1,1.4251,68,136,68,69,57
8,post_landing,83,1402.0,59,216.032,492.859,0.33237,0.01768,0.33284,0.022518,0.456697,0,1,5.50800,2566.696,2.475,5.000,25.494,32.643,59.034,62.167,0.000,0.000,0,1,1.4251,68,136,68,69,57
8,post_landing,84,1418.0,59,216.366,493.149,0.27952,-0.07154,0.28853,0.010051,0.479314,0,1,5.50800,2566.696,2.475,5.000,28.178,32.650,59.018,61.750,0.000,0.000,0,3,1.4251,68,136,68,69,57
8,post_landing,85,1435.0,59,216.646,493.125,0.05696,-0.09029,0.10676,0.011868,0.489409,0,1,5.50800,2566.696,2.475,5.000,24.176,32.647,57.236,61.764,0.000,0.000,0,3,1.4251,68,136,68,69,57
8,post_landing,86,1452.0,59,216.700,493.139,-0.29506,-0.33299,0.44490,0.016543,0.500638,0,1,5.50800,2566.696,2.475,5.000,24.183,32.641,57.221,61.772,0.000,0.000,0,4,1.4251,68,136,68,69,57
8,post_landing,87,1468.0,59,216.404,492.915,-0.46499,-0.15309,0.48954,0.017822,0.517254,0,1,5.50800,2566.696,2.475,5.000,24.187,30.016,33.118,61.771,0.000,0.000,0,3,1.4251,68,136,68,69,57
8,post_landing,88,1485.0,59,215.937,492.728,-0.21890,0.00000,0.21890,0.000000,0.535154,0,1,5.50800,2566.696,2.475,5.000,4.971,26.064,33.105,61.749,0.000,0.000,0,3,1.4251,68,136,68,69,57
8,post_landing,89,1502.0,59,215.730,492.731,-0.12376,0.01655,0.12487,-0.007666,0.535154,0,1,5.50800,2566.696,2.475,5.000,4.971,26.064,33.105,61.749,0.000,0.000,0,3,1.4251,68,136,68,69,57
8,post_landing,90,1518.0,59,215.605,492.811,-0.57963,-0.03465,0.58066,0.011173,0.527455,0,1,5.50800,2566.696,2.475,5.000,24.186,26.057,33.112,61.761,0.000,0.000,0,3,1.4251,68,136,68,69,57
8,post_landing,91,1535.0,59,215.023,492.706,-0.21519,0.10065,0.23757,-0.009862,0.538677,0,1,5.50800,2566.696,2.475,5.000,4.973,26.067,33.101,61.398,0.000,0.000,0,3,1.4251,68,136,68,69,57
8,post_landing,92,1552.0,59,214.820,492.792,-0.33015,0.05895,0.33537,-0.005463,0.529345,0,1,5.50800,2566.696,2.475,5.000,24.186,26.059,33.110,61.758,0.000,0.000,0,3,1.4251,68,136,68,69,57
8,post_landing,93,1568.0,59,214.488,492.853,-0.27839,0.06427,0.28572,-0.009264,0.523858,0,1,5.50800,2566.696,2.475,5.000,24.187,30.017,33.115,61.765,0.000,0.000,0,3,1.4251,68,136,68,69,57
8,post_landing,94,1585.0,59,214.208,492.949,-0.66904,0.00000,0.66904,0.007471,0.514553,0,1,5.50800,2566.696,2.475,5.000,24.187,29.523,37.964,61.772,0.000,0.000,0,3,1.4251,68,136,68,69,57
8,post_landing,95,1602.0,59,213.575,492.877,-0.57920,0.00000,0.57920,-0.001888,0.521623,0,1,5.50800,2566.696,2.475,5.000,24.187,30.017,33.116,61.767,0.000,0.000,0,3,1.4251,68,136,68,69,57
8,post_landing,96,1618.0,59,212.994,492.895,-0.73221,-0.02971,0.73281,0.003168,0.519726,0,1,5.50800,2566.696,2.475,5.000,24.187,30.016,33.117,61.769,0.000,0.000,0,3,1.4251,68,136,68,69,57
8,post_landing,97,1635.0,59,212.258,492.863,-0.66933,0.00000,0.66933,-0.002898,0.522908,0,1,5.50800,2566.696,2.475,5.000,24.187,30.017,33.115,61.766,0.000,0.000,0,3,1.4251,68,136,68,69,57
8,post_landing,98,1652.0,59,211.625,492.886,-0.79425,-0.01969,0.79450,0.001970,0.520166,0,1,5.50800,2566.696,2.475,5.000,24.187,30.017,33.117,61.769,0.000,0.000,0,3,1.4251,68,136,68,69,57
8,post_landing,99,1668.0,59,210.827,492.871,-0.69514,-0.04804,0.69680,-0.005861,0.522145,0,1,5.50800,2566.696,2.475,5.000,24.187,30.017,33.116,61.767,0.000,0.000,0,3,1.4251,68,136,68,69,57
8,post_landing,100,1685.0,59,210.129,492.926,-0.79225,0.01256,0.79235,0.000000,0.516259,0,1,5.50800,2566.696,2.475,5.000,24.187,30.016,37.961,61.771,0.000,0.000,0,3,1.4251,68,136,68,69,57
8,post_landing,101,1702.0,59,209.379,492.930,-0.69397,0.05994,0.69656,-0.006201,0.516259,0,1,5.50800,2566.696,2.475,5.000,24.187,30.016,37.961,61.771,0.000,0.000,0,3,1.4251,68,136,68,69,57
8,post_landing,102,1718.0,59,208.682,493.000,-0.91074,-0.02565,0.91110,0.002565,0.510030,0,1,5.50800,2566.696,2.475,5.000,24.186,29.526,42.440,61.774,0.000,0.000,0,3,1.4251,68,136,68,69,57
8,post_landing,103,1735.0,59,207.768,492.973,-0.57021,0.14965,0.58952,-0.012705,0.512606,0,1,5.50800,2566.696,2.475,5.000,24.186,29.525,40.201,61.773,0.000,0.000,0,3,1.4251,68,136,68,69,57
8,post_landing,104,1752.0,59,207.228,493.144,-0.90154,-0.02667,0.90193,0.001413,0.500585,0,1,5.50800,2566.696,2.475,5.000,24.183,32.641,57.221,61.772,0.000,0.000,0,4,1.4251,68,136,68,69,57
8,post_landing,105,1768.0,59,206.323,493.141,-0.44591,-0.09441,0.45579,-0.011157,0.502004,0,1,5.50800,2566.696,2.475,5.000,24.183,32.640,57.218,61.773,0.000,0.000,0,4,1.4251,68,136,68,69,57
8,post_landing,106,1785.0,59,205.875,493.118,-0.36303,0.02497,0.36388,-0.008330,0.490798,0,1,5.50800,2566.696,2.475,5.000,24.177,32.647,57.234,61.766,0.000,0.000,0,3,1.4251,68,136,68,69,57
8,post_landing,107,1802.0,59,205.531,493.149,-0.23047,-0.04100,0.23408,-0.005832,0.482917,0,1,5.50800,2566.696,2.475,5.000,28.178,32.649,59.013,61.756,0.000,0.000,0,3,1.4251,68,136,68,69,57
8,post_landing,108,1818.0,59,205.300,493.174,-0.02026,0.00000,0.02026,-0.011480,0.477059,0,1,5.50800,2566.696,2.475,5.000,26.830,32.650,59.021,61.746,0.000,0.000,0,3,1.4251,68,136,68,69,57
8,post_landing,109,1835.0,59,205.279,493.265,0.05395,-0.04629,0.07109,-0.008199,0.465528,0,1,5.50800,2566.696,2.475,5.000,26.833,32.647,59.031,61.720,0.000,0.000,0,4,1.4251,68,136,68,69,57
8,post_landing,110,1852.0,59,205.330,493.275,-0.10947,0.04453,0.11818,0.004035,0.457771,0,1,5.50800,2566.696,2.475,5.000,25.493,32.643,59.034,62.167,0.000,0.000,0,4,1.4251,68,136,68,69,57
8,post_landing,111,1869.0,59,205.221,493.280,0.02222,-0.02064,0.03032,-0.003082,0.461824,0,1,5.50800,2566.696,2.475,5.000,26.833,32.646,59.033,62.164,0.000,0.000,0,4,1.4251,68,136,68,69,57
8,post_landing,112,1885.0,59,205.243,493.281,-0.02289,0.01480,0.02726,0.001696,0.458728,0,1,5.50800,2566.696,2.475,5.000,25.493,32.644,59.034,62.166,0.000,0.000,0,4,1.4251,68,136,68,69,57
8,post_landing,113,1902.0,59,205.221,493.276,0.01270,0.00000,0.01270,0.000000,0.460333,0,1,5.50800,2566.696,2.475,5.000,26.833,32.645,59.033,62.165,0.000,0.000,0,4,1.4251,68,136,68,69,57
8,post_landing,114,1919.0,59,205.234,493.279,-0.00442,0.00000,0.00442,0.000000,0.460333,0,1,5.50800,2566.696,2.475,5.000,26.833,32.645,59.033,62.165,0.000,0.000,0,4,1.4251,68,136,68,69,57
8,post_landing,115,1935.0,59,205.229,493.279,0.00024,0.00000,0.00024,0.000000,0.460333,0,1,5.50800,2566.696,2.475,5.000,26.833,32.645,59.033,62.165,0.000,0.000,0,4,1.4251,68,136,68,69,57
8,post_landing,116,1952.0,59,205.230,493.275,0.00223,0.00000,0.00223,0.000000,0.460333,0,1,5.50800,2566.696,2.475,5.000,26.833,32.645,59.033,62.165,0.000,0.000,0,4,1.4251,68,136,68,69,57
8,post_landing,117,1969.0,59,205.232,493.279,-0.00241,0.00000,0.00241,0.000000,0.460333,0,1,5.50800,2566.696,2.475,5.000,26.833,32.645,59.033,62.165,0.000,0.000,0,4,1.4251,68,136,68,69,57
8,post_landing,118,1985.0,59,205.230,493.279,0.00011,0.00000,0.00011,0.000000,0.460333,0,1,5.50800,2566.696,2.475,5.000,26.833,32.645,59.033,62.165,0.000,0.000,0,4,1.4251,68,136,68,69,57
9,falling,0,25.0,,195.000,97.029,0.00000,0.55000,0.55000,0.000000,0.000000,0,0,5.03800,2670.843,2.201,5.000,5.000,7.000,9.000,37.000,0.000,0.000,0,0,1.0585,78,156,78,82,79
9,falling,1,29.0,,195.000,97.177,0.00000,0.61469,0.61469,0.000000,0.000000,0,0,5.03800,2670.843,2.201,5.000,5.000,7.000,9.000,37.000,0.000,0.000,0,0,1.0585,78,156,78,82,79
9,falling,2,45.0,,195.000,98.014,0.00000,0.87250,0.87250,0.000000,0.000000,0,0,5.03800,2670.843,2.201,5.000,5.000,7.000,9.000,37.000,0.000,0.000,0,0,1.0585,78,156,78,82,79
9,falling,3,62.0,,195.000,99.179,0.00000,1.14249,1.14249,0.000000,0.000000,0,0,5.03800,2670.843,2.201,5.000,5.000,7.000,9.000,37.000,0.000,0.000,0,0,1.0585,78,156,78,82,79
9,falling,4,79.0,,195.000,100.616,0.00000,1.40834,1.40834,0.000000,0.000000,0,0,5.03800,2670.843,2.201,5.000,5.000,7.000,9.000,37.000,0.000,0.000,0,0,1.0585,78,156,78,82,79
9,falling,5,96.0,,195.000,102.205,0.00000,1.65473,1.65473,0.000000,0.000000,0,0,5.03800,2670.843,2.201,5.000,5.000,7.000,9.000,37.000,0.000,0.000,0,0,1.0585,78,156,78,82,79
9,falling,6,112.0,,195.000,104.156,0.00000,1.91274,1.91274,0.000000,0.000000,0,0,5.03800,2670.843,2.201,5.000,5.000,7.000,9.000,37.000,0.000,0.000,0,0,1.0585,78,156,78,82,79
9,falling,7,129.0,,195.000,106.366,0.00000,2.16681,2.16681,0.000000,0.000000,0,0,5.03800,2670.843,2.201,5.000,5.000,7.000,9.000,37.000,0.000,0.000,0,0,1.0585,78,156,78,82,79
9,falling,8,146.0,,195.000,108.672,0.00000,2.40227,2.40227,0.000000,0.000000,0,0,5.03800,2670.843,2.201,5.000,5.000,7.000,9.000,37.000,0.000,0.000,0,0,1.0585,78,156,78,82,79
9,falling,9,162.0,,195.000,111.374,0.00000,2.64885,2.64885,0.000000,0.000000,0,0,5.03800,2670.843,2.201,5.000,5.000,7.000,9.000,37.000,0.000,0.000,0,0,1.0585,78,156,78,82,79
9,falling,10,179.0,,195.000,114.323,0.00000,2.89166,2.89166,0.000000,0.000000,0,0,5.03800,2670.843,2.201,5.000,5.000,7.000,9.000,37.000,0.000,0.000,0,0,1.0585,78,156,78,82,79
9,falling,11,196.0,,195.000,117.517,0.00000,3.13075,3.13075,0.000000,0.000000,0,0,5.03800,2670.843,2.201,5.000,5.000,7.000,9.000,37.000,0.000,0.000,0,0,1.0585,78,156,78,82,79
9,falling,12,213.0,,195.000,120.735,0.00000,3.35233,3.35233,0.000000,0.000000,0,0,5.03800,2670.843,2.201,5.000,5.000,7.000,9.000,37.000,0.000,0.000,0,0,1.0585,78,156,78,82,79
9,falling,13,229.0,,195.000,124.391,0.00000,3.58438,3.58438,0.000000,0.000000,0,0,5.03800,2670.843,2.201,5.000,5.000,7.000,9.000,37.000,0.000,0.000,0,0,1.0585,78,156,78,82,79
9,falling,14,246.0,,195.000,128.280,0.00000,3.81287,3.81287,0.000000,0.000000,0,0,5.03800,2670.843,2.201,5.000,5.000,7.000,9.000,37.000,0.000,0.000,0,0,1.0585,78,156,78,82,79
9,falling,15,262.0,,195.000,132.144,0.00000,4.02463,4.02463,0.000000,0.000000,0,0,5.03800,2670.843,2.201,5.000,5.000,7.000,9.000,37.000,0.000,0.000,0,0,1.0585,78,156,78,82,79
9,falling,16,279.0,,195.000,136.475,0.00000,4.24639,4.24639,0.000000,0.000000,0,0,5.03800,2670.843,2.201,5.000,5.000,7.000,9.000,37.000,0.000,0.000,0,0,1.0585,78,156,78,82,79
9,falling,17,296.0,,195.000,141.029,0.00000,4.46475,4.46475,0.000000,0.000000,0,0,5.03800,2670.843,2.201,5.000,5.000,7.000,9.000,37.000,0.000,0.000,0,0,1.0585,78,156,78,82,79
9,falling,18,313.0,,195.000,145.509,0.00000,4.66712,4.66712,0.000000,0.000000,0,0,5.03800,2670.843,2.201,5.000,5.000,7.000,9.000,37.000,0.000,0.000,0,0,1.0585,78,156,78,82,79
9,falling,19,329.0,,195.000,150.486,0.00000,4.87905,4.87905,0.000000,0.000000,0,0,5.03800,2670.843,2.201,5.000,5.000,7.000,9.000,37.000,0.000,0.000,0,0,1.0585,78,156,78,82,79
9,falling,20,346.0,,195.000,155.676,0.00000,5.08773,5.08773,0.000000,0.000000,0,0,5.03800,2670.843,2.201,5.000,5.000,7.000,9.000,37.000,0.000,0.000,0,0,1.0585,78,156,78,82,79
9,falling,21,363.0,,195.000,160.745,0.00000,5.28114,5.28114,0.000000,0.000000,0,0,5.03800,2670.843,2.201,5.000,5.000,7.000,9.000,37.000,0.000,0.000,0,0,1.0585,78,156,78,82,79
9,falling,22,379.0,,195.000,166.339,0.00000,5.48367,5.48367,0.000000,0.000000,0,0,5.03800,2670.843,2.201,5.000,5.000,7.000,9.000,37.000,0.000,0.000,0,0,1.0585,78,156,78,82,79
9,falling,23,396.0,,195.000,171.783,0.00000,5.67137,5.67137,0.000000,0.000000,0,0,5.03800,2670.843,2.201,5.000,5.000,7.000,9.000,37.000,0.000,0.000,0,0,1.0585,78,156,78,82,79
9,falling,24,412.0,,195.000,177.769,0.00000,5.86793,5.86793,0.000000,0.000000,0,0,5.03800,2670.843,2.201,5.000,5.000,7.000,9.000,37.000,0.000,0.000,0,0,1.0585,78,156,78,82,79
9,falling,25,429.0,,195.000,183.951,0.00000,6.06149,6.06149,0.000000,0.000000,0,0,5.03800,2670.843,2.201,5.000,5.000,7.000,9.000,37.000,0.000,0.000,0,0,1.0585,78,156,78,82,79
9,falling,26,446.0,,195.000,190.328,0.00000,6.25208,6.25208,0.000000,0.000000,0,0,5.03800,2670.843,2.201,5.000,5.000,7.000,9.000,37.000,0.000,0.000,0,0,1.0585,78,156,78,82,79
9,falling,27,462.0,,195.000,196.500,0.00000,6.42872,6.42872,0.000000,0.000000,0,0,5.03800,2670.843,2.201,5.000,5.000,7.000,9.000,37.000,0.000,0.000,0,0,1.0585,78,156,78,82,79
9,falling,28,479.0,,195.000,203.246,0.00000,6.61369,6.61369,0.000000,0.000000,0,0,5.03800,2670.843,2.201,5.000,5.000,7.000,9.000,37.000,0.000,0.000,0,0,1.0585,78,156,78,82,79
9,falling,29,496.0,,195.000,210.178,0.00000,6.79583,6.79583,0.000000,0.000000,0,0,5.03800,2670.843,2.201,5.000,5.000,7.000,9.000,37.000,0.000,0.000,0,0,1.0585,78,156,78,82,79
9,falling,30,512.0,,195.000,216.864,0.00000,6.96464,6.96464,0.000000,0.000000,0,0,5.03800,2670.843,2.201,5.000,5.000,7.000,9.000,37.000,0.000,0.000,0,0,1.0585,78,156,78,82,79
9,falling,31,529.0,,195.000,224.148,0.00000,7.14142,7.14142,0.000000,0.000000,0,0,5.03800,2670.843,2.201,5.000,5.000,7.000,9.000,37.000,0.000,0.000,0,0,1.0585,78,156,78,82,79
9,falling,32,546.0,,195.000,231.610,0.00000,7.31549,7.31549,0.000000,0.000000,0,0,5.03800,2670.843,2.201,5.000,5.000,7.000,9.000,37.000,0.000,0.000,0,0,1.0585,78,156,78,82,79
9,falling,33,563.0,,195.000,238.788,0.00000,7.47681,7.47681,0.000000,0.000000,0,0,5.03800,2670.843,2.201,5.000,5.000,7.000,9.000,37.000,0.000,0.000,0,0,1.0585,78,156,78,82,79
9,falling,34,579.0,,195.000,246.586,0.00000,7.64575,7.64575,0.000000,0.000000,0,0,5.03800,2670.843,2.201,5.000,5.000,7.000,9.000,37.000,0.000,0.000,0,0,1.0585,78,156,78,82,79
9,falling,35,596.0,,195.000,254.555,0.00000,7.81210,7.81210,0.000000,0.000000,0,0,5.03800,2670.843,2.201,5.000,5.000,7.000,9.000,37.000,0.000,0.000,0,0,1.0585,78,156,78,82,79
9,falling,36,613.0,,195.000,262.202,0.00000,7.96627,7.96627,0.000000,0.000000,0,0,5.03800,2670.843,2.201,5.000,5.000,7.000,9.000,37.000,0.000,0.000,0,0,1.0585,78,156,78,82,79
9,falling,37,629.0,,195.000,270.492,0.00000,8.12772,8.12772,0.000000,0.000000,0,0,5.03800,2670.843,2.201,5.000,5.000,7.000,9.000,37.000,0.000,0.000,0,0,1.0585,78,156,78,82,79
9,falling,38,646.0,,195.000,278.945,0.00000,8.28670,8.28670,0.000000,0.000000,0,0,5.03800,2670.843,2.201,5.000,5.000,7.000,9.000,37.000,0.000,0.000,0,0,1.0585,78,156,78,82,79
9,falling,39,663.0,,195.000,287.042,0.00000,8.43404,8.43404,0.000000,0.000000,0,0,5.03800,2670.843,2.201,5.000,5.000,7.000,9.000,37.000,0.000,0.000,0,0,1.0585,78,156,78,82,79
9,falling,40,679.0,,195.000,295.802,0.00000,8.58833,8.58833,0.000000,0.000000,0,0,5.03800,2670.843,2.201,5.000,5.000,7.000,9.000,37.000,0.000,0.000,0,0,1.0585,78,156,78,82,79
9,falling,41,696.0,,195.000,304.717,0.00000,8.74026,8.74026,0.000000,0.000000,0,0,5.03800,2670.843,2.201,5.000,5.000,7.000,9.000,37.000,0.000,0.000,0,0,1.0585,78,156,78,82,79
9,falling,42,713.0,,195.000,313.243,0.00000,8.88107,8.88107,0.000000,0.000000,0,0,5.03800,2670.843,2.201,5.000,5.000,7.000,9.000,37.000,0.000,0.000,0,0,1.0585,78,156,78,82,79
9,falling,43,729.0,,195.000,322.452,0.00000,9.02852,9.02852,0.000000,0.000000,0,0,5.03800,2670.843,2.201,5.000,5.000,7.000,9.000,37.000,0.000,0.000,0,0,1.0585,78,156,78,82,79
9,falling,44,746.0,,195.000,331.809,0.00000,9.17372,9.17372,0.000000,0.000000,0,0,5.03800,2670.843,2.201,5.000,5.000,7.000,9.000,37.000,0.000,0.000,0,0,1.0585,78,156,78,82,79
9,falling,45,763.0,,195.000,340.745,0.00000,9.30829,9.30829,0.000000,0.000000,0,0,5.03800,2670.843,2.201,5.000,5.000,7.000,9.000,37.000,0.000,0.000,0,0,1.0585,78,156,78,82,79
9,falling,46,779.0,,195.000,350.383,0.00000,9.44920,9.44920,0.000000,0.000000,0,0,5.03800,2670.843,2.201,5.000,5.000,7.000,9.000,37.000,0.000,0.000,0,0,1.0585,78,156,78,82,79
9,falling,47,796.0,,195.000,360.163,0.00000,9.58796,9.58796,0.000000,0.000000,0,0,5.03800,2670.843,2.201,5.000,5.000,7.000,9.000,37.000,0.000,0.000,0,0,1.0585,78,156,78,82,79
9,falling,48,813.0,,195.000,369.491,0.00000,9.71656,9.71656,0.000000,0.000000,0,0,5.03800,2670.843,2.201,5.000,5.000,7.000,9.000,37.000,0.000,0.000,0,0,1.0585,78,156,78,82,79
9,falling,49,829.0,,195.000,379.539,0.00000,9.85123,9.85123,0.000000,0.000000,0,0,5.03800,2670.843,2.201,5.000,5.000,7.000,9.000,37.000,0.000,0.000,0,0,1.0585,78,156,78,82,79
9,falling,50,846.0,,195.000,389.722,0.00000,9.98384,9.98384,0.000000,0.000000,0,0,5.03800,2670.843,2.201,5.000,5.000,7.000,9.000,37.000,0.000,0.000,0,0,1.0585,78,156,78,82,79
9,falling,51,863.0,,195.000,400.039,0.00000,10.11442,10.11442,0.000000,0.000000,0,0,5.03800,2670.843,2.201,5.000,5.000,7.000,9.000,37.000,0.000,0.000,0,0,1.0585,78,156,78,82,79
9,falling,52,880.0,,195.000,409.865,0.00000,10.23544,10.23544,0.000000,0.000000,0,0,5.03800,2670.843,2.201,5.000,5.000,7.000,9.000,37.000,0.000,0.000,0,0,1.0585,78,156,78,82,79
9,falling,53,896.0,,195.000,420.435,0.00000,10.36217,10.36217,0.000000,0.000000,0,0,5.03800,2670.843,2.201,5.000,5.000,7.000,9.000,37.000,0.000,0.000,0,0,1.0585,78,156,78,82,79
9,falling,54,913.0,,195.000,430.495,0.00000,10.47962,10.47962,0.000000,0.000000,0,0,5.03800,2670.843,2.201,5.000,5.000,7.000,9.000,37.000,0.000,0.000,0,0,1.0585,78,156,78,82,79
9,falling,55,929.0,,195.000,441.310,0.00000,10.60262,10.60262,0.000000,0.000000,0,0,5.03800,2670.843,2.201,5.000,5.000,7.000,9.000,37.000,0.000,0.000,0,0,1.0585,78,156,78,82,79
9,falling,56,946.0,,195.000,452.248,0.00000,10.72373,10.72373,0.000000,0.000000,0,0,5.03800,2670.843,2.201,5.000,5.000,7.000,9.000,37.000,0.000,0.000,0,0,1.0585,78,156,78,82,79
9,falling,57,963.0,,195.000,462.650,0.00000,10.83598,10.83598,0.000000,0.000000,0,0,5.03800,2670.843,2.201,5.000,5.000,7.000,9.000,37.000,0.000,0.000,0,0,1.0585,78,156,78,82,79
9,falling,58,979.0,,195.000,473.823,0.00000,10.95352,10.95352,0.000000,0.000000,0,0,5.03800,2670.843,2.201,5.000,5.000,7.000,9.000,37.000,0.000,0.000,0,0,1.0585,78,156,78,82,79
9,post_landing,59,996.0,59,195.000,481.820,4.18131,1.21415,4.35402,0.044378,0.000000,0,1,5.03800,2670.843,2.201,5.000,5.000,7.000,9.000,37.000,0.000,0.000,0,7,1.0585,78,156,78,82,79
9,post_landing,60,1013.0,59,199.200,481.683,3.31450,0.56199,3.36181,0.036168,0.044573,0,1,5.03800,2670.843,2.201,5.000,4.041,5.040,9.080,37.231,0.000,0.000,0,4,1.0585,78,156,78,82,79
9,post_landing,61,1030.0,59,202.336,481.823,2.63134,0.31181,2.64975,0.029564,0.078795,0,1,5.03800,2670.843,2.201,5.000,4.066,5.063,9.130,38.512,0.000,0.000,0,2,1.0585,78,156,78,82,79
9,post_landing,62,1046.0,59,204.979,482.392,2.07490,0.22434,2.08699,0.023980,0.108488,0,1,5.03800,2670.843,2.201,5.000,4.085,5.079,36.330,38.751,0.000,0.000,0,1,1.0585,78,156,78,82,79
9,post_landing,63,1063.0,59,207.063,482.906,2.04315,0.50424,2.10446,0.023613,0.132574,0,0,5.03800,2670.843,2.201,5.000,4.097,5.088,37.468,38.856,0.000,0.000,0,0,1.0585,78,156,78,82,79
9,post_landing,64,1080.0,59,208.996,483.639,2.01373,0.76365,2.15367,0.023273,0.154916,0,0,5.03800,2670.843,2.201,5.000,4.106,5.094,37.483,38.934,0.000,0.000,0,0,1.0585,78,156,78,82,79
9,post_landing,65,1096.0,59,211.018,484.695,1.98292,1.03530,2.23692,0.022917,0.178291,0,0,5.03800,2670.843,2.201,5.000,4.114,34.525,37.478,38.994,0.000,0.000,0,0,1.0585,78,156,78,82,79
9,post_landing,66,1113.0,59,213.010,485.821,1.51003,0.49506,1.58911,0.019144,0.201309,0,1,5.03800,2670.843,2.201,5.000,33.733,35.693,38.832,39.032,0.000,0.000,0,1,1.0585,78,156,78,82,79
9,post_landing,67,1130.0,59,214.439,486.510,1.15706,0.28675,1.19206,0.014967,0.219422,0,1,5.03800,2670.843,2.201,5.000,33.732,35.684,39.048,39.048,0.000,0.000,0,1,1.0585,78,156,78,82,79
9,post_landing,68,1146.0,59,215.601,487.026,0.93608,0.09811,0.94121,0.012198,0.234456,0,1,5.03800,2670.843,2.201,5.000,34.928,34.928,39.051,39.051,0.000,0.000,0,2,1.0585,78,156,78,82,79
9,post_landing,69,1163.0,59,216.541,487.076,0.82823,0.06755,0.83098,0.007623,0.246707,0,1,5.03800,2670.843,2.201,5.000,32.015,34.924,39.047,39.047,0.000,0.000,0,1,1.0585,78,156,78,82,79
9,post_landing,70,1180.0,59,217.325,487.136,0.71712,0.05238,0.71903,0.006062,0.253920,0,1,5.03800,2670.843,2.201,5.000,32.016,34.919,37.358,39.042,0.000,0.000,0,1,1.0585,78,156,78,82,79
9,post_landing,71,1196.0,59,218.045,487.198,0.62103,0.04701,0.62281,0.005352,0.260009,0,1,5.03800,2670.843,2.201,5.000,32.015,34.914,37.361,39.037,0.000,0.000,0,1,1.0585,78,156,78,82,79
9,post_landing,72,1213.0,59,218.669,487.251,0.54019,0.08916,0.54750,0.009079,0.265384,0,1,5.03800,2670.843,2.201,5.000,1.227,34.908,37.363,39.030,0.000,0.000,0,1,1.0585,78,156,78,82,79
9,post_landing,73,1230.0,59,219.180,487.333,0.48781,0.10932,0.49991,0.010859,0.273974,0,1,5.03800,2670.843,2.201,5.000,1.233,32.008,37.363,39.018,0.000,0.000,0,1,1.0585,78,156,78,82,79
9,post_landing,74,1246.0,59,219.670,487.450,0.41735,0.09676,0.42842,0.014282,0.284881,0,1,5.03800,2670.843,2.201,5.000,1.241,31.999,37.359,38.998,0.000,0.000,0,1,1.0585,78,156,78,82,79
9,post_landing,75,1263.0,59,220.089,487.602,0.36018,-0.02805,0.36127,0.019310,0.299226,0,1,5.03800,2670.843,2.201,5.000,1.250,1.250,36.687,38.964,0.000,0.000,0,1,1.0585,78,156,78,82,79
9,post_landing,76,1280.0,59,220.430,487.792,0.31653,0.00000,0.31653,0.019816,0.317496,0,1,5.03800,2670.843,2.201,5.000,1.262,1.262,36.685,38.910,0.000,0.000,0,1,1.0585,78,156,78,82,79
9,post_landing,77,1296.0,59,220.748,488.033,0.31446,-0.01614,0.31487,0.019768,0.337399,0,1,5.03800,2670.843,2.201,5.000,1.275,1.275,33.837,64.843,0.000,0.000,0,1,1.0585,78,156,78,82,79
9,post_landing,78,1313.0,59,221.064,488.282,0.29441,0.00000,0.29441,0.020313,0.357254,0,1,5.03800,2670.843,2.201,5.000,1.287,1.287,33.826,67.065,0.000,0.000,0,1,1.0585,78,156,78,82,79
9,post_landing,79,1330.0,59,221.342,488.534,0.26072,0.03592,0.26318,0.020636,0.376473,0,1,5.03800,2670.843,2.201,5.000,1.298,1.298,12.630,65.551,0.000,0.000,0,1,1.0585,78,156,78,82,79
9,post_landing,80,1346.0,59,221.604,488.826,0.27214,0.01402,0.27250,0.020601,0.397200,0,1,5.03800,2670.843,2.201,5.000,1.309,3.005,12.613,65.535,0.000,0.000,0,1,1.0585,78,156,78,82,79
9,post_landing,81,1363.0,59,221.877,489.126,0.26352,0.02972,0.26519,0.020926,0.417892,0,1,5.03800,2670.843,2.201,5.000,1.320,3.045,3.451,64.983,0.000,0.000,0,1,1.0585,78,156,78,82,79
9,post_landing,82,1380.0,59,222.127,489.424,0.26588,0.05957,0.27247,0.020033,0.437692,0,1,5.03800,2670.843,2.201,5.000,1.330,3.083,3.507,66.212,0.000,0.000,0,1,1.0585,78,156,78,82,79
9,post_landing,83,1396.0,59,222.394,489.749,0.26506,0.05363,0.27043,0.020961,0.457813,0,1,5.03800,2670.843,2.201,5.000,1.339,3.120,3.562,63.506,0.000,0.000,0,1,1.0585,78,156,78,82,79
9,post_landing,84,1413.0,59,222.660,490.093,0.25858,0.07457,0.26911,0.021416,0.478866,0,1,5.03800,2670.843,2.201,5.000,1.348,3.157,32.257,63.490,0.000,0.000,0,1,1.0585,78,156,78,82,79
9,post_landing,85,1430.0,59,222.905,490.438,0.27054,0.10220,0.28920,0.020351,0.499129,0,1,5.03800,2670.843,2.201,5.000,1.357,3.192,32.322,43.017,0.000,0.000,0,1,1.0585,78,156,78,82,79
9,post_landing,86,1446.0,59,223.176,490.807,0.25733,0.10918,0.27953,0.021793,0.519569,0,1,5.03800,2670.843,2.201,5.000,1.365,3.226,32.374,43.040,0.000,0.000,0,1,1.0585,78,156,78,82,79
9,post_landing,87,1463.0,59,223.435,491.207,0.25404,0.13138,0.28600,0.022129,0.541458,0,1,5.03800,2670.843,2.201,5.000,1.372,32.415,32.415,43.046,0.000,0.000,0,1,1.0585,78,156,78,82,79
9,post_landing,88,1480.0,59,223.675,491.603,0.30338,0.17303,0.34926,0.018841,0.562396,0,1,5.03800,2670.843,2.201,5.000,32.439,32.439,34.039,62.120,0.000,0.000,0,1,1.0585,78,156,78,82,79
9,post_landing,89,1497.0,59,223.980,491.984,0.33168,0.20314,0.38894,0.017819,0.581320,0,1,5.03800,2670.843,2.201,5.000,32.449,32.449,34.097,62.678,0.000,0.000,0,1,1.0585,78,156,78,82,79
9,post_landing,90,1513.0,59,224.313,492.216,0.23618,-0.05761,0.24310,0.006419,0.599217,0,1,5.03800,2670.843,2.201,5.000,32.448,32.448,34.140,62.680,0.000,0.000,0,3,1.0585,78,156,78,82,79
9,post_landing,91,1530.0,59,224.537,492.208,-0.04889,-0.07474,0.08931,0.010508,0.605290,0,1,5.03800,2670.843,2.201,5.000,32.445,32.445,34.152,62.677,0.000,0.000,0,3,1.0585,78,156,78,82,79
9,post_landing,92,1547.0,59,224.487,491.981,-0.16374,0.03395,0.16722,0.010755,0.615845,0,1,5.03800,2670.843,2.201,5.000,32.437,32.437,34.170,62.426,0.000,0.000,0,2,1.0585,78,156,78,82,79
9,post_landing,93,1563.0,59,224.323,491.869,-0.04409,0.00000,0.04409,-0.000971,0.626647,0,1,5.03800,2670.843,2.201,5.000,2.206,32.426,34.185,62.421,0.000,0.000,0,2,1.0585,78,156,78,82,79
9,post_landing,94,1580.0,59,224.279,491.868,-0.09028,0.00000,0.09028,-0.002105,0.625671,0,1,5.03800,2670.843,2.201,5.000,2.207,32.427,34.184,62.422,0.000,0.000,0,2,1.0585,78,156,78,82,79
9,post_landing,95,1597.0,59,224.193,491.883,-0.11723,0.02994,0.12099,-0.003130,0.623680,0,1,5.03800,2670.843,2.201,5.000,2.207,32.429,34.181,62.423,0.000,0.000,0,2,1.0585,78,156,78,82,79
9,post_landing,96,1613.0,59,224.076,491.920,-0.14648,0.03896,0.15157,-0.004216,0.620535,0,1,5.03800,2670.843,2.201,5.000,2.209,32.433,34.177,62.425,0.000,0.000,0,2,1.0585,78,156,78,82,79
9,post_landing,97,1630.0,59,223.928,491.964,-0.17610,0.04625,0.18207,-0.004977,0.616301,0,1,5.03800,2670.843,2.201,5.000,32.437,32.437,34.171,62.426,0.000,0.000,0,2,1.0585,78,156,78,82,79
9,post_landing,98,1647.0,59,223.762,492.009,-0.19891,0.05328,0.20592,-0.005582,0.611592,0,1,5.03800,2670.843,2.201,5.000,32.441,32.441,34.163,62.670,0.000,0.000,0,2,1.0585,78,156,78,82,79
9,post_landing,99,1663.0,59,223.562,492.073,-0.21929,0.06073,0.22754,-0.006329,0.605986,0,1,5.03800,2670.843,2.201,5.000,32.445,32.445,34.153,62.676,0.000,0.000,0,2,1.0585,78,156,78,82,79
9,post_landing,100,1680.0,59,223.342,492.212,-0.01271,-0.02007,0.02376,-0.002106,0.599629,0,1,5.03800,2670.843,2.201,5.000,32.448,32.448,34.141,62.680,0.000,0.000,0,3,1.0585,78,156,78,82,79
9,post_landing,101,1697.0,59,223.330,492.213,-0.04576,0.01707,0.04884,0.000854,0.597637,0,1,5.03800,2670.843,2.201,5.000,32.448,32.448,34.137,62.681,0.000,0.000,0,3,1.0585,78,156,78,82,79
9,post_landing,102,1713.0,59,223.284,492.219,0.01967,0.00000,0.01967,0.000000,0.598494,0,1,5.03800,2670.843,2.201,5.000,32.448,32.448,34.138,62.681,0.000,0.000,0,3,1.0585,78,156,78,82,79
9,post_landing,103,1730.0,59,223.304,492.218,-0.00834,0.00000,0.00834,0.000000,0.598494,0,1,5.03800,2670.843,2.201,5.000,32.448,32.448,34.138,62.681,0.000,0.000,0,3,1.0585,78,156,78,82,79
9,post_landing,104,1747.0,59,223.296,492.214,0.00184,0.00000,0.00184,0.000000,0.598494,0,1,5.03800,2670.843,2.201,5.000,32.448,32.448,34.138,62.681,0.000,0.000,0,3,1.0585,78,156,78,82,79
9,post_landing,105,1763.0,59,223.297,492.218,0.00013,0.00000,0.00013,0.000000,0.598494,0,1,5.03800,2670.843,2.201,5.000,32.448,32.448,34.138,62.681,0.000,0.000,0,3,1.0585,78,156,78,82,79
9,post_landing,106,1780.0,59,223.298,492.218,0.00007,0.00000,0.00007,0.000000,0.598494,0,1,5.03800,2670.843,2.201,5.000,32.448,32.448,34.138,62.681,0.000,0.000,0,3,1.0585,78,156,78,82,79
9,post_landing,107,1797.0,59,223.298,492.214,-0.00093,0.00000,0.00093,0.000000,0.598494,0,1,5.03800,2670.843,2.201,5.000,32.448,32.448,34.138,62.681,0.000,0.000,0,3,1.0585,78,156,78,82,79
9,post_landing,108,1813.0,59,223.297,492.218,0.00105,0.00000,0.00105,0.000000,0.598494,0,1,5.03800,2670.843,2.201,5.000,32.448,32.448,34.138,62.681,0.000,0.000,0,3,1.0585,78,156,78,82,79
9,post_landing,109,1830.0,59,223.298,492.218,-0.00026,0.00000,0.00026,0.000000,0.598494,0,1,5.03800,2670.843,2.201,5.000,32.448,32.448,34.138,62.681,0.000,0.000,0,3,1.0585,78,156,78,82,79
9,post_landing,110,1847.0,59,223.298,492.214,-0.00080,0.00000,0.00080,0.000000,0.598494,0,1,5.03800,2670.843,2.201,5.000,32.448,32.448,34.138,62.681,0.000,0.000,0,3,1.0585,78,156,78,82,79
9,post_landing,111,1863.0,59,223.297,492.218,0.00101,0.00000,0.00101,0.000000,0.598494,0,1,5.03800,2670.843,2.201,5.000,32.448,32.448,34.138,62.681,0.000,0.000,0,3,1.0585,78,156,78,82,79
9,post_landing,112,1880.0,59,223.298,492.218,-0.00025,0.00000,0.00025,0.000000,0.598494,0,1,5.03800,2670.843,2.201,5.000,32.448,32.448,34.138,62.681,0.000,0.000,0,3,1.0585,78,156,78,82,79
9,post_landing,113,1897.0,59,223.298,492.214,-0.00080,0.00000,0.00080,0.000000,0.598494,0,1,5.03800,2670.843,2.201,5.000,32.448,32.448,34.138,62.681,0.000,0.000,0,3,1.0585,78,156,78,82,79
9,post_landing,114,1913.0,59,223.297,492.218,0.00101,0.00000,0.00101,0.000000,0.598494,0,1,5.03800,2670.843,2.201,5.000,32.448,32.448,34.138,62.681,0.000,0.000,0,3,1.0585,78,156,78,82,79
9,post_landing,115,1930.0,59,223.298,492.218,-0.00025,0.00000,0.00025,0.000000,0.598494,0,1,5.03800,2670.843,2.201,5.000,32.448,32.448,34.138,62.681,0.000,0.000,0,3,1.0585,78,156,78,82,79
9,post_landing,116,1947.0,59,223.297,492.214,-0.00080,0.00000,0.00080,0.000000,0.598494,0,1,5.03800,2670.843,2.201,5.000,32.448,32.448,34.138,62.681,0.000,0.000,0,3,1.0585,78,156,78,82,79
9,post_landing,117,1963.0,59,223.297,492.218,0.00101,0.00000,0.00101,0.000000,0.598494,0,1,5.03800,2670.843,2.201,5.000,32.448,32.448,34.138,62.681,0.000,0.000,0,3,1.0585,78,156,78,82,79
9,post_landing,118,1980.0,59,223.298,492.218,-0.00025,0.00000,0.00025,0.000000,0.598494,0,1,5.03800,2670.843,2.201,5.000,32.448,32.448,34.138,62.681,0.000,0.000,0,3,1.0585,78,156,78,82,79
10,falling,0,27.0,,195.000,97.029,0.00000,0.55000,0.55000,0.000000,0.000000,0,0,6.51000,5147.624,3.157,50.000,50.000,52.000,53.000,55.000,0.000,0.000,0,0,1.0852,97,194,97,102,84
10,falling,1,34.0,,195.000,97.262,0.00000,0.64703,0.64703,0.000000,0.000000,0,0,6.51000,5147.624,3.157,50.000,50.000,52.000,53.000,55.000,0.000,0.000,0,0,1.0852,97,194,97,102,84
10,falling,2,50.0,,195.000,98.201,0.00000,0.92046,0.92046,0.000000,0.000000,0,0,6.51000,5147.624,3.157,50.000,50.000,52.000,53.000,55.000,0.000,0.000,0,0,1.0852,97,194,97,102,84
10,falling,3,67.0,,195.000,99.414,0.00000,1.18971,1.18971,0.000000,0.000000,0,0,6.51000,5147.624,3.157,50.000,50.000,52.000,53.000,55.000,0.000,0.000,0,0,1.0852,97,194,97,102,84
10,falling,4,84.0,,195.000,100.796,0.00000,1.43925,1.43925,0.000000,0.000000,0,0,6.51000,5147.624,3.157,50.000,50.000,52.000,53.000,55.000,0.000,0.000,0,0,1.0852,97,194,97,102,84
10,falling,5,100.0,,195.000,102.531,0.00000,1.70056,1.70056,0.000000,0.000000,0,0,6.51000,5147.624,3.157,50.000,50.000,52.000,53.000,55.000,0.000,0.000,0,0,1.0852,97,194,97,102,84
10,falling,6,117.0,,195.000,104.528,0.00000,1.95788,1.95788,0.000000,0.000000,0,0,6.51000,5147.624,3.157,50.000,50.000,52.000,53.000,55.000,0.000,0.000,0,0,1.0852,97,194,97,102,84
10,falling,7,135.0,,195.000,106.636,0.00000,2.19635,2.19635,0.000000,0.000000,0,0,6.51000,5147.624,3.157,50.000,50.000,52.000,53.000,55.000,0.000,0.000,0,0,1.0852,97,194,97,102,84
10,falling,8,150.0,,195.000,109.131,0.00000,2.44608,2.44608,0.000000,0.000000,0,0,6.51000,5147.624,3.157,50.000,50.000,52.000,53.000,55.000,0.000,0.000,0,0,1.0852,97,194,97,102,84
10,falling,9,167.0,,195.000,111.877,0.00000,2.69199,2.69199,0.000000,0.000000,0,0,6.51000,5147.624,3.157,50.000,50.000,52.000,53.000,55.000,0.000,0.000,0,0,1.0852,97,194,97,102,84
10,falling,10,184.0,,195.000,114.680,0.00000,2.91989,2.91989,0.000000,0.000000,0,0,6.51000,5147.624,3.157,50.000,50.000,52.000,53.000,55.000,0.000,0.000,0,0,1.0852,97,194,97,102,84
10,falling,11,200.0,,195.000,117.902,0.00000,3.15855,3.15855,0.000000,0.000000,0,0,6.51000,5147.624,3.157,50.000,50.000,52.000,53.000,55.000,0.000,0.000,0,0,1.0852,97,194,97,102,84
10,falling,12,217.0,,195.000,121.363,0.00000,3.39356,3.39356,0.000000,0.000000,0,0,6.51000,5147.624,3.157,50.000,50.000,52.000,53.000,55.000,0.000,0.000,0,0,1.0852,97,194,97,102,84
10,falling,13,234.0,,195.000,124.830,0.00000,3.61136,3.61136,0.000000,0.000000,0,0,6.51000,5147.624,3.157,50.000,50.000,52.000,53.000,55.000,0.000,0.000,0,0,1.0852,97,194,97,102,84
10,falling,14,250.0,,195.000,128.746,0.00000,3.83943,3.83943,0.000000,0.000000,0,0,6.51000,5147.624,3.157,50.000,50.000,52.000,53.000,55.000,0.000,0.000,0,0,1.0852,97,194,97,102,84
10,falling,15,267.0,,195.000,132.892,0.00000,4.06402,4.06402,0.000000,0.000000,0,0,6.51000,5147.624,3.157,50.000,50.000,52.000,53.000,55.000,0.000,0.000,0,0,1.0852,97,194,97,102,84
10,falling,16,284.0,,195.000,136.993,0.00000,4.27217,4.27217,0.000000,0.000000,0,0,6.51000,5147.624,3.157,50.000,50.000,52.000,53.000,55.000,0.000,0.000,0,0,1.0852,97,194,97,102,84
10,falling,17,300.0,,195.000,141.573,0.00000,4.49014,4.49014,0.000000,0.000000,0,0,6.51000,5147.624,3.157,50.000,50.000,52.000,53.000,55.000,0.000,0.000,0,0,1.0852,97,194,97,102,84
10,falling,18,317.0,,195.000,146.372,0.00000,4.70477,4.70477,0.000000,0.000000,0,0,6.51000,5147.624,3.157,50.000,50.000,52.000,53.000,55.000,0.000,0.000,0,0,1.0852,97,194,97,102,84
10,falling,19,334.0,,195.000,151.079,0.00000,4.90369,4.90369,0.000000,0.000000,0,0,6.51000,5147.624,3.157,50.000,50.000,52.000,53.000,55.000,0.000,0.000,0,0,1.0852,97,194,97,102,84
10,falling,20,351.0,,195.000,156.293,0.00000,5.11200,5.11200,0.000000,0.000000,0,0,6.51000,5147.624,3.157,50.000,50.000,52.000,53.000,55.000,0.000,0.000,0,0,1.0852,97,194,97,102,84
10,falling,21,367.0,,195.000,161.717,0.00000,5.31712,5.31712,0.000000,0.000000,0,0,6.51000,5147.624,3.157,50.000,50.000,52.000,53.000,55.000,0.000,0.000,0,0,1.0852,97,194,97,102,84
10,falling,22,384.0,,195.000,167.346,0.00000,5.51910,5.51910,0.000000,0.000000,0,0,6.51000,5147.624,3.157,50.000,50.000,52.000,53.000,55.000,0.000,0.000,0,0,1.0852,97,194,97,102,84
10,falling,23,401.0,,195.000,172.824,0.00000,5.70629,5.70629,0.000000,0.000000,0,0,6.51000,5147.624,3.157,50.000,50.000,52.000,53.000,55.000,0.000,0.000,0,0,1.0852,97,194,97,102,84
10,falling,24,417.0,,195.000,178.845,0.00000,5.90232,5.90232,0.000000,0.000000,0,0,6.51000,5147.624,3.157,50.000,50.000,52.000,53.000,55.000,0.000,0.000,0,0,1.0852,97,194,97,102,84
10,falling,25,434.0,,195.000,185.062,0.00000,6.09535,6.09535,0.000000,0.000000,0,0,6.51000,5147.624,3.157,50.000,50.000,52.000,53.000,55.000,0.000,0.000,0,0,1.0852,97,194,97,102,84
10,falling,26,451.0,,195.000,191.085,0.00000,6.27424,6.27424,0.000000,0.000000,0,0,6.51000,5147.624,3.157,50.000,50.000,52.000,53.000,55.000,0.000,0.000,0,0,1.0852,97,194,97,102,84
10,falling,27,467.0,,195.000,197.676,0.00000,6.46158,6.46158,0.000000,0.000000,0,0,6.51000,5147.624,3.157,50.000,50.000,52.000,53.000,55.000,0.000,0.000,0,0,1.0852,97,194,97,102,84
10,falling,28,484.0,,195.000,204.455,0.00000,6.64605,6.64605,0.000000,0.000000,0,0,6.51000,5147.624,3.157,50.000,50.000,52.000,53.000,55.000,0.000,0.000,0,0,1.0852,97,194,97,102,84
10,falling,29,501.0,,195.000,210.999,0.00000,6.81701,6.81701,0.000000,0.000000,0,0,6.51000,5147.624,3.157,50.000,50.000,52.000,53.000,55.000,0.000,0.000,0,0,1.0852,97,194,97,102,84
10,falling,30,517.0,,195.000,218.135,0.00000,6.99604,6.99604,0.000000,0.000000,0,0,6.51000,5147.624,3.157,50.000,50.000,52.000,53.000,55.000,0.000,0.000,0,0,1.0852,97,194,97,102,84
10,falling,31,534.0,,195.000,225.451,0.00000,7.17234,7.17234,0.000000,0.000000,0,0,6.51000,5147.624,3.157,50.000,50.000,52.000,53.000,55.000,0.000,0.000,0,0,1.0852,97,194,97,102,84
10,falling,32,551.0,,195.000,232.493,0.00000,7.33572,7.33572,0.000000,0.000000,0,0,6.51000,5147.624,3.157,50.000,50.000,52.000,53.000,55.000,0.000,0.000,0,0,1.0852,97,194,97,102,84
10,falling,33,567.0,,195.000,240.150,0.00000,7.50682,7.50682,0.000000,0.000000,0,0,6.51000,5147.624,3.157,50.000,50.000,52.000,53.000,55.000,0.000,0.000,0,0,1.0852,97,194,97,102,84
10,falling,34,584.0,,195.000,247.979,0.00000,7.67530,7.67530,0.000000,0.000000,0,0,6.51000,5147.624,3.157,50.000,50.000,52.000,53.000,55.000,0.000,0.000,0,0,1.0852,97,194,97,102,84
10,falling,35,601.0,,195.000,255.497,0.00000,7.83144,7.83144,0.000000,0.000000,0,0,6.51000,5147.624,3.157,50.000,50.000,52.000,53.000,55.000,0.000,0.000,0,0,1.0852,97,194,97,102,84
10,falling,36,617.0,,195.000,263.652,0.00000,7.99495,7.99495,0.000000,0.000000,0,0,6.51000,5147.624,3.157,50.000,50.000,52.000,53.000,55.000,0.000,0.000,0,0,1.0852,97,194,97,102,84
10,falling,37,634.0,,195.000,271.971,0.00000,8.15596,8.15596,0.000000,0.000000,0,0,6.51000,5147.624,3.157,50.000,50.000,52.000,53.000,55.000,0.000,0.000,0,0,1.0852,97,194,97,102,84
10,falling,38,651.0,,195.000,279.944,0.00000,8.30519,8.30519,0.000000,0.000000,0,0,6.51000,5147.624,3.157,50.000,50.000,52.000,53.000,55.000,0.000,0.000,0,0,1.0852,97,194,97,102,84
10,falling,39,667.0,,195.000,288.575,0.00000,8.46145,8.46145,0.000000,0.000000,0,0,6.51000,5147.624,3.157,50.000,50.000,52.000,53.000,55.000,0.000,0.000,0,0,1.0852,97,194,97,102,84
10,falling,40,684.0,,195.000,297.363,0.00000,8.61532,8.61532,0.000000,0.000000,0,0,6.51000,5147.624,3.157,50.000,50.000,52.000,53.000,55.000,0.000,0.000,0,0,1.0852,97,194,97,102,84
10,falling,41,701.0,,195.000,305.770,0.00000,8.75793,8.75793,0.000000,0.000000,0,0,6.51000,5147.624,3.157,50.000,50.000,52.000,53.000,55.000,0.000,0.000,0,0,1.0852,97,194,97,102,84
10,falling,42,717.0,,195.000,314.856,0.00000,8.90727,8.90727,0.000000,0.000000,0,0,6.51000,5147.624,3.157,50.000,50.000,52.000,53.000,55.000,0.000,0.000,0,0,1.0852,97,194,97,102,84
10,falling,43,734.0,,195.000,324.091,0.00000,9.05432,9.05432,0.000000,0.000000,0,0,6.51000,5147.624,3.157,50.000,50.000,52.000,53.000,55.000,0.000,0.000,0,0,1.0852,97,194,97,102,84
10,falling,44,751.0,,195.000,332.914,0.00000,9.19060,9.19060,0.000000,0.000000,0,0,6.51000,5147.624,3.157,50.000,50.000,52.000,53.000,55.000,0.000,0.000,0,0,1.0852,97,194,97,102,84
10,falling,45,767.0,,195.000,342.434,0.00000,9.33332,9.33332,0.000000,0.000000,0,0,6.51000,5147.624,3.157,50.000,50.000,52.000,53.000,55.000,0.000,0.000,0,0,1.0852,97,194,97,102,84
10,falling,46,784.0,,195.000,352.097,0.00000,9.47385,9.47385,0.000000,0.000000,0,0,6.51000,5147.624,3.157,50.000,50.000,52.000,53.000,55.000,0.000,0.000,0,0,1.0852,97,194,97,102,84
10,falling,47,801.0,,195.000,361.317,0.00000,9.60410,9.60410,0.000000,0.000000,0,0,6.51000,5147.624,3.157,50.000,50.000,52.000,53.000,55.000,0.000,0.000,0,0,1.0852,97,194,97,102,84
10,falling,48,817.0,,195.000,371.253,0.00000,9.74049,9.74049,0.000000,0.000000,0,0,6.51000,5147.624,3.157,50.000,50.000,52.000,53.000,55.000,0.000,0.000,0,0,1.0852,97,194,97,102,84
10,falling,49,834.0,,195.000,381.325,0.00000,9.87479,9.87479,0.000000,0.000000,0,0,6.51000,5147.624,3.157,50.000,50.000,52.000,53.000,55.000,0.000,0.000,0,0,1.0852,97,194,97,102,84
10,falling,50,851.0,,195.000,390.924,0.00000,9.99926,9.99926,0.000000,0.000000,0,0,6.51000,5147.624,3.157,50.000,50.000,52.000,53.000,55.000,0.000,0.000,0,0,1.0852,97,194,97,102,84
10,falling,51,867.0,,195.000,401.256,0.00000,10.12960,10.12960,0.000000,0.000000,0,0,6.51000,5147.624,3.157,50.000,50.000,52.000,53.000,55.000,0.000,0.000,0,0,1.0852,97,194,97,102,84
10,falling,52,884.0,,195.000,411.719,0.00000,10.25796,10.25796,0.000000,0.000000,0,0,6.51000,5147.624,3.157,50.000,50.000,52.000,53.000,55.000,0.000,0.000,0,0,1.0852,97,194,97,102,84
10,falling,53,901.0,,195.000,421.681,0.00000,10.37691,10.37691,0.000000,0.000000,0,0,6.51000,5147.624,3.157,50.000,50.000,52.000,53.000,55.000,0.000,0.000,0,0,1.0852,97,194,97,102,84
10,falling,54,917.0,,195.000,432.393,0.00000,10.50147,10.50147,0.000000,0.000000,0,0,6.51000,5147.624,3.157,50.000,50.000,52.000,53.000,55.000,0.000,0.000,0,0,1.0852,97,194,97,102,84
10,falling,55,934.0,,195.000,443.229,0.00000,10.62413,10.62413,0.000000,0.000000,0,0,6.51000,5147.624,3.157,50.000,50.000,52.000,53.000,55.000,0.000,0.000,0,0,1.0852,97,194,97,102,84
10,falling,56,951.0,,195.000,453.538,0.00000,10.73781,10.73781,0.000000,0.000000,0,0,6.51000,5147.624,3.157,50.000,50.000,52.000,53.000,55.000,0.000,0.000,0,0,1.0852,97,194,97,102,84
10,falling,57,968.0,,195.000,464.612,0.00000,10.85686,10.85686,0.000000,0.000000,0,0,6.51000,5147.624,3.157,50.000,50.000,52.000,53.000,55.000,0.000,0.000,0,0,1.0852,97,194,97,102,84
10,falling,58,984.0,,195.000,475.805,0.00000,10.97408,10.97408,0.000000,0.000000,0,0,6.51000,5147.624,3.157,50.000,50.000,52.000,53.000,55.000,0.000,0.000,0,0,1.0852,97,194,97,102,84
10,post_landing,59,1001.0,59,195.000,486.200,-2.00046,1.14846,2.30669,-0.054888,0.000000,0,1,6.51000,5147.624,3.157,50.000,50.000,52.000,53.000,55.000,0.000,0.000,0,1,1.0852,97,194,97,102,84
10,post_landing,60,1018.0,59,192.991,486.822,-1.25768,-0.35298,1.30628,-0.016055,-0.055130,0,1,6.51000,5147.624,3.157,50.000,8.043,50.089,52.975,69.336,0.000,0.000,0,3,1.0852,97,194,97,102,84
10,post_landing,61,1034.0,59,191.728,486.268,-0.73552,-0.24793,0.77618,-0.011518,-0.071255,0,1,6.51000,5147.624,3.157,50.000,8.051,42.107,52.010,69.394,0.000,0.000,0,2,1.0852,97,194,97,102,84
10,post_landing,62,1051.0,59,190.989,485.595,-0.50050,-0.09880,0.51016,-0.006242,-0.082824,0,1,6.51000,5147.624,3.157,50.000,8.055,11.045,50.077,69.425,0.000,0.000,0,1,1.0852,97,194,97,102,84
10,post_landing,63,1068.0,59,190.515,485.506,-0.41667,-0.03218,0.41792,-0.001382,-0.088730,0,1,6.51000,5147.624,3.157,50.000,8.057,11.045,50.069,69.437,0.000,0.000,0,1,1.0852,97,194,97,102,84
10,post_landing,64,1084.0,59,190.097,485.486,-0.32936,0.00000,0.32936,0.000000,-0.090118,0,1,6.51000,5147.624,3.157,50.000,8.058,11.045,50.067,69.440,0.000,0.000,0,1,1.0852,97,194,97,102,84
10,post_landing,65,1101.0,59,189.766,485.487,-0.25207,0.03772,0.25488,0.002130,-0.090118,0,1,6.51000,5147.624,3.157,50.000,8.058,11.045,50.067,69.440,0.000,0.000,0,1,1.0852,97,194,97,102,84
10,post_landing,66,1118.0,59,189.527,485.518,-0.18192,0.06393,0.19282,0.003600,-0.088103,0,1,6.51000,5147.624,3.157,50.000,8.057,11.045,50.070,69.436,0.000,0.000,0,1,1.0852,97,194,97,102,84
10,post_landing,67,1134.0,59,189.345,485.587,-0.11763,0.08900,0.14750,0.004973,-0.084488,0,1,6.51000,5147.624,3.157,50.000,8.056,11.045,50.075,69.429,0.000,0.000,0,1,1.0852,97,194,97,102,84
10,post_landing,68,1151.0,59,189.227,485.677,-0.05977,0.11008,0.12527,0.006092,-0.079494,0,1,6.51000,5147.624,3.157,50.000,8.054,11.045,51.995,69.417,0.000,0.000,0,1,1.0852,97,194,97,102,84
10,post_landing,69,1168.0,59,189.170,485.777,-0.00924,0.12509,0.12543,0.006846,-0.073730,0,1,6.51000,5147.624,3.157,50.000,8.052,42.107,52.006,69.402,0.000,0.000,0,1,1.0852,97,194,97,102,84
10,post_landing,70,1184.0,59,189.161,485.907,0.03605,0.14257,0.14706,0.007698,-0.066853,0,1,6.51000,5147.624,3.157,50.000,8.049,42.107,52.017,69.380,0.000,0.000,0,1,1.0852,97,194,97,102,84
10,post_landing,71,1201.0,59,189.197,486.052,0.07629,0.15832,0.17574,0.008427,-0.059121,0,1,6.51000,5147.624,3.157,50.000,8.045,50.090,52.027,69.352,0.000,0.000,0,1,1.0852,97,194,97,102,84
10,post_landing,72,1218.0,59,189.269,486.199,0.11092,0.16920,0.20232,0.008876,-0.051148,0,1,6.51000,5147.624,3.157,50.000,8.041,50.088,52.982,68.269,0.000,0.000,0,1,1.0852,97,194,97,102,84
10,post_landing,73,1234.0,59,189.381,486.353,0.29766,0.15536,0.33577,0.003581,-0.042233,0,1,6.51000,5147.624,3.157,50.000,41.048,50.082,52.995,68.235,0.000,0.000,0,1,1.0852,97,194,97,102,84
10,post_landing,74,1251.0,59,189.679,486.423,0.45212,0.16665,0.48185,0.000000,-0.038637,0,1,6.51000,5147.624,3.157,50.000,49.041,52.038,52.999,68.220,0.000,0.000,0,1,1.0852,97,194,97,102,84
10,post_landing,75,1268.0,59,190.107,486.421,0.30326,0.08517,0.31499,0.008159,-0.038637,0,1,6.51000,5147.624,3.157,50.000,49.041,52.038,52.999,68.220,0.000,0.000,0,1,1.0852,97,194,97,102,84
10,post_landing,76,1284.0,59,190.412,486.693,0.13773,-0.03952,0.14329,0.002664,-0.030441,0,1,6.51000,5147.624,3.157,50.000,49.038,52.037,53.006,68.182,0.000,0.000,0,2,1.0852,97,194,97,102,84
10,post_landing,77,1301.0,59,190.550,486.692,0.01262,-0.02057,0.02413,0.000000,-0.027766,0,1,6.51000,5147.624,3.157,50.000,49.037,52.035,53.007,68.168,0.000,0.000,0,2,1.0852,97,194,97,102,84
10,post_landing,78,1318.0,59,190.562,486.690,-0.02049,0.00000,0.02049,0.000000,-0.027766,0,1,6.51000,5147.624,3.157,50.000,49.037,52.035,53.007,68.168,0.000,0.000,0,2,1.0852,97,194,97,102,84
10,post_landing,79,1335.0,59,190.542,486.692,-0.00595,0.00000,0.00595,0.000000,-0.027766,0,1,6.51000,5147.624,3.157,50.000,49.037,52.035,53.007,68.168,0.000,0.000,0,2,1.0852,97,194,97,102,84
10,post_landing,80,1351.0,59,190.536,486.692,-0.00425,0.00000,0.00425,0.000000,-0.027766,0,1,6.51000,5147.624,3.157,50.000,49.037,52.035,53.007,68.168,0.000,0.000,0,2,1.0852,97,194,97,102,84
10,post_landing,81,1368.0,59,190.532,486.690,-0.00760,0.00000,0.00760,0.000000,-0.027766,0,1,6.51000,5147.624,3.157,50.000,49.037,52.035,53.007,68.168,0.000,0.000,0,2,1.0852,97,194,97,102,84
10,post_landing,82,1384.0,59,190.524,486.692,-0.00017,0.00000,0.00017,0.000000,-0.027766,0,1,6.51000,5147.624,3.157,50.000,49.037,52.035,53.007,68.168,0.000,0.000,0,2,1.0852,97,194,97,102,84
10,post_landing,83,1401.0,59,190.524,486.692,0.00111,0.00000,0.00111,0.000000,-0.027766,0,1,6.51000,5147.624,3.157,50.000,49.037,52.035,53.007,68.168,0.000,0.000,0,2,1.0852,97,194,97,102,84
10,post_landing,84,1418.0,59,190.525,486.690,-0.00424,0.00000,0.00424,0.000000,-0.027766,0,1,6.51000,5147.624,3.157,50.000,49.037,52.035,53.007,68.168,0.000,0.000,0,2,1.0852,97,194,97,102,84
10,post_landing,85,1435.0,59,190.521,486.692,0.00019,0.00000,0.00019,0.000000,-0.027766,0,1,6.51000,5147.624,3.157,50.000,49.037,52.035,53.007,68.168,0.000,0.000,0,2,1.0852,97,194,97,102,84
10,post_landing,86,1451.0,59,190.521,486.692,0.00049,0.00000,0.00049,0.000000,-0.027766,0,1,6.51000,5147.624,3.157,50.000,49.037,52.035,53.007,68.168,0.000,0.000,0,2,1.0852,97,194,97,102,84
10,post_landing,87,1468.0,59,190.521,486.690,-0.00453,0.00000,0.00453,0.000000,-0.027766,0,1,6.51000,5147.624,3.157,50.000,49.037,52.035,53.007,68.168,0.000,0.000,0,2,1.0852,97,194,97,102,84
10,post_landing,88,1485.0,59,190.517,486.692,0.00023,0.00000,0.00023,0.000000,-0.027766,0,1,6.51000,5147.624,3.157,50.000,49.037,52.035,53.007,68.168,0.000,0.000,0,2,1.0852,97,194,97,102,84
10,post_landing,89,1501.0,59,190.517,486.692,0.00051,0.00000,0.00051,0.000000,-0.027766,0,1,6.51000,5147.624,3.157,50.000,49.037,52.035,53.007,68.168,0.000,0.000,0,2,1.0852,97,194,97,102,84
10,post_landing,90,1518.0,59,190.517,486.690,-0.00454,0.00000,0.00454,0.000000,-0.027766,0,1,6.51000,5147.624,3.157,50.000,49.037,52.035,53.007,68.168,0.000,0.000,0,2,1.0852,97,194,97,102,84
10,post_landing,91,1535.0,59,190.513,486.692,0.00019,0.00000,0.00019,0.000000,-0.027766,0,1,6.51000,5147.624,3.157,50.000,49.037,52.035,53.007,68.168,0.000,0.000,0,2,1.0852,97,194,97,102,84
10,post_landing,92,1551.0,59,190.513,486.692,0.00050,0.00000,0.00050,0.000000,-0.027766,0,1,6.51000,5147.624,3.157,50.000,49.037,52.035,53.007,68.168,0.000,0.000,0,2,1.0852,97,194,97,102,84
10,post_landing,93,1568.0,59,190.513,486.690,-0.00453,0.00000,0.00453,0.000000,-0.027766,0,1,6.51000,5147.624,3.157,50.000,49.037,52.035,53.007,68.168,0.000,0.000,0,2,1.0852,97,194,97,102,84
10,post_landing,94,1585.0,59,190.509,486.692,0.00022,0.00000,0.00022,0.000000,-0.027766,0,1,6.51000,5147.624,3.157,50.000,49.037,52.035,53.007,68.168,0.000,0.000,0,2,1.0852,97,194,97,102,84
10,post_landing,95,1602.0,59,190.509,486.692,0.00051,0.00000,0.00051,0.000000,-0.027766,0,1,6.51000,5147.624,3.157,50.000,49.037,52.035,53.007,68.168,0.000,0.000,0,2,1.0852,97,194,97,102,84
10,post_landing,96,1618.0,59,190.510,486.690,-0.00454,0.00000,0.00454,0.000000,-0.027766,0,1,6.51000,5147.624,3.157,50.000,49.037,52.035,53.007,68.168,0.000,0.000,0,2,1.0852,97,194,97,102,84
10,post_landing,97,1635.0,59,190.505,486.692,0.00019,0.00000,0.00019,0.000000,-0.027766,0,1,6.51000,5147.624,3.157,50.000,49.037,52.035,53.007,68.168,0.000,0.000,0,2,1.0852,97,194,97,102,84
10,post_landing,98,1651.0,59,190.505,486.692,0.00050,0.00000,0.00050,0.000000,-0.027766,0,1,6.51000,5147.624,3.157,50.000,49.037,52.035,53.007,68.168,0.000,0.000,0,2,1.0852,97,194,97,102,84
10,post_landing,99,1668.0,59,190.506,486.692,0.00010,0.00000,0.00010,0.000000,-0.027766,0,1,6.51000,5147.624,3.157,50.000,49.037,52.035,53.007,68.168,0.000,0.000,0,2,1.0852,97,194,97,102,84
10,post_landing,100,1685.0,59,190.506,486.690,-0.00493,0.00000,0.00493,0.000000,-0.027766,0,1,6.51000,5147.624,3.157,50.000,49.037,52.035,53.007,68.168,0.000,0.000,0,2,1.0852,97,194,97,102,84
10,post_landing,101,1701.0,59,190.501,486.692,-0.00005,0.00000,0.00005,0.000000,-0.027766,0,1,6.51000,5147.624,3.157,50.000,49.037,52.035,53.007,68.168,0.000,0.000,0,2,1.0852,97,194,97,102,84
10,post_landing,102,1718.0,59,190.501,486.692,0.00047,0.00000,0.00047,0.000000,-0.027766,0,1,6.51000,5147.624,3.157,50.000,49.037,52.035,53.007,68.168,0.000,0.000,0,2,1.0852,97,194,97,102,84
10,post_landing,103,1735.0,59,190.501,486.690,-0.00449,0.00000,0.00449,0.000000,-0.027766,0,1,6.51000,5147.624,3.157,50.000,49.037,52.035,53.007,68.168,0.000,0.000,0,2,1.0852,97,194,97,102,84
10,post_landing,104,1751.0,59,190.497,486.692,0.00036,0.00000,0.00036,0.000000,-0.027766,0,1,6.51000,5147.624,3.157,50.000,49.037,52.035,53.007,68.168,0.000,0.000,0,2,1.0852,97,194,97,102,84
10,post_landing,105,1768.0,59,190.497,486.690,-0.00384,0.00000,0.00384,0.000000,-0.027766,0,1,6.51000,5147.624,3.157,50.000,49.037,52.035,53.007,68.168,0.000,0.000,0,2,1.0852,97,194,97,102,84
10,post_landing,106,1785.0,59,190.493,486.692,0.00104,0.00000,0.00104,0.000000,-0.027766,0,1,6.51000,5147.624,3.157,50.000,49.037,52.035,53.007,68.168,0.000,0.000,0,2,1.0852,97,194,97,102,84
10,post_landing,107,1801.0,59,190.494,486.692,0.00053,0.00000,0.00053,0.000000,-0.027766,0,1,6.51000,5147.624,3.157,50.000,49.037,52.035,53.007,68.168,0.000,0.000,0,2,1.0852,97,194,97,102,84
10,post_landing,108,1818.0,59,190.495,486.692,0.00005,0.00000,0.00005,0.000000,-0.027766,0,1,6.51000,5147.624,3.157,50.000,49.037,52.035,53.007,68.168,0.000,0.000,0,2,1.0852,97,194,97,102,84
10,post_landing,109,1835.0,59,190.495,486.690,-0.00496,0.00000,0.00496,0.000000,-0.027766,0,1,6.51000,5147.624,3.157,50.000,49.037,52.035,53.007,68.168,0.000,0.000,0,2,1.0852,97,194,97,102,84
10,post_landing,110,1851.0,59,190.490,486.692,-0.00003,0.00000,0.00003,0.000000,-0.027766,0,1,6.51000,5147.624,3.157,50.000,49.037,52.035,53.007,68.168,0.000,0.000,0,2,1.0852,97,194,97,102,84
10,post_landing,111,1868.0,59,190.490,486.692,0.00050,0.00000,0.00050,0.000000,-0.027766,0,1,6.51000,5147.624,3.157,50.000,49.037,52.035,53.007,68.168,0.000,0.000,0,2,1.0852,97,194,97,102,84
10,post_landing,112,1885.0,59,190.490,486.690,-0.00446,0.00000,0.00446,0.000000,-0.027766,0,1,6.51000,5147.624,3.157,50.000,49.037,52.035,53.007,68.168,0.000,0.000,0,2,1.0852,97,194,97,102,84
10,post_landing,113,1901.0,59,190.486,486.692,0.00042,0.00000,0.00042,0.000000,-0.027766,0,1,6.51000,5147.624,3.157,50.000,49.037,52.035,53.007,68.168,0.000,0.000,0,2,1.0852,97,194,97,102,84
10,post_landing,114,1918.0,59,190.486,486.692,0.00053,0.00000,0.00053,0.000000,-0.027766,0,1,6.51000,5147.624,3.157,50.000,49.037,52.035,53.007,68.168,0.000,0.000,0,2,1.0852,97,194,97,102,84
10,post_landing,115,1935.0,59,190.487,486.690,-0.00459,0.00000,0.00459,0.000000,-0.027766,0,1,6.51000,5147.624,3.157,50.000,49.037,52.035,53.007,68.168,0.000,0.000,0,2,1.0852,97,194,97,102,84
10,post_landing,116,1951.0,59,190.482,486.692,0.00000,0.00000,0.00000,0.000000,-0.027766,0,1,6.51000,5147.624,3.157,50.000,49.037,52.035,53.007,68.168,0.000,0.000,0,2,1.0852,97,194,97,102,84
10,post_landing,117,1968.0,59,190.482,486.692,0.00045,0.00000,0.00045,0.000000,-0.027766,0,1,6.51000,5147.624,3.157,50.000,49.037,52.035,53.007,68.168,0.000,0.000,0,2,1.0852,97,194,97,102,84
10,post_landing,118,1985.0,59,190.483,486.690,-0.00453,0.00000,0.00453,0.000000,-0.027766,0,1,6.51000,5147.624,3.157,50.000,49.037,52.035,53.007,68.168,0.000,0.000,0,2,1.0852,97,194,97,102,84
11,falling,0,47.0,,195.000,97.029,0.00000,0.55000,0.55000,0.000000,0.000000,0,0,7.92000,8547.864,7.191,25.000,25.000,28.000,31.000,47.000,0.000,0.000,0,0,1.0428,78,156,78,80,67
11,falling,1,63.0,,195.000,97.805,0.00000,0.80875,0.80875,0.000000,0.000000,0,0,7.92000,8547.864,7.191,25.000,25.000,28.000,31.000,47.000,0.000,0.000,0,0,1.0428,78,156,78,80,67
11,falling,2,79.0,,195.000,98.827,0.00000,1.06377,1.06377,0.000000,0.000000,0,0,7.92000,8547.864,7.191,25.000,25.000,28.000,31.000,47.000,0.000,0.000,0,0,1.0428,78,156,78,80,67
11,falling,3,96.0,,195.000,100.184,0.00000,1.33083,1.33083,0.000000,0.000000,0,0,7.92000,8547.864,7.191,25.000,25.000,28.000,31.000,47.000,0.000,0.000,0,0,1.0428,78,156,78,80,67
11,falling,4,113.0,,195.000,101.810,0.00000,1.59380,1.59380,0.000000,0.000000,0,0,7.92000,8547.864,7.191,25.000,25.000,28.000,31.000,47.000,0.000,0.000,0,0,1.0428,78,156,78,80,67
11,falling,5,129.0,,195.000,103.574,0.00000,1.83751,1.83751,0.000000,0.000000,0,0,7.92000,8547.864,7.191,25.000,25.000,28.000,31.000,47.000,0.000,0.000,0,0,1.0428,78,156,78,80,67
11,falling,6,146.0,,195.000,105.708,0.00000,2.09273,2.09273,0.000000,0.000000,0,0,7.92000,8547.864,7.191,25.000,25.000,28.000,31.000,47.000,0.000,0.000,0,0,1.0428,78,156,78,80,67
11,falling,7,163.0,,195.000,108.099,0.00000,2.34405,2.34405,0.000000,0.000000,0,0,7.92000,8547.864,7.191,25.000,25.000,28.000,31.000,47.000,0.000,0.000,0,0,1.0428,78,156,78,80,67
11,falling,8,179.0,,195.000,110.573,0.00000,2.57696,2.57696,0.000000,0.000000,0,0,7.92000,8547.864,7.191,25.000,25.000,28.000,31.000,47.000,0.000,0.000,0,0,1.0428,78,156,78,80,67
11,falling,9,196.0,,195.000,113.450,0.00000,2.82086,2.82086,0.000000,0.000000,0,0,7.92000,8547.864,7.191,25.000,25.000,28.000,31.000,47.000,0.000,0.000,0,0,1.0428,78,156,78,80,67
11,falling,10,213.0,,195.000,116.573,0.00000,3.06104,3.06104,0.000000,0.000000,0,0,7.92000,8547.864,7.191,25.000,25.000,28.000,31.000,47.000,0.000,0.000,0,0,1.0428,78,156,78,80,67
11,falling,11,229.0,,195.000,119.725,0.00000,3.28363,3.28363,0.000000,0.000000,0,0,7.92000,8547.864,7.191,25.000,25.000,28.000,31.000,47.000,0.000,0.000,0,0,1.0428,78,156,78,80,67
11,falling,12,246.0,,195.000,123.312,0.00000,3.51672,3.51672,0.000000,0.000000,0,0,7.92000,8547.864,7.191,25.000,25.000,28.000,31.000,47.000,0.000,0.000,0,0,1.0428,78,156,78,80,67
11,falling,13,263.0,,195.000,127.133,0.00000,3.74625,3.74625,0.000000,0.000000,0,0,7.92000,8547.864,7.191,25.000,25.000,28.000,31.000,47.000,0.000,0.000,0,0,1.0428,78,156,78,80,67
11,falling,14,279.0,,195.000,130.934,0.00000,3.95897,3.95897,0.000000,0.000000,0,0,7.92000,8547.864,7.191,25.000,25.000,28.000,31.000,47.000,0.000,0.000,0,0,1.0428,78,156,78,80,67
11,falling,15,296.0,,195.000,135.199,0.00000,4.18173,4.18173,0.000000,0.000000,0,0,7.92000,8547.864,7.191,25.000,25.000,28.000,31.000,47.000,0.000,0.000,0,0,1.0428,78,156,78,80,67
11,falling,16,313.0,,195.000,139.688,0.00000,4.40108,4.40108,0.000000,0.000000,0,0,7.92000,8547.864,7.191,25.000,25.000,28.000,31.000,47.000,0.000,0.000,0,0,1.0428,78,156,78,80,67
11,falling,17,330.0,,195.000,144.108,0.00000,4.60437,4.60437,0.000000,0.000000,0,0,7.92000,8547.864,7.191,25.000,25.000,28.000,31.000,47.000,0.000,0.000,0,0,1.0428,78,156,78,80,67
11,falling,18,346.0,,195.000,149.022,0.00000,4.81726,4.81726,0.000000,0.000000,0,0,7.92000,8547.864,7.191,25.000,25.000,28.000,31.000,47.000,0.000,0.000,0,0,1.0428,78,156,78,80,67
11,falling,19,363.0,,195.000,154.149,0.00000,5.02689,5.02689,0.000000,0.000000,0,0,7.92000,8547.864,7.191,25.000,25.000,28.000,31.000,47.000,0.000,0.000,0,0,1.0428,78,156,78,80,67
11,falling,20,380.0,,195.000,159.162,0.00000,5.22117,5.22117,0.000000,0.000000,0,0,7.92000,8547.864,7.191,25.000,25.000,28.000,31.000,47.000,0.000,0.000,0,0,1.0428,78,156,78,80,67
11,falling,21,396.0,,195.000,164.695,0.00000,5.42462,5.42462,0.000000,0.000000,0,0,7.92000,8547.864,7.191,25.000,25.000,28.000,31.000,47.000,0.000,0.000,0,0,1.0428,78,156,78,80,67
11,falling,22,413.0,,195.000,170.432,0.00000,5.62496,5.62496,0.000000,0.000000,0,0,7.92000,8547.864,7.191,25.000,25.000,28.000,31.000,47.000,0.000,0.000,0,0,1.0428,78,156,78,80,67
11,falling,23,430.0,,195.000,176.011,0.00000,5.81062,5.81062,0.000000,0.000000,0,0,7.92000,8547.864,7.191,25.000,25.000,28.000,31.000,47.000,0.000,0.000,0,0,1.0428,78,156,78,80,67
11,falling,24,446.0,,195.000,182.136,0.00000,6.00505,6.00505,0.000000,0.000000,0,0,7.92000,8547.864,7.191,25.000,25.000,28.000,31.000,47.000,0.000,0.000,0,0,1.0428,78,156,78,80,67
11,falling,25,463.0,,195.000,188.456,0.00000,6.19651,6.19651,0.000000,0.000000,0,0,7.92000,8547.864,7.191,25.000,25.000,28.000,31.000,47.000,0.000,0.000,0,0,1.0428,78,156,78,80,67
11,falling,26,480.0,,195.000,194.575,0.00000,6.37395,6.37395,0.000000,0.000000,0,0,7.92000,8547.864,7.191,25.000,25.000,28.000,31.000,47.000,0.000,0.000,0,0,1.0428,78,156,78,80,67
11,falling,27,497.0,,195.000,201.266,0.00000,6.55976,6.55976,0.000000,0.000000,0,0,7.92000,8547.864,7.191,25.000,25.000,28.000,31.000,47.000,0.000,0.000,0,0,1.0428,78,156,78,80,67
11,falling,28,513.0,,195.000,208.144,0.00000,6.74273,6.74273,0.000000,0.000000,0,0,7.92000,8547.864,7.191,25.000,25.000,28.000,31.000,47.000,0.000,0.000,0,0,1.0428,78,156,78,80,67
11,falling,29,530.0,,195.000,215.205,0.00000,6.92290,6.92290,0.000000,0.000000,0,0,7.92000,8547.864,7.191,25.000,25.000,28.000,31.000,47.000,0.000,0.000,0,0,1.0428,78,156,78,80,67
11,falling,30,547.0,,195.000,222.011,0.00000,7.08987,7.08987,0.000000,0.000000,0,0,7.92000,8547.864,7.191,25.000,25.000,28.000,31.000,47.000,0.000,0.000,0,0,1.0428,78,156,78,80,67
11,falling,31,563.0,,195.000,229.421,0.00000,7.26473,7.26473,0.000000,0.000000,0,0,7.92000,8547.864,7.191,25.000,25.000,28.000,31.000,47.000,0.000,0.000,0,0,1.0428,78,156,78,80,67
11,falling,32,580.0,,195.000,237.007,0.00000,7.43691,7.43691,0.000000,0.000000,0,0,7.92000,8547.864,7.191,25.000,25.000,28.000,31.000,47.000,0.000,0.000,0,0,1.0428,78,156,78,80,67
11,falling,33,597.0,,195.000,244.300,0.00000,7.59649,7.59649,0.000000,0.000000,0,0,7.92000,8547.864,7.191,25.000,25.000,28.000,31.000,47.000,0.000,0.000,0,0,1.0428,78,156,78,80,67
11,falling,34,613.0,,195.000,252.219,0.00000,7.76360,7.76360,0.000000,0.000000,0,0,7.92000,8547.864,7.191,25.000,25.000,28.000,31.000,47.000,0.000,0.000,0,0,1.0428,78,156,78,80,67
11,falling,35,630.0,,195.000,260.305,0.00000,7.92815,7.92815,0.000000,0.000000,0,0,7.92000,8547.864,7.191,25.000,25.000,28.000,31.000,47.000,0.000,0.000,0,0,1.0428,78,156,78,80,67
11,falling,36,647.0,,195.000,268.063,0.00000,8.08065,8.08065,0.000000,0.000000,0,0,7.92000,8547.864,7.191,25.000,25.000,28.000,31.000,47.000,0.000,0.000,0,0,1.0428,78,156,78,80,67
11,falling,37,663.0,,195.000,276.468,0.00000,8.24035,8.24035,0.000000,0.000000,0,0,7.92000,8547.864,7.191,25.000,25.000,28.000,31.000,47.000,0.000,0.000,0,0,1.0428,78,156,78,80,67
11,falling,38,680.0,,195.000,285.033,0.00000,8.39760,8.39760,0.000000,0.000000,0,0,7.92000,8547.864,7.191,25.000,25.000,28.000,31.000,47.000,0.000,0.000,0,0,1.0428,78,156,78,80,67
11,falling,39,697.0,,195.000,293.235,0.00000,8.54335,8.54335,0.000000,0.000000,0,0,7.92000,8547.864,7.191,25.000,25.000,28.000,31.000,47.000,0.000,0.000,0,0,1.0428,78,156,78,80,67
11,falling,40,713.0,,195.000,302.105,0.00000,8.69597,8.69597,0.000000,0.000000,0,0,7.92000,8547.864,7.191,25.000,25.000,28.000,31.000,47.000,0.000,0.000,0,0,1.0428,78,156,78,80,67
11,falling,41,730.0,,195.000,311.128,0.00000,8.84625,8.84625,0.000000,0.000000,0,0,7.92000,8547.864,7.191,25.000,25.000,28.000,31.000,47.000,0.000,0.000,0,0,1.0428,78,156,78,80,67
11,falling,42,747.0,,195.000,319.754,0.00000,8.98553,8.98553,0.000000,0.000000,0,0,7.92000,8547.864,7.191,25.000,25.000,28.000,31.000,47.000,0.000,0.000,0,0,1.0428,78,156,78,80,67
11,falling,43,763.0,,195.000,329.068,0.00000,9.13139,9.13139,0.000000,0.000000,0,0,7.92000,8547.864,7.191,25.000,25.000,28.000,31.000,47.000,0.000,0.000,0,0,1.0428,78,156,78,80,67
11,falling,44,781.0,,195.000,338.529,0.00000,9.27501,9.27501,0.000000,0.000000,0,0,7.92000,8547.864,7.191,25.000,25.000,28.000,31.000,47.000,0.000,0.000,0,0,1.0428,78,156,78,80,67
11,falling,45,797.0,,195.000,347.560,0.00000,9.40812,9.40812,0.000000,0.000000,0,0,7.92000,8547.864,7.191,25.000,25.000,28.000,31.000,47.000,0.000,0.000,0,0,1.0428,78,156,78,80,67
11,falling,46,814.0,,195.000,357.299,0.00000,9.54750,9.54750,0.000000,0.000000,0,0,7.92000,8547.864,7.191,25.000,25.000,28.000,31.000,47.000,0.000,0.000,0,0,1.0428,78,156,78,80,67
11,falling,47,830.0,,195.000,367.177,0.00000,9.68476,9.68476,0.000000,0.000000,0,0,7.92000,8547.864,7.191,25.000,25.000,28.000,31.000,47.000,0.000,0.000,0,0,1.0428,78,156,78,80,67
11,falling,48,847.0,,195.000,376.597,0.00000,9.81197,9.81197,0.000000,0.000000,0,0,7.92000,8547.864,7.191,25.000,25.000,28.000,31.000,47.000,0.000,0.000,0,0,1.0428,78,156,78,80,67
11,falling,49,863.0,,195.000,386.741,0.00000,9.94518,9.94518,0.000000,0.000000,0,0,7.92000,8547.864,7.191,25.000,25.000,28.000,31.000,47.000,0.000,0.000,0,0,1.0428,78,156,78,80,67
11,falling,50,880.0,,195.000,397.019,0.00000,10.07635,10.07635,0.000000,0.000000,0,0,7.92000,8547.864,7.191,25.000,25.000,28.000,31.000,47.000,0.000,0.000,0,0,1.0428,78,156,78,80,67
11,falling,51,897.0,,195.000,407.428,0.00000,10.20551,10.20551,0.000000,0.000000,0,0,7.92000,8547.864,7.191,25.000,25.000,28.000,31.000,47.000,0.000,0.000,0,0,1.0428,78,156,78,80,67
11,falling,52,914.0,,195.000,417.341,0.00000,10.32522,10.32522,0.000000,0.000000,0,0,7.92000,8547.864,7.191,25.000,25.000,28.000,31.000,47.000,0.000,0.000,0,0,1.0428,78,156,78,80,67
11,falling,53,930.0,,195.000,428.000,0.00000,10.45058,10.45058,0.000000,0.000000,0,0,7.92000,8547.864,7.191,25.000,25.000,28.000,31.000,47.000,0.000,0.000,0,0,1.0428,78,156,78,80,67
11,falling,54,947.0,,195.000,438.786,0.00000,10.57402,10.57402,0.000000,0.000000,0,0,7.92000,8547.864,7.191,25.000,25.000,28.000,31.000,47.000,0.000,0.000,0,0,1.0428,78,156,78,80,67
11,falling,55,964.0,,195.000,449.047,0.00000,10.68842,10.68842,0.000000,0.000000,0,0,7.92000,8547.864,7.191,25.000,25.000,28.000,31.000,47.000,0.000,0.000,0,0,1.0428,78,156,78,80,67
11,falling,56,980.0,,195.000,460.071,0.00000,10.80822,10.80822,0.000000,0.000000,0,0,7.92000,8547.864,7.191,25.000,25.000,28.000,31.000,47.000,0.000,0.000,0,0,1.0428,78,156,78,80,67
11,falling,57,997.0,,195.000,471.216,0.00000,10.92619,10.92619,0.000000,0.000000,0,0,7.92000,8547.864,7.191,25.000,25.000,28.000,31.000,47.000,0.000,0.000,0,0,1.0428,78,156,78,80,67
11,falling,58,1014.0,,195.000,481.810,0.00000,11.03552,11.03552,0.000000,0.000000,0,0,7.92000,8547.864,7.191,25.000,25.000,28.000,31.000,47.000,0.000,0.000,0,0,1.0428,78,156,78,80,67
11,post_landing,59,1030.0,59,195.000,489.428,-0.18580,-0.05282,0.19317,-0.002441,0.000000,0,1,7.92000,8547.864,7.191,25.000,25.000,28.000,31.000,47.000,0.000,0.000,0,12,1.0428,78,156,78,80,67
11,post_landing,60,1047.0,59,194.813,487.145,-0.06495,-0.01360,0.06636,-0.000883,-0.002452,0,1,7.92000,8547.864,7.191,25.000,20.002,28.002,31.007,45.002,0.000,0.000,0,6,1.0428,78,156,78,80,67
11,post_landing,61,1064.0,59,194.752,485.641,-0.04862,0.00000,0.04862,0.000000,-0.003288,0,1,7.92000,8547.864,7.191,25.000,20.003,28.003,31.010,45.003,0.000,0.000,0,3,1.0428,78,156,78,80,67
11,post_landing,62,1080.0,59,194.703,485.149,0.01330,0.00000,0.01330,0.000000,-0.003288,0,1,7.92000,8547.864,7.191,25.000,20.003,28.003,31.010,45.003,0.000,0.000,0,2,1.0428,78,156,78,80,67
11,post_landing,63,1097.0,59,194.716,484.655,0.05147,0.00000,0.05147,0.000000,-0.003288,0,1,7.92000,8547.864,7.191,25.000,20.003,28.003,31.010,45.003,0.000,0.000,0,1,1.0428,78,156,78,80,67
11,post_landing,64,1114.0,59,194.765,484.653,0.11093,0.00000,0.11093,-0.001115,-0.003288,0,1,7.92000,8547.864,7.191,25.000,20.003,28.003,31.010,45.003,0.000,0.000,0,1,1.0428,78,156,78,80,67
11,post_landing,65,1130.0,59,194.877,484.648,0.04639,0.00000,0.04639,0.000000,-0.004408,0,1,7.92000,8547.864,7.191,25.000,20.004,28.004,31.013,45.004,0.000,0.000,0,1,1.0428,78,156,78,80,67
11,post_landing,66,1147.0,59,194.923,484.648,-0.02422,0.00000,0.02422,0.001306,-0.004408,0,1,7.92000,8547.864,7.191,25.000,20.004,28.004,31.013,45.004,0.000,0.000,0,1,1.0428,78,156,78,80,67
11,post_landing,67,1164.0,59,194.900,484.654,-0.04670,0.00000,0.04670,0.001053,-0.003172,0,1,7.92000,8547.864,7.191,25.000,20.003,28.003,31.009,45.003,0.000,0.000,0,1,1.0428,78,156,78,80,67
11,post_landing,68,1180.0,59,194.853,484.663,-0.02706,0.00000,0.02706,0.000000,-0.002115,0,1,7.92000,8547.864,7.191,25.000,20.002,28.002,31.006,45.002,0.000,0.000,0,1,1.0428,78,156,78,80,67
11,post_landing,69,1197.0,59,194.826,484.663,0.01951,0.00000,0.01951,-0.001530,-0.002115,0,1,7.92000,8547.864,7.191,25.000,20.002,28.002,31.006,45.002,0.000,0.000,0,1,1.0428,78,156,78,80,67
11,post_landing,70,1214.0,59,194.845,484.651,0.03089,0.00000,0.03089,-0.001616,-0.003562,0,1,7.92000,8547.864,7.191,25.000,20.003,28.003,31.010,45.003,0.000,0.000,0,1,1.0428,78,156,78,80,67
11,post_landing,71,1231.0,59,194.876,484.642,-0.02837,0.00000,0.02837,0.000000,-0.005186,0,1,7.92000,8547.864,7.191,25.000,20.005,28.005,31.015,45.005,0.000,0.000,0,1,1.0428,78,156,78,80,67
11,post_landing,72,1247.0,59,194.847,484.642,-0.04860,0.00000,0.04860,0.000000,-0.005186,0,1,7.92000,8547.864,7.191,25.000,20.005,28.005,31.015,45.005,0.000,0.000,0,1,1.0428,78,156,78,80,67
11,post_landing,73,1264.0,59,194.801,484.640,-0.07256,0.00000,0.07256,0.001108,-0.005186,0,1,7.92000,8547.864,7.191,25.000,20.005,28.005,31.015,45.005,0.000,0.000,0,1,1.0428,78,156,78,80,67
11,post_landing,74,1281.0,59,194.728,484.650,0.00005,0.00000,0.00005,0.000000,-0.004073,0,1,7.92000,8547.864,7.191,25.000,20.004,28.004,31.012,45.004,0.000,0.000,0,1,1.0428,78,156,78,80,67
11,post_landing,75,1297.0,59,194.728,484.650,0.08781,0.00000,0.08781,-0.002235,-0.004073,0,1,7.92000,8547.864,7.191,25.000,20.004,28.004,31.012,45.004,0.000,0.000,0,1,1.0428,78,156,78,80,67
11,post_landing,76,1314.0,59,194.817,484.635,0.07446,0.00000,0.07446,-0.001319,-0.006318,0,1,7.92000,8547.864,7.191,25.000,20.006,28.006,31.018,45.005,0.000,0.000,0,1,1.0428,78,156,78,80,67
11,post_landing,77,1331.0,59,194.887,484.624,0.05607,0.00000,0.05607,0.000000,-0.007566,0,1,7.92000,8547.864,7.191,25.000,20.007,28.007,31.022,45.006,0.000,0.000,0,1,1.0428,78,156,78,80,67
11,post_landing,78,1347.0,59,194.943,484.626,0.04907,0.00000,0.04907,0.000000,-0.007566,0,1,7.92000,8547.864,7.191,25.000,20.007,28.007,31.022,45.006,0.000,0.000,0,1,1.0428,78,156,78,80,67
11,post_landing,79,1364.0,59,194.990,484.624,0.07769,0.00000,0.07769,-0.001368,-0.007566,0,1,7.92000,8547.864,7.191,25.000,20.007,28.007,31.022,45.006,0.000,0.000,0,1,1.0428,78,156,78,80,67
11,post_landing,80,1381.0,59,195.068,484.617,-0.00729,0.00000,0.00729,0.000000,-0.008940,0,1,7.92000,8547.864,7.191,25.000,20.008,28.008,31.026,45.007,0.000,0.000,0,1,1.0428,78,156,78,80,67
11,post_landing,81,1397.0,59,195.060,484.617,-0.05354,0.00000,0.05354,0.000963,-0.008940,0,1,7.92000,8547.864,7.191,25.000,20.008,28.008,31.026,45.007,0.000,0.000,0,1,1.0428,78,156,78,80,67
11,post_landing,82,1414.0,59,195.010,484.621,-0.04156,0.00000,0.04156,0.000000,-0.008028,0,1,7.92000,8547.864,7.191,25.000,20.007,28.007,31.023,45.007,0.000,0.000,0,1,1.0428,78,156,78,80,67
11,post_landing,83,1431.0,59,194.968,484.623,-0.03576,0.00000,0.03576,0.000000,-0.008028,0,1,7.92000,8547.864,7.191,25.000,20.007,28.007,31.023,45.007,0.000,0.000,0,1,1.0428,78,156,78,80,67
11,post_landing,84,1447.0,59,194.932,484.623,-0.04639,0.00000,0.04639,0.000000,-0.008028,0,1,7.92000,8547.864,7.191,25.000,20.007,28.007,31.023,45.007,0.000,0.000,0,1,1.0428,78,156,78,80,67
11,post_landing,85,1464.0,59,194.888,484.621,-0.06727,0.00000,0.06727,0.001075,-0.008028,0,1,7.92000,8547.864,7.191,25.000,20.007,28.007,31.023,45.007,0.000,0.000,0,1,1.0428,78,156,78,80,67
11,post_landing,86,1481.0,59,194.821,484.630,0.00526,0.00000,0.00526,0.000000,-0.006948,0,1,7.92000,8547.864,7.191,25.000,20.006,28.006,31.020,45.006,0.000,0.000,0,1,1.0428,78,156,78,80,67
11,post_landing,87,1497.0,59,194.826,484.630,0.05089,0.00000,0.05089,-0.001069,-0.006948,0,1,7.92000,8547.864,7.191,25.000,20.006,28.006,31.020,45.006,0.000,0.000,0,1,1.0428,78,156,78,80,67
11,post_landing,88,1514.0,59,194.877,484.623,0.08739,0.00000,0.08739,-0.001834,-0.008022,0,1,7.92000,8547.864,7.191,25.000,20.007,28.007,31.023,45.007,0.000,0.000,0,1,1.0428,78,156,78,80,67
11,post_landing,89,1531.0,59,194.960,484.610,0.00780,0.00000,0.00780,0.000810,-0.009757,0,1,7.92000,8547.864,7.191,25.000,20.009,28.008,31.028,45.008,0.000,0.000,0,1,1.0428,78,156,78,80,67
11,post_landing,90,1547.0,59,194.968,484.617,-0.03431,0.00000,0.03431,0.001686,-0.008943,0,1,7.92000,8547.864,7.191,25.000,20.008,28.008,31.026,45.007,0.000,0.000,0,1,1.0428,78,156,78,80,67
11,post_landing,91,1564.0,59,194.933,484.628,-0.01713,0.00000,0.01713,0.000000,-0.007250,0,1,7.92000,8547.864,7.191,25.000,20.007,28.007,31.021,45.006,0.000,0.000,0,1,1.0428,78,156,78,80,67
11,post_landing,92,1581.0,59,194.917,484.626,0.02718,0.00000,0.02718,-0.001354,-0.007250,0,1,7.92000,8547.864,7.191,25.000,20.007,28.007,31.021,45.006,0.000,0.000,0,1,1.0428,78,156,78,80,67
11,post_landing,93,1597.0,59,194.944,484.619,0.01584,0.00000,0.01584,0.000000,-0.008610,0,1,7.92000,8547.864,7.191,25.000,20.008,28.008,31.025,45.007,0.000,0.000,0,1,1.0428,78,156,78,80,67
11,post_landing,94,1614.0,59,194.960,484.619,-0.00044,0.00000,0.00044,0.000000,-0.008610,0,1,7.92000,8547.864,7.191,25.000,20.008,28.008,31.025,45.007,0.000,0.000,0,1,1.0428,78,156,78,80,67
11,post_landing,95,1631.0,59,194.960,484.617,-0.03831,0.00000,0.03831,0.001038,-0.008610,0,1,7.92000,8547.864,7.191,25.000,20.008,28.008,31.025,45.007,0.000,0.000,0,1,1.0428,78,156,78,80,67
11,post_landing,96,1647.0,59,194.921,484.626,-0.02615,0.00000,0.02615,0.000000,-0.007567,0,1,7.92000,8547.864,7.191,25.000,20.007,28.007,31.022,45.006,0.000,0.000,0,1,1.0428,78,156,78,80,67
11,post_landing,97,1664.0,59,194.895,484.626,-0.01244,0.00000,0.01244,0.000000,-0.007567,0,1,7.92000,8547.864,7.191,25.000,20.007,28.007,31.022,45.006,0.000,0.000,0,1,1.0428,78,156,78,80,67
11,post_landing,98,1681.0,59,194.883,484.624,0.01320,0.00000,0.01320,0.000000,-0.007567,0,1,7.92000,8547.864,7.191,25.000,20.007,28.007,31.022,45.006,0.000,0.000,0,1,1.0428,78,156,78,80,67
11,post_landing,99,1697.0,59,194.896,484.626,0.04903,0.00000,0.04903,-0.001025,-0.007567,0,1,7.92000,8547.864,7.191,25.000,20.007,28.007,31.022,45.006,0.000,0.000,0,1,1.0428,78,156,78,80,67
11,post_landing,100,1714.0,59,194.946,484.619,0.08811,0.00000,0.08811,-0.002052,-0.008597,0,1,7.92000,8547.864,7.191,25.000,20.008,28.008,31.025,45.007,0.000,0.000,0,1,1.0428,78,156,78,80,67
11,post_landing,101,1731.0,59,195.029,484.604,-0.00805,0.00000,0.00805,0.000958,-0.010538,0,1,7.92000,8547.864,7.191,25.000,20.009,28.009,31.030,45.008,0.000,0.000,0,1,1.0428,78,156,78,80,67
11,post_landing,102,1747.0,59,195.021,484.613,-0.04571,0.00000,0.04571,0.001623,-0.009576,0,1,7.92000,8547.864,7.191,25.000,20.009,28.008,31.027,45.008,0.000,0.000,0,1,1.0428,78,156,78,80,67
11,post_landing,103,1764.0,59,194.975,484.624,-0.01852,0.00000,0.01852,0.000000,-0.007946,0,1,7.92000,8547.864,7.191,25.000,20.007,28.007,31.023,45.007,0.000,0.000,0,1,1.0428,78,156,78,80,67
11,post_landing,104,1781.0,59,194.958,484.622,0.03125,0.00000,0.03125,-0.001480,-0.007946,0,1,7.92000,8547.864,7.191,25.000,20.007,28.007,31.023,45.007,0.000,0.000,0,1,1.0428,78,156,78,80,67
11,post_landing,105,1797.0,59,194.989,484.614,0.02047,0.00000,0.02047,-0.000887,-0.009432,0,1,7.92000,8547.864,7.191,25.000,20.009,28.008,31.027,45.007,0.000,0.000,0,1,1.0428,78,156,78,80,67
11,post_landing,106,1814.0,59,195.010,484.608,0.03288,0.00000,0.03288,-0.001056,-0.010323,0,1,7.92000,8547.864,7.191,25.000,20.009,28.009,31.029,45.008,0.000,0.000,0,1,1.0428,78,156,78,80,67
11,post_landing,107,1831.0,59,195.041,484.599,0.05016,0.00000,0.05016,-0.001320,-0.011322,0,1,7.92000,8547.864,7.191,25.000,20.010,28.010,31.032,45.008,0.000,0.000,0,1,1.0428,78,156,78,80,67
11,post_landing,108,1848.0,59,195.091,484.592,-0.00721,0.00000,0.00721,0.000000,-0.012648,0,1,7.92000,8547.864,7.191,25.000,20.011,28.010,31.035,45.009,0.000,0.000,0,1,1.0428,78,156,78,80,67
11,post_landing,109,1864.0,59,195.084,484.592,-0.08502,0.00000,0.08502,0.002273,-0.012648,0,1,7.92000,8547.864,7.191,25.000,20.011,28.010,31.035,45.009,0.000,0.000,0,1,1.0428,78,156,78,80,67
11,post_landing,110,1881.0,59,195.003,484.605,-0.05459,0.00000,0.05459,0.001111,-0.010498,0,1,7.92000,8547.864,7.191,25.000,20.009,28.009,31.030,45.008,0.000,0.000,0,1,1.0428,78,156,78,80,67
11,post_landing,111,1898.0,59,194.948,484.614,0.00183,0.00000,0.00183,0.000000,-0.009382,0,1,7.92000,8547.864,7.191,25.000,20.009,28.008,31.027,45.007,0.000,0.000,0,1,1.0428,78,156,78,80,67
11,post_landing,112,1914.0,59,194.950,484.614,0.04393,0.00000,0.04393,-0.001168,-0.009382,0,1,7.92000,8547.864,7.191,25.000,20.009,28.008,31.027,45.007,0.000,0.000,0,1,1.0428,78,156,78,80,67
11,post_landing,113,1931.0,59,194.994,484.606,0.09246,0.00000,0.09246,-0.002369,-0.010555,0,1,7.92000,8547.864,7.191,25.000,20.009,28.009,31.030,45.008,0.000,0.000,0,1,1.0428,78,156,78,80,67
11,post_landing,114,1948.0,59,195.082,484.589,-0.00992,0.00000,0.00992,0.000961,-0.012797,0,1,7.92000,8547.864,7.191,25.000,20.011,28.011,31.036,45.009,0.000,0.000,0,1,1.0428,78,156,78,80,67
11,post_landing,115,1964.0,59,195.072,484.598,-0.04314,0.00000,0.04314,0.001562,-0.011831,0,1,7.92000,8547.864,7.191,25.000,20.010,28.010,31.033,45.009,0.000,0.000,0,1,1.0428,78,156,78,80,67
11,post_landing,116,1981.0,59,195.029,484.608,-0.01362,0.00000,0.01362,0.000000,-0.010263,0,1,7.92000,8547.864,7.191,25.000,20.009,28.009,31.029,45.008,0.000,0.000,0,1,1.0428,78,156,78,80,67
11,post_landing,117,1998.0,59,195.016,484.606,0.03491,0.00000,0.03491,-0.001441,-0.010263,0,1,7.92000,8547.864,7.191,25.000,20.009,28.009,31.029,45.008,0.000,0.000,0,1,1.0428,78,156,78,80,67
11,post_landing,118,2014.0,59,195.051,484.599,0.02080,0.00000,0.02080,0.000000,-0.011710,0,1,7.92000,8547.864,7.191,25.000,20.010,28.010,31.033,45.009,0.000,0.000,0,1,1.0428,78,156,78,80,67
12,falling,0,26.0,,195.000,97.029,0.00000,0.55000,0.55000,0.000000,0.000000,0,0,3.71800,2601.283,4.837,6.000,6.000,8.000,11.000,15.000,0.000,0.000,0,0,1.1923,65,130,65,66,71
12,falling,1,35.0,,195.000,97.405,0.00000,0.69555,0.69555,0.000000,0.000000,0,0,3.71800,2601.283,4.837,6.000,6.000,8.000,11.000,15.000,0.000,0.000,0,0,1.1923,65,130,65,66,71
12,falling,2,52.0,,195.000,98.392,0.00000,0.96824,0.96824,0.000000,0.000000,0,0,3.71800,2601.283,4.837,6.000,6.000,8.000,11.000,15.000,0.000,0.000,0,0,1.1923,65,130,65,66,71
12,falling,3,68.0,,195.000,99.564,0.00000,1.22096,1.22096,0.000000,0.000000,0,0,3.71800,2601.283,4.837,6.000,6.000,8.000,11.000,15.000,0.000,0.000,0,0,1.1923,65,130,65,66,71
12,falling,4,85.0,,195.000,101.080,0.00000,1.48561,1.48561,0.000000,0.000000,0,0,3.71800,2601.283,4.837,6.000,6.000,8.000,10.000,15.000,0.000,0.000,0,0,1.1923,65,130,65,66,71
12,falling,5,102.0,,195.000,102.861,0.00000,1.74622,1.74622,0.000000,0.000000,0,0,3.71800,2601.283,4.837,6.000,6.000,8.000,11.000,15.000,0.000,0.000,0,0,1.1923,65,130,65,66,71
12,falling,6,118.0,,195.000,104.769,0.00000,1.98774,1.98774,0.000000,0.000000,0,0,3.71800,2601.283,4.837,6.000,6.000,8.000,11.000,15.000,0.000,0.000,0,0,1.1923,65,130,65,66,71
12,falling,7,135.0,,195.000,107.054,0.00000,2.24066,2.24066,0.000000,0.000000,0,0,3.71800,2601.283,4.837,6.000,6.000,8.000,11.000,15.000,0.000,0.000,0,0,1.1923,65,130,65,66,71
12,falling,8,152.0,,195.000,109.594,0.00000,2.48971,2.48971,0.000000,0.000000,0,0,3.71800,2601.283,4.837,6.000,6.000,8.000,11.000,15.000,0.000,0.000,0,0,1.1923,65,130,65,66,71
12,falling,9,169.0,,195.000,112.206,0.00000,2.72052,2.72052,0.000000,0.000000,0,0,3.71800,2601.283,4.837,6.000,6.000,8.000,11.000,15.000,0.000,0.000,0,0,1.1923,65,130,65,66,71
12,falling,10,185.0,,195.000,115.227,0.00000,2.96223,2.96223,0.000000,0.000000,0,0,3.71800,2601.283,4.837,6.000,6.000,8.000,11.000,15.000,0.000,0.000,0,0,1.1923,65,130,65,66,71
12,falling,11,202.0,,195.000,118.491,0.00000,3.20025,3.20025,0.000000,0.000000,0,0,3.71800,2601.283,4.837,6.000,6.000,8.000,11.000,15.000,0.000,0.000,0,0,1.1923,65,130,65,66,71
12,falling,12,219.0,,195.000,121.775,0.00000,3.42083,3.42083,0.000000,0.000000,0,0,3.71800,2601.283,4.837,6.000,6.000,8.000,11.000,15.000,0.000,0.000,0,0,1.1923,65,130,65,66,71
12,falling,13,235.0,,195.000,125.500,0.00000,3.65182,3.65182,0.000000,0.000000,0,0,3.71800,2601.283,4.837,6.000,6.000,8.000,11.000,15.000,0.000,0.000,0,0,1.1923,65,130,65,66,71
12,falling,14,252.0,,195.000,129.457,0.00000,3.87928,3.87928,0.000000,0.000000,0,0,3.71800,2601.283,4.837,6.000,6.000,8.000,11.000,15.000,0.000,0.000,0,0,1.1923,65,130,65,66,71
12,falling,15,269.0,,195.000,133.384,0.00000,4.09009,4.09009,0.000000,0.000000,0,0,3.71800,2601.283,4.837,6.000,6.000,8.000,11.000,15.000,0.000,0.000,0,0,1.1923,65,130,65,66,71
12,falling,16,285.0,,195.000,137.781,0.00000,4.31084,4.31084,0.000000,0.000000,0,0,3.71800,2601.283,4.837,6.000,6.000,8.000,11.000,15.000,0.000,0.000,0,0,1.1923,65,130,65,66,71
12,falling,17,302.0,,195.000,142.399,0.00000,4.52822,4.52822,0.000000,0.000000,0,0,3.71800,2601.283,4.837,6.000,6.000,8.000,11.000,15.000,0.000,0.000,0,0,1.1923,65,130,65,66,71
12,falling,18,319.0,,195.000,146.940,0.00000,4.72968,4.72968,0.000000,0.000000,0,0,3.71800,2601.283,4.837,6.000,6.000,8.000,11.000,15.000,0.000,0.000,0,0,1.1923,65,130,65,66,71
12,falling,19,335.0,,195.000,151.979,0.00000,4.94065,4.94065,0.000000,0.000000,0,0,3.71800,2601.283,4.837,6.000,6.000,8.000,11.000,15.000,0.000,0.000,0,0,1.1923,65,130,65,66,71
12,falling,20,352.0,,195.000,157.231,0.00000,5.14839,5.14839,0.000000,0.000000,0,0,3.71800,2601.283,4.837,6.000,6.000,8.000,11.000,15.000,0.000,0.000,0,0,1.1923,65,130,65,66,71
12,falling,21,369.0,,195.000,162.691,0.00000,5.35295,5.35295,0.000000,0.000000,0,0,3.71800,2601.283,4.837,6.000,6.000,8.000,11.000,15.000,0.000,0.000,0,0,1.1923,65,130,65,66,71
12,falling,22,385.0,,195.000,168.012,0.00000,5.54254,5.54254,0.000000,0.000000,0,0,3.71800,2601.283,4.837,6.000,6.000,8.000,11.000,15.000,0.000,0.000,0,0,1.1923,65,130,65,66,71
12,falling,23,402.0,,195.000,173.868,0.00000,5.74107,5.74107,0.000000,0.000000,0,0,3.71800,2601.283,4.837,6.000,6.000,8.000,11.000,15.000,0.000,0.000,0,0,1.1923,65,130,65,66,71
12,falling,24,419.0,,195.000,179.923,0.00000,5.93657,5.93657,0.000000,0.000000,0,0,3.71800,2601.283,4.837,6.000,6.000,8.000,11.000,15.000,0.000,0.000,0,0,1.1923,65,130,65,66,71
12,falling,25,436.0,,195.000,185.796,0.00000,6.11775,6.11775,0.000000,0.000000,0,0,3.71800,2601.283,4.837,6.000,6.000,8.000,11.000,15.000,0.000,0.000,0,0,1.1923,65,130,65,66,71
12,falling,26,452.0,,195.000,192.229,0.00000,6.30748,6.30748,0.000000,0.000000,0,0,3.71800,2601.283,4.837,6.000,6.000,8.000,11.000,15.000,0.000,0.000,0,0,1.1923,65,130,65,66,71
12,falling,27,469.0,,195.000,198.854,0.00000,6.49431,6.49431,0.000000,0.000000,0,0,3.71800,2601.283,4.837,6.000,6.000,8.000,11.000,15.000,0.000,0.000,0,0,1.1923,65,130,65,66,71
12,falling,28,486.0,,195.000,205.254,0.00000,6.66746,6.66746,0.000000,0.000000,0,0,3.71800,2601.283,4.837,6.000,6.000,8.000,11.000,15.000,0.000,0.000,0,0,1.1923,65,130,65,66,71
12,falling,29,502.0,,195.000,212.240,0.00000,6.84878,6.84878,0.000000,0.000000,0,0,3.71800,2601.283,4.837,6.000,6.000,8.000,11.000,15.000,0.000,0.000,0,0,1.1923,65,130,65,66,71
12,falling,30,519.0,,195.000,219.408,0.00000,7.02732,7.02732,0.000000,0.000000,0,0,3.71800,2601.283,4.837,6.000,6.000,8.000,11.000,15.000,0.000,0.000,0,0,1.1923,65,130,65,66,71
12,falling,31,536.0,,195.000,226.313,0.00000,7.19280,7.19280,0.000000,0.000000,0,0,3.71800,2601.283,4.837,6.000,6.000,8.000,11.000,15.000,0.000,0.000,0,0,1.1923,65,130,65,66,71
12,falling,32,552.0,,195.000,233.827,0.00000,7.36608,7.36608,0.000000,0.000000,0,0,3.71800,2601.283,4.837,6.000,6.000,8.000,11.000,15.000,0.000,0.000,0,0,1.1923,65,130,65,66,71
12,falling,33,570.0,,195.000,241.514,0.00000,7.53671,7.53671,0.000000,0.000000,0,0,3.71800,2601.283,4.837,6.000,6.000,8.000,11.000,15.000,0.000,0.000,0,0,1.1923,65,130,65,66,71
12,falling,34,586.0,,195.000,248.901,0.00000,7.69485,7.69485,0.000000,0.000000,0,0,3.71800,2601.283,4.837,6.000,6.000,8.000,11.000,15.000,0.000,0.000,0,0,1.1923,65,130,65,66,71
12,falling,35,602.0,,195.000,256.919,0.00000,7.86045,7.86045,0.000000,0.000000,0,0,3.71800,2601.283,4.837,6.000,6.000,8.000,11.000,15.000,0.000,0.000,0,0,1.1923,65,130,65,66,71
12,falling,36,619.0,,195.000,265.103,0.00000,8.02352,8.02352,0.000000,0.000000,0,0,3.71800,2601.283,4.837,6.000,6.000,8.000,11.000,15.000,0.000,0.000,0,0,1.1923,65,130,65,66,71
12,falling,37,636.0,,195.000,272.950,0.00000,8.17465,8.17465,0.000000,0.000000,0,0,3.71800,2601.283,4.837,6.000,6.000,8.000,11.000,15.000,0.000,0.000,0,0,1.1923,65,130,65,66,71
12,falling,38,652.0,,195.000,281.450,0.00000,8.33291,8.33291,0.000000,0.000000,0,0,3.71800,2601.283,4.837,6.000,6.000,8.000,11.000,15.000,0.000,0.000,0,0,1.1923,65,130,65,66,71
12,falling,39,669.0,,195.000,290.108,0.00000,8.48875,8.48875,0.000000,0.000000,0,0,3.71800,2601.283,4.837,6.000,6.000,8.000,11.000,15.000,0.000,0.000,0,0,1.1923,65,130,65,66,71
12,falling,40,686.0,,195.000,298.396,0.00000,8.63318,8.63318,0.000000,0.000000,0,0,3.71800,2601.283,4.837,6.000,6.000,8.000,11.000,15.000,0.000,0.000,0,0,1.1923,65,130,65,66,71
12,falling,41,702.0,,195.000,307.356,0.00000,8.78442,8.78442,0.000000,0.000000,0,0,3.71800,2601.283,4.837,6.000,6.000,8.000,11.000,15.000,0.000,0.000,0,0,1.1923,65,130,65,66,71
12,falling,42,719.0,,195.000,316.468,0.00000,8.93336,8.93336,0.000000,0.000000,0,0,3.71800,2601.283,4.837,6.000,6.000,8.000,11.000,15.000,0.000,0.000,0,0,1.1923,65,130,65,66,71
12,falling,43,736.0,,195.000,325.177,0.00000,9.07138,9.07138,0.000000,0.000000,0,0,3.71800,2601.283,4.837,6.000,6.000,8.000,11.000,15.000,0.000,0.000,0,0,1.1923,65,130,65,66,71
12,falling,44,752.0,,195.000,334.577,0.00000,9.21592,9.21592,0.000000,0.000000,0,0,3.71800,2601.283,4.837,6.000,6.000,8.000,11.000,15.000,0.000,0.000,0,0,1.1923,65,130,65,66,71
12,falling,45,769.0,,195.000,344.123,0.00000,9.35825,9.35825,0.000000,0.000000,0,0,3.71800,2601.283,4.837,6.000,6.000,8.000,11.000,15.000,0.000,0.000,0,0,1.1923,65,130,65,66,71
12,falling,46,786.0,,195.000,353.233,0.00000,9.49016,9.49016,0.000000,0.000000,0,0,3.71800,2601.283,4.837,6.000,6.000,8.000,11.000,15.000,0.000,0.000,0,0,1.1923,65,130,65,66,71
12,falling,47,802.0,,195.000,363.054,0.00000,9.62830,9.62830,0.000000,0.000000,0,0,3.71800,2601.283,4.837,6.000,6.000,8.000,11.000,15.000,0.000,0.000,0,0,1.1923,65,130,65,66,71
12,falling,48,819.0,,195.000,373.014,0.00000,9.76432,9.76432,0.000000,0.000000,0,0,3.71800,2601.283,4.837,6.000,6.000,8.000,11.000,15.000,0.000,0.000,0,0,1.1923,65,130,65,66,71
12,falling,49,836.0,,195.000,382.508,0.00000,9.89038,9.89038,0.000000,0.000000,0,0,3.71800,2601.283,4.837,6.000,6.000,8.000,11.000,15.000,0.000,0.000,0,0,1.1923,65,130,65,66,71
12,falling,50,852.0,,195.000,392.731,0.00000,10.02239,10.02239,0.000000,0.000000,0,0,3.71800,2601.283,4.837,6.000,6.000,8.000,11.000,15.000,0.000,0.000,0,0,1.1923,65,130,65,66,71
12,falling,51,869.0,,195.000,403.087,0.00000,10.15238,10.15238,0.000000,0.000000,0,0,3.71800,2601.283,4.837,6.000,6.000,8.000,11.000,15.000,0.000,0.000,0,0,1.1923,65,130,65,66,71
12,falling,52,886.0,,195.000,412.949,0.00000,10.27285,10.27285,0.000000,0.000000,0,0,3.71800,2601.283,4.837,6.000,6.000,8.000,11.000,15.000,0.000,0.000,0,0,1.1923,65,130,65,66,71
12,falling,53,902.0,,195.000,423.556,0.00000,10.39901,10.39901,0.000000,0.000000,0,0,3.71800,2601.283,4.837,6.000,6.000,8.000,11.000,15.000,0.000,0.000,0,0,1.1923,65,130,65,66,71
12,falling,54,919.0,,195.000,434.289,0.00000,10.52324,10.52324,0.000000,0.000000,0,0,3.71800,2601.283,4.837,6.000,6.000,8.000,11.000,15.000,0.000,0.000,0,0,1.1923,65,130,65,66,71
12,falling,55,936.0,,195.000,445.148,0.00000,10.64557,10.64557,0.000000,0.000000,0,0,3.71800,2601.283,4.837,6.000,6.000,8.000,11.000,15.000,0.000,0.000,0,0,1.1923,65,130,65,66,71
12,falling,56,953.0,,195.000,455.476,0.00000,10.75894,10.75894,0.000000,0.000000,0,0,3.71800,2601.283,4.837,6.000,6.000,8.000,11.000,15.000,0.000,0.000,0,0,1.1923,65,130,65,66,71
12,falling,57,969.0,,195.000,466.572,0.00000,10.87766,10.87766,0.000000,0.000000,0,0,3.71800,2601.283,4.837,6.000,6.000,8.000,11.000,15.000,0.000,0.000,0,0,1.1923,65,130,65,66,71
12,falling,58,986.0,,195.000,477.786,0.00000,10.99456,10.99456,0.000000,0.000000,0,0,3.71800,2601.283,4.837,6.000,6.000,8.000,11.000,15.000,0.000,0.000,0,0,1.1923,65,130,65,66,71
12,falling,59,1003.0,,195.000,488.445,0.00000,11.10291,11.10291,0.000000,0.000000,0,0,3.71800,2601.283,4.837,6.000,6.000,8.000,11.000,15.000,0.000,0.000,0,0,1.1923,65,130,65,66,71
12,post_landing,60,1019.0,60,195.000,495.549,2.34639,0.26481,2.36129,0.035157,0.000000,0,1,3.71800,2601.283,4.837,6.000,6.000,8.000,11.000,15.000,0.000,0.000,0,9,1.1923,65,130,65,66,71
12,post_landing,61,1036.0,60,197.357,494.030,1.56312,0.20675,1.57673,0.024109,0.035312,0,1,3.71800,2601.283,4.837,6.000,5.032,8.030,11.028,15.097,0.000,0.000,0,5,1.1923,65,130,65,66,71
12,post_landing,62,1053.0,60,198.836,493.432,1.05798,0.17877,1.07298,0.016258,0.058123,0,1,3.71800,2601.283,4.837,6.000,5.050,8.045,11.040,15.149,0.000,0.000,0,3,1.1923,65,130,65,66,71
12,post_landing,63,1069.0,60,199.898,493.262,0.71921,0.17373,0.73990,0.011407,0.074452,0,1,3.71800,2601.283,4.837,6.000,5.061,8.052,11.044,15.182,0.000,0.000,0,2,1.1923,65,130,65,66,71
12,post_landing,64,1086.0,60,200.621,493.008,0.52089,0.13535,0.53819,0.008358,0.085909,0,1,3.71800,2601.283,4.837,6.000,5.067,8.056,11.045,15.202,0.000,0.000,0,1,1.1923,65,130,65,66,71
12,post_landing,65,1103.0,60,201.114,493.167,0.45551,0.09417,0.46515,0.005626,0.093817,0,1,3.71800,2601.283,4.837,6.000,5.072,8.058,11.045,15.215,0.000,0.000,0,1,1.1923,65,130,65,66,71
12,post_landing,66,1119.0,60,201.571,493.277,0.39458,0.16219,0.42662,0.008695,0.099468,0,1,3.71800,2601.283,4.837,6.000,5.075,8.060,11.045,15.224,0.000,0.000,0,1,1.1923,65,130,65,66,71
12,post_landing,67,1136.0,60,201.967,493.442,0.35768,0.20218,0.41087,0.010783,0.108201,0,1,3.71800,2601.283,4.837,6.000,5.079,8.061,11.044,16.338,0.000,0.000,0,1,1.1923,65,130,65,66,71
12,post_landing,68,1153.0,60,202.306,493.631,0.34149,0.20782,0.39976,0.012209,0.118404,0,1,3.71800,2601.283,4.837,6.000,5.083,8.062,11.041,16.360,0.000,0.000,0,1,1.1923,65,130,65,66,71
12,post_landing,69,1169.0,60,202.649,493.869,0.33260,0.21698,0.39711,0.013391,0.130667,0,1,3.71800,2601.283,4.837,6.000,5.088,8.062,11.037,16.385,0.000,0.000,0,1,1.1923,65,130,65,66,71
12,post_landing,70,1186.0,60,202.983,494.132,0.32742,0.22707,0.39845,0.014205,0.144116,0,1,3.71800,2601.283,4.837,6.000,5.092,8.061,11.030,16.409,0.000,0.000,0,1,1.1923,65,130,65,66,71
12,post_landing,71,1203.0,60,203.293,494.396,0.32318,0.23504,0.39961,0.014544,0.157557,0,1,3.71800,2601.283,4.837,6.000,5.095,8.058,12.165,16.429,0.000,0.000,0,1,1.1923,65,130,65,66,71
12,post_landing,72,1219.0,60,203.617,494.696,0.31967,0.24605,0.40339,0.015095,0.172165,0,1,3.71800,2601.283,4.837,6.000,5.097,8.053,12.165,16.449,0.000,0.000,0,1,1.1923,65,130,65,66,71
12,post_landing,73,1236.0,60,203.938,495.011,0.31625,0.25718,0.40762,0.015539,0.187326,0,1,3.71800,2601.283,4.837,6.000,5.099,8.046,11.552,52.156,0.000,0.000,0,1,1.1923,65,130,65,66,71
12,post_landing,74,1253.0,60,204.238,495.317,0.31197,0.26523,0.40948,0.015649,0.202029,0,1,3.71800,2601.283,4.837,6.000,5.099,8.038,11.579,53.350,0.000,0.000,0,1,1.1923,65,130,65,66,71
12,post_landing,75,1270.0,60,204.551,495.659,0.30712,0.27681,0.41346,0.016060,0.217747,0,1,3.71800,2601.283,4.837,6.000,5.098,7.267,11.604,54.557,0.000,0.000,0,1,1.1923,65,130,65,66,71
12,post_landing,76,1286.0,60,204.859,496.013,0.30165,0.28833,0.41729,0.016415,0.233877,0,1,3.71800,2601.283,4.837,6.000,5.096,8.477,11.628,54.570,0.000,0.000,0,1,1.1923,65,130,65,66,71
12,post_landing,77,1303.0,60,205.145,496.356,0.29512,0.29610,0.41805,0.016460,0.249409,0,1,3.71800,2601.283,4.837,6.000,5.092,8.493,11.647,56.032,0.000,0.000,0,1,1.1923,65,130,65,66,71
12,post_landing,78,1319.0,60,205.441,496.735,0.28761,0.30807,0.42146,0.016825,0.265942,0,1,3.71800,2601.283,4.837,6.000,1.228,8.507,51.220,60.429,0.000,0.000,0,1,1.1923,65,130,65,66,71
12,post_landing,79,1336.0,60,205.730,497.126,0.27923,0.31986,0.42460,0.017148,0.282841,0,1,3.71800,2601.283,4.837,6.000,1.239,8.519,52.479,60.440,0.000,0.000,0,1,1.1923,65,130,65,66,71
12,post_landing,80,1353.0,60,205.994,497.504,0.26983,0.32724,0.42414,0.017166,0.299065,0,1,3.71800,2601.283,4.837,6.000,1.250,8.529,53.745,61.023,0.000,0.000,0,1,1.1923,65,130,65,66,71
12,post_landing,81,1370.0,60,206.265,497.920,0.25921,0.33951,0.42715,0.017505,0.316307,0,1,3.71800,2601.283,4.837,6.000,3.473,50.596,53.758,61.344,0.000,0.000,0,1,1.1923,65,130,65,66,71
12,post_landing,82,1386.0,60,206.526,498.348,0.24753,0.35148,0.42989,0.017808,0.333889,0,1,3.71800,2601.283,4.837,6.000,46.814,53.138,57.572,62.624,0.000,0.000,0,1,1.1923,65,130,65,66,71
12,post_landing,83,1403.0,60,206.774,498.724,0.04931,-0.02822,0.05681,0.001824,0.351774,0,1,3.71800,2601.283,4.837,6.000,48.102,53.140,59.807,62.967,0.000,0.000,0,2,1.1923,65,130,65,66,71
12,post_landing,84,1420.0,60,206.821,498.722,-0.00296,0.00000,0.00296,0.000000,0.353500,0,1,3.71800,2601.283,4.837,6.000,48.103,53.140,59.807,62.968,0.000,0.000,0,2,1.1923,65,130,65,66,71
12,post_landing,85,1436.0,60,206.818,498.728,-0.00053,0.00000,0.00053,0.000000,0.353500,0,1,3.71800,2601.283,4.837,6.000,48.103,53.140,59.807,62.968,0.000,0.000,0,2,1.1923,65,130,65,66,71
12,post_landing,86,1453.0,60,206.817,498.729,0.00002,0.00000,0.00002,0.000000,0.353500,0,1,3.71800,2601.283,4.837,6.000,48.103,53.140,59.807,62.968,0.000,0.000,0,2,1.1923,65,130,65,66,71
12,post_landing,87,1470.0,60,206.817,498.724,-0.00012,0.00000,0.00012,0.000000,0.353500,0,1,3.71800,2601.283,4.837,6.000,48.103,53.140,59.807,62.968,0.000,0.000,0,2,1.1923,65,130,65,66,71
12,post_landing,88,1486.0,60,206.817,498.728,0.00012,0.00000,0.00012,0.000000,0.353500,0,1,3.71800,2601.283,4.837,6.000,48.103,53.140,59.807,62.968,0.000,0.000,0,2,1.1923,65,130,65,66,71
12,post_landing,89,1503.0,60,206.817,498.724,-0.00013,0.00000,0.00013,0.000000,0.353500,0,1,3.71800,2601.283,4.837,6.000,48.103,53.140,59.807,62.968,0.000,0.000,0,2,1.1923,65,130,65,66,71
12,post_landing,90,1520.0,60,206.817,498.728,0.00012,0.00000,0.00012,0.000000,0.353500,0,1,3.71800,2601.283,4.837,6.000,48.103,53.140,59.807,62.968,0.000,0.000,0,2,1.1923,65,130,65,66,71
12,post_landing,91,1536.0,60,206.817,498.729,0.00000,0.00000,0.00000,0.000000,0.353500,0,1,3.71800,2601.283,4.837,6.000,48.103,53.140,59.807,62.968,0.000,0.000,0,2,1.1923,65,130,65,66,71
12,post_landing,92,1553.0,60,206.817,498.724,-0.00013,0.00000,0.00013,0.000000,0.353500,0,1,3.71800,2601.283,4.837,6.000,48.103,53.140,59.807,62.968,0.000,0.000,0,2,1.1923,65,130,65,66,71
12,post_landing,93,1570.0,60,206.817,498.728,0.00012,0.00000,0.00012,0.000000,0.353500,0,1,3.71800,2601.283,4.837,6.000,48.103,53.140,59.807,62.968,0.000,0.000,0,2,1.1923,65,130,65,66,71
12,post_landing,94,1586.0,60,206.817,498.729,0.00000,0.00000,0.00000,0.000000,0.353500,0,1,3.71800,2601.283,4.837,6.000,48.103,53.140,59.807,62.968,0.000,0.000,0,2,1.1923,65,130,65,66,71
12,post_landing,95,1603.0,60,206.817,498.729,-0.00000,0.00000,0.00000,0.000000,0.353500,0,1,3.71800,2601.283,4.837,6.000,48.103,53.140,59.807,62.968,0.000,0.000,0,2,1.1923,65,130,65,66,71
12,post_landing,96,1620.0,60,206.817,498.724,-0.00013,0.00000,0.00013,0.000000,0.353500,0,1,3.71800,2601.283,4.837,6.000,48.103,53.140,59.807,62.968,0.000,0.000,0,2,1.1923,65,130,65,66,71
12,post_landing,97,1636.0,60,206.817,498.728,0.00012,0.00000,0.00012,0.000000,0.353500,0,1,3.71800,2601.283,4.837,6.000,48.103,53.140,59.807,62.968,0.000,0.000,0,2,1.1923,65,130,65,66,71
12,post_landing,98,1653.0,60,206.817,498.729,0.00000,0.00000,0.00000,0.000000,0.353500,0,1,3.71800,2601.283,4.837,6.000,48.103,53.140,59.807,62.968,0.000,0.000,0,2,1.1923,65,130,65,66,71
12,post_landing,99,1670.0,60,206.817,498.724,-0.00013,0.00000,0.00013,0.000000,0.353500,0,1,3.71800,2601.283,4.837,6.000,48.103,53.140,59.807,62.968,0.000,0.000,0,2,1.1923,65,130,65,66,71
12,post_landing,100,1686.0,60,206.817,498.728,0.00012,0.00000,0.00012,0.000000,0.353500,0,1,3.71800,2601.283,4.837,6.000,48.103,53.140,59.807,62.968,0.000,0.000,0,2,1.1923,65,130,65,66,71
12,post_landing,101,1703.0,60,206.817,498.729,0.00000,0.00000,0.00000,0.000000,0.353500,0,1,3.71800,2601.283,4.837,6.000,48.103,53.140,59.807,62.968,0.000,0.000,0,2,1.1923,65,130,65,66,71
12,post_landing,102,1720.0,60,206.817,498.724,-0.00013,0.00000,0.00013,0.000000,0.353500,0,1,3.71800,2601.283,4.837,6.000,48.103,53.140,59.807,62.968,0.000,0.000,0,2,1.1923,65,130,65,66,71
12,post_landing,103,1736.0,60,206.817,498.728,0.00012,0.00000,0.00012,0.000000,0.353500,0,1,3.71800,2601.283,4.837,6.000,48.103,53.140,59.807,62.968,0.000,0.000,0,2,1.1923,65,130,65,66,71
12,post_landing,104,1753.0,60,206.817,498.729,0.00000,0.00000,0.00000,0.000000,0.353500,0,1,3.71800,2601.283,4.837,6.000,48.103,53.140,59.807,62.968,0.000,0.000,0,2,1.1923,65,130,65,66,71
12,post_landing,105,1770.0,60,206.817,498.724,-0.00013,0.00000,0.00013,0.000000,0.353500,0,1,3.71800,2601.283,4.837,6.000,48.103,53.140,59.807,62.968,0.000,0.000,0,2,1.1923,65,130,65,66,71
12,post_landing,106,1786.0,60,206.817,498.728,0.00012,0.00000,0.00012,0.000000,0.353500,0,1,3.71800,2601.283,4.837,6.000,48.103,53.140,59.807,62.968,0.000,0.000,0,2,1.1923,65,130,65,66,71
12,post_landing,107,1803.0,60,206.817,498.729,0.00000,0.00000,0.00000,0.000000,0.353500,0,1,3.71800,2601.283,4.837,6.000,48.103,53.140,59.807,62.968,0.000,0.000,0,2,1.1923,65,130,65,66,71
12,post_landing,108,1820.0,60,206.817,498.724,-0.00013,0.00000,0.00013,0.000000,0.353500,0,1,3.71800,2601.283,4.837,6.000,48.103,53.140,59.807,62.968,0.000,0.000,0,2,1.1923,65,130,65,66,71
12,post_landing,109,1836.0,60,206.817,498.728,0.00012,0.00000,0.00012,0.000000,0.353500,0,1,3.71800,2601.283,4.837,6.000,48.103,53.140,59.807,62.968,0.000,0.000,0,2,1.1923,65,130,65,66,71
12,post_landing,110,1853.0,60,206.817,498.729,0.00000,0.00000,0.00000,0.000000,0.353500,0,1,3.71800,2601.283,4.837,6.000,48.103,53.140,59.807,62.968,0.000,0.000,0,2,1.1923,65,130,65,66,71
12,post_landing,111,1870.0,60,206.817,498.724,-0.00013,0.00000,0.00013,0.000000,0.353500,0,1,3.71800,2601.283,4.837,6.000,48.103,53.140,59.807,62.968,0.000,0.000,0,2,1.1923,65,130,65,66,71
12,post_landing,112,1886.0,60,206.817,498.728,0.00012,0.00000,0.00012,0.000000,0.353500,0,1,3.71800,2601.283,4.837,6.000,48.103,53.140,59.807,62.968,0.000,0.000,0,2,1.1923,65,130,65,66,71
12,post_landing,113,1903.0,60,206.817,498.729,0.00000,0.00000,0.00000,0.000000,0.353500,0,1,3.71800,2601.283,4.837,6.000,48.103,53.140,59.807,62.968,0.000,0.000,0,2,1.1923,65,130,65,66,71
12,post_landing,114,1920.0,60,206.817,498.724,-0.00013,0.00000,0.00013,0.000000,0.353500,0,1,3.71800,2601.283,4.837,6.000,48.103,53.140,59.807,62.968,0.000,0.000,0,2,1.1923,65,130,65,66,71
12,post_landing,115,1936.0,60,206.817,498.728,0.00012,0.00000,0.00012,0.000000,0.353500,0,1,3.71800,2601.283,4.837,6.000,48.103,53.140,59.807,62.968,0.000,0.000,0,2,1.1923,65,130,65,66,71
12,post_landing,116,1953.0,60,206.817,498.729,0.00000,0.00000,0.00000,0.000000,0.353500,0,1,3.71800,2601.283,4.837,6.000,48.103,53.140,59.807,62.968,0.000,0.000,0,2,1.1923,65,130,65,66,71
12,post_landing,117,1970.0,60,206.817,498.724,-0.00013,0.00000,0.00013,0.000000,0.353500,0,1,3.71800,2601.283,4.837,6.000,48.103,53.140,59.807,62.968,0.000,0.000,0,2,1.1923,65,130,65,66,71
12,post_landing,118,1986.0,60,206.817,498.728,0.00012,0.00000,0.00012,0.000000,0.353500,0,1,3.71800,2601.283,4.837,6.000,48.103,53.140,59.807,62.968,0.000,0.000,0,2,1.1923,65,130,65,66,71
12,post_landing,119,2003.0,60,206.817,498.729,0.00000,0.00000,0.00000,0.000000,0.353500,0,1,3.71800,2601.283,4.837,6.000,48.103,53.140,59.807,62.968,0.000,0.000,0,2,1.1923,65,130,65,66,71
13,falling,0,17.0,,195.000,96.724,0.00000,0.46667,0.46667,0.000000,0.000000,0,0,4.53600,3981.248,4.575,14.000,14.000,25.000,41.000,75.000,0.000,0.000,0,0,1.6000,57,114,57,60,65
13,falling,1,22.0,,195.000,96.888,0.00000,0.54790,0.54790,0.000000,0.000000,0,0,4.53600,3981.248,4.575,14.000,14.000,25.000,41.000,75.000,0.000,0.000,0,0,1.6000,57,114,57,60,65
13,falling,2,39.0,,195.000,97.728,0.00000,0.82285,0.82285,0.000000,0.000000,0,0,4.53600,3981.248,4.575,14.000,14.000,25.000,41.000,75.000,0.000,0.000,0,0,1.6000,57,114,57,60,65
13,falling,3,55.0,,195.000,98.762,0.00000,1.07767,1.07767,0.000000,0.000000,0,0,4.53600,3981.248,4.575,14.000,14.000,25.000,41.000,75.000,0.000,0.000,0,0,1.6000,57,114,57,60,65
13,falling,4,72.0,,195.000,100.134,0.00000,1.34451,1.34451,0.000000,0.000000,0,0,4.53600,3981.248,4.575,14.000,14.000,25.000,41.000,75.000,0.000,0.000,0,0,1.6000,57,114,57,60,65
13,falling,5,89.0,,195.000,101.773,0.00000,1.60728,1.60728,0.000000,0.000000,0,0,4.53600,3981.248,4.575,14.000,14.000,25.000,41.000,75.000,0.000,0.000,0,0,1.6000,57,114,57,60,65
13,falling,6,106.0,,195.000,103.550,0.00000,1.85080,1.85080,0.000000,0.000000,0,0,4.53600,3981.248,4.575,14.000,14.000,25.000,41.000,75.000,0.000,0.000,0,0,1.6000,57,114,57,60,65
13,falling,7,122.0,,195.000,105.698,0.00000,2.10581,2.10581,0.000000,0.000000,0,0,4.53600,3981.248,4.575,14.000,14.000,25.000,41.000,75.000,0.000,0.000,0,0,1.6000,57,114,57,60,65
13,falling,8,139.0,,195.000,108.102,0.00000,2.35693,2.35693,0.000000,0.000000,0,0,4.53600,3981.248,4.575,14.000,14.000,25.000,41.000,75.000,0.000,0.000,0,0,1.6000,57,114,57,60,65
13,falling,9,156.0,,195.000,110.588,0.00000,2.58965,2.58965,0.000000,0.000000,0,0,4.53600,3981.248,4.575,14.000,14.000,25.000,41.000,75.000,0.000,0.000,0,0,1.6000,57,114,57,60,65
13,falling,10,172.0,,195.000,113.478,0.00000,2.83337,2.83337,0.000000,0.000000,0,0,4.53600,3981.248,4.575,14.000,14.000,25.000,41.000,75.000,0.000,0.000,0,0,1.6000,57,114,57,60,65
13,falling,11,189.0,,195.000,116.613,0.00000,3.07335,3.07335,0.000000,0.000000,0,0,4.53600,3981.248,4.575,14.000,14.000,25.000,41.000,75.000,0.000,0.000,0,0,1.6000,57,114,57,60,65
13,falling,12,206.0,,195.000,119.777,0.00000,3.29576,3.29576,0.000000,0.000000,0,0,4.53600,3981.248,4.575,14.000,14.000,25.000,41.000,75.000,0.000,0.000,0,0,1.6000,57,114,57,60,65
13,falling,13,222.0,,195.000,123.376,0.00000,3.52867,3.52867,0.000000,0.000000,0,0,4.53600,3981.248,4.575,14.000,14.000,25.000,41.000,75.000,0.000,0.000,0,0,1.6000,57,114,57,60,65
13,falling,14,239.0,,195.000,127.209,0.00000,3.75801,3.75801,0.000000,0.000000,0,0,4.53600,3981.248,4.575,14.000,14.000,25.000,41.000,75.000,0.000,0.000,0,0,1.6000,57,114,57,60,65
13,falling,15,256.0,,195.000,131.021,0.00000,3.97056,3.97056,0.000000,0.000000,0,0,4.53600,3981.248,4.575,14.000,14.000,25.000,41.000,75.000,0.000,0.000,0,0,1.6000,57,114,57,60,65
13,falling,16,272.0,,195.000,135.298,0.00000,4.19315,4.19315,0.000000,0.000000,0,0,4.53600,3981.248,4.575,14.000,14.000,25.000,41.000,75.000,0.000,0.000,0,0,1.6000,57,114,57,60,65
13,falling,17,289.0,,195.000,139.798,0.00000,4.41233,4.41233,0.000000,0.000000,0,0,4.53600,3981.248,4.575,14.000,14.000,25.000,41.000,75.000,0.000,0.000,0,0,1.6000,57,114,57,60,65
13,falling,18,306.0,,195.000,144.519,0.00000,4.62815,4.62815,0.000000,0.000000,0,0,4.53600,3981.248,4.575,14.000,14.000,25.000,41.000,75.000,0.000,0.000,0,0,1.6000,57,114,57,60,65
13,falling,19,322.0,,195.000,149.154,0.00000,4.82817,4.82817,0.000000,0.000000,0,0,4.53600,3981.248,4.575,14.000,14.000,25.000,41.000,75.000,0.000,0.000,0,0,1.6000,57,114,57,60,65
13,falling,20,339.0,,195.000,154.293,0.00000,5.03763,5.03763,0.000000,0.000000,0,0,4.53600,3981.248,4.575,14.000,14.000,25.000,41.000,75.000,0.000,0.000,0,0,1.6000,57,114,57,60,65
13,falling,21,356.0,,195.000,159.641,0.00000,5.24389,5.24389,0.000000,0.000000,0,0,4.53600,3981.248,4.575,14.000,14.000,25.000,41.000,75.000,0.000,0.000,0,0,1.6000,57,114,57,60,65
13,falling,22,372.0,,195.000,164.859,0.00000,5.43505,5.43505,0.000000,0.000000,0,0,4.53600,3981.248,4.575,14.000,14.000,25.000,41.000,75.000,0.000,0.000,0,0,1.6000,57,114,57,60,65
13,falling,23,389.0,,195.000,170.607,0.00000,5.63522,5.63522,0.000000,0.000000,0,0,4.53600,3981.248,4.575,14.000,14.000,25.000,41.000,75.000,0.000,0.000,0,0,1.6000,57,114,57,60,65
13,falling,24,406.0,,195.000,176.556,0.00000,5.83234,5.83234,0.000000,0.000000,0,0,4.53600,3981.248,4.575,14.000,14.000,25.000,41.000,75.000,0.000,0.000,0,0,1.6000,57,114,57,60,65
13,falling,25,423.0,,195.000,182.330,0.00000,6.01502,6.01502,0.000000,0.000000,0,0,4.53600,3981.248,4.575,14.000,14.000,25.000,41.000,75.000,0.000,0.000,0,0,1.6000,57,114,57,60,65
13,falling,26,439.0,,195.000,188.661,0.00000,6.20632,6.20632,0.000000,0.000000,0,0,4.53600,3981.248,4.575,14.000,14.000,25.000,41.000,75.000,0.000,0.000,0,0,1.6000,57,114,57,60,65
13,falling,27,456.0,,195.000,195.183,0.00000,6.39470,6.39470,0.000000,0.000000,0,0,4.53600,3981.248,4.575,14.000,14.000,25.000,41.000,75.000,0.000,0.000,0,0,1.6000,57,114,57,60,65
13,falling,28,474.0,,195.000,201.490,0.00000,6.56928,6.56928,0.000000,0.000000,0,0,4.53600,3981.248,4.575,14.000,14.000,25.000,41.000,75.000,0.000,0.000,0,0,1.6000,57,114,57,60,65
13,falling,29,489.0,,195.000,208.377,0.00000,6.75211,6.75211,0.000000,0.000000,0,0,4.53600,3981.248,4.575,14.000,14.000,25.000,41.000,75.000,0.000,0.000,0,0,1.6000,57,114,57,60,65
13,falling,30,506.0,,195.000,215.448,0.00000,6.93213,6.93213,0.000000,0.000000,0,0,4.53600,3981.248,4.575,14.000,14.000,25.000,41.000,75.000,0.000,0.000,0,0,1.6000,57,114,57,60,65
13,falling,31,523.0,,195.000,222.263,0.00000,7.09898,7.09898,0.000000,0.000000,0,0,4.53600,3981.248,4.575,14.000,14.000,25.000,41.000,75.000,0.000,0.000,0,0,1.6000,57,114,57,60,65
13,falling,32,539.0,,195.000,229.682,0.00000,7.27369,7.27369,0.000000,0.000000,0,0,4.53600,3981.248,4.575,14.000,14.000,25.000,41.000,75.000,0.000,0.000,0,0,1.6000,57,114,57,60,65
13,falling,33,556.0,,195.000,237.277,0.00000,7.44574,7.44574,0.000000,0.000000,0,0,4.53600,3981.248,4.575,14.000,14.000,25.000,41.000,75.000,0.000,0.000,0,0,1.6000,57,114,57,60,65
13,falling,34,573.0,,195.000,244.578,0.00000,7.60519,7.60519,0.000000,0.000000,0,0,4.53600,3981.248,4.575,14.000,14.000,25.000,41.000,75.000,0.000,0.000,0,0,1.6000,57,114,57,60,65
13,falling,35,589.0,,195.000,252.505,0.00000,7.77216,7.77216,0.000000,0.000000,0,0,4.53600,3981.248,4.575,14.000,14.000,25.000,41.000,75.000,0.000,0.000,0,0,1.6000,57,114,57,60,65
13,falling,36,606.0,,195.000,260.601,0.00000,7.93658,7.93658,0.000000,0.000000,0,0,4.53600,3981.248,4.575,14.000,14.000,25.000,41.000,75.000,0.000,0.000,0,0,1.6000,57,114,57,60,65
13,falling,37,623.0,,195.000,268.366,0.00000,8.08896,8.08896,0.000000,0.000000,0,0,4.53600,3981.248,4.575,14.000,14.000,25.000,41.000,75.000,0.000,0.000,0,0,1.6000,57,114,57,60,65
13,falling,38,639.0,,195.000,276.779,0.00000,8.24853,8.24853,0.000000,0.000000,0,0,4.53600,3981.248,4.575,14.000,14.000,25.000,41.000,75.000,0.000,0.000,0,0,1.6000,57,114,57,60,65
13,falling,39,656.0,,195.000,285.353,0.00000,8.40566,8.40566,0.000000,0.000000,0,0,4.53600,3981.248,4.575,14.000,14.000,25.000,41.000,75.000,0.000,0.000,0,0,1.6000,57,114,57,60,65
13,falling,40,673.0,,195.000,293.562,0.00000,8.55129,8.55129,0.000000,0.000000,0,0,4.53600,3981.248,4.575,14.000,14.000,25.000,41.000,75.000,0.000,0.000,0,0,1.6000,57,114,57,60,65
13,falling,41,689.0,,195.000,302.440,0.00000,8.70379,8.70379,0.000000,0.000000,0,0,4.53600,3981.248,4.575,14.000,14.000,25.000,41.000,75.000,0.000,0.000,0,0,1.6000,57,114,57,60,65
13,falling,42,706.0,,195.000,311.471,0.00000,8.85395,8.85395,0.000000,0.000000,0,0,4.53600,3981.248,4.575,14.000,14.000,25.000,41.000,75.000,0.000,0.000,0,0,1.6000,57,114,57,60,65
13,falling,43,723.0,,195.000,320.105,0.00000,8.99312,8.99312,0.000000,0.000000,0,0,4.53600,3981.248,4.575,14.000,14.000,25.000,41.000,75.000,0.000,0.000,0,0,1.6000,57,114,57,60,65
13,falling,44,739.0,,195.000,329.426,0.00000,9.13886,9.13886,0.000000,0.000000,0,0,4.53600,3981.248,4.575,14.000,14.000,25.000,41.000,75.000,0.000,0.000,0,0,1.6000,57,114,57,60,65
13,falling,45,756.0,,195.000,338.894,0.00000,9.28237,9.28237,0.000000,0.000000,0,0,4.53600,3981.248,4.575,14.000,14.000,25.000,41.000,75.000,0.000,0.000,0,0,1.6000,57,114,57,60,65
13,falling,46,773.0,,195.000,347.933,0.00000,9.41537,9.41537,0.000000,0.000000,0,0,4.53600,3981.248,4.575,14.000,14.000,25.000,41.000,75.000,0.000,0.000,0,0,1.6000,57,114,57,60,65
13,falling,47,789.0,,195.000,357.679,0.00000,9.55465,9.55465,0.000000,0.000000,0,0,4.53600,3981.248,4.575,14.000,14.000,25.000,41.000,75.000,0.000,0.000,0,0,1.6000,57,114,57,60,65
13,falling,48,806.0,,195.000,367.565,0.00000,9.69180,9.69180,0.000000,0.000000,0,0,4.53600,3981.248,4.575,14.000,14.000,25.000,41.000,75.000,0.000,0.000,0,0,1.6000,57,114,57,60,65
13,falling,49,823.0,,195.000,376.991,0.00000,9.81890,9.81890,0.000000,0.000000,0,0,4.53600,3981.248,4.575,14.000,14.000,25.000,41.000,75.000,0.000,0.000,0,0,1.6000,57,114,57,60,65
13,falling,50,839.0,,195.000,387.142,0.00000,9.95201,9.95201,0.000000,0.000000,0,0,4.53600,3981.248,4.575,14.000,14.000,25.000,41.000,75.000,0.000,0.000,0,0,1.6000,57,114,57,60,65
13,falling,51,856.0,,195.000,397.426,0.00000,10.08307,10.08307,0.000000,0.000000,0,0,4.53600,3981.248,4.575,14.000,14.000,25.000,41.000,75.000,0.000,0.000,0,0,1.6000,57,114,57,60,65
13,falling,52,873.0,,195.000,407.223,0.00000,10.20454,10.20454,0.000000,0.000000,0,0,4.53600,3981.248,4.575,14.000,14.000,25.000,41.000,75.000,0.000,0.000,0,0,1.6000,57,114,57,60,65
13,falling,53,889.0,,195.000,417.761,0.00000,10.33175,10.33175,0.000000,0.000000,0,0,4.53600,3981.248,4.575,14.000,14.000,25.000,41.000,75.000,0.000,0.000,0,0,1.6000,57,114,57,60,65
13,falling,54,906.0,,195.000,428.427,0.00000,10.45700,10.45700,0.000000,0.000000,0,0,4.53600,3981.248,4.575,14.000,14.000,25.000,41.000,75.000,0.000,0.000,0,0,1.6000,57,114,57,60,65
13,falling,55,923.0,,195.000,439.219,0.00000,10.58035,10.58035,0.000000,0.000000,0,0,4.53600,3981.248,4.575,14.000,14.000,25.000,41.000,75.000,0.000,0.000,0,0,1.6000,57,114,57,60,65
13,falling,56,940.0,,195.000,449.486,0.00000,10.69466,10.69466,0.000000,0.000000,0,0,4.53600,3981.248,4.575,14.000,14.000,25.000,41.000,75.000,0.000,0.000,0,0,1.6000,57,114,57,60,65
13,falling,57,956.0,,195.000,460.517,0.00000,10.81436,10.81436,0.000000,0.000000,0,0,4.53600,3981.248,4.575,14.000,14.000,25.000,41.000,75.000,0.000,0.000,0,0,1.6000,57,114,57,60,65
13,falling,58,973.0,,195.000,471.668,0.00000,10.93223,10.93223,0.000000,0.000000,0,0,4.53600,3981.248,4.575,14.000,14.000,25.000,41.000,75.000,0.000,0.000,0,0,1.6000,57,114,57,60,65
13,falling,59,989.0,,195.000,482.267,0.00000,11.04148,11.04148,0.000000,0.000000,0,0,4.53600,3981.248,4.575,14.000,14.000,25.000,41.000,75.000,0.000,0.000,0,0,1.6000,57,114,57,60,65
13,falling,60,1006.0,,195.000,493.646,0.00000,11.15588,11.15588,0.000000,0.000000,0,0,4.53600,3981.248,4.575,14.000,14.000,25.000,41.000,72.000,0.000,0.000,0,0,1.6000,57,114,57,60,65
13,post_landing,61,1023.0,61,195.000,500.832,-1.51948,-0.35105,1.55951,-0.029178,0.000000,0,1,4.53600,3981.248,4.575,14.000,14.000,25.000,41.000,72.000,0.000,0.000,0,11,1.6000,57,114,57,60,65
13,post_landing,62,1040.0,61,193.474,498.703,-0.87176,-0.14477,0.88370,-0.016975,-0.029307,0,1,4.53600,3981.248,4.575,14.000,10.025,17.022,28.017,76.055,0.000,0.000,0,5,1.6000,57,114,57,60,65
13,post_landing,63,1056.0,61,192.598,497.945,-0.52470,-0.02759,0.52543,-0.010216,-0.046357,0,1,4.53600,3981.248,4.575,14.000,10.036,17.028,28.016,76.057,0.000,0.000,0,3,1.6000,57,114,57,60,65
13,post_landing,64,1073.0,61,192.071,497.734,-0.32653,0.01255,0.32677,-0.006299,-0.056618,0,1,4.53600,3981.248,4.575,14.000,10.041,17.029,27.070,75.163,0.000,0.000,0,2,1.6000,57,114,57,60,65
13,post_landing,65,1090.0,61,191.762,497.755,-0.20546,0.00000,0.20546,-0.003954,-0.062578,0,1,4.53600,3981.248,4.575,14.000,10.043,17.029,27.072,75.166,0.000,0.000,0,2,1.6000,57,114,57,60,65
13,post_landing,66,1106.0,61,191.556,497.772,-0.13168,0.00000,0.13168,-0.002531,-0.066550,0,1,4.53600,3981.248,4.575,14.000,10.044,17.029,27.073,75.166,0.000,0.000,0,2,1.6000,57,114,57,60,65
13,post_landing,67,1123.0,61,191.424,497.783,-0.08652,0.00000,0.08652,-0.003092,-0.069091,0,1,4.53600,3981.248,4.575,14.000,10.045,17.028,27.074,75.166,0.000,0.000,0,2,1.6000,57,114,57,60,65
13,post_landing,68,1140.0,61,191.342,497.792,-0.07840,0.00000,0.07840,-0.002781,-0.072017,0,1,4.53600,3981.248,4.575,14.000,10.046,17.028,27.074,75.165,0.000,0.000,0,2,1.6000,57,114,57,60,65
13,post_landing,69,1156.0,61,191.263,497.806,-0.07192,0.00000,0.07192,-0.002553,-0.074810,0,1,4.53600,3981.248,4.575,14.000,10.047,17.027,27.074,76.236,0.000,0.000,0,2,1.6000,57,114,57,60,65
13,post_landing,70,1173.0,61,191.191,497.817,-0.06685,0.00000,0.06685,-0.002375,-0.077375,0,1,4.53600,3981.248,4.575,14.000,10.047,17.026,27.074,76.236,0.000,0.000,0,2,1.6000,57,114,57,60,65
13,post_landing,71,1190.0,61,191.128,497.824,-0.06249,0.00000,0.06249,-0.002221,-0.079622,0,1,4.53600,3981.248,4.575,14.000,10.048,17.026,27.074,76.236,0.000,0.000,0,2,1.6000,57,114,57,60,65
13,post_landing,72,1206.0,61,191.065,497.836,-0.05957,0.00000,0.05957,-0.002117,-0.081853,0,1,4.53600,3981.248,4.575,14.000,10.048,17.025,27.073,76.236,0.000,0.000,0,2,1.6000,57,114,57,60,65
13,post_landing,73,1223.0,61,191.005,497.845,-0.05728,0.00000,0.05728,-0.002037,-0.083979,0,1,4.53600,3981.248,4.575,14.000,10.049,17.024,27.073,76.235,0.000,0.000,0,2,1.6000,57,114,57,60,65
13,post_landing,74,1240.0,61,190.951,497.851,-0.05515,0.00000,0.05515,-0.001962,-0.085907,0,1,4.53600,3981.248,4.575,14.000,10.049,17.023,54.230,76.235,0.000,0.000,0,2,1.6000,57,114,57,60,65
13,post_landing,75,1256.0,61,190.895,497.862,-0.05411,0.00000,0.05411,-0.001924,-0.087877,0,1,4.53600,3981.248,4.575,14.000,10.049,17.022,54.230,74.329,0.000,0.000,0,2,1.6000,57,114,57,60,65
13,post_landing,76,1273.0,61,190.841,497.871,-0.05333,0.00000,0.05333,-0.001898,-0.089810,0,1,4.53600,3981.248,4.575,14.000,10.049,17.021,54.231,78.403,0.000,0.000,0,2,1.6000,57,114,57,60,65
13,post_landing,77,1290.0,61,190.791,497.877,-0.05240,0.00000,0.05240,-0.001865,-0.091606,0,1,4.53600,3981.248,4.575,14.000,10.050,13.128,54.231,78.405,0.000,0.000,0,2,1.6000,57,114,57,60,65
13,post_landing,78,1306.0,61,190.738,497.887,-0.05239,0.00000,0.05239,-0.001864,-0.093479,0,1,4.53600,3981.248,4.575,14.000,10.050,13.130,54.231,78.406,0.000,0.000,0,2,1.6000,57,114,57,60,65
13,post_landing,79,1323.0,61,190.685,497.896,-0.05243,0.00000,0.05243,-0.001867,-0.095352,0,1,4.53600,3981.248,4.575,14.000,10.050,13.131,54.231,78.407,0.000,0.000,0,2,1.6000,57,114,57,60,65
13,post_landing,80,1340.0,61,190.636,497.902,-0.05215,0.00000,0.05215,-0.001858,-0.097118,0,1,4.53600,3981.248,4.575,14.000,10.050,13.133,54.230,78.408,0.000,0.000,0,2,1.6000,57,114,57,60,65
13,post_landing,81,1356.0,61,190.583,497.913,-0.05270,0.00000,0.05270,-0.001877,-0.098984,0,1,4.53600,3981.248,4.575,14.000,10.050,13.134,54.230,78.409,0.000,0.000,0,2,1.6000,57,114,57,60,65
13,post_landing,82,1373.0,61,190.530,497.922,-0.05321,0.00000,0.05321,-0.001897,-0.100869,0,1,4.53600,3981.248,4.575,14.000,10.050,13.135,54.229,78.409,0.000,0.000,0,2,1.6000,57,114,57,60,65
13,post_landing,83,1390.0,61,190.480,497.928,-0.05329,0.00000,0.05329,-0.001900,-0.102664,0,1,4.53600,3981.248,4.575,14.000,10.050,13.137,54.228,78.409,0.000,0.000,0,2,1.6000,57,114,57,60,65
13,post_landing,84,1406.0,61,190.427,497.939,-0.05414,0.00000,0.05414,-0.001930,-0.104572,0,1,4.53600,3981.248,4.575,14.000,10.050,13.138,57.315,78.409,0.000,0.000,0,2,1.6000,57,114,57,60,65
13,post_landing,85,1423.0,61,190.372,497.949,-0.05494,0.00000,0.05494,-0.001960,-0.106510,0,1,4.53600,3981.248,4.575,14.000,10.050,13.139,49.466,78.408,0.000,0.000,0,2,1.6000,57,114,57,60,65
13,post_landing,86,1440.0,61,190.320,497.956,-0.05521,0.00000,0.05521,-0.001970,-0.108364,0,1,4.53600,3981.248,4.575,14.000,10.049,13.140,49.470,78.408,0.000,0.000,0,2,1.6000,57,114,57,60,65
13,post_landing,87,1456.0,61,190.265,497.968,-0.05625,0.00000,0.05625,-0.002007,-0.110343,0,1,4.53600,3981.248,4.575,14.000,10.049,13.141,49.473,78.407,0.000,0.000,0,2,1.6000,57,114,57,60,65
13,post_landing,88,1473.0,61,190.208,497.978,-0.05722,0.00000,0.05722,-0.002043,-0.112358,0,1,4.53600,3981.248,4.575,14.000,10.049,13.142,49.476,78.405,0.000,0.000,0,2,1.6000,57,114,57,60,65
13,post_landing,89,1490.0,61,190.154,497.985,-0.05761,0.00000,0.05761,-0.002057,-0.114291,0,1,4.53600,3981.248,4.575,14.000,10.049,13.143,49.479,78.403,0.000,0.000,0,2,1.6000,57,114,57,60,65
13,post_landing,90,1506.0,61,190.096,497.998,-0.05876,0.00000,0.05876,-0.002098,-0.116357,0,1,4.53600,3981.248,4.575,14.000,10.048,13.144,49.481,78.401,0.000,0.000,0,2,1.6000,57,114,57,60,65
13,post_landing,91,1523.0,61,190.037,498.009,-0.05985,0.00000,0.05985,-0.002139,-0.118464,0,1,4.53600,3981.248,4.575,14.000,10.048,13.145,49.484,78.399,0.000,0.000,0,2,1.6000,57,114,57,60,65
13,post_landing,92,1540.0,61,189.981,497.717,-0.06030,0.00000,0.06030,-0.002156,-0.120488,0,1,4.53600,3981.248,4.575,14.000,10.048,13.146,49.486,78.396,0.000,0.000,0,1,1.6000,57,114,57,60,65
13,post_landing,93,1556.0,61,189.920,497.725,-0.06159,0.00000,0.06159,-0.002198,-0.122654,0,1,4.53600,3981.248,4.575,14.000,10.047,13.147,49.488,74.423,0.000,0.000,0,1,1.6000,57,114,57,60,65
13,post_landing,94,1573.0,61,189.858,497.731,-0.06272,0.00000,0.06272,-0.002244,-0.124861,0,1,4.53600,3981.248,4.575,14.000,10.047,13.148,49.490,74.420,0.000,0.000,0,1,1.6000,57,114,57,60,65
13,post_landing,95,1590.0,61,189.799,497.735,-0.06321,0.00000,0.06321,-0.002263,-0.126984,0,1,4.53600,3981.248,4.575,14.000,10.046,13.149,50.611,74.417,0.000,0.000,0,1,1.6000,57,114,57,60,65
13,post_landing,96,1606.0,61,189.735,497.743,-0.06455,0.00000,0.06455,-0.002306,-0.129257,0,1,4.53600,3981.248,4.575,14.000,10.045,13.149,50.614,74.414,0.000,0.000,0,1,1.6000,57,114,57,60,65
13,post_landing,97,1623.0,61,189.670,497.750,-0.06577,0.00000,0.06577,-0.002355,-0.131574,0,1,4.53600,3981.248,4.575,14.000,10.045,13.150,50.617,74.672,0.000,0.000,0,1,1.6000,57,114,57,60,65
13,post_landing,98,1640.0,61,189.608,497.755,-0.06628,0.00000,0.06628,-0.002376,-0.133802,0,1,4.53600,3981.248,4.575,14.000,10.044,13.151,50.620,74.673,0.000,0.000,0,1,1.6000,57,114,57,60,65
13,post_landing,99,1656.0,61,189.542,497.764,-0.06766,0.00000,0.06766,-0.002421,-0.136188,0,1,4.53600,3981.248,4.575,14.000,10.043,13.151,50.623,74.672,0.000,0.000,0,1,1.6000,57,114,57,60,65
13,post_landing,100,1673.0,61,189.474,497.772,-0.06895,0.00000,0.06895,-0.002472,-0.138620,0,1,4.53600,3981.248,4.575,14.000,10.042,13.152,50.626,74.672,0.000,0.000,0,1,1.6000,57,114,57,60,65
13,post_landing,101,1690.0,61,189.408,497.777,-0.06949,0.00000,0.06949,-0.002493,-0.140959,0,1,4.53600,3981.248,4.575,14.000,10.041,14.283,50.628,66.750,0.000,0.000,0,1,1.6000,57,114,57,60,65
13,post_landing,102,1706.0,61,189.339,497.787,-0.07090,0.00000,0.07090,-0.002540,-0.143463,0,1,4.53600,3981.248,4.575,14.000,8.061,42.569,50.630,66.752,0.000,0.000,0,1,1.6000,57,114,57,60,65
13,post_landing,103,1723.0,61,189.267,497.795,-0.07224,0.00000,0.07224,-0.002594,-0.146014,0,1,4.53600,3981.248,4.575,14.000,8.060,42.572,50.632,66.753,0.000,0.000,0,1,1.6000,57,114,57,60,65
13,post_landing,104,1740.0,61,189.199,497.802,-0.07280,0.00000,0.07280,-0.002616,-0.148469,0,1,4.53600,3981.248,4.575,14.000,8.060,42.573,51.770,66.753,0.000,0.000,0,1,1.6000,57,114,57,60,65
13,post_landing,105,1756.0,61,189.126,497.813,-0.07424,0.00000,0.07424,-0.002663,-0.151096,0,1,4.53600,3981.248,4.575,14.000,8.059,42.575,51.774,66.753,0.000,0.000,0,1,1.6000,57,114,57,60,65
13,post_landing,106,1773.0,61,189.051,497.822,-0.07565,0.00000,0.07565,-0.002720,-0.153771,0,1,4.53600,3981.248,4.575,14.000,8.059,42.577,51.777,66.753,0.000,0.000,0,1,1.6000,57,114,57,60,65
13,post_landing,107,1790.0,61,188.980,497.846,-0.07766,0.00000,0.07766,-0.002726,-0.156345,0,1,4.53600,3981.248,4.575,14.000,8.058,45.697,51.779,66.752,0.000,0.000,0,1,1.6000,57,114,57,60,65
13,post_landing,108,1806.0,61,188.902,497.841,-0.07814,0.01228,0.07910,-0.002812,-0.159083,0,1,4.53600,3981.248,4.575,14.000,8.057,45.699,51.782,66.751,0.000,0.000,0,1,1.6000,57,114,57,60,65
13,post_landing,109,1823.0,61,188.823,497.851,-0.08044,0.00000,0.08044,-0.002898,-0.161907,0,1,4.53600,3981.248,4.575,14.000,8.057,45.701,51.784,66.749,0.000,0.000,0,1,1.6000,57,114,57,60,65
13,post_landing,110,1840.0,61,188.747,497.876,-0.08166,0.00000,0.08166,-0.002912,-0.164649,0,1,4.53600,3981.248,4.575,14.000,11.179,45.703,51.785,66.746,0.000,0.000,0,1,1.6000,57,114,57,60,65
13,post_landing,111,1856.0,61,188.665,497.872,-0.08243,0.01324,0.08349,-0.002985,-0.167573,0,1,4.53600,3981.248,4.575,14.000,11.179,45.704,51.787,66.743,0.000,0.000,0,1,1.6000,57,114,57,60,65
13,post_landing,112,1873.0,61,188.582,497.884,-0.08500,0.00000,0.08500,-0.003067,-0.170571,0,1,4.53600,3981.248,4.575,14.000,40.608,45.705,52.943,66.740,0.000,0.000,0,1,1.6000,57,114,57,60,65
13,post_landing,113,1890.0,61,188.502,497.910,-0.08607,0.01217,0.08693,-0.003078,-0.173473,0,1,4.53600,3981.248,4.575,14.000,40.608,45.705,52.946,66.735,0.000,0.000,0,1,1.6000,57,114,57,60,65
13,post_landing,114,1906.0,61,188.416,497.907,-0.08777,0.01583,0.08919,-0.003173,-0.176565,0,1,4.53600,3981.248,4.575,14.000,40.608,45.706,57.061,66.730,0.000,0.000,0,1,1.6000,57,114,57,60,65
13,post_landing,115,1923.0,61,188.327,497.940,-0.09085,0.01334,0.09182,-0.003252,-0.179752,0,1,4.53600,3981.248,4.575,14.000,40.607,46.868,57.064,66.724,0.000,0.000,0,1,1.6000,57,114,57,60,65
13,post_landing,116,1940.0,61,188.241,497.950,-0.09187,0.01373,0.09289,-0.003301,-0.182828,0,1,4.53600,3981.248,4.575,14.000,43.738,46.870,57.067,66.718,0.000,0.000,0,1,1.6000,57,114,57,60,65
13,post_landing,117,1956.0,61,188.149,497.968,-0.09446,0.01438,0.09555,-0.003379,-0.186144,0,1,4.53600,3981.248,4.575,14.000,43.738,46.871,57.068,66.711,0.000,0.000,0,1,1.6000,57,114,57,60,65
13,post_landing,118,1973.0,61,188.054,498.113,-0.00150,0.00000,0.00150,0.000000,-0.189538,0,1,4.53600,3981.248,4.575,14.000,43.737,46.872,57.070,66.702,0.000,0.000,0,2,1.6000,57,114,57,60,65
13,post_landing,119,1990.0,61,188.053,498.192,0.00106,0.00000,0.00106,0.000000,-0.189538,0,1,4.53600,3981.248,4.575,14.000,43.737,46.872,57.070,66.702,0.000,0.000,0,3,1.6000,57,114,57,60,65
13,post_landing,120,2006.0,61,188.054,498.194,0.00012,0.00000,0.00012,0.000000,-0.189538,0,1,4.53600,3981.248,4.575,14.000,43.737,46.872,57.070,66.702,0.000,0.000,0,3,1.6000,57,114,57,60,65
14,falling,0,46.0,,195.000,97.029,0.00000,0.55000,0.55000,0.000000,0.000000,0,0,7.56600,7101.376,6.276,25.000,25.000,30.000,43.000,64.000,0.000,0.000,0,0,1.0779,71,142,71,80,78
14,falling,1,48.0,,195.000,97.137,0.00000,0.59851,0.59851,0.000000,0.000000,0,0,7.56600,7101.376,6.276,25.000,25.000,30.000,43.000,64.000,0.000,0.000,0,0,1.0779,71,142,71,80,78
14,falling,2,65.0,,195.000,97.959,0.00000,0.85656,0.85656,0.000000,0.000000,0,0,7.56600,7101.376,6.276,25.000,25.000,30.000,43.000,64.000,0.000,0.000,0,0,1.0779,71,142,71,80,78
14,falling,3,81.0,,195.000,99.108,0.00000,1.12679,1.12679,0.000000,0.000000,0,0,7.56600,7101.376,6.276,25.000,25.000,30.000,43.000,62.000,0.000,0.000,0,0,1.0779,71,142,71,80,78
14,falling,4,98.0,,195.000,100.529,0.00000,1.39288,1.39288,0.000000,0.000000,0,0,7.56600,7101.376,6.276,25.000,25.000,30.000,43.000,62.000,0.000,0.000,0,0,1.0779,71,142,71,80,78
14,falling,5,115.0,,195.000,102.217,0.00000,1.65491,1.65491,0.000000,0.000000,0,0,7.56600,7101.376,6.276,25.000,25.000,30.000,43.000,64.000,0.000,0.000,0,0,1.0779,71,142,71,80,78
14,falling,6,131.0,,195.000,104.039,0.00000,1.89774,1.89774,0.000000,0.000000,0,0,7.56600,7101.376,6.276,25.000,25.000,30.000,43.000,64.000,0.000,0.000,0,0,1.0779,71,142,71,80,78
14,falling,7,148.0,,195.000,106.234,0.00000,2.15204,2.15204,0.000000,0.000000,0,0,7.56600,7101.376,6.276,25.000,25.000,30.000,43.000,64.000,0.000,0.000,0,0,1.0779,71,142,71,80,78
14,falling,8,165.0,,195.000,108.526,0.00000,2.38772,2.38772,0.000000,0.000000,0,0,7.56600,7101.376,6.276,25.000,25.000,30.000,43.000,64.000,0.000,0.000,0,0,1.0779,71,142,71,80,78
14,falling,9,181.0,,195.000,111.213,0.00000,2.63452,2.63452,0.000000,0.000000,0,0,7.56600,7101.376,6.276,25.000,25.000,30.000,43.000,64.000,0.000,0.000,0,0,1.0779,71,142,71,80,78
14,falling,10,198.0,,195.000,114.149,0.00000,2.87754,2.87754,0.000000,0.000000,0,0,7.56600,7101.376,6.276,25.000,25.000,30.000,43.000,64.000,0.000,0.000,0,0,1.0779,71,142,71,80,78
14,falling,11,215.0,,195.000,117.127,0.00000,3.10277,3.10277,0.000000,0.000000,0,0,7.56600,7101.376,6.276,25.000,25.000,30.000,43.000,64.000,0.000,0.000,0,0,1.0779,71,142,71,80,78
14,falling,12,231.0,,195.000,120.533,0.00000,3.33864,3.33864,0.000000,0.000000,0,0,7.56600,7101.376,6.276,25.000,25.000,30.000,43.000,64.000,0.000,0.000,0,0,1.0779,71,142,71,80,78
14,falling,13,248.0,,195.000,124.175,0.00000,3.57089,3.57089,0.000000,0.000000,0,0,7.56600,7101.376,6.276,25.000,25.000,30.000,43.000,64.000,0.000,0.000,0,0,1.0779,71,142,71,80,78
14,falling,14,265.0,,195.000,127.810,0.00000,3.78613,3.78613,0.000000,0.000000,0,0,7.56600,7101.376,6.276,25.000,25.000,30.000,43.000,64.000,0.000,0.000,0,0,1.0779,71,142,71,80,78
14,falling,15,281.0,,195.000,131.901,0.00000,4.01154,4.01154,0.000000,0.000000,0,0,7.56600,7101.376,6.276,25.000,25.000,30.000,43.000,64.000,0.000,0.000,0,0,1.0779,71,142,71,80,78
14,falling,16,298.0,,195.000,136.220,0.00000,4.23350,4.23350,0.000000,0.000000,0,0,7.56600,7101.376,6.276,25.000,25.000,30.000,43.000,64.000,0.000,0.000,0,0,1.0779,71,142,71,80,78
14,falling,17,315.0,,195.000,140.481,0.00000,4.43920,4.43920,0.000000,0.000000,0,0,7.56600,7101.376,6.276,25.000,25.000,30.000,43.000,64.000,0.000,0.000,0,0,1.0779,71,142,71,80,78
14,falling,18,331.0,,195.000,145.229,0.00000,4.65461,4.65461,0.000000,0.000000,0,0,7.56600,7101.376,6.276,25.000,25.000,30.000,43.000,64.000,0.000,0.000,0,0,1.0779,71,142,71,80,78
14,falling,19,348.0,,195.000,150.193,0.00000,4.86673,4.86673,0.000000,0.000000,0,0,7.56600,7101.376,6.276,25.000,25.000,30.000,43.000,64.000,0.000,0.000,0,0,1.0779,71,142,71,80,78
14,falling,20,365.0,,195.000,155.054,0.00000,5.06332,5.06332,0.000000,0.000000,0,0,7.56600,7101.376,6.276,25.000,25.000,30.000,43.000,64.000,0.000,0.000,0,0,1.0779,71,142,71,80,78
14,falling,21,381.0,,195.000,160.428,0.00000,5.26918,5.26918,0.000000,0.000000,0,0,7.56600,7101.376,6.276,25.000,25.000,30.000,43.000,64.000,0.000,0.000,0,0,1.0779,71,142,71,80,78
14,falling,22,398.0,,195.000,166.010,0.00000,5.47190,5.47190,0.000000,0.000000,0,0,7.56600,7101.376,6.276,25.000,25.000,30.000,43.000,64.000,0.000,0.000,0,0,1.0779,71,142,71,80,78
14,falling,23,415.0,,195.000,171.443,0.00000,5.65977,5.65977,0.000000,0.000000,0,0,7.56600,7101.376,6.276,25.000,25.000,30.000,43.000,64.000,0.000,0.000,0,0,1.0779,71,142,71,80,78
14,falling,24,431.0,,195.000,177.417,0.00000,5.85651,5.85651,0.000000,0.000000,0,0,7.56600,7101.376,6.276,25.000,25.000,30.000,43.000,64.000,0.000,0.000,0,0,1.0779,71,142,71,80,78
14,falling,25,448.0,,195.000,183.588,0.00000,6.05024,6.05024,0.000000,0.000000,0,0,7.56600,7101.376,6.276,25.000,25.000,30.000,43.000,64.000,0.000,0.000,0,0,1.0779,71,142,71,80,78
14,falling,26,465.0,,195.000,189.568,0.00000,6.22978,6.22978,0.000000,0.000000,0,0,7.56600,7101.376,6.276,25.000,25.000,30.000,43.000,64.000,0.000,0.000,0,0,1.0779,71,142,71,80,78
14,falling,27,481.0,,195.000,196.115,0.00000,6.41780,6.41780,0.000000,0.000000,0,0,7.56600,7101.376,6.276,25.000,25.000,30.000,43.000,64.000,0.000,0.000,0,0,1.0779,71,142,71,80,78
14,falling,28,498.0,,195.000,202.850,0.00000,6.60294,6.60294,0.000000,0.000000,0,0,7.56600,7101.376,6.276,25.000,25.000,30.000,43.000,64.000,0.000,0.000,0,0,1.0779,71,142,71,80,78
14,falling,29,515.0,,195.000,209.353,0.00000,6.77452,6.77452,0.000000,0.000000,0,0,7.56600,7101.376,6.276,25.000,25.000,30.000,43.000,64.000,0.000,0.000,0,0,1.0779,71,142,71,80,78
14,falling,30,531.0,,195.000,216.446,0.00000,6.95420,6.95420,0.000000,0.000000,0,0,7.56600,7101.376,6.276,25.000,25.000,30.000,43.000,64.000,0.000,0.000,0,0,1.0779,71,142,71,80,78
14,falling,31,548.0,,195.000,223.720,0.00000,7.13114,7.13114,0.000000,0.000000,0,0,7.56600,7101.376,6.276,25.000,25.000,30.000,43.000,64.000,0.000,0.000,0,0,1.0779,71,142,71,80,78
14,falling,32,565.0,,195.000,230.724,0.00000,7.29512,7.29512,0.000000,0.000000,0,0,7.56600,7101.376,6.276,25.000,25.000,30.000,43.000,64.000,0.000,0.000,0,0,1.0779,71,142,71,80,78
14,falling,33,581.0,,195.000,238.340,0.00000,7.46684,7.46684,0.000000,0.000000,0,0,7.56600,7101.376,6.276,25.000,25.000,30.000,43.000,64.000,0.000,0.000,0,0,1.0779,71,142,71,80,78
14,falling,34,598.0,,195.000,246.128,0.00000,7.63593,7.63593,0.000000,0.000000,0,0,7.56600,7101.376,6.276,25.000,25.000,30.000,43.000,64.000,0.000,0.000,0,0,1.0779,71,142,71,80,78
14,falling,35,615.0,,195.000,253.609,0.00000,7.79264,7.79264,0.000000,0.000000,0,0,7.56600,7101.376,6.276,25.000,25.000,30.000,43.000,64.000,0.000,0.000,0,0,1.0779,71,142,71,80,78
14,falling,36,632.0,,195.000,261.725,0.00000,7.95674,7.95674,0.000000,0.000000,0,0,7.56600,7101.376,6.276,25.000,25.000,30.000,43.000,64.000,0.000,0.000,0,0,1.0779,71,142,71,80,78
14,falling,37,648.0,,195.000,270.006,0.00000,8.11834,8.11834,0.000000,0.000000,0,0,7.56600,7101.376,6.276,25.000,25.000,30.000,43.000,64.000,0.000,0.000,0,0,1.0779,71,142,71,80,78
14,falling,38,665.0,,195.000,278.449,0.00000,8.27746,8.27746,0.000000,0.000000,0,0,7.56600,7101.376,6.276,25.000,25.000,30.000,43.000,64.000,0.000,0.000,0,0,1.0779,71,142,71,80,78
14,falling,39,681.0,,195.000,286.537,0.00000,8.42493,8.42493,0.000000,0.000000,0,0,7.56600,7101.376,6.276,25.000,25.000,30.000,43.000,64.000,0.000,0.000,0,0,1.0779,71,142,71,80,78
14,falling,40,698.0,,195.000,295.288,0.00000,8.57936,8.57936,0.000000,0.000000,0,0,7.56600,7101.376,6.276,25.000,25.000,30.000,43.000,64.000,0.000,0.000,0,0,1.0779,71,142,71,80,78
14,falling,41,715.0,,195.000,304.194,0.00000,8.73143,8.73143,0.000000,0.000000,0,0,7.56600,7101.376,6.276,25.000,25.000,30.000,43.000,64.000,0.000,0.000,0,0,1.0779,71,142,71,80,78
14,falling,42,732.0,,195.000,312.711,0.00000,8.87237,8.87237,0.000000,0.000000,0,0,7.56600,7101.376,6.276,25.000,25.000,30.000,43.000,64.000,0.000,0.000,0,0,1.0779,71,142,71,80,78
14,falling,43,748.0,,195.000,321.912,0.00000,9.01995,9.01995,0.000000,0.000000,0,0,7.56600,7101.376,6.276,25.000,25.000,30.000,43.000,64.000,0.000,0.000,0,0,1.0779,71,142,71,80,78
14,falling,44,765.0,,195.000,331.260,0.00000,9.16528,9.16528,0.000000,0.000000,0,0,7.56600,7101.376,6.276,25.000,25.000,30.000,43.000,64.000,0.000,0.000,0,0,1.0779,71,142,71,80,78
14,falling,45,782.0,,195.000,340.188,0.00000,9.29997,9.29997,0.000000,0.000000,0,0,7.56600,7101.376,6.276,25.000,25.000,30.000,43.000,64.000,0.000,0.000,0,0,1.0779,71,142,71,80,78
14,falling,46,798.0,,195.000,349.818,0.00000,9.44101,9.44101,0.000000,0.000000,0,0,7.56600,7101.376,6.276,25.000,25.000,30.000,43.000,64.000,0.000,0.000,0,0,1.0779,71,142,71,80,78
14,falling,47,815.0,,195.000,359.589,0.00000,9.57990,9.57990,0.000000,0.000000,0,0,7.56600,7101.376,6.276,25.000,25.000,30.000,43.000,64.000,0.000,0.000,0,0,1.0779,71,142,71,80,78
14,falling,48,832.0,,195.000,368.910,0.00000,9.70861,9.70861,0.000000,0.000000,0,0,7.56600,7101.376,6.276,25.000,25.000,30.000,43.000,64.000,0.000,0.000,0,0,1.0779,71,142,71,80,78
14,falling,49,848.0,,195.000,378.950,0.00000,9.84340,9.84340,0.000000,0.000000,0,0,7.56600,7101.376,6.276,25.000,25.000,30.000,43.000,64.000,0.000,0.000,0,0,1.0779,71,142,71,80,78
14,falling,50,865.0,,195.000,389.126,0.00000,9.97613,9.97613,0.000000,0.000000,0,0,7.56600,7101.376,6.276,25.000,25.000,30.000,43.000,64.000,0.000,0.000,0,0,1.0779,71,142,71,80,78
14,falling,51,881.0,,195.000,398.821,0.00000,10.09914,10.09914,0.000000,0.000000,0,0,7.56600,7101.376,6.276,25.000,25.000,30.000,43.000,64.000,0.000,0.000,0,0,1.0779,71,142,71,80,78
14,falling,52,898.0,,195.000,409.253,0.00000,10.22796,10.22796,0.000000,0.000000,0,0,7.56600,7101.376,6.276,25.000,25.000,30.000,43.000,64.000,0.000,0.000,0,0,1.0779,71,142,71,80,78
14,falling,53,915.0,,195.000,419.187,0.00000,10.34734,10.34734,0.000000,0.000000,0,0,7.56600,7101.376,6.276,25.000,25.000,30.000,43.000,64.000,0.000,0.000,0,0,1.0779,71,142,71,80,78
14,falling,54,931.0,,195.000,429.869,0.00000,10.47236,10.47236,0.000000,0.000000,0,0,7.56600,7101.376,6.276,25.000,25.000,30.000,43.000,64.000,0.000,0.000,0,0,1.0779,71,142,71,80,78
14,falling,55,948.0,,195.000,440.676,0.00000,10.59547,10.59547,0.000000,0.000000,0,0,7.56600,7101.376,6.276,25.000,25.000,30.000,43.000,64.000,0.000,0.000,0,0,1.0779,71,142,71,80,78
14,falling,56,965.0,,195.000,450.957,0.00000,10.70956,10.70956,0.000000,0.000000,0,0,7.56600,7101.376,6.276,25.000,25.000,30.000,43.000,64.000,0.000,0.000,0,0,1.0779,71,142,71,80,78
14,falling,57,981.0,,195.000,462.003,0.00000,10.82904,10.82904,0.000000,0.000000,0,0,7.56600,7101.376,6.276,25.000,25.000,30.000,43.000,64.000,0.000,0.000,0,0,1.0779,71,142,71,80,78
14,falling,58,998.0,,195.000,473.168,0.00000,10.94669,10.94669,0.000000,0.000000,0,0,7.56600,7101.376,6.276,25.000,25.000,30.000,43.000,64.000,0.000,0.000,0,0,1.0779,71,142,71,80,78
14,falling,59,1015.0,,195.000,483.782,0.00000,11.05572,11.05572,0.000000,0.000000,0,0,7.56600,7101.376,6.276,25.000,25.000,30.000,43.000,62.000,0.000,0.000,0,0,1.0779,71,142,71,80,78
14,post_landing,60,1032.0,60,195.000,491.036,0.11303,-0.03826,0.11933,0.001430,0.000000,0,1,7.56600,7101.376,6.276,25.000,25.000,30.000,43.000,62.000,0.000,0.000,0,12,1.0779,71,142,71,80,78
14,post_landing,61,1048.0,60,195.114,488.602,0.01073,0.00000,0.01073,0.000000,0.001436,0,1,7.56600,7101.376,6.276,25.000,22.001,28.001,41.001,63.001,0.000,0.000,0,6,1.0779,71,142,71,80,78
14,post_landing,62,1065.0,60,195.124,487.108,0.02731,0.00000,0.02731,0.000000,0.001436,0,1,7.56600,7101.376,6.276,25.000,22.001,28.001,41.001,63.001,0.000,0.000,0,3,1.0779,71,142,71,80,78
14,post_landing,63,1082.0,60,195.151,486.612,0.01656,0.00000,0.01656,0.000000,0.001436,0,1,7.56600,7101.376,6.276,25.000,22.001,28.001,41.001,63.001,0.000,0.000,0,2,1.0779,71,142,71,80,78
14,post_landing,64,1098.0,60,195.168,486.113,0.03494,0.00000,0.03494,0.000000,0.001436,0,1,7.56600,7101.376,6.276,25.000,22.001,28.001,41.001,63.001,0.000,0.000,0,1,1.0779,71,142,71,80,78
14,post_landing,65,1115.0,60,195.201,486.111,0.05794,0.00000,0.05794,0.000000,0.001436,0,1,7.56600,7101.376,6.276,25.000,22.001,28.001,41.001,63.001,0.000,0.000,0,1,1.0779,71,142,71,80,78
14,post_landing,66,1132.0,60,195.259,486.113,0.04569,0.00000,0.04569,0.000000,0.001436,0,1,7.56600,7101.376,6.276,25.000,22.001,28.001,41.001,63.001,0.000,0.000,0,1,1.0779,71,142,71,80,78
14,post_landing,67,1148.0,60,195.305,486.113,0.05090,0.00000,0.05090,-0.000919,0.001436,0,1,7.56600,7101.376,6.276,25.000,22.001,28.001,41.001,63.001,0.000,0.000,0,1,1.0779,71,142,71,80,78
14,post_landing,68,1165.0,60,195.353,486.115,0.03688,0.00000,0.03688,-0.001141,0.000567,0,1,7.56600,7101.376,6.276,25.000,22.001,28.001,41.001,63.001,0.000,0.000,0,1,1.0779,71,142,71,80,78
14,post_landing,69,1181.0,60,195.390,486.110,-0.01653,0.00000,0.01653,0.000000,-0.000579,0,1,7.56600,7101.376,6.276,25.000,23.001,27.001,41.001,63.001,0.000,0.000,0,1,1.0779,71,142,71,80,78
14,post_landing,70,1198.0,60,195.373,486.110,-0.05882,0.00000,0.05882,0.001338,-0.000579,0,1,7.56600,7101.376,6.276,25.000,23.001,27.001,41.001,63.001,0.000,0.000,0,1,1.0779,71,142,71,80,78
14,post_landing,71,1215.0,60,195.318,486.114,-0.06454,0.00000,0.06454,0.001372,0.000687,0,1,7.56600,7101.376,6.276,25.000,22.001,28.001,41.001,63.001,0.000,0.000,0,1,1.0779,71,142,71,80,78
14,post_landing,72,1232.0,60,195.253,486.110,-0.08059,0.00000,0.08059,0.001892,0.002065,0,1,7.56600,7101.376,6.276,25.000,22.002,28.002,41.002,63.002,0.000,0.000,0,1,1.0779,71,142,71,80,78
14,post_landing,73,1248.0,60,195.172,486.102,-0.08872,0.00000,0.08872,0.002028,0.003965,0,1,7.56600,7101.376,6.276,25.000,22.004,28.004,41.004,63.003,0.000,0.000,0,1,1.0779,71,142,71,80,78
14,post_landing,74,1265.0,60,195.083,486.094,-0.09183,0.00000,0.09183,0.001982,0.006002,0,1,7.56600,7101.376,6.276,25.000,22.006,28.005,41.005,63.005,0.000,0.000,0,1,1.0779,71,142,71,80,78
14,post_landing,75,1281.0,60,194.996,486.084,-0.08513,0.00000,0.08513,0.001665,0.007877,0,1,7.56600,7101.376,6.276,25.000,22.007,28.007,41.007,63.006,0.000,0.000,0,1,1.0779,71,142,71,80,78
14,post_landing,76,1299.0,60,194.911,486.079,-0.08965,0.00000,0.08965,0.001840,0.009550,0,1,7.56600,7101.376,6.276,25.000,22.009,28.008,41.008,63.007,0.000,0.000,0,1,1.0779,71,142,71,80,78
14,post_landing,77,1315.0,60,194.826,486.070,-0.08314,0.00000,0.08314,0.001646,0.011290,0,1,7.56600,7101.376,6.276,25.000,22.010,28.010,41.009,63.007,0.000,0.000,0,1,1.0779,71,142,71,80,78
14,post_landing,78,1332.0,60,194.742,486.065,-0.08704,0.00000,0.08704,0.001844,0.012943,0,1,7.56600,7101.376,6.276,25.000,22.011,28.011,41.010,63.008,0.000,0.000,0,1,1.0779,71,142,71,80,78
14,post_landing,79,1348.0,60,194.655,486.058,-0.09837,0.00000,0.09837,0.002198,0.014795,0,1,7.56600,7101.376,6.276,25.000,22.012,28.012,41.010,63.008,0.000,0.000,0,1,1.0779,71,142,71,80,78
14,post_landing,80,1365.0,60,194.562,486.066,-0.07832,0.00000,0.07832,0.000000,0.016875,0,1,7.56600,7101.376,6.276,25.000,22.014,28.013,41.011,63.008,0.000,0.000,0,1,1.0779,71,142,71,80,78
14,post_landing,81,1381.0,60,194.483,486.050,-0.04742,0.00000,0.04742,0.000000,0.016875,0,1,7.56600,7101.376,6.276,25.000,22.014,28.013,41.011,63.008,0.000,0.000,0,1,1.0779,71,142,71,80,78
14,post_landing,82,1398.0,60,194.435,486.050,-0.02239,0.00000,0.02239,0.000000,0.016875,0,1,7.56600,7101.376,6.276,25.000,22.014,28.013,41.011,63.008,0.000,0.000,0,1,1.0779,71,142,71,80,78
14,post_landing,83,1415.0,60,194.414,486.066,-0.04322,0.00000,0.04322,0.000000,0.016875,0,1,7.56600,7101.376,6.276,25.000,22.014,28.013,41.011,63.008,0.000,0.000,0,1,1.0779,71,142,71,80,78
14,post_landing,84,1432.0,60,194.371,486.050,-0.07195,0.00000,0.07195,0.001695,0.016875,0,1,7.56600,7101.376,6.276,25.000,22.014,28.013,41.011,63.008,0.000,0.000,0,1,1.0779,71,142,71,80,78
14,post_landing,85,1448.0,60,194.299,486.064,-0.05279,0.00000,0.05279,0.000000,0.018578,0,1,7.56600,7101.376,6.276,25.000,22.015,28.014,41.012,63.008,0.000,0.000,0,1,1.0779,71,142,71,80,78
14,post_landing,86,1465.0,60,194.246,486.065,-0.03515,0.00000,0.03515,-0.001296,0.018578,0,1,7.56600,7101.376,6.276,25.000,22.015,28.014,41.012,63.008,0.000,0.000,0,1,1.0779,71,142,71,80,78
14,post_landing,87,1482.0,60,194.212,486.065,-0.01980,0.00000,0.01980,-0.002233,0.017352,0,1,7.56600,7101.376,6.276,25.000,22.014,28.013,41.011,63.008,0.000,0.000,0,1,1.0779,71,142,71,80,78
14,post_landing,88,1498.0,60,194.192,486.057,-0.01450,0.00000,0.01450,-0.001007,0.015108,0,1,7.56600,7101.376,6.276,25.000,22.013,28.012,41.010,63.008,0.000,0.000,0,1,1.0779,71,142,71,80,78
14,post_landing,89,1515.0,60,194.179,486.059,-0.01798,0.00000,0.01798,0.000000,0.014156,0,1,7.56600,7101.376,6.276,25.000,22.012,28.011,41.010,63.008,0.000,0.000,0,1,1.0779,71,142,71,80,78
14,post_landing,90,1532.0,60,194.161,486.061,-0.01428,0.00000,0.01428,0.000000,0.014156,0,1,7.56600,7101.376,6.276,25.000,22.012,28.011,41.010,63.008,0.000,0.000,0,1,1.0779,71,142,71,80,78
14,post_landing,91,1548.0,60,194.146,486.061,-0.03487,0.00000,0.03487,0.001428,0.014156,0,1,7.56600,7101.376,6.276,25.000,22.012,28.011,41.010,63.008,0.000,0.000,0,1,1.0779,71,142,71,80,78
14,post_landing,92,1565.0,60,194.113,486.053,-0.04532,0.00000,0.04532,0.001887,0.015507,0,1,7.56600,7101.376,6.276,25.000,22.013,28.012,41.011,63.008,0.000,0.000,0,1,1.0779,71,142,71,80,78
14,post_landing,93,1582.0,60,194.068,486.068,-0.04506,0.00000,0.04506,0.000000,0.017402,0,1,7.56600,7101.376,6.276,25.000,22.014,28.013,41.011,63.008,0.000,0.000,0,1,1.0779,71,142,71,80,78
14,post_landing,94,1598.0,60,194.023,486.048,-0.05347,0.00000,0.05347,0.000000,0.017402,0,1,7.56600,7101.376,6.276,25.000,22.014,28.013,41.011,63.008,0.000,0.000,0,1,1.0779,71,142,71,80,78
14,post_landing,95,1615.0,60,193.972,486.064,-0.04829,0.00000,0.04829,-0.000862,0.017402,0,1,7.56600,7101.376,6.276,25.000,22.014,28.013,41.011,63.008,0.000,0.000,0,1,1.0779,71,142,71,80,78
14,post_landing,96,1632.0,60,193.923,486.051,-0.04449,0.00000,0.04449,0.000000,0.016536,0,1,7.56600,7101.376,6.276,25.000,22.014,28.013,41.011,63.008,0.000,0.000,0,1,1.0779,71,142,71,80,78
14,post_landing,97,1648.0,60,193.879,486.051,-0.07138,0.00000,0.07138,0.001820,0.016536,0,1,7.56600,7101.376,6.276,25.000,22.014,28.013,41.011,63.008,0.000,0.000,0,1,1.0779,71,142,71,80,78
14,post_landing,98,1665.0,60,193.811,486.061,-0.05703,0.00000,0.05703,0.000000,0.018259,0,1,7.56600,7101.376,6.276,25.000,22.015,28.014,41.011,63.008,0.000,0.000,0,1,1.0779,71,142,71,80,78
14,post_landing,99,1682.0,60,193.754,486.066,-0.04324,0.00000,0.04324,-0.001180,0.018259,0,1,7.56600,7101.376,6.276,25.000,22.015,28.014,41.011,63.008,0.000,0.000,0,1,1.0779,71,142,71,80,78
14,post_landing,100,1698.0,60,193.711,486.049,-0.05123,0.00000,0.05123,0.000000,0.017073,0,1,7.56600,7101.376,6.276,25.000,22.014,28.013,41.011,63.008,0.000,0.000,0,1,1.0779,71,142,71,80,78
14,post_landing,101,1715.0,60,193.659,486.069,-0.03882,0.00000,0.03882,-0.001148,0.017073,0,1,7.56600,7101.376,6.276,25.000,22.014,28.013,41.011,63.008,0.000,0.000,0,1,1.0779,71,142,71,80,78
14,post_landing,102,1732.0,60,193.622,486.051,-0.04768,0.00000,0.04768,0.000000,0.015986,0,1,7.56600,7101.376,6.276,25.000,22.013,28.012,41.011,63.008,0.000,0.000,0,1,1.0779,71,142,71,80,78
14,post_landing,103,1748.0,60,193.574,486.053,-0.03506,0.00000,0.03506,0.000000,0.015986,0,1,7.56600,7101.376,6.276,25.000,22.013,28.012,41.011,63.008,0.000,0.000,0,1,1.0779,71,142,71,80,78
14,post_landing,104,1765.0,60,193.539,486.053,-0.04561,0.00000,0.04561,0.001319,0.015986,0,1,7.56600,7101.376,6.276,25.000,22.013,28.012,41.011,63.008,0.000,0.000,0,1,1.0779,71,142,71,80,78
14,post_landing,105,1782.0,60,193.496,486.065,-0.03227,0.00000,0.03227,0.000000,0.017234,0,1,7.56600,7101.376,6.276,25.000,22.014,28.013,41.011,63.008,0.000,0.000,0,1,1.0779,71,142,71,80,78
14,post_landing,106,1798.0,60,193.464,486.049,-0.04141,0.00000,0.04141,0.000920,0.017234,0,1,7.56600,7101.376,6.276,25.000,22.014,28.013,41.011,63.008,0.000,0.000,0,1,1.0779,71,142,71,80,78
14,post_landing,107,1815.0,60,193.422,486.065,-0.02990,0.00000,0.02990,0.000000,0.018158,0,1,7.56600,7101.376,6.276,25.000,22.015,28.014,41.011,63.008,0.000,0.000,0,1,1.0779,71,142,71,80,78
14,post_landing,108,1832.0,60,193.394,486.062,-0.01876,0.00000,0.01876,-0.001115,0.018158,0,1,7.56600,7101.376,6.276,25.000,22.015,28.014,41.011,63.008,0.000,0.000,0,1,1.0779,71,142,71,80,78
14,post_landing,109,1848.0,60,193.375,486.049,-0.01648,0.00000,0.01648,0.000000,0.017039,0,1,7.56600,7101.376,6.276,25.000,22.014,28.013,41.011,63.008,0.000,0.000,0,1,1.0779,71,142,71,80,78
14,post_landing,110,1865.0,60,193.358,486.069,-0.05671,0.00000,0.05671,0.000000,0.017039,0,1,7.56600,7101.376,6.276,25.000,22.014,28.013,41.011,63.008,0.000,0.000,0,1,1.0779,71,142,71,80,78
14,post_landing,111,1882.0,60,193.305,486.067,-0.04830,0.00000,0.04830,-0.000957,0.017039,0,1,7.56600,7101.376,6.276,25.000,22.014,28.013,41.011,63.008,0.000,0.000,0,1,1.0779,71,142,71,80,78
14,post_landing,112,1898.0,60,193.256,486.053,-0.05831,0.00000,0.05831,0.000000,0.016077,0,1,7.56600,7101.376,6.276,25.000,22.013,28.012,41.011,63.008,0.000,0.000,0,1,1.0779,71,142,71,80,78
14,post_landing,113,1915.0,60,193.198,486.053,-0.07323,0.00000,0.07323,0.001596,0.016077,0,1,7.56600,7101.376,6.276,25.000,22.013,28.012,41.011,63.008,0.000,0.000,0,1,1.0779,71,142,71,80,78
14,post_landing,114,1932.0,60,193.128,486.063,-0.00309,0.00000,0.00309,-0.001616,0.017587,0,1,7.56600,7101.376,6.276,25.000,22.014,28.013,41.011,63.008,0.000,0.000,0,1,1.0779,71,142,71,80,78
14,post_landing,115,1948.0,60,193.125,486.054,0.03164,0.00000,0.03164,-0.001575,0.015964,0,1,7.56600,7101.376,6.276,25.000,22.013,28.012,41.011,63.008,0.000,0.000,0,1,1.0779,71,142,71,80,78
14,post_landing,116,1965.0,60,193.157,486.060,0.03422,0.00000,0.03422,0.000000,0.014382,0,1,7.56600,7101.376,6.276,25.000,22.012,28.011,41.010,63.008,0.000,0.000,0,1,1.0779,71,142,71,80,78
14,post_landing,117,1982.0,60,193.189,486.058,0.02844,0.00000,0.02844,0.000000,0.014382,0,1,7.56600,7101.376,6.276,25.000,22.012,28.011,41.010,63.008,0.000,0.000,0,1,1.0779,71,142,71,80,78
14,post_landing,118,1998.0,60,193.218,486.060,0.03073,0.00000,0.03073,0.000000,0.014382,0,1,7.56600,7101.376,6.276,25.000,22.012,28.011,41.010,63.008,0.000,0.000,0,1,1.0779,71,142,71,80,78
14,post_landing,119,2015.0,60,193.249,486.060,0.04895,0.00000,0.04895,-0.000958,0.014382,0,1,7.56600,7101.376,6.276,25.000,22.012,28.011,41.010,63.008,0.000,0.000,0,1,1.0779,71,142,71,80,78
15,falling,0,39.0,,195.000,97.029,0.00000,0.55000,0.55000,0.000000,0.000000,0,0,5.81400,3593.304,4.465,13.000,13.000,13.000,15.000,25.000,0.000,0.000,0,0,1.5162,55,110,55,55,49
15,falling,1,40.0,,195.000,97.099,0.00000,0.58234,0.58234,0.000000,0.000000,0,0,5.81400,3593.304,4.465,13.000,13.000,13.000,15.000,25.000,0.000,0.000,0,0,1.5162,55,110,55,55,49
15,falling,2,56.0,,195.000,97.906,0.00000,0.84062,0.84062,0.000000,0.000000,0,0,5.81400,3593.304,4.465,13.000,13.000,13.000,15.000,25.000,0.000,0.000,0,0,1.5162,55,110,55,55,49
15,falling,3,73.0,,195.000,99.039,0.00000,1.11110,1.11110,0.000000,0.000000,0,0,5.81400,3593.304,4.465,13.000,13.000,13.000,15.000,25.000,0.000,0.000,0,0,1.5162,55,110,55,55,49
15,falling,4,90.0,,195.000,100.444,0.00000,1.37743,1.37743,0.000000,0.000000,0,0,5.81400,3593.304,4.465,13.000,13.000,13.000,15.000,25.000,0.000,0.000,0,0,1.5162,55,110,55,55,49
15,falling,5,106.0,,195.000,102.003,0.00000,1.62426,1.62426,0.000000,0.000000,0,0,5.81400,3593.304,4.465,13.000,13.000,13.000,15.000,25.000,0.000,0.000,0,0,1.5162,55,110,55,55,49
15,falling,6,123.0,,195.000,103.924,0.00000,1.88274,1.88274,0.000000,0.000000,0,0,5.81400,3593.304,4.465,13.000,13.000,13.000,15.000,25.000,0.000,0.000,0,0,1.5162,55,110,55,55,49
15,falling,7,140.0,,195.000,106.104,0.00000,2.13727,2.13727,0.000000,0.000000,0,0,5.81400,3593.304,4.465,13.000,13.000,13.000,15.000,25.000,0.000,0.000,0,0,1.5162,55,110,55,55,49
15,falling,8,156.0,,195.000,108.382,0.00000,2.37316,2.37316,0.000000,0.000000,0,0,5.81400,3593.304,4.465,13.000,13.000,13.000,15.000,25.000,0.000,0.000,0,0,1.5162,55,110,55,55,49
15,falling,9,173.0,,195.000,111.055,0.00000,2.62018,2.62018,0.000000,0.000000,0,0,5.81400,3593.304,4.465,13.000,13.000,13.000,15.000,25.000,0.000,0.000,0,0,1.5162,55,110,55,55,49
15,falling,10,190.0,,195.000,113.975,0.00000,2.86343,2.86343,0.000000,0.000000,0,0,5.81400,3593.304,4.465,13.000,13.000,13.000,15.000,25.000,0.000,0.000,0,0,1.5162,55,110,55,55,49
15,falling,11,207.0,,195.000,116.941,0.00000,3.08886,3.08886,0.000000,0.000000,0,0,5.81400,3593.304,4.465,13.000,13.000,13.000,15.000,25.000,0.000,0.000,0,0,1.5162,55,110,55,55,49
15,falling,12,223.0,,195.000,120.332,0.00000,3.32494,3.32494,0.000000,0.000000,0,0,5.81400,3593.304,4.465,13.000,13.000,13.000,15.000,25.000,0.000,0.000,0,0,1.5162,55,110,55,55,49
15,falling,13,240.0,,195.000,123.961,0.00000,3.55740,3.55740,0.000000,0.000000,0,0,5.81400,3593.304,4.465,13.000,13.000,13.000,15.000,25.000,0.000,0.000,0,0,1.5162,55,110,55,55,49
15,falling,14,257.0,,195.000,127.583,0.00000,3.77284,3.77284,0.000000,0.000000,0,0,5.81400,3593.304,4.465,13.000,13.000,13.000,15.000,25.000,0.000,0.000,0,0,1.5162,55,110,55,55,49
15,falling,15,273.0,,195.000,131.661,0.00000,3.99845,3.99845,0.000000,0.000000,0,0,5.81400,3593.304,4.465,13.000,13.000,13.000,15.000,25.000,0.000,0.000,0,0,1.5162,55,110,55,55,49
15,falling,16,290.0,,195.000,135.966,0.00000,4.22060,4.22060,0.000000,0.000000,0,0,5.81400,3593.304,4.465,13.000,13.000,13.000,15.000,25.000,0.000,0.000,0,0,1.5162,55,110,55,55,49
15,falling,17,307.0,,195.000,140.215,0.00000,4.42649,4.42649,0.000000,0.000000,0,0,5.81400,3593.304,4.465,13.000,13.000,13.000,15.000,25.000,0.000,0.000,0,0,1.5162,55,110,55,55,49
15,falling,18,323.0,,195.000,144.950,0.00000,4.64210,4.64210,0.000000,0.000000,0,0,5.81400,3593.304,4.465,13.000,13.000,13.000,15.000,25.000,0.000,0.000,0,0,1.5162,55,110,55,55,49
15,falling,19,340.0,,195.000,149.902,0.00000,4.85441,4.85441,0.000000,0.000000,0,0,5.81400,3593.304,4.465,13.000,13.000,13.000,15.000,25.000,0.000,0.000,0,0,1.5162,55,110,55,55,49
15,falling,20,356.0,,195.000,154.751,0.00000,5.05117,5.05117,0.000000,0.000000,0,0,5.81400,3593.304,4.465,13.000,13.000,13.000,15.000,25.000,0.000,0.000,0,0,1.5162,55,110,55,55,49
15,falling,21,373.0,,195.000,160.113,0.00000,5.25722,5.25722,0.000000,0.000000,0,0,5.81400,3593.304,4.465,13.000,13.000,13.000,15.000,25.000,0.000,0.000,0,0,1.5162,55,110,55,55,49
15,falling,22,390.0,,195.000,165.683,0.00000,5.46012,5.46012,0.000000,0.000000,0,0,5.81400,3593.304,4.465,13.000,13.000,13.000,15.000,25.000,0.000,0.000,0,0,1.5162,55,110,55,55,49
15,falling,23,407.0,,195.000,171.105,0.00000,5.64816,5.64816,0.000000,0.000000,0,0,5.81400,3593.304,4.465,13.000,13.000,13.000,15.000,25.000,0.000,0.000,0,0,1.5162,55,110,55,55,49
15,falling,24,423.0,,195.000,177.067,0.00000,5.84508,5.84508,0.000000,0.000000,0,0,5.81400,3593.304,4.465,13.000,13.000,13.000,15.000,25.000,0.000,0.000,0,0,1.5162,55,110,55,55,49
15,falling,25,440.0,,195.000,183.227,0.00000,6.03898,6.03898,0.000000,0.000000,0,0,5.81400,3593.304,4.465,13.000,13.000,13.000,15.000,25.000,0.000,0.000,0,0,1.5162,55,110,55,55,49
15,falling,26,457.0,,195.000,189.197,0.00000,6.21869,6.21869,0.000000,0.000000,0,0,5.81400,3593.304,4.465,13.000,13.000,13.000,15.000,25.000,0.000,0.000,0,0,1.5162,55,110,55,55,49
15,falling,27,473.0,,195.000,195.732,0.00000,6.40688,6.40688,0.000000,0.000000,0,0,5.81400,3593.304,4.465,13.000,13.000,13.000,15.000,25.000,0.000,0.000,0,0,1.5162,55,110,55,55,49
15,falling,28,490.0,,195.000,202.456,0.00000,6.59218,6.59218,0.000000,0.000000,0,0,5.81400,3593.304,4.465,13.000,13.000,13.000,15.000,25.000,0.000,0.000,0,0,1.5162,55,110,55,55,49
15,falling,29,507.0,,195.000,208.949,0.00000,6.76392,6.76392,0.000000,0.000000,0,0,5.81400,3593.304,4.465,13.000,13.000,13.000,15.000,25.000,0.000,0.000,0,0,1.5162,55,110,55,55,49
15,falling,30,523.0,,195.000,216.032,0.00000,6.94377,6.94377,0.000000,0.000000,0,0,5.81400,3593.304,4.465,13.000,13.000,13.000,15.000,25.000,0.000,0.000,0,0,1.5162,55,110,55,55,49
15,falling,31,540.0,,195.000,223.295,0.00000,7.12086,7.12086,0.000000,0.000000,0,0,5.81400,3593.304,4.465,13.000,13.000,13.000,15.000,25.000,0.000,0.000,0,0,1.5162,55,110,55,55,49
15,falling,32,557.0,,195.000,230.289,0.00000,7.28499,7.28499,0.000000,0.000000,0,0,5.81400,3593.304,4.465,13.000,13.000,13.000,15.000,27.000,0.000,0.000,0,0,1.5162,55,110,55,55,49
15,falling,33,573.0,,195.000,237.895,0.00000,7.45686,7.45686,0.000000,0.000000,0,0,5.81400,3593.304,4.465,13.000,13.000,13.000,15.000,27.000,0.000,0.000,0,0,1.5162,55,110,55,55,49
15,falling,34,590.0,,195.000,245.673,0.00000,7.62611,7.62611,0.000000,0.000000,0,0,5.81400,3593.304,4.465,13.000,13.000,13.000,15.000,27.000,0.000,0.000,0,0,1.5162,55,110,55,55,49
15,falling,35,607.0,,195.000,253.145,0.00000,7.78296,7.78296,0.000000,0.000000,0,0,5.81400,3593.304,4.465,13.000,13.000,13.000,15.000,27.000,0.000,0.000,0,0,1.5162,55,110,55,55,49
15,falling,36,623.0,,195.000,261.251,0.00000,7.94721,7.94721,0.000000,0.000000,0,0,5.81400,3593.304,4.465,13.000,13.000,13.000,15.000,27.000,0.000,0.000,0,0,1.5162,55,110,55,55,49
15,falling,37,640.0,,195.000,269.522,0.00000,8.10895,8.10895,0.000000,0.000000,0,0,5.81400,3593.304,4.465,13.000,13.000,13.000,15.000,27.000,0.000,0.000,0,0,1.5162,55,110,55,55,49
15,falling,38,657.0,,195.000,277.451,0.00000,8.25885,8.25885,0.000000,0.000000,0,0,5.81400,3593.304,4.465,13.000,13.000,13.000,15.000,27.000,0.000,0.000,0,0,1.5162,55,110,55,55,49
15,falling,39,673.0,,195.000,286.035,0.00000,8.41582,8.41582,0.000000,0.000000,0,0,5.81400,3593.304,4.465,13.000,13.000,13.000,15.000,27.000,0.000,0.000,0,0,1.5162,55,110,55,55,49
15,falling,40,690.0,,195.000,294.777,0.00000,8.57039,8.57039,0.000000,0.000000,0,0,5.81400,3593.304,4.465,13.000,13.000,13.000,15.000,27.000,0.000,0.000,0,0,1.5162,55,110,55,55,49
15,falling,41,707.0,,195.000,303.142,0.00000,8.71365,8.71365,0.000000,0.000000,0,0,5.81400,3593.304,4.465,13.000,13.000,13.000,15.000,27.000,0.000,0.000,0,0,1.5162,55,110,55,55,49
15,falling,42,723.0,,195.000,312.183,0.00000,8.86366,8.86366,0.000000,0.000000,0,0,5.81400,3593.304,4.465,13.000,13.000,13.000,15.000,27.000,0.000,0.000,0,0,1.5162,55,110,55,55,49
15,falling,43,740.0,,195.000,321.374,0.00000,9.01138,9.01138,0.000000,0.000000,0,0,5.81400,3593.304,4.465,13.000,13.000,13.000,15.000,27.000,0.000,0.000,0,0,1.5162,55,110,55,55,49
15,falling,44,757.0,,195.000,330.157,0.00000,9.14828,9.14828,0.000000,0.000000,0,0,5.81400,3593.304,4.465,13.000,13.000,13.000,15.000,27.000,0.000,0.000,0,0,1.5162,55,110,55,55,49
15,falling,45,773.0,,195.000,339.634,0.00000,9.29165,9.29165,0.000000,0.000000,0,0,5.81400,3593.304,4.465,13.000,13.000,13.000,15.000,27.000,0.000,0.000,0,0,1.5162,55,110,55,55,49
15,falling,46,790.0,,195.000,349.256,0.00000,9.43282,9.43282,0.000000,0.000000,0,0,5.81400,3593.304,4.465,13.000,13.000,13.000,15.000,27.000,0.000,0.000,0,0,1.5162,55,110,55,55,49
15,falling,47,807.0,,195.000,358.437,0.00000,9.56365,9.56365,0.000000,0.000000,0,0,5.81400,3593.304,4.465,13.000,13.000,13.000,15.000,27.000,0.000,0.000,0,0,1.5162,55,110,55,55,49
15,falling,48,823.0,,195.000,368.331,0.00000,9.70066,9.70066,0.000000,0.000000,0,0,5.81400,3593.304,4.465,13.000,13.000,13.000,15.000,27.000,0.000,0.000,0,0,1.5162,55,110,55,55,49
15,falling,49,840.0,,195.000,378.364,0.00000,9.83558,9.83558,0.000000,0.000000,0,0,5.81400,3593.304,4.465,13.000,13.000,13.000,15.000,27.000,0.000,0.000,0,0,1.5162,55,110,55,55,49
15,falling,50,857.0,,195.000,387.926,0.00000,9.96061,9.96061,0.000000,0.000000,0,0,5.81400,3593.304,4.465,13.000,13.000,13.000,15.000,27.000,0.000,0.000,0,0,1.5162,55,110,55,55,49
15,falling,51,873.0,,195.000,398.219,0.00000,10.09155,10.09155,0.000000,0.000000,0,0,5.81400,3593.304,4.465,13.000,13.000,13.000,15.000,27.000,0.000,0.000,0,0,1.5162,55,110,55,55,49
15,falling,52,890.0,,195.000,408.644,0.00000,10.22048,10.22048,0.000000,0.000000,0,0,5.81400,3593.304,4.465,13.000,13.000,13.000,15.000,27.000,0.000,0.000,0,0,1.5162,55,110,55,55,49
15,falling,53,907.0,,195.000,418.570,0.00000,10.33997,10.33997,0.000000,0.000000,0,0,5.81400,3593.304,4.465,13.000,13.000,13.000,15.000,27.000,0.000,0.000,0,0,1.5162,55,110,55,55,49
15,falling,54,923.0,,195.000,429.245,0.00000,10.46510,10.46510,0.000000,0.000000,0,0,5.81400,3593.304,4.465,13.000,13.000,13.000,15.000,27.000,0.000,0.000,0,0,1.5162,55,110,55,55,49
15,falling,55,940.0,,195.000,440.045,0.00000,10.58832,10.58832,0.000000,0.000000,0,0,5.81400,3593.304,4.465,13.000,13.000,13.000,15.000,27.000,0.000,0.000,0,0,1.5162,55,110,55,55,49
15,falling,56,957.0,,195.000,450.319,0.00000,10.70251,10.70251,0.000000,0.000000,0,0,5.81400,3593.304,4.465,13.000,13.000,13.000,15.000,27.000,0.000,0.000,0,0,1.5162,55,110,55,55,49
15,falling,57,973.0,,195.000,461.358,0.00000,10.82210,10.82210,0.000000,0.000000,0,0,5.81400,3593.304,4.465,13.000,13.000,13.000,15.000,27.000,0.000,0.000,0,0,1.5162,55,110,55,55,49
15,falling,58,990.0,,195.000,472.517,0.00000,10.93985,10.93985,0.000000,0.000000,0,0,5.81400,3593.304,4.465,13.000,13.000,13.000,15.000,27.000,0.000,0.000,0,0,1.5162,55,110,55,55,49
15,post_landing,59,1007.0,59,195.000,483.116,-2.41531,0.44588,2.45612,-0.031504,0.000000,0,1,5.81400,3593.304,4.465,13.000,13.000,13.000,15.000,27.000,0.000,0.000,0,1,1.5162,55,110,55,55,49
15,post_landing,60,1023.0,59,192.574,483.477,-2.01688,0.22835,2.02977,-0.019901,-0.031643,0,1,5.81400,3593.304,4.465,13.000,13.025,13.025,15.119,27.240,0.000,0.000,0,1,1.5162,55,110,55,55,49
15,post_landing,61,1040.0,59,190.548,483.742,-1.75063,0.14575,1.75669,-0.012443,-0.051631,0,1,5.81400,3593.304,4.465,13.000,13.034,13.034,15.186,27.377,0.000,0.000,0,1,1.5162,55,110,55,55,49
15,post_landing,62,1057.0,59,188.892,483.891,-1.49925,0.11242,1.50346,-0.009469,-0.063404,0,1,5.81400,3593.304,4.465,13.000,13.037,13.037,15.223,30.510,0.000,0.000,0,1,1.5162,55,110,55,55,49
15,post_landing,63,1073.0,59,187.386,484.022,-1.28143,0.09774,1.28515,-0.008018,-0.072915,0,1,5.81400,3593.304,4.465,13.000,13.038,13.038,15.252,30.576,0.000,0.000,0,1,1.5162,55,110,55,55,49
15,post_landing,64,1090.0,59,186.099,484.132,-1.09709,0.08786,1.10060,-0.007084,-0.080967,0,1,5.81400,3593.304,4.465,13.000,0.081,13.038,15.274,30.630,0.000,0.000,0,1,1.5162,55,110,55,55,49
15,post_landing,65,1107.0,59,185.061,484.221,-0.94207,0.16247,0.95597,-0.011691,-0.087670,0,1,5.81400,3593.304,4.465,13.000,0.088,13.038,15.293,30.673,0.000,0.000,0,1,1.5162,55,110,55,55,49
15,post_landing,66,1123.0,59,184.115,484.393,-0.83450,0.20321,0.85888,-0.014164,-0.099412,0,1,5.81400,3593.304,4.465,13.000,0.099,13.035,15.323,34.825,0.000,0.000,0,1,1.5162,55,110,55,55,49
15,post_landing,67,1140.0,59,183.277,484.603,-0.70251,0.23181,0.73977,-0.017824,-0.113638,0,1,5.81400,3593.304,4.465,13.000,0.113,13.030,15.357,34.915,0.000,0.000,0,1,1.5162,55,110,55,55,49
15,post_landing,68,1157.0,59,182.612,484.854,-0.56132,0.12519,0.57511,-0.024644,-0.130503,0,1,5.81400,3593.304,4.465,13.000,0.130,13.020,15.393,38.117,0.000,0.000,0,1,1.5162,55,110,55,55,49
15,post_landing,69,1173.0,59,182.048,485.239,-0.49785,0.11998,0.51210,-0.025234,-0.155255,0,1,5.81400,3593.304,4.465,13.000,0.155,0.988,15.438,42.362,0.000,0.000,0,1,1.5162,55,110,55,55,49
15,post_landing,70,1190.0,59,181.548,485.665,-0.47255,0.12241,0.48815,-0.024192,-0.180601,0,1,5.81400,3593.304,4.465,13.000,0.180,0.984,15.475,47.767,0.000,0.000,0,1,1.5162,55,110,55,55,49
15,post_landing,71,1207.0,59,181.101,486.070,-0.45652,0.14277,0.47832,-0.022412,-0.203491,0,1,5.81400,3593.304,4.465,13.000,0.202,0.979,15.499,47.880,0.000,0.000,0,1,1.5162,55,110,55,55,49
15,post_landing,72,1223.0,59,180.642,486.495,-0.42635,0.13704,0.44783,-0.022985,-0.226001,0,1,5.81400,3593.304,4.465,13.000,0.224,0.975,15.515,49.390,0.000,0.000,0,1,1.5162,55,110,55,55,49
15,post_landing,73,1240.0,59,180.214,486.939,-0.40102,0.15397,0.42957,-0.022873,-0.249087,0,1,5.81400,3593.304,4.465,13.000,0.247,0.969,25.954,49.494,0.000,0.000,0,1,1.5162,55,110,55,55,49
15,post_landing,74,1258.0,59,179.835,487.372,-0.39430,0.17777,0.43252,-0.021486,-0.270729,0,1,5.81400,3593.304,4.465,13.000,0.267,0.964,28.156,51.065,0.000,0.000,0,1,1.5162,55,110,55,55,49
15,post_landing,75,1273.0,59,179.439,487.829,-0.35807,0.18988,0.40530,-0.022570,-0.292309,0,1,5.81400,3593.304,4.465,13.000,0.288,0.958,48.083,52.397,0.000,0.000,0,1,1.5162,55,110,55,55,49
15,post_landing,76,1290.0,59,179.079,488.315,-0.38043,0.21189,0.43546,-0.020692,-0.314979,0,1,5.81400,3593.304,4.465,13.000,0.310,0.951,36.355,53.736,0.000,0.000,0,1,1.5162,55,110,55,55,49
15,post_landing,77,1307.0,59,178.719,488.752,-0.40075,0.24632,0.47040,-0.018371,-0.334557,0,1,5.81400,3593.304,4.465,13.000,0.328,0.945,37.985,55.068,0.000,0.000,0,1,1.5162,55,110,55,55,49
15,post_landing,78,1323.0,59,178.317,489.183,-0.40961,0.26786,0.48942,-0.017800,-0.353009,0,1,5.81400,3593.304,4.465,13.000,0.346,36.398,38.028,55.115,0.000,0.000,0,1,1.5162,55,110,55,55,49
15,post_landing,79,1340.0,59,177.905,489.605,-0.41276,0.28534,0.50179,-0.017690,-0.370887,0,1,5.81400,3593.304,4.465,13.000,33.604,36.400,38.057,58.095,0.000,0.000,0,1,1.5162,55,110,55,55,49
15,post_landing,80,1357.0,59,177.515,490.005,-0.41154,0.29860,0.50846,-0.017447,-0.387625,0,1,5.81400,3593.304,4.465,13.000,35.844,38.073,41.059,58.140,0.000,0.000,0,1,1.5162,55,110,55,55,49
15,post_landing,81,1373.0,59,177.101,490.342,-0.28813,-0.06054,0.29442,-0.007759,-0.405149,0,1,5.81400,3593.304,4.465,13.000,35.847,38.079,41.099,58.169,0.000,0.000,0,4,1.5162,55,110,55,55,49
15,post_landing,82,1390.0,59,176.812,490.247,-0.22584,-0.03680,0.22882,-0.003835,-0.412942,0,1,5.81400,3593.304,4.465,13.000,35.844,38.078,41.113,59.895,0.000,0.000,0,3,1.5162,55,110,55,55,49
15,post_landing,83,1407.0,59,176.598,490.210,-0.03586,-0.01707,0.03972,-0.006990,-0.416571,0,1,5.81400,3593.304,4.465,13.000,35.843,38.076,42.438,59.902,0.000,0.000,0,3,1.5162,55,110,55,55,49
15,post_landing,84,1423.0,59,176.562,490.161,-0.01614,0.00000,0.01614,-0.002312,-0.423592,0,1,5.81400,3593.304,4.465,13.000,35.838,37.572,42.451,59.914,0.000,0.000,0,3,1.5162,55,110,55,55,49
15,post_landing,85,1440.0,59,176.546,490.142,-0.09647,0.02900,0.10074,0.004781,-0.425913,0,1,5.81400,3593.304,4.465,13.000,35.836,37.573,42.455,59.918,0.000,0.000,0,3,1.5162,55,110,55,55,49
15,post_landing,86,1457.0,59,176.455,490.171,-0.10252,-0.02300,0.10507,0.007877,-0.421390,0,1,5.81400,3593.304,4.465,13.000,35.840,37.570,42.447,59.911,0.000,0.000,0,3,1.5162,55,110,55,55,49
15,post_landing,87,1474.0,59,176.352,490.234,-0.21723,0.06274,0.22611,0.012291,-0.413478,0,1,5.81400,3593.304,4.465,13.000,35.844,38.077,42.432,59.896,0.000,0.000,0,3,1.5162,55,110,55,55,49
15,post_landing,88,1490.0,59,176.134,490.342,-0.08161,0.00000,0.08161,0.000000,-0.401133,0,1,5.81400,3593.304,4.465,13.000,35.847,38.079,41.091,58.164,0.000,0.000,0,4,1.5162,55,110,55,55,49
15,post_landing,89,1507.0,59,176.056,490.341,0.00141,0.00000,0.00141,0.000000,-0.401133,0,1,5.81400,3593.304,4.465,13.000,35.847,38.079,41.091,58.164,0.000,0.000,0,4,1.5162,55,110,55,55,49
15,post_landing,90,1523.0,59,176.058,490.345,-0.09747,-0.02466,0.10054,0.001481,-0.401133,0,1,5.81400,3593.304,4.465,13.000,35.847,38.079,41.091,58.164,0.000,0.000,0,4,1.5162,55,110,55,55,49
15,post_landing,91,1540.0,59,175.960,490.344,-0.01417,0.00000,0.01417,0.000000,-0.399646,0,1,5.81400,3593.304,4.465,13.000,35.847,38.078,41.088,58.162,0.000,0.000,0,4,1.5162,55,110,55,55,49
15,post_landing,92,1557.0,59,175.946,490.341,0.00294,0.00000,0.00294,0.000000,-0.399646,0,1,5.81400,3593.304,4.465,13.000,35.847,38.078,41.088,58.162,0.000,0.000,0,4,1.5162,55,110,55,55,49
15,post_landing,93,1573.0,59,175.949,490.345,0.03668,0.00000,0.03668,0.000000,-0.399646,0,1,5.81400,3593.304,4.465,13.000,35.847,38.078,41.088,58.162,0.000,0.000,0,4,1.5162,55,110,55,55,49
15,post_landing,94,1590.0,59,175.986,490.346,0.00766,0.00000,0.00766,0.000000,-0.399646,0,1,5.81400,3593.304,4.465,13.000,35.847,38.078,41.088,58.162,0.000,0.000,0,4,1.5162,55,110,55,55,49
15,post_landing,95,1607.0,59,175.994,490.342,0.00199,0.00000,0.00199,0.000000,-0.399646,0,1,5.81400,3593.304,4.465,13.000,35.847,38.078,41.088,58.162,0.000,0.000,0,4,1.5162,55,110,55,55,49
15,post_landing,96,1623.0,59,175.996,490.345,0.00082,0.00000,0.00082,0.000000,-0.399646,0,1,5.81400,3593.304,4.465,13.000,35.847,38.078,41.088,58.162,0.000,0.000,0,4,1.5162,55,110,55,55,49
15,post_landing,97,1640.0,59,175.996,490.346,0.00002,0.00000,0.00002,0.000000,-0.399646,0,1,5.81400,3593.304,4.465,13.000,35.847,38.078,41.088,58.162,0.000,0.000,0,4,1.5162,55,110,55,55,49
15,post_landing,98,1657.0,59,175.996,490.342,0.00079,0.00000,0.00079,0.000000,-0.399646,0,1,5.81400,3593.304,4.465,13.000,35.847,38.078,41.088,58.162,0.000,0.000,0,4,1.5162,55,110,55,55,49
15,post_landing,99,1673.0,59,175.997,490.345,0.00102,0.00000,0.00102,0.000000,-0.399646,0,1,5.81400,3593.304,4.465,13.000,35.847,38.078,41.088,58.162,0.000,0.000,0,4,1.5162,55,110,55,55,49
15,post_landing,100,1690.0,59,175.998,490.346,-0.00101,0.00000,0.00101,0.000000,-0.399646,0,1,5.81400,3593.304,4.465,13.000,35.847,38.078,41.088,58.162,0.000,0.000,0,4,1.5162,55,110,55,55,49
15,post_landing,101,1707.0,59,175.997,490.342,0.00160,0.00000,0.00160,0.000000,-0.399646,0,1,5.81400,3593.304,4.465,13.000,35.847,38.078,41.088,58.162,0.000,0.000,0,4,1.5162,55,110,55,55,49
15,post_landing,102,1723.0,59,175.999,490.345,0.00116,0.00000,0.00116,0.000000,-0.399646,0,1,5.81400,3593.304,4.465,13.000,35.847,38.078,41.088,58.162,0.000,0.000,0,4,1.5162,55,110,55,55,49
15,post_landing,103,1740.0,59,176.000,490.346,-0.00126,0.00000,0.00126,0.000000,-0.399646,0,1,5.81400,3593.304,4.465,13.000,35.847,38.078,41.088,58.162,0.000,0.000,0,4,1.5162,55,110,55,55,49
15,post_landing,104,1757.0,59,175.999,490.342,0.00183,0.00000,0.00183,0.000000,-0.399646,0,1,5.81400,3593.304,4.465,13.000,35.847,38.078,41.088,58.162,0.000,0.000,0,4,1.5162,55,110,55,55,49
15,post_landing,105,1774.0,59,176.001,490.345,0.00119,0.00000,0.00119,0.000000,-0.399646,0,1,5.81400,3593.304,4.465,13.000,35.847,38.078,41.088,58.162,0.000,0.000,0,4,1.5162,55,110,55,55,49
15,post_landing,106,1790.0,59,176.002,490.346,-0.00133,0.00000,0.00133,0.000000,-0.399646,0,1,5.81400,3593.304,4.465,13.000,35.847,38.078,41.088,58.162,0.000,0.000,0,4,1.5162,55,110,55,55,49
15,post_landing,107,1807.0,59,176.001,490.346,0.00079,0.00000,0.00079,0.000000,-0.399646,0,1,5.81400,3593.304,4.465,13.000,35.847,38.078,41.088,58.162,0.000,0.000,0,4,1.5162,55,110,55,55,49
15,post_landing,108,1824.0,59,176.001,490.342,-0.00015,0.00000,0.00015,0.000000,-0.399646,0,1,5.81400,3593.304,4.465,13.000,35.847,38.078,41.088,58.162,0.000,0.000,0,4,1.5162,55,110,55,55,49
15,post_landing,109,1840.0,59,176.001,490.345,0.00058,0.00000,0.00058,0.000000,-0.399646,0,1,5.81400,3593.304,4.465,13.000,35.847,38.078,41.088,58.162,0.000,0.000,0,4,1.5162,55,110,55,55,49
15,post_landing,110,1857.0,59,176.002,490.346,-0.00031,0.00000,0.00031,0.000000,-0.399646,0,1,5.81400,3593.304,4.465,13.000,35.847,38.078,41.088,58.162,0.000,0.000,0,4,1.5162,55,110,55,55,49
15,post_landing,111,1874.0,59,176.001,490.342,0.00099,0.00000,0.00099,0.000000,-0.399646,0,1,5.81400,3593.304,4.465,13.000,35.847,38.078,41.088,58.162,0.000,0.000,0,4,1.5162,55,110,55,55,49
15,post_landing,112,1890.0,59,176.002,490.345,0.00105,0.00000,0.00105,0.000000,-0.399646,0,1,5.81400,3593.304,4.465,13.000,35.847,38.078,41.088,58.162,0.000,0.000,0,4,1.5162,55,110,55,55,49
15,post_landing,113,1907.0,59,176.003,490.346,-0.00107,0.00000,0.00107,0.000000,-0.399646,0,1,5.81400,3593.304,4.465,13.000,35.847,38.078,41.088,58.162,0.000,0.000,0,4,1.5162,55,110,55,55,49
15,post_landing,114,1924.0,59,176.002,490.342,0.00165,0.00000,0.00165,0.000000,-0.399646,0,1,5.81400,3593.304,4.465,13.000,35.847,38.078,41.088,58.162,0.000,0.000,0,4,1.5162,55,110,55,55,49
15,post_landing,115,1940.0,59,176.004,490.345,0.00117,0.00000,0.00117,0.000000,-0.399646,0,1,5.81400,3593.304,4.465,13.000,35.847,38.078,41.088,58.162,0.000,0.000,0,4,1.5162,55,110,55,55,49
15,post_landing,116,1957.0,59,176.005,490.346,-0.00128,0.00000,0.00128,0.000000,-0.399646,0,1,5.81400,3593.304,4.465,13.000,35.847,38.078,41.088,58.162,0.000,0.000,0,4,1.5162,55,110,55,55,49
15,post_landing,117,1974.0,59,176.004,490.342,0.00184,0.00000,0.00184,0.000000,-0.399646,0,1,5.81400,3593.304,4.465,13.000,35.847,38.078,41.088,58.162,0.000,0.000,0,4,1.5162,55,110,55,55,49
15,post_landing,118,1990.0,59,176.006,490.345,0.00119,0.00000,0.00119,0.000000,-0.399646,0,1,5.81400,3593.304,4.465,13.000,35.847,38.078,41.088,58.162,0.000,0.000,0,4,1.5162,55,110,55,55,49
16,falling,0,28.0,,195.000,97.029,0.00000,0.55000,0.55000,0.000000,0.000000,0,0,3.30600,3597.108,6.323,12.000,12.000,15.000,21.000,23.000,0.000,0.000,0,0,2.0291,49,98,49,49,48
16,falling,1,42.0,,195.000,97.681,0.00000,0.77640,0.77640,0.000000,0.000000,0,0,3.30600,3597.108,6.323,12.000,12.000,15.000,21.000,23.000,0.000,0.000,0,0,2.0291,49,98,49,49,48
16,falling,2,59.0,,195.000,98.750,0.00000,1.04786,1.04786,0.000000,0.000000,0,0,3.30600,3597.108,6.323,12.000,12.000,15.000,21.000,23.000,0.000,0.000,0,0,2.0291,49,98,49,49,48
16,falling,3,75.0,,195.000,99.997,0.00000,1.29944,1.29944,0.000000,0.000000,0,0,3.30600,3597.108,6.323,12.000,12.000,15.000,21.000,23.000,0.000,0.000,0,0,2.0291,49,98,49,49,48
16,falling,4,92.0,,195.000,101.592,0.00000,1.56289,1.56289,0.000000,0.000000,0,0,3.30600,3597.108,6.323,12.000,12.000,15.000,21.000,23.000,0.000,0.000,0,0,2.0291,49,98,49,49,48
16,falling,5,109.0,,195.000,103.450,0.00000,1.82231,1.82231,0.000000,0.000000,0,0,3.30600,3597.108,6.323,12.000,12.000,15.000,21.000,23.000,0.000,0.000,0,0,2.0291,49,98,49,49,48
16,falling,6,126.0,,195.000,105.431,0.00000,2.06273,2.06273,0.000000,0.000000,0,0,3.30600,3597.108,6.323,12.000,12.000,15.000,21.000,23.000,0.000,0.000,0,0,2.0291,49,98,49,49,48
16,falling,7,142.0,,195.000,107.791,0.00000,2.31451,2.31451,0.000000,0.000000,0,0,3.30600,3597.108,6.323,12.000,12.000,15.000,21.000,23.000,0.000,0.000,0,0,2.0291,49,98,49,49,48
16,falling,8,159.0,,195.000,110.405,0.00000,2.56243,2.56243,0.000000,0.000000,0,0,3.30600,3597.108,6.323,12.000,12.000,15.000,21.000,23.000,0.000,0.000,0,0,2.0291,49,98,49,49,48
16,falling,9,176.0,,195.000,113.086,0.00000,2.79220,2.79220,0.000000,0.000000,0,0,3.30600,3597.108,6.323,12.000,12.000,15.000,21.000,23.000,0.000,0.000,0,0,2.0291,49,98,49,49,48
16,falling,10,192.0,,195.000,116.179,0.00000,3.03281,3.03281,0.000000,0.000000,0,0,3.30600,3597.108,6.323,12.000,12.000,15.000,21.000,23.000,0.000,0.000,0,0,2.0291,49,98,49,49,48
16,falling,11,209.0,,195.000,119.514,0.00000,3.26974,3.26974,0.000000,0.000000,0,0,3.30600,3597.108,6.323,12.000,12.000,15.000,21.000,23.000,0.000,0.000,0,0,2.0291,49,98,49,49,48
16,falling,12,226.0,,195.000,122.864,0.00000,3.48932,3.48932,0.000000,0.000000,0,0,3.30600,3597.108,6.323,12.000,12.000,15.000,21.000,23.000,0.000,0.000,0,0,2.0291,49,98,49,49,48
16,falling,13,242.0,,195.000,126.658,0.00000,3.71927,3.71927,0.000000,0.000000,0,0,3.30600,3597.108,6.323,12.000,12.000,15.000,21.000,23.000,0.000,0.000,0,0,2.0291,49,98,49,49,48
16,falling,14,259.0,,195.000,130.682,0.00000,3.94570,3.94570,0.000000,0.000000,0,0,3.30600,3597.108,6.323,12.000,12.000,15.000,21.000,23.000,0.000,0.000,0,0,2.0291,49,98,49,49,48
16,falling,15,276.0,,195.000,134.672,0.00000,4.15555,4.15555,0.000000,0.000000,0,0,3.30600,3597.108,6.323,12.000,12.000,15.000,21.000,23.000,0.000,0.000,0,0,2.0291,49,98,49,49,48
16,falling,16,292.0,,195.000,139.134,0.00000,4.37530,4.37530,0.000000,0.000000,0,0,3.30600,3597.108,6.323,12.000,12.000,15.000,21.000,23.000,0.000,0.000,0,0,2.0291,49,98,49,49,48
16,falling,17,309.0,,195.000,143.818,0.00000,4.59169,4.59169,0.000000,0.000000,0,0,3.30600,3597.108,6.323,12.000,12.000,15.000,21.000,23.000,0.000,0.000,0,0,2.0291,49,98,49,49,48
16,falling,18,326.0,,195.000,148.418,0.00000,4.79224,4.79224,0.000000,0.000000,0,0,3.30600,3597.108,6.323,12.000,12.000,15.000,21.000,23.000,0.000,0.000,0,0,2.0291,49,98,49,49,48
16,falling,19,342.0,,195.000,153.521,0.00000,5.00225,5.00225,0.000000,0.000000,0,0,3.30600,3597.108,6.323,12.000,12.000,15.000,21.000,23.000,0.000,0.000,0,0,2.0291,49,98,49,49,48
16,falling,20,359.0,,195.000,158.834,0.00000,5.20905,5.20905,0.000000,0.000000,0,0,3.30600,3597.108,6.323,12.000,12.000,15.000,21.000,23.000,0.000,0.000,0,0,2.0291,49,98,49,49,48
16,falling,21,376.0,,195.000,164.019,0.00000,5.40071,5.40071,0.000000,0.000000,0,0,3.30600,3597.108,6.323,12.000,12.000,15.000,21.000,23.000,0.000,0.000,0,0,2.0291,49,98,49,49,48
16,falling,22,392.0,,195.000,169.732,0.00000,5.60141,5.60141,0.000000,0.000000,0,0,3.30600,3597.108,6.323,12.000,12.000,15.000,21.000,23.000,0.000,0.000,0,0,2.0291,49,98,49,49,48
16,falling,23,409.0,,195.000,175.647,0.00000,5.79904,5.79904,0.000000,0.000000,0,0,3.30600,3597.108,6.323,12.000,12.000,15.000,21.000,23.000,0.000,0.000,0,0,2.0291,49,98,49,49,48
16,falling,24,426.0,,195.000,181.390,0.00000,5.98220,5.98220,0.000000,0.000000,0,0,3.30600,3597.108,6.323,12.000,12.000,15.000,21.000,23.000,0.000,0.000,0,0,2.0291,49,98,49,49,48
16,falling,25,442.0,,195.000,187.687,0.00000,6.17401,6.17401,0.000000,0.000000,0,0,3.30600,3597.108,6.323,12.000,12.000,15.000,21.000,23.000,0.000,0.000,0,0,2.0291,49,98,49,49,48
16,falling,26,459.0,,195.000,194.178,0.00000,6.36288,6.36288,0.000000,0.000000,0,0,3.30600,3597.108,6.323,12.000,12.000,15.000,21.000,23.000,0.000,0.000,0,0,2.0291,49,98,49,49,48
16,falling,27,476.0,,195.000,200.454,0.00000,6.53792,6.53792,0.000000,0.000000,0,0,3.30600,3597.108,6.323,12.000,12.000,15.000,21.000,23.000,0.000,0.000,0,0,2.0291,49,98,49,49,48
16,falling,28,492.0,,195.000,207.310,0.00000,6.72122,6.72122,0.000000,0.000000,0,0,3.30600,3597.108,6.323,12.000,12.000,15.000,21.000,23.000,0.000,0.000,0,0,2.0291,49,98,49,49,48
16,falling,29,509.0,,195.000,214.349,0.00000,6.90172,6.90172,0.000000,0.000000,0,0,3.30600,3597.108,6.323,12.000,12.000,15.000,21.000,23.000,0.000,0.000,0,0,2.0291,49,98,49,49,48
16,falling,30,526.0,,195.000,221.136,0.00000,7.06900,7.06900,0.000000,0.000000,0,0,3.30600,3597.108,6.323,12.000,12.000,15.000,21.000,23.000,0.000,0.000,0,0,2.0291,49,98,49,49,48
16,falling,31,542.0,,195.000,228.525,0.00000,7.24418,7.24418,0.000000,0.000000,0,0,3.30600,3597.108,6.323,12.000,12.000,15.000,21.000,23.000,0.000,0.000,0,0,2.0291,49,98,49,49,48
16,falling,32,559.0,,195.000,236.090,0.00000,7.41668,7.41668,0.000000,0.000000,0,0,3.30600,3597.108,6.323,12.000,12.000,15.000,21.000,23.000,0.000,0.000,0,0,2.0291,49,98,49,49,48
16,falling,33,576.0,,195.000,243.363,0.00000,7.57654,7.57654,0.000000,0.000000,0,0,3.30600,3597.108,6.323,12.000,12.000,15.000,21.000,23.000,0.000,0.000,0,0,2.0291,49,98,49,49,48
16,falling,34,592.0,,195.000,251.262,0.00000,7.74396,7.74396,0.000000,0.000000,0,0,3.30600,3597.108,6.323,12.000,12.000,15.000,21.000,23.000,0.000,0.000,0,0,2.0291,49,98,49,49,48
16,falling,35,609.0,,195.000,259.329,0.00000,7.90881,7.90881,0.000000,0.000000,0,0,3.30600,3597.108,6.323,12.000,12.000,15.000,21.000,23.000,0.000,0.000,0,0,2.0291,49,98,49,49,48
16,falling,36,626.0,,195.000,267.068,0.00000,8.06159,8.06159,0.000000,0.000000,0,0,3.30600,3597.108,6.323,12.000,12.000,15.000,21.000,23.000,0.000,0.000,0,0,2.0291,49,98,49,49,48
16,falling,37,642.0,,195.000,275.454,0.00000,8.22158,8.22158,0.000000,0.000000,0,0,3.30600,3597.108,6.323,12.000,12.000,15.000,21.000,23.000,0.000,0.000,0,0,2.0291,49,98,49,49,48
16,falling,38,659.0,,195.000,284.001,0.00000,8.37912,8.37912,0.000000,0.000000,0,0,3.30600,3597.108,6.323,12.000,12.000,15.000,21.000,23.000,0.000,0.000,0,0,2.0291,49,98,49,49,48
16,falling,39,676.0,,195.000,292.185,0.00000,8.52513,8.52513,0.000000,0.000000,0,0,3.30600,3597.108,6.323,12.000,12.000,15.000,21.000,23.000,0.000,0.000,0,0,2.0291,49,98,49,49,48
16,falling,40,692.0,,195.000,301.037,0.00000,8.67803,8.67803,0.000000,0.000000,0,0,3.30600,3597.108,6.323,12.000,12.000,15.000,21.000,23.000,0.000,0.000,0,0,2.0291,49,98,49,49,48
16,falling,41,709.0,,195.000,310.042,0.00000,8.82859,8.82859,0.000000,0.000000,0,0,3.30600,3597.108,6.323,12.000,12.000,15.000,21.000,23.000,0.000,0.000,0,0,2.0291,49,98,49,49,48
16,falling,42,726.0,,195.000,318.651,0.00000,8.96812,8.96812,0.000000,0.000000,0,0,3.30600,3597.108,6.323,12.000,12.000,15.000,21.000,23.000,0.000,0.000,0,0,2.0291,49,98,49,49,48
16,falling,43,742.0,,195.000,327.948,0.00000,9.11424,9.11424,0.000000,0.000000,0,0,3.30600,3597.108,6.323,12.000,12.000,15.000,21.000,23.000,0.000,0.000,0,0,2.0291,49,98,49,49,48
16,falling,44,759.0,,195.000,337.391,0.00000,9.25813,9.25813,0.000000,0.000000,0,0,3.30600,3597.108,6.323,12.000,12.000,15.000,21.000,23.000,0.000,0.000,0,0,2.0291,49,98,49,49,48
16,falling,45,776.0,,195.000,346.407,0.00000,9.39148,9.39148,0.000000,0.000000,0,0,3.30600,3597.108,6.323,12.000,12.000,15.000,21.000,23.000,0.000,0.000,0,0,2.0291,49,98,49,49,48
16,falling,46,792.0,,195.000,356.128,0.00000,9.53112,9.53112,0.000000,0.000000,0,0,3.30600,3597.108,6.323,12.000,12.000,15.000,21.000,23.000,0.000,0.000,0,0,2.0291,49,98,49,49,48
16,falling,47,809.0,,195.000,365.990,0.00000,9.66863,9.66863,0.000000,0.000000,0,0,3.30600,3597.108,6.323,12.000,12.000,15.000,21.000,23.000,0.000,0.000,0,0,2.0291,49,98,49,49,48
16,falling,48,826.0,,195.000,375.395,0.00000,9.79607,9.79607,0.000000,0.000000,0,0,3.30600,3597.108,6.323,12.000,12.000,15.000,21.000,23.000,0.000,0.000,0,0,2.0291,49,98,49,49,48
16,falling,49,842.0,,195.000,385.523,0.00000,9.92952,9.92952,0.000000,0.000000,0,0,3.30600,3597.108,6.323,12.000,12.000,15.000,21.000,23.000,0.000,0.000,0,0,2.0291,49,98,49,49,48
16,falling,50,859.0,,195.000,395.785,0.00000,10.06093,10.06093,0.000000,0.000000,0,0,3.30600,3597.108,6.323,12.000,12.000,15.000,21.000,23.000,0.000,0.000,0,0,2.0291,49,98,49,49,48
16,falling,51,876.0,,195.000,405.560,0.00000,10.18272,10.18272,0.000000,0.000000,0,0,3.30600,3597.108,6.323,12.000,12.000,15.000,21.000,23.000,0.000,0.000,0,0,2.0291,49,98,49,49,48
16,falling,52,892.0,,195.000,416.077,0.00000,10.31026,10.31026,0.000000,0.000000,0,0,3.30600,3597.108,6.323,12.000,12.000,15.000,21.000,23.000,0.000,0.000,0,0,2.0291,49,98,49,49,48
16,falling,53,909.0,,195.000,426.721,0.00000,10.43585,10.43585,0.000000,0.000000,0,0,3.30600,3597.108,6.323,12.000,12.000,15.000,21.000,23.000,0.000,0.000,0,0,2.0291,49,98,49,49,48
16,falling,54,926.0,,195.000,436.852,0.00000,10.55224,10.55224,0.000000,0.000000,0,0,3.30600,3597.108,6.323,12.000,12.000,15.000,21.000,23.000,0.000,0.000,0,0,2.0291,49,98,49,49,48
16,falling,55,942.0,,195.000,447.739,0.00000,10.67412,10.67412,0.000000,0.000000,0,0,3.30600,3597.108,6.323,12.000,12.000,15.000,21.000,23.000,0.000,0.000,0,0,2.0291,49,98,49,49,48
16,falling,56,959.0,,195.000,458.749,0.00000,10.79414,10.79414,0.000000,0.000000,0,0,3.30600,3597.108,6.323,12.000,12.000,15.000,21.000,23.000,0.000,0.000,0,0,2.0291,49,98,49,49,48
16,falling,57,976.0,,195.000,469.218,0.00000,10.90537,10.90537,0.000000,0.000000,0,0,3.30600,3597.108,6.323,12.000,12.000,15.000,21.000,23.000,0.000,0.000,0,0,2.0291,49,98,49,49,48
16,falling,58,992.0,,195.000,480.461,0.00000,11.02185,11.02185,0.000000,0.000000,0,0,3.30600,3597.108,6.323,12.000,12.000,15.000,21.000,23.000,0.000,0.000,0,0,2.0291,49,98,49,49,48
16,falling,59,1009.0,,195.000,491.820,0.00000,11.13655,11.13655,0.000000,0.000000,0,0,3.30600,3597.108,6.323,12.000,12.000,12.000,18.000,22.000,0.000,0.000,0,0,2.0291,49,98,49,49,48
16,post_landing,60,1026.0,60,195.000,500.769,-1.13885,0.08119,1.14174,-0.023610,0.000000,0,1,3.30600,3597.108,6.323,12.000,12.000,12.000,18.000,22.000,0.000,0.000,0,3,2.0291,49,98,49,49,48
16,post_landing,61,1043.0,60,193.856,500.451,-0.64268,0.06562,0.64602,-0.013690,-0.023714,0,1,3.30600,3597.108,6.323,12.000,11.021,15.019,21.065,23.160,0.000,0.000,0,2,2.0291,49,98,49,49,48
16,post_landing,62,1059.0,60,193.211,500.154,-0.37706,0.07775,0.38500,-0.008104,-0.037463,0,1,3.30600,3597.108,6.323,12.000,11.030,15.027,21.098,23.246,0.000,0.000,0,1,2.0291,49,98,49,49,48
16,post_landing,63,1076.0,60,192.854,500.234,-0.23894,0.05039,0.24419,-0.005161,-0.045131,0,1,3.30600,3597.108,6.323,12.000,11.034,15.030,21.114,23.292,0.000,0.000,0,1,2.0291,49,98,49,49,48
16,post_landing,64,1093.0,60,192.614,500.292,-0.16605,0.03549,0.16981,-0.003599,-0.050315,0,1,3.30600,3597.108,6.323,12.000,11.036,15.031,21.124,23.323,0.000,0.000,0,1,2.0291,49,98,49,49,48
16,post_landing,65,1109.0,60,192.447,500.331,-0.12663,0.02726,0.12953,-0.002751,-0.053931,0,1,3.30600,3597.108,6.323,12.000,11.038,15.032,21.131,23.344,0.000,0.000,0,1,2.0291,49,98,49,49,48
16,post_landing,66,1126.0,60,192.320,500.381,-0.10620,0.04684,0.11607,-0.004259,-0.056694,0,1,3.30600,3597.108,6.323,12.000,11.039,15.033,21.136,23.360,0.000,0.000,0,1,2.0291,49,98,49,49,48
16,post_landing,67,1143.0,60,192.219,500.423,-0.12084,0.05382,0.13228,-0.004858,-0.060723,0,1,3.30600,3597.108,6.323,12.000,11.040,15.033,21.143,57.502,0.000,0.000,0,1,2.0291,49,98,49,49,48
16,post_landing,68,1159.0,60,192.098,500.481,-0.13497,0.06082,0.14804,-0.005439,-0.065602,0,1,3.30600,3597.108,6.323,12.000,11.042,15.033,21.151,57.533,0.000,0.000,0,1,2.0291,49,98,49,49,48
16,post_landing,69,1176.0,60,191.963,500.543,-0.14654,0.06690,0.16109,-0.005923,-0.071065,0,1,3.30600,3597.108,6.323,12.000,11.043,15.033,21.231,57.566,0.000,0.000,0,1,2.0291,49,98,49,49,48
16,post_landing,70,1193.0,60,191.824,500.602,-0.15397,0.07123,0.16965,-0.006243,-0.076670,0,1,3.30600,3597.108,6.323,12.000,11.044,15.033,21.245,61.663,0.000,0.000,0,1,2.0291,49,98,49,49,48
16,post_landing,71,1209.0,60,191.669,500.678,-0.16229,0.07619,0.17928,-0.006603,-0.082940,0,1,3.30600,3597.108,6.323,12.000,11.045,15.031,21.259,61.702,0.000,0.000,0,1,2.0291,49,98,49,49,48
16,post_landing,72,1226.0,60,191.506,500.755,-0.16920,0.08066,0.18744,-0.006911,-0.089572,0,1,3.30600,3597.108,6.323,12.000,11.045,15.029,21.274,64.817,0.000,0.000,0,1,2.0291,49,98,49,49,48
16,post_landing,73,1243.0,60,191.346,500.828,-0.17284,0.08365,0.19202,-0.007086,-0.096111,0,1,3.30600,3597.108,6.323,12.000,11.045,18.109,21.287,64.856,0.000,0.000,0,1,2.0291,49,98,49,49,48
16,post_landing,74,1259.0,60,191.173,500.916,-0.17814,0.08763,0.19853,-0.007334,-0.103229,0,1,3.30600,3597.108,6.323,12.000,11.044,18.110,21.300,64.896,0.000,0.000,0,1,2.0291,49,98,49,49,48
16,post_landing,75,1276.0,60,190.994,501.005,-0.18261,0.09135,0.20418,-0.007551,-0.110595,0,1,3.30600,3597.108,6.323,12.000,11.043,18.111,21.313,65.044,0.000,0.000,0,1,2.0291,49,98,49,49,48
16,post_landing,76,1293.0,60,190.821,501.088,-0.18424,0.09366,0.20668,-0.007652,-0.117740,0,1,3.30600,3597.108,6.323,12.000,11.041,18.110,21.324,65.084,0.000,0.000,0,1,2.0291,49,98,49,49,48
16,post_landing,77,1309.0,60,190.636,501.187,-0.18794,0.09720,0.21159,-0.007843,-0.125425,0,1,3.30600,3597.108,6.323,12.000,14.140,18.109,21.335,65.249,0.000,0.000,0,1,2.0291,49,98,49,49,48
16,post_landing,78,1326.0,60,190.447,501.437,-0.18145,0.05649,0.19004,-0.007551,-0.133303,0,1,3.30600,3597.108,6.323,12.000,14.142,18.106,22.469,65.293,0.000,0.000,0,2,2.0291,49,98,49,49,48
16,post_landing,79,1343.0,60,190.275,501.514,-0.16983,0.05437,0.17832,-0.007155,-0.140447,0,1,3.30600,3597.108,6.323,12.000,14.142,18.103,57.839,65.470,0.000,0.000,0,2,2.0291,49,98,49,49,48
16,post_landing,80,1359.0,60,190.105,501.592,-0.16297,0.05338,0.17149,-0.006898,-0.147633,0,1,3.30600,3597.108,6.323,12.000,14.142,20.371,61.955,65.510,0.000,0.000,0,2,2.0291,49,98,49,49,48
16,post_landing,81,1376.0,60,189.941,501.664,-0.15777,0.05281,0.16638,-0.006709,-0.154561,0,1,3.30600,3597.108,6.323,12.000,14.141,20.377,61.966,65.546,0.000,0.000,0,2,2.0291,49,98,49,49,48
16,post_landing,82,1393.0,60,189.792,501.727,-0.15243,0.05204,0.16107,-0.006509,-0.160909,0,1,3.30600,3597.108,6.323,12.000,14.140,20.383,65.096,65.737,0.000,0.000,0,2,2.0291,49,98,49,49,48
16,post_landing,83,1410.0,60,189.639,501.800,-0.14986,0.05220,0.15869,-0.006428,-0.167446,0,1,3.30600,3597.108,6.323,12.000,14.138,20.387,65.105,65.772,0.000,0.000,0,2,2.0291,49,98,49,49,48
16,post_landing,84,1426.0,60,189.488,501.869,-0.14807,0.05259,0.15714,-0.006379,-0.173902,0,1,3.30600,3597.108,6.323,12.000,8.225,20.390,65.284,65.976,0.000,0.000,0,2,2.0291,49,98,49,49,48
16,post_landing,85,1443.0,60,189.348,501.931,-0.14537,0.05258,0.15459,-0.006289,-0.179938,0,1,3.30600,3597.108,6.323,12.000,11.359,57.065,65.293,66.009,0.000,0.000,0,2,2.0291,49,98,49,49,48
16,post_landing,86,1459.0,60,189.202,502.004,-0.14496,0.05342,0.15449,-0.006300,-0.186255,0,1,3.30600,3597.108,6.323,12.000,11.365,61.184,65.300,66.041,0.000,0.000,0,2,2.0291,49,98,49,49,48
16,post_landing,87,1476.0,60,189.056,502.074,-0.14470,0.05439,0.15459,-0.006327,-0.192583,0,1,3.30600,3597.108,6.323,12.000,11.371,64.323,65.496,66.071,0.000,0.000,0,2,2.0291,49,98,49,49,48
16,post_landing,88,1493.0,60,188.920,502.137,-0.14351,0.05481,0.15362,-0.006290,-0.198570,0,1,3.30600,3597.108,6.323,12.000,51.187,64.327,65.504,66.096,0.000,0.000,0,2,2.0291,49,98,49,49,48
16,post_landing,89,1509.0,60,188.775,502.213,-0.14442,0.05609,0.15493,-0.006345,-0.204887,0,1,3.30600,3597.108,6.323,12.000,55.312,64.327,65.510,66.120,0.000,0.000,0,2,2.0291,49,98,49,49,48
16,post_landing,90,1526.0,60,188.630,502.430,-0.00067,0.00000,0.00067,0.000000,-0.211260,0,1,3.30600,3597.108,6.323,12.000,58.459,64.535,65.722,66.142,0.000,0.000,0,4,2.0291,49,98,49,49,48
16,post_landing,91,1543.0,60,188.630,502.491,0.00072,0.00000,0.00072,0.000000,-0.211260,0,1,3.30600,3597.108,6.323,12.000,58.459,64.535,65.722,66.142,0.000,0.000,0,5,2.0291,49,98,49,49,48
16,post_landing,92,1559.0,60,188.630,502.499,-0.00002,0.00000,0.00002,0.000000,-0.211260,0,1,3.30600,3597.108,6.323,12.000,58.459,64.535,65.722,66.142,0.000,0.000,0,5,2.0291,49,98,49,49,48
16,post_landing,93,1576.0,60,188.630,502.500,-0.00000,0.00000,0.00000,0.000000,-0.211260,0,1,3.30600,3597.108,6.323,12.000,58.459,64.535,65.722,66.142,0.000,0.000,0,5,2.0291,49,98,49,49,48
16,post_landing,94,1593.0,60,188.630,502.496,0.00002,0.00000,0.00002,0.000000,-0.211260,0,1,3.30600,3597.108,6.323,12.000,58.459,64.535,65.722,66.142,0.000,0.000,0,5,2.0291,49,98,49,49,48
16,post_landing,95,1609.0,60,188.630,502.500,-0.00002,0.00000,0.00002,0.000000,-0.211260,0,1,3.30600,3597.108,6.323,12.000,58.459,64.535,65.722,66.142,0.000,0.000,0,5,2.0291,49,98,49,49,48
16,post_landing,96,1626.0,60,188.630,502.500,-0.00000,0.00000,0.00000,0.000000,-0.211260,0,1,3.30600,3597.108,6.323,12.000,58.459,64.535,65.722,66.142,0.000,0.000,0,5,2.0291,49,98,49,49,48
16,post_landing,97,1643.0,60,188.630,502.496,0.00002,0.00000,0.00002,0.000000,-0.211260,0,1,3.30600,3597.108,6.323,12.000,58.459,64.535,65.722,66.142,0.000,0.000,0,5,2.0291,49,98,49,49,48
16,post_landing,98,1659.0,60,188.630,502.500,-0.00002,0.00000,0.00002,0.000000,-0.211260,0,1,3.30600,3597.108,6.323,12.000,58.459,64.535,65.722,66.142,0.000,0.000,0,5,2.0291,49,98,49,49,48
16,post_landing,99,1676.0,60,188.630,502.500,-0.00000,0.00000,0.00000,0.000000,-0.211260,0,1,3.30600,3597.108,6.323,12.000,58.459,64.535,65.722,66.142,0.000,0.000,0,5,2.0291,49,98,49,49,48
16,post_landing,100,1693.0,60,188.630,502.496,0.00002,0.00000,0.00002,0.000000,-0.211260,0,1,3.30600,3597.108,6.323,12.000,58.459,64.535,65.722,66.142,0.000,0.000,0,5,2.0291,49,98,49,49,48
16,post_landing,101,1710.0,60,188.630,502.500,-0.00002,0.00000,0.00002,0.000000,-0.211260,0,1,3.30600,3597.108,6.323,12.000,58.459,64.535,65.722,66.142,0.000,0.000,0,5,2.0291,49,98,49,49,48
16,post_landing,102,1726.0,60,188.630,502.500,-0.00000,0.00000,0.00000,0.000000,-0.211260,0,1,3.30600,3597.108,6.323,12.000,58.459,64.535,65.722,66.142,0.000,0.000,0,5,2.0291,49,98,49,49,48
16,post_landing,103,1743.0,60,188.630,502.496,0.00002,0.00000,0.00002,0.000000,-0.211260,0,1,3.30600,3597.108,6.323,12.000,58.459,64.535,65.722,66.142,0.000,0.000,0,5,2.0291,49,98,49,49,48
16,post_landing,104,1759.0,60,188.630,502.500,-0.00002,0.00000,0.00002,0.000000,-0.211260,0,1,3.30600,3597.108,6.323,12.000,58.459,64.535,65.722,66.142,0.000,0.000,0,5,2.0291,49,98,49,49,48
16,post_landing,105,1776.0,60,188.630,502.500,-0.00000,0.00000,0.00000,0.000000,-0.211260,0,1,3.30600,3597.108,6.323,12.000,58.459,64.535,65.722,66.142,0.000,0.000,0,5,2.0291,49,98,49,49,48
16,post_landing,106,1793.0,60,188.630,502.496,0.00002,0.00000,0.00002,0.000000,-0.211260,0,1,3.30600,3597.108,6.323,12.000,58.459,64.535,65.722,66.142,0.000,0.000,0,5,2.0291,49,98,49,49,48
16,post_landing,107,1809.0,60,188.630,502.500,-0.00002,0.00000,0.00002,0.000000,-0.211260,0,1,3.30600,3597.108,6.323,12.000,58.459,64.535,65.722,66.142,0.000,0.000,0,5,2.0291,49,98,49,49,48
16,post_landing,108,1826.0,60,188.630,502.500,-0.00000,0.00000,0.00000,0.000000,-0.211260,0,1,3.30600,3597.108,6.323,12.000,58.459,64.535,65.722,66.142,0.000,0.000,0,5,2.0291,49,98,49,49,48
16,post_landing,109,1843.0,60,188.630,502.496,0.00002,0.00000,0.00002,0.000000,-0.211260,0,1,3.30600,3597.108,6.323,12.000,58.459,64.535,65.722,66.142,0.000,0.000,0,5,2.0291,49,98,49,49,48
16,post_landing,110,1859.0,60,188.630,502.500,-0.00002,0.00000,0.00002,0.000000,-0.211260,0,1,3.30600,3597.108,6.323,12.000,58.459,64.535,65.722,66.142,0.000,0.000,0,5,2.0291,49,98,49,49,48
16,post_landing,111,1876.0,60,188.630,502.500,-0.00000,0.00000,0.00000,0.000000,-0.211260,0,1,3.30600,3597.108,6.323,12.000,58.459,64.535,65.722,66.142,0.000,0.000,0,5,2.0291,49,98,49,49,48
16,post_landing,112,1893.0,60,188.630,502.496,0.00002,0.00000,0.00002,0.000000,-0.211260,0,1,3.30600,3597.108,6.323,12.000,58.459,64.535,65.722,66.142,0.000,0.000,0,5,2.0291,49,98,49,49,48
16,post_landing,113,1910.0,60,188.630,502.500,-0.00002,0.00000,0.00002,0.000000,-0.211260,0,1,3.30600,3597.108,6.323,12.000,58.459,64.535,65.722,66.142,0.000,0.000,0,5,2.0291,49,98,49,49,48
16,post_landing,114,1926.0,60,188.630,502.500,-0.00000,0.00000,0.00000,0.000000,-0.211260,0,1,3.30600,3597.108,6.323,12.000,58.459,64.535,65.722,66.142,0.000,0.000,0,5,2.0291,49,98,49,49,48
16,post_landing,115,1943.0,60,188.630,502.496,0.00002,0.00000,0.00002,0.000000,-0.211260,0,1,3.30600,3597.108,6.323,12.000,58.459,64.535,65.722,66.142,0.000,0.000,0,5,2.0291,49,98,49,49,48
16,post_landing,116,1959.0,60,188.630,502.500,-0.00002,0.00000,0.00002,0.000000,-0.211260,0,1,3.30600,3597.108,6.323,12.000,58.459,64.535,65.722,66.142,0.000,0.000,0,5,2.0291,49,98,49,49,48
16,post_landing,117,1976.0,60,188.630,502.500,-0.00000,0.00000,0.00000,0.000000,-0.211260,0,1,3.30600,3597.108,6.323,12.000,58.459,64.535,65.722,66.142,0.000,0.000,0,5,2.0291,49,98,49,49,48
16,post_landing,118,1993.0,60,188.630,502.496,0.00002,0.00000,0.00002,0.000000,-0.211260,0,1,3.30600,3597.108,6.323,12.000,58.459,64.535,65.722,66.142,0.000,0.000,0,5,2.0291,49,98,49,49,48
16,post_landing,119,2010.0,60,188.630,502.500,-0.00002,0.00000,0.00002,0.000000,-0.211260,0,1,3.30600,3597.108,6.323,12.000,58.459,64.535,65.722,66.142,0.000,0.000,0,5,2.0291,49,98,49,49,48
17,falling,0,20.0,,195.000,96.901,0.00000,0.51667,0.51667,0.000000,0.000000,0,0,5.48000,5629.969,2.731,19.000,19.000,25.000,42.000,47.000,0.000,0.000,0,0,1.4452,58,116,58,59,60
17,falling,1,23.0,,195.000,96.967,0.00000,0.54907,0.54907,0.000000,0.000000,0,0,5.48000,5629.969,2.731,19.000,19.000,25.000,42.000,47.000,0.000,0.000,0,0,1.4452,58,116,58,59,60
17,falling,2,39.0,,195.000,97.807,0.00000,0.82400,0.82400,0.000000,0.000000,0,0,5.48000,5629.969,2.731,19.000,19.000,25.000,42.000,47.000,0.000,0.000,0,0,1.4452,58,116,58,59,60
17,falling,3,56.0,,195.000,98.924,0.00000,1.09473,1.09473,0.000000,0.000000,0,0,5.48000,5629.969,2.731,19.000,19.000,25.000,42.000,47.000,0.000,0.000,0,0,1.4452,58,116,58,59,60
17,falling,4,73.0,,195.000,100.216,0.00000,1.34563,1.34563,0.000000,0.000000,0,0,5.48000,5629.969,2.731,19.000,19.000,25.000,42.000,47.000,0.000,0.000,0,0,1.4452,58,116,58,59,60
17,falling,5,90.0,,195.000,101.856,0.00000,1.60838,1.60838,0.000000,0.000000,0,0,5.48000,5629.969,2.731,19.000,19.000,25.000,42.000,47.000,0.000,0.000,0,0,1.4452,58,116,58,59,60
17,falling,6,106.0,,195.000,103.761,0.00000,1.86710,1.86710,0.000000,0.000000,0,0,5.48000,5629.969,2.731,19.000,19.000,25.000,42.000,47.000,0.000,0.000,0,0,1.4452,58,116,58,59,60
17,falling,7,123.0,,195.000,105.925,0.00000,2.12187,2.12187,0.000000,0.000000,0,0,5.48000,5629.969,2.731,19.000,19.000,25.000,42.000,47.000,0.000,0.000,0,0,1.4452,58,116,58,59,60
17,falling,8,139.0,,195.000,108.189,0.00000,2.35798,2.35798,0.000000,0.000000,0,0,5.48000,5629.969,2.731,19.000,19.000,25.000,42.000,47.000,0.000,0.000,0,0,1.4452,58,116,58,59,60
17,falling,9,156.0,,195.000,110.846,0.00000,2.60524,2.60524,0.000000,0.000000,0,0,5.48000,5629.969,2.731,19.000,19.000,25.000,42.000,47.000,0.000,0.000,0,0,1.4452,58,116,58,59,60
17,falling,10,173.0,,195.000,113.752,0.00000,2.84871,2.84871,0.000000,0.000000,0,0,5.48000,5629.969,2.731,19.000,19.000,25.000,42.000,47.000,0.000,0.000,0,0,1.4452,58,116,58,59,60
17,falling,11,190.0,,195.000,116.703,0.00000,3.07435,3.07435,0.000000,0.000000,0,0,5.48000,5629.969,2.731,19.000,19.000,25.000,42.000,47.000,0.000,0.000,0,0,1.4452,58,116,58,59,60
17,falling,12,206.0,,195.000,120.080,0.00000,3.31065,3.31065,0.000000,0.000000,0,0,5.48000,5629.969,2.731,19.000,19.000,25.000,42.000,47.000,0.000,0.000,0,0,1.4452,58,116,58,59,60
17,falling,13,223.0,,195.000,123.694,0.00000,3.54333,3.54333,0.000000,0.000000,0,0,5.48000,5629.969,2.731,19.000,19.000,25.000,42.000,47.000,0.000,0.000,0,0,1.4452,58,116,58,59,60
17,falling,14,240.0,,195.000,127.303,0.00000,3.75897,3.75897,0.000000,0.000000,0,0,5.48000,5629.969,2.731,19.000,19.000,25.000,42.000,47.000,0.000,0.000,0,0,1.4452,58,116,58,59,60
17,falling,15,256.0,,195.000,131.367,0.00000,3.98479,3.98479,0.000000,0.000000,0,0,5.48000,5629.969,2.731,19.000,19.000,25.000,42.000,47.000,0.000,0.000,0,0,1.4452,58,116,58,59,60
17,falling,16,273.0,,195.000,135.659,0.00000,4.20716,4.20716,0.000000,0.000000,0,0,5.48000,5629.969,2.731,19.000,19.000,25.000,42.000,47.000,0.000,0.000,0,0,1.4452,58,116,58,59,60
17,falling,17,289.0,,195.000,139.895,0.00000,4.41324,4.41324,0.000000,0.000000,0,0,5.48000,5629.969,2.731,19.000,19.000,25.000,42.000,47.000,0.000,0.000,0,0,1.4452,58,116,58,59,60
17,falling,18,306.0,,195.000,144.617,0.00000,4.62905,4.62905,0.000000,0.000000,0,0,5.48000,5629.969,2.731,19.000,19.000,25.000,42.000,47.000,0.000,0.000,0,0,1.4452,58,116,58,59,60
17,falling,19,323.0,,195.000,149.555,0.00000,4.84156,4.84156,0.000000,0.000000,0,0,5.48000,5629.969,2.731,19.000,19.000,25.000,42.000,47.000,0.000,0.000,0,0,1.4452,58,116,58,59,60
17,falling,20,339.0,,195.000,154.392,0.00000,5.03851,5.03851,0.000000,0.000000,0,0,5.48000,5629.969,2.731,19.000,19.000,25.000,42.000,47.000,0.000,0.000,0,0,1.4452,58,116,58,59,60
17,falling,21,356.0,,195.000,159.742,0.00000,5.24476,5.24476,0.000000,0.000000,0,0,5.48000,5629.969,2.731,19.000,19.000,25.000,42.000,47.000,0.000,0.000,0,0,1.4452,58,116,58,59,60
17,falling,22,373.0,,195.000,165.299,0.00000,5.44784,5.44784,0.000000,0.000000,0,0,5.48000,5629.969,2.731,19.000,19.000,25.000,42.000,47.000,0.000,0.000,0,0,1.4452,58,116,58,59,60
17,falling,23,390.0,,195.000,170.709,0.00000,5.63606,5.63606,0.000000,0.000000,0,0,5.48000,5629.969,2.731,19.000,19.000,25.000,42.000,47.000,0.000,0.000,0,0,1.4452,58,116,58,59,60
17,falling,24,406.0,,195.000,176.659,0.00000,5.83316,5.83316,0.000000,0.000000,0,0,5.48000,5629.969,2.731,19.000,19.000,25.000,42.000,47.000,0.000,0.000,0,0,1.4452,58,116,58,59,60
17,falling,25,423.0,,195.000,182.807,0.00000,6.02725,6.02725,0.000000,0.000000,0,0,5.48000,5629.969,2.731,19.000,19.000,25.000,42.000,47.000,0.000,0.000,0,0,1.4452,58,116,58,59,60
17,falling,26,439.0,,195.000,188.766,0.00000,6.20712,6.20712,0.000000,0.000000,0,0,5.48000,5629.969,2.731,19.000,19.000,25.000,42.000,47.000,0.000,0.000,0,0,1.4452,58,116,58,59,60
17,falling,27,456.0,,195.000,195.289,0.00000,6.39549,6.39549,0.000000,0.000000,0,0,5.48000,5629.969,2.731,19.000,19.000,25.000,42.000,47.000,0.000,0.000,0,0,1.4452,58,116,58,59,60
17,falling,28,473.0,,195.000,202.002,0.00000,6.58097,6.58097,0.000000,0.000000,0,0,5.48000,5629.969,2.731,19.000,19.000,25.000,42.000,47.000,0.000,0.000,0,0,1.4452,58,116,58,59,60
17,falling,29,490.0,,195.000,208.485,0.00000,6.75287,6.75287,0.000000,0.000000,0,0,5.48000,5629.969,2.731,19.000,19.000,25.000,42.000,47.000,0.000,0.000,0,0,1.4452,58,116,58,59,60
17,falling,30,506.0,,195.000,215.556,0.00000,6.93289,6.93289,0.000000,0.000000,0,0,5.48000,5629.969,2.731,19.000,19.000,25.000,42.000,47.000,0.000,0.000,0,0,1.4452,58,116,58,59,60
17,falling,31,523.0,,195.000,222.809,0.00000,7.11015,7.11015,0.000000,0.000000,0,0,5.48000,5629.969,2.731,19.000,19.000,25.000,42.000,47.000,0.000,0.000,0,0,1.4452,58,116,58,59,60
17,falling,32,540.0,,195.000,229.792,0.00000,7.27443,7.27443,0.000000,0.000000,0,0,5.48000,5629.969,2.731,19.000,19.000,25.000,42.000,47.000,0.000,0.000,0,0,1.4452,58,116,58,59,60
17,falling,33,556.0,,195.000,237.387,0.00000,7.44646,7.44646,0.000000,0.000000,0,0,5.48000,5629.969,2.731,19.000,19.000,25.000,42.000,47.000,0.000,0.000,0,0,1.4452,58,116,58,59,60
17,falling,34,573.0,,195.000,245.156,0.00000,7.61586,7.61586,0.000000,0.000000,0,0,5.48000,5629.969,2.731,19.000,19.000,25.000,42.000,47.000,0.000,0.000,0,0,1.4452,58,116,58,59,60
17,falling,35,590.0,,195.000,252.617,0.00000,7.77286,7.77286,0.000000,0.000000,0,0,5.48000,5629.969,2.731,19.000,19.000,25.000,42.000,47.000,0.000,0.000,0,0,1.4452,58,116,58,59,60
17,falling,36,606.0,,195.000,260.713,0.00000,7.93727,7.93727,0.000000,0.000000,0,0,5.48000,5629.969,2.731,19.000,19.000,25.000,42.000,47.000,0.000,0.000,0,0,1.4452,58,116,58,59,60
17,falling,37,623.0,,195.000,268.975,0.00000,8.09916,8.09916,0.000000,0.000000,0,0,5.48000,5629.969,2.731,19.000,19.000,25.000,42.000,47.000,0.000,0.000,0,0,1.4452,58,116,58,59,60
17,falling,38,640.0,,195.000,276.894,0.00000,8.24920,8.24920,0.000000,0.000000,0,0,5.48000,5629.969,2.731,19.000,19.000,25.000,42.000,47.000,0.000,0.000,0,0,1.4452,58,116,58,59,60
17,falling,39,656.0,,195.000,285.468,0.00000,8.40632,8.40632,0.000000,0.000000,0,0,5.48000,5629.969,2.731,19.000,19.000,25.000,42.000,47.000,0.000,0.000,0,0,1.4452,58,116,58,59,60
17,falling,40,673.0,,195.000,294.201,0.00000,8.56104,8.56104,0.000000,0.000000,0,0,5.48000,5629.969,2.731,19.000,19.000,25.000,42.000,47.000,0.000,0.000,0,0,1.4452,58,116,58,59,60
17,falling,41,690.0,,195.000,302.557,0.00000,8.70443,8.70443,0.000000,0.000000,0,0,5.48000,5629.969,2.731,19.000,19.000,25.000,42.000,47.000,0.000,0.000,0,0,1.4452,58,116,58,59,60
17,falling,42,706.0,,195.000,311.589,0.00000,8.85458,8.85458,0.000000,0.000000,0,0,5.48000,5629.969,2.731,19.000,19.000,25.000,42.000,47.000,0.000,0.000,0,0,1.4452,58,116,58,59,60
17,falling,43,723.0,,195.000,320.771,0.00000,9.00244,9.00244,0.000000,0.000000,0,0,5.48000,5629.969,2.731,19.000,19.000,25.000,42.000,47.000,0.000,0.000,0,0,1.4452,58,116,58,59,60
17,falling,44,740.0,,195.000,329.545,0.00000,9.13947,9.13947,0.000000,0.000000,0,0,5.48000,5629.969,2.731,19.000,19.000,25.000,42.000,47.000,0.000,0.000,0,0,1.4452,58,116,58,59,60
17,falling,45,756.0,,195.000,339.014,0.00000,9.28297,9.28297,0.000000,0.000000,0,0,5.48000,5629.969,2.731,19.000,19.000,25.000,42.000,47.000,0.000,0.000,0,0,1.4452,58,116,58,59,60
17,falling,46,773.0,,195.000,348.626,0.00000,9.42428,9.42428,0.000000,0.000000,0,0,5.48000,5629.969,2.731,19.000,19.000,25.000,42.000,47.000,0.000,0.000,0,0,1.4452,58,116,58,59,60
17,falling,47,790.0,,195.000,357.799,0.00000,9.55523,9.55523,0.000000,0.000000,0,0,5.48000,5629.969,2.731,19.000,19.000,25.000,42.000,47.000,0.000,0.000,0,0,1.4452,58,116,58,59,60
17,falling,48,806.0,,195.000,367.686,0.00000,9.69237,9.69237,0.000000,0.000000,0,0,5.48000,5629.969,2.731,19.000,19.000,25.000,42.000,47.000,0.000,0.000,0,0,1.4452,58,116,58,59,60
17,falling,49,823.0,,195.000,377.709,0.00000,9.82741,9.82741,0.000000,0.000000,0,0,5.48000,5629.969,2.731,19.000,19.000,25.000,42.000,47.000,0.000,0.000,0,0,1.4452,58,116,58,59,60
17,falling,50,840.0,,195.000,387.264,0.00000,9.95256,9.95256,0.000000,0.000000,0,0,5.48000,5629.969,2.731,19.000,19.000,25.000,42.000,47.000,0.000,0.000,0,0,1.4452,58,116,58,59,60
17,falling,51,856.0,,195.000,397.549,0.00000,10.08362,10.08362,0.000000,0.000000,0,0,5.48000,5629.969,2.731,19.000,19.000,25.000,42.000,47.000,0.000,0.000,0,0,1.4452,58,116,58,59,60
17,falling,52,873.0,,195.000,407.966,0.00000,10.21268,10.21268,0.000000,0.000000,0,0,5.48000,5629.969,2.731,19.000,19.000,25.000,42.000,47.000,0.000,0.000,0,0,1.4452,58,116,58,59,60
17,falling,53,890.0,,195.000,417.885,0.00000,10.33228,10.33228,0.000000,0.000000,0,0,5.48000,5629.969,2.731,19.000,19.000,25.000,42.000,47.000,0.000,0.000,0,0,1.4452,58,116,58,59,60
17,falling,54,906.0,,195.000,428.552,0.00000,10.45753,10.45753,0.000000,0.000000,0,0,5.48000,5629.969,2.731,19.000,19.000,25.000,42.000,47.000,0.000,0.000,0,0,1.4452,58,116,58,59,60
17,falling,55,923.0,,195.000,439.344,0.00000,10.58086,10.58086,0.000000,0.000000,0,0,5.48000,5629.969,2.731,19.000,19.000,25.000,42.000,47.000,0.000,0.000,0,0,1.4452,58,116,58,59,60
17,falling,56,940.0,,195.000,449.612,0.00000,10.69516,10.69516,0.000000,0.000000,0,0,5.48000,5629.969,2.731,19.000,19.000,25.000,42.000,47.000,0.000,0.000,0,0,1.4452,58,116,58,59,60
17,falling,57,956.0,,195.000,460.643,0.00000,10.81486,10.81486,0.000000,0.000000,0,0,5.48000,5629.969,2.731,19.000,19.000,25.000,42.000,47.000,0.000,0.000,0,0,1.4452,58,116,58,59,60
17,falling,58,973.0,,195.000,471.794,0.00000,10.93273,10.93273,0.000000,0.000000,0,0,5.48000,5629.969,2.731,19.000,19.000,25.000,42.000,47.000,0.000,0.000,0,0,1.4452,58,116,58,59,60
17,falling,59,990.0,,195.000,482.395,0.00000,11.04196,11.04196,0.000000,0.000000,0,0,5.48000,5629.969,2.731,19.000,19.000,25.000,42.000,47.000,0.000,0.000,0,0,1.4452,58,116,58,59,60
17,falling,60,1007.0,,195.000,493.774,0.00000,11.15635,11.15635,0.000000,0.000000,0,0,5.48000,5629.969,2.731,19.000,19.000,25.000,42.000,47.000,0.000,0.000,0,0,1.4452,58,116,58,59,60
17,post_landing,61,1023.0,61,195.000,499.353,-0.00043,0.00000,0.00043,0.000000,0.000000,0,1,5.48000,5629.969,2.731,19.000,19.000,25.000,42.000,47.000,0.000,0.000,0,16,1.4452,58,116,58,59,60
17,post_landing,62,1040.0,61,195.000,497.103,0.00044,0.00000,0.00044,0.000000,0.000000,0,1,5.48000,5629.969,2.731,19.000,19.000,25.000,42.000,47.000,0.000,0.000,0,9,1.4452,58,116,58,59,60
17,post_landing,63,1058.0,61,195.000,495.901,0.00122,0.00000,0.00122,0.000000,0.000000,0,1,5.48000,5629.969,2.731,19.000,19.000,25.000,42.000,47.000,0.000,0.000,0,5,1.4452,58,116,58,59,60
17,post_landing,64,1073.0,61,195.001,495.103,-0.01745,0.00000,0.01745,0.000000,0.000000,0,1,5.48000,5629.969,2.731,19.000,19.000,25.000,42.000,47.000,0.000,0.000,0,3,1.4452,58,116,58,59,60
17,post_landing,65,1090.0,61,194.984,494.603,-0.02435,0.00000,0.02435,0.000000,0.000000,0,1,5.48000,5629.969,2.731,19.000,19.000,25.000,42.000,47.000,0.000,0.000,0,2,1.4452,58,116,58,59,60
17,post_landing,66,1107.0,61,194.961,494.101,-0.03703,0.00000,0.03703,0.000000,0.000000,0,1,5.48000,5629.969,2.731,19.000,19.000,25.000,42.000,47.000,0.000,0.000,0,1,1.4452,58,116,58,59,60
17,post_landing,67,1123.0,61,194.923,494.103,-0.04173,0.00000,0.04173,-0.001256,0.000000,0,1,5.48000,5629.969,2.731,19.000,19.000,25.000,42.000,47.000,0.000,0.000,0,1,1.4452,58,116,58,59,60
17,post_landing,68,1140.0,61,194.882,494.110,-0.05879,0.01393,0.06041,-0.001835,-0.001261,0,1,5.48000,5629.969,2.731,19.000,10.001,22.001,41.002,46.002,0.000,0.000,0,1,1.4452,58,116,58,59,60
17,post_landing,69,1157.0,61,194.826,494.117,-0.07144,0.01704,0.07344,-0.002201,-0.002997,0,1,5.48000,5629.969,2.731,19.000,10.003,22.003,41.006,46.006,0.000,0.000,0,1,1.4452,58,116,58,59,60
17,post_landing,70,1173.0,61,194.754,494.131,-0.08219,0.01976,0.08453,-0.002515,-0.005208,0,1,5.48000,5629.969,2.731,19.000,10.005,22.005,41.010,46.010,0.000,0.000,0,1,1.4452,58,116,58,59,60
17,post_landing,71,1190.0,61,194.672,494.145,-0.09043,0.01548,0.09174,-0.002791,-0.007734,0,1,5.48000,5629.969,2.731,19.000,10.007,22.007,41.014,46.014,0.000,0.000,0,1,1.4452,58,116,58,59,60
17,post_landing,72,1207.0,61,194.586,494.157,-0.09618,0.01628,0.09755,-0.002972,-0.010375,0,1,5.48000,5629.969,2.731,19.000,10.010,22.009,41.019,46.018,0.000,0.000,0,1,1.4452,58,116,58,59,60
17,post_landing,73,1223.0,61,194.489,494.176,-0.10256,0.01792,0.10411,-0.003166,-0.013360,0,1,5.48000,5629.969,2.731,19.000,10.012,22.011,41.023,46.023,0.000,0.000,0,1,1.4452,58,116,58,59,60
17,post_landing,74,1240.0,61,194.386,494.194,-0.10804,0.01903,0.10970,-0.003343,-0.016540,0,1,5.48000,5629.969,2.731,19.000,10.015,22.014,41.027,46.027,0.000,0.000,0,1,1.4452,58,116,58,59,60
17,post_landing,75,1257.0,61,194.284,494.210,-0.11165,0.01986,0.11341,-0.003459,-0.019703,0,1,5.48000,5629.969,2.731,19.000,10.018,22.015,41.031,46.030,0.000,0.000,0,1,1.4452,58,116,58,59,60
17,post_landing,76,1273.0,61,194.172,494.232,-0.11635,0.02131,0.11829,-0.003604,-0.023177,0,1,5.48000,5629.969,2.731,19.000,10.020,22.017,41.035,46.034,0.000,0.000,0,1,1.4452,58,116,58,59,60
17,post_landing,77,1290.0,61,194.055,494.254,-0.12049,0.02232,0.12254,-0.003740,-0.026797,0,1,5.48000,5629.969,2.731,19.000,10.023,22.019,41.039,46.037,0.000,0.000,0,1,1.4452,58,116,58,59,60
17,post_landing,78,1307.0,61,193.941,494.273,-0.12297,0.02304,0.12511,-0.003822,-0.030335,0,1,5.48000,5629.969,2.731,19.000,10.026,22.020,41.042,46.039,0.000,0.000,0,1,1.4452,58,116,58,59,60
17,post_landing,79,1323.0,61,193.818,494.298,-0.12677,0.02444,0.12911,-0.003941,-0.034175,0,1,5.48000,5629.969,2.731,19.000,10.028,22.021,41.044,46.041,0.000,0.000,0,1,1.4452,58,116,58,59,60
17,post_landing,80,1340.0,61,193.690,494.323,-0.13022,0.02544,0.13269,-0.004057,-0.038133,0,1,5.48000,5629.969,2.731,19.000,10.031,22.022,41.046,46.043,0.000,0.000,0,1,1.4452,58,116,58,59,60
17,post_landing,81,1357.0,61,193.567,494.345,-0.13207,0.02613,0.13463,-0.004121,-0.041972,0,1,5.48000,5629.969,2.731,19.000,10.033,38.050,41.090,46.085,0.000,0.000,0,1,1.4452,58,116,58,59,60
17,post_landing,82,1373.0,61,193.435,494.374,-0.13541,0.02755,0.13819,-0.004228,-0.046111,0,1,5.48000,5629.969,2.731,19.000,10.035,38.052,41.095,46.089,0.000,0.000,0,1,1.4452,58,116,58,59,60
17,post_landing,83,1390.0,61,193.298,494.402,-0.13852,0.02858,0.14144,-0.004333,-0.050357,0,1,5.48000,5629.969,2.731,19.000,10.038,38.053,41.099,46.093,0.000,0.000,0,1,1.4452,58,116,58,59,60
17,post_landing,84,1407.0,61,193.167,494.427,-0.14001,0.02928,0.14304,-0.004387,-0.054457,0,1,5.48000,5629.969,2.731,19.000,10.040,38.053,41.103,46.095,0.000,0.000,0,1,1.4452,58,116,58,59,60
17,post_landing,85,1423.0,61,193.027,494.459,-0.14311,0.03076,0.14638,-0.004488,-0.058862,0,1,5.48000,5629.969,2.731,19.000,10.042,38.052,41.105,46.097,0.000,0.000,0,1,1.4452,58,116,58,59,60
17,post_landing,86,1440.0,61,192.883,494.490,-0.14605,0.03186,0.14949,-0.004589,-0.063370,0,1,5.48000,5629.969,2.731,19.000,10.043,38.050,41.108,46.098,0.000,0.000,0,1,1.4452,58,116,58,59,60
17,post_landing,87,1457.0,61,192.745,494.536,-0.14838,0.03275,0.15195,-0.004620,-0.067713,0,1,5.48000,5629.969,2.731,19.000,10.045,38.048,41.109,46.098,0.000,0.000,0,1,1.4452,58,116,58,59,60
17,post_landing,88,1473.0,61,192.596,494.574,-0.15181,0.03414,0.15560,-0.004721,-0.072353,0,1,5.48000,5629.969,2.731,19.000,10.046,29.141,41.110,46.097,0.000,0.000,0,1,1.4452,58,116,58,59,60
17,post_landing,89,1490.0,61,192.443,494.609,-0.15432,0.03536,0.15831,-0.004838,-0.077095,0,1,5.48000,5629.969,2.731,19.000,10.047,29.145,41.109,46.094,0.000,0.000,0,1,1.4452,58,116,58,59,60
17,post_landing,90,1507.0,61,192.297,494.638,-0.15545,0.03625,0.15962,-0.004891,-0.081672,0,1,5.48000,5629.969,2.731,19.000,10.048,29.148,41.108,46.173,0.000,0.000,0,1,1.4452,58,116,58,59,60
17,post_landing,91,1523.0,61,192.141,494.679,-0.15939,0.03787,0.16383,-0.004978,-0.086585,0,1,5.48000,5629.969,2.731,19.000,29.151,29.237,41.192,46.174,0.000,0.000,0,1,1.4452,58,116,58,59,60
17,post_landing,92,1540.0,61,191.981,494.717,-0.16190,0.03920,0.16658,-0.005096,-0.091585,0,1,5.48000,5629.969,2.731,19.000,29.153,29.244,41.194,46.173,0.000,0.000,0,1,1.4452,58,116,58,59,60
17,post_landing,93,1557.0,61,191.828,494.751,-0.16296,0.04016,0.16784,-0.005148,-0.096406,0,1,5.48000,5629.969,2.731,19.000,29.154,29.250,41.195,46.171,0.000,0.000,0,1,1.4452,58,116,58,59,60
17,post_landing,94,1573.0,61,191.664,494.795,-0.16688,0.04191,0.17206,-0.005239,-0.101577,0,1,5.48000,5629.969,2.731,19.000,29.155,29.256,41.194,45.275,0.000,0.000,0,1,1.4452,58,116,58,59,60
17,post_landing,95,1590.0,61,191.497,494.838,-0.16945,0.04336,0.17491,-0.005359,-0.106839,0,1,5.48000,5629.969,2.731,19.000,29.155,29.261,41.193,45.277,0.000,0.000,0,1,1.4452,58,116,58,59,60
17,post_landing,96,1607.0,61,191.336,495.015,-0.06058,-0.02178,0.06438,-0.001930,-0.111909,0,1,5.48000,5629.969,2.731,19.000,29.154,29.265,41.190,45.277,0.000,0.000,0,2,1.4452,58,116,58,59,60
17,post_landing,97,1624.0,61,191.275,495.113,0.00214,0.00000,0.00214,0.000000,-0.113847,0,1,5.48000,5629.969,2.731,19.000,29.153,29.267,41.189,45.277,0.000,0.000,0,3,1.4452,58,116,58,59,60
17,post_landing,98,1640.0,61,191.278,495.100,0.00729,0.00000,0.00729,0.000000,-0.113847,0,1,5.48000,5629.969,2.731,19.000,29.153,29.267,41.189,45.277,0.000,0.000,0,3,1.4452,58,116,58,59,60
17,post_landing,99,1657.0,61,191.285,495.116,0.00275,0.00000,0.00275,0.000000,-0.113847,0,1,5.48000,5629.969,2.731,19.000,29.153,29.267,41.189,45.277,0.000,0.000,0,3,1.4452,58,116,58,59,60
17,post_landing,100,1673.0,61,191.287,495.100,-0.00106,0.00000,0.00106,0.000000,-0.113847,0,1,5.48000,5629.969,2.731,19.000,29.153,29.267,41.189,45.277,0.000,0.000,0,3,1.4452,58,116,58,59,60
17,post_landing,101,1690.0,61,191.286,495.120,0.00015,0.00000,0.00015,0.000000,-0.113847,0,1,5.48000,5629.969,2.731,19.000,29.153,29.267,41.189,45.277,0.000,0.000,0,3,1.4452,58,116,58,59,60
17,post_landing,102,1707.0,61,191.286,495.117,0.00065,0.00000,0.00065,0.000000,-0.113847,0,1,5.48000,5629.969,2.731,19.000,29.153,29.267,41.189,45.277,0.000,0.000,0,3,1.4452,58,116,58,59,60
17,post_landing,103,1723.0,61,191.287,495.100,-0.00079,0.00000,0.00079,0.000000,-0.113847,0,1,5.48000,5629.969,2.731,19.000,29.153,29.267,41.189,45.277,0.000,0.000,0,3,1.4452,58,116,58,59,60
17,post_landing,104,1740.0,61,191.286,495.120,0.00026,0.00000,0.00026,0.000000,-0.113847,0,1,5.48000,5629.969,2.731,19.000,29.153,29.267,41.189,45.277,0.000,0.000,0,3,1.4452,58,116,58,59,60
17,post_landing,105,1757.0,61,191.286,495.117,0.00066,0.00000,0.00066,0.000000,-0.113847,0,1,5.48000,5629.969,2.731,19.000,29.153,29.267,41.189,45.277,0.000,0.000,0,3,1.4452,58,116,58,59,60
17,post_landing,106,1773.0,61,191.287,495.100,-0.00074,0.00000,0.00074,0.000000,-0.113847,0,1,5.48000,5629.969,2.731,19.000,29.153,29.267,41.189,45.277,0.000,0.000,0,3,1.4452,58,116,58,59,60
17,post_landing,107,1790.0,61,191.286,495.120,0.00023,0.00000,0.00023,0.000000,-0.113847,0,1,5.48000,5629.969,2.731,19.000,29.153,29.267,41.189,45.277,0.000,0.000,0,3,1.4452,58,116,58,59,60
17,post_landing,108,1807.0,61,191.287,495.117,0.00065,0.00000,0.00065,0.000000,-0.113847,0,1,5.48000,5629.969,2.731,19.000,29.153,29.267,41.189,45.277,0.000,0.000,0,3,1.4452,58,116,58,59,60
17,post_landing,109,1824.0,61,191.287,495.100,-0.00071,0.00000,0.00071,0.000000,-0.113847,0,1,5.48000,5629.969,2.731,19.000,29.153,29.267,41.189,45.277,0.000,0.000,0,3,1.4452,58,116,58,59,60
17,post_landing,110,1840.0,61,191.287,495.120,0.00021,0.00000,0.00021,0.000000,-0.113847,0,1,5.48000,5629.969,2.731,19.000,29.153,29.267,41.189,45.277,0.000,0.000,0,3,1.4452,58,116,58,59,60
17,post_landing,111,1857.0,61,191.287,495.117,0.00065,0.00000,0.00065,0.000000,-0.113847,0,1,5.48000,5629.969,2.731,19.000,29.153,29.267,41.189,45.277,0.000,0.000,0,3,1.4452,58,116,58,59,60
17,post_landing,112,1874.0,61,191.287,495.100,-0.00070,0.00000,0.00070,0.000000,-0.113847,0,1,5.48000,5629.969,2.731,19.000,29.153,29.267,41.189,45.277,0.000,0.000,0,3,1.4452,58,116,58,59,60
17,post_landing,113,1890.0,61,191.287,495.120,0.00021,0.00000,0.00021,0.000000,-0.113847,0,1,5.48000,5629.969,2.731,19.000,29.153,29.267,41.189,45.277,0.000,0.000,0,3,1.4452,58,116,58,59,60
17,post_landing,114,1907.0,61,191.287,495.117,0.00065,0.00000,0.00065,0.000000,-0.113847,0,1,5.48000,5629.969,2.731,19.000,29.153,29.267,41.189,45.277,0.000,0.000,0,3,1.4452,58,116,58,59,60
17,post_landing,115,1923.0,61,191.288,495.100,-0.00069,0.00000,0.00069,0.000000,-0.113847,0,1,5.48000,5629.969,2.731,19.000,29.153,29.267,41.189,45.277,0.000,0.000,0,3,1.4452,58,116,58,59,60
17,post_landing,116,1940.0,61,191.287,495.120,0.00020,0.00000,0.00020,0.000000,-0.113847,0,1,5.48000,5629.969,2.731,19.000,29.153,29.267,41.189,45.277,0.000,0.000,0,3,1.4452,58,116,58,59,60
17,post_landing,117,1957.0,61,191.287,495.100,-0.00014,0.00000,0.00014,0.000000,-0.113847,0,1,5.48000,5629.969,2.731,19.000,29.153,29.267,41.189,45.277,0.000,0.000,0,3,1.4452,58,116,58,59,60
17,post_landing,118,1974.0,61,191.287,495.116,-0.00013,0.00000,0.00013,0.000000,-0.113847,0,1,5.48000,5629.969,2.731,19.000,29.153,29.267,41.189,45.277,0.000,0.000,0,3,1.4452,58,116,58,59,60
17,post_landing,119,1990.0,61,191.287,495.100,-0.00063,0.00000,0.00063,0.000000,-0.113847,0,1,5.48000,5629.969,2.731,19.000,29.153,29.267,41.189,45.277,0.000,0.000,0,3,1.4452,58,116,58,59,60
17,post_landing,120,2007.0,61,191.286,495.120,0.00017,0.00000,0.00017,0.000000,-0.113847,0,1,5.48000,5629.969,2.731,19.000,29.153,29.267,41.189,45.277,0.000,0.000,0,3,1.4452,58,116,58,59,60
18,falling,0,26.0,,195.000,97.029,0.00000,0.55000,0.55000,0.000000,0.000000,0,0,3.56200,630.087,1.933,18.000,18.000,18.000,19.000,21.000,0.000,0.000,0,0,2.0291,86,172,86,97,82
18,falling,1,39.0,,195.000,97.622,0.00000,0.76023,0.76023,0.000000,0.000000,0,0,3.56200,630.087,1.933,18.000,18.000,18.000,19.000,21.000,0.000,0.000,0,0,2.0291,86,172,86,97,82
18,falling,2,56.0,,195.000,98.675,0.00000,1.03193,1.03193,0.000000,0.000000,0,0,3.56200,630.087,1.933,18.000,18.000,18.000,19.000,21.000,0.000,0.000,0,0,2.0291,86,172,86,97,82
18,falling,3,73.0,,195.000,100.000,0.00000,1.29948,1.29948,0.000000,0.000000,0,0,3.56200,630.087,1.933,18.000,18.000,18.000,19.000,21.000,0.000,0.000,0,0,2.0291,86,172,86,97,82
18,falling,4,89.0,,195.000,101.486,0.00000,1.54743,1.54743,0.000000,0.000000,0,0,3.56200,630.087,1.933,18.000,18.000,18.000,19.000,21.000,0.000,0.000,0,0,2.0291,86,172,86,97,82
18,falling,5,106.0,,195.000,103.329,0.00000,1.80709,1.80709,0.000000,0.000000,0,0,3.56200,630.087,1.933,18.000,18.000,18.000,19.000,21.000,0.000,0.000,0,0,2.0291,86,172,86,97,82
18,falling,6,123.0,,195.000,105.433,0.00000,2.06277,2.06277,0.000000,0.000000,0,0,3.56200,630.087,1.933,18.000,18.000,18.000,19.000,21.000,0.000,0.000,0,0,2.0291,86,172,86,97,82
18,falling,7,139.0,,195.000,107.641,0.00000,2.29974,2.29974,0.000000,0.000000,0,0,3.56200,630.087,1.933,18.000,18.000,18.000,19.000,21.000,0.000,0.000,0,0,2.0291,86,172,86,97,82
18,falling,8,156.0,,195.000,110.239,0.00000,2.54788,2.54788,0.000000,0.000000,0,0,3.56200,630.087,1.933,18.000,18.000,18.000,19.000,21.000,0.000,0.000,0,0,2.0291,86,172,86,97,82
18,falling,9,173.0,,195.000,113.087,0.00000,2.79224,2.79224,0.000000,0.000000,0,0,3.56200,630.087,1.933,18.000,18.000,18.000,19.000,21.000,0.000,0.000,0,0,2.0291,86,172,86,97,82
18,falling,10,190.0,,195.000,115.985,0.00000,3.01869,3.01869,0.000000,0.000000,0,0,3.56200,630.087,1.933,18.000,18.000,18.000,19.000,21.000,0.000,0.000,0,0,2.0291,86,172,86,97,82
18,falling,11,206.0,,195.000,119.306,0.00000,3.25584,3.25584,0.000000,0.000000,0,0,3.56200,630.087,1.933,18.000,18.000,18.000,19.000,21.000,0.000,0.000,0,0,2.0291,86,172,86,97,82
18,falling,12,223.0,,195.000,122.866,0.00000,3.48936,3.48936,0.000000,0.000000,0,0,3.56200,630.087,1.933,18.000,18.000,18.000,19.000,21.000,0.000,0.000,0,0,2.0291,86,172,86,97,82
18,falling,13,240.0,,195.000,126.423,0.00000,3.70578,3.70578,0.000000,0.000000,0,0,3.56200,630.087,1.933,18.000,18.000,18.000,19.000,21.000,0.000,0.000,0,0,2.0291,86,172,86,97,82
18,falling,14,256.0,,195.000,130.434,0.00000,3.93242,3.93242,0.000000,0.000000,0,0,3.56200,630.087,1.933,18.000,18.000,18.000,19.000,21.000,0.000,0.000,0,0,2.0291,86,172,86,97,82
18,falling,15,273.0,,195.000,134.673,0.00000,4.15558,4.15558,0.000000,0.000000,0,0,3.56200,630.087,1.933,18.000,18.000,18.000,19.000,21.000,0.000,0.000,0,0,2.0291,86,172,86,97,82
18,falling,16,290.0,,195.000,138.861,0.00000,4.36241,4.36241,0.000000,0.000000,0,0,3.56200,630.087,1.933,18.000,18.000,18.000,19.000,21.000,0.000,0.000,0,0,2.0291,86,172,86,97,82
18,falling,17,306.0,,195.000,143.531,0.00000,4.57900,4.57900,0.000000,0.000000,0,0,3.56200,630.087,1.933,18.000,18.000,18.000,19.000,21.000,0.000,0.000,0,0,2.0291,86,172,86,97,82
18,falling,18,323.0,,195.000,148.419,0.00000,4.79227,4.79227,0.000000,0.000000,0,0,3.56200,630.087,1.933,18.000,18.000,18.000,19.000,21.000,0.000,0.000,0,0,2.0291,86,172,86,97,82
18,falling,19,340.0,,195.000,153.210,0.00000,4.98993,4.98993,0.000000,0.000000,0,0,3.56200,630.087,1.933,18.000,18.000,18.000,19.000,21.000,0.000,0.000,0,0,2.0291,86,172,86,97,82
18,falling,20,356.0,,195.000,158.511,0.00000,5.19692,5.19692,0.000000,0.000000,0,0,3.56200,630.087,1.933,18.000,18.000,18.000,19.000,21.000,0.000,0.000,0,0,2.0291,86,172,86,97,82
18,falling,21,373.0,,195.000,164.019,0.00000,5.40074,5.40074,0.000000,0.000000,0,0,3.56200,630.087,1.933,18.000,18.000,18.000,19.000,21.000,0.000,0.000,0,0,2.0291,86,172,86,97,82
18,falling,22,391.0,,195.000,169.385,0.00000,5.58963,5.58963,0.000000,0.000000,0,0,3.56200,630.087,1.933,18.000,18.000,18.000,19.000,21.000,0.000,0.000,0,0,2.0291,86,172,86,97,82
18,falling,23,406.0,,195.000,175.289,0.00000,5.78745,5.78745,0.000000,0.000000,0,0,3.56200,630.087,1.933,18.000,18.000,18.000,19.000,21.000,0.000,0.000,0,0,2.0291,86,172,86,97,82
18,falling,24,423.0,,195.000,181.391,0.00000,5.98223,5.98223,0.000000,0.000000,0,0,3.56200,630.087,1.933,18.000,18.000,18.000,19.000,21.000,0.000,0.000,0,0,2.0291,86,172,86,97,82
18,falling,25,440.0,,195.000,187.307,0.00000,6.16275,6.16275,0.000000,0.000000,0,0,3.56200,630.087,1.933,18.000,18.000,18.000,19.000,21.000,0.000,0.000,0,0,2.0291,86,172,86,97,82
18,falling,26,456.0,,195.000,193.786,0.00000,6.35180,6.35180,0.000000,0.000000,0,0,3.56200,630.087,1.933,18.000,18.000,18.000,19.000,21.000,0.000,0.000,0,0,2.0291,86,172,86,97,82
18,falling,27,473.0,,195.000,200.454,0.00000,6.53795,6.53795,0.000000,0.000000,0,0,3.56200,630.087,1.933,18.000,18.000,18.000,19.000,21.000,0.000,0.000,0,0,2.0291,86,172,86,97,82
18,falling,28,490.0,,195.000,206.896,0.00000,6.71047,6.71047,0.000000,0.000000,0,0,3.56200,630.087,1.933,18.000,18.000,18.000,19.000,21.000,0.000,0.000,0,0,2.0291,86,172,86,97,82
18,falling,29,506.0,,195.000,213.925,0.00000,6.89113,6.89113,0.000000,0.000000,0,0,3.56200,630.087,1.933,18.000,18.000,18.000,19.000,21.000,0.000,0.000,0,0,2.0291,86,172,86,97,82
18,falling,30,523.0,,195.000,221.136,0.00000,7.06903,7.06903,0.000000,0.000000,0,0,3.56200,630.087,1.933,18.000,18.000,18.000,19.000,21.000,0.000,0.000,0,0,2.0291,86,172,86,97,82
18,falling,31,540.0,,195.000,228.080,0.00000,7.23390,7.23390,0.000000,0.000000,0,0,3.56200,630.087,1.933,18.000,18.000,18.000,19.000,21.000,0.000,0.000,0,0,2.0291,86,172,86,97,82
18,falling,32,556.0,,195.000,235.635,0.00000,7.40656,7.40656,0.000000,0.000000,0,0,3.56200,630.087,1.933,18.000,18.000,18.000,19.000,21.000,0.000,0.000,0,0,2.0291,86,172,86,97,82
18,falling,33,573.0,,195.000,243.363,0.00000,7.57657,7.57657,0.000000,0.000000,0,0,3.56200,630.087,1.933,18.000,18.000,18.000,19.000,21.000,0.000,0.000,0,0,2.0291,86,172,86,97,82
18,falling,34,590.0,,195.000,250.788,0.00000,7.73413,7.73413,0.000000,0.000000,0,0,3.56200,630.087,1.933,18.000,18.000,18.000,19.000,21.000,0.000,0.000,0,0,2.0291,86,172,86,97,82
18,falling,35,606.0,,195.000,258.845,0.00000,7.89914,7.89914,0.000000,0.000000,0,0,3.56200,630.087,1.933,18.000,18.000,18.000,19.000,21.000,0.000,0.000,0,0,2.0291,86,172,86,97,82
18,falling,36,623.0,,195.000,267.068,0.00000,8.06161,8.06161,0.000000,0.000000,0,0,3.56200,630.087,1.933,18.000,18.000,18.000,19.000,21.000,0.000,0.000,0,0,2.0291,86,172,86,97,82
18,falling,37,640.0,,195.000,274.951,0.00000,8.21219,8.21219,0.000000,0.000000,0,0,3.56200,630.087,1.933,18.000,18.000,18.000,19.000,21.000,0.000,0.000,0,0,2.0291,86,172,86,97,82
18,falling,38,656.0,,195.000,283.489,0.00000,8.36988,8.36988,0.000000,0.000000,0,0,3.56200,630.087,1.933,18.000,18.000,18.000,19.000,21.000,0.000,0.000,0,0,2.0291,86,172,86,97,82
18,falling,39,673.0,,195.000,292.184,0.00000,8.52515,8.52515,0.000000,0.000000,0,0,3.56200,630.087,1.933,18.000,18.000,18.000,19.000,21.000,0.000,0.000,0,0,2.0291,86,172,86,97,82
18,falling,40,690.0,,195.000,301.036,0.00000,8.67805,8.67805,0.000000,0.000000,0,0,3.56200,630.087,1.933,18.000,18.000,18.000,19.000,21.000,0.000,0.000,0,0,2.0291,86,172,86,97,82
18,falling,41,707.0,,195.000,309.503,0.00000,8.81975,8.81975,0.000000,0.000000,0,0,3.56200,630.087,1.933,18.000,18.000,18.000,19.000,21.000,0.000,0.000,0,0,2.0291,86,172,86,97,82
18,falling,42,723.0,,195.000,318.650,0.00000,8.96814,8.96814,0.000000,0.000000,0,0,3.56200,630.087,1.933,18.000,18.000,18.000,19.000,21.000,0.000,0.000,0,0,2.0291,86,172,86,97,82
18,falling,43,740.0,,195.000,327.947,0.00000,9.11427,9.11427,0.000000,0.000000,0,0,3.56200,630.087,1.933,18.000,18.000,18.000,19.000,21.000,0.000,0.000,0,0,2.0291,86,172,86,97,82
18,falling,44,757.0,,195.000,336.827,0.00000,9.24969,9.24969,0.000000,0.000000,0,0,3.56200,630.087,1.933,18.000,18.000,18.000,19.000,21.000,0.000,0.000,0,0,2.0291,86,172,86,97,82
18,falling,45,773.0,,195.000,346.406,0.00000,9.39150,9.39150,0.000000,0.000000,0,0,3.56200,630.087,1.933,18.000,18.000,18.000,19.000,21.000,0.000,0.000,0,0,2.0291,86,172,86,97,82
18,falling,46,790.0,,195.000,356.128,0.00000,9.53114,9.53114,0.000000,0.000000,0,0,3.56200,630.087,1.933,18.000,18.000,18.000,19.000,21.000,0.000,0.000,0,0,2.0291,86,172,86,97,82
18,falling,47,807.0,,195.000,365.402,0.00000,9.66056,9.66056,0.000000,0.000000,0,0,3.56200,630.087,1.933,18.000,18.000,18.000,19.000,21.000,0.000,0.000,0,0,2.0291,86,172,86,97,82
18,falling,48,823.0,,195.000,375.394,0.00000,9.79609,9.79609,0.000000,0.000000,0,0,3.56200,630.087,1.933,18.000,18.000,18.000,19.000,21.000,0.000,0.000,0,0,2.0291,86,172,86,97,82
18,falling,49,840.0,,195.000,385.522,0.00000,9.92954,9.92954,0.000000,0.000000,0,0,3.56200,630.087,1.933,18.000,18.000,18.000,19.000,21.000,0.000,0.000,0,0,2.0291,86,172,86,97,82
18,falling,50,857.0,,195.000,395.173,0.00000,10.05322,10.05322,0.000000,0.000000,0,0,3.56200,630.087,1.933,18.000,18.000,18.000,19.000,21.000,0.000,0.000,0,0,2.0291,86,172,86,97,82
18,falling,51,873.0,,195.000,405.560,0.00000,10.18274,10.18274,0.000000,0.000000,0,0,3.56200,630.087,1.933,18.000,18.000,18.000,19.000,21.000,0.000,0.000,0,0,2.0291,86,172,86,97,82
18,falling,52,890.0,,195.000,416.076,0.00000,10.31028,10.31028,0.000000,0.000000,0,0,3.56200,630.087,1.933,18.000,18.000,18.000,19.000,21.000,0.000,0.000,0,0,2.0291,86,172,86,97,82
18,falling,53,907.0,,195.000,426.087,0.00000,10.42848,10.42848,0.000000,0.000000,0,0,3.56200,630.087,1.933,18.000,18.000,18.000,19.000,21.000,0.000,0.000,0,0,2.0291,86,172,86,97,82
18,falling,54,923.0,,195.000,436.851,0.00000,10.55226,10.55226,0.000000,0.000000,0,0,3.56200,630.087,1.933,18.000,18.000,18.000,19.000,21.000,0.000,0.000,0,0,2.0291,86,172,86,97,82
18,falling,55,940.0,,195.000,447.738,0.00000,10.67414,10.67414,0.000000,0.000000,0,0,3.56200,630.087,1.933,18.000,18.000,18.000,19.000,21.000,0.000,0.000,0,0,2.0291,86,172,86,97,82
18,falling,56,957.0,,195.000,458.094,0.00000,10.78710,10.78710,0.000000,0.000000,0,0,3.56200,630.087,1.933,18.000,18.000,18.000,19.000,21.000,0.000,0.000,0,0,2.0291,86,172,86,97,82
18,falling,57,973.0,,195.000,469.217,0.00000,10.90539,10.90539,0.000000,0.000000,0,0,3.56200,630.087,1.933,18.000,18.000,18.000,19.000,21.000,0.000,0.000,0,0,2.0291,86,172,86,97,82
18,post_landing,58,990.0,58,195.000,479.212,-0.02508,-0.83896,0.83933,0.130193,0.000000,0,1,3.56200,630.087,1.933,18.000,18.000,18.000,19.000,21.000,0.000,0.000,0,4,2.0291,86,172,86,97,82
18,post_landing,59,1007.0,58,194.976,478.077,0.22453,-0.30812,0.38124,0.026974,0.123185,0,1,3.56200,630.087,1.933,18.000,5.955,11.909,19.225,21.701,0.000,0.000,0,1,2.0291,86,172,86,97,82
18,post_landing,60,1023.0,58,195.202,477.998,-0.08650,0.00000,0.08650,0.043139,0.150278,0,1,3.56200,630.087,1.933,18.000,5.932,11.865,19.235,21.811,0.000,0.000,0,1,2.0291,86,172,86,97,82
18,post_landing,61,1040.0,58,195.115,478.094,0.42941,0.04046,0.43132,-0.036526,0.193606,0,1,3.56200,630.087,1.933,18.000,0.000,5.888,19.222,21.954,0.000,0.000,0,1,2.0291,86,172,86,97,82
18,post_landing,62,1057.0,58,195.521,478.056,0.00390,-0.02196,0.02230,0.028274,0.159046,0,1,3.56200,630.087,1.933,18.000,5.924,11.849,19.235,21.844,0.000,0.000,0,1,2.0291,86,172,86,97,82
18,post_landing,63,1073.0,58,195.525,478.088,-0.16776,-0.06385,0.17950,0.032037,0.187445,0,1,3.56200,630.087,1.933,18.000,0.000,5.895,19.226,21.937,0.000,0.000,0,1,2.0291,86,172,86,97,82
18,post_landing,64,1090.0,58,195.357,478.166,-0.18061,-0.15199,0.23605,0.036978,0.219622,0,1,3.56200,630.087,1.933,18.000,0.000,5.856,19.197,22.021,0.000,0.000,0,1,2.0291,86,172,86,97,82
18,post_landing,65,1107.0,58,195.186,478.295,-0.16732,-0.16087,0.23211,0.037127,0.254610,0,1,3.56200,630.087,1.933,18.000,0.000,5.807,13.337,22.086,0.000,0.000,0,1,2.0291,86,172,86,97,82
18,post_landing,66,1123.0,58,195.018,478.435,-0.16476,0.12493,0.20677,0.036559,0.291901,0,0,3.56200,630.087,1.933,18.000,0.000,5.746,13.313,22.126,0.000,0.000,0,0,2.0291,86,172,86,97,82
18,post_landing,67,1140.0,58,194.852,478.778,-0.15251,-0.14945,0.21353,0.027948,0.328620,0,1,3.56200,630.087,1.933,18.000,0.000,5.679,13.273,22.135,0.000,0.000,0,1,2.0291,86,172,86,97,82
18,post_landing,68,1157.0,58,194.708,478.892,-0.15031,0.11937,0.19195,0.027545,0.355064,0,0,3.56200,630.087,1.933,18.000,0.000,0.000,9.239,24.104,0.000,0.000,0,0,2.0291,86,172,86,97,82
18,post_landing,69,1174.0,58,194.557,479.267,-0.13913,-0.12205,0.18508,0.026538,0.382730,0,1,3.56200,630.087,1.933,18.000,0.000,0.000,9.288,24.143,0.000,0.000,0,1,2.0291,86,172,86,97,82
18,post_landing,70,1190.0,58,194.417,479.433,-0.13700,0.16315,0.21305,0.026131,0.409384,0,0,3.56200,630.087,1.933,18.000,0.000,0.000,9.329,24.162,0.000,0.000,0,0,2.0291,86,172,86,97,82
18,post_landing,71,1207.0,58,194.288,479.843,-0.12693,-0.02781,0.12994,0.024863,0.434109,0,1,3.56200,630.087,1.933,18.000,0.000,0.000,9.361,24.165,0.000,0.000,0,1,2.0291,86,172,86,97,82
18,post_landing,72,1224.0,58,194.160,480.105,-0.12499,0.25595,0.28483,0.024483,0.459082,0,0,3.56200,630.087,1.933,18.000,0.000,0.000,9.387,24.153,0.000,0.000,0,0,2.0291,86,172,86,97,82
18,post_landing,73,1240.0,58,194.035,480.519,-0.11569,0.01845,0.11715,0.026771,0.483672,0,1,3.56200,630.087,1.933,18.000,0.000,0.000,9.408,18.815,0.000,0.000,0,1,2.0291,86,172,86,97,82
18,post_landing,74,1257.0,58,193.925,480.792,-0.11402,0.28486,0.30683,0.026385,0.509002,0,0,3.56200,630.087,1.933,18.000,0.000,0.000,9.422,18.845,0.000,0.000,0,0,2.0291,86,172,86,97,82
18,post_landing,75,1274.0,58,193.811,481.314,-0.10554,0.06872,0.12594,0.025901,0.535503,0,1,3.56200,630.087,1.933,18.000,0.000,0.000,9.431,18.863,0.000,0.000,0,1,2.0291,86,172,86,97,82
18,post_landing,76,1290.0,58,193.705,481.672,-0.10393,0.35100,0.36606,0.025504,0.561517,0,0,3.56200,630.087,1.933,18.000,0.000,0.000,9.434,18.868,0.000,0.000,0,0,2.0291,86,172,86,97,82
18,post_landing,77,1307.0,58,193.606,482.189,-0.05147,0.09708,0.10988,0.021805,0.585649,0,1,3.56200,630.087,1.933,18.000,0.000,2.492,9.431,18.861,0.000,0.000,0,1,2.0291,86,172,86,97,82
18,post_landing,78,1324.0,58,193.554,482.598,0.26149,-0.26512,0.37238,0.018449,0.607550,0,1,3.56200,630.087,1.933,18.000,0.000,2.534,9.423,18.845,0.000,0.000,0,1,2.0291,86,172,86,97,82
18,post_landing,79,1340.0,58,193.817,482.638,0.25749,0.02227,0.25845,0.018166,0.626080,0,0,3.56200,630.087,1.933,18.000,0.000,2.568,11.395,18.825,0.000,0.000,0,0,2.0291,86,172,86,97,82
18,post_landing,80,1357.0,58,194.061,482.929,0.25378,0.28862,0.38432,0.017905,0.643268,0,0,3.56200,630.087,1.933,18.000,0.000,2.600,11.400,18.800,0.000,0.000,0,0,2.0291,86,172,86,97,82
18,post_landing,81,1374.0,58,194.316,483.519,0.24990,0.56753,0.62012,0.017631,0.661252,0,0,3.56200,630.087,1.933,18.000,0.000,2.632,11.402,18.769,0.000,0.000,0,0,2.0291,86,172,86,97,82
18,post_landing,82,1390.0,58,194.567,484.096,0.59458,0.02074,0.59494,0.014493,0.678960,0,1,3.56200,630.087,1.933,18.000,0.000,2.662,11.400,18.731,0.000,0.000,0,1,2.0291,86,172,86,97,82
18,post_landing,83,1407.0,58,195.164,484.399,0.93502,-0.36342,1.00317,0.021978,0.693517,0,1,3.56200,630.087,1.933,18.000,0.000,2.687,11.396,18.696,0.000,0.000,0,1,2.0291,86,172,86,97,82
18,post_landing,84,1424.0,58,196.049,484.311,0.92156,-0.09152,0.92609,0.021662,0.714313,0,0,3.56200,630.087,1.933,18.000,0.000,2.721,11.386,18.640,0.000,0.000,0,0,2.0291,86,172,86,97,82
18,post_landing,85,1442.0,58,197.028,484.538,0.90663,0.20997,0.93063,0.021311,0.737328,0,0,3.56200,630.087,1.933,18.000,0.000,2.757,6.927,15.002,0.000,0.000,0,0,2.0291,86,172,86,97,82
18,post_landing,86,1457.0,58,197.886,484.992,0.89358,0.47361,1.01133,0.021004,0.757492,0,0,3.56200,630.087,1.933,18.000,0.000,2.788,6.989,14.942,0.000,0.000,0,0,2.0291,86,172,86,97,82
18,post_landing,87,1474.0,58,198.731,485.697,0.88071,0.73346,1.14613,0.020702,0.777366,0,0,3.56200,630.087,1.933,18.000,0.000,2.817,7.048,14.877,0.000,0.000,0,0,2.0291,86,172,86,97,82
18,post_landing,88,1490.0,58,199.616,486.722,0.86723,1.00557,1.32788,0.020385,0.798158,0,0,3.56200,630.087,1.933,18.000,0.000,2.846,7.107,14.803,0.000,0.000,0,0,2.0291,86,172,86,97,82
18,post_landing,89,1507.0,58,200.487,487.532,1.06968,0.38657,1.13738,0.002189,0.818632,0,1,3.56200,630.087,1.933,18.000,0.000,5.018,10.035,20.518,0.000,0.000,0,1,2.0291,86,172,86,97,82
18,post_landing,90,1524.0,58,201.499,487.592,0.91248,0.22850,0.94065,0.010523,0.820703,0,1,3.56200,630.087,1.933,18.000,0.000,5.022,10.043,20.518,0.000,0.000,0,1,2.0291,86,172,86,97,82
18,post_landing,91,1540.0,58,202.415,487.858,0.77246,0.19317,0.79625,0.010404,0.831273,0,1,3.56200,630.087,1.933,18.000,0.000,5.042,10.084,20.517,0.000,0.000,0,1,2.0291,86,172,86,97,82
18,post_landing,92,1557.0,58,203.191,488.142,0.65917,0.17995,0.68329,0.008946,0.841722,0,1,3.56200,630.087,1.933,18.000,0.000,5.061,10.123,20.006,0.000,0.000,0,1,2.0291,86,172,86,97,82
18,post_landing,93,1574.0,58,203.815,488.375,0.56243,0.16873,0.58720,0.007688,0.850187,0,1,3.56200,630.087,1.933,18.000,0.000,5.077,10.153,20.032,0.000,0.000,0,1,2.0291,86,172,86,97,82
18,post_landing,94,1590.0,58,204.380,488.597,0.47967,0.16908,0.50859,0.006841,0.857909,0,1,3.56200,630.087,1.933,18.000,0.000,5.090,10.181,20.054,0.000,0.000,0,1,2.0291,86,172,86,97,82
18,post_landing,95,1607.0,58,204.861,488.794,0.43396,0.32145,0.54005,0.011503,0.864780,0,1,3.56200,630.087,1.933,18.000,0.000,5.102,10.205,20.073,0.000,0.000,0,1,2.0291,86,172,86,97,82
18,post_landing,96,1624.0,58,205.272,489.102,0.44662,0.36432,0.57637,0.016942,0.875664,0,1,3.56200,630.087,1.933,18.000,0.000,5.121,10.242,20.101,0.000,0.000,0,1,2.0291,86,172,86,97,82
18,post_landing,97,1640.0,58,205.721,489.593,0.48429,0.39451,0.62464,0.020178,0.892680,0,1,3.56200,630.087,1.933,18.000,0.000,5.148,10.297,20.139,0.000,0.000,0,1,2.0291,86,172,86,97,82
18,post_landing,98,1657.0,58,206.207,490.188,0.50899,0.43207,0.66765,0.022281,0.912946,0,1,3.56200,630.087,1.933,18.000,0.000,7.373,10.359,21.760,0.000,0.000,0,1,2.0291,86,172,86,97,82
18,post_landing,99,1674.0,58,206.689,490.820,0.52091,0.46779,0.70012,0.022657,0.934028,0,1,3.56200,630.087,1.933,18.000,3.007,7.412,10.419,22.621,0.000,0.000,0,1,2.0291,86,172,86,97,82
18,post_landing,100,1690.0,58,207.212,491.528,0.52268,0.51774,0.73569,0.022856,0.956785,0,1,3.56200,630.087,1.933,18.000,3.028,7.450,10.478,22.685,0.000,0.000,0,1,2.0291,86,172,86,97,82
18,post_landing,101,1707.0,58,207.737,492.256,0.52090,0.55949,0.76444,0.023232,0.979741,0,1,3.56200,630.087,1.933,18.000,3.048,7.484,10.532,23.567,0.000,0.000,0,1,2.0291,86,172,86,97,82
18,post_landing,102,1724.0,58,208.230,492.964,0.51142,0.58627,0.77799,0.023614,1.001723,0,1,3.56200,630.087,1.933,18.000,3.066,7.513,10.579,41.103,0.000,0.000,0,1,2.0291,86,172,86,97,82
18,post_landing,103,1740.0,58,208.743,493.748,0.49456,0.62544,0.79735,0.024041,1.025441,0,1,3.56200,630.087,1.933,18.000,5.312,10.624,10.624,44.236,0.000,0.000,0,1,2.0291,86,172,86,97,82
18,post_landing,104,1757.0,58,209.240,494.559,0.47090,0.65969,0.81052,0.024820,1.049588,0,1,3.56200,630.087,1.933,18.000,7.564,10.664,10.664,46.012,0.000,0.000,0,1,2.0291,86,172,86,97,82
18,post_landing,105,1774.0,58,209.686,495.358,0.44108,0.68094,0.81131,0.025176,1.073072,0,1,3.56200,630.087,1.933,18.000,7.583,10.696,17.325,48.688,0.000,0.000,0,1,2.0291,86,172,86,97,82
18,post_landing,106,1790.0,58,210.129,496.242,0.41375,0.71126,0.82285,0.025204,1.098358,0,1,3.56200,630.087,1.933,18.000,10.725,10.725,38.427,49.627,0.000,0.000,0,1,2.0291,86,172,86,97,82
18,post_landing,107,1807.0,58,210.544,497.140,0.39576,0.73266,0.83272,0.024927,1.123674,0,1,3.56200,630.087,1.933,18.000,10.746,10.746,41.652,50.125,0.000,0.000,0,1,2.0291,86,172,86,97,82
18,post_landing,108,1824.0,58,210.919,498.054,0.53560,0.62972,0.82669,0.023848,1.147259,0,1,3.56200,630.087,1.933,18.000,10.760,10.760,45.365,50.155,0.000,0.000,0,2,2.0291,86,172,86,97,82
18,post_landing,109,1840.0,58,211.457,498.886,0.58178,0.62991,0.85747,0.021700,1.171211,0,1,3.56200,630.087,1.933,18.000,10.768,41.763,47.291,51.221,0.000,0.000,0,3,2.0291,86,172,86,97,82
18,post_landing,110,1857.0,58,212.041,499.664,0.59267,0.62514,0.86143,0.023216,1.193007,0,1,3.56200,630.087,1.933,18.000,41.783,43.642,47.360,54.043,0.000,0.000,0,5,2.0291,86,172,86,97,82
18,post_landing,111,1874.0,58,212.602,500.186,0.38948,-0.04480,0.39205,0.016759,1.214974,0,1,3.56200,630.087,1.933,18.000,43.657,46.469,47.996,55.951,0.000,0.000,0,6,2.0291,86,172,86,97,82
18,post_landing,112,1891.0,58,212.993,499.927,0.06969,-0.04508,0.08300,0.036142,1.231807,0,1,3.56200,630.087,1.933,18.000,36.056,46.484,48.038,55.969,0.000,0.000,0,2,2.0291,86,172,86,97,82
18,post_landing,113,1907.0,58,213.063,499.867,0.01456,-0.03855,0.04121,0.028498,1.268108,0,1,3.56200,630.087,1.933,18.000,5.071,39.850,48.082,54.168,0.000,0.000,0,2,2.0291,86,172,86,97,82
18,post_landing,114,1924.0,58,213.077,499.855,0.13302,-0.05598,0.14432,0.006517,1.295072,0,1,3.56200,630.087,1.933,18.000,5.083,8.932,48.074,54.955,0.000,0.000,0,2,2.0291,86,172,86,97,82
18,post_landing,115,1941.0,58,213.210,499.853,-0.22347,0.00000,0.22347,0.037838,1.301618,0,1,3.56200,630.087,1.933,18.000,5.086,8.942,44.909,54.981,0.000,0.000,0,2,2.0291,86,172,86,97,82
18,post_landing,116,1957.0,58,212.986,499.934,0.13516,-0.07776,0.15593,-0.009647,1.339622,0,1,3.56200,630.087,1.933,18.000,7.043,8.990,10.192,57.031,0.000,0.000,0,3,2.0291,86,172,86,97,82
18,post_landing,117,1974.0,58,213.114,499.846,0.09545,0.02585,0.09889,-0.004879,1.330494,0,1,3.56200,630.087,1.933,18.000,7.037,8.979,37.346,57.009,0.000,0.000,0,2,2.0291,86,172,86,97,82
19,falling,0,28.0,,195.000,97.029,0.00000,0.55000,0.55000,0.000000,0.000000,0,0,4.00600,1049.179,2.425,8.000,8.000,9.000,11.000,12.000,0.000,0.000,0,0,1.8824,72,144,72,73,59
19,falling,1,33.0,,195.000,97.177,0.00000,0.61469,0.61469,0.000000,0.000000,0,0,4.00600,1049.179,2.425,8.000,8.000,9.000,11.000,12.000,0.000,0.000,0,0,1.8824,72,144,72,73,59
19,falling,2,49.0,,195.000,98.083,0.00000,0.88862,0.88862,0.000000,0.000000,0,0,4.00600,1049.179,2.425,8.000,8.000,9.000,11.000,12.000,0.000,0.000,0,0,1.8824,72,144,72,73,59
19,falling,3,66.0,,195.000,99.264,0.00000,1.15835,1.15835,0.000000,0.000000,0,0,4.00600,1049.179,2.425,8.000,8.000,9.000,11.000,12.000,0.000,0.000,0,0,1.8824,72,144,72,73,59
19,falling,4,83.0,,195.000,100.717,0.00000,1.42396,1.42396,0.000000,0.000000,0,0,4.00600,1049.179,2.425,8.000,8.000,9.000,11.000,12.000,0.000,0.000,0,0,1.8824,72,144,72,73,59
19,falling,5,99.0,,195.000,102.320,0.00000,1.67012,1.67012,0.000000,0.000000,0,0,4.00600,1049.179,2.425,8.000,8.000,9.000,11.000,12.000,0.000,0.000,0,0,1.8824,72,144,72,73,59
19,falling,6,116.0,,195.000,104.287,0.00000,1.92791,1.92791,0.000000,0.000000,0,0,4.00600,1049.179,2.425,8.000,8.000,9.000,11.000,12.000,0.000,0.000,0,0,1.8824,72,144,72,73,59
19,falling,7,133.0,,195.000,106.512,0.00000,2.18174,2.18174,0.000000,0.000000,0,0,4.00600,1049.179,2.425,8.000,8.000,9.000,11.000,12.000,0.000,0.000,0,0,1.8824,72,144,72,73,59
19,falling,8,149.0,,195.000,108.832,0.00000,2.41699,2.41699,0.000000,0.000000,0,0,4.00600,1049.179,2.425,8.000,8.000,9.000,11.000,12.000,0.000,0.000,0,0,1.8824,72,144,72,73,59
19,falling,9,166.0,,195.000,111.549,0.00000,2.66334,2.66334,0.000000,0.000000,0,0,4.00600,1049.179,2.425,8.000,8.000,9.000,11.000,12.000,0.000,0.000,0,0,1.8824,72,144,72,73,59
19,falling,10,183.0,,195.000,114.513,0.00000,2.90593,2.90593,0.000000,0.000000,0,0,4.00600,1049.179,2.425,8.000,8.000,9.000,11.000,12.000,0.000,0.000,0,0,1.8824,72,144,72,73,59
19,falling,11,200.0,,195.000,117.519,0.00000,3.13075,3.13075,0.000000,0.000000,0,0,4.00600,1049.179,2.425,8.000,8.000,9.000,11.000,12.000,0.000,0.000,0,0,1.8824,72,144,72,73,59
19,falling,12,216.0,,195.000,120.952,0.00000,3.36618,3.36618,0.000000,0.000000,0,0,4.00600,1049.179,2.425,8.000,8.000,9.000,11.000,12.000,0.000,0.000,0,0,1.8824,72,144,72,73,59
19,falling,13,234.0,,195.000,124.622,0.00000,3.59801,3.59801,0.000000,0.000000,0,0,4.00600,1049.179,2.425,8.000,8.000,9.000,11.000,12.000,0.000,0.000,0,0,1.8824,72,144,72,73,59
19,falling,14,250.0,,195.000,128.282,0.00000,3.81287,3.81287,0.000000,0.000000,0,0,4.00600,1049.179,2.425,8.000,8.000,9.000,11.000,12.000,0.000,0.000,0,0,1.8824,72,144,72,73,59
19,falling,15,266.0,,195.000,132.401,0.00000,4.03787,4.03787,0.000000,0.000000,0,0,4.00600,1049.179,2.425,8.000,8.000,9.000,11.000,12.000,0.000,0.000,0,0,1.8824,72,144,72,73,59
19,falling,16,283.0,,195.000,136.746,0.00000,4.25942,4.25942,0.000000,0.000000,0,0,4.00600,1049.179,2.425,8.000,8.000,9.000,11.000,12.000,0.000,0.000,0,0,1.8824,72,144,72,73,59
19,falling,17,300.0,,195.000,141.032,0.00000,4.46475,4.46475,0.000000,0.000000,0,0,4.00600,1049.179,2.425,8.000,8.000,9.000,11.000,12.000,0.000,0.000,0,0,1.8824,72,144,72,73,59
19,falling,18,316.0,,195.000,145.805,0.00000,4.67977,4.67977,0.000000,0.000000,0,0,4.00600,1049.179,2.425,8.000,8.000,9.000,11.000,12.000,0.000,0.000,0,0,1.8824,72,144,72,73,59
19,falling,19,333.0,,195.000,150.794,0.00000,4.89151,4.89151,0.000000,0.000000,0,0,4.00600,1049.179,2.425,8.000,8.000,9.000,11.000,12.000,0.000,0.000,0,0,1.8824,72,144,72,73,59
19,falling,20,350.0,,195.000,155.679,0.00000,5.08773,5.08773,0.000000,0.000000,0,0,4.00600,1049.179,2.425,8.000,8.000,9.000,11.000,12.000,0.000,0.000,0,0,1.8824,72,144,72,73,59
19,falling,21,366.0,,195.000,161.078,0.00000,5.29323,5.29323,0.000000,0.000000,0,0,4.00600,1049.179,2.425,8.000,8.000,9.000,11.000,12.000,0.000,0.000,0,0,1.8824,72,144,72,73,59
19,falling,22,383.0,,195.000,166.683,0.00000,5.49557,5.49557,0.000000,0.000000,0,0,4.00600,1049.179,2.425,8.000,8.000,9.000,11.000,12.000,0.000,0.000,0,0,1.8824,72,144,72,73,59
19,falling,23,400.0,,195.000,172.139,0.00000,5.68310,5.68310,0.000000,0.000000,0,0,4.00600,1049.179,2.425,8.000,8.000,9.000,11.000,12.000,0.000,0.000,0,0,1.8824,72,144,72,73,59
19,falling,24,416.0,,195.000,178.136,0.00000,5.87949,5.87949,0.000000,0.000000,0,0,4.00600,1049.179,2.425,8.000,8.000,9.000,11.000,12.000,0.000,0.000,0,0,1.8824,72,144,72,73,59
19,falling,25,433.0,,195.000,184.330,0.00000,6.07286,6.07286,0.000000,0.000000,0,0,4.00600,1049.179,2.425,8.000,8.000,9.000,11.000,12.000,0.000,0.000,0,0,1.8824,72,144,72,73,59
19,falling,26,450.0,,195.000,190.332,0.00000,6.25208,6.25208,0.000000,0.000000,0,0,4.00600,1049.179,2.425,8.000,8.000,9.000,11.000,12.000,0.000,0.000,0,0,1.8824,72,144,72,73,59
19,falling,27,466.0,,195.000,196.901,0.00000,6.43976,6.43976,0.000000,0.000000,0,0,4.00600,1049.179,2.425,8.000,8.000,9.000,11.000,12.000,0.000,0.000,0,0,1.8824,72,144,72,73,59
19,falling,28,483.0,,195.000,203.658,0.00000,6.62456,6.62456,0.000000,0.000000,0,0,4.00600,1049.179,2.425,8.000,8.000,9.000,11.000,12.000,0.000,0.000,0,0,1.8824,72,144,72,73,59
19,falling,29,500.0,,195.000,210.182,0.00000,6.79583,6.79583,0.000000,0.000000,0,0,4.00600,1049.179,2.425,8.000,8.000,9.000,11.000,12.000,0.000,0.000,0,0,1.8824,72,144,72,73,59
19,falling,30,516.0,,195.000,217.297,0.00000,6.97519,6.97519,0.000000,0.000000,0,0,4.00600,1049.179,2.425,8.000,8.000,9.000,11.000,12.000,0.000,0.000,0,0,1.8824,72,144,72,73,59
19,falling,31,533.0,,195.000,224.592,0.00000,7.15180,7.15180,0.000000,0.000000,0,0,4.00600,1049.179,2.425,8.000,8.000,9.000,11.000,12.000,0.000,0.000,0,0,1.8824,72,144,72,73,59
19,falling,32,550.0,,195.000,231.614,0.00000,7.31549,7.31549,0.000000,0.000000,0,0,4.00600,1049.179,2.425,8.000,8.000,9.000,11.000,12.000,0.000,0.000,0,0,1.8824,72,144,72,73,59
19,falling,33,566.0,,195.000,239.251,0.00000,7.48689,7.48689,0.000000,0.000000,0,0,4.00600,1049.179,2.425,8.000,8.000,9.000,11.000,12.000,0.000,0.000,0,0,1.8824,72,144,72,73,59
19,falling,34,583.0,,195.000,247.060,0.00000,7.65568,7.65568,0.000000,0.000000,0,0,4.00600,1049.179,2.425,8.000,8.000,9.000,11.000,12.000,0.000,0.000,0,0,1.8824,72,144,72,73,59
19,falling,35,600.0,,195.000,254.559,0.00000,7.81210,7.81210,0.000000,0.000000,0,0,4.00600,1049.179,2.425,8.000,8.000,9.000,11.000,12.000,0.000,0.000,0,0,1.8824,72,144,72,73,59
19,falling,36,616.0,,195.000,262.695,0.00000,7.97591,7.97591,0.000000,0.000000,0,0,4.00600,1049.179,2.425,8.000,8.000,9.000,11.000,12.000,0.000,0.000,0,0,1.8824,72,144,72,73,59
19,falling,37,633.0,,195.000,270.995,0.00000,8.13721,8.13721,0.000000,0.000000,0,0,4.00600,1049.179,2.425,8.000,8.000,9.000,11.000,12.000,0.000,0.000,0,0,1.8824,72,144,72,73,59
19,falling,38,650.0,,195.000,278.950,0.00000,8.28670,8.28670,0.000000,0.000000,0,0,4.00600,1049.179,2.425,8.000,8.000,9.000,11.000,12.000,0.000,0.000,0,0,1.8824,72,144,72,73,59
19,falling,39,666.0,,195.000,287.562,0.00000,8.44325,8.44325,0.000000,0.000000,0,0,4.00600,1049.179,2.425,8.000,8.000,9.000,11.000,12.000,0.000,0.000,0,0,1.8824,72,144,72,73,59
19,falling,40,683.0,,195.000,296.332,0.00000,8.59740,8.59740,0.000000,0.000000,0,0,4.00600,1049.179,2.425,8.000,8.000,9.000,11.000,12.000,0.000,0.000,0,0,1.8824,72,144,72,73,59
19,falling,41,700.0,,195.000,304.722,0.00000,8.74026,8.74026,0.000000,0.000000,0,0,4.00600,1049.179,2.425,8.000,8.000,9.000,11.000,12.000,0.000,0.000,0,0,1.8824,72,144,72,73,59
19,falling,42,716.0,,195.000,313.790,0.00000,8.88987,8.88987,0.000000,0.000000,0,0,4.00600,1049.179,2.425,8.000,8.000,9.000,11.000,12.000,0.000,0.000,0,0,1.8824,72,144,72,73,59
19,falling,43,733.0,,195.000,323.008,0.00000,9.03719,9.03719,0.000000,0.000000,0,0,4.00600,1049.179,2.425,8.000,8.000,9.000,11.000,12.000,0.000,0.000,0,0,1.8824,72,144,72,73,59
19,falling,44,750.0,,195.000,332.374,0.00000,9.18225,9.18225,0.000000,0.000000,0,0,4.00600,1049.179,2.425,8.000,8.000,9.000,11.000,12.000,0.000,0.000,0,0,1.8824,72,144,72,73,59
19,falling,45,766.0,,195.000,341.318,0.00000,9.31670,9.31670,0.000000,0.000000,0,0,4.00600,1049.179,2.425,8.000,8.000,9.000,11.000,12.000,0.000,0.000,0,0,1.8824,72,144,72,73,59
19,falling,46,783.0,,195.000,350.964,0.00000,9.45748,9.45748,0.000000,0.000000,0,0,4.00600,1049.179,2.425,8.000,8.000,9.000,11.000,12.000,0.000,0.000,0,0,1.8824,72,144,72,73,59
19,falling,47,800.0,,195.000,360.752,0.00000,9.59612,9.59612,0.000000,0.000000,0,0,4.00600,1049.179,2.425,8.000,8.000,9.000,11.000,12.000,0.000,0.000,0,0,1.8824,72,144,72,73,59
19,falling,48,816.0,,195.000,370.088,0.00000,9.72460,9.72460,0.000000,0.000000,0,0,4.00600,1049.179,2.425,8.000,8.000,9.000,11.000,12.000,0.000,0.000,0,0,1.8824,72,144,72,73,59
19,falling,49,833.0,,195.000,380.144,0.00000,9.85915,9.85915,0.000000,0.000000,0,0,4.00600,1049.179,2.425,8.000,8.000,9.000,11.000,12.000,0.000,0.000,0,0,1.8824,72,144,72,73,59
19,falling,50,850.0,,195.000,390.336,0.00000,9.99164,9.99164,0.000000,0.000000,0,0,4.00600,1049.179,2.425,8.000,8.000,9.000,11.000,12.000,0.000,0.000,0,0,1.8824,72,144,72,73,59
19,falling,51,866.0,,195.000,400.046,0.00000,10.11442,10.11442,0.000000,0.000000,0,0,4.00600,1049.179,2.425,8.000,8.000,9.000,11.000,12.000,0.000,0.000,0,0,1.8824,72,144,72,73,59
19,falling,52,883.0,,195.000,410.494,0.00000,10.24301,10.24301,0.000000,0.000000,0,0,4.00600,1049.179,2.425,8.000,8.000,9.000,11.000,12.000,0.000,0.000,0,0,1.8824,72,144,72,73,59
19,falling,53,900.0,,195.000,420.441,0.00000,10.36217,10.36217,0.000000,0.000000,0,0,4.00600,1049.179,2.425,8.000,8.000,9.000,11.000,12.000,0.000,0.000,0,0,1.8824,72,144,72,73,59
19,falling,54,916.0,,195.000,431.138,0.00000,10.48696,10.48696,0.000000,0.000000,0,0,4.00600,1049.179,2.425,8.000,8.000,9.000,11.000,12.000,0.000,0.000,0,0,1.8824,72,144,72,73,59
19,falling,55,933.0,,195.000,441.960,0.00000,10.60985,10.60985,0.000000,0.000000,0,0,4.00600,1049.179,2.425,8.000,8.000,9.000,11.000,12.000,0.000,0.000,0,0,1.8824,72,144,72,73,59
19,falling,56,950.0,,195.000,452.255,0.00000,10.72373,10.72373,0.000000,0.000000,0,0,4.00600,1049.179,2.425,8.000,8.000,9.000,11.000,12.000,0.000,0.000,0,0,1.8824,72,144,72,73,59
19,falling,57,966.0,,195.000,463.315,0.00000,10.84299,10.84299,0.000000,0.000000,0,0,4.00600,1049.179,2.425,8.000,8.000,9.000,11.000,12.000,0.000,0.000,0,0,1.8824,72,144,72,73,59
19,falling,58,983.0,,195.000,474.494,0.00000,10.96043,10.96043,0.000000,0.000000,0,0,4.00600,1049.179,2.425,8.000,8.000,9.000,11.000,12.000,0.000,0.000,0,0,1.8824,72,144,72,73,59
19,post_landing,59,1000.0,59,195.000,481.882,-1.89385,-0.37714,1.93103,0.004769,0.000000,0,1,4.00600,1049.179,2.425,8.000,8.000,9.000,11.000,12.000,0.000,0.000,0,6,1.8824,72,144,72,73,59
19,post_landing,60,1017.0,59,193.098,480.317,-1.43999,-0.04842,1.44080,-0.017840,0.004790,0,1,4.00600,1049.179,2.425,8.000,7.005,8.005,9.995,11.985,0.000,0.000,0,3,1.8824,72,144,72,73,59
19,post_landing,61,1033.0,59,191.652,479.977,-1.83664,0.08955,1.83882,0.026827,-0.013128,0,1,4.00600,1049.179,2.425,8.000,8.012,9.025,11.052,12.104,0.000,0.000,0,2,1.8824,72,144,72,73,59
19,post_landing,62,1050.0,59,189.914,479.709,-1.80511,0.00000,1.80511,0.012781,0.012254,0,1,4.00600,1049.179,2.425,8.000,7.012,8.012,9.987,11.962,0.000,0.000,0,2,1.8824,72,144,72,73,59
19,post_landing,63,1067.0,59,188.101,479.537,-2.33128,0.10767,2.33377,0.051608,0.025091,0,1,4.00600,1049.179,2.425,8.000,7.023,8.023,9.972,11.921,0.000,0.000,0,2,1.8824,72,144,72,73,59
19,post_landing,64,1083.0,59,185.759,478.904,-2.35114,0.13318,2.35491,0.035279,0.076926,0,1,4.00600,1049.179,2.425,8.000,7.056,8.053,9.894,11.734,0.000,0.000,0,2,1.8824,72,144,72,73,59
19,post_landing,65,1100.0,59,183.398,478.536,-1.25246,-0.72357,1.44644,-0.146566,0.112360,0,1,4.00600,1049.179,2.425,8.000,7.068,8.062,8.943,11.588,0.000,0.000,0,2,1.8824,72,144,72,73,59
19,post_landing,66,1116.0,59,182.213,478.108,-1.23442,-0.44648,1.31268,-0.144455,-0.026318,0,0,4.00600,1049.179,2.425,8.000,8.024,9.050,11.101,12.206,0.000,0.000,0,0,1.8824,72,144,72,73,59
19,post_landing,67,1133.0,59,180.973,477.948,-1.21553,-0.15632,1.22554,-0.142245,-0.171408,0,0,4.00600,1049.179,2.425,8.000,1.156,9.209,11.521,21.413,0.000,0.000,0,0,1.8824,72,144,72,73,59
19,post_landing,68,1150.0,59,179.752,478.080,-1.19694,0.12941,1.20391,-0.140069,-0.314278,0,0,4.00600,1049.179,2.425,8.000,1.260,3.780,12.958,22.730,0.000,0.000,0,0,1.8824,72,144,72,73,59
19,post_landing,69,1167.0,59,178.619,478.459,-1.17970,0.39421,1.24382,-0.138052,-0.446808,0,0,4.00600,1049.179,2.425,8.000,2.668,5.336,22.358,29.459,0.000,0.000,0,0,1.8824,72,144,72,73,59
19,post_landing,70,1183.0,59,177.435,479.144,-1.16165,0.67151,1.34178,-0.135940,-0.585467,0,0,4.00600,1049.179,2.425,8.000,15.808,16.913,29.678,41.038,0.000,0.000,0,0,1.8824,72,144,72,73,59
19,post_landing,71,1200.0,59,176.268,480.107,-1.14388,0.94457,1.48347,-0.133860,-0.722004,0,0,4.00600,1049.179,2.425,8.000,0.661,24.083,29.639,46.004,0.000,0.000,0,0,1.8824,72,144,72,73,59
19,post_landing,72,1217.0,59,175.185,481.257,-1.12741,1.19764,1.64480,-0.131932,-0.848659,0,0,4.00600,1049.179,2.425,8.000,8.558,15.615,39.608,44.861,0.000,0.000,0,0,1.8824,72,144,72,73,59
19,post_landing,73,1233.0,59,174.053,482.749,-1.11016,1.46265,1.83624,-0.129914,-0.981171,0,0,4.00600,1049.179,2.425,8.000,24.408,26.070,27.182,48.534,0.000,0.000,0,0,1.8824,72,144,72,73,59
19,post_landing,74,1250.0,59,173.003,484.389,-1.09417,1.70825,2.02863,-0.128043,-1.104092,0,0,4.00600,1049.179,2.425,8.000,5.365,11.630,30.412,35.327,0.000,0.000,0,0,1.8824,72,144,72,73,59
19,post_landing,75,1266.0,59,171.904,486.393,-1.07743,1.96545,2.24139,-0.126084,-1.232698,0,0,4.00600,1049.179,2.425,8.000,5.380,5.380,20.246,41.104,0.000,0.000,0,0,1.8824,72,144,72,73,59
19,post_landing,76,1283.0,59,170.822,488.657,-1.06094,2.21871,2.45932,-0.124155,-1.359336,0,0,4.00600,1049.179,2.425,8.000,4.121,10.197,18.439,39.810,0.000,0.000,0,0,1.8824,72,144,72,73,59
19,post_landing,77,1300.0,59,169.818,491.012,-1.04567,2.45343,2.66697,-0.122367,-1.476808,0,0,4.00600,1049.179,2.425,8.000,9.054,11.045,24.082,39.203,0.000,0.000,0,0,1.8824,72,144,72,73,59
19,post_landing,78,1317.0,59,168.767,493.765,-1.02967,2.69922,2.88895,-0.120495,-1.599713,0,0,4.00600,1049.179,2.425,8.000,19.021,25.018,49.066,60.033,0.000,0.000,0,0,1.8824,72,144,72,73,59
19,post_landing,79,1333.0,59,167.733,496.765,-1.01391,2.94126,3.11111,-0.118651,-1.720737,0,0,4.00600,1049.179,2.425,8.000,40.447,49.496,53.600,59.384,0.000,0.000,0,0,1.8824,72,144,72,73,59
19,post_landing,80,1350.0,59,166.774,498.861,0.40286,0.38241,0.55546,0.007401,-1.833002,0,1,4.00600,1049.179,2.425,8.000,1.225,11.402,34.912,54.299,0.000,0.000,0,3,1.8824,72,144,72,73,59
19,post_landing,81,1367.0,59,167.179,498.812,0.92981,-0.07395,0.93275,0.018532,-1.825569,0,1,4.00600,1049.179,2.425,8.000,1.220,11.401,34.919,55.029,0.000,0.000,0,2,1.8824,72,144,72,73,59
19,post_landing,82,1383.0,59,168.112,498.992,1.24796,0.02453,1.24820,0.000000,-1.806956,0,1,4.00600,1049.179,2.425,8.000,1.206,11.397,34.928,56.047,0.000,0.000,0,1,1.8824,72,144,72,73,59
19,post_landing,83,1400.0,59,169.366,499.012,0.75102,0.11685,0.76005,0.015209,-1.806956,0,1,4.00600,1049.179,2.425,8.000,1.206,11.397,34.928,56.047,0.000,0.000,0,1,1.8824,72,144,72,73,59
19,post_landing,84,1417.0,59,170.076,499.405,0.55555,0.14510,0.57418,0.011474,-1.792566,0,1,4.00600,1049.179,2.425,8.000,1.195,10.195,44.902,56.828,0.000,0.000,0,1,1.8824,72,144,72,73,59
19,post_landing,85,1433.0,59,170.634,499.756,0.40882,0.16196,0.43974,0.008576,-1.781042,0,1,4.00600,1049.179,2.425,8.000,1.187,31.570,44.909,56.854,0.000,0.000,0,1,1.8824,72,144,72,73,59
19,post_landing,86,1450.0,59,171.021,499.999,0.30026,0.33251,0.44801,0.011831,-1.772928,0,1,4.00600,1049.179,2.425,8.000,1.180,32.553,49.809,56.867,0.000,0.000,0,1,1.8824,72,144,72,73,59
19,post_landing,87,1467.0,59,171.323,500.362,0.30623,0.42754,0.52590,0.012818,-1.761045,0,1,4.00600,1049.179,2.425,8.000,1.171,32.557,51.782,56.881,0.000,0.000,0,1,1.8824,72,144,72,73,59
19,post_landing,88,1483.0,59,171.630,500.754,0.32248,0.49078,0.58725,0.014094,-1.748171,0,1,4.00600,1049.179,2.425,8.000,28.443,42.576,51.788,57.517,0.000,0.000,0,1,1.8824,72,144,72,73,59
19,post_landing,89,1500.0,59,171.954,501.186,0.34006,0.53604,0.63481,0.015417,-1.734015,0,1,4.00600,1049.179,2.425,8.000,30.414,42.579,53.596,57.542,0.000,0.000,0,1,1.8824,72,144,72,73,59
19,post_landing,90,1517.0,59,172.276,501.748,0.35228,0.02459,0.35313,0.015345,-1.719427,0,1,4.00600,1049.179,2.425,8.000,40.447,49.496,53.600,59.386,0.000,0.000,0,4,1.8824,72,144,72,73,59
19,post_landing,91,1533.0,59,172.630,501.900,0.27448,0.02989,0.27610,0.016497,-1.704015,0,1,4.00600,1049.179,2.425,8.000,39.319,49.496,54.451,59.407,0.000,0.000,0,4,1.8824,72,144,72,73,59
19,post_landing,92,1550.0,59,172.906,501.960,0.04871,-0.12248,0.13181,0.012761,-1.687445,0,1,4.00600,1049.179,2.425,8.000,44.283,47.379,53.338,60.291,0.000,0.000,0,4,1.8824,72,144,72,73,59
19,post_landing,93,1567.0,59,172.952,501.963,0.12080,0.00000,0.12080,0.001772,-1.675371,0,1,4.00600,1049.179,2.425,8.000,23.083,46.271,53.337,61.293,0.000,0.000,0,4,1.8824,72,144,72,73,59
19,post_landing,94,1583.0,59,173.073,501.966,0.01493,-0.01456,0.02086,0.004180,-1.673592,0,1,4.00600,1049.179,2.425,8.000,23.084,46.270,53.336,61.294,0.000,0.000,0,4,1.8824,72,144,72,73,59
19,post_landing,95,1600.0,59,173.087,501.967,0.12283,0.00000,0.12283,-0.002341,-1.669636,0,1,4.00600,1049.179,2.425,8.000,23.085,47.165,53.333,61.294,0.000,0.000,0,4,1.8824,72,144,72,73,59
19,post_landing,96,1617.0,59,173.211,501.968,0.13570,0.02368,0.13775,-0.001377,-1.671988,0,1,4.00600,1049.179,2.425,8.000,23.084,46.270,53.335,61.294,0.000,0.000,0,4,1.8824,72,144,72,73,59
19,post_landing,97,1633.0,59,173.347,501.967,-0.40066,-0.05480,0.40439,0.021448,-1.673371,0,1,4.00600,1049.179,2.425,8.000,23.084,46.270,53.336,61.294,0.000,0.000,0,4,1.8824,72,144,72,73,59
19,post_landing,98,1650.0,59,172.968,501.981,-0.62133,-0.03690,0.62243,0.033067,-1.653077,0,1,4.00600,1049.179,2.425,8.000,23.087,48.166,52.235,60.208,0.000,0.000,0,4,1.8824,72,144,72,73,59
19,post_landing,99,1667.0,59,172.344,502.008,-0.07793,0.00000,0.07793,-0.003566,-1.619865,0,1,4.00600,1049.179,2.425,8.000,19.026,25.019,49.088,60.026,0.000,0.000,0,5,1.8824,72,144,72,73,59
19,post_landing,100,1683.0,59,172.265,502.012,-0.17009,-0.08078,0.18830,0.000000,-1.623446,0,1,4.00600,1049.179,2.425,8.000,19.026,25.018,50.141,60.022,0.000,0.000,0,5,1.8824,72,144,72,73,59
19,post_landing,101,1700.0,59,172.104,502.010,-0.10196,0.00000,0.10196,-0.002231,-1.623446,0,1,4.00600,1049.179,2.425,8.000,19.026,25.018,50.141,60.022,0.000,0.000,0,5,1.8824,72,144,72,73,59
19,post_landing,102,1717.0,59,172.002,502.014,-0.03160,0.00000,0.03160,-0.001428,-1.625687,0,1,4.00600,1049.179,2.425,8.000,19.026,25.017,50.144,60.019,0.000,0.000,0,5,1.8824,72,144,72,73,59
19,post_landing,103,1733.0,59,171.970,502.016,-0.00150,0.00000,0.00150,0.000000,-1.627122,0,1,4.00600,1049.179,2.425,8.000,19.026,25.017,50.146,60.017,0.000,0.000,0,5,1.8824,72,144,72,73,59
19,post_landing,104,1750.0,59,171.969,502.014,0.00332,0.00000,0.00332,0.000000,-1.627122,0,1,4.00600,1049.179,2.425,8.000,19.026,25.017,50.146,60.017,0.000,0.000,0,5,1.8824,72,144,72,73,59
19,post_landing,105,1767.0,59,171.972,502.016,0.00757,0.00000,0.00757,0.000000,-1.627122,0,1,4.00600,1049.179,2.425,8.000,19.026,25.017,50.146,60.017,0.000,0.000,0,5,1.8824,72,144,72,73,59
19,post_landing,106,1783.0,59,171.980,502.016,-0.00128,0.00000,0.00128,0.000000,-1.627122,0,1,4.00600,1049.179,2.425,8.000,19.026,25.017,50.146,60.017,0.000,0.000,0,5,1.8824,72,144,72,73,59
19,post_landing,107,1800.0,59,171.979,502.016,0.00039,0.00000,0.00039,0.000000,-1.627122,0,1,4.00600,1049.179,2.425,8.000,19.026,25.017,50.146,60.017,0.000,0.000,0,5,1.8824,72,144,72,73,59
19,post_landing,108,1817.0,59,171.979,502.014,0.00065,0.00000,0.00065,0.000000,-1.627122,0,1,4.00600,1049.179,2.425,8.000,19.026,25.017,50.146,60.017,0.000,0.000,0,5,1.8824,72,144,72,73,59
19,post_landing,109,1833.0,59,171.980,502.016,0.01465,0.00000,0.01465,-0.001059,-1.627122,0,1,4.00600,1049.179,2.425,8.000,19.026,25.017,50.146,60.017,0.000,0.000,0,5,1.8824,72,144,72,73,59
19,post_landing,110,1850.0,59,171.994,502.017,-0.00136,0.00000,0.00136,0.000000,-1.628186,0,1,4.00600,1049.179,2.425,8.000,19.026,25.016,50.147,60.016,0.000,0.000,0,5,1.8824,72,144,72,73,59
19,post_landing,111,1867.0,59,171.993,502.015,0.00546,0.00000,0.00546,0.000000,-1.628186,0,1,4.00600,1049.179,2.425,8.000,19.026,25.016,50.147,60.016,0.000,0.000,0,5,1.8824,72,144,72,73,59
19,post_landing,112,1883.0,59,171.998,502.017,0.00082,0.00000,0.00082,0.000000,-1.628186,0,1,4.00600,1049.179,2.425,8.000,19.026,25.016,50.147,60.016,0.000,0.000,0,5,1.8824,72,144,72,73,59
19,post_landing,113,1900.0,59,171.999,502.017,-0.00012,0.00000,0.00012,0.000000,-1.628186,0,1,4.00600,1049.179,2.425,8.000,19.026,25.016,50.147,60.016,0.000,0.000,0,5,1.8824,72,144,72,73,59
19,post_landing,114,1917.0,59,171.999,502.015,-0.00014,0.00000,0.00014,0.000000,-1.628186,0,1,4.00600,1049.179,2.425,8.000,19.026,25.016,50.147,60.016,0.000,0.000,0,5,1.8824,72,144,72,73,59
19,post_landing,115,1933.0,59,171.999,502.017,0.00273,0.00000,0.00273,0.000000,-1.628186,0,1,4.00600,1049.179,2.425,8.000,19.026,25.016,50.147,60.016,0.000,0.000,0,5,1.8824,72,144,72,73,59
19,post_landing,116,1950.0,59,172.002,502.017,-0.00039,0.00000,0.00039,0.000000,-1.628186,0,1,4.00600,1049.179,2.425,8.000,19.026,25.016,50.147,60.016,0.000,0.000,0,5,1.8824,72,144,72,73,59
19,post_landing,117,1967.0,59,172.001,502.015,0.00005,0.00000,0.00005,0.000000,-1.628186,0,1,4.00600,1049.179,2.425,8.000,19.026,25.016,50.147,60.016,0.000,0.000,0,5,1.8824,72,144,72,73,59
19,post_landing,118,1983.0,59,172.001,502.017,0.00137,0.00000,0.00137,0.000000,-1.628186,0,1,4.00600,1049.179,2.425,8.000,19.026,25.016,50.147,60.016,0.000,0.000,0,5,1.8824,72,144,72,73,59
20,falling,0,22.0,,195.000,97.029,0.00000,0.55000,0.55000,0.000000,0.000000,0,0,4.24600,1052.603,1.069,5.000,5.000,5.000,6.000,27.000,0.000,0.000,0,0,1.7356,122,244,122,127,82
20,falling,1,29.0,,195.000,97.355,0.00000,0.67937,0.67937,0.000000,0.000000,0,0,4.24600,1052.603,1.069,5.000,5.000,5.000,6.000,27.000,0.000,0.000,0,0,1.7356,122,244,122,127,82
20,falling,2,46.0,,195.000,98.326,0.00000,0.95231,0.95231,0.000000,0.000000,0,0,4.24600,1052.603,1.069,5.000,5.000,5.000,6.000,27.000,0.000,0.000,0,0,1.7356,122,244,122,127,82
20,falling,3,63.0,,195.000,99.572,0.00000,1.22108,1.22108,0.000000,0.000000,0,0,4.24600,1052.603,1.069,5.000,5.000,5.000,6.000,27.000,0.000,0.000,0,0,1.7356,122,244,122,127,82
20,falling,4,79.0,,195.000,100.983,0.00000,1.47016,1.47016,0.000000,0.000000,0,0,4.24600,1052.603,1.069,5.000,5.000,5.000,6.000,27.000,0.000,0.000,0,0,1.7356,122,244,122,127,82
20,falling,5,96.0,,195.000,102.749,0.00000,1.73100,1.73100,0.000000,0.000000,0,0,4.24600,1052.603,1.069,5.000,5.000,5.000,6.000,27.000,0.000,0.000,0,0,1.7356,122,244,122,127,82
20,falling,6,113.0,,195.000,104.777,0.00000,1.98785,1.98785,0.000000,0.000000,0,0,4.24600,1052.603,1.069,5.000,5.000,5.000,6.000,27.000,0.000,0.000,0,0,1.7356,122,244,122,127,82
20,falling,7,129.0,,195.000,106.913,0.00000,2.22589,2.22589,0.000000,0.000000,0,0,4.24600,1052.603,1.069,5.000,5.000,5.000,6.000,27.000,0.000,0.000,0,0,1.7356,122,244,122,127,82
20,falling,8,146.0,,195.000,109.438,0.00000,2.47517,2.47517,0.000000,0.000000,0,0,4.24600,1052.603,1.069,5.000,5.000,5.000,6.000,27.000,0.000,0.000,0,0,1.7356,122,244,122,127,82
20,falling,9,163.0,,195.000,112.213,0.00000,2.72063,2.72063,0.000000,0.000000,0,0,4.24600,1052.603,1.069,5.000,5.000,5.000,6.000,27.000,0.000,0.000,0,0,1.7356,122,244,122,127,82
20,falling,10,179.0,,195.000,115.043,0.00000,2.94812,2.94812,0.000000,0.000000,0,0,4.24600,1052.603,1.069,5.000,5.000,5.000,6.000,27.000,0.000,0.000,0,0,1.7356,122,244,122,127,82
20,falling,11,196.0,,195.000,118.293,0.00000,3.18635,3.18635,0.000000,0.000000,0,0,4.24600,1052.603,1.069,5.000,5.000,5.000,6.000,27.000,0.000,0.000,0,0,1.7356,122,244,122,127,82
20,falling,12,213.0,,195.000,121.783,0.00000,3.42093,3.42093,0.000000,0.000000,0,0,4.24600,1052.603,1.069,5.000,5.000,5.000,6.000,27.000,0.000,0.000,0,0,1.7356,122,244,122,127,82
20,falling,13,229.0,,195.000,125.276,0.00000,3.63833,3.63833,0.000000,0.000000,0,0,4.24600,1052.603,1.069,5.000,5.000,5.000,6.000,27.000,0.000,0.000,0,0,1.7356,122,244,122,127,82
20,falling,14,246.0,,195.000,129.219,0.00000,3.86600,3.86600,0.000000,0.000000,0,0,4.24600,1052.603,1.069,5.000,5.000,5.000,6.000,27.000,0.000,0.000,0,0,1.7356,122,244,122,127,82
20,falling,15,263.0,,195.000,133.391,0.00000,4.09018,4.09018,0.000000,0.000000,0,0,4.24600,1052.603,1.069,5.000,5.000,5.000,6.000,27.000,0.000,0.000,0,0,1.7356,122,244,122,127,82
20,falling,16,280.0,,195.000,137.517,0.00000,4.29795,4.29795,0.000000,0.000000,0,0,4.24600,1052.603,1.069,5.000,5.000,5.000,6.000,27.000,0.000,0.000,0,0,1.7356,122,244,122,127,82
20,falling,17,296.0,,195.000,142.123,0.00000,4.51553,4.51553,0.000000,0.000000,0,0,4.24600,1052.603,1.069,5.000,5.000,5.000,6.000,27.000,0.000,0.000,0,0,1.7356,122,244,122,127,82
20,falling,18,313.0,,195.000,146.947,0.00000,4.72977,4.72977,0.000000,0.000000,0,0,4.24600,1052.603,1.069,5.000,5.000,5.000,6.000,27.000,0.000,0.000,0,0,1.7356,122,244,122,127,82
20,falling,19,330.0,,195.000,151.678,0.00000,4.92833,4.92833,0.000000,0.000000,0,0,4.24600,1052.603,1.069,5.000,5.000,5.000,6.000,27.000,0.000,0.000,0,0,1.7356,122,244,122,127,82
20,falling,20,346.0,,195.000,156.917,0.00000,5.13626,5.13626,0.000000,0.000000,0,0,4.24600,1052.603,1.069,5.000,5.000,5.000,6.000,27.000,0.000,0.000,0,0,1.7356,122,244,122,127,82
20,falling,21,363.0,,195.000,162.365,0.00000,5.34101,5.34101,0.000000,0.000000,0,0,4.24600,1052.603,1.069,5.000,5.000,5.000,6.000,27.000,0.000,0.000,0,0,1.7356,122,244,122,127,82
20,falling,22,380.0,,195.000,167.675,0.00000,5.53077,5.53077,0.000000,0.000000,0,0,4.24600,1052.603,1.069,5.000,5.000,5.000,6.000,27.000,0.000,0.000,0,0,1.7356,122,244,122,127,82
20,falling,23,396.0,,195.000,173.519,0.00000,5.72948,5.72948,0.000000,0.000000,0,0,4.24600,1052.603,1.069,5.000,5.000,5.000,6.000,27.000,0.000,0.000,0,0,1.7356,122,244,122,127,82
20,falling,24,413.0,,195.000,179.562,0.00000,5.92515,5.92515,0.000000,0.000000,0,0,4.24600,1052.603,1.069,5.000,5.000,5.000,6.000,27.000,0.000,0.000,0,0,1.7356,122,244,122,127,82
20,falling,25,430.0,,195.000,185.425,0.00000,6.10649,6.10649,0.000000,0.000000,0,0,4.24600,1052.603,1.069,5.000,5.000,5.000,6.000,27.000,0.000,0.000,0,0,1.7356,122,244,122,127,82
20,falling,26,446.0,,195.000,191.847,0.00000,6.29640,6.29640,0.000000,0.000000,0,0,4.24600,1052.603,1.069,5.000,5.000,5.000,6.000,27.000,0.000,0.000,0,0,1.7356,122,244,122,127,82
20,falling,27,463.0,,195.000,198.460,0.00000,6.48340,6.48340,0.000000,0.000000,0,0,4.24600,1052.603,1.069,5.000,5.000,5.000,6.000,27.000,0.000,0.000,0,0,1.7356,122,244,122,127,82
20,falling,28,480.0,,195.000,204.850,0.00000,6.65670,6.65670,0.000000,0.000000,0,0,4.24600,1052.603,1.069,5.000,5.000,5.000,6.000,27.000,0.000,0.000,0,0,1.7356,122,244,122,127,82
20,falling,29,496.0,,195.000,211.825,0.00000,6.83819,6.83819,0.000000,0.000000,0,0,4.24600,1052.603,1.069,5.000,5.000,5.000,6.000,27.000,0.000,0.000,0,0,1.7356,122,244,122,127,82
20,falling,30,513.0,,195.000,218.983,0.00000,7.01690,7.01690,0.000000,0.000000,0,0,4.24600,1052.603,1.069,5.000,5.000,5.000,6.000,27.000,0.000,0.000,0,0,1.7356,122,244,122,127,82
20,falling,31,530.0,,195.000,225.878,0.00000,7.18252,7.18252,0.000000,0.000000,0,0,4.24600,1052.603,1.069,5.000,5.000,5.000,6.000,27.000,0.000,0.000,0,0,1.7356,122,244,122,127,82
20,falling,32,546.0,,195.000,233.381,0.00000,7.35596,7.35596,0.000000,0.000000,0,0,4.24600,1052.603,1.069,5.000,5.000,5.000,6.000,27.000,0.000,0.000,0,0,1.7356,122,244,122,127,82
20,falling,33,563.0,,195.000,241.058,0.00000,7.52675,7.52675,0.000000,0.000000,0,0,4.24600,1052.603,1.069,5.000,5.000,5.000,6.000,27.000,0.000,0.000,0,0,1.7356,122,244,122,127,82
20,falling,34,580.0,,195.000,248.436,0.00000,7.68503,7.68503,0.000000,0.000000,0,0,4.24600,1052.603,1.069,5.000,5.000,5.000,6.000,27.000,0.000,0.000,0,0,1.7356,122,244,122,127,82
20,falling,35,596.0,,195.000,256.444,0.00000,7.85078,7.85078,0.000000,0.000000,0,0,4.24600,1052.603,1.069,5.000,5.000,5.000,6.000,27.000,0.000,0.000,0,0,1.7356,122,244,122,127,82
20,falling,36,613.0,,195.000,264.618,0.00000,8.01400,8.01400,0.000000,0.000000,0,0,4.24600,1052.603,1.069,5.000,5.000,5.000,6.000,27.000,0.000,0.000,0,0,1.7356,122,244,122,127,82
20,falling,37,630.0,,195.000,272.457,0.00000,8.16526,8.16526,0.000000,0.000000,0,0,4.24600,1052.603,1.069,5.000,5.000,5.000,6.000,27.000,0.000,0.000,0,0,1.7356,122,244,122,127,82
20,falling,38,646.0,,195.000,280.947,0.00000,8.32367,8.32367,0.000000,0.000000,0,0,4.24600,1052.603,1.069,5.000,5.000,5.000,6.000,27.000,0.000,0.000,0,0,1.7356,122,244,122,127,82
20,falling,39,663.0,,195.000,289.596,0.00000,8.47965,8.47965,0.000000,0.000000,0,0,4.24600,1052.603,1.069,5.000,5.000,5.000,6.000,27.000,0.000,0.000,0,0,1.7356,122,244,122,127,82
20,falling,40,680.0,,195.000,297.875,0.00000,8.62421,8.62421,0.000000,0.000000,0,0,4.24600,1052.603,1.069,5.000,5.000,5.000,6.000,27.000,0.000,0.000,0,0,1.7356,122,244,122,127,82
20,falling,41,696.0,,195.000,306.826,0.00000,8.77559,8.77559,0.000000,0.000000,0,0,4.24600,1052.603,1.069,5.000,5.000,5.000,6.000,27.000,0.000,0.000,0,0,1.7356,122,244,122,127,82
20,falling,42,713.0,,195.000,315.929,0.00000,8.92466,8.92466,0.000000,0.000000,0,0,4.24600,1052.603,1.069,5.000,5.000,5.000,6.000,27.000,0.000,0.000,0,0,1.7356,122,244,122,127,82
20,falling,43,730.0,,195.000,324.630,0.00000,9.06281,9.06281,0.000000,0.000000,0,0,4.24600,1052.603,1.069,5.000,5.000,5.000,6.000,27.000,0.000,0.000,0,0,1.7356,122,244,122,127,82
20,falling,44,746.0,,195.000,334.021,0.00000,9.20748,9.20748,0.000000,0.000000,0,0,4.24600,1052.603,1.069,5.000,5.000,5.000,6.000,27.000,0.000,0.000,0,0,1.7356,122,244,122,127,82
20,falling,45,763.0,,195.000,343.558,0.00000,9.34994,9.34994,0.000000,0.000000,0,0,4.24600,1052.603,1.069,5.000,5.000,5.000,6.000,27.000,0.000,0.000,0,0,1.7356,122,244,122,127,82
20,falling,46,780.0,,195.000,352.661,0.00000,9.48197,9.48197,0.000000,0.000000,0,0,4.24600,1052.603,1.069,5.000,5.000,5.000,6.000,27.000,0.000,0.000,0,0,1.7356,122,244,122,127,82
20,falling,47,796.0,,195.000,362.474,0.00000,9.62023,9.62023,0.000000,0.000000,0,0,4.24600,1052.603,1.069,5.000,5.000,5.000,6.000,27.000,0.000,0.000,0,0,1.7356,122,244,122,127,82
20,falling,48,813.0,,195.000,372.425,0.00000,9.75637,9.75637,0.000000,0.000000,0,0,4.24600,1052.603,1.069,5.000,5.000,5.000,6.000,27.000,0.000,0.000,0,0,1.7356,122,244,122,127,82
20,falling,49,830.0,,195.000,381.912,0.00000,9.88255,9.88255,0.000000,0.000000,0,0,4.24600,1052.603,1.069,5.000,5.000,5.000,6.000,27.000,0.000,0.000,0,0,1.7356,122,244,122,127,82
20,falling,50,846.0,,195.000,392.127,0.00000,10.01468,10.01468,0.000000,0.000000,0,0,4.24600,1052.603,1.069,5.000,5.000,5.000,6.000,27.000,0.000,0.000,0,0,1.7356,122,244,122,127,82
20,falling,51,863.0,,195.000,402.475,0.00000,10.14479,10.14479,0.000000,0.000000,0,0,4.24600,1052.603,1.069,5.000,5.000,5.000,6.000,27.000,0.000,0.000,0,0,1.7356,122,244,122,127,82
20,falling,52,880.0,,195.000,412.330,0.00000,10.26537,10.26537,0.000000,0.000000,0,0,4.24600,1052.603,1.069,5.000,5.000,5.000,6.000,27.000,0.000,0.000,0,0,1.7356,122,244,122,127,82
20,falling,53,896.0,,195.000,422.929,0.00000,10.39164,10.39164,0.000000,0.000000,0,0,4.24600,1052.603,1.069,5.000,5.000,5.000,6.000,27.000,0.000,0.000,0,0,1.7356,122,244,122,127,82
20,falling,54,913.0,,195.000,433.656,0.00000,10.51598,10.51598,0.000000,0.000000,0,0,4.24600,1052.603,1.069,5.000,5.000,5.000,6.000,27.000,0.000,0.000,0,0,1.7356,122,244,122,127,82
20,falling,55,930.0,,195.000,443.861,0.00000,10.63122,10.63122,0.000000,0.000000,0,0,4.24600,1052.603,1.069,5.000,5.000,5.000,6.000,27.000,0.000,0.000,0,0,1.7356,122,244,122,127,82
20,falling,56,946.0,,195.000,454.828,0.00000,10.75190,10.75190,0.000000,0.000000,0,0,4.24600,1052.603,1.069,5.000,5.000,5.000,6.000,27.000,0.000,0.000,0,0,1.7356,122,244,122,127,82
20,falling,57,963.0,,195.000,465.917,0.00000,10.87072,10.87072,0.000000,0.000000,0,0,4.24600,1052.603,1.069,5.000,5.000,5.000,6.000,27.000,0.000,0.000,0,0,1.7356,122,244,122,127,82
20,falling,58,980.0,,195.000,476.458,0.00000,10.98085,10.98085,0.000000,0.000000,0,0,4.24600,1052.603,1.069,5.000,5.000,5.000,6.000,26.000,0.000,0.000,0,0,1.7356,122,244,122,127,82
20,post_landing,59,996.0,59,195.000,484.101,2.76926,-0.07203,2.77020,-0.044371,0.000000,0,1,4.24600,1052.603,1.069,5.000,5.000,5.000,6.000,27.000,0.000,0.000,0,9,1.7356,122,244,122,127,82
20,post_landing,60,1013.0,59,197.781,481.256,3.05132,-1.53328,3.41489,0.048538,-0.044566,0,1,4.24600,1052.603,1.069,5.000,4.041,4.995,6.083,27.285,0.000,0.000,0,4,1.7356,122,244,122,127,82
20,post_landing,61,1030.0,59,200.669,479.483,2.91842,-0.68449,2.99762,0.011990,0.001360,0,1,4.24600,1052.603,1.069,5.000,5.001,5.001,6.000,25.996,0.000,0.000,0,2,1.7356,122,244,122,127,82
20,post_landing,62,1046.0,59,203.600,478.949,2.70135,-0.21488,2.70988,0.004959,0.013403,0,1,4.24600,1052.603,1.069,5.000,5.013,5.013,5.999,25.957,0.000,0.000,0,1,1.7356,122,244,122,127,82
20,post_landing,63,1063.0,59,206.313,478.935,2.50042,-0.09319,2.50215,0.000994,0.018384,0,1,4.24600,1052.603,1.069,5.000,5.018,5.018,5.999,25.940,0.000,0.000,0,1,1.7356,122,244,122,127,82
20,post_landing,64,1080.0,59,208.679,478.931,1.82855,-0.03909,1.82897,0.036360,0.019325,0,1,4.24600,1052.603,1.069,5.000,5.018,5.018,5.999,25.937,0.000,0.000,0,1,1.7356,122,244,122,127,82
20,post_landing,65,1096.0,59,210.515,478.868,1.42477,0.00000,1.42477,0.064799,0.055844,0,1,4.24600,1052.603,1.069,5.000,5.048,5.048,5.991,25.792,0.000,0.000,0,1,1.7356,122,244,122,127,82
20,post_landing,66,1113.0,59,211.946,478.910,1.08330,0.01643,1.08343,0.084436,0.120928,0,1,4.24600,1052.603,1.069,5.000,5.084,5.084,5.956,6.587,0.000,0.000,0,1,1.7356,122,244,122,127,82
20,post_landing,67,1130.0,59,212.971,479.164,1.45777,0.21181,1.47308,0.001425,0.200819,0,1,4.24600,1052.603,1.069,5.000,5.099,5.099,5.879,6.261,0.000,0.000,0,1,1.7356,122,244,122,127,82
20,post_landing,68,1146.0,59,214.436,479.206,0.93490,0.00000,0.93490,0.067259,0.202250,0,1,4.24600,1052.603,1.069,5.000,5.099,5.099,5.878,6.255,0.000,0.000,0,1,1.7356,122,244,122,127,82
20,post_landing,69,1163.0,59,215.375,479.495,0.92060,0.28333,0.96321,0.066230,0.269805,0,0,4.24600,1052.603,1.069,5.000,1.230,5.086,5.619,5.947,0.000,0.000,0,0,1.7356,122,244,122,127,82
20,post_landing,70,1180.0,59,216.246,480.019,0.90734,0.54592,1.05891,0.065277,0.332470,0,0,4.24600,1052.603,1.069,5.000,1.272,5.053,5.705,5.739,0.000,0.000,0,0,1.7356,122,244,122,127,82
20,post_landing,71,1196.0,59,217.157,480.857,0.89346,0.82090,1.21332,0.064278,0.398034,0,0,4.24600,1052.603,1.069,5.000,1.309,4.997,5.772,6.013,0.000,0.000,0,0,1.7356,122,244,122,127,82
20,post_landing,72,1213.0,59,218.054,481.915,0.90169,0.22453,0.92922,0.034691,0.462594,0,1,4.24600,1052.603,1.069,5.000,1.341,4.921,5.813,6.257,0.000,0.000,0,1,1.7356,122,244,122,127,82
20,post_landing,73,1230.0,59,218.908,482.384,0.88871,0.48796,1.01386,0.034191,0.495418,0,0,4.24600,1052.603,1.069,5.000,1.355,4.874,5.825,7.798,0.000,0.000,0,0,1.7356,122,244,122,127,82
20,post_landing,74,1246.0,59,219.800,483.065,0.98349,0.07930,0.98668,0.020388,0.529759,0,1,4.24600,1052.603,1.069,5.000,1.368,1.368,5.831,8.000,0.000,0.000,0,1,1.7356,122,244,122,127,82
20,post_landing,75,1263.0,59,220.788,483.441,0.92214,0.03230,0.92270,0.016591,0.550236,0,1,4.24600,1052.603,1.069,5.000,1.375,1.375,5.831,17.549,0.000,0.000,0,1,1.7356,122,244,122,127,82
20,post_landing,76,1280.0,59,221.660,483.744,0.80673,0.05256,0.80844,0.015419,0.565934,0,1,4.24600,1052.603,1.069,5.000,1.380,2.453,5.829,19.016,0.000,0.000,0,1,1.7356,122,244,122,127,82
20,post_landing,77,1297.0,59,222.471,484.059,0.73674,0.03509,0.73757,0.015388,0.581421,0,1,4.24600,1052.603,1.069,5.000,1.385,2.483,5.826,20.487,0.000,0.000,0,1,1.7356,122,244,122,127,82
20,post_landing,78,1313.0,59,223.211,484.375,0.67492,0.03535,0.67585,0.014776,0.596877,0,1,4.24600,1052.603,1.069,5.000,1.389,2.513,5.822,20.572,0.000,0.000,0,1,1.7356,122,244,122,127,82
20,post_landing,79,1330.0,59,223.849,484.667,0.61356,0.04634,0.61530,0.013387,0.610857,0,1,4.24600,1052.603,1.069,5.000,1.393,2.540,5.816,20.645,0.000,0.000,0,1,1.7356,122,244,122,127,82
20,post_landing,80,1346.0,59,224.466,484.963,0.57460,0.07398,0.57934,0.025579,0.624303,0,1,4.24600,1052.603,1.069,5.000,1.396,2.565,5.810,20.712,0.000,0.000,0,1,1.7356,122,244,122,127,82
20,post_landing,81,1363.0,59,225.043,485.327,0.56580,0.35618,0.66858,0.025187,0.649995,0,0,4.24600,1052.603,1.069,5.000,1.401,2.612,5.796,24.236,0.000,0.000,0,0,1.7356,122,244,122,127,82
20,post_landing,82,1380.0,59,225.578,485.920,0.55766,0.61772,0.83220,0.024825,0.673826,0,0,4.24600,1052.603,1.069,5.000,1.405,2.653,5.779,24.359,0.000,0.000,0,0,1.7356,122,244,122,127,82
20,post_landing,83,1397.0,59,226.138,486.753,0.85527,0.16555,0.87115,0.008294,0.698760,0,1,4.24600,1052.603,1.069,5.000,1.409,2.695,5.758,26.525,0.000,0.000,0,2,1.7356,122,244,122,127,82
20,post_landing,84,1413.0,59,226.997,486.965,0.84454,0.14517,0.85692,0.002722,0.707091,0,1,4.24600,1052.603,1.069,5.000,1.410,2.709,5.750,26.566,0.000,0.000,0,2,1.7356,122,244,122,127,82
20,post_landing,85,1430.0,59,227.796,487.031,0.65969,0.15570,0.67782,0.008652,0.709666,0,1,4.24600,1052.603,1.069,5.000,1.410,2.713,5.748,26.579,0.000,0.000,0,2,1.7356,122,244,122,127,82
20,post_landing,86,1447.0,59,228.459,487.238,0.55310,0.16008,0.57580,0.007721,0.718356,0,1,4.24600,1052.603,1.069,5.000,1.411,2.727,5.739,26.620,0.000,0.000,0,2,1.7356,122,244,122,127,82
20,post_landing,87,1463.0,59,229.014,487.430,0.50524,0.14643,0.52603,0.005886,0.726112,0,1,4.24600,1052.603,1.069,5.000,1.412,2.740,5.731,27.319,0.000,0.000,0,2,1.7356,122,244,122,127,82
20,post_landing,88,1480.0,59,229.492,487.566,0.45869,0.12450,0.47529,0.006417,0.731681,0,1,4.24600,1052.603,1.069,5.000,1.412,2.748,5.725,27.348,0.000,0.000,0,2,1.7356,122,244,122,127,82
20,post_landing,89,1497.0,59,229.953,487.728,0.47614,0.23828,0.53244,0.006863,0.738127,0,1,4.24600,1052.603,1.069,5.000,1.413,2.758,5.717,27.379,0.000,0.000,0,2,1.7356,122,244,122,127,82
20,post_landing,90,1513.0,59,230.431,487.909,0.48007,0.18718,0.51527,0.023180,0.745020,0,1,4.24600,1052.603,1.069,5.000,1.413,2.769,5.709,27.412,0.000,0.000,0,2,1.7356,122,244,122,127,82
20,post_landing,91,1531.0,59,230.886,488.343,0.47315,0.45115,0.65377,0.022846,0.766953,0,0,4.24600,1052.603,1.069,5.000,1.414,2.802,5.682,28.201,0.000,0.000,0,0,1.7356,122,244,122,127,82
20,post_landing,92,1547.0,59,231.361,489.056,0.60818,0.20029,0.64031,0.008498,0.789900,0,1,4.24600,1052.603,1.069,5.000,1.414,2.835,5.650,29.013,0.000,0.000,0,2,1.7356,122,244,122,127,82
20,post_landing,93,1563.0,59,231.972,489.302,0.53524,0.15990,0.55862,0.007774,0.798435,0,1,4.24600,1052.603,1.069,5.000,1.414,2.847,5.638,29.053,0.000,0.000,0,2,1.7356,122,244,122,127,82
20,post_landing,94,1580.0,59,232.478,489.498,0.47479,0.15532,0.49955,0.005118,0.805790,0,1,4.24600,1052.603,1.069,5.000,1.414,2.857,21.238,29.808,0.000,0.000,0,2,1.7356,122,244,122,127,82
20,post_landing,95,1597.0,59,232.955,489.647,0.41787,0.14395,0.44197,0.005947,0.810931,0,1,4.24600,1052.603,1.069,5.000,1.414,2.864,21.242,29.833,0.000,0.000,0,2,1.7356,122,244,122,127,82
20,post_landing,96,1613.0,59,233.375,489.809,0.38866,0.13486,0.41139,0.005560,0.816904,0,1,4.24600,1052.603,1.069,5.000,1.414,2.872,21.247,29.862,0.000,0.000,0,2,1.7356,122,244,122,127,82
20,post_landing,97,1630.0,59,233.765,489.964,0.36827,0.12937,0.39033,0.005301,0.822488,0,1,4.24600,1052.603,1.069,5.000,1.413,2.879,21.251,29.888,0.000,0.000,0,2,1.7356,122,244,122,127,82
20,post_landing,98,1647.0,59,234.113,490.100,0.34723,0.25413,0.43029,0.009317,0.827504,0,1,4.24600,1052.603,1.069,5.000,1.413,2.885,21.254,29.910,0.000,0.000,0,2,1.7356,122,244,122,127,82
20,post_landing,99,1663.0,59,234.462,490.368,0.40576,0.30399,0.50700,0.010976,0.836861,0,1,4.24600,1052.603,1.069,5.000,1.412,2.897,24.825,30.693,0.000,0.000,0,2,1.7356,122,244,122,127,82
20,post_landing,100,1680.0,59,234.870,490.682,0.28622,0.33847,0.44327,0.030594,0.847885,0,1,4.24600,1052.603,1.069,5.000,1.411,2.911,24.833,30.744,0.000,0.000,0,2,1.7356,122,244,122,127,82
20,post_landing,101,1697.0,59,235.141,491.258,0.28210,0.60026,0.66325,0.030153,0.876832,0,0,4.24600,1052.603,1.069,5.000,1.408,2.946,27.016,31.628,0.000,0.000,0,0,1.7356,122,244,122,127,82
20,post_landing,102,1713.0,59,235.424,492.150,0.27778,0.87441,0.91747,0.029692,0.907118,0,0,4.24600,1052.603,1.069,5.000,1.404,2.979,27.802,44.718,0.000,0.000,0,0,1.7356,122,244,122,127,82
20,post_landing,103,1730.0,59,235.703,493.226,0.33125,0.33584,0.47171,0.022028,0.936940,0,1,4.24600,1052.603,1.069,5.000,1.398,22.416,29.406,44.833,0.000,0.000,0,1,1.7356,122,244,122,127,82
20,post_landing,104,1747.0,59,236.016,493.800,0.32648,0.59767,0.68103,0.021711,0.957782,0,0,4.24600,1052.603,1.069,5.000,1.393,24.656,30.229,47.343,0.000,0.000,0,0,1.7356,122,244,122,127,82
20,post_landing,105,1763.0,59,236.344,494.555,0.32603,0.28360,0.43212,0.014574,0.979588,0,1,4.24600,1052.603,1.069,5.000,22.463,25.512,31.062,47.418,0.000,0.000,0,1,1.7356,122,244,122,127,82
20,post_landing,106,1780.0,59,236.672,495.020,0.31184,0.19268,0.36656,0.008572,0.994226,0,1,4.24600,1052.603,1.069,5.000,24.692,26.369,31.064,48.587,0.000,0.000,0,1,1.7356,122,244,122,127,82
20,post_landing,107,1797.0,59,236.967,495.283,0.29113,0.15694,0.33074,0.005826,1.002337,0,1,4.24600,1052.603,1.069,5.000,24.696,26.381,44.944,49.462,0.000,0.000,0,1,1.7356,122,244,122,127,82
20,post_landing,108,1813.0,59,237.259,495.669,0.31942,0.05731,0.32452,0.005626,1.008188,0,1,4.24600,1052.603,1.069,5.000,24.697,26.389,44.944,51.711,0.000,0.000,0,3,1.7356,122,244,122,127,82
20,post_landing,109,1830.0,59,237.580,495.889,0.31068,0.04683,0.31419,0.005385,1.013839,0,1,4.24600,1052.603,1.069,5.000,25.547,27.245,44.944,51.734,0.000,0.000,0,5,1.7356,122,244,122,127,82
20,post_landing,110,1847.0,59,237.874,496.031,0.29139,0.04403,0.29470,0.005184,1.018934,0,1,4.24600,1052.603,1.069,5.000,25.550,27.253,44.941,52.605,0.000,0.000,0,6,1.7356,122,244,122,127,82
20,post_landing,111,1863.0,59,238.167,496.139,0.28130,0.08883,0.29499,0.009348,1.024141,0,1,4.24600,1052.603,1.069,5.000,25.552,27.260,44.938,52.627,0.000,0.000,0,6,1.7356,122,244,122,127,82
20,post_landing,112,1880.0,59,238.449,496.294,0.31055,0.10094,0.32654,0.010393,1.033530,0,1,4.24600,1052.603,1.069,5.000,25.554,27.272,42.882,53.520,0.000,0.000,0,6,1.7356,122,244,122,127,82
20,post_landing,113,1897.0,59,238.743,496.448,0.33204,0.11106,0.35012,0.011340,1.043364,0,1,4.24600,1052.603,1.069,5.000,25.553,27.282,42.902,53.556,0.000,0.000,0,6,1.7356,122,244,122,127,82
20,post_landing,114,1914.0,59,239.077,496.561,0.36308,0.12328,0.38343,0.011687,1.054754,0,1,4.24600,1052.603,1.069,5.000,24.187,27.289,45.530,54.462,0.000,0.000,0,5,1.7356,122,244,122,127,82
20,post_landing,115,1930.0,59,239.441,496.714,0.37662,0.13584,0.40037,0.013277,1.066492,0,1,4.24600,1052.603,1.069,5.000,24.184,27.294,45.560,55.372,0.000,0.000,0,5,1.7356,122,244,122,127,82
20,post_landing,116,1947.0,59,239.798,496.879,0.39647,0.14634,0.42261,0.013590,1.079055,0,1,4.24600,1052.603,1.069,5.000,8.059,42.941,45.585,55.407,0.000,0.000,0,5,1.7356,122,244,122,127,82
20,post_landing,117,1964.0,59,240.196,497.105,0.41518,0.15028,0.44154,0.014612,1.092705,0,1,4.24600,1052.603,1.069,5.000,8.943,42.941,45.605,55.436,0.000,0.000,0,6,1.7356,122,244,122,127,82
20,post_landing,118,1980.0,59,240.613,497.301,0.43169,0.16172,0.46099,0.015267,1.107381,0,1,4.24600,1052.603,1.069,5.000,8.944,41.591,45.616,55.455,0.000,0.000,0,6,1.7356,122,244,122,127,82
21,falling,0,40.0,,195.000,97.029,0.00000,0.55000,0.55000,0.000000,0.000000,0,0,8.59200,8519.244,3.325,59.000,59.000,59.000,60.000,60.000,0.000,0.000,0,0,1.3050,50,100,50,50,44
21,falling,1,42.0,,195.000,97.099,0.00000,0.58234,0.58234,0.000000,0.000000,0,0,8.59200,8519.244,3.325,59.000,59.000,59.000,60.000,60.000,0.000,0.000,0,0,1.3050,50,100,50,50,44
21,falling,2,58.0,,195.000,97.906,0.00000,0.84062,0.84062,0.000000,0.000000,0,0,8.59200,8519.244,3.325,59.000,59.000,59.000,60.000,60.000,0.000,0.000,0,0,1.3050,50,100,50,50,44
21,falling,3,75.0,,195.000,99.039,0.00000,1.11110,1.11110,0.000000,0.000000,0,0,8.59200,8519.244,3.325,59.000,59.000,59.000,60.000,60.000,0.000,0.000,0,0,1.3050,50,100,50,50,44
21,falling,4,92.0,,195.000,100.444,0.00000,1.37743,1.37743,0.000000,0.000000,0,0,8.59200,8519.244,3.325,59.000,59.000,59.000,60.000,60.000,0.000,0.000,0,0,1.3050,50,100,50,50,44
21,falling,5,109.0,,195.000,102.003,0.00000,1.62426,1.62426,0.000000,0.000000,0,0,8.59200,8519.244,3.325,59.000,59.000,59.000,60.000,60.000,0.000,0.000,0,0,1.3050,50,100,50,50,44
21,falling,6,125.0,,195.000,103.924,0.00000,1.88274,1.88274,0.000000,0.000000,0,0,8.59200,8519.244,3.325,59.000,59.000,59.000,60.000,60.000,0.000,0.000,0,0,1.3050,50,100,50,50,44
21,falling,7,142.0,,195.000,106.104,0.00000,2.13727,2.13727,0.000000,0.000000,0,0,8.59200,8519.244,3.325,59.000,59.000,59.000,60.000,60.000,0.000,0.000,0,0,1.3050,50,100,50,50,44
21,falling,8,159.0,,195.000,108.540,0.00000,2.38790,2.38790,0.000000,0.000000,0,0,8.59200,8519.244,3.325,59.000,59.000,59.000,60.000,60.000,0.000,0.000,0,0,1.3050,50,100,50,50,44
21,falling,9,175.0,,195.000,111.055,0.00000,2.62018,2.62018,0.000000,0.000000,0,0,8.59200,8519.244,3.325,59.000,59.000,59.000,60.000,60.000,0.000,0.000,0,0,1.3050,50,100,50,50,44
21,falling,10,192.0,,195.000,113.976,0.00000,2.86343,2.86343,0.000000,0.000000,0,0,8.59200,8519.244,3.325,59.000,59.000,59.000,60.000,60.000,0.000,0.000,0,0,1.3050,50,100,50,50,44
21,falling,11,209.0,,195.000,117.141,0.00000,3.10295,3.10295,0.000000,0.000000,0,0,8.59200,8519.244,3.325,59.000,59.000,59.000,60.000,60.000,0.000,0.000,0,0,1.3050,50,100,50,50,44
21,falling,12,226.0,,195.000,120.333,0.00000,3.32494,3.32494,0.000000,0.000000,0,0,8.59200,8519.244,3.325,59.000,59.000,59.000,60.000,60.000,0.000,0.000,0,0,1.3050,50,100,50,50,44
21,falling,13,242.0,,195.000,123.961,0.00000,3.55740,3.55740,0.000000,0.000000,0,0,8.59200,8519.244,3.325,59.000,59.000,59.000,60.000,60.000,0.000,0.000,0,0,1.3050,50,100,50,50,44
21,falling,14,259.0,,195.000,127.823,0.00000,3.78630,3.78630,0.000000,0.000000,0,0,8.59200,8519.244,3.325,59.000,59.000,59.000,60.000,60.000,0.000,0.000,0,0,1.3050,50,100,50,50,44
21,falling,15,275.0,,195.000,131.662,0.00000,3.99845,3.99845,0.000000,0.000000,0,0,8.59200,8519.244,3.325,59.000,59.000,59.000,60.000,60.000,0.000,0.000,0,0,1.3050,50,100,50,50,44
21,falling,16,292.0,,195.000,135.967,0.00000,4.22060,4.22060,0.000000,0.000000,0,0,8.59200,8519.244,3.325,59.000,59.000,59.000,60.000,60.000,0.000,0.000,0,0,1.3050,50,100,50,50,44
21,falling,17,309.0,,195.000,140.495,0.00000,4.43936,4.43936,0.000000,0.000000,0,0,8.59200,8519.244,3.325,59.000,59.000,59.000,60.000,60.000,0.000,0.000,0,0,1.3050,50,100,50,50,44
21,falling,18,325.0,,195.000,144.951,0.00000,4.64210,4.64210,0.000000,0.000000,0,0,8.59200,8519.244,3.325,59.000,59.000,59.000,60.000,60.000,0.000,0.000,0,0,1.3050,50,100,50,50,44
21,falling,19,342.0,,195.000,149.903,0.00000,4.85441,4.85441,0.000000,0.000000,0,0,8.59200,8519.244,3.325,59.000,59.000,59.000,60.000,60.000,0.000,0.000,0,0,1.3050,50,100,50,50,44
21,falling,20,359.0,,195.000,155.067,0.00000,5.06347,5.06347,0.000000,0.000000,0,0,8.59200,8519.244,3.325,59.000,59.000,59.000,60.000,60.000,0.000,0.000,0,0,1.3050,50,100,50,50,44
21,falling,21,375.0,,195.000,160.114,0.00000,5.25722,5.25722,0.000000,0.000000,0,0,8.59200,8519.244,3.325,59.000,59.000,59.000,60.000,60.000,0.000,0.000,0,0,1.3050,50,100,50,50,44
21,falling,22,392.0,,195.000,165.684,0.00000,5.46012,5.46012,0.000000,0.000000,0,0,8.59200,8519.244,3.325,59.000,59.000,59.000,60.000,60.000,0.000,0.000,0,0,1.3050,50,100,50,50,44
21,falling,23,409.0,,195.000,171.457,0.00000,5.65992,5.65992,0.000000,0.000000,0,0,8.59200,8519.244,3.325,59.000,59.000,59.000,60.000,60.000,0.000,0.000,0,0,1.3050,50,100,50,50,44
21,falling,24,426.0,,195.000,177.068,0.00000,5.84508,5.84508,0.000000,0.000000,0,0,8.59200,8519.244,3.325,59.000,59.000,59.000,60.000,60.000,0.000,0.000,0,0,1.3050,50,100,50,50,44
21,falling,25,442.0,,195.000,183.228,0.00000,6.03898,6.03898,0.000000,0.000000,0,0,8.59200,8519.244,3.325,59.000,59.000,59.000,60.000,60.000,0.000,0.000,0,0,1.3050,50,100,50,50,44
21,falling,26,459.0,,195.000,189.582,0.00000,6.22992,6.22992,0.000000,0.000000,0,0,8.59200,8519.244,3.325,59.000,59.000,59.000,60.000,60.000,0.000,0.000,0,0,1.3050,50,100,50,50,44
21,falling,27,476.0,,195.000,195.733,0.00000,6.40688,6.40688,0.000000,0.000000,0,0,8.59200,8519.244,3.325,59.000,59.000,59.000,60.000,60.000,0.000,0.000,0,0,1.3050,50,100,50,50,44
21,falling,28,492.0,,195.000,202.457,0.00000,6.59218,6.59218,0.000000,0.000000,0,0,8.59200,8519.244,3.325,59.000,59.000,59.000,60.000,60.000,0.000,0.000,0,0,1.3050,50,100,50,50,44
21,falling,29,509.0,,195.000,209.367,0.00000,6.77466,6.77466,0.000000,0.000000,0,0,8.59200,8519.244,3.325,59.000,59.000,59.000,60.000,60.000,0.000,0.000,0,0,1.3050,50,100,50,50,44
21,falling,30,526.0,,195.000,216.033,0.00000,6.94377,6.94377,0.000000,0.000000,0,0,8.59200,8519.244,3.325,59.000,59.000,59.000,60.000,60.000,0.000,0.000,0,0,1.3050,50,100,50,50,44
21,falling,31,542.0,,195.000,223.296,0.00000,7.12086,7.12086,0.000000,0.000000,0,0,8.59200,8519.244,3.325,59.000,59.000,59.000,60.000,60.000,0.000,0.000,0,0,1.3050,50,100,50,50,44
21,falling,32,559.0,,195.000,230.738,0.00000,7.29525,7.29525,0.000000,0.000000,0,0,8.59200,8519.244,3.325,59.000,59.000,59.000,60.000,60.000,0.000,0.000,0,0,1.3050,50,100,50,50,44
21,falling,33,576.0,,195.000,237.896,0.00000,7.45686,7.45686,0.000000,0.000000,0,0,8.59200,8519.244,3.325,59.000,59.000,59.000,60.000,60.000,0.000,0.000,0,0,1.3050,50,100,50,50,44
21,falling,34,592.0,,195.000,245.675,0.00000,7.62611,7.62611,0.000000,0.000000,0,0,8.59200,8519.244,3.325,59.000,59.000,59.000,60.000,60.000,0.000,0.000,0,0,1.3050,50,100,50,50,44
21,falling,35,609.0,,195.000,253.623,0.00000,7.79276,7.79276,0.000000,0.000000,0,0,8.59200,8519.244,3.325,59.000,59.000,59.000,60.000,60.000,0.000,0.000,0,0,1.3050,50,100,50,50,44
21,falling,36,626.0,,195.000,261.253,0.00000,7.94721,7.94721,0.000000,0.000000,0,0,8.59200,8519.244,3.325,59.000,59.000,59.000,60.000,60.000,0.000,0.000,0,0,1.3050,50,100,50,50,44
21,falling,37,642.0,,195.000,269.524,0.00000,8.10895,8.10895,0.000000,0.000000,0,0,8.59200,8519.244,3.325,59.000,59.000,59.000,60.000,60.000,0.000,0.000,0,0,1.3050,50,100,50,50,44
21,falling,38,659.0,,195.000,277.958,0.00000,8.26822,8.26822,0.000000,0.000000,0,0,8.59200,8519.244,3.325,59.000,59.000,59.000,60.000,60.000,0.000,0.000,0,0,1.3050,50,100,50,50,44
21,falling,39,676.0,,195.000,286.037,0.00000,8.41582,8.41582,0.000000,0.000000,0,0,8.59200,8519.244,3.325,59.000,59.000,59.000,60.000,60.000,0.000,0.000,0,0,1.3050,50,100,50,50,44
21,falling,40,692.0,,195.000,294.778,0.00000,8.57039,8.57039,0.000000,0.000000,0,0,8.59200,8519.244,3.325,59.000,59.000,59.000,60.000,60.000,0.000,0.000,0,0,1.3050,50,100,50,50,44
21,falling,41,709.0,,195.000,303.676,0.00000,8.72260,8.72260,0.000000,0.000000,0,0,8.59200,8519.244,3.325,59.000,59.000,59.000,60.000,60.000,0.000,0.000,0,0,1.3050,50,100,50,50,44
21,falling,42,726.0,,195.000,312.185,0.00000,8.86366,8.86366,0.000000,0.000000,0,0,8.59200,8519.244,3.325,59.000,59.000,59.000,60.000,60.000,0.000,0.000,0,0,1.3050,50,100,50,50,44
21,falling,43,742.0,,195.000,321.376,0.00000,9.01138,9.01138,0.000000,0.000000,0,0,8.59200,8519.244,3.325,59.000,59.000,59.000,60.000,60.000,0.000,0.000,0,0,1.3050,50,100,50,50,44
21,falling,44,759.0,,195.000,330.716,0.00000,9.15684,9.15684,0.000000,0.000000,0,0,8.59200,8519.244,3.325,59.000,59.000,59.000,60.000,60.000,0.000,0.000,0,0,1.3050,50,100,50,50,44
21,falling,45,776.0,,195.000,339.636,0.00000,9.29165,9.29165,0.000000,0.000000,0,0,8.59200,8519.244,3.325,59.000,59.000,59.000,60.000,60.000,0.000,0.000,0,0,1.3050,50,100,50,50,44
21,falling,46,792.0,,195.000,349.258,0.00000,9.43282,9.43282,0.000000,0.000000,0,0,8.59200,8519.244,3.325,59.000,59.000,59.000,60.000,60.000,0.000,0.000,0,0,1.3050,50,100,50,50,44
21,falling,47,809.0,,195.000,359.021,0.00000,9.57183,9.57183,0.000000,0.000000,0,0,8.59200,8519.244,3.325,59.000,59.000,59.000,60.000,60.000,0.000,0.000,0,0,1.3050,50,100,50,50,44
21,falling,48,826.0,,195.000,368.334,0.00000,9.70066,9.70066,0.000000,0.000000,0,0,8.59200,8519.244,3.325,59.000,59.000,59.000,60.000,60.000,0.000,0.000,0,0,1.3050,50,100,50,50,44
21,falling,49,842.0,,195.000,378.366,0.00000,9.83558,9.83558,0.000000,0.000000,0,0,8.59200,8519.244,3.325,59.000,59.000,59.000,60.000,60.000,0.000,0.000,0,0,1.3050,50,100,50,50,44
21,falling,50,859.0,,195.000,388.534,0.00000,9.96842,9.96842,0.000000,0.000000,0,0,8.59200,8519.244,3.325,59.000,59.000,59.000,60.000,60.000,0.000,0.000,0,0,1.3050,50,100,50,50,44
21,falling,51,876.0,,195.000,398.222,0.00000,10.09155,10.09155,0.000000,0.000000,0,0,8.59200,8519.244,3.325,59.000,59.000,59.000,60.000,60.000,0.000,0.000,0,0,1.3050,50,100,50,50,44
21,falling,52,892.0,,195.000,408.646,0.00000,10.22048,10.22048,0.000000,0.000000,0,0,8.59200,8519.244,3.325,59.000,59.000,59.000,60.000,60.000,0.000,0.000,0,0,1.3050,50,100,50,50,44
21,falling,53,909.0,,195.000,419.201,0.00000,10.34744,10.34744,0.000000,0.000000,0,0,8.59200,8519.244,3.325,59.000,59.000,59.000,60.000,60.000,0.000,0.000,0,0,1.3050,50,100,50,50,44
21,falling,54,926.0,,195.000,429.247,0.00000,10.46510,10.46510,0.000000,0.000000,0,0,8.59200,8519.244,3.325,59.000,59.000,59.000,60.000,60.000,0.000,0.000,0,0,1.3050,50,100,50,50,44
21,falling,55,942.0,,195.000,440.047,0.00000,10.58832,10.58832,0.000000,0.000000,0,0,8.59200,8519.244,3.325,59.000,59.000,59.000,60.000,60.000,0.000,0.000,0,0,1.3050,50,100,50,50,44
21,falling,56,959.0,,195.000,450.971,0.00000,10.70965,10.70965,0.000000,0.000000,0,0,8.59200,8519.244,3.325,59.000,59.000,59.000,60.000,60.000,0.000,0.000,0,0,1.3050,50,100,50,50,44
21,falling,57,976.0,,195.000,461.360,0.00000,10.82210,10.82210,0.000000,0.000000,0,0,8.59200,8519.244,3.325,59.000,59.000,59.000,60.000,60.000,0.000,0.000,0,0,1.3050,50,100,50,50,44
21,falling,58,992.0,,195.000,472.519,0.00000,10.93985,10.93985,0.000000,0.000000,0,0,8.59200,8519.244,3.325,59.000,59.000,59.000,60.000,60.000,0.000,0.000,0,0,1.3050,50,100,50,50,44
21,post_landing,59,1009.0,59,195.000,483.369,-0.17634,-0.02011,0.17748,-0.002233,0.000000,0,1,8.59200,8519.244,3.325,59.000,59.000,59.000,60.000,60.000,0.000,0.000,0,2,1.3050,50,100,50,50,44
21,post_landing,60,1026.0,59,194.833,483.368,-0.01985,-0.01528,0.02505,0.000000,-0.002113,0,1,8.59200,8519.244,3.325,59.000,59.002,59.004,60.008,60.015,0.000,0.000,0,2,1.3050,50,100,50,50,44
21,post_landing,61,1042.0,59,194.813,483.370,0.02502,0.00000,0.02502,0.000000,-0.002113,0,1,8.59200,8519.244,3.325,59.000,59.002,59.004,60.008,60.015,0.000,0.000,0,2,1.3050,50,100,50,50,44
21,post_landing,62,1059.0,59,194.838,483.370,0.00696,0.00000,0.00696,0.000000,-0.002113,0,1,8.59200,8519.244,3.325,59.000,59.002,59.004,60.008,60.015,0.000,0.000,0,2,1.3050,50,100,50,50,44
21,post_landing,63,1076.0,59,194.845,483.368,-0.00013,0.00000,0.00013,0.000000,-0.002113,0,1,8.59200,8519.244,3.325,59.000,59.002,59.004,60.008,60.015,0.000,0.000,0,2,1.3050,50,100,50,50,44
21,post_landing,64,1092.0,59,194.845,483.370,-0.00128,0.00000,0.00128,0.000000,-0.002113,0,1,8.59200,8519.244,3.325,59.000,59.002,59.004,60.008,60.015,0.000,0.000,0,2,1.3050,50,100,50,50,44
21,post_landing,65,1109.0,59,194.844,483.370,-0.00027,0.00000,0.00027,0.000000,-0.002113,0,1,8.59200,8519.244,3.325,59.000,59.002,59.004,60.008,60.015,0.000,0.000,0,2,1.3050,50,100,50,50,44
21,post_landing,66,1126.0,59,194.843,483.370,0.00005,0.00000,0.00005,0.000000,-0.002113,0,1,8.59200,8519.244,3.325,59.000,59.002,59.004,60.008,60.015,0.000,0.000,0,2,1.3050,50,100,50,50,44
21,post_landing,67,1143.0,59,194.843,483.368,0.00080,0.00000,0.00080,0.000000,-0.002113,0,1,8.59200,8519.244,3.325,59.000,59.002,59.004,60.008,60.015,0.000,0.000,0,2,1.3050,50,100,50,50,44
21,post_landing,68,1159.0,59,194.844,483.370,-0.00055,0.00000,0.00055,0.000000,-0.002113,0,1,8.59200,8519.244,3.325,59.000,59.002,59.004,60.008,60.015,0.000,0.000,0,2,1.3050,50,100,50,50,44
21,post_landing,69,1176.0,59,194.844,483.370,-0.00019,0.00000,0.00019,0.000000,-0.002113,0,1,8.59200,8519.244,3.325,59.000,59.002,59.004,60.008,60.015,0.000,0.000,0,2,1.3050,50,100,50,50,44
21,post_landing,70,1192.0,59,194.843,483.368,0.00077,0.00000,0.00077,0.000000,-0.002113,0,1,8.59200,8519.244,3.325,59.000,59.002,59.004,60.008,60.015,0.000,0.000,0,2,1.3050,50,100,50,50,44
21,post_landing,71,1209.0,59,194.844,483.370,-0.00054,0.00000,0.00054,0.000000,-0.002113,0,1,8.59200,8519.244,3.325,59.000,59.002,59.004,60.008,60.015,0.000,0.000,0,2,1.3050,50,100,50,50,44
21,post_landing,72,1226.0,59,194.844,483.370,-0.00019,0.00000,0.00019,0.000000,-0.002113,0,1,8.59200,8519.244,3.325,59.000,59.002,59.004,60.008,60.015,0.000,0.000,0,2,1.3050,50,100,50,50,44
21,post_landing,73,1243.0,59,194.843,483.368,0.00077,0.00000,0.00077,0.000000,-0.002113,0,1,8.59200,8519.244,3.325,59.000,59.002,59.004,60.008,60.015,0.000,0.000,0,2,1.3050,50,100,50,50,44
21,post_landing,74,1259.0,59,194.844,483.370,-0.00054,0.00000,0.00054,0.000000,-0.002113,0,1,8.59200,8519.244,3.325,59.000,59.002,59.004,60.008,60.015,0.000,0.000,0,2,1.3050,50,100,50,50,44
21,post_landing,75,1277.0,59,194.844,483.370,-0.00019,0.00000,0.00019,0.000000,-0.002113,0,1,8.59200,8519.244,3.325,59.000,59.002,59.004,60.008,60.015,0.000,0.000,0,2,1.3050,50,100,50,50,44
21,post_landing,76,1293.0,59,194.843,483.368,0.00077,0.00000,0.00077,0.000000,-0.002113,0,1,8.59200,8519.244,3.325,59.000,59.002,59.004,60.008,60.015,0.000,0.000,0,2,1.3050,50,100,50,50,44
21,post_landing,77,1309.0,59,194.844,483.370,-0.00054,0.00000,0.00054,0.000000,-0.002113,0,1,8.59200,8519.244,3.325,59.000,59.002,59.004,60.008,60.015,0.000,0.000,0,2,1.3050,50,100,50,50,44
21,post_landing,78,1326.0,59,194.844,483.370,-0.00019,0.00000,0.00019,0.000000,-0.002113,0,1,8.59200,8519.244,3.325,59.000,59.002,59.004,60.008,60.015,0.000,0.000,0,2,1.3050,50,100,50,50,44
21,post_landing,79,1343.0,59,194.844,483.368,0.00077,0.00000,0.00077,0.000000,-0.002113,0,1,8.59200,8519.244,3.325,59.000,59.002,59.004,60.008,60.015,0.000,0.000,0,2,1.3050,50,100,50,50,44
21,post_landing,80,1359.0,59,194.844,483.370,-0.00054,0.00000,0.00054,0.000000,-0.002113,0,1,8.59200,8519.244,3.325,59.000,59.002,59.004,60.008,60.015,0.000,0.000,0,2,1.3050,50,100,50,50,44
21,post_landing,81,1376.0,59,194.844,483.370,-0.00019,0.00000,0.00019,0.000000,-0.002113,0,1,8.59200,8519.244,3.325,59.000,59.002,59.004,60.008,60.015,0.000,0.000,0,2,1.3050,50,100,50,50,44
21,post_landing,82,1393.0,59,194.844,483.368,0.00077,0.00000,0.00077,0.000000,-0.002113,0,1,8.59200,8519.244,3.325,59.000,59.002,59.004,60.008,60.015,0.000,0.000,0,2,1.3050,50,100,50,50,44
21,post_landing,83,1409.0,59,194.844,483.370,-0.00054,0.00000,0.00054,0.000000,-0.002113,0,1,8.59200,8519.244,3.325,59.000,59.002,59.004,60.008,60.015,0.000,0.000,0,2,1.3050,50,100,50,50,44
21,post_landing,84,1426.0,59,194.844,483.370,-0.00019,0.00000,0.00019,0.000000,-0.002113,0,1,8.59200,8519.244,3.325,59.000,59.002,59.004,60.008,60.015,0.000,0.000,0,2,1.3050,50,100,50,50,44
21,post_landing,85,1443.0,59,194.844,483.368,0.00077,0.00000,0.00077,0.000000,-0.002113,0,1,8.59200,8519.244,3.325,59.000,59.002,59.004,60.008,60.015,0.000,0.000,0,2,1.3050,50,100,50,50,44
21,post_landing,86,1459.0,59,194.844,483.370,-0.00054,0.00000,0.00054,0.000000,-0.002113,0,1,8.59200,8519.244,3.325,59.000,59.002,59.004,60.008,60.015,0.000,0.000,0,2,1.3050,50,100,50,50,44
21,post_landing,87,1476.0,59,194.844,483.370,-0.00019,0.00000,0.00019,0.000000,-0.002113,0,1,8.59200,8519.244,3.325,59.000,59.002,59.004,60.008,60.015,0.000,0.000,0,2,1.3050,50,100,50,50,44
21,post_landing,88,1493.0,59,194.844,483.368,0.00077,0.00000,0.00077,0.000000,-0.002113,0,1,8.59200,8519.244,3.325,59.000,59.002,59.004,60.008,60.015,0.000,0.000,0,2,1.3050,50,100,50,50,44
21,post_landing,89,1509.0,59,194.844,483.370,-0.00054,0.00000,0.00054,0.000000,-0.002113,0,1,8.59200,8519.244,3.325,59.000,59.002,59.004,60.008,60.015,0.000,0.000,0,2,1.3050,50,100,50,50,44
21,post_landing,90,1526.0,59,194.844,483.370,-0.00019,0.00000,0.00019,0.000000,-0.002113,0,1,8.59200,8519.244,3.325,59.000,59.002,59.004,60.008,60.015,0.000,0.000,0,2,1.3050,50,100,50,50,44
21,post_landing,91,1543.0,59,194.844,483.368,0.00077,0.00000,0.00077,0.000000,-0.002113,0,1,8.59200,8519.244,3.325,59.000,59.002,59.004,60.008,60.015,0.000,0.000,0,2,1.3050,50,100,50,50,44
21,post_landing,92,1559.0,59,194.845,483.370,-0.00054,0.00000,0.00054,0.000000,-0.002113,0,1,8.59200,8519.244,3.325,59.000,59.002,59.004,60.008,60.015,0.000,0.000,0,2,1.3050,50,100,50,50,44
21,post_landing,93,1576.0,59,194.844,483.370,-0.00019,0.00000,0.00019,0.000000,-0.002113,0,1,8.59200,8519.244,3.325,59.000,59.002,59.004,60.008,60.015,0.000,0.000,0,2,1.3050,50,100,50,50,44
21,post_landing,94,1593.0,59,194.844,483.368,0.00077,0.00000,0.00077,0.000000,-0.002113,0,1,8.59200,8519.244,3.325,59.000,59.002,59.004,60.008,60.015,0.000,0.000,0,2,1.3050,50,100,50,50,44
21,post_landing,95,1609.0,59,194.845,483.370,-0.00054,0.00000,0.00054,0.000000,-0.002113,0,1,8.59200,8519.244,3.325,59.000,59.002,59.004,60.008,60.015,0.000,0.000,0,2,1.3050,50,100,50,50,44
21,post_landing,96,1626.0,59,194.844,483.370,-0.00019,0.00000,0.00019,0.000000,-0.002113,0,1,8.59200,8519.244,3.325,59.000,59.002,59.004,60.008,60.015,0.000,0.000,0,2,1.3050,50,100,50,50,44
21,post_landing,97,1643.0,59,194.844,483.370,0.00001,0.00000,0.00001,0.000000,-0.002113,0,1,8.59200,8519.244,3.325,59.000,59.002,59.004,60.008,60.015,0.000,0.000,0,2,1.3050,50,100,50,50,44
21,post_landing,98,1660.0,59,194.844,483.368,0.00078,0.00000,0.00078,0.000000,-0.002113,0,1,8.59200,8519.244,3.325,59.000,59.002,59.004,60.008,60.015,0.000,0.000,0,2,1.3050,50,100,50,50,44
21,post_landing,99,1676.0,59,194.845,483.370,-0.00055,0.00000,0.00055,0.000000,-0.002113,0,1,8.59200,8519.244,3.325,59.000,59.002,59.004,60.008,60.015,0.000,0.000,0,2,1.3050,50,100,50,50,44
21,post_landing,100,1693.0,59,194.844,483.370,-0.00019,0.00000,0.00019,0.000000,-0.002113,0,1,8.59200,8519.244,3.325,59.000,59.002,59.004,60.008,60.015,0.000,0.000,0,2,1.3050,50,100,50,50,44
21,post_landing,101,1710.0,59,194.844,483.368,0.00077,0.00000,0.00077,0.000000,-0.002113,0,1,8.59200,8519.244,3.325,59.000,59.002,59.004,60.008,60.015,0.000,0.000,0,2,1.3050,50,100,50,50,44
21,post_landing,102,1726.0,59,194.845,483.370,-0.00054,0.00000,0.00054,0.000000,-0.002113,0,1,8.59200,8519.244,3.325,59.000,59.002,59.004,60.008,60.015,0.000,0.000,0,2,1.3050,50,100,50,50,44
21,post_landing,103,1743.0,59,194.844,483.370,-0.00019,0.00000,0.00019,0.000000,-0.002113,0,1,8.59200,8519.244,3.325,59.000,59.002,59.004,60.008,60.015,0.000,0.000,0,2,1.3050,50,100,50,50,44
21,post_landing,104,1760.0,59,194.844,483.368,0.00077,0.00000,0.00077,0.000000,-0.002113,0,1,8.59200,8519.244,3.325,59.000,59.002,59.004,60.008,60.015,0.000,0.000,0,2,1.3050,50,100,50,50,44
21,post_landing,105,1776.0,59,194.845,483.370,-0.00054,0.00000,0.00054,0.000000,-0.002113,0,1,8.59200,8519.244,3.325,59.000,59.002,59.004,60.008,60.015,0.000,0.000,0,2,1.3050,50,100,50,50,44
21,post_landing,106,1793.0,59,194.844,483.370,-0.00019,0.00000,0.00019,0.000000,-0.002113,0,1,8.59200,8519.244,3.325,59.000,59.002,59.004,60.008,60.015,0.000,0.000,0,2,1.3050,50,100,50,50,44
21,post_landing,107,1810.0,59,194.844,483.368,0.00077,0.00000,0.00077,0.000000,-0.002113,0,1,8.59200,8519.244,3.325,59.000,59.002,59.004,60.008,60.015,0.000,0.000,0,2,1.3050,50,100,50,50,44
21,post_landing,108,1826.0,59,194.845,483.370,-0.00054,0.00000,0.00054,0.000000,-0.002113,0,1,8.59200,8519.244,3.325,59.000,59.002,59.004,60.008,60.015,0.000,0.000,0,2,1.3050,50,100,50,50,44
21,post_landing,109,1843.0,59,194.844,483.370,-0.00019,0.00000,0.00019,0.000000,-0.002113,0,1,8.59200,8519.244,3.325,59.000,59.002,59.004,60.008,60.015,0.000,0.000,0,2,1.3050,50,100,50,50,44
21,post_landing,110,1860.0,59,194.844,483.368,0.00077,0.00000,0.00077,0.000000,-0.002113,0,1,8.59200,8519.244,3.325,59.000,59.002,59.004,60.008,60.015,0.000,0.000,0,2,1.3050,50,100,50,50,44
21,post_landing,111,1876.0,59,194.845,483.370,-0.00054,0.00000,0.00054,0.000000,-0.002113,0,1,8.59200,8519.244,3.325,59.000,59.002,59.004,60.008,60.015,0.000,0.000,0,2,1.3050,50,100,50,50,44
21,post_landing,112,1893.0,59,194.844,483.370,-0.00019,0.00000,0.00019,0.000000,-0.002113,0,1,8.59200,8519.244,3.325,59.000,59.002,59.004,60.008,60.015,0.000,0.000,0,2,1.3050,50,100,50,50,44
21,post_landing,113,1910.0,59,194.844,483.368,0.00077,0.00000,0.00077,0.000000,-0.002113,0,1,8.59200,8519.244,3.325,59.000,59.002,59.004,60.008,60.015,0.000,0.000,0,2,1.3050,50,100,50,50,44
21,post_landing,114,1926.0,59,194.845,483.370,-0.00054,0.00000,0.00054,0.000000,-0.002113,0,1,8.59200,8519.244,3.325,59.000,59.002,59.004,60.008,60.015,0.000,0.000,0,2,1.3050,50,100,50,50,44
21,post_landing,115,1943.0,59,194.844,483.370,-0.00019,0.00000,0.00019,0.000000,-0.002113,0,1,8.59200,8519.244,3.325,59.000,59.002,59.004,60.008,60.015,0.000,0.000,0,2,1.3050,50,100,50,50,44
21,post_landing,116,1960.0,59,194.844,483.368,0.00077,0.00000,0.00077,0.000000,-0.002113,0,1,8.59200,8519.244,3.325,59.000,59.002,59.004,60.008,60.015,0.000,0.000,0,2,1.3050,50,100,50,50,44
21,post_landing,117,1976.0,59,194.845,483.370,-0.00054,0.00000,0.00054,0.000000,-0.002113,0,1,8.59200,8519.244,3.325,59.000,59.002,59.004,60.008,60.015,0.000,0.000,0,2,1.3050,50,100,50,50,44
21,post_landing,118,1993.0,59,194.844,483.370,-0.00019,0.00000,0.00019,0.000000,-0.002113,0,1,8.59200,8519.244,3.325,59.000,59.002,59.004,60.008,60.015,0.000,0.000,0,2,1.3050,50,100,50,50,44
22,falling,0,24.0,,195.000,97.029,0.00000,0.55000,0.55000,0.000000,0.000000,0,0,3.96600,1328.128,2.502,5.000,5.000,6.000,7.000,15.000,0.000,0.000,0,0,1.3709,67,134,67,70,54
22,falling,1,34.0,,195.000,97.456,0.00000,0.71172,0.71172,0.000000,0.000000,0,0,3.96600,1328.128,2.502,5.000,5.000,6.000,7.000,15.000,0.000,0.000,0,0,1.3709,67,134,67,70,54
22,falling,2,51.0,,195.000,98.460,0.00000,0.98416,0.98416,0.000000,0.000000,0,0,3.96600,1328.128,2.502,5.000,5.000,6.000,7.000,15.000,0.000,0.000,0,0,1.3709,67,134,67,70,54
22,falling,3,67.0,,195.000,99.647,0.00000,1.23666,1.23666,0.000000,0.000000,0,0,3.96600,1328.128,2.502,5.000,5.000,6.000,7.000,15.000,0.000,0.000,0,0,1.3709,67,134,67,70,54
22,falling,4,84.0,,195.000,101.178,0.00000,1.50107,1.50107,0.000000,0.000000,0,0,3.96600,1328.128,2.502,5.000,5.000,6.000,7.000,15.000,0.000,0.000,0,0,1.3709,67,134,67,70,54
22,falling,5,101.0,,195.000,102.975,0.00000,1.76143,1.76143,0.000000,0.000000,0,0,3.96600,1328.128,2.502,5.000,5.000,6.000,7.000,15.000,0.000,0.000,0,0,1.3709,67,134,67,70,54
22,falling,6,118.0,,195.000,104.897,0.00000,2.00274,2.00274,0.000000,0.000000,0,0,3.96600,1328.128,2.502,5.000,5.000,6.000,7.000,15.000,0.000,0.000,0,0,1.3709,67,134,67,70,54
22,falling,7,134.0,,195.000,107.198,0.00000,2.25543,2.25543,0.000000,0.000000,0,0,3.96600,1328.128,2.502,5.000,5.000,6.000,7.000,15.000,0.000,0.000,0,0,1.3709,67,134,67,70,54
22,falling,8,151.0,,195.000,109.752,0.00000,2.50425,2.50425,0.000000,0.000000,0,0,3.96600,1328.128,2.502,5.000,5.000,6.000,7.000,15.000,0.000,0.000,0,0,1.3709,67,134,67,70,54
22,falling,9,168.0,,195.000,112.378,0.00000,2.73486,2.73486,0.000000,0.000000,0,0,3.96600,1328.128,2.502,5.000,5.000,6.000,7.000,15.000,0.000,0.000,0,0,1.3709,67,134,67,70,54
22,falling,10,184.0,,195.000,115.414,0.00000,2.97635,2.97635,0.000000,0.000000,0,0,3.96600,1328.128,2.502,5.000,5.000,6.000,7.000,15.000,0.000,0.000,0,0,1.3709,67,134,67,70,54
22,falling,11,201.0,,195.000,118.692,0.00000,3.21414,3.21414,0.000000,0.000000,0,0,3.96600,1328.128,2.502,5.000,5.000,6.000,7.000,15.000,0.000,0.000,0,0,1.3709,67,134,67,70,54
22,falling,12,218.0,,195.000,121.989,0.00000,3.43453,3.43453,0.000000,0.000000,0,0,3.96600,1328.128,2.502,5.000,5.000,6.000,7.000,15.000,0.000,0.000,0,0,1.3709,67,134,67,70,54
22,falling,13,234.0,,195.000,125.728,0.00000,3.66531,3.66531,0.000000,0.000000,0,0,3.96600,1328.128,2.502,5.000,5.000,6.000,7.000,15.000,0.000,0.000,0,0,1.3709,67,134,67,70,54
22,falling,14,251.0,,195.000,129.698,0.00000,3.89257,3.89257,0.000000,0.000000,0,0,3.96600,1328.128,2.502,5.000,5.000,6.000,7.000,15.000,0.000,0.000,0,0,1.3709,67,134,67,70,54
22,falling,15,268.0,,195.000,133.637,0.00000,4.10318,4.10318,0.000000,0.000000,0,0,3.96600,1328.128,2.502,5.000,5.000,6.000,7.000,15.000,0.000,0.000,0,0,1.3709,67,134,67,70,54
22,falling,16,284.0,,195.000,138.048,0.00000,4.32373,4.32373,0.000000,0.000000,0,0,3.96600,1328.128,2.502,5.000,5.000,6.000,7.000,15.000,0.000,0.000,0,0,1.3709,67,134,67,70,54
22,falling,17,301.0,,195.000,142.679,0.00000,4.54092,4.54092,0.000000,0.000000,0,0,3.96600,1328.128,2.502,5.000,5.000,6.000,7.000,15.000,0.000,0.000,0,0,1.3709,67,134,67,70,54
22,falling,18,318.0,,195.000,147.232,0.00000,4.74219,4.74219,0.000000,0.000000,0,0,3.96600,1328.128,2.502,5.000,5.000,6.000,7.000,15.000,0.000,0.000,0,0,1.3709,67,134,67,70,54
22,falling,19,334.0,,195.000,152.284,0.00000,4.95297,4.95297,0.000000,0.000000,0,0,3.96600,1328.128,2.502,5.000,5.000,6.000,7.000,15.000,0.000,0.000,0,0,1.3709,67,134,67,70,54
22,falling,20,351.0,,195.000,157.548,0.00000,5.16052,5.16052,0.000000,0.000000,0,0,3.96600,1328.128,2.502,5.000,5.000,6.000,7.000,15.000,0.000,0.000,0,0,1.3709,67,134,67,70,54
22,falling,21,368.0,,195.000,162.686,0.00000,5.35288,5.35288,0.000000,0.000000,0,0,3.96600,1328.128,2.502,5.000,5.000,6.000,7.000,15.000,0.000,0.000,0,0,1.3709,67,134,67,70,54
22,falling,22,384.0,,195.000,168.352,0.00000,5.55431,5.55431,0.000000,0.000000,0,0,3.96600,1328.128,2.502,5.000,5.000,6.000,7.000,15.000,0.000,0.000,0,0,1.3709,67,134,67,70,54
22,falling,23,401.0,,195.000,174.219,0.00000,5.75266,5.75266,0.000000,0.000000,0,0,3.96600,1328.128,2.502,5.000,5.000,6.000,7.000,15.000,0.000,0.000,0,0,1.3709,67,134,67,70,54
22,falling,24,418.0,,195.000,179.918,0.00000,5.93649,5.93649,0.000000,0.000000,0,0,3.96600,1328.128,2.502,5.000,5.000,6.000,7.000,15.000,0.000,0.000,0,0,1.3709,67,134,67,70,54
22,falling,25,434.0,,195.000,186.170,0.00000,6.12900,6.12900,0.000000,0.000000,0,0,3.96600,1328.128,2.502,5.000,5.000,6.000,7.000,15.000,0.000,0.000,0,0,1.3709,67,134,67,70,54
22,falling,26,451.0,,195.000,192.615,0.00000,6.31856,6.31856,0.000000,0.000000,0,0,3.96600,1328.128,2.502,5.000,5.000,6.000,7.000,15.000,0.000,0.000,0,0,1.3709,67,134,67,70,54
22,falling,27,468.0,,195.000,198.849,0.00000,6.49424,6.49424,0.000000,0.000000,0,0,3.96600,1328.128,2.502,5.000,5.000,6.000,7.000,15.000,0.000,0.000,0,0,1.3709,67,134,67,70,54
22,falling,28,484.0,,195.000,205.661,0.00000,6.67821,6.67821,0.000000,0.000000,0,0,3.96600,1328.128,2.502,5.000,5.000,6.000,7.000,15.000,0.000,0.000,0,0,1.3709,67,134,67,70,54
22,falling,29,501.0,,195.000,212.658,0.00000,6.85937,6.85937,0.000000,0.000000,0,0,3.96600,1328.128,2.502,5.000,5.000,6.000,7.000,15.000,0.000,0.000,0,0,1.3709,67,134,67,70,54
22,falling,30,518.0,,195.000,219.404,0.00000,7.02726,7.02726,0.000000,0.000000,0,0,3.96600,1328.128,2.502,5.000,5.000,6.000,7.000,15.000,0.000,0.000,0,0,1.3709,67,134,67,70,54
22,falling,31,534.0,,195.000,226.751,0.00000,7.20307,7.20307,0.000000,0.000000,0,0,3.96600,1328.128,2.502,5.000,5.000,6.000,7.000,15.000,0.000,0.000,0,0,1.3709,67,134,67,70,54
22,falling,32,551.0,,195.000,234.275,0.00000,7.37620,7.37620,0.000000,0.000000,0,0,3.96600,1328.128,2.502,5.000,5.000,6.000,7.000,17.000,0.000,0.000,0,0,1.3709,67,134,67,70,54
22,falling,33,568.0,,195.000,241.510,0.00000,7.53665,7.53665,0.000000,0.000000,0,0,3.96600,1328.128,2.502,5.000,5.000,6.000,7.000,17.000,0.000,0.000,0,0,1.3709,67,134,67,70,54
22,falling,34,584.0,,195.000,249.369,0.00000,7.70467,7.70467,0.000000,0.000000,0,0,3.96600,1328.128,2.502,5.000,5.000,6.000,7.000,17.000,0.000,0.000,0,0,1.3709,67,134,67,70,54
22,falling,35,601.0,,195.000,257.396,0.00000,7.87012,7.87012,0.000000,0.000000,0,0,3.96600,1328.128,2.502,5.000,5.000,6.000,7.000,17.000,0.000,0.000,0,0,1.3709,67,134,67,70,54
22,falling,36,618.0,,195.000,265.099,0.00000,8.02346,8.02346,0.000000,0.000000,0,0,3.96600,1328.128,2.502,5.000,5.000,6.000,7.000,17.000,0.000,0.000,0,0,1.3709,67,134,67,70,54
22,falling,37,634.0,,195.000,273.446,0.00000,8.18404,8.18404,0.000000,0.000000,0,0,3.96600,1328.128,2.502,5.000,5.000,6.000,7.000,17.000,0.000,0.000,0,0,1.3709,67,134,67,70,54
22,falling,38,651.0,,195.000,281.955,0.00000,8.34215,8.34215,0.000000,0.000000,0,0,3.96600,1328.128,2.502,5.000,5.000,6.000,7.000,17.000,0.000,0.000,0,0,1.3709,67,134,67,70,54
22,falling,39,668.0,,195.000,290.105,0.00000,8.48869,8.48869,0.000000,0.000000,0,0,3.96600,1328.128,2.502,5.000,5.000,6.000,7.000,17.000,0.000,0.000,0,0,1.3709,67,134,67,70,54
22,falling,40,684.0,,195.000,298.920,0.00000,8.64215,8.64215,0.000000,0.000000,0,0,3.96600,1328.128,2.502,5.000,5.000,6.000,7.000,17.000,0.000,0.000,0,0,1.3709,67,134,67,70,54
22,falling,41,701.0,,195.000,307.889,0.00000,8.79326,8.79326,0.000000,0.000000,0,0,3.96600,1328.128,2.502,5.000,5.000,6.000,7.000,17.000,0.000,0.000,0,0,1.3709,67,134,67,70,54
22,falling,42,718.0,,195.000,317.010,0.00000,8.94205,8.94205,0.000000,0.000000,0,0,3.96600,1328.128,2.502,5.000,5.000,6.000,7.000,17.000,0.000,0.000,0,0,1.3709,67,134,67,70,54
22,falling,43,735.0,,195.000,325.726,0.00000,9.07995,9.07995,0.000000,0.000000,0,0,3.96600,1328.128,2.502,5.000,5.000,6.000,7.000,17.000,0.000,0.000,0,0,1.3709,67,134,67,70,54
22,falling,44,751.0,,195.000,335.135,0.00000,9.22436,9.22436,0.000000,0.000000,0,0,3.96600,1328.128,2.502,5.000,5.000,6.000,7.000,17.000,0.000,0.000,0,0,1.3709,67,134,67,70,54
22,falling,45,768.0,,195.000,344.689,0.00000,9.36657,9.36657,0.000000,0.000000,0,0,3.96600,1328.128,2.502,5.000,5.000,6.000,7.000,17.000,0.000,0.000,0,0,1.3709,67,134,67,70,54
22,falling,46,785.0,,195.000,353.808,0.00000,9.49835,9.49835,0.000000,0.000000,0,0,3.96600,1328.128,2.502,5.000,5.000,6.000,7.000,17.000,0.000,0.000,0,0,1.3709,67,134,67,70,54
22,falling,47,801.0,,195.000,363.637,0.00000,9.63636,9.63636,0.000000,0.000000,0,0,3.96600,1328.128,2.502,5.000,5.000,6.000,7.000,17.000,0.000,0.000,0,0,1.3709,67,134,67,70,54
22,falling,48,818.0,,195.000,373.604,0.00000,9.77226,9.77226,0.000000,0.000000,0,0,3.96600,1328.128,2.502,5.000,5.000,6.000,7.000,17.000,0.000,0.000,0,0,1.3709,67,134,67,70,54
22,falling,49,835.0,,195.000,383.107,0.00000,9.89821,9.89821,0.000000,0.000000,0,0,3.96600,1328.128,2.502,5.000,5.000,6.000,7.000,17.000,0.000,0.000,0,0,1.3709,67,134,67,70,54
22,falling,50,851.0,,195.000,393.337,0.00000,10.03010,10.03010,0.000000,0.000000,0,0,3.96600,1328.128,2.502,5.000,5.000,6.000,7.000,17.000,0.000,0.000,0,0,1.3709,67,134,67,70,54
22,falling,51,868.0,,195.000,403.700,0.00000,10.15997,10.15997,0.000000,0.000000,0,0,3.96600,1328.128,2.502,5.000,5.000,6.000,7.000,17.000,0.000,0.000,0,0,1.3709,67,134,67,70,54
22,falling,52,885.0,,195.000,413.570,0.00000,10.28033,10.28033,0.000000,0.000000,0,0,3.96600,1328.128,2.502,5.000,5.000,6.000,7.000,17.000,0.000,0.000,0,0,1.3709,67,134,67,70,54
22,falling,53,901.0,,195.000,424.184,0.00000,10.40638,10.40638,0.000000,0.000000,0,0,3.96600,1328.128,2.502,5.000,5.000,6.000,7.000,17.000,0.000,0.000,0,0,1.3709,67,134,67,70,54
22,falling,54,918.0,,195.000,434.925,0.00000,10.53049,10.53049,0.000000,0.000000,0,0,3.96600,1328.128,2.502,5.000,5.000,6.000,7.000,17.000,0.000,0.000,0,0,1.3709,67,134,67,70,54
22,falling,55,935.0,,195.000,445.145,0.00000,10.64552,10.64552,0.000000,0.000000,0,0,3.96600,1328.128,2.502,5.000,5.000,6.000,7.000,17.000,0.000,0.000,0,0,1.3709,67,134,67,70,54
22,falling,56,951.0,,195.000,456.126,0.00000,10.76598,10.76598,0.000000,0.000000,0,0,3.96600,1328.128,2.502,5.000,5.000,6.000,7.000,17.000,0.000,0.000,0,0,1.3709,67,134,67,70,54
22,falling,57,968.0,,195.000,467.228,0.00000,10.88459,10.88459,0.000000,0.000000,0,0,3.96600,1328.128,2.502,5.000,5.000,6.000,7.000,17.000,0.000,0.000,0,0,1.3709,67,134,67,70,54
22,falling,58,985.0,,195.000,477.783,0.00000,10.99452,10.99452,0.000000,0.000000,0,0,3.96600,1328.128,2.502,5.000,5.000,5.000,6.000,15.000,0.000,0.000,0,0,1.3709,67,134,67,70,54
22,post_landing,59,1001.0,59,195.000,486.511,-0.91886,0.00000,0.91886,0.029441,0.000000,0,1,3.96600,1328.128,2.502,5.000,5.000,5.000,6.000,15.000,0.000,0.000,0,3,1.3709,67,134,67,70,54
22,post_landing,60,1018.0,59,194.077,485.937,-1.62346,-0.05474,1.62439,0.049485,0.029571,0,1,3.96600,1328.128,2.502,5.000,4.028,6.027,6.086,14.993,0.000,0.000,0,2,1.3709,67,134,67,70,54
22,post_landing,61,1035.0,59,192.541,485.381,-0.63710,0.00000,0.63710,-0.019843,0.076392,0,1,3.96600,1328.128,2.502,5.000,4.065,6.059,6.211,37.045,0.000,0.000,0,1,1.3709,67,134,67,70,54
22,post_landing,62,1051.0,59,191.901,485.397,-0.36136,0.00000,0.36136,-0.017949,0.056462,0,1,3.96600,1328.128,2.502,5.000,4.050,6.047,6.160,37.054,0.000,0.000,0,1,1.3709,67,134,67,70,54
22,post_landing,63,1068.0,59,191.538,485.421,-0.10613,0.00000,0.10613,-0.017416,0.038434,0,1,3.96600,1328.128,2.502,5.000,4.035,6.034,6.111,14.989,0.000,0.000,0,1,1.3709,67,134,67,70,54
22,post_landing,64,1085.0,59,191.438,485.451,0.14430,0.00000,0.14430,-0.018104,0.021956,0,1,3.96600,1328.128,2.502,5.000,4.021,6.021,6.064,14.996,0.000,0.000,0,1,1.3709,67,134,67,70,54
22,post_landing,65,1102.0,59,191.583,485.500,0.36192,0.00000,0.36192,-0.033417,0.003772,0,1,3.96600,1328.128,2.502,5.000,4.004,6.004,6.011,15.000,0.000,0.000,0,1,1.3709,67,134,67,70,54
22,post_landing,66,1118.0,59,191.946,485.498,-0.15056,0.02605,0.15280,0.016988,-0.029792,0,1,3.96600,1328.128,2.502,5.000,5.028,5.057,7.056,17.082,0.000,0.000,0,1,1.3709,67,134,67,70,54
22,post_landing,67,1135.0,59,191.795,485.502,-0.32819,0.02443,0.32910,0.029303,-0.012730,0,1,3.96600,1328.128,2.502,5.000,5.012,5.025,7.025,17.037,0.000,0.000,0,1,1.3709,67,134,67,70,54
22,post_landing,68,1152.0,59,191.484,485.468,-0.35071,0.00000,0.35071,0.026301,0.014996,0,1,3.96600,1328.128,2.502,5.000,4.015,6.014,6.044,14.998,0.000,0.000,0,1,1.3709,67,134,67,70,54
22,post_landing,69,1168.0,59,191.132,485.416,-0.36853,0.00000,0.36853,0.024289,0.041413,0,1,3.96600,1328.128,2.502,5.000,4.038,6.036,6.119,37.051,0.000,0.000,0,1,1.3709,67,134,67,70,54
22,post_landing,70,1185.0,59,190.762,485.389,-0.38503,-0.02061,0.38558,0.023424,0.065809,0,1,3.96600,1328.128,2.502,5.000,4.057,6.053,6.184,37.051,0.000,0.000,0,1,1.3709,67,134,67,70,54
22,post_landing,71,1203.0,59,190.398,485.397,-0.45420,0.00000,0.45420,0.026683,0.087972,0,1,3.96600,1328.128,2.502,5.000,4.072,6.065,6.240,34.220,0.000,0.000,0,1,1.3709,67,134,67,70,54
22,post_landing,72,1218.0,59,189.942,485.418,-0.51217,-0.01343,0.51235,0.029358,0.114772,0,1,3.96600,1328.128,2.502,5.000,4.088,6.075,6.304,34.234,0.000,0.000,0,1,1.3709,67,134,67,70,54
22,post_landing,73,1235.0,59,189.427,485.462,-0.56583,-0.02181,0.56625,0.032166,0.144259,0,1,3.96600,1328.128,2.502,5.000,4.102,6.081,6.369,34.366,0.000,0.000,0,1,1.3709,67,134,67,70,54
22,post_landing,74,1252.0,59,188.892,485.535,-0.46310,-0.01750,0.46343,0.021407,0.174694,0,1,3.96600,1328.128,2.502,5.000,4.113,6.082,6.430,34.352,0.000,0.000,0,1,1.3709,67,134,67,70,54
22,post_landing,75,1268.0,59,188.427,485.616,-0.38920,-0.02283,0.38987,0.015810,0.196195,0,1,3.96600,1328.128,2.502,5.000,4.118,6.080,6.470,34.322,0.000,0.000,0,1,1.3709,67,134,67,70,54
22,post_landing,76,1285.0,59,188.036,485.684,-0.32118,-0.01732,0.32165,0.011794,0.212074,0,1,3.96600,1328.128,2.502,5.000,4.121,5.309,30.034,34.291,0.000,0.000,0,1,1.3709,67,134,67,70,54
22,post_landing,77,1302.0,59,187.732,485.734,-0.26306,-0.01595,0.26355,0.009233,0.223233,0,1,3.96600,1328.128,2.502,5.000,4.122,5.319,30.051,31.559,0.000,0.000,0,1,1.3709,67,134,67,70,54
22,post_landing,78,1318.0,59,187.468,485.785,-0.22558,-0.01647,0.22618,0.009156,0.232507,0,1,3.96600,1328.128,2.502,5.000,4.123,5.326,30.063,31.548,0.000,0.000,0,1,1.3709,67,134,67,70,54
22,post_landing,79,1335.0,59,187.241,485.835,-0.19571,0.00000,0.19571,0.009523,0.241703,0,1,3.96600,1328.128,2.502,5.000,4.123,5.333,30.311,31.535,0.000,0.000,0,1,1.3709,67,134,67,70,54
22,post_landing,80,1352.0,59,187.056,485.883,-0.17503,0.00000,0.17503,0.010423,0.250713,0,1,3.96600,1328.128,2.502,5.000,4.123,5.340,30.326,31.519,0.000,0.000,0,1,1.3709,67,134,67,70,54
22,post_landing,81,1368.0,59,186.880,485.950,-0.15008,0.00000,0.15008,0.011140,0.261182,0,1,3.96600,1328.128,2.502,5.000,0.258,5.347,30.340,31.498,0.000,0.000,0,1,1.3709,67,134,67,70,54
22,post_landing,82,1385.0,59,186.729,486.022,-0.13306,0.00000,0.13306,0.012348,0.272371,0,1,3.96600,1328.128,2.502,5.000,0.269,5.354,30.352,31.471,0.000,0.000,0,1,1.3709,67,134,67,70,54
22,post_landing,83,1402.0,59,186.603,486.097,-0.08689,0.00000,0.08689,0.010804,0.284054,0,1,3.96600,1328.128,2.502,5.000,0.280,29.400,30.640,31.439,0.000,0.000,0,1,1.3709,67,134,67,70,54
22,post_landing,84,1418.0,59,186.516,486.180,-0.04759,0.00000,0.04759,0.010318,0.294906,0,1,3.96600,1328.128,2.502,5.000,0.291,29.407,30.655,31.406,0.000,0.000,0,1,1.3709,67,134,67,70,54
22,post_landing,85,1435.0,59,186.468,486.259,-0.02455,0.00000,0.02455,0.011252,0.305269,0,1,3.96600,1328.128,2.502,5.000,0.301,29.410,30.665,31.370,0.000,0.000,0,1,1.3709,67,134,67,70,54
22,post_landing,86,1452.0,59,186.445,486.339,-0.02157,0.02677,0.03437,0.012965,0.315915,0,1,3.96600,1328.128,2.502,5.000,0.311,29.411,30.672,31.330,0.000,0.000,0,1,1.3709,67,134,67,70,54
22,post_landing,87,1469.0,59,186.423,486.452,0.01018,0.02130,0.02360,0.013036,0.328936,0,1,3.96600,1328.128,2.502,5.000,25.621,29.729,30.676,31.276,0.000,0.000,0,1,1.3709,67,134,67,70,54
22,post_landing,88,1485.0,59,186.434,486.567,0.02433,0.02167,0.03258,0.014576,0.342030,0,1,3.96600,1328.128,2.502,5.000,25.628,29.732,30.674,31.217,0.000,0.000,0,1,1.3709,67,134,67,70,54
22,post_landing,89,1502.0,59,186.458,486.727,0.18546,0.07565,0.20030,-0.010460,0.356670,0,1,3.96600,1328.128,2.502,5.000,25.981,30.079,30.666,31.144,0.000,0.000,0,2,1.3709,67,134,67,70,54
22,post_landing,90,1519.0,59,186.634,486.769,0.10610,0.26616,0.28652,-0.002509,0.346773,0,1,3.96600,1328.128,2.502,5.000,25.630,29.732,30.672,31.194,0.000,0.000,0,2,1.3709,67,134,67,70,54
22,post_landing,91,1535.0,59,186.740,486.798,0.02318,-0.15778,0.15948,0.000000,0.344253,0,1,3.96600,1328.128,2.502,5.000,25.629,29.732,30.673,31.206,0.000,0.000,0,2,1.3709,67,134,67,70,54
22,post_landing,92,1552.0,59,186.763,486.771,0.08750,-0.07088,0.11261,-0.015442,0.344253,0,1,3.96600,1328.128,2.502,5.000,25.629,29.732,30.673,31.206,0.000,0.000,0,2,1.3709,67,134,67,70,54
22,post_landing,93,1569.0,59,186.846,486.477,0.40419,0.05443,0.40784,-0.037024,0.329642,0,1,3.96600,1328.128,2.502,5.000,25.621,29.729,30.676,31.273,0.000,0.000,0,1,1.3709,67,134,67,70,54
22,post_landing,94,1585.0,59,187.252,486.193,0.35413,0.12096,0.37421,-0.023597,0.292455,0,1,3.96600,1328.128,2.502,5.000,0.288,29.406,30.652,31.414,0.000,0.000,0,1,1.3709,67,134,67,70,54
22,post_landing,95,1602.0,59,187.608,486.025,0.44261,0.11267,0.45672,-0.024187,0.268755,0,1,3.96600,1328.128,2.502,5.000,0.266,5.352,30.349,31.480,0.000,0.000,0,1,1.3709,67,134,67,70,54
22,post_landing,96,1619.0,59,188.027,485.878,0.19130,-0.03989,0.19542,0.006478,0.245870,0,1,3.96600,1328.128,2.502,5.000,4.123,5.336,30.318,31.528,0.000,0.000,0,1,1.3709,67,134,67,70,54
22,post_landing,97,1635.0,59,188.219,485.897,-0.02882,-0.06105,0.06751,0.027830,0.252377,0,1,3.96600,1328.128,2.502,5.000,4.123,5.341,30.329,31.516,0.000,0.000,0,1,1.3709,67,134,67,70,54
22,post_landing,98,1652.0,59,188.190,486.064,-0.13000,0.00000,0.13000,0.034063,0.280329,0,1,3.96600,1328.128,2.502,5.000,0.277,5.358,30.635,31.450,0.000,0.000,0,1,1.3709,67,134,67,70,54
22,post_landing,99,1669.0,59,188.067,486.300,-0.05308,0.02190,0.05742,0.024857,0.312559,0,1,3.96600,1328.128,2.502,5.000,0.307,29.411,30.670,31.343,0.000,0.000,0,1,1.3709,67,134,67,70,54
22,post_landing,100,1685.0,59,188.014,486.519,-0.00440,0.03482,0.03509,0.020664,0.337525,0,1,3.96600,1328.128,2.502,5.000,25.626,29.732,30.675,31.238,0.000,0.000,0,1,1.3709,67,134,67,70,54
22,post_landing,101,1702.0,59,188.009,486.720,-0.50041,0.23294,0.55197,0.057380,0.358279,0,1,3.96600,1328.128,2.502,5.000,25.983,30.079,30.665,31.136,0.000,0.000,0,2,1.3709,67,134,67,70,54
22,post_landing,102,1719.0,59,187.536,486.355,-1.05424,-0.65267,1.23992,0.038934,0.412571,0,1,3.96600,1328.128,2.502,5.000,0.401,26.397,30.061,30.576,0.000,0.000,0,2,1.3709,67,134,67,70,54
22,post_landing,103,1735.0,59,186.477,485.416,-0.66661,-0.19764,0.69529,0.002570,0.451676,0,1,3.96600,1328.128,2.502,5.000,0.436,0.873,26.394,30.457,0.000,0.000,0,1,1.3709,67,134,67,70,54
22,post_landing,104,1752.0,59,185.807,485.321,-0.35725,-0.03261,0.35873,-0.025371,0.454257,0,1,3.96600,1328.128,2.502,5.000,0.439,0.878,26.393,30.447,0.000,0.000,0,1,1.3709,67,134,67,70,54
22,post_landing,105,1769.0,59,185.469,485.546,-0.35210,0.23453,0.42306,-0.025006,0.430252,0,0,3.96600,1328.128,2.502,5.000,0.417,26.401,30.036,30.528,0.000,0.000,0,0,1.3709,67,134,67,70,54
22,post_landing,106,1786.0,59,185.116,486.010,-0.54577,-0.07228,0.55054,-0.011709,0.405136,0,1,3.96600,1328.128,2.502,5.000,0.394,26.393,30.069,30.594,0.000,0.000,0,1,1.3709,67,134,67,70,54
22,post_landing,107,1802.0,59,184.567,486.180,-0.48359,-0.06270,0.48764,-0.011899,0.393376,0,1,3.96600,1328.128,2.502,5.000,26.000,26.383,30.618,30.618,0.000,0.000,0,1,1.3709,67,134,67,70,54
22,post_landing,108,1819.0,59,184.110,486.346,-0.38004,-0.01283,0.38026,-0.012420,0.382117,0,1,3.96600,1328.128,2.502,5.000,25.998,26.371,30.637,31.002,0.000,0.000,0,1,1.3709,67,134,67,70,54
22,post_landing,109,1836.0,59,183.728,486.543,-0.36896,-0.05542,0.37310,-0.011621,0.369643,0,1,3.96600,1328.128,2.502,5.000,25.992,30.083,30.654,31.074,0.000,0.000,0,1,1.3709,67,134,67,70,54
22,post_landing,110,1852.0,59,183.358,486.717,-0.48095,-0.10133,0.49151,0.003244,0.357971,0,1,3.96600,1328.128,2.502,5.000,25.982,30.079,30.665,31.137,0.000,0.000,0,2,1.3709,67,134,67,70,54
22,post_landing,111,1869.0,59,182.874,486.716,-0.21594,-0.04987,0.22162,-0.013779,0.361229,0,1,3.96600,1328.128,2.502,5.000,25.985,30.081,30.663,31.120,0.000,0.000,0,2,1.3709,67,134,67,70,54
22,post_landing,112,1886.0,59,182.670,486.756,-0.19005,-0.03240,0.19279,-0.005344,0.348192,0,1,3.96600,1328.128,2.502,5.000,25.631,29.732,30.672,31.187,0.000,0.000,0,2,1.3709,67,134,67,70,54
22,post_landing,113,1902.0,59,182.479,486.782,-0.33434,-0.08512,0.34501,0.010182,0.342824,0,1,3.96600,1328.128,2.502,5.000,25.629,29.732,30.674,31.213,0.000,0.000,0,2,1.3709,67,134,67,70,54
22,post_landing,114,1919.0,59,182.143,486.746,-0.43724,-0.16214,0.46633,0.000000,0.353051,0,1,3.96600,1328.128,2.502,5.000,25.632,29.731,30.669,31.163,0.000,0.000,0,2,1.3709,67,134,67,70,54
22,post_landing,115,1936.0,59,181.730,486.735,-0.03437,0.00000,0.03437,-0.031358,0.353051,0,1,3.96600,1328.128,2.502,5.000,25.632,29.731,30.669,31.163,0.000,0.000,0,2,1.3709,67,134,67,70,54
22,post_landing,116,1952.0,59,181.695,486.419,0.39608,0.05724,0.40020,-0.056765,0.321555,0,1,3.96600,1328.128,2.502,5.000,25.614,29.725,30.674,31.307,0.000,0.000,0,1,1.3709,67,134,67,70,54
22,post_landing,117,1969.0,59,182.093,486.011,-0.08426,-0.12319,0.14925,0.003969,0.264541,0,1,3.96600,1328.128,2.502,5.000,0.261,5.349,30.344,31.490,0.000,0.000,0,1,1.3709,67,134,67,70,54
22,post_landing,118,1986.0,59,182.013,485.989,-0.01250,0.02604,0.02888,-0.000954,0.268296,0,1,3.96600,1328.128,2.502,5.000,0.265,5.351,30.348,31.481,0.000,0.000,0,1,1.3709,67,134,67,70,54
23,falling,0,9.0,,195.000,96.616,0.00000,0.43333,0.43333,0.000000,0.000000,0,0,3.40400,1817.289,0.999,56.000,56.000,57.000,57.000,57.000,0.000,0.000,0,0,1.1864,71,142,71,78,70
23,falling,1,16.0,,195.000,96.887,0.00000,0.56355,0.56355,0.000000,0.000000,0,0,3.40400,1817.289,0.999,56.000,56.000,57.000,57.000,57.000,0.000,0.000,0,0,1.1864,71,142,71,78,70
23,falling,2,32.0,,195.000,97.676,0.00000,0.82210,0.82210,0.000000,0.000000,0,0,3.40400,1817.289,0.999,56.000,56.000,57.000,57.000,57.000,0.000,0.000,0,0,1.1864,71,142,71,78,70
23,falling,3,49.0,,195.000,98.790,0.00000,1.09285,1.09285,0.000000,0.000000,0,0,3.40400,1817.289,0.999,56.000,56.000,57.000,57.000,57.000,0.000,0.000,0,0,1.1864,71,142,71,78,70
23,falling,4,66.0,,195.000,100.177,0.00000,1.35947,1.35947,0.000000,0.000000,0,0,3.40400,1817.289,0.999,56.000,56.000,57.000,57.000,57.000,0.000,0.000,0,0,1.1864,71,142,71,78,70
23,falling,5,83.0,,195.000,101.719,0.00000,1.60656,1.60656,0.000000,0.000000,0,0,3.40400,1817.289,0.999,56.000,9.000,56.000,57.000,57.000,0.000,0.000,0,0,1.1864,71,142,71,78,70
23,falling,6,99.0,,195.000,103.622,0.00000,1.86531,1.86531,0.000000,0.000000,0,0,3.40400,1817.289,0.999,56.000,9.000,56.000,57.000,57.000,0.000,0.000,0,0,1.1864,71,142,71,78,70
23,falling,7,116.0,,195.000,105.784,0.00000,2.12010,2.12010,0.000000,0.000000,0,0,3.40400,1817.289,0.999,56.000,9.000,56.000,57.000,57.000,0.000,0.000,0,0,1.1864,71,142,71,78,70
23,falling,8,133.0,,195.000,108.046,0.00000,2.35624,2.35624,0.000000,0.000000,0,0,3.40400,1817.289,0.999,56.000,9.000,56.000,57.000,57.000,0.000,0.000,0,0,1.1864,71,142,71,78,70
23,falling,9,149.0,,195.000,110.702,0.00000,2.60352,2.60352,0.000000,0.000000,0,0,3.40400,1817.289,0.999,56.000,9.000,56.000,57.000,57.000,0.000,0.000,0,0,1.1864,71,142,71,78,70
23,falling,10,166.0,,195.000,113.606,0.00000,2.84702,2.84702,0.000000,0.000000,0,0,3.40400,1817.289,0.999,56.000,9.000,56.000,57.000,57.000,0.000,0.000,0,0,1.1864,71,142,71,78,70
23,falling,11,183.0,,195.000,116.556,0.00000,3.07269,3.07269,0.000000,0.000000,0,0,3.40400,1817.289,0.999,56.000,9.000,56.000,57.000,57.000,0.000,0.000,0,0,1.1864,71,142,71,78,70
23,falling,12,199.0,,195.000,119.931,0.00000,3.30901,3.30901,0.000000,0.000000,0,0,3.40400,1817.289,0.999,56.000,9.000,56.000,57.000,57.000,0.000,0.000,0,0,1.1864,71,142,71,78,70
23,falling,13,216.0,,195.000,123.544,0.00000,3.54172,3.54172,0.000000,0.000000,0,0,3.40400,1817.289,0.999,56.000,9.000,56.000,57.000,57.000,0.000,0.000,0,0,1.1864,71,142,71,78,70
23,falling,14,233.0,,195.000,127.390,0.00000,3.77086,3.77086,0.000000,0.000000,0,0,3.40400,1817.289,0.999,56.000,9.000,56.000,57.000,57.000,0.000,0.000,0,0,1.1864,71,142,71,78,70
23,falling,15,249.0,,195.000,131.214,0.00000,3.98323,3.98323,0.000000,0.000000,0,0,3.40400,1817.289,0.999,56.000,9.000,56.000,57.000,57.000,0.000,0.000,0,0,1.1864,71,142,71,78,70
23,falling,16,266.0,,195.000,135.503,0.00000,4.20562,4.20562,0.000000,0.000000,0,0,3.40400,1817.289,0.999,56.000,9.000,56.000,57.000,57.000,0.000,0.000,0,0,1.1864,71,142,71,78,70
23,falling,17,283.0,,195.000,140.017,0.00000,4.42461,4.42461,0.000000,0.000000,0,0,3.40400,1817.289,0.999,56.000,9.000,56.000,57.000,57.000,0.000,0.000,0,0,1.1864,71,142,71,78,70
23,falling,18,300.0,,195.000,144.459,0.00000,4.62756,4.62756,0.000000,0.000000,0,0,3.40400,1817.289,0.999,56.000,9.000,56.000,57.000,57.000,0.000,0.000,0,0,1.1864,71,142,71,78,70
23,falling,19,316.0,,195.000,149.396,0.00000,4.84009,4.84009,0.000000,0.000000,0,0,3.40400,1817.289,0.999,56.000,9.000,56.000,57.000,57.000,0.000,0.000,0,0,1.1864,71,142,71,78,70
23,falling,20,333.0,,195.000,154.546,0.00000,5.04937,5.04937,0.000000,0.000000,0,0,3.40400,1817.289,0.999,56.000,9.000,56.000,57.000,57.000,0.000,0.000,0,0,1.1864,71,142,71,78,70
23,falling,21,350.0,,195.000,159.580,0.00000,5.24333,5.24333,0.000000,0.000000,0,0,3.40400,1817.289,0.999,56.000,9.000,56.000,57.000,57.000,0.000,0.000,0,0,1.1864,71,142,71,78,70
23,falling,22,366.0,,195.000,165.135,0.00000,5.44644,5.44644,0.000000,0.000000,0,0,3.40400,1817.289,0.999,56.000,9.000,56.000,57.000,57.000,0.000,0.000,0,0,1.1864,71,142,71,78,70
23,falling,23,383.0,,195.000,170.895,0.00000,5.64644,5.64644,0.000000,0.000000,0,0,3.40400,1817.289,0.999,56.000,9.000,56.000,57.000,57.000,0.000,0.000,0,0,1.1864,71,142,71,78,70
23,falling,24,400.0,,195.000,176.493,0.00000,5.83180,5.83180,0.000000,0.000000,0,0,3.40400,1817.289,0.999,56.000,9.000,56.000,57.000,57.000,0.000,0.000,0,0,1.1864,71,142,71,78,70
23,falling,25,416.0,,195.000,182.640,0.00000,6.02591,6.02591,0.000000,0.000000,0,0,3.40400,1817.289,0.999,56.000,9.000,56.000,57.000,57.000,0.000,0.000,0,0,1.1864,71,142,71,78,70
23,falling,26,433.0,,195.000,188.981,0.00000,6.21704,6.21704,0.000000,0.000000,0,0,3.40400,1817.289,0.999,56.000,9.000,56.000,57.000,57.000,0.000,0.000,0,0,1.1864,71,142,71,78,70
23,falling,27,450.0,,195.000,195.119,0.00000,6.39418,6.39418,0.000000,0.000000,0,0,3.40400,1817.289,0.999,56.000,9.000,56.000,57.000,57.000,0.000,0.000,0,0,1.1864,71,142,71,78,70
23,falling,28,466.0,,195.000,201.831,0.00000,6.57969,6.57969,0.000000,0.000000,0,0,3.40400,1817.289,0.999,56.000,9.000,56.000,57.000,57.000,0.000,0.000,0,0,1.1864,71,142,71,78,70
23,falling,29,483.0,,195.000,208.728,0.00000,6.76235,6.76235,0.000000,0.000000,0,0,3.40400,1817.289,0.999,56.000,9.000,56.000,57.000,57.000,0.000,0.000,0,0,1.1864,71,142,71,78,70
23,falling,30,500.0,,195.000,215.383,0.00000,6.93164,6.93164,0.000000,0.000000,0,0,3.40400,1817.289,0.999,56.000,9.000,56.000,57.000,57.000,0.000,0.000,0,0,1.1864,71,142,71,78,70
23,falling,31,516.0,,195.000,222.634,0.00000,7.10892,7.10892,0.000000,0.000000,0,0,3.40400,1817.289,0.999,56.000,9.000,56.000,57.000,57.000,0.000,0.000,0,0,1.1864,71,142,71,78,70
23,falling,32,533.0,,195.000,230.063,0.00000,7.28348,7.28348,0.000000,0.000000,0,0,3.40400,1817.289,0.999,56.000,9.000,56.000,57.000,57.000,0.000,0.000,0,0,1.1864,71,142,71,78,70
23,falling,33,550.0,,195.000,237.210,0.00000,7.44527,7.44527,0.000000,0.000000,0,0,3.40400,1817.289,0.999,56.000,9.000,56.000,57.000,57.000,0.000,0.000,0,0,1.1864,71,142,71,78,70
23,falling,34,566.0,,195.000,244.977,0.00000,7.61469,7.61469,0.000000,0.000000,0,0,3.40400,1817.289,0.999,56.000,9.000,56.000,57.000,57.000,0.000,0.000,0,0,1.1864,71,142,71,78,70
23,falling,35,583.0,,195.000,252.914,0.00000,7.78152,7.78152,0.000000,0.000000,0,0,3.40400,1817.289,0.999,56.000,9.000,56.000,57.000,57.000,0.000,0.000,0,0,1.1864,71,142,71,78,70
23,falling,36,600.0,,195.000,260.533,0.00000,7.93613,7.93613,0.000000,0.000000,0,0,3.40400,1817.289,0.999,56.000,9.000,56.000,57.000,57.000,0.000,0.000,0,0,1.1864,71,142,71,78,70
23,falling,37,616.0,,195.000,268.793,0.00000,8.09804,8.09804,0.000000,0.000000,0,0,3.40400,1817.289,0.999,56.000,9.000,56.000,57.000,57.000,0.000,0.000,0,0,1.1864,71,142,71,78,70
23,falling,38,633.0,,195.000,277.216,0.00000,8.25748,8.25748,0.000000,0.000000,0,0,3.40400,1817.289,0.999,56.000,9.000,56.000,57.000,57.000,0.000,0.000,0,0,1.1864,71,142,71,78,70
23,falling,39,650.0,,195.000,285.799,0.00000,8.41447,8.41447,0.000000,0.000000,0,0,3.40400,1817.289,0.999,56.000,9.000,56.000,57.000,57.000,0.000,0.000,0,0,1.1864,71,142,71,78,70
23,falling,40,667.0,,195.000,294.016,0.00000,8.55997,8.55997,0.000000,0.000000,0,0,3.40400,1817.289,0.999,56.000,9.000,56.000,57.000,57.000,0.000,0.000,0,0,1.1864,71,142,71,78,70
23,falling,41,683.0,,195.000,302.903,0.00000,8.71233,8.71233,0.000000,0.000000,0,0,3.40400,1817.289,0.999,56.000,9.000,56.000,57.000,57.000,0.000,0.000,0,0,1.1864,71,142,71,78,70
23,falling,42,700.0,,195.000,311.942,0.00000,8.86237,8.86237,0.000000,0.000000,0,0,3.40400,1817.289,0.999,56.000,9.000,56.000,57.000,57.000,0.000,0.000,0,0,1.1864,71,142,71,78,70
23,falling,43,717.0,,195.000,320.584,0.00000,9.00142,9.00142,0.000000,0.000000,0,0,3.40400,1817.289,0.999,56.000,9.000,56.000,57.000,57.000,0.000,0.000,0,0,1.1864,71,142,71,78,70
23,falling,44,733.0,,195.000,329.914,0.00000,9.14703,9.14703,0.000000,0.000000,0,0,3.40400,1817.289,0.999,56.000,9.000,56.000,57.000,57.000,0.000,0.000,0,0,1.1864,71,142,71,78,70
23,falling,45,750.0,,195.000,339.390,0.00000,9.29041,9.29041,0.000000,0.000000,0,0,3.40400,1817.289,0.999,56.000,9.000,56.000,57.000,57.000,0.000,0.000,0,0,1.1864,71,142,71,78,70
23,falling,46,767.0,,195.000,348.436,0.00000,9.42330,9.42330,0.000000,0.000000,0,0,3.40400,1817.289,0.999,56.000,9.000,56.000,57.000,57.000,0.000,0.000,0,0,1.1864,71,142,71,78,70
23,falling,47,783.0,,195.000,358.190,0.00000,9.56245,9.56245,0.000000,0.000000,0,0,3.40400,1817.289,0.999,56.000,9.000,56.000,57.000,57.000,0.000,0.000,0,0,1.1864,71,142,71,78,70
23,falling,48,800.0,,195.000,368.083,0.00000,9.69948,9.69948,0.000000,0.000000,0,0,3.40400,1817.289,0.999,56.000,9.000,56.000,57.000,57.000,0.000,0.000,0,0,1.1864,71,142,71,78,70
23,falling,49,817.0,,195.000,377.517,0.00000,9.82648,9.82648,0.000000,0.000000,0,0,3.40400,1817.289,0.999,56.000,9.000,56.000,57.000,57.000,0.000,0.000,0,0,1.1864,71,142,71,78,70
23,falling,50,833.0,,195.000,387.675,0.00000,9.95946,9.95946,0.000000,0.000000,0,0,3.40400,1817.289,0.999,56.000,9.000,56.000,57.000,57.000,0.000,0.000,0,0,1.1864,71,142,71,78,70
23,falling,51,850.0,,195.000,397.968,0.00000,10.09042,10.09042,0.000000,0.000000,0,0,3.40400,1817.289,0.999,56.000,9.000,56.000,57.000,57.000,0.000,0.000,0,0,1.1864,71,142,71,78,70
23,falling,52,867.0,,195.000,407.771,0.00000,10.21178,10.21178,0.000000,0.000000,0,0,3.40400,1817.289,0.999,56.000,9.000,56.000,57.000,57.000,0.000,0.000,0,0,1.1864,71,142,71,78,70
23,falling,53,883.0,,195.000,418.317,0.00000,10.33888,10.33888,0.000000,0.000000,0,0,3.40400,1817.289,0.999,56.000,9.000,56.000,57.000,57.000,0.000,0.000,0,0,1.1864,71,142,71,78,70
23,falling,54,900.0,,195.000,428.990,0.00000,10.46402,10.46402,0.000000,0.000000,0,0,3.40400,1817.289,0.999,56.000,9.000,56.000,57.000,57.000,0.000,0.000,0,0,1.1864,71,142,71,78,70
23,falling,55,917.0,,195.000,439.147,0.00000,10.58001,10.58001,0.000000,0.000000,0,0,3.40400,1817.289,0.999,56.000,9.000,56.000,57.000,57.000,0.000,0.000,0,0,1.1864,71,142,71,78,70
23,falling,56,933.0,,195.000,450.062,0.00000,10.70147,10.70147,0.000000,0.000000,0,0,3.40400,1817.289,0.999,56.000,9.000,56.000,57.000,57.000,0.000,0.000,0,0,1.1864,71,142,71,78,70
23,falling,57,950.0,,195.000,461.100,0.00000,10.82107,10.82107,0.000000,0.000000,0,0,3.40400,1817.289,0.999,56.000,9.000,56.000,57.000,57.000,0.000,0.000,0,0,1.1864,71,142,71,78,70
23,falling,58,967.0,,195.000,471.594,0.00000,10.93191,10.93191,0.000000,0.000000,0,0,3.40400,1817.289,0.999,56.000,9.000,56.000,57.000,57.000,0.000,0.000,0,0,1.1864,71,142,71,78,70
23,falling,59,983.0,,195.000,482.863,0.00000,11.04799,11.04799,0.000000,0.000000,0,0,3.40400,1817.289,0.999,56.000,9.000,56.000,57.000,57.000,0.000,0.000,0,0,1.1864,71,142,71,78,70
23,post_landing,60,1000.0,60,195.000,493.979,-2.60122,0.48909,2.64680,-0.041667,0.000000,0,1,3.40400,1817.289,0.999,56.000,9.000,56.000,57.000,57.000,0.000,0.000,0,1,1.1864,71,142,71,78,70
23,post_landing,61,1018.0,60,192.539,494.166,-0.63323,-0.49531,0.80394,-0.010499,-0.039425,0,1,3.40400,1817.289,0.999,56.000,47.042,56.035,57.074,57.074,0.000,0.000,0,3,1.1864,71,142,71,78,70
23,post_landing,62,1034.0,60,191.903,493.209,-0.30993,-0.22812,0.38483,-0.005198,-0.049969,0,1,3.40400,1817.289,0.999,56.000,5.044,56.030,57.079,57.079,0.000,0.000,0,1,1.1864,71,142,71,78,70
23,post_landing,63,1050.0,60,191.591,493.028,-0.13698,-0.02166,0.13868,-0.002981,-0.055190,0,1,3.40400,1817.289,0.999,56.000,5.048,47.039,57.079,57.079,0.000,0.000,0,1,1.1864,71,142,71,78,70
23,post_landing,64,1067.0,60,191.454,492.924,0.00372,0.04914,0.04928,0.000000,-0.058184,0,1,3.40400,1817.289,0.999,56.000,5.050,47.037,57.078,57.078,0.000,0.000,0,1,1.1864,71,142,71,78,70
23,post_landing,65,1084.0,60,191.457,492.922,0.09455,0.07556,0.12103,0.000935,-0.058184,0,1,3.40400,1817.289,0.999,56.000,5.050,47.037,57.078,57.078,0.000,0.000,0,1,1.1864,71,142,71,78,70
23,post_landing,66,1100.0,60,191.552,492.957,0.14963,0.18531,0.23818,0.003792,-0.057245,0,1,3.40400,1817.289,0.999,56.000,5.049,47.037,57.078,57.078,0.000,0.000,0,1,1.1864,71,142,71,78,70
23,post_landing,67,1117.0,60,191.703,493.089,0.21274,0.26549,0.34021,0.005588,-0.053437,0,1,3.40400,1817.289,0.999,56.000,5.046,56.027,57.079,57.079,0.000,0.000,0,1,1.1864,71,142,71,78,70
23,post_landing,68,1134.0,60,191.904,493.270,0.26373,0.31270,0.40906,0.007254,-0.048150,0,1,3.40400,1817.289,0.999,56.000,5.042,56.031,57.078,57.078,0.000,0.000,0,1,1.1864,71,142,71,78,70
23,post_landing,69,1150.0,60,192.169,493.527,0.31008,0.34543,0.46419,0.009477,-0.040864,0,1,3.40400,1817.289,0.999,56.000,47.042,56.035,57.075,57.075,0.000,0.000,0,1,1.1864,71,142,71,78,70
23,post_landing,70,1167.0,60,192.480,493.861,0.36949,0.35735,0.51403,0.011351,-0.031346,0,1,3.40400,1817.289,0.999,56.000,56.035,57.003,57.066,57.066,0.000,0.000,0,1,1.1864,71,142,71,78,70
23,post_landing,71,1184.0,60,192.830,494.213,0.10925,-0.03359,0.11429,0.003316,-0.020606,0,1,3.40400,1817.289,0.999,56.000,55.009,57.009,57.050,57.050,0.000,0.000,0,2,1.1864,71,142,71,78,70
23,post_landing,72,1200.0,60,192.940,494.257,0.00874,0.00000,0.00874,0.000000,-0.017275,0,1,3.40400,1817.289,0.999,56.000,55.009,57.009,57.043,57.043,0.000,0.000,0,2,1.1864,71,142,71,78,70
23,post_landing,73,1217.0,60,192.948,494.257,-0.00073,0.00000,0.00073,0.000000,-0.017275,0,1,3.40400,1817.289,0.999,56.000,55.009,57.009,57.043,57.043,0.000,0.000,0,2,1.1864,71,142,71,78,70
23,post_landing,74,1234.0,60,192.948,494.255,0.00012,0.00000,0.00012,0.000000,-0.017275,0,1,3.40400,1817.289,0.999,56.000,55.009,57.009,57.043,57.043,0.000,0.000,0,2,1.1864,71,142,71,78,70
23,post_landing,75,1250.0,60,192.948,494.257,-0.00013,0.00000,0.00013,0.000000,-0.017275,0,1,3.40400,1817.289,0.999,56.000,55.009,57.009,57.043,57.043,0.000,0.000,0,2,1.1864,71,142,71,78,70
23,post_landing,76,1267.0,60,192.948,494.257,-0.00001,0.00000,0.00001,0.000000,-0.017275,0,1,3.40400,1817.289,0.999,56.000,55.009,57.009,57.043,57.043,0.000,0.000,0,2,1.1864,71,142,71,78,70
23,post_landing,77,1284.0,60,192.948,494.255,0.00016,0.00000,0.00016,0.000000,-0.017275,0,1,3.40400,1817.289,0.999,56.000,55.009,57.009,57.043,57.043,0.000,0.000,0,2,1.1864,71,142,71,78,70
23,post_landing,78,1300.0,60,192.948,494.257,-0.00014,0.00000,0.00014,0.000000,-0.017275,0,1,3.40400,1817.289,0.999,56.000,55.009,57.009,57.043,57.043,0.000,0.000,0,2,1.1864,71,142,71,78,70
23,post_landing,79,1317.0,60,192.948,494.257,-0.00001,0.00000,0.00001,0.000000,-0.017275,0,1,3.40400,1817.289,0.999,56.000,55.009,57.009,57.043,57.043,0.000,0.000,0,2,1.1864,71,142,71,78,70
23,post_landing,80,1334.0,60,192.948,494.255,0.00016,0.00000,0.00016,0.000000,-0.017275,0,1,3.40400,1817.289,0.999,56.000,55.009,57.009,57.043,57.043,0.000,0.000,0,2,1.1864,71,142,71,78,70
23,post_landing,81,1350.0,60,192.948,494.257,-0.00014,0.00000,0.00014,0.000000,-0.017275,0,1,3.40400,1817.289,0.999,56.000,55.009,57.009,57.043,57.043,0.000,0.000,0,2,1.1864,71,142,71,78,70
23,post_landing,82,1367.0,60,192.948,494.257,-0.00001,0.00000,0.00001,0.000000,-0.017275,0,1,3.40400,1817.289,0.999,56.000,55.009,57.009,57.043,57.043,0.000,0.000,0,2,1.1864,71,142,71,78,70
23,post_landing,83,1384.0,60,192.948,494.255,0.00016,0.00000,0.00016,0.000000,-0.017275,0,1,3.40400,1817.289,0.999,56.000,55.009,57.009,57.043,57.043,0.000,0.000,0,2,1.1864,71,142,71,78,70
23,post_landing,84,1400.0,60,192.948,494.257,-0.00014,0.00000,0.00014,0.000000,-0.017275,0,1,3.40400,1817.289,0.999,56.000,55.009,57.009,57.043,57.043,0.000,0.000,0,2,1.1864,71,142,71,78,70
23,post_landing,85,1417.0,60,192.948,494.257,-0.00001,0.00000,0.00001,0.000000,-0.017275,0,1,3.40400,1817.289,0.999,56.000,55.009,57.009,57.043,57.043,0.000,0.000,0,2,1.1864,71,142,71,78,70
23,post_landing,86,1434.0,60,192.948,494.255,0.00016,0.00000,0.00016,0.000000,-0.017275,0,1,3.40400,1817.289,0.999,56.000,55.009,57.009,57.043,57.043,0.000,0.000,0,2,1.1864,71,142,71,78,70
23,post_landing,87,1450.0,60,192.948,494.257,-0.00014,0.00000,0.00014,0.000000,-0.017275,0,1,3.40400,1817.289,0.999,56.000,55.009,57.009,57.043,57.043,0.000,0.000,0,2,1.1864,71,142,71,78,70
23,post_landing,88,1467.0,60,192.948,494.257,-0.00001,0.00000,0.00001,0.000000,-0.017275,0,1,3.40400,1817.289,0.999,56.000,55.009,57.009,57.043,57.043,0.000,0.000,0,2,1.1864,71,142,71,78,70
23,post_landing,89,1484.0,60,192.948,494.255,0.00016,0.00000,0.00016,0.000000,-0.017275,0,1,3.40400,1817.289,0.999,56.000,55.009,57.009,57.043,57.043,0.000,0.000,0,2,1.1864,71,142,71,78,70
23,post_landing,90,1500.0,60,192.948,494.257,-0.00014,0.00000,0.00014,0.000000,-0.017275,0,1,3.40400,1817.289,0.999,56.000,55.009,57.009,57.043,57.043,0.000,0.000,0,2,1.1864,71,142,71,78,70
23,post_landing,91,1517.0,60,192.948,494.257,-0.00001,0.00000,0.00001,0.000000,-0.017275,0,1,3.40400,1817.289,0.999,56.000,55.009,57.009,57.043,57.043,0.000,0.000,0,2,1.1864,71,142,71,78,70
23,post_landing,92,1534.0,60,192.948,494.255,0.00016,0.00000,0.00016,0.000000,-0.017275,0,1,3.40400,1817.289,0.999,56.000,55.009,57.009,57.043,57.043,0.000,0.000,0,2,1.1864,71,142,71,78,70
23,post_landing,93,1550.0,60,192.948,494.257,-0.00014,0.00000,0.00014,0.000000,-0.017275,0,1,3.40400,1817.289,0.999,56.000,55.009,57.009,57.043,57.043,0.000,0.000,0,2,1.1864,71,142,71,78,70
23,post_landing,94,1567.0,60,192.948,494.257,-0.00001,0.00000,0.00001,0.000000,-0.017275,0,1,3.40400,1817.289,0.999,56.000,55.009,57.009,57.043,57.043,0.000,0.000,0,2,1.1864,71,142,71,78,70
23,post_landing,95,1584.0,60,192.948,494.255,0.00016,0.00000,0.00016,0.000000,-0.017275,0,1,3.40400,1817.289,0.999,56.000,55.009,57.009,57.043,57.043,0.000,0.000,0,2,1.1864,71,142,71,78,70
23,post_landing,96,1600.0,60,192.948,494.257,-0.00014,0.00000,0.00014,0.000000,-0.017275,0,1,3.40400,1817.289,0.999,56.000,55.009,57.009,57.043,57.043,0.000,0.000,0,2,1.1864,71,142,71,78,70
23,post_landing,97,1617.0,60,192.948,494.257,-0.00001,0.00000,0.00001,0.000000,-0.017275,0,1,3.40400,1817.289,0.999,56.000,55.009,57.009,57.043,57.043,0.000,0.000,0,2,1.1864,71,142,71,78,70
23,post_landing,98,1634.0,60,192.948,494.255,0.00016,0.00000,0.00016,0.000000,-0.017275,0,1,3.40400,1817.289,0.999,56.000,55.009,57.009,57.043,57.043,0.000,0.000,0,2,1.1864,71,142,71,78,70
23,post_landing,99,1651.0,60,192.948,494.257,-0.00014,0.00000,0.00014,0.000000,-0.017275,0,1,3.40400,1817.289,0.999,56.000,55.009,57.009,57.043,57.043,0.000,0.000,0,2,1.1864,71,142,71,78,70
23,post_landing,100,1667.0,60,192.948,494.257,-0.00001,0.00000,0.00001,0.000000,-0.017275,0,1,3.40400,1817.289,0.999,56.000,55.009,57.009,57.043,57.043,0.000,0.000,0,2,1.1864,71,142,71,78,70
23,post_landing,101,1684.0,60,192.948,494.255,0.00016,0.00000,0.00016,0.000000,-0.017275,0,1,3.40400,1817.289,0.999,56.000,55.009,57.009,57.043,57.043,0.000,0.000,0,2,1.1864,71,142,71,78,70
23,post_landing,102,1700.0,60,192.948,494.257,-0.00014,0.00000,0.00014,0.000000,-0.017275,0,1,3.40400,1817.289,0.999,56.000,55.009,57.009,57.043,57.043,0.000,0.000,0,2,1.1864,71,142,71,78,70
23,post_landing,103,1717.0,60,192.948,494.257,-0.00001,0.00000,0.00001,0.000000,-0.017275,0,1,3.40400,1817.289,0.999,56.000,55.009,57.009,57.043,57.043,0.000,0.000,0,2,1.1864,71,142,71,78,70
23,post_landing,104,1734.0,60,192.948,494.255,0.00016,0.00000,0.00016,0.000000,-0.017275,0,1,3.40400,1817.289,0.999,56.000,55.009,57.009,57.043,57.043,0.000,0.000,0,2,1.1864,71,142,71,78,70
23,post_landing,105,1751.0,60,192.948,494.257,-0.00014,0.00000,0.00014,0.000000,-0.017275,0,1,3.40400,1817.289,0.999,56.000,55.009,57.009,57.043,57.043,0.000,0.000,0,2,1.1864,71,142,71,78,70
23,post_landing,106,1767.0,60,192.948,494.257,-0.00001,0.00000,0.00001,0.000000,-0.017275,0,1,3.40400,1817.289,0.999,56.000,55.009,57.009,57.043,57.043,0.000,0.000,0,2,1.1864,71,142,71,78,70
23,post_landing,107,1784.0,60,192.948,494.255,0.00016,0.00000,0.00016,0.000000,-0.017275,0,1,3.40400,1817.289,0.999,56.000,55.009,57.009,57.043,57.043,0.000,0.000,0,2,1.1864,71,142,71,78,70
23,post_landing,108,1801.0,60,192.948,494.257,-0.00014,0.00000,0.00014,0.000000,-0.017275,0,1,3.40400,1817.289,0.999,56.000,55.009,57.009,57.043,57.043,0.000,0.000,0,2,1.1864,71,142,71,78,70
23,post_landing,109,1817.0,60,192.948,494.257,-0.00001,0.00000,0.00001,0.000000,-0.017275,0,1,3.40400,1817.289,0.999,56.000,55.009,57.009,57.043,57.043,0.000,0.000,0,2,1.1864,71,142,71,78,70
23,post_landing,110,1834.0,60,192.948,494.257,0.00000,0.00000,0.00000,0.000000,-0.017275,0,1,3.40400,1817.289,0.999,56.000,55.009,57.009,57.043,57.043,0.000,0.000,0,2,1.1864,71,142,71,78,70
23,post_landing,111,1851.0,60,192.948,494.255,0.00016,0.00000,0.00016,0.000000,-0.017275,0,1,3.40400,1817.289,0.999,56.000,55.009,57.009,57.043,57.043,0.000,0.000,0,2,1.1864,71,142,71,78,70
23,post_landing,112,1867.0,60,192.948,494.257,-0.00014,0.00000,0.00014,0.000000,-0.017275,0,1,3.40400,1817.289,0.999,56.000,55.009,57.009,57.043,57.043,0.000,0.000,0,2,1.1864,71,142,71,78,70
23,post_landing,113,1884.0,60,192.948,494.257,-0.00001,0.00000,0.00001,0.000000,-0.017275,0,1,3.40400,1817.289,0.999,56.000,55.009,57.009,57.043,57.043,0.000,0.000,0,2,1.1864,71,142,71,78,70
23,post_landing,114,1901.0,60,192.948,494.255,0.00016,0.00000,0.00016,0.000000,-0.017275,0,1,3.40400,1817.289,0.999,56.000,55.009,57.009,57.043,57.043,0.000,0.000,0,2,1.1864,71,142,71,78,70
23,post_landing,115,1917.0,60,192.948,494.257,-0.00014,0.00000,0.00014,0.000000,-0.017275,0,1,3.40400,1817.289,0.999,56.000,55.009,57.009,57.043,57.043,0.000,0.000,0,2,1.1864,71,142,71,78,70
23,post_landing,116,1934.0,60,192.948,494.257,-0.00001,0.00000,0.00001,0.000000,-0.017275,0,1,3.40400,1817.289,0.999,56.000,55.009,57.009,57.043,57.043,0.000,0.000,0,2,1.1864,71,142,71,78,70
23,post_landing,117,1951.0,60,192.948,494.255,0.00016,0.00000,0.00016,0.000000,-0.017275,0,1,3.40400,1817.289,0.999,56.000,55.009,57.009,57.043,57.043,0.000,0.000,0,2,1.1864,71,142,71,78,70
23,post_landing,118,1967.0,60,192.948,494.257,-0.00014,0.00000,0.00014,0.000000,-0.017275,0,1,3.40400,1817.289,0.999,56.000,55.009,57.009,57.043,57.043,0.000,0.000,0,2,1.1864,71,142,71,78,70
23,post_landing,119,1984.0,60,192.948,494.257,-0.00001,0.00000,0.00001,0.000000,-0.017275,0,1,3.40400,1817.289,0.999,56.000,55.009,57.009,57.043,57.043,0.000,0.000,0,2,1.1864,71,142,71,78,70
24,falling,0,9.0,,195.000,96.516,0.00000,0.40000,0.40000,0.000000,0.000000,0,0,4.05400,1448.135,12.846,7.000,7.000,9.000,11.000,26.000,0.000,0.000,0,0,1.1015,66,132,66,67,62
24,falling,1,18.0,,195.000,96.811,0.00000,0.54676,0.54676,0.000000,0.000000,0,0,4.05400,1448.135,12.846,7.000,7.000,9.000,11.000,26.000,0.000,0.000,0,0,1.1015,66,132,66,67,62
24,falling,2,35.0,,195.000,97.649,0.00000,0.82173,0.82173,0.000000,0.000000,0,0,4.05400,1448.135,12.846,7.000,7.000,9.000,11.000,26.000,0.000,0.000,0,0,1.1015,66,132,66,67,62
24,falling,3,52.0,,195.000,98.683,0.00000,1.07656,1.07656,0.000000,0.000000,0,0,4.05400,1448.135,12.846,7.000,7.000,9.000,11.000,26.000,0.000,0.000,0,0,1.1015,66,132,66,67,62
24,falling,4,68.0,,195.000,100.053,0.00000,1.34342,1.34342,0.000000,0.000000,0,0,4.05400,1448.135,12.846,7.000,7.000,9.000,11.000,26.000,0.000,0.000,0,0,1.1015,66,132,66,67,62
24,falling,5,85.0,,195.000,101.692,0.00000,1.60620,1.60620,0.000000,0.000000,0,0,4.05400,1448.135,12.846,7.000,7.000,9.000,11.000,26.000,0.000,0.000,0,0,1.1015,66,132,66,67,62
24,falling,6,102.0,,195.000,103.467,0.00000,1.84974,1.84974,0.000000,0.000000,0,0,4.05400,1448.135,12.846,7.000,7.000,9.000,11.000,26.000,0.000,0.000,0,0,1.1015,66,132,66,67,62
24,falling,7,118.0,,195.000,105.614,0.00000,2.10477,2.10477,0.000000,0.000000,0,0,4.05400,1448.135,12.846,7.000,7.000,9.000,11.000,26.000,0.000,0.000,0,0,1.1015,66,132,66,67,62
24,falling,8,135.0,,195.000,108.017,0.00000,2.35590,2.35590,0.000000,0.000000,0,0,4.05400,1448.135,12.846,7.000,7.000,9.000,11.000,26.000,0.000,0.000,0,0,1.1015,66,132,66,67,62
24,falling,9,152.0,,195.000,110.502,0.00000,2.58864,2.58864,0.000000,0.000000,0,0,4.05400,1448.135,12.846,7.000,7.000,9.000,11.000,26.000,0.000,0.000,0,0,1.1015,66,132,66,67,62
24,falling,10,168.0,,195.000,113.391,0.00000,2.83237,2.83237,0.000000,0.000000,0,0,4.05400,1448.135,12.846,7.000,7.000,9.000,11.000,26.000,0.000,0.000,0,0,1.1015,66,132,66,67,62
24,falling,11,185.0,,195.000,116.525,0.00000,3.07237,3.07237,0.000000,0.000000,0,0,4.05400,1448.135,12.846,7.000,7.000,9.000,11.000,26.000,0.000,0.000,0,0,1.1015,66,132,66,67,62
24,falling,12,202.0,,195.000,119.688,0.00000,3.29479,3.29479,0.000000,0.000000,0,0,4.05400,1448.135,12.846,7.000,7.000,9.000,11.000,26.000,0.000,0.000,0,0,1.1015,66,132,66,67,62
24,falling,13,218.0,,195.000,123.286,0.00000,3.52772,3.52772,0.000000,0.000000,0,0,4.05400,1448.135,12.846,7.000,7.000,9.000,11.000,26.000,0.000,0.000,0,0,1.1015,66,132,66,67,62
24,falling,14,235.0,,195.000,127.119,0.00000,3.75708,3.75708,0.000000,0.000000,0,0,4.05400,1448.135,12.846,7.000,7.000,9.000,11.000,26.000,0.000,0.000,0,0,1.1015,66,132,66,67,62
24,falling,15,252.0,,195.000,130.929,0.00000,3.96964,3.96964,0.000000,0.000000,0,0,4.05400,1448.135,12.846,7.000,7.000,9.000,11.000,26.000,0.000,0.000,0,0,1.1015,66,132,66,67,62
24,falling,16,268.0,,195.000,135.206,0.00000,4.19224,4.19224,0.000000,0.000000,0,0,4.05400,1448.135,12.846,7.000,7.000,9.000,11.000,26.000,0.000,0.000,0,0,1.1015,66,132,66,67,62
24,falling,17,285.0,,195.000,139.705,0.00000,4.41143,4.41143,0.000000,0.000000,0,0,4.05400,1448.135,12.846,7.000,7.000,9.000,11.000,26.000,0.000,0.000,0,0,1.1015,66,132,66,67,62
24,falling,18,302.0,,195.000,144.135,0.00000,4.61457,4.61457,0.000000,0.000000,0,0,4.05400,1448.135,12.846,7.000,7.000,9.000,11.000,26.000,0.000,0.000,0,0,1.1015,66,132,66,67,62
24,falling,19,318.0,,195.000,149.059,0.00000,4.82730,4.82730,0.000000,0.000000,0,0,4.05400,1448.135,12.846,7.000,7.000,9.000,11.000,26.000,0.000,0.000,0,0,1.1015,66,132,66,67,62
24,falling,20,335.0,,195.000,154.197,0.00000,5.03678,5.03678,0.000000,0.000000,0,0,4.05400,1448.135,12.846,7.000,7.000,9.000,11.000,26.000,0.000,0.000,0,0,1.1015,66,132,66,67,62
24,falling,21,352.0,,195.000,159.218,0.00000,5.23092,5.23092,0.000000,0.000000,0,0,4.05400,1448.135,12.846,7.000,7.000,9.000,11.000,26.000,0.000,0.000,0,0,1.1015,66,132,66,67,62
24,falling,22,370.0,,195.000,164.761,0.00000,5.43422,5.43422,0.000000,0.000000,0,0,4.05400,1448.135,12.846,7.000,7.000,9.000,11.000,26.000,0.000,0.000,0,0,1.1015,66,132,66,67,62
24,falling,23,385.0,,195.000,170.508,0.00000,5.63441,5.63441,0.000000,0.000000,0,0,4.05400,1448.135,12.846,7.000,7.000,9.000,11.000,26.000,0.000,0.000,0,0,1.1015,66,132,66,67,62
24,falling,24,402.0,,195.000,176.456,0.00000,5.83153,5.83153,0.000000,0.000000,0,0,4.05400,1448.135,12.846,7.000,7.000,9.000,11.000,26.000,0.000,0.000,0,0,1.1015,66,132,66,67,62
24,falling,25,418.0,,195.000,182.230,0.00000,6.01423,6.01423,0.000000,0.000000,0,0,4.05400,1448.135,12.846,7.000,7.000,9.000,11.000,26.000,0.000,0.000,0,0,1.1015,66,132,66,67,62
24,falling,26,435.0,,195.000,188.560,0.00000,6.20554,6.20554,0.000000,0.000000,0,0,4.05400,1448.135,12.846,7.000,7.000,9.000,11.000,26.000,0.000,0.000,0,0,1.1015,66,132,66,67,62
24,falling,27,452.0,,195.000,195.082,0.00000,6.39393,6.39393,0.000000,0.000000,0,0,4.05400,1448.135,12.846,7.000,7.000,9.000,11.000,26.000,0.000,0.000,0,0,1.1015,66,132,66,67,62
24,falling,28,468.0,,195.000,201.387,0.00000,6.56852,6.56852,0.000000,0.000000,0,0,4.05400,1448.135,12.846,7.000,7.000,9.000,11.000,26.000,0.000,0.000,0,0,1.1015,66,132,66,67,62
24,falling,29,485.0,,195.000,208.274,0.00000,6.75136,6.75136,0.000000,0.000000,0,0,4.05400,1448.135,12.846,7.000,7.000,9.000,11.000,26.000,0.000,0.000,0,0,1.1015,66,132,66,67,62
24,falling,30,502.0,,195.000,214.918,0.00000,6.92081,6.92081,0.000000,0.000000,0,0,4.05400,1448.135,12.846,7.000,7.000,9.000,11.000,26.000,0.000,0.000,0,0,1.1015,66,132,66,67,62
24,falling,31,518.0,,195.000,222.158,0.00000,7.09825,7.09825,0.000000,0.000000,0,0,4.05400,1448.135,12.846,7.000,6.000,7.000,11.000,26.000,0.000,0.000,0,0,1.1015,66,132,66,67,62
24,falling,32,535.0,,195.000,229.576,0.00000,7.27298,7.27298,0.000000,0.000000,0,0,4.05400,1448.135,12.846,7.000,6.000,7.000,11.000,26.000,0.000,0.000,0,0,1.1015,66,132,66,67,62
24,falling,33,552.0,,195.000,236.714,0.00000,7.43492,7.43492,0.000000,0.000000,0,0,4.05400,1448.135,12.846,7.000,6.000,7.000,11.000,26.000,0.000,0.000,0,0,1.1015,66,132,66,67,62
24,falling,34,568.0,,195.000,244.470,0.00000,7.60450,7.60450,0.000000,0.000000,0,0,4.05400,1448.135,12.846,7.000,6.000,7.000,11.000,26.000,0.000,0.000,0,0,1.1015,66,132,66,67,62
24,falling,35,585.0,,195.000,252.397,0.00000,7.77148,7.77148,0.000000,0.000000,0,0,4.05400,1448.135,12.846,7.000,6.000,7.000,11.000,26.000,0.000,0.000,0,0,1.1015,66,132,66,67,62
24,falling,36,602.0,,195.000,260.007,0.00000,7.92624,7.92624,0.000000,0.000000,0,0,4.05400,1448.135,12.846,7.000,6.000,7.000,11.000,26.000,0.000,0.000,0,0,1.1015,66,132,66,67,62
24,falling,37,619.0,,195.000,268.257,0.00000,8.08830,8.08830,0.000000,0.000000,0,0,4.05400,1448.135,12.846,7.000,6.000,7.000,11.000,26.000,0.000,0.000,0,0,1.1015,66,132,66,67,62
24,falling,38,635.0,,195.000,276.669,0.00000,8.24788,8.24788,0.000000,0.000000,0,0,4.05400,1448.135,12.846,7.000,6.000,7.000,11.000,26.000,0.000,0.000,0,0,1.1015,66,132,66,67,62
24,falling,39,652.0,,195.000,285.243,0.00000,8.40502,8.40502,0.000000,0.000000,0,0,4.05400,1448.135,12.846,7.000,6.000,7.000,11.000,26.000,0.000,0.000,0,0,1.1015,66,132,66,67,62
24,falling,40,669.0,,195.000,293.451,0.00000,8.55066,8.55066,0.000000,0.000000,0,0,4.05400,1448.135,12.846,7.000,6.000,7.000,11.000,26.000,0.000,0.000,0,0,1.1015,66,132,66,67,62
24,falling,41,685.0,,195.000,302.328,0.00000,8.70317,8.70317,0.000000,0.000000,0,0,4.05400,1448.135,12.846,7.000,6.000,7.000,11.000,26.000,0.000,0.000,0,0,1.1015,66,132,66,67,62
24,falling,42,702.0,,195.000,311.359,0.00000,8.85334,8.85334,0.000000,0.000000,0,0,4.05400,1448.135,12.846,7.000,6.000,7.000,11.000,26.000,0.000,0.000,0,0,1.1015,66,132,66,67,62
24,falling,43,719.0,,195.000,319.992,0.00000,8.99252,8.99252,0.000000,0.000000,0,0,4.05400,1448.135,12.846,7.000,6.000,7.000,11.000,26.000,0.000,0.000,0,0,1.1015,66,132,66,67,62
24,falling,44,735.0,,195.000,329.313,0.00000,9.13827,9.13827,0.000000,0.000000,0,0,4.05400,1448.135,12.846,7.000,6.000,7.000,11.000,26.000,0.000,0.000,0,0,1.1015,66,132,66,67,62
24,falling,45,752.0,,195.000,338.780,0.00000,9.28178,9.28178,0.000000,0.000000,0,0,4.05400,1448.135,12.846,7.000,6.000,7.000,11.000,26.000,0.000,0.000,0,0,1.1015,66,132,66,67,62
24,falling,46,769.0,,195.000,347.818,0.00000,9.41479,9.41479,0.000000,0.000000,0,0,4.05400,1448.135,12.846,7.000,6.000,7.000,11.000,26.000,0.000,0.000,0,0,1.1015,66,132,66,67,62
24,falling,47,785.0,,195.000,357.563,0.00000,9.55408,9.55408,0.000000,0.000000,0,0,4.05400,1448.135,12.846,7.000,6.000,7.000,11.000,26.000,0.000,0.000,0,0,1.1015,66,132,66,67,62
24,falling,48,802.0,,195.000,367.448,0.00000,9.69124,9.69124,0.000000,0.000000,0,0,4.05400,1448.135,12.846,7.000,6.000,7.000,11.000,26.000,0.000,0.000,0,0,1.1015,66,132,66,67,62
24,falling,49,819.0,,195.000,376.874,0.00000,9.81835,9.81835,0.000000,0.000000,0,0,4.05400,1448.135,12.846,7.000,6.000,7.000,11.000,26.000,0.000,0.000,0,0,1.1015,66,132,66,67,62
24,falling,50,835.0,,195.000,387.025,0.00000,9.95146,9.95146,0.000000,0.000000,0,0,4.05400,1448.135,12.846,7.000,6.000,7.000,11.000,26.000,0.000,0.000,0,0,1.1015,66,132,66,67,62
24,falling,51,852.0,,195.000,397.309,0.00000,10.08254,10.08254,0.000000,0.000000,0,0,4.05400,1448.135,12.846,7.000,6.000,7.000,11.000,26.000,0.000,0.000,0,0,1.1015,66,132,66,67,62
24,falling,52,869.0,,195.000,407.105,0.00000,10.20402,10.20402,0.000000,0.000000,0,0,4.05400,1448.135,12.846,7.000,6.000,7.000,11.000,26.000,0.000,0.000,0,0,1.1015,66,132,66,67,62
24,falling,53,885.0,,195.000,417.642,0.00000,10.33123,10.33123,0.000000,0.000000,0,0,4.05400,1448.135,12.846,7.000,6.000,7.000,11.000,26.000,0.000,0.000,0,0,1.1015,66,132,66,67,62
24,falling,54,902.0,,195.000,428.308,0.00000,10.45649,10.45649,0.000000,0.000000,0,0,4.05400,1448.135,12.846,7.000,6.000,7.000,11.000,26.000,0.000,0.000,0,0,1.1015,66,132,66,67,62
24,falling,55,919.0,,195.000,438.458,0.00000,10.57259,10.57259,0.000000,0.000000,0,0,4.05400,1448.135,12.846,7.000,6.000,7.000,11.000,26.000,0.000,0.000,0,0,1.1015,66,132,66,67,62
24,falling,56,935.0,,195.000,449.366,0.00000,10.69416,10.69416,0.000000,0.000000,0,0,4.05400,1448.135,12.846,7.000,6.000,7.000,11.000,26.000,0.000,0.000,0,0,1.1015,66,132,66,67,62
24,falling,57,952.0,,195.000,460.396,0.00000,10.81387,10.81387,0.000000,0.000000,0,0,4.05400,1448.135,12.846,7.000,6.000,7.000,11.000,26.000,0.000,0.000,0,0,1.1015,66,132,66,67,62
24,falling,58,969.0,,195.000,470.884,0.00000,10.92482,10.92482,0.000000,0.000000,0,0,4.05400,1448.135,12.846,7.000,6.000,7.000,11.000,26.000,0.000,0.000,0,0,1.1015,66,132,66,67,62
24,falling,59,985.0,,195.000,482.146,0.00000,11.04100,11.04100,0.000000,0.000000,0,0,4.05400,1448.135,12.846,7.000,6.000,7.000,11.000,26.000,0.000,0.000,0,0,1.1015,66,132,66,67,62
24,post_landing,60,1002.0,60,195.000,489.361,-1.86514,0.31883,1.89219,-0.054959,0.000000,0,1,4.05400,1448.135,12.846,7.000,6.000,7.000,11.000,26.000,0.000,0.000,0,10,1.1015,66,132,66,67,62
24,post_landing,61,1019.0,60,193.235,488.457,-1.57205,0.21943,1.58729,-0.029447,-0.052000,0,1,4.05400,1448.135,12.846,7.000,5.992,8.041,11.037,31.270,0.000,0.000,0,5,1.1015,66,132,66,67,62
24,post_landing,62,1035.0,60,191.656,487.898,-1.60242,0.04041,1.60293,-0.013882,-0.081576,0,1,4.05400,1448.135,12.846,7.000,5.980,8.055,11.045,35.454,0.000,0.000,0,2,1.1015,66,132,66,67,62
24,post_landing,63,1052.0,60,190.047,487.924,-1.30534,0.12279,1.31110,-0.013087,-0.095519,0,1,4.05400,1448.135,12.846,7.000,5.973,8.059,11.045,35.508,0.000,0.000,0,1,1.1015,66,132,66,67,62
24,post_landing,64,1069.0,60,188.812,488.095,-1.05331,0.14732,1.06356,-0.011812,-0.107901,0,1,4.05400,1448.135,12.846,7.000,5.965,8.061,11.044,38.641,0.000,0.000,0,1,1.1015,66,132,66,67,62
24,post_landing,65,1085.0,60,187.754,488.268,-0.91972,0.15088,0.93201,-0.007678,-0.119766,0,1,4.05400,1448.135,12.846,7.000,5.957,8.062,10.167,38.684,0.000,0.000,0,1,1.1015,66,132,66,67,62
24,post_landing,66,1102.0,60,186.830,488.381,-0.96063,0.30800,1.00880,0.001153,-0.127478,0,1,4.05400,1448.135,12.846,7.000,5.951,8.062,10.173,40.820,0.000,0.000,0,1,1.1015,66,132,66,67,62
24,post_landing,67,1119.0,60,185.921,488.615,-0.92804,0.16025,0.94178,-0.009419,-0.126386,0,1,4.05400,1448.135,12.846,7.000,5.952,8.062,10.172,40.815,0.000,0.000,0,2,1.1015,66,132,66,67,62
24,post_landing,68,1136.0,60,184.989,488.778,-0.95330,0.16008,0.96665,-0.008835,-0.135846,0,1,4.05400,1448.135,12.846,7.000,5.945,8.062,10.179,40.850,0.000,0.000,0,2,1.1015,66,132,66,67,62
24,post_landing,69,1152.0,60,184.032,488.930,-1.07253,-0.05652,1.07402,-0.015276,-0.144721,0,1,4.05400,1448.135,12.846,7.000,5.937,8.061,10.184,40.880,0.000,0.000,0,2,1.1015,66,132,66,67,62
24,post_landing,70,1169.0,60,183.017,488.884,-0.86331,0.16455,0.87885,-0.021489,-0.159175,0,1,4.05400,1448.135,12.846,7.000,5.924,7.229,10.191,42.067,0.000,0.000,0,1,1.1015,66,132,66,67,62
24,post_landing,71,1186.0,60,182.150,489.226,-0.72750,0.14406,0.74163,-0.031218,-0.180758,0,1,4.05400,1448.135,12.846,7.000,3.935,7.246,10.197,42.130,0.000,0.000,0,1,1.1015,66,132,66,67,62
24,post_landing,72,1202.0,60,181.419,489.660,-0.71637,0.42519,0.83305,-0.030741,-0.212113,0,0,4.05400,1448.135,12.846,7.000,3.910,7.264,10.197,43.585,0.000,0.000,0,0,1.1015,66,132,66,67,62
24,post_landing,73,1219.0,60,180.741,490.276,-0.66551,0.17223,0.68744,-0.017696,-0.241199,0,1,4.05400,1448.135,12.846,7.000,3.884,7.275,38.079,43.889,0.000,0.000,0,1,1.1015,66,132,66,67,62
24,post_landing,74,1236.0,60,180.073,490.617,-0.52177,0.09254,0.52991,-0.015582,-0.258973,0,1,4.05400,1448.135,12.846,7.000,1.933,7.279,40.260,43.929,0.000,0.000,0,1,1.1015,66,132,66,67,62
24,post_landing,75,1252.0,60,179.549,490.915,-0.39900,0.07122,0.40531,-0.013889,-0.274623,0,1,4.05400,1448.135,12.846,7.000,1.925,7.280,40.793,43.952,0.000,0.000,0,1,1.1015,66,132,66,67,62
24,post_landing,76,1269.0,60,179.148,491.190,-0.31086,0.05677,0.31600,-0.012697,-0.288573,0,1,4.05400,1448.135,12.846,7.000,1.917,7.280,40.802,44.532,0.000,0.000,0,1,1.1015,66,132,66,67,62
24,post_landing,77,1286.0,60,178.854,491.428,-0.25366,0.05100,0.25874,-0.011012,-0.300587,0,1,4.05400,1448.135,12.846,7.000,1.910,36.688,40.804,44.558,0.000,0.000,0,1,1.1015,66,132,66,67,62
24,post_landing,78,1302.0,60,178.599,491.658,-0.20188,0.04064,0.20593,-0.011243,-0.311647,0,1,4.05400,1448.135,12.846,7.000,1.904,38.897,40.801,44.883,0.000,0.000,0,1,1.1015,66,132,66,67,62
24,post_landing,79,1319.0,60,178.396,491.891,-0.16864,0.07730,0.18551,-0.020101,-0.322940,0,1,4.05400,1448.135,12.846,7.000,1.897,38.896,42.375,44.907,0.000,0.000,0,1,1.1015,66,132,66,67,62
24,post_landing,80,1336.0,60,178.237,492.220,-0.16621,0.34285,0.38102,-0.019811,-0.341958,0,0,4.05400,1448.135,12.846,7.000,35.113,38.275,42.379,45.269,0.000,0.000,0,0,1.1015,66,132,66,67,62
24,post_landing,81,1352.0,60,178.070,492.781,-0.14273,-0.01838,0.14390,-0.001838,-0.361857,0,1,4.05400,1448.135,12.846,7.000,36.400,38.271,42.720,45.652,0.000,0.000,0,3,1.1015,66,132,66,67,62
24,post_landing,82,1369.0,60,177.926,492.837,-0.08229,-0.02296,0.08544,0.000000,-0.363703,0,1,4.05400,1448.135,12.846,7.000,36.401,38.270,42.719,45.656,0.000,0.000,0,4,1.1015,66,132,66,67,62
24,post_landing,83,1386.0,60,177.848,492.837,-0.01974,0.00000,0.01974,0.000000,-0.363703,0,1,4.05400,1448.135,12.846,7.000,36.401,38.270,42.719,45.656,0.000,0.000,0,4,1.1015,66,132,66,67,62
24,post_landing,84,1402.0,60,177.829,492.842,-0.00728,0.00000,0.00728,0.000000,-0.363703,0,1,4.05400,1448.135,12.846,7.000,36.401,38.270,42.719,45.656,0.000,0.000,0,4,1.1015,66,132,66,67,62
24,post_landing,85,1419.0,60,177.821,492.843,-0.00655,0.00000,0.00655,0.000000,-0.363703,0,1,4.05400,1448.135,12.846,7.000,36.401,38.270,42.719,45.656,0.000,0.000,0,4,1.1015,66,132,66,67,62
24,post_landing,86,1436.0,60,177.815,492.839,0.00424,0.00000,0.00424,0.000000,-0.363703,0,1,4.05400,1448.135,12.846,7.000,36.401,38.270,42.719,45.656,0.000,0.000,0,4,1.1015,66,132,66,67,62
24,post_landing,87,1452.0,60,177.819,492.843,-0.00526,0.00000,0.00526,0.000000,-0.363703,0,1,4.05400,1448.135,12.846,7.000,36.401,38.270,42.719,45.656,0.000,0.000,0,4,1.1015,66,132,66,67,62
24,post_landing,88,1469.0,60,177.814,492.843,0.00195,0.00000,0.00195,0.000000,-0.363703,0,1,4.05400,1448.135,12.846,7.000,36.401,38.270,42.719,45.656,0.000,0.000,0,4,1.1015,66,132,66,67,62
24,post_landing,89,1486.0,60,177.816,492.839,0.00317,0.00000,0.00317,0.000000,-0.363703,0,1,4.05400,1448.135,12.846,7.000,36.401,38.270,42.719,45.656,0.000,0.000,0,4,1.1015,66,132,66,67,62
24,post_landing,90,1502.0,60,177.819,492.843,-0.00460,0.00000,0.00460,0.000000,-0.363703,0,1,4.05400,1448.135,12.846,7.000,36.401,38.270,42.719,45.656,0.000,0.000,0,4,1.1015,66,132,66,67,62
24,post_landing,91,1519.0,60,177.815,492.843,0.00248,0.00000,0.00248,0.000000,-0.363703,0,1,4.05400,1448.135,12.846,7.000,36.401,38.270,42.719,45.656,0.000,0.000,0,4,1.1015,66,132,66,67,62
24,post_landing,92,1536.0,60,177.817,492.839,0.00238,0.00000,0.00238,0.000000,-0.363703,0,1,4.05400,1448.135,12.846,7.000,36.401,38.270,42.719,45.656,0.000,0.000,0,4,1.1015,66,132,66,67,62
24,post_landing,93,1552.0,60,177.819,492.843,-0.00411,0.00000,0.00411,0.000000,-0.363703,0,1,4.05400,1448.135,12.846,7.000,36.401,38.270,42.719,45.656,0.000,0.000,0,4,1.1015,66,132,66,67,62
24,post_landing,94,1569.0,60,177.815,492.843,0.00212,0.00000,0.00212,0.000000,-0.363703,0,1,4.05400,1448.135,12.846,7.000,36.401,38.270,42.719,45.656,0.000,0.000,0,4,1.1015,66,132,66,67,62
24,post_landing,95,1586.0,60,177.817,492.839,0.00208,0.00000,0.00208,0.000000,-0.363703,0,1,4.05400,1448.135,12.846,7.000,36.401,38.270,42.719,45.656,0.000,0.000,0,4,1.1015,66,132,66,67,62
24,post_landing,96,1602.0,60,177.819,492.843,-0.00393,0.00000,0.00393,0.000000,-0.363703,0,1,4.05400,1448.135,12.846,7.000,36.401,38.270,42.719,45.656,0.000,0.000,0,4,1.1015,66,132,66,67,62
24,post_landing,97,1619.0,60,177.815,492.843,0.00199,0.00000,0.00199,0.000000,-0.363703,0,1,4.05400,1448.135,12.846,7.000,36.401,38.270,42.719,45.656,0.000,0.000,0,4,1.1015,66,132,66,67,62
24,post_landing,98,1636.0,60,177.817,492.839,0.00216,0.00000,0.00216,0.000000,-0.363703,0,1,4.05400,1448.135,12.846,7.000,36.401,38.270,42.719,45.656,0.000,0.000,0,4,1.1015,66,132,66,67,62
24,post_landing,99,1652.0,60,177.819,492.843,-0.00400,0.00000,0.00400,0.000000,-0.363703,0,1,4.05400,1448.135,12.846,7.000,36.401,38.270,42.719,45.656,0.000,0.000,0,4,1.1015,66,132,66,67,62
24,post_landing,100,1669.0,60,177.815,492.843,0.00196,0.00000,0.00196,0.000000,-0.363703,0,1,4.05400,1448.135,12.846,7.000,36.401,38.270,42.719,45.656,0.000,0.000,0,4,1.1015,66,132,66,67,62
24,post_landing,101,1686.0,60,177.817,492.839,0.00218,0.00000,0.00218,0.000000,-0.363703,0,1,4.05400,1448.135,12.846,7.000,36.401,38.270,42.719,45.656,0.000,0.000,0,4,1.1015,66,132,66,67,62
24,post_landing,102,1702.0,60,177.819,492.843,-0.00402,0.00000,0.00402,0.000000,-0.363703,0,1,4.05400,1448.135,12.846,7.000,36.401,38.270,42.719,45.656,0.000,0.000,0,4,1.1015,66,132,66,67,62
24,post_landing,103,1719.0,60,177.815,492.843,0.00197,0.00000,0.00197,0.000000,-0.363703,0,1,4.05400,1448.135,12.846,7.000,36.401,38.270,42.719,45.656,0.000,0.000,0,4,1.1015,66,132,66,67,62
24,post_landing,104,1736.0,60,177.817,492.839,0.00218,0.00000,0.00218,0.000000,-0.363703,0,1,4.05400,1448.135,12.846,7.000,36.401,38.270,42.719,45.656,0.000,0.000,0,4,1.1015,66,132,66,67,62
24,post_landing,105,1753.0,60,177.819,492.843,-0.00402,0.00000,0.00402,0.000000,-0.363703,0,1,4.05400,1448.135,12.846,7.000,36.401,38.270,42.719,45.656,0.000,0.000,0,4,1.1015,66,132,66,67,62
24,post_landing,106,1769.0,60,177.815,492.843,0.00198,0.00000,0.00198,0.000000,-0.363703,0,1,4.05400,1448.135,12.846,7.000,36.401,38.270,42.719,45.656,0.000,0.000,0,4,1.1015,66,132,66,67,62
24,post_landing,107,1786.0,60,177.817,492.843,-0.00057,0.00000,0.00057,0.000000,-0.363703,0,1,4.05400,1448.135,12.846,7.000,36.401,38.270,42.719,45.656,0.000,0.000,0,4,1.1015,66,132,66,67,62
24,post_landing,108,1803.0,60,177.817,492.839,0.00300,0.00000,0.00300,0.000000,-0.363703,0,1,4.05400,1448.135,12.846,7.000,36.401,38.270,42.719,45.656,0.000,0.000,0,4,1.1015,66,132,66,67,62
24,post_landing,109,1819.0,60,177.820,492.843,-0.00319,0.00000,0.00319,0.000000,-0.363703,0,1,4.05400,1448.135,12.846,7.000,36.401,38.270,42.719,45.656,0.000,0.000,0,4,1.1015,66,132,66,67,62
24,post_landing,110,1836.0,60,177.817,492.839,0.00402,0.00000,0.00402,0.000000,-0.363703,0,1,4.05400,1448.135,12.846,7.000,36.401,38.270,42.719,45.656,0.000,0.000,0,4,1.1015,66,132,66,67,62
24,post_landing,111,1853.0,60,177.821,492.843,-0.00395,0.00000,0.00395,0.000000,-0.363703,0,1,4.05400,1448.135,12.846,7.000,36.401,38.270,42.719,45.656,0.000,0.000,0,4,1.1015,66,132,66,67,62
24,post_landing,112,1869.0,60,177.817,492.843,0.00069,0.00000,0.00069,0.000000,-0.363703,0,1,4.05400,1448.135,12.846,7.000,36.401,38.270,42.719,45.656,0.000,0.000,0,4,1.1015,66,132,66,67,62
24,post_landing,113,1886.0,60,177.818,492.843,0.00052,0.00000,0.00052,0.000000,-0.363703,0,1,4.05400,1448.135,12.846,7.000,36.401,38.270,42.719,45.656,0.000,0.000,0,4,1.1015,66,132,66,67,62
24,post_landing,114,1903.0,60,177.818,492.839,0.00201,0.00000,0.00201,0.000000,-0.363703,0,1,4.05400,1448.135,12.846,7.000,36.401,38.270,42.719,45.656,0.000,0.000,0,4,1.1015,66,132,66,67,62
24,post_landing,115,1919.0,60,177.820,492.843,-0.00284,0.00000,0.00284,0.000000,-0.363703,0,1,4.05400,1448.135,12.846,7.000,36.401,38.270,42.719,45.656,0.000,0.000,0,4,1.1015,66,132,66,67,62
24,post_landing,116,1936.0,60,177.817,492.843,0.00094,0.00000,0.00094,0.000000,-0.363703,0,1,4.05400,1448.135,12.846,7.000,36.401,38.270,42.719,45.656,0.000,0.000,0,4,1.1015,66,132,66,67,62
24,post_landing,117,1953.0,60,177.818,492.839,0.00328,0.00000,0.00328,0.000000,-0.363703,0,1,4.05400,1448.135,12.846,7.000,36.401,38.270,42.719,45.656,0.000,0.000,0,4,1.1015,66,132,66,67,62
24,post_landing,118,1969.0,60,177.821,492.843,-0.00408,0.00000,0.00408,0.000000,-0.363703,0,1,4.05400,1448.135,12.846,7.000,36.401,38.270,42.719,45.656,0.000,0.000,0,4,1.1015,66,132,66,67,62
24,post_landing,119,1986.0,60,177.817,492.843,0.00203,0.00000,0.00203,0.000000,-0.363703,0,1,4.05400,1448.135,12.846,7.000,36.401,38.270,42.719,45.656,0.000,0.000,0,4,1.1015,66,132,66,67,62
25,falling,0,16.0,,195.000,97.029,0.00000,0.55000,0.55000,0.000000,0.000000,0,0,2.95800,422.016,3.375,16.000,16.000,16.000,16.000,17.000,0.000,0.000,0,0,1.8319,85,170,85,88,80
25,falling,1,25.0,,195.000,97.456,0.00000,0.71172,0.71172,0.000000,0.000000,0,0,2.95800,422.016,3.375,16.000,16.000,16.000,16.000,17.000,0.000,0.000,0,0,1.8319,85,170,85,88,80
25,falling,2,41.0,,195.000,98.385,0.00000,0.96813,0.96813,0.000000,0.000000,0,0,2.95800,422.016,3.375,16.000,16.000,16.000,16.000,17.000,0.000,0.000,0,0,1.8319,85,170,85,88,80
25,falling,3,58.0,,195.000,99.647,0.00000,1.23666,1.23666,0.000000,0.000000,0,0,2.95800,422.016,3.375,16.000,16.000,16.000,16.000,17.000,0.000,0.000,0,0,1.8319,85,170,85,88,80
25,falling,4,75.0,,195.000,101.178,0.00000,1.50107,1.50107,0.000000,0.000000,0,0,2.95800,422.016,3.375,16.000,16.000,16.000,16.000,17.000,0.000,0.000,0,0,1.8319,85,170,85,88,80
25,falling,5,91.0,,195.000,102.854,0.00000,1.74612,1.74612,0.000000,0.000000,0,0,2.95800,422.016,3.375,16.000,16.000,16.000,16.000,17.000,0.000,0.000,0,0,1.8319,85,170,85,88,80
25,falling,6,108.0,,195.000,104.897,0.00000,2.00274,2.00274,0.000000,0.000000,0,0,2.95800,422.016,3.375,16.000,16.000,16.000,16.000,17.000,0.000,0.000,0,0,1.8319,85,170,85,88,80
25,falling,7,125.0,,195.000,107.198,0.00000,2.25543,2.25543,0.000000,0.000000,0,0,2.95800,422.016,3.375,16.000,16.000,16.000,16.000,17.000,0.000,0.000,0,0,1.8319,85,170,85,88,80
25,falling,8,142.0,,195.000,109.588,0.00000,2.48962,2.48962,0.000000,0.000000,0,0,2.95800,422.016,3.375,16.000,16.000,16.000,16.000,17.000,0.000,0.000,0,0,1.8319,85,170,85,88,80
25,falling,9,158.0,,195.000,112.377,0.00000,2.73486,2.73486,0.000000,0.000000,0,0,2.95800,422.016,3.375,16.000,16.000,16.000,16.000,17.000,0.000,0.000,0,0,1.8319,85,170,85,88,80
25,falling,10,175.0,,195.000,115.413,0.00000,2.97635,2.97635,0.000000,0.000000,0,0,2.95800,422.016,3.375,16.000,16.000,16.000,16.000,17.000,0.000,0.000,0,0,1.8319,85,170,85,88,80
25,falling,11,191.0,,195.000,118.485,0.00000,3.20016,3.20016,0.000000,0.000000,0,0,2.95800,422.016,3.375,16.000,16.000,16.000,16.000,17.000,0.000,0.000,0,0,1.8319,85,170,85,88,80
25,falling,12,208.0,,195.000,121.988,0.00000,3.43453,3.43453,0.000000,0.000000,0,0,2.95800,422.016,3.375,16.000,16.000,16.000,16.000,17.000,0.000,0.000,0,0,1.8319,85,170,85,88,80
25,falling,13,225.0,,195.000,125.727,0.00000,3.66531,3.66531,0.000000,0.000000,0,0,2.95800,422.016,3.375,16.000,16.000,16.000,16.000,17.000,0.000,0.000,0,0,1.8319,85,170,85,88,80
25,falling,14,242.0,,195.000,129.451,0.00000,3.87920,3.87920,0.000000,0.000000,0,0,2.95800,422.016,3.375,16.000,16.000,16.000,16.000,17.000,0.000,0.000,0,0,1.8319,85,170,85,88,80
25,falling,15,258.0,,195.000,133.636,0.00000,4.10318,4.10318,0.000000,0.000000,0,0,2.95800,422.016,3.375,16.000,16.000,16.000,16.000,17.000,0.000,0.000,0,0,1.8319,85,170,85,88,80
25,falling,16,275.0,,195.000,138.046,0.00000,4.32373,4.32373,0.000000,0.000000,0,0,2.95800,422.016,3.375,16.000,16.000,16.000,16.000,17.000,0.000,0.000,0,0,1.8319,85,170,85,88,80
25,falling,17,292.0,,195.000,142.393,0.00000,4.52814,4.52814,0.000000,0.000000,0,0,2.95800,422.016,3.375,16.000,16.000,16.000,16.000,17.000,0.000,0.000,0,0,1.8319,85,170,85,88,80
25,falling,18,308.0,,195.000,147.231,0.00000,4.74219,4.74219,0.000000,0.000000,0,0,2.95800,422.016,3.375,16.000,16.000,16.000,16.000,17.000,0.000,0.000,0,0,1.8319,85,170,85,88,80
25,falling,19,325.0,,195.000,152.283,0.00000,4.95297,4.95297,0.000000,0.000000,0,0,2.95800,422.016,3.375,16.000,16.000,16.000,16.000,17.000,0.000,0.000,0,0,1.8319,85,170,85,88,80
25,falling,20,342.0,,195.000,157.225,0.00000,5.14831,5.14831,0.000000,0.000000,0,0,2.95800,422.016,3.375,16.000,16.000,16.000,16.000,17.000,0.000,0.000,0,0,1.8319,85,170,85,88,80
25,falling,21,358.0,,195.000,162.685,0.00000,5.35288,5.35288,0.000000,0.000000,0,0,2.95800,422.016,3.375,16.000,16.000,16.000,16.000,17.000,0.000,0.000,0,0,1.8319,85,170,85,88,80
25,falling,22,375.0,,195.000,168.350,0.00000,5.55431,5.55431,0.000000,0.000000,0,0,2.95800,422.016,3.375,16.000,16.000,16.000,16.000,17.000,0.000,0.000,0,0,1.8319,85,170,85,88,80
25,falling,23,392.0,,195.000,173.862,0.00000,5.74100,5.74100,0.000000,0.000000,0,0,2.95800,422.016,3.375,16.000,16.000,16.000,16.000,17.000,0.000,0.000,0,0,1.8319,85,170,85,88,80
25,falling,24,408.0,,195.000,179.917,0.00000,5.93649,5.93649,0.000000,0.000000,0,0,2.95800,422.016,3.375,16.000,16.000,16.000,16.000,17.000,0.000,0.000,0,0,1.8319,85,170,85,88,80
25,falling,25,425.0,,195.000,186.168,0.00000,6.12900,6.12900,0.000000,0.000000,0,0,2.95800,422.016,3.375,16.000,16.000,16.000,16.000,17.000,0.000,0.000,0,0,1.8319,85,170,85,88,80
25,falling,26,442.0,,195.000,192.224,0.00000,6.30741,6.30741,0.000000,0.000000,0,0,2.95800,422.016,3.375,16.000,16.000,16.000,16.000,17.000,0.000,0.000,0,0,1.8319,85,170,85,88,80
25,falling,27,458.0,,195.000,198.848,0.00000,6.49424,6.49424,0.000000,0.000000,0,0,2.95800,422.016,3.375,16.000,16.000,16.000,16.000,17.000,0.000,0.000,0,0,1.8319,85,170,85,88,80
25,falling,28,475.0,,195.000,205.659,0.00000,6.67821,6.67821,0.000000,0.000000,0,0,2.95800,422.016,3.375,16.000,16.000,16.000,16.000,17.000,0.000,0.000,0,0,1.8319,85,170,85,88,80
25,falling,29,492.0,,195.000,212.234,0.00000,6.84871,6.84871,0.000000,0.000000,0,0,2.95800,422.016,3.375,16.000,16.000,16.000,16.000,17.000,0.000,0.000,0,0,1.8319,85,170,85,88,80
25,falling,30,508.0,,195.000,219.402,0.00000,7.02726,7.02726,0.000000,0.000000,0,0,2.95800,422.016,3.375,16.000,16.000,16.000,16.000,16.000,0.000,0.000,0,0,1.8319,85,170,85,88,80
25,falling,31,525.0,,195.000,226.749,0.00000,7.20307,7.20307,0.000000,0.000000,0,0,2.95800,422.016,3.375,16.000,16.000,16.000,16.000,17.000,0.000,0.000,0,0,1.8319,85,170,85,88,80
25,falling,32,542.0,,195.000,233.820,0.00000,7.36602,7.36602,0.000000,0.000000,0,0,2.95800,422.016,3.375,16.000,16.000,16.000,16.000,17.000,0.000,0.000,0,0,1.8319,85,170,85,88,80
25,falling,33,558.0,,195.000,241.508,0.00000,7.53665,7.53665,0.000000,0.000000,0,0,2.95800,422.016,3.375,16.000,16.000,16.000,16.000,17.000,0.000,0.000,0,0,1.8319,85,170,85,88,80
25,falling,34,575.0,,195.000,249.367,0.00000,7.70467,7.70467,0.000000,0.000000,0,0,2.95800,422.016,3.375,16.000,16.000,16.000,16.000,17.000,0.000,0.000,0,0,1.8319,85,170,85,88,80
25,falling,35,592.0,,195.000,256.913,0.00000,7.86039,7.86039,0.000000,0.000000,0,0,2.95800,422.016,3.375,16.000,16.000,16.000,16.000,17.000,0.000,0.000,0,0,1.8319,85,170,85,88,80
25,falling,36,608.0,,195.000,265.097,0.00000,8.02346,8.02346,0.000000,0.000000,0,0,2.95800,422.016,3.375,16.000,16.000,16.000,16.000,17.000,0.000,0.000,0,0,1.8319,85,170,85,88,80
25,falling,37,625.0,,195.000,273.444,0.00000,8.18404,8.18404,0.000000,0.000000,0,0,2.95800,422.016,3.375,16.000,16.000,16.000,16.000,17.000,0.000,0.000,0,0,1.8319,85,170,85,88,80
25,falling,38,642.0,,195.000,281.444,0.00000,8.33285,8.33285,0.000000,0.000000,0,0,2.95800,422.016,3.375,16.000,16.000,16.000,16.000,17.000,0.000,0.000,0,0,1.8319,85,170,85,88,80
25,falling,39,658.0,,195.000,290.102,0.00000,8.48869,8.48869,0.000000,0.000000,0,0,2.95800,422.016,3.375,16.000,16.000,16.000,16.000,17.000,0.000,0.000,0,0,1.8319,85,170,85,88,80
25,falling,40,675.0,,195.000,298.917,0.00000,8.64215,8.64215,0.000000,0.000000,0,0,2.95800,422.016,3.375,16.000,16.000,16.000,16.000,17.000,0.000,0.000,0,0,1.8319,85,170,85,88,80
25,falling,41,692.0,,195.000,307.886,0.00000,8.79326,8.79326,0.000000,0.000000,0,0,2.95800,422.016,3.375,16.000,16.000,16.000,16.000,17.000,0.000,0.000,0,0,1.8319,85,170,85,88,80
25,falling,42,708.0,,195.000,316.462,0.00000,8.93330,8.93330,0.000000,0.000000,0,0,2.95800,422.016,3.375,16.000,16.000,16.000,16.000,17.000,0.000,0.000,0,0,1.8319,85,170,85,88,80
25,falling,43,725.0,,195.000,325.724,0.00000,9.07995,9.07995,0.000000,0.000000,0,0,2.95800,422.016,3.375,16.000,16.000,16.000,16.000,17.000,0.000,0.000,0,0,1.8319,85,170,85,88,80
25,falling,44,742.0,,195.000,335.133,0.00000,9.22436,9.22436,0.000000,0.000000,0,0,2.95800,422.016,3.375,16.000,16.000,16.000,16.000,17.000,0.000,0.000,0,0,1.8319,85,170,85,88,80
25,falling,45,758.0,,195.000,344.117,0.00000,9.35820,9.35820,0.000000,0.000000,0,0,2.95800,422.016,3.375,16.000,16.000,16.000,16.000,17.000,0.000,0.000,0,0,1.8319,85,170,85,88,80
25,falling,46,775.0,,195.000,353.805,0.00000,9.49835,9.49835,0.000000,0.000000,0,0,2.95800,422.016,3.375,16.000,16.000,16.000,16.000,17.000,0.000,0.000,0,0,1.8319,85,170,85,88,80
25,falling,47,792.0,,195.000,363.634,0.00000,9.63636,9.63636,0.000000,0.000000,0,0,2.95800,422.016,3.375,16.000,16.000,16.000,16.000,17.000,0.000,0.000,0,0,1.8319,85,170,85,88,80
25,falling,48,809.0,,195.000,373.008,0.00000,9.76427,9.76427,0.000000,0.000000,0,0,2.95800,422.016,3.375,16.000,16.000,16.000,16.000,17.000,0.000,0.000,0,0,1.8319,85,170,85,88,80
25,falling,49,825.0,,195.000,383.104,0.00000,9.89821,9.89821,0.000000,0.000000,0,0,2.95800,422.016,3.375,16.000,16.000,16.000,16.000,17.000,0.000,0.000,0,0,1.8319,85,170,85,88,80
25,falling,50,842.0,,195.000,393.335,0.00000,10.03010,10.03010,0.000000,0.000000,0,0,2.95800,422.016,3.375,16.000,16.000,16.000,16.000,17.000,0.000,0.000,0,0,1.8319,85,170,85,88,80
25,falling,51,859.0,,195.000,403.081,0.00000,10.15233,10.15233,0.000000,0.000000,0,0,2.95800,422.016,3.375,16.000,16.000,16.000,16.000,17.000,0.000,0.000,0,0,1.8319,85,170,85,88,80
25,falling,52,875.0,,195.000,413.567,0.00000,10.28033,10.28033,0.000000,0.000000,0,0,2.95800,422.016,3.375,16.000,16.000,16.000,16.000,17.000,0.000,0.000,0,0,1.8319,85,170,85,88,80
25,falling,53,892.0,,195.000,424.181,0.00000,10.40638,10.40638,0.000000,0.000000,0,0,2.95800,422.016,3.375,16.000,16.000,16.000,16.000,17.000,0.000,0.000,0,0,1.8319,85,170,85,88,80
25,falling,54,909.0,,195.000,434.284,0.00000,10.52319,10.52319,0.000000,0.000000,0,0,2.95800,422.016,3.375,16.000,16.000,16.000,16.000,17.000,0.000,0.000,0,0,1.8319,85,170,85,88,80
25,falling,55,925.0,,195.000,445.142,0.00000,10.64552,10.64552,0.000000,0.000000,0,0,2.95800,422.016,3.375,16.000,16.000,16.000,16.000,17.000,0.000,0.000,0,0,1.8319,85,170,85,88,80
25,falling,56,942.0,,195.000,456.123,0.00000,10.76598,10.76598,0.000000,0.000000,0,0,2.95800,422.016,3.375,16.000,16.000,16.000,16.000,17.000,0.000,0.000,0,0,1.8319,85,170,85,88,80
25,falling,57,959.0,,195.000,466.566,0.00000,10.87761,10.87761,0.000000,0.000000,0,0,2.95800,422.016,3.375,16.000,16.000,16.000,16.000,17.000,0.000,0.000,0,0,1.8319,85,170,85,88,80
25,falling,58,975.0,,195.000,477.780,0.00000,10.99452,10.99452,0.000000,0.000000,0,0,2.95800,422.016,3.375,16.000,16.000,16.000,16.000,17.000,0.000,0.000,0,0,1.8319,85,170,85,88,80
25,post_landing,59,992.0,59,195.000,482.906,1.56478,-2.28146,2.76651,0.114784,0.000000,0,1,2.95800,422.016,3.375,16.000,16.000,16.000,16.000,17.000,0.000,0.000,0,17,1.8319,85,170,85,88,80
25,post_landing,60,1009.0,59,196.481,479.909,0.77851,-1.58578,1.76657,0.175498,0.108605,0,1,2.95800,422.016,3.375,16.000,16.123,16.231,16.231,16.881,0.000,0.000,0,6,1.8319,85,170,85,88,80
25,post_landing,61,1025.0,59,197.262,477.730,0.76659,-1.27819,1.49044,0.172813,0.284874,0,0,2.95800,422.016,3.375,16.000,3.160,3.441,16.198,17.884,0.000,0.000,0,0,1.8319,85,170,85,88,80
25,post_landing,62,1042.0,59,198.032,476.034,0.75487,-0.97530,1.23330,0.170169,0.458446,0,0,2.95800,422.016,3.375,16.000,0.443,3.575,5.823,19.670,0.000,0.000,0,0,1.8319,85,170,85,88,80
25,post_landing,63,1059.0,59,198.747,474.807,0.74400,-0.69458,1.01783,0.167718,0.619456,0,0,2.95800,422.016,3.375,16.000,0.581,3.604,3.604,20.808,0.000,0.000,0,0,1.8319,85,170,85,88,80
25,post_landing,64,1075.0,59,199.494,473.951,0.73261,-0.40062,0.83500,0.165152,0.787911,0,0,2.95800,422.016,3.375,16.000,0.709,1.418,3.537,16.265,0.000,0.000,0,0,1.8319,85,170,85,88,80
25,post_landing,65,1092.0,59,200.230,473.479,0.72140,-0.11116,0.72992,0.162625,0.953789,0,0,2.95800,422.016,3.375,16.000,0.816,1.631,3.604,38.013,0.000,0.000,0,0,1.8319,85,170,85,88,80
25,post_landing,66,1109.0,59,200.912,473.343,0.71102,0.15711,0.72817,0.160283,1.107661,0,0,2.95800,422.016,3.375,16.000,1.789,1.789,50.983,56.350,0.000,0.000,0,0,1.8319,85,170,85,88,80
25,post_landing,67,1125.0,59,201.626,473.789,0.70014,0.43804,0.82587,0.157831,1.268648,0,0,2.95800,422.016,3.375,16.000,16.763,18.015,22.491,57.567,0.000,0.000,0,0,1.8319,85,170,85,88,80
25,post_landing,68,1142.0,59,202.330,474.518,0.68942,0.71467,0.99300,0.155416,1.427173,0,0,2.95800,422.016,3.375,16.000,4.102,13.152,22.346,24.039,0.000,0.000,0,0,1.8319,85,170,85,88,80
25,post_landing,69,1159.0,59,202.982,475.451,0.67950,0.97104,1.18517,0.153178,1.574224,0,0,2.95800,422.016,3.375,16.000,6.003,9.003,14.996,23.993,0.000,0.000,0,0,1.8319,85,170,85,88,80
25,post_landing,70,1175.0,59,203.665,476.715,0.66910,1.23952,1.40858,0.150835,1.728076,0,0,2.95800,422.016,3.375,16.000,6.083,9.046,12.165,21.728,0.000,0.000,0,0,1.8319,85,170,85,88,80
25,post_landing,71,1192.0,59,204.337,478.249,0.65886,1.50389,1.64188,0.148527,1.879573,0,0,2.95800,422.016,3.375,16.000,8.229,8.229,11.391,43.012,0.000,0.000,0,0,1.8319,85,170,85,88,80
25,post_landing,72,1209.0,59,204.960,479.928,0.64938,1.74890,1.86557,0.146388,2.020106,0,0,2.95800,422.016,3.375,16.000,6.273,8.075,35.773,43.382,0.000,0.000,0,0,1.8319,85,170,85,88,80
25,post_landing,73,1225.0,59,205.612,481.973,0.63944,2.00547,2.10495,0.144148,2.167137,0,0,2.95800,422.016,3.375,16.000,29.671,32.715,38.832,42.703,0.000,0.000,0,0,1.8319,85,170,85,88,80
25,post_landing,74,1242.0,59,206.254,484.277,0.62966,2.25812,2.34427,0.141943,2.311919,0,0,2.95800,422.016,3.375,16.000,0.738,1.475,7.802,40.422,0.000,0.000,0,0,1.8319,85,170,85,88,80
25,post_landing,75,1259.0,59,206.850,486.669,0.62059,2.49227,2.56838,0.139899,2.446222,0,0,2.95800,422.016,3.375,16.000,0.641,1.281,7.683,19.078,0.000,0.000,0,0,1.8319,85,170,85,88,80
25,post_landing,76,1276.0,59,207.474,488.967,-0.80182,-0.42835,0.90907,0.058458,2.586735,0,1,2.95800,422.016,3.375,16.000,0.527,5.830,9.961,20.245,0.000,0.000,0,2,1.8319,85,170,85,88,80
25,post_landing,77,1292.0,59,206.668,488.240,-1.93757,-1.08056,2.21852,0.083014,2.645450,0,1,2.95800,422.016,3.375,16.000,0.476,5.825,9.892,19.711,0.000,0.000,0,2,1.8319,85,170,85,88,80
25,post_landing,78,1309.0,59,204.835,486.986,-2.15282,-0.94867,2.35257,0.047906,2.723996,0,1,2.95800,422.016,3.375,16.000,0.406,9.849,13.505,21.931,0.000,0.000,0,1,1.8319,85,170,85,88,80
25,post_landing,79,1326.0,59,202.673,485.932,-2.11988,-0.65082,2.21753,0.047173,2.772112,0,0,2.95800,422.016,3.375,16.000,5.385,9.837,13.567,20.607,0.000,0.000,0,0,1.8319,85,170,85,88,80
25,post_landing,80,1342.0,59,200.543,485.256,-2.08744,-0.35753,2.11784,0.046451,2.819492,0,0,2.95800,422.016,3.375,16.000,9.487,9.803,13.598,21.187,0.000,0.000,0,0,1.8319,85,170,85,88,80
25,post_landing,81,1359.0,59,198.568,484.924,-2.05738,-0.08571,2.05917,0.045782,2.863443,0,0,2.95800,422.016,3.375,16.000,9.478,13.599,16.209,21.840,0.000,0.000,0,0,1.8319,85,170,85,88,80
25,post_landing,82,1376.0,59,196.502,484.928,-2.02591,0.19893,2.03565,0.045082,2.909426,0,0,2.95800,422.016,3.375,16.000,9.449,13.572,16.261,21.817,0.000,0.000,0,0,1.8319,85,170,85,88,80
25,post_landing,83,1392.0,59,194.467,485.416,-1.99491,0.47922,2.05166,0.044392,2.954705,0,0,2.95800,422.016,3.375,16.000,13.145,13.331,19.041,21.563,0.000,0.000,0,0,1.8319,85,170,85,88,80
25,post_landing,84,1409.0,59,192.463,485.488,-1.22326,0.00000,1.22326,-0.056896,2.999292,0,1,2.95800,422.016,3.375,16.000,13.152,16.122,19.092,22.203,0.000,0.000,0,3,1.8319,85,170,85,88,80
25,post_landing,85,1426.0,59,191.306,485.634,-1.26633,0.10133,1.27038,-0.008795,2.945459,0,1,2.95800,422.016,3.375,16.000,13.141,13.335,19.025,21.572,0.000,0.000,0,1,1.8319,85,170,85,88,80
25,post_landing,86,1442.0,59,190.034,485.834,-1.33400,-0.13723,1.34104,0.005900,2.936625,0,1,2.95800,422.016,3.375,16.000,13.135,13.338,19.009,21.782,0.000,0.000,0,3,1.8319,85,170,85,88,80
25,post_landing,87,1459.0,59,188.694,485.796,-0.44299,-1.10071,1.18651,-0.151848,2.942551,0,1,2.95800,422.016,3.375,16.000,13.139,13.337,19.020,21.574,0.000,0.000,0,3,1.8319,85,170,85,88,80
25,post_landing,88,1476.0,59,188.275,485.011,-0.43661,-0.81819,0.92740,-0.149661,2.798876,0,0,2.95800,422.016,3.375,16.000,5.381,9.821,13.588,21.189,0.000,0.000,0,0,1.8319,85,170,85,88,80
25,post_landing,89,1492.0,59,187.837,484.478,-0.42993,-0.52234,0.67652,-0.147372,2.648557,0,0,2.95800,422.016,3.375,16.000,0.473,5.824,9.887,19.708,0.000,0.000,0,0,1.8319,85,170,85,88,80
25,post_landing,90,1509.0,59,187.405,484.242,-0.42335,-0.23101,0.48228,-0.145117,2.500538,0,0,2.95800,422.016,3.375,16.000,0.598,1.196,10.000,18.397,0.000,0.000,0,0,1.8319,85,170,85,88,80
25,post_landing,91,1526.0,59,187.004,484.280,-0.41726,0.03898,0.41907,-0.143027,2.363232,0,0,2.95800,422.016,3.375,16.000,0.702,1.404,7.773,40.309,0.000,0.000,0,0,1.8319,85,170,85,88,80
25,post_landing,92,1542.0,59,186.585,484.608,-0.41087,0.32172,0.52184,-0.140839,2.219576,0,0,2.95800,422.016,3.375,16.000,0.797,27.390,37.197,42.390,0.000,0.000,0,0,1.8319,85,170,85,88,80
25,post_landing,93,1559.0,59,186.172,485.220,-0.40459,0.60013,0.72377,-0.138684,2.078119,0,0,2.95800,422.016,3.375,16.000,5.342,33.607,35.743,42.445,0.000,0.000,0,0,1.8319,85,170,85,88,80
25,post_landing,94,1576.0,59,185.790,486.044,-0.39876,0.85815,0.94627,-0.136687,1.946899,0,0,2.95800,422.016,3.375,16.000,6.315,8.175,11.333,41.049,0.000,0.000,0,0,1.8319,85,170,85,88,80
25,post_landing,95,1592.0,59,185.389,487.195,-0.39266,1.12836,1.19473,-0.134596,1.809612,0,0,2.95800,422.016,3.375,16.000,8.246,8.981,11.397,18.697,0.000,0.000,0,0,1.8319,85,170,85,88,80
25,post_landing,96,1609.0,59,184.995,488.617,-0.38665,1.39442,1.44704,-0.132536,1.674425,0,0,2.95800,422.016,3.375,16.000,6.071,9.055,13.821,22.773,0.000,0.000,0,0,1.8319,85,170,85,88,80
25,post_landing,97,1626.0,59,184.629,490.193,-0.38108,1.64101,1.68468,-0.130628,1.549022,0,0,2.95800,422.016,3.375,16.000,4.021,8.020,18.039,24.038,0.000,0.000,0,0,1.8319,85,170,85,88,80
25,post_landing,98,1642.0,59,184.246,492.130,-0.37525,1.89924,1.93595,-0.128629,1.417821,0,0,2.95800,422.016,3.375,16.000,4.106,13.153,22.353,24.024,0.000,0.000,0,0,1.8319,85,170,85,88,80
25,post_landing,99,1659.0,59,183.869,494.326,-0.36951,2.15351,2.18498,-0.126661,1.288626,0,0,2.95800,422.016,3.375,16.000,10.440,17.998,22.522,56.723,0.000,0.000,0,0,1.8319,85,170,85,88,80
25,post_landing,100,1676.0,59,183.520,496.620,-0.36419,2.38917,2.41677,-0.124837,1.168783,0,0,2.95800,422.016,3.375,16.000,49.767,52.528,56.071,57.774,0.000,0.000,0,0,1.8319,85,170,85,88,80
25,post_landing,101,1693.0,59,183.154,497.521,0.59940,0.47386,0.76409,0.014823,1.043397,0,1,2.95800,422.016,3.375,16.000,0.864,1.728,14.253,53.338,0.000,0.000,0,3,1.8319,85,170,85,88,80
25,post_landing,102,1709.0,59,183.756,497.494,0.87358,0.15531,0.88727,0.016674,1.058286,0,1,2.95800,422.016,3.375,16.000,1.743,1.743,37.096,54.201,0.000,0.000,0,2,1.8319,85,170,85,88,80
25,post_landing,103,1726.0,59,184.582,497.809,0.71677,0.15950,0.73430,0.013641,1.074062,0,1,2.95800,422.016,3.375,16.000,1.758,1.758,40.227,54.187,0.000,0.000,0,1,1.8319,85,170,85,88,80
25,post_landing,104,1742.0,59,185.302,498.289,0.58219,0.16735,0.60577,0.011434,1.087763,0,1,2.95800,422.016,3.375,16.000,1.771,1.771,43.363,55.427,0.000,0.000,0,1,1.8319,85,170,85,88,80
25,post_landing,105,1759.0,59,185.887,498.708,0.47157,0.17029,0.50138,0.009440,1.099247,0,1,2.95800,422.016,3.375,16.000,1.782,1.782,50.974,56.337,0.000,0.000,0,1,1.8319,85,170,85,88,80
25,post_landing,106,1776.0,59,186.333,499.030,0.38121,0.16511,0.41543,0.007749,1.108178,0,1,2.95800,422.016,3.375,16.000,1.790,1.790,50.983,56.350,0.000,0.000,0,1,1.8319,85,170,85,88,80
25,post_landing,107,1793.0,59,186.716,499.320,0.30712,0.34782,0.46400,0.011735,1.115961,0,1,2.95800,422.016,3.375,16.000,1.797,35.795,50.988,56.359,0.000,0.000,0,1,1.8319,85,170,85,88,80
25,post_landing,108,1809.0,59,187.025,499.753,0.28736,0.47312,0.55355,0.012486,1.127748,0,1,2.95800,422.016,3.375,16.000,1.807,38.955,53.700,57.743,0.000,0.000,0,1,1.8319,85,170,85,88,80
25,post_landing,109,1826.0,59,187.296,500.189,0.28097,0.53818,0.60711,0.016470,1.139562,0,1,2.95800,422.016,3.375,16.000,1.817,49.731,53.710,57.762,0.000,0.000,0,1,1.8319,85,170,85,88,80
25,post_landing,110,1842.0,59,187.579,500.800,0.28108,0.60414,0.66632,0.018052,1.156105,0,1,2.95800,422.016,3.375,16.000,38.992,51.587,53.711,57.775,0.000,0.000,0,1,1.8319,85,170,85,88,80
25,post_landing,111,1859.0,59,187.861,501.534,0.21332,0.00000,0.21332,-0.030679,1.174236,0,1,2.95800,422.016,3.375,16.000,49.769,52.536,56.076,57.771,0.000,0.000,0,5,1.8319,85,170,85,88,80
25,post_landing,112,1876.0,59,188.063,501.235,0.20958,0.02205,0.21073,0.003300,1.145208,0,1,2.95800,422.016,3.375,16.000,35.836,49.741,53.712,57.768,0.000,0.000,0,6,1.8319,85,170,85,88,80
25,post_landing,113,1893.0,59,188.273,501.061,0.15170,0.00000,0.15170,0.003690,1.148523,0,1,2.95800,422.016,3.375,16.000,35.839,49.746,53.712,57.771,0.000,0.000,0,4,1.8319,85,170,85,88,80
25,post_landing,114,1909.0,59,188.426,500.983,0.13203,0.00000,0.13203,0.005564,1.152229,0,1,2.95800,422.016,3.375,16.000,38.989,49.752,53.712,57.773,0.000,0.000,0,3,1.8319,85,170,85,88,80
25,post_landing,115,1926.0,59,188.551,501.112,0.12793,0.00000,0.12793,0.005395,1.157493,0,1,2.95800,422.016,3.375,16.000,38.993,51.589,55.140,57.775,0.000,0.000,0,3,1.8319,85,170,85,88,80
25,post_landing,116,1943.0,59,188.679,501.249,0.12824,0.00000,0.12824,0.005071,1.162912,0,1,2.95800,422.016,3.375,16.000,49.763,52.517,55.146,57.775,0.000,0.000,0,3,1.8319,85,170,85,88,80
25,post_landing,117,1959.0,59,188.808,501.363,-0.05561,0.03842,0.06759,0.022111,1.168006,0,1,2.95800,422.016,3.375,16.000,49.766,52.526,56.070,57.774,0.000,0.000,0,3,1.8319,85,170,85,88,80
25,post_landing,118,1976.0,59,188.755,501.549,0.05127,0.01696,0.05400,-0.012195,1.188926,0,1,2.95800,422.016,3.375,16.000,51.623,52.551,56.080,57.753,0.000,0.000,0,5,1.8319,85,170,85,88,80
26,falling,0,12.0,,195.000,97.029,0.00000,0.55000,0.55000,0.000000,0.000000,0,0,4.03400,1163.861,2.725,11.000,11.000,14.000,17.000,23.000,0.000,0.000,0,0,1.6257,76,152,76,82,72
26,falling,1,14.0,,195.000,97.099,0.00000,0.58234,0.58234,0.000000,0.000000,0,0,4.03400,1163.861,2.725,11.000,11.000,14.000,17.000,23.000,0.000,0.000,0,0,1.6257,76,152,76,82,72
26,falling,2,30.0,,195.000,97.841,0.00000,0.82448,0.82448,0.000000,0.000000,0,0,4.03400,1163.861,2.725,11.000,11.000,14.000,17.000,41.000,0.000,0.000,0,0,1.6257,76,152,76,82,72
26,falling,3,46.0,,195.000,98.958,0.00000,1.09520,1.09520,0.000000,0.000000,0,0,4.03400,1163.861,2.725,11.000,11.000,14.000,17.000,41.000,0.000,0.000,0,0,1.6257,76,152,76,82,72
26,falling,4,63.0,,195.000,100.347,0.00000,1.36178,1.36178,0.000000,0.000000,0,0,4.03400,1163.861,2.725,11.000,11.000,14.000,17.000,41.000,0.000,0.000,0,0,1.6257,76,152,76,82,72
26,falling,5,80.0,,195.000,102.004,0.00000,1.62428,1.62428,0.000000,0.000000,0,0,4.03400,1163.861,2.725,11.000,11.000,14.000,17.000,41.000,0.000,0.000,0,0,1.6257,76,152,76,82,72
26,falling,6,97.0,,195.000,103.797,0.00000,1.86755,1.86755,0.000000,0.000000,0,0,4.03400,1163.861,2.725,11.000,11.000,14.000,17.000,41.000,0.000,0.000,0,0,1.6257,76,152,76,82,72
26,falling,7,113.0,,195.000,105.961,0.00000,2.12231,2.12231,0.000000,0.000000,0,0,4.03400,1163.861,2.725,11.000,11.000,14.000,17.000,41.000,0.000,0.000,0,0,1.6257,76,152,76,82,72
26,falling,8,130.0,,195.000,108.382,0.00000,2.37317,2.37317,0.000000,0.000000,0,0,4.03400,1163.861,2.725,11.000,11.000,14.000,17.000,41.000,0.000,0.000,0,0,1.6257,76,152,76,82,72
26,falling,9,147.0,,195.000,110.883,0.00000,2.60567,2.60567,0.000000,0.000000,0,0,4.03400,1163.861,2.725,11.000,11.000,14.000,17.000,41.000,0.000,0.000,0,0,1.6257,76,152,76,82,72
26,falling,10,163.0,,195.000,113.790,0.00000,2.84913,2.84913,0.000000,0.000000,0,0,4.03400,1163.861,2.725,11.000,11.000,14.000,17.000,41.000,0.000,0.000,0,0,1.6257,76,152,76,82,72
26,falling,11,180.0,,195.000,116.940,0.00000,3.08888,3.08888,0.000000,0.000000,0,0,4.03400,1163.861,2.725,11.000,11.000,14.000,17.000,41.000,0.000,0.000,0,0,1.6257,76,152,76,82,72
26,falling,12,197.0,,195.000,120.119,0.00000,3.31106,3.31106,0.000000,0.000000,0,0,4.03400,1163.861,2.725,11.000,11.000,14.000,17.000,41.000,0.000,0.000,0,0,1.6257,76,152,76,82,72
26,falling,13,213.0,,195.000,123.733,0.00000,3.54374,3.54374,0.000000,0.000000,0,0,4.03400,1163.861,2.725,11.000,11.000,14.000,17.000,41.000,0.000,0.000,0,0,1.6257,76,152,76,82,72
26,falling,14,230.0,,195.000,127.582,0.00000,3.77285,3.77285,0.000000,0.000000,0,0,4.03400,1163.861,2.725,11.000,11.000,14.000,17.000,41.000,0.000,0.000,0,0,1.6257,76,152,76,82,72
26,falling,15,247.0,,195.000,131.408,0.00000,3.98519,3.98519,0.000000,0.000000,0,0,4.03400,1163.861,2.725,11.000,11.000,14.000,17.000,41.000,0.000,0.000,0,0,1.6257,76,152,76,82,72
26,falling,16,263.0,,195.000,135.699,0.00000,4.20755,4.20755,0.000000,0.000000,0,0,4.03400,1163.861,2.725,11.000,11.000,14.000,17.000,41.000,0.000,0.000,0,0,1.6257,76,152,76,82,72
26,falling,17,280.0,,195.000,140.214,0.00000,4.42651,4.42651,0.000000,0.000000,0,0,4.03400,1163.861,2.725,11.000,11.000,14.000,17.000,41.000,0.000,0.000,0,0,1.6257,76,152,76,82,72
26,falling,18,297.0,,195.000,144.659,0.00000,4.62943,4.62943,0.000000,0.000000,0,0,4.03400,1163.861,2.725,11.000,11.000,14.000,17.000,41.000,0.000,0.000,0,0,1.6257,76,152,76,82,72
26,falling,19,313.0,,195.000,149.597,0.00000,4.84193,4.84193,0.000000,0.000000,0,0,4.03400,1163.861,2.725,11.000,11.000,14.000,17.000,41.000,0.000,0.000,0,0,1.6257,76,152,76,82,72
26,falling,20,330.0,,195.000,154.750,0.00000,5.05119,5.05119,0.000000,0.000000,0,0,4.03400,1163.861,2.725,11.000,11.000,14.000,17.000,41.000,0.000,0.000,0,0,1.6257,76,152,76,82,72
26,falling,21,347.0,,195.000,159.785,0.00000,5.24512,5.24512,0.000000,0.000000,0,0,4.03400,1163.861,2.725,11.000,11.000,14.000,17.000,41.000,0.000,0.000,0,0,1.6257,76,152,76,82,72
26,falling,22,363.0,,195.000,165.342,0.00000,5.44820,5.44820,0.000000,0.000000,0,0,4.03400,1163.861,2.725,11.000,11.000,14.000,17.000,41.000,0.000,0.000,0,0,1.6257,76,152,76,82,72
26,falling,23,380.0,,195.000,171.103,0.00000,5.64817,5.64817,0.000000,0.000000,0,0,4.03400,1163.861,2.725,11.000,11.000,14.000,17.000,41.000,0.000,0.000,0,0,1.6257,76,152,76,82,72
26,falling,24,397.0,,195.000,176.703,0.00000,5.83351,5.83351,0.000000,0.000000,0,0,4.03400,1163.861,2.725,11.000,11.000,14.000,17.000,41.000,0.000,0.000,0,0,1.6257,76,152,76,82,72
26,falling,25,413.0,,195.000,182.851,0.00000,6.02759,6.02759,0.000000,0.000000,0,0,4.03400,1163.861,2.725,11.000,11.000,14.000,17.000,41.000,0.000,0.000,0,0,1.6257,76,152,76,82,72
26,falling,26,430.0,,195.000,189.195,0.00000,6.21870,6.21870,0.000000,0.000000,0,0,4.03400,1163.861,2.725,11.000,11.000,14.000,17.000,41.000,0.000,0.000,0,0,1.6257,76,152,76,82,72
26,falling,27,447.0,,195.000,195.335,0.00000,6.39582,6.39582,0.000000,0.000000,0,0,4.03400,1163.861,2.725,11.000,11.000,14.000,17.000,41.000,0.000,0.000,0,0,1.6257,76,152,76,82,72
26,falling,28,463.0,,195.000,202.047,0.00000,6.58129,6.58129,0.000000,0.000000,0,0,4.03400,1163.861,2.725,11.000,11.000,14.000,17.000,41.000,0.000,0.000,0,0,1.6257,76,152,76,82,72
26,falling,29,480.0,,195.000,208.947,0.00000,6.76393,6.76393,0.000000,0.000000,0,0,4.03400,1163.861,2.725,11.000,11.000,14.000,17.000,41.000,0.000,0.000,0,0,1.6257,76,152,76,82,72
26,falling,30,498.0,,195.000,215.603,0.00000,6.93320,6.93320,0.000000,0.000000,0,0,4.03400,1163.861,2.725,11.000,11.000,14.000,17.000,41.000,0.000,0.000,0,0,1.6257,76,152,76,82,72
26,falling,31,513.0,,195.000,222.855,0.00000,7.11045,7.11045,0.000000,0.000000,0,0,4.03400,1163.861,2.725,11.000,11.000,14.000,17.000,41.000,0.000,0.000,0,0,1.6257,76,152,76,82,72
26,falling,32,530.0,,195.000,230.286,0.00000,7.28500,7.28500,0.000000,0.000000,0,0,4.03400,1163.861,2.725,11.000,11.000,14.000,17.000,41.000,0.000,0.000,0,0,1.6257,76,152,76,82,72
26,falling,33,547.0,,195.000,237.435,0.00000,7.44676,7.44676,0.000000,0.000000,0,0,4.03400,1163.861,2.725,11.000,11.000,14.000,17.000,41.000,0.000,0.000,0,0,1.6257,76,152,76,82,72
26,falling,34,563.0,,195.000,245.203,0.00000,7.61616,7.61616,0.000000,0.000000,0,0,4.03400,1163.861,2.725,11.000,11.000,14.000,17.000,41.000,0.000,0.000,0,0,1.6257,76,152,76,82,72
26,falling,35,580.0,,195.000,253.142,0.00000,7.78296,7.78296,0.000000,0.000000,0,0,4.03400,1163.861,2.725,11.000,11.000,14.000,17.000,41.000,0.000,0.000,0,0,1.6257,76,152,76,82,72
26,falling,36,597.0,,195.000,260.762,0.00000,7.93756,7.93756,0.000000,0.000000,0,0,4.03400,1163.861,2.725,11.000,11.000,14.000,17.000,41.000,0.000,0.000,0,0,1.6257,76,152,76,82,72
26,falling,37,613.0,,195.000,269.023,0.00000,8.09945,8.09945,0.000000,0.000000,0,0,4.03400,1163.861,2.725,11.000,11.000,14.000,17.000,41.000,0.000,0.000,0,0,1.6257,76,152,76,82,72
26,falling,38,630.0,,195.000,277.447,0.00000,8.25886,8.25886,0.000000,0.000000,0,0,4.03400,1163.861,2.725,11.000,11.000,14.000,17.000,41.000,0.000,0.000,0,0,1.6257,76,152,76,82,72
26,falling,39,647.0,,195.000,285.518,0.00000,8.40660,8.40660,0.000000,0.000000,0,0,4.03400,1163.861,2.725,11.000,11.000,14.000,17.000,41.000,0.000,0.000,0,0,1.6257,76,152,76,82,72
26,falling,40,663.0,,195.000,294.250,0.00000,8.56131,8.56131,0.000000,0.000000,0,0,4.03400,1163.861,2.725,11.000,11.000,14.000,17.000,41.000,0.000,0.000,0,0,1.6257,76,152,76,82,72
26,falling,41,680.0,,195.000,303.138,0.00000,8.71365,8.71365,0.000000,0.000000,0,0,4.03400,1163.861,2.725,11.000,11.000,14.000,17.000,41.000,0.000,0.000,0,0,1.6257,76,152,76,82,72
26,falling,42,697.0,,195.000,311.639,0.00000,8.85484,8.85484,0.000000,0.000000,0,0,4.03400,1163.861,2.725,11.000,11.000,14.000,17.000,41.000,0.000,0.000,0,0,1.6257,76,152,76,82,72
26,falling,43,713.0,,195.000,320.822,0.00000,9.00270,9.00270,0.000000,0.000000,0,0,4.03400,1163.861,2.725,11.000,11.000,14.000,17.000,41.000,0.000,0.000,0,0,1.6257,76,152,76,82,72
26,falling,44,730.0,,195.000,330.153,0.00000,9.14829,9.14829,0.000000,0.000000,0,0,4.03400,1163.861,2.725,11.000,11.000,14.000,17.000,41.000,0.000,0.000,0,0,1.6257,76,152,76,82,72
26,falling,45,747.0,,195.000,339.065,0.00000,9.28322,9.28322,0.000000,0.000000,0,0,4.03400,1163.861,2.725,11.000,11.000,14.000,17.000,41.000,0.000,0.000,0,0,1.6257,76,152,76,82,72
26,falling,46,763.0,,195.000,348.678,0.00000,9.42452,9.42452,0.000000,0.000000,0,0,4.03400,1163.861,2.725,11.000,11.000,14.000,17.000,41.000,0.000,0.000,0,0,1.6257,76,152,76,82,72
26,falling,47,780.0,,195.000,358.433,0.00000,9.56366,9.56366,0.000000,0.000000,0,0,4.03400,1163.861,2.725,11.000,11.000,14.000,17.000,41.000,0.000,0.000,0,0,1.6257,76,152,76,82,72
26,falling,48,797.0,,195.000,367.738,0.00000,9.69261,9.69261,0.000000,0.000000,0,0,4.03400,1163.861,2.725,11.000,11.000,14.000,17.000,41.000,0.000,0.000,0,0,1.6257,76,152,76,82,72
26,falling,49,813.0,,195.000,377.762,0.00000,9.82765,9.82765,0.000000,0.000000,0,0,4.03400,1163.861,2.725,11.000,11.000,14.000,17.000,41.000,0.000,0.000,0,0,1.6257,76,152,76,82,72
26,falling,50,830.0,,195.000,387.922,0.00000,9.96062,9.96062,0.000000,0.000000,0,0,4.03400,1163.861,2.725,11.000,11.000,14.000,17.000,41.000,0.000,0.000,0,0,1.6257,76,152,76,82,72
26,falling,51,847.0,,195.000,397.602,0.00000,10.08385,10.08385,0.000000,0.000000,0,0,4.03400,1163.861,2.725,11.000,11.000,14.000,17.000,41.000,0.000,0.000,0,0,1.6257,76,152,76,82,72
26,falling,52,863.0,,195.000,408.019,0.00000,10.21290,10.21290,0.000000,0.000000,0,0,4.03400,1163.861,2.725,11.000,11.000,14.000,17.000,41.000,0.000,0.000,0,0,1.6257,76,152,76,82,72
26,falling,53,880.0,,195.000,418.566,0.00000,10.33998,10.33998,0.000000,0.000000,0,0,4.03400,1163.861,2.725,11.000,11.000,14.000,17.000,41.000,0.000,0.000,0,0,1.6257,76,152,76,82,72
26,falling,54,897.0,,195.000,428.605,0.00000,10.45775,10.45775,0.000000,0.000000,0,0,4.03400,1163.861,2.725,11.000,11.000,14.000,17.000,41.000,0.000,0.000,0,0,1.6257,76,152,76,82,72
26,falling,55,913.0,,195.000,439.398,0.00000,10.58108,10.58108,0.000000,0.000000,0,0,4.03400,1163.861,2.725,11.000,11.000,14.000,17.000,41.000,0.000,0.000,0,0,1.6257,76,152,76,82,72
26,falling,56,930.0,,195.000,450.315,0.00000,10.70252,10.70252,0.000000,0.000000,0,0,4.03400,1163.861,2.725,11.000,11.000,14.000,17.000,41.000,0.000,0.000,0,0,1.6257,76,152,76,82,72
26,falling,57,947.0,,195.000,460.697,0.00000,10.81507,10.81507,0.000000,0.000000,0,0,4.03400,1163.861,2.725,11.000,11.000,14.000,17.000,41.000,0.000,0.000,0,0,1.6257,76,152,76,82,72
26,falling,58,963.0,,195.000,471.849,0.00000,10.93293,10.93293,0.000000,0.000000,0,0,4.03400,1163.861,2.725,11.000,11.000,14.000,17.000,41.000,0.000,0.000,0,0,1.6257,76,152,76,82,72
26,falling,59,980.0,,195.000,483.119,0.00000,11.04899,11.04899,0.000000,0.000000,0,0,4.03400,1163.861,2.725,11.000,11.000,14.000,17.000,41.000,0.000,0.000,0,0,1.6257,76,152,76,82,72
26,post_landing,60,997.0,60,195.000,489.438,1.26886,-0.35636,1.31796,-0.039067,0.000000,0,1,4.03400,1163.861,2.725,11.000,11.000,14.000,17.000,41.000,0.000,0.000,0,14,1.6257,76,152,76,82,72
26,post_landing,61,1014.0,60,196.274,485.707,0.67226,-0.86467,1.09526,0.043334,-0.039239,0,1,4.03400,1163.861,2.725,11.000,9.032,13.029,15.028,22.982,0.000,0.000,0,7,1.6257,76,152,76,82,72
26,post_landing,62,1030.0,60,196.950,484.135,0.60147,-0.31246,0.67779,0.017411,0.004285,0,1,4.03400,1163.861,2.725,11.000,6.004,12.004,17.008,41.012,0.000,0.000,0,2,1.6257,76,152,76,82,72
26,post_landing,63,1047.0,60,197.519,483.859,0.47512,-0.02271,0.47566,0.011930,0.020759,0,1,4.03400,1163.861,2.725,11.000,6.019,12.018,17.038,41.053,0.000,0.000,0,1,1.6257,76,152,76,82,72
26,post_landing,64,1063.0,60,197.996,484.029,0.52181,-0.10809,0.53289,0.011001,0.032741,0,1,4.03400,1163.861,2.725,11.000,6.030,12.026,17.056,43.108,0.000,0.000,0,1,1.6257,76,152,76,82,72
26,post_landing,65,1080.0,60,198.520,484.190,0.37199,-0.03269,0.37342,0.015920,0.043790,0,1,4.03400,1163.861,2.725,11.000,6.038,12.032,17.071,43.134,0.000,0.000,0,1,1.6257,76,152,76,82,72
26,post_landing,66,1097.0,60,198.872,484.411,1.32236,-0.54550,1.43045,-0.040441,0.058854,0,1,4.03400,1163.861,2.725,11.000,6.048,12.038,17.088,43.161,0.000,0.000,0,1,1.6257,76,152,76,82,72
26,post_landing,67,1114.0,60,200.200,483.827,0.81042,-0.13960,0.82235,0.013182,0.018235,0,1,4.03400,1163.861,2.725,11.000,6.017,12.016,17.034,41.048,0.000,0.000,0,1,1.6257,76,152,76,82,72
26,post_landing,68,1130.0,60,201.014,483.991,0.83302,0.11378,0.84076,0.001295,0.031475,0,1,4.03400,1163.861,2.725,11.000,6.028,12.026,17.055,41.074,0.000,0.000,0,1,1.6257,76,152,76,82,72
26,post_landing,69,1147.0,60,201.802,484.026,0.87888,0.15041,0.89166,-0.002382,0.032700,0,1,4.03400,1163.861,2.725,11.000,6.029,12.026,17.056,43.108,0.000,0.000,0,1,1.6257,76,152,76,82,72
26,post_landing,70,1164.0,60,202.685,483.994,0.95273,0.16861,0.96754,-0.007710,0.030308,0,1,4.03400,1163.861,2.725,11.000,6.028,12.025,17.053,41.072,0.000,0.000,0,1,1.6257,76,152,76,82,72
26,post_landing,71,1180.0,60,203.642,483.886,1.03216,0.22231,1.05582,-0.015750,0.022564,0,1,4.03400,1163.861,2.725,11.000,6.021,12.020,17.041,41.057,0.000,0.000,0,1,1.6257,76,152,76,82,72
26,post_landing,72,1197.0,60,204.619,483.682,1.13350,0.27355,1.16604,-0.026296,0.007662,0,1,4.03400,1163.861,2.725,11.000,6.007,12.007,17.015,41.022,0.000,0.000,0,1,1.6257,76,152,76,82,72
26,post_landing,73,1214.0,60,205.757,483.724,1.41198,0.01391,1.41205,-0.036147,-0.018749,0,1,4.03400,1163.861,2.725,11.000,9.017,13.016,15.016,22.996,0.000,0.000,0,2,1.6257,76,152,76,82,72
26,post_landing,74,1230.0,60,207.175,483.066,0.88855,0.23168,0.91826,0.016674,-0.055055,0,1,4.03400,1163.861,2.725,11.000,9.041,13.035,15.032,22.965,0.000,0.000,0,2,1.6257,76,152,76,82,72
26,post_landing,75,1247.0,60,208.016,482.942,1.03671,0.15800,1.04868,0.000000,-0.039278,0,1,4.03400,1163.861,2.725,11.000,9.032,13.029,15.028,22.982,0.000,0.000,0,1,1.6257,76,152,76,82,72
26,post_landing,76,1264.0,60,209.057,482.944,1.04334,0.13580,1.05214,0.000000,-0.039278,0,1,4.03400,1163.861,2.725,11.000,9.032,13.029,15.028,22.982,0.000,0.000,0,1,1.6257,76,152,76,82,72
26,post_landing,77,1280.0,60,210.105,482.944,0.90555,0.23130,0.93462,0.010367,-0.039278,0,1,4.03400,1163.861,2.725,11.000,9.032,13.029,15.028,22.982,0.000,0.000,0,1,1.6257,76,152,76,82,72
26,post_landing,78,1297.0,60,211.015,483.108,1.08789,0.17452,1.10180,-0.008949,-0.028866,0,1,4.03400,1163.861,2.725,11.000,9.025,13.023,15.023,22.990,0.000,0.000,0,1,1.6257,76,152,76,82,72
26,post_landing,79,1314.0,60,212.044,482.973,0.71575,0.07266,0.71943,0.037180,-0.037333,0,1,4.03400,1163.861,2.725,11.000,9.031,13.028,15.027,22.984,0.000,0.000,0,1,1.6257,76,152,76,82,72
26,post_landing,80,1330.0,60,212.763,483.335,0.70480,0.35488,0.78910,0.036612,0.000011,0,0,4.03400,1163.861,2.725,11.000,6.000,12.000,17.000,41.000,0.000,0.000,0,0,1.6257,76,152,76,82,72
26,post_landing,81,1347.0,60,213.471,483.980,0.69402,0.63278,0.93919,0.036051,0.036784,0,0,4.03400,1163.861,2.725,11.000,6.033,12.029,17.062,43.118,0.000,0.000,0,0,1.6257,76,152,76,82,72
26,post_landing,82,1364.0,60,214.128,484.596,0.89044,0.07832,0.89388,0.017920,0.070895,0,1,4.03400,1163.861,2.725,11.000,6.056,12.041,17.099,44.244,0.000,0.000,0,1,1.6257,76,152,76,82,72
26,post_landing,83,1380.0,60,215.022,484.891,0.80735,0.00000,0.80735,0.016325,0.088894,0,1,4.03400,1163.861,2.725,11.000,6.065,12.041,17.110,44.270,0.000,0.000,0,1,1.6257,76,152,76,82,72
26,post_landing,84,1397.0,60,215.833,485.159,0.69956,0.00000,0.69956,0.015712,0.105291,0,1,4.03400,1163.861,2.725,11.000,6.072,12.039,17.116,44.387,0.000,0.000,0,1,1.6257,76,152,76,82,72
26,post_landing,85,1414.0,60,216.495,485.410,0.60846,0.02011,0.60879,0.014108,0.120157,0,1,4.03400,1163.861,2.725,11.000,6.077,7.189,17.117,44.402,0.000,0.000,0,1,1.6257,76,152,76,82,72
26,post_landing,86,1430.0,60,217.106,485.666,0.56625,0.00000,0.56625,0.013776,0.134326,0,1,4.03400,1163.861,2.725,11.000,6.080,7.205,19.231,44.541,0.000,0.000,0,1,1.6257,76,152,76,82,72
26,post_landing,87,1447.0,60,217.675,485.916,0.52009,0.00000,0.52009,0.013487,0.148163,0,1,4.03400,1163.861,2.725,11.000,6.082,7.219,40.447,44.551,0.000,0.000,0,1,1.6257,76,152,76,82,72
26,post_landing,88,1464.0,60,218.167,486.151,0.47702,0.02526,0.47769,0.022785,0.160924,0,1,4.03400,1163.861,2.725,11.000,6.083,7.230,42.579,44.713,0.000,0.000,0,1,1.6257,76,152,76,82,72
26,post_landing,89,1480.0,60,218.646,486.465,0.46972,0.30821,0.56181,0.022436,0.183809,0,0,4.03400,1163.861,2.725,11.000,6.082,7.248,43.738,44.721,0.000,0.000,0,0,1.6257,76,152,76,82,72
26,post_landing,90,1497.0,60,219.118,487.044,0.58941,0.05268,0.59176,0.014449,0.206344,0,1,4.03400,1163.861,2.725,11.000,6.078,33.939,41.974,44.706,0.000,0.000,0,1,1.6257,76,152,76,82,72
26,post_landing,91,1514.0,60,219.675,487.324,0.50668,0.05868,0.51007,0.013025,0.220015,0,1,4.03400,1163.861,2.725,11.000,6.074,33.950,42.194,44.685,0.000,0.000,0,1,1.6257,76,152,76,82,72
26,post_landing,92,1530.0,60,220.184,487.605,0.45032,0.04575,0.45264,0.013200,0.233097,0,1,4.03400,1163.861,2.725,11.000,6.069,36.132,42.201,44.658,0.000,0.000,0,1,1.6257,76,152,76,82,72
26,post_landing,93,1547.0,60,220.636,487.890,0.40608,0.04429,0.40849,0.012718,0.246356,0,1,4.03400,1163.861,2.725,11.000,33.955,37.352,42.445,44.623,0.000,0.000,0,1,1.6257,76,152,76,82,72
26,post_landing,94,1564.0,60,221.021,488.151,0.36816,0.04963,0.37149,0.011469,0.258389,0,1,4.03400,1163.861,2.725,11.000,32.271,37.360,42.450,44.584,0.000,0.000,0,1,1.6257,76,152,76,82,72
26,post_landing,95,1580.0,60,221.390,488.402,0.31627,-0.01604,0.31668,0.002007,0.269908,0,1,4.03400,1163.861,2.725,11.000,32.277,37.363,42.449,44.376,0.000,0.000,0,2,1.6257,76,152,76,82,72
26,post_landing,96,1597.0,60,221.708,488.411,0.01001,0.10697,0.10744,0.025322,0.271924,0,1,4.03400,1163.861,2.725,11.000,32.278,37.363,42.448,44.374,0.000,0.000,0,2,1.6257,76,152,76,82,72
26,post_landing,97,1614.0,60,221.718,488.384,0.21241,-0.13990,0.25434,-0.012636,0.295883,0,1,4.03400,1163.861,2.725,11.000,32.277,37.643,38.226,44.339,0.000,0.000,0,2,1.6257,76,152,76,82,72
26,post_landing,98,1630.0,60,221.931,488.287,-0.07299,0.11355,0.13498,0.015590,0.283191,0,1,4.03400,1163.861,2.725,11.000,32.280,37.360,42.720,44.361,0.000,0.000,0,1,1.6257,76,152,76,82,72
26,post_landing,99,1647.0,60,221.858,488.363,-1.35806,0.22795,1.37705,0.130444,0.298849,0,1,4.03400,1163.861,2.725,11.000,32.276,33.820,38.232,44.333,0.000,0.000,0,2,1.6257,76,152,76,82,72
26,post_landing,100,1664.0,60,220.573,487.843,-0.35528,-0.17975,0.39816,0.002088,0.422272,0,1,4.03400,1163.861,2.725,11.000,4.468,4.878,5.698,38.166,0.000,0.000,0,3,1.6257,76,152,76,82,72
26,post_landing,101,1680.0,60,220.216,487.675,-0.46908,0.08294,0.47636,0.015012,0.424369,0,1,4.03400,1163.861,2.725,11.000,4.469,4.880,5.704,38.159,0.000,0.000,0,2,1.6257,76,152,76,82,72
26,post_landing,102,1697.0,60,219.745,487.605,-0.50498,0.13305,0.52222,0.016886,0.439447,0,1,4.03400,1163.861,2.725,11.000,4.471,4.896,5.747,38.110,0.000,0.000,0,2,1.6257,76,152,76,82,72
26,post_landing,103,1714.0,60,219.267,487.714,0.01965,-0.01745,0.02628,-0.036701,0.455424,0,1,4.03400,1163.861,2.725,11.000,4.472,4.912,5.792,38.049,0.000,0.000,0,3,1.6257,76,152,76,82,72
26,post_landing,104,1731.0,60,219.287,487.676,-0.04351,-0.07362,0.08551,-0.026204,0.418562,0,1,4.03400,1163.861,2.725,11.000,4.468,4.874,5.687,38.176,0.000,0.000,0,2,1.6257,76,152,76,82,72
26,post_landing,105,1747.0,60,219.243,487.793,-0.37909,0.16446,0.41322,0.012548,0.392244,0,1,4.03400,1163.861,2.725,11.000,4.461,4.843,34.539,38.235,0.000,0.000,0,2,1.6257,76,152,76,82,72
26,post_landing,106,1764.0,60,218.884,487.732,-0.18774,0.26041,0.32102,-0.007200,0.404117,0,1,4.03400,1163.861,2.725,11.000,4.464,4.857,5.644,38.212,0.000,0.000,0,2,1.6257,76,152,76,82,72
26,post_landing,107,1780.0,60,218.696,487.765,-0.01673,0.00000,0.01673,-0.026621,0.396885,0,1,4.03400,1163.861,2.725,11.000,4.462,4.849,34.538,38.227,0.000,0.000,0,2,1.6257,76,152,76,82,72
26,post_landing,108,1797.0,60,218.679,487.908,-0.27350,-0.17660,0.32556,-0.005977,0.370147,0,1,4.03400,1163.861,2.725,11.000,4.453,4.814,34.536,42.564,0.000,0.000,0,2,1.6257,76,152,76,82,72
26,post_landing,109,1814.0,60,218.420,487.930,0.00806,0.01202,0.01448,-0.030441,0.364493,0,1,4.03400,1163.861,2.725,11.000,4.450,4.807,34.532,42.584,0.000,0.000,0,2,1.6257,76,152,76,82,72
26,post_landing,110,1830.0,60,218.428,488.121,-0.36219,-0.10196,0.37627,0.002104,0.333918,0,1,4.03400,1163.861,2.725,11.000,4.435,33.838,38.272,44.230,0.000,0.000,0,2,1.6257,76,152,76,82,72
26,post_landing,111,1847.0,60,218.064,488.099,-0.36409,-0.19197,0.41160,-0.006474,0.336031,0,1,4.03400,1163.861,2.725,11.000,4.436,4.766,38.273,44.222,0.000,0.000,0,2,1.6257,76,152,76,82,72
26,post_landing,112,1864.0,60,217.720,488.001,-0.10551,-0.04512,0.11476,-0.029427,0.329906,0,1,4.03400,1163.861,2.725,11.000,4.432,33.838,38.270,44.245,0.000,0.000,0,1,1.6257,76,152,76,82,72
26,post_landing,113,1881.0,60,217.614,488.175,0.03153,-0.02095,0.03786,-0.039733,0.300350,0,1,4.03400,1163.861,2.725,11.000,32.275,33.822,38.234,44.329,0.000,0.000,0,1,1.6257,76,152,76,82,72
26,post_landing,114,1897.0,60,217.646,488.335,0.10483,0.00000,0.10483,-0.020901,0.260442,0,1,4.03400,1163.861,2.725,11.000,32.272,37.361,42.450,44.576,0.000,0.000,0,2,1.6257,76,152,76,82,72
26,post_landing,115,1914.0,60,217.745,488.237,0.27901,0.06156,0.28573,-0.025271,0.240666,0,1,4.03400,1163.861,2.725,11.000,33.956,36.136,42.202,44.639,0.000,0.000,0,3,1.6257,76,152,76,82,72
26,post_landing,116,1931.0,60,218.025,487.847,0.37000,0.04596,0.37285,-0.015523,0.215284,0,1,4.03400,1163.861,2.725,11.000,6.075,33.947,42.190,44.693,0.000,0.000,0,3,1.6257,76,152,76,82,72
26,post_landing,117,1947.0,60,218.397,487.199,0.09369,0.04219,0.10275,0.028546,0.199692,0,1,4.03400,1163.861,2.725,11.000,6.079,7.258,41.971,44.713,0.000,0.000,0,2,1.6257,76,152,76,82,72
26,post_landing,118,1964.0,60,218.491,487.502,0.29188,0.00000,0.29188,0.020490,0.228363,0,1,4.03400,1163.861,2.725,11.000,6.071,36.129,42.199,44.669,0.000,0.000,0,1,1.6257,76,152,76,82,72
26,post_landing,119,1981.0,60,218.767,487.758,0.28768,0.26667,0.39226,0.020195,0.247750,0,0,4.03400,1163.861,2.725,11.000,33.954,37.353,42.446,44.618,0.000,0.000,0,0,1.6257,76,152,76,82,72
27,falling,0,12.0,,195.000,96.724,0.00000,0.46667,0.46667,0.000000,0.000000,0,0,4.88000,2744.433,3.428,6.000,6.000,9.000,12.000,12.000,0.000,0.000,0,0,1.1545,66,132,66,70,66
27,falling,1,18.0,,195.000,96.927,0.00000,0.56415,0.56415,0.000000,0.000000,0,0,4.88000,2744.433,3.428,6.000,6.000,9.000,12.000,12.000,0.000,0.000,0,0,1.1545,66,132,66,70,66
27,falling,2,34.0,,195.000,97.717,0.00000,0.82269,0.82269,0.000000,0.000000,0,0,4.88000,2744.433,3.428,6.000,6.000,9.000,12.000,12.000,0.000,0.000,0,0,1.1545,66,132,66,70,66
27,falling,3,51.0,,195.000,98.832,0.00000,1.09344,1.09344,0.000000,0.000000,0,0,4.88000,2744.433,3.428,6.000,6.000,9.000,12.000,12.000,0.000,0.000,0,0,1.1545,66,132,66,70,66
27,falling,4,68.0,,195.000,100.219,0.00000,1.36004,1.36004,0.000000,0.000000,0,0,4.88000,2744.433,3.428,6.000,6.000,9.000,12.000,12.000,0.000,0.000,0,0,1.1545,66,132,66,70,66
27,falling,5,84.0,,195.000,101.762,0.00000,1.60712,1.60712,0.000000,0.000000,0,0,4.88000,2744.433,3.428,6.000,6.000,9.000,12.000,12.000,0.000,0.000,0,0,1.1545,66,132,66,70,66
27,falling,6,101.0,,195.000,103.665,0.00000,1.86587,1.86587,0.000000,0.000000,0,0,4.88000,2744.433,3.428,6.000,6.000,9.000,12.000,12.000,0.000,0.000,0,0,1.1545,66,132,66,70,66
27,falling,7,118.0,,195.000,105.687,0.00000,2.10566,2.10566,0.000000,0.000000,0,0,4.88000,2744.433,3.428,6.000,6.000,9.000,12.000,12.000,0.000,0.000,0,0,1.1545,66,132,66,70,66
27,falling,8,134.0,,195.000,108.091,0.00000,2.35678,2.35678,0.000000,0.000000,0,0,4.88000,2744.433,3.428,6.000,6.000,9.000,12.000,12.000,0.000,0.000,0,0,1.1545,66,132,66,70,66
27,falling,9,151.0,,195.000,110.747,0.00000,2.60406,2.60406,0.000000,0.000000,0,0,4.88000,2744.433,3.428,6.000,6.000,9.000,12.000,12.000,0.000,0.000,0,0,1.1545,66,132,66,70,66
27,falling,10,168.0,,195.000,113.467,0.00000,2.83322,2.83322,0.000000,0.000000,0,0,4.88000,2744.433,3.428,6.000,6.000,9.000,12.000,12.000,0.000,0.000,0,0,1.1545,66,132,66,70,66
27,falling,11,186.0,,195.000,116.601,0.00000,3.07321,3.07321,0.000000,0.000000,0,0,4.88000,2744.433,3.428,6.000,6.000,9.000,12.000,12.000,0.000,0.000,0,0,1.1545,66,132,66,70,66
27,falling,12,201.0,,195.000,119.977,0.00000,3.30952,3.30952,0.000000,0.000000,0,0,4.88000,2744.433,3.428,6.000,6.000,9.000,12.000,12.000,0.000,0.000,0,0,1.1545,66,132,66,70,66
27,falling,13,218.0,,195.000,123.365,0.00000,3.52853,3.52853,0.000000,0.000000,0,0,4.88000,2744.433,3.428,6.000,6.000,9.000,12.000,12.000,0.000,0.000,0,0,1.1545,66,132,66,70,66
27,falling,14,234.0,,195.000,127.198,0.00000,3.75788,3.75788,0.000000,0.000000,0,0,4.88000,2744.433,3.428,6.000,6.000,9.000,12.000,12.000,0.000,0.000,0,0,1.1545,66,132,66,70,66
27,falling,15,251.0,,195.000,131.261,0.00000,3.98372,3.98372,0.000000,0.000000,0,0,4.88000,2744.433,3.428,6.000,6.000,9.000,12.000,12.000,0.000,0.000,0,0,1.1545,66,132,66,70,66
27,falling,16,268.0,,195.000,135.286,0.00000,4.19302,4.19302,0.000000,0.000000,0,0,4.88000,2744.433,3.428,6.000,6.000,9.000,12.000,12.000,0.000,0.000,0,0,1.1545,66,132,66,70,66
27,falling,17,284.0,,195.000,139.787,0.00000,4.41220,4.41220,0.000000,0.000000,0,0,4.88000,2744.433,3.428,6.000,6.000,9.000,12.000,12.000,0.000,0.000,0,0,1.1545,66,132,66,70,66
27,falling,18,301.0,,195.000,144.507,0.00000,4.62802,4.62802,0.000000,0.000000,0,0,4.88000,2744.433,3.428,6.000,6.000,9.000,12.000,12.000,0.000,0.000,0,0,1.1545,66,132,66,70,66
27,falling,19,318.0,,195.000,149.445,0.00000,4.84055,4.84055,0.000000,0.000000,0,0,4.88000,2744.433,3.428,6.000,6.000,9.000,12.000,12.000,0.000,0.000,0,0,1.1545,66,132,66,70,66
27,falling,20,334.0,,195.000,154.281,0.00000,5.03751,5.03751,0.000000,0.000000,0,0,4.88000,2744.433,3.428,6.000,6.000,9.000,12.000,12.000,0.000,0.000,0,0,1.1545,66,132,66,70,66
27,falling,21,351.0,,195.000,159.629,0.00000,5.24377,5.24377,0.000000,0.000000,0,0,4.88000,2744.433,3.428,6.000,6.000,9.000,12.000,12.000,0.000,0.000,0,0,1.1545,66,132,66,70,66
27,falling,22,368.0,,195.000,165.185,0.00000,5.44687,5.44687,0.000000,0.000000,0,0,4.88000,2744.433,3.428,6.000,6.000,9.000,12.000,12.000,0.000,0.000,0,0,1.1545,66,132,66,70,66
27,falling,23,385.0,,195.000,170.595,0.00000,5.63511,5.63511,0.000000,0.000000,0,0,4.88000,2744.433,3.428,6.000,6.000,9.000,12.000,12.000,0.000,0.000,0,0,1.1545,66,132,66,70,66
27,falling,24,401.0,,195.000,176.544,0.00000,5.83222,5.83222,0.000000,0.000000,0,0,4.88000,2744.433,3.428,6.000,6.000,9.000,12.000,12.000,0.000,0.000,0,0,1.1545,66,132,66,70,66
27,falling,25,418.0,,195.000,182.691,0.00000,6.02632,6.02632,0.000000,0.000000,0,0,4.88000,2744.433,3.428,6.000,6.000,9.000,12.000,12.000,0.000,0.000,0,0,1.1545,66,132,66,70,66
27,falling,26,435.0,,195.000,188.649,0.00000,6.20621,6.20621,0.000000,0.000000,0,0,4.88000,2744.433,3.428,6.000,6.000,9.000,12.000,12.000,0.000,0.000,0,0,1.1545,66,132,66,70,66
27,falling,27,451.0,,195.000,195.171,0.00000,6.39459,6.39459,0.000000,0.000000,0,0,4.88000,2744.433,3.428,6.000,6.000,9.000,12.000,12.000,0.000,0.000,0,0,1.1545,66,132,66,70,66
27,falling,28,468.0,,195.000,201.883,0.00000,6.58008,6.58008,0.000000,0.000000,0,0,4.88000,2744.433,3.428,6.000,6.000,9.000,12.000,12.000,0.000,0.000,0,0,1.1545,66,132,66,70,66
27,falling,29,485.0,,195.000,208.365,0.00000,6.75200,6.75200,0.000000,0.000000,0,0,4.88000,2744.433,3.428,6.000,6.000,9.000,12.000,12.000,0.000,0.000,0,0,1.1545,66,132,66,70,66
27,falling,30,501.0,,195.000,215.435,0.00000,6.93203,6.93203,0.000000,0.000000,0,0,4.88000,2744.433,3.428,6.000,6.000,9.000,12.000,12.000,0.000,0.000,0,0,1.1545,66,132,66,70,66
27,falling,31,518.0,,195.000,222.687,0.00000,7.10930,7.10930,0.000000,0.000000,0,0,4.88000,2744.433,3.428,6.000,6.000,9.000,12.000,12.000,0.000,0.000,0,0,1.1545,66,132,66,70,66
27,falling,32,535.0,,195.000,229.669,0.00000,7.27359,7.27359,0.000000,0.000000,0,0,4.88000,2744.433,3.428,6.000,6.000,9.000,12.000,12.000,0.000,0.000,0,0,1.1545,66,132,66,70,66
27,falling,33,551.0,,195.000,237.264,0.00000,7.44564,7.44564,0.000000,0.000000,0,0,4.88000,2744.433,3.428,6.000,6.000,9.000,12.000,12.000,0.000,0.000,0,0,1.1545,66,132,66,70,66
27,falling,34,568.0,,195.000,245.031,0.00000,7.61505,7.61505,0.000000,0.000000,0,0,4.88000,2744.433,3.428,6.000,6.000,9.000,12.000,12.000,0.000,0.000,0,0,1.1545,66,132,66,70,66
27,falling,35,585.0,,195.000,252.493,0.00000,7.77206,7.77206,0.000000,0.000000,0,0,4.88000,2744.433,3.428,6.000,6.000,9.000,12.000,12.000,0.000,0.000,0,0,1.1545,66,132,66,70,66
27,falling,36,601.0,,195.000,260.588,0.00000,7.93649,7.93649,0.000000,0.000000,0,0,4.88000,2744.433,3.428,6.000,6.000,9.000,12.000,12.000,0.000,0.000,0,0,1.1545,66,132,66,70,66
27,falling,37,618.0,,195.000,268.848,0.00000,8.09839,8.09839,0.000000,0.000000,0,0,4.88000,2744.433,3.428,6.000,6.000,9.000,12.000,12.000,0.000,0.000,0,0,1.1545,66,132,66,70,66
27,falling,38,635.0,,195.000,276.767,0.00000,8.24844,8.24844,0.000000,0.000000,0,0,4.88000,2744.433,3.428,6.000,6.000,9.000,12.000,12.000,0.000,0.000,0,0,1.1545,66,132,66,70,66
27,falling,39,651.0,,195.000,285.340,0.00000,8.40557,8.40557,0.000000,0.000000,0,0,4.88000,2744.433,3.428,6.000,6.000,9.000,12.000,12.000,0.000,0.000,0,0,1.1545,66,132,66,70,66
27,falling,40,668.0,,195.000,294.072,0.00000,8.56030,8.56030,0.000000,0.000000,0,0,4.88000,2744.433,3.428,6.000,6.000,9.000,12.000,12.000,0.000,0.000,0,0,1.1545,66,132,66,70,66
27,falling,41,685.0,,195.000,302.427,0.00000,8.70370,8.70370,0.000000,0.000000,0,0,4.88000,2744.433,3.428,6.000,6.000,9.000,12.000,12.000,0.000,0.000,0,0,1.1545,66,132,66,70,66
27,falling,42,701.0,,195.000,311.458,0.00000,8.85387,8.85387,0.000000,0.000000,0,0,4.88000,2744.433,3.428,6.000,6.000,9.000,12.000,12.000,0.000,0.000,0,0,1.1545,66,132,66,70,66
27,falling,43,718.0,,195.000,320.640,0.00000,9.00173,9.00173,0.000000,0.000000,0,0,4.88000,2744.433,3.428,6.000,6.000,9.000,12.000,12.000,0.000,0.000,0,0,1.1545,66,132,66,70,66
27,falling,44,735.0,,195.000,329.413,0.00000,9.13878,9.13878,0.000000,0.000000,0,0,4.88000,2744.433,3.428,6.000,6.000,9.000,12.000,12.000,0.000,0.000,0,0,1.1545,66,132,66,70,66
27,falling,45,751.0,,195.000,338.881,0.00000,9.28229,9.28229,0.000000,0.000000,0,0,4.88000,2744.433,3.428,6.000,6.000,9.000,12.000,12.000,0.000,0.000,0,0,1.1545,66,132,66,70,66
27,falling,46,768.0,,195.000,348.493,0.00000,9.42360,9.42360,0.000000,0.000000,0,0,4.88000,2744.433,3.428,6.000,6.000,9.000,12.000,12.000,0.000,0.000,0,0,1.1545,66,132,66,70,66
27,falling,47,785.0,,195.000,357.666,0.00000,9.55457,9.55457,0.000000,0.000000,0,0,4.88000,2744.433,3.428,6.000,6.000,9.000,12.000,12.000,0.000,0.000,0,0,1.1545,66,132,66,70,66
27,falling,48,801.0,,195.000,367.551,0.00000,9.69172,9.69172,0.000000,0.000000,0,0,4.88000,2744.433,3.428,6.000,6.000,9.000,12.000,12.000,0.000,0.000,0,0,1.1545,66,132,66,70,66
27,falling,49,818.0,,195.000,377.575,0.00000,9.82677,9.82677,0.000000,0.000000,0,0,4.88000,2744.433,3.428,6.000,6.000,9.000,12.000,12.000,0.000,0.000,0,0,1.1545,66,132,66,70,66
27,falling,50,835.0,,195.000,387.128,0.00000,9.95193,9.95193,0.000000,0.000000,0,0,4.88000,2744.433,3.428,6.000,6.000,9.000,12.000,12.000,0.000,0.000,0,0,1.1545,66,132,66,70,66
27,falling,51,851.0,,195.000,397.413,0.00000,10.08300,10.08300,0.000000,0.000000,0,0,4.88000,2744.433,3.428,6.000,6.000,9.000,12.000,12.000,0.000,0.000,0,0,1.1545,66,132,66,70,66
27,falling,52,868.0,,195.000,407.829,0.00000,10.21206,10.21206,0.000000,0.000000,0,0,4.88000,2744.433,3.428,6.000,6.000,9.000,12.000,12.000,0.000,0.000,0,0,1.1545,66,132,66,70,66
27,falling,53,885.0,,195.000,417.748,0.00000,10.33167,10.33167,0.000000,0.000000,0,0,4.88000,2744.433,3.428,6.000,6.000,9.000,12.000,12.000,0.000,0.000,0,0,1.1545,66,132,66,70,66
27,falling,54,901.0,,195.000,428.414,0.00000,10.45693,10.45693,0.000000,0.000000,0,0,4.88000,2744.433,3.428,6.000,6.000,9.000,12.000,12.000,0.000,0.000,0,0,1.1545,66,132,66,70,66
27,falling,55,918.0,,195.000,439.206,0.00000,10.58027,10.58027,0.000000,0.000000,0,0,4.88000,2744.433,3.428,6.000,6.000,9.000,12.000,12.000,0.000,0.000,0,0,1.1545,66,132,66,70,66
27,falling,56,935.0,,195.000,449.472,0.00000,10.69458,10.69458,0.000000,0.000000,0,0,4.88000,2744.433,3.428,6.000,6.000,9.000,12.000,12.000,0.000,0.000,0,0,1.1545,66,132,66,70,66
27,falling,57,951.0,,195.000,460.503,0.00000,10.81429,10.81429,0.000000,0.000000,0,0,4.88000,2744.433,3.428,6.000,6.000,9.000,12.000,12.000,0.000,0.000,0,0,1.1545,66,132,66,70,66
27,falling,58,968.0,,195.000,471.654,0.00000,10.93217,10.93217,0.000000,0.000000,0,0,4.88000,2744.433,3.428,6.000,6.000,9.000,12.000,12.000,0.000,0.000,0,0,1.1545,66,132,66,70,66
27,post_landing,59,985.0,59,195.000,481.501,-1.76634,0.14042,1.77191,-0.033410,0.000000,0,1,4.88000,2744.433,3.428,6.000,6.000,9.000,12.000,12.000,0.000,0.000,0,3,1.1545,66,132,66,70,66
27,post_landing,60,1002.0,59,193.226,481.204,-1.50078,0.10167,1.50422,-0.019456,-0.033557,0,1,4.88000,2744.433,3.428,6.000,1.033,9.028,12.094,12.127,0.000,0.000,0,1,1.1545,66,132,66,70,66
27,post_landing,61,1018.0,59,191.719,481.439,-1.60674,0.14571,1.61333,-0.001203,-0.053098,0,1,4.88000,2744.433,3.428,6.000,1.052,9.040,12.142,12.195,0.000,0.000,0,1,1.1545,66,132,66,70,66
27,post_landing,62,1035.0,59,190.105,481.454,-1.25132,0.14495,1.25969,-0.008336,-0.054307,0,1,4.88000,2744.433,3.428,6.000,1.053,9.041,12.145,12.199,0.000,0.000,0,1,1.1545,66,132,66,70,66
27,post_landing,63,1052.0,59,188.921,481.552,-1.06882,0.13043,1.07675,-0.006920,-0.062194,0,1,4.88000,2744.433,3.428,6.000,1.060,9.045,12.163,12.225,0.000,0.000,0,1,1.1545,66,132,66,70,66
27,post_landing,64,1068.0,59,187.847,481.643,-0.87110,0.10840,0.87782,-0.007792,-0.069144,0,1,4.88000,2744.433,3.428,6.000,1.067,9.048,12.179,12.248,0.000,0.000,0,1,1.1545,66,132,66,70,66
27,post_landing,65,1085.0,59,187.023,481.739,-0.74836,0.19907,0.77439,-0.011579,-0.076517,0,1,4.88000,2744.433,3.428,6.000,1.074,9.050,12.194,12.271,0.000,0.000,0,1,1.1545,66,132,66,70,66
27,post_landing,66,1102.0,59,186.271,481.898,-0.61044,0.17391,0.63473,-0.018608,-0.088147,0,1,4.88000,2744.433,3.428,6.000,1.084,9.053,12.218,12.306,0.000,0.000,0,1,1.1545,66,132,66,70,66
27,post_landing,67,1118.0,59,185.658,482.163,-0.55319,0.02522,0.55377,-0.023672,-0.106837,0,1,4.88000,2744.433,3.428,6.000,1.101,9.055,12.251,12.358,0.000,0.000,0,1,1.1545,66,132,66,70,66
27,post_landing,68,1135.0,59,185.103,482.516,-0.49497,0.04643,0.49714,-0.024479,-0.130613,0,1,4.88000,2744.433,3.428,6.000,1.122,9.054,12.289,12.419,0.000,0.000,0,1,1.1545,66,132,66,70,66
27,post_landing,69,1152.0,59,184.634,482.848,-0.48784,0.31242,0.57930,-0.024126,-0.153775,0,0,4.88000,2744.433,3.428,6.000,1.141,9.047,12.318,12.471,0.000,0.000,0,0,1.1545,66,132,66,70,66
27,post_landing,70,1168.0,59,184.144,483.294,-0.49504,0.06354,0.49910,-0.014279,-0.178007,0,1,4.88000,2744.433,3.428,6.000,1.161,8.051,12.519,12.519,0.000,0.000,0,1,1.1545,66,132,66,70,66
27,post_landing,71,1185.0,59,183.647,483.552,-0.43608,0.00000,0.43608,-0.010835,-0.192349,0,1,4.88000,2744.433,3.428,6.000,1.173,8.044,12.543,50.964,0.000,0.000,0,1,1.1545,66,132,66,70,66
27,post_landing,72,1202.0,59,183.234,483.733,-0.32881,0.01486,0.32914,-0.009804,-0.202601,0,1,4.88000,2744.433,3.428,6.000,1.181,8.038,12.559,52.197,0.000,0.000,0,1,1.1545,66,132,66,70,66
27,post_landing,73,1218.0,59,182.904,483.919,-0.26743,0.00000,0.26743,-0.009490,-0.212448,0,1,4.88000,2744.433,3.428,6.000,1.188,5.098,12.574,52.250,0.000,0.000,0,1,1.1545,66,132,66,70,66
27,post_landing,74,1235.0,59,182.636,484.097,-0.21592,-0.01226,0.21627,-0.009166,-0.221979,0,1,4.88000,2744.433,3.428,6.000,1.196,5.097,12.586,53.491,0.000,0.000,0,1,1.1545,66,132,66,70,66
27,post_landing,75,1252.0,59,182.431,484.258,-0.18035,0.00000,0.18035,-0.008176,-0.230652,0,1,4.88000,2744.433,3.428,6.000,1.202,5.096,12.597,53.536,0.000,0.000,0,1,1.1545,66,132,66,70,66
27,post_landing,76,1268.0,59,182.250,484.423,-0.15922,-0.02436,0.16107,-0.015565,-0.238864,0,1,4.88000,2744.433,3.428,6.000,1.208,5.095,12.606,53.811,0.000,0.000,0,1,1.1545,66,132,66,70,66
27,post_landing,77,1285.0,59,182.090,484.720,-0.18880,0.00000,0.18880,-0.016888,-0.254497,0,1,4.88000,2744.433,3.428,6.000,1.220,5.091,12.621,53.889,0.000,0.000,0,1,1.1545,66,132,66,70,66
27,post_landing,78,1302.0,59,181.912,485.003,-0.18608,0.26667,0.32517,-0.016644,-0.270476,0,0,4.88000,2744.433,3.428,6.000,1.231,5.085,51.226,55.453,0.000,0.000,0,0,1.1545,66,132,66,70,66
27,post_landing,79,1318.0,59,181.725,485.412,-0.23645,0.14131,0.27546,-0.007829,-0.287194,0,1,4.88000,2744.433,3.428,6.000,1.242,5.078,52.484,55.535,0.000,0.000,0,1,1.1545,66,132,66,70,66
27,post_landing,80,1335.0,59,181.487,485.567,-0.43575,0.10247,0.44764,0.000000,-0.295057,0,1,4.88000,2744.433,3.428,6.000,1.248,5.366,52.492,55.860,0.000,0.000,0,1,1.1545,66,132,66,70,66
27,post_landing,81,1352.0,59,181.075,485.565,-0.49663,0.10924,0.50850,0.001320,-0.295057,0,1,4.88000,2744.433,3.428,6.000,1.248,5.366,52.492,55.860,0.000,0.000,0,1,1.1545,66,132,66,70,66
27,post_landing,82,1368.0,59,180.576,485.539,-0.54369,0.12215,0.55724,0.001793,-0.293731,0,1,4.88000,2744.433,3.428,6.000,1.247,5.075,52.491,55.853,0.000,0.000,0,1,1.1545,66,132,66,70,66
27,post_landing,83,1385.0,59,180.030,485.500,-0.56936,0.12755,0.58347,0.001516,-0.291930,0,1,4.88000,2744.433,3.428,6.000,1.245,5.076,52.489,55.844,0.000,0.000,0,1,1.1545,66,132,66,70,66
27,post_landing,84,1402.0,59,179.491,485.467,-0.56189,0.12601,0.57584,0.000000,-0.290496,0,1,4.88000,2744.433,3.428,6.000,1.245,5.077,52.488,55.836,0.000,0.000,0,1,1.1545,66,132,66,70,66
27,post_landing,85,1418.0,59,178.927,485.469,-0.59573,0.27530,0.65627,0.002342,-0.290496,0,1,4.88000,2744.433,3.428,6.000,1.245,5.077,52.488,55.836,0.000,0.000,0,1,1.1545,66,132,66,70,66
27,post_landing,86,1435.0,59,178.329,485.419,-0.64249,0.29994,0.70905,0.001496,-0.288143,0,1,4.88000,2744.433,3.428,6.000,1.243,5.078,52.485,55.540,0.000,0.000,0,1,1.1545,66,132,66,70,66
27,post_landing,87,1452.0,59,177.721,485.387,-0.65586,0.30862,0.72485,0.000000,-0.286728,0,1,4.88000,2744.433,3.428,6.000,1.242,5.079,52.484,55.533,0.000,0.000,0,1,1.1545,66,132,66,70,66
27,post_landing,88,1468.0,59,177.062,485.389,-0.70318,0.32927,0.77645,0.000000,-0.286728,0,1,4.88000,2744.433,3.428,6.000,1.242,5.079,52.484,55.533,0.000,0.000,0,1,1.1545,66,132,66,70,66
27,post_landing,89,1485.0,59,176.356,485.389,-0.73349,0.34358,0.80997,0.000000,-0.286728,0,1,4.88000,2744.433,3.428,6.000,1.242,5.079,52.484,55.533,0.000,0.000,0,1,1.1545,66,132,66,70,66
27,post_landing,90,1502.0,59,175.662,485.387,-0.72743,0.33774,0.80201,-0.002562,-0.286728,0,1,4.88000,2744.433,3.428,6.000,1.242,5.079,52.484,55.533,0.000,0.000,0,1,1.1545,66,132,66,70,66
27,post_landing,91,1518.0,59,174.931,485.444,-0.76671,0.35925,0.84670,-0.001675,-0.289301,0,1,4.88000,2744.433,3.428,6.000,1.244,5.078,52.487,55.830,0.000,0.000,0,1,1.1545,66,132,66,70,66
27,post_landing,92,1535.0,59,174.161,485.480,-0.78436,0.36918,0.86690,-0.002238,-0.290983,0,1,4.88000,2744.433,3.428,6.000,1.245,5.077,52.488,55.839,0.000,0.000,0,1,1.1545,66,132,66,70,66
27,post_landing,93,1552.0,59,173.419,485.523,-0.77324,0.36692,0.85588,-0.004053,-0.293101,0,1,4.88000,2744.433,3.428,6.000,1.246,5.076,52.490,55.850,0.000,0.000,0,1,1.1545,66,132,66,70,66
27,post_landing,94,1568.0,59,172.642,485.613,-0.80295,0.38711,0.89139,-0.003015,-0.297172,0,1,4.88000,2744.433,3.428,6.000,1.249,5.366,52.493,55.870,0.000,0.000,0,1,1.1545,66,132,66,70,66
27,post_landing,95,1585.0,59,171.836,485.679,-0.81261,0.39489,0.90347,-0.003473,-0.300200,0,1,4.88000,2744.433,3.428,6.000,1.251,5.368,53.746,55.884,0.000,0.000,0,1,1.1545,66,132,66,70,66
27,post_landing,96,1602.0,59,171.067,485.748,-0.79571,0.39080,0.88650,-0.005133,-0.303486,0,1,4.88000,2744.433,3.428,6.000,1.253,5.369,53.750,55.899,0.000,0.000,0,1,1.1545,66,132,66,70,66
27,post_landing,97,1619.0,59,170.268,485.863,-0.81824,0.40959,0.91503,-0.004084,-0.308642,0,1,4.88000,2744.433,3.428,6.000,4.419,8.533,53.754,55.922,0.000,0.000,0,1,1.1545,66,132,66,70,66
27,post_landing,98,1635.0,59,169.446,485.954,-0.82246,0.41616,0.92176,-0.004482,-0.312743,0,1,4.88000,2744.433,3.428,6.000,4.421,47.432,53.757,55.939,0.000,0.000,0,1,1.1545,66,132,66,70,66
27,post_landing,99,1652.0,59,168.668,486.046,-0.80048,0.41030,0.89951,-0.006132,-0.316984,0,1,4.88000,2744.433,3.428,6.000,4.424,47.434,53.758,55.955,0.000,0.000,0,1,1.1545,66,132,66,70,66
27,post_landing,100,1668.0,59,167.864,486.186,-0.81892,0.42929,0.92461,-0.004994,-0.323143,0,1,4.88000,2744.433,3.428,6.000,4.428,47.434,54.076,55.977,0.000,0.000,0,1,1.1545,66,132,66,70,66
27,post_landing,101,1685.0,59,167.041,486.300,-0.81939,0.43533,0.92785,-0.005356,-0.328159,0,1,4.88000,2744.433,3.428,6.000,4.431,48.702,54.080,55.993,0.000,0.000,0,1,1.1545,66,132,66,70,66
27,post_landing,102,1702.0,59,166.266,486.413,-0.78347,0.42243,0.89010,-0.007770,-0.333227,0,1,4.88000,2744.433,3.428,6.000,4.434,48.703,54.082,56.009,0.000,0.000,0,1,1.1545,66,132,66,70,66
27,post_landing,103,1719.0,59,165.479,486.595,-0.76687,0.42651,0.87750,-0.008754,-0.341031,0,1,4.88000,2744.433,3.428,6.000,46.817,49.979,54.083,56.029,0.000,0.000,0,1,1.1545,66,132,66,70,66
27,post_landing,104,1735.0,59,164.709,486.946,-0.22848,-0.07812,0.24146,-0.004631,-0.349823,0,1,4.88000,2744.433,3.428,6.000,48.101,49.980,55.705,56.048,0.000,0.000,0,2,1.1545,66,132,66,70,66
27,post_landing,105,1752.0,59,164.493,486.960,-0.08035,-0.03525,0.08774,-0.002336,-0.354204,0,1,4.88000,2744.433,3.428,6.000,48.103,49.979,55.709,56.056,0.000,0.000,0,2,1.1545,66,132,66,70,66
27,post_landing,106,1769.0,59,164.412,486.969,-0.01677,0.00000,0.01677,0.000000,-0.356551,0,1,4.88000,2744.433,3.428,6.000,48.104,49.978,55.710,56.059,0.000,0.000,0,2,1.1545,66,132,66,70,66
27,post_landing,107,1785.0,59,164.395,486.951,-0.00350,-0.01250,0.01299,0.000000,-0.356551,0,1,4.88000,2744.433,3.428,6.000,48.104,49.978,55.710,56.059,0.000,0.000,0,2,1.1545,66,132,66,70,66
27,post_landing,108,1802.0,59,164.392,486.966,0.00122,0.00000,0.00122,0.000000,-0.356551,0,1,4.88000,2744.433,3.428,6.000,48.104,49.978,55.710,56.059,0.000,0.000,0,2,1.1545,66,132,66,70,66
27,post_landing,109,1819.0,59,164.393,486.972,-0.00045,0.00000,0.00045,0.000000,-0.356551,0,1,4.88000,2744.433,3.428,6.000,48.104,49.978,55.710,56.059,0.000,0.000,0,2,1.1545,66,132,66,70,66
27,post_landing,110,1835.0,59,164.392,486.951,-0.00603,0.00000,0.00603,0.000000,-0.356551,0,1,4.88000,2744.433,3.428,6.000,48.104,49.978,55.710,56.059,0.000,0.000,0,2,1.1545,66,132,66,70,66
27,post_landing,111,1853.0,59,164.386,486.971,-0.00008,0.00000,0.00008,0.000000,-0.356551,0,1,4.88000,2744.433,3.428,6.000,48.104,49.978,55.710,56.059,0.000,0.000,0,2,1.1545,66,132,66,70,66
27,post_landing,112,1869.0,59,164.386,486.968,0.00107,0.00000,0.00107,0.000000,-0.356551,0,1,4.88000,2744.433,3.428,6.000,48.104,49.978,55.710,56.059,0.000,0.000,0,2,1.1545,66,132,66,70,66
27,post_landing,113,1885.0,59,164.387,486.972,0.00523,0.00000,0.00523,0.000000,-0.356551,0,1,4.88000,2744.433,3.428,6.000,48.104,49.978,55.710,56.059,0.000,0.000,0,2,1.1545,66,132,66,70,66
27,post_landing,114,1902.0,59,164.393,486.951,0.00004,0.00000,0.00004,0.000000,-0.356551,0,1,4.88000,2744.433,3.428,6.000,48.104,49.978,55.710,56.059,0.000,0.000,0,2,1.1545,66,132,66,70,66
27,post_landing,115,1918.0,59,164.393,486.966,0.00578,0.00000,0.00578,0.000000,-0.356551,0,1,4.88000,2744.433,3.428,6.000,48.104,49.978,55.710,56.059,0.000,0.000,0,2,1.1545,66,132,66,70,66
27,post_landing,116,1935.0,59,164.398,486.972,-0.00020,0.00000,0.00020,0.000000,-0.356551,0,1,4.88000,2744.433,3.428,6.000,48.104,49.978,55.710,56.059,0.000,0.000,0,2,1.1545,66,132,66,70,66
27,post_landing,117,1952.0,59,164.398,486.951,-0.00091,0.00000,0.00091,0.000000,-0.356551,0,1,4.88000,2744.433,3.428,6.000,48.104,49.978,55.710,56.059,0.000,0.000,0,2,1.1545,66,132,66,70,66
27,post_landing,118,1969.0,59,164.397,486.966,0.00102,0.00000,0.00102,0.000000,-0.356551,0,1,4.88000,2744.433,3.428,6.000,48.104,49.978,55.710,56.059,0.000,0.000,0,2,1.1545,66,132,66,70,66
28,falling,0,26.0,,195.000,97.029,0.00000,0.55000,0.55000,0.000000,0.000000,0,0,3.35200,665.675,2.082,3.000,3.000,4.000,5.000,30.000,0.000,0.000,0,0,1.4097,92,184,92,95,80
28,falling,1,38.0,,195.000,97.565,0.00000,0.74406,0.74406,0.000000,0.000000,0,0,3.35200,665.675,2.082,3.000,3.000,4.000,5.000,30.000,0.000,0.000,0,0,1.4097,92,184,92,95,80
28,falling,2,55.0,,195.000,98.601,0.00000,1.01601,1.01601,0.000000,0.000000,0,0,3.35200,665.675,2.082,3.000,3.000,4.000,5.000,30.000,0.000,0.000,0,0,1.4097,92,184,92,95,80
28,falling,3,71.0,,195.000,99.818,0.00000,1.26805,1.26805,0.000000,0.000000,0,0,3.35200,665.675,2.082,3.000,3.000,4.000,5.000,30.000,0.000,0.000,0,0,1.4097,92,184,92,95,80
28,falling,4,88.0,,195.000,101.381,0.00000,1.53198,1.53198,0.000000,0.000000,0,0,3.35200,665.675,2.082,3.000,3.000,4.000,5.000,30.000,0.000,0.000,0,0,1.4097,92,184,92,95,80
28,falling,5,105.0,,195.000,103.209,0.00000,1.79187,1.79187,0.000000,0.000000,0,0,3.35200,665.675,2.082,3.000,3.000,4.000,5.000,30.000,0.000,0.000,0,0,1.4097,92,184,92,95,80
28,falling,6,121.0,,195.000,105.160,0.00000,2.03274,2.03274,0.000000,0.000000,0,0,3.35200,665.675,2.082,3.000,3.000,4.000,5.000,30.000,0.000,0.000,0,0,1.4097,92,184,92,95,80
28,falling,7,138.0,,195.000,107.491,0.00000,2.28497,2.28497,0.000000,0.000000,0,0,3.35200,665.675,2.082,3.000,3.000,4.000,5.000,30.000,0.000,0.000,0,0,1.4097,92,184,92,95,80
28,falling,8,155.0,,195.000,110.075,0.00000,2.53334,2.53334,0.000000,0.000000,0,0,3.35200,665.675,2.082,3.000,3.000,4.000,5.000,30.000,0.000,0.000,0,0,1.4097,92,184,92,95,80
28,falling,9,172.0,,195.000,112.728,0.00000,2.76353,2.76353,0.000000,0.000000,0,0,3.35200,665.675,2.082,3.000,3.000,4.000,5.000,30.000,0.000,0.000,0,0,1.4097,92,184,92,95,80
28,falling,10,188.0,,195.000,115.792,0.00000,3.00458,3.00458,0.000000,0.000000,0,0,3.35200,665.675,2.082,3.000,3.000,4.000,5.000,30.000,0.000,0.000,0,0,1.4097,92,184,92,95,80
28,falling,11,205.0,,195.000,119.099,0.00000,3.24194,3.24194,0.000000,0.000000,0,0,3.35200,665.675,2.082,3.000,3.000,4.000,5.000,30.000,0.000,0.000,0,0,1.4097,92,184,92,95,80
28,falling,12,222.0,,195.000,122.423,0.00000,3.46193,3.46193,0.000000,0.000000,0,0,3.35200,665.675,2.082,3.000,3.000,4.000,5.000,30.000,0.000,0.000,0,0,1.4097,92,184,92,95,80
28,falling,13,238.0,,195.000,126.189,0.00000,3.69229,3.69229,0.000000,0.000000,0,0,3.35200,665.675,2.082,3.000,3.000,4.000,5.000,30.000,0.000,0.000,0,0,1.4097,92,184,92,95,80
28,falling,14,255.0,,195.000,130.186,0.00000,3.91913,3.91913,0.000000,0.000000,0,0,3.35200,665.675,2.082,3.000,3.000,4.000,5.000,30.000,0.000,0.000,0,0,1.4097,92,184,92,95,80
28,falling,15,272.0,,195.000,134.151,0.00000,4.12936,4.12936,0.000000,0.000000,0,0,3.35200,665.675,2.082,3.000,3.000,4.000,5.000,30.000,0.000,0.000,0,0,1.4097,92,184,92,95,80
28,falling,16,288.0,,195.000,138.587,0.00000,4.34952,4.34952,0.000000,0.000000,0,0,3.35200,665.675,2.082,3.000,3.000,4.000,5.000,30.000,0.000,0.000,0,0,1.4097,92,184,92,95,80
28,falling,17,305.0,,195.000,143.245,0.00000,4.56630,4.56630,0.000000,0.000000,0,0,3.35200,665.675,2.082,3.000,3.000,4.000,5.000,30.000,0.000,0.000,0,0,1.4097,92,184,92,95,80
28,falling,18,322.0,,195.000,147.821,0.00000,4.76722,4.76722,0.000000,0.000000,0,0,3.35200,665.675,2.082,3.000,3.000,4.000,5.000,30.000,0.000,0.000,0,0,1.4097,92,184,92,95,80
28,falling,19,338.0,,195.000,152.898,0.00000,4.97761,4.97761,0.000000,0.000000,0,0,3.35200,665.675,2.082,3.000,3.000,4.000,5.000,30.000,0.000,0.000,0,0,1.4097,92,184,92,95,80
28,falling,20,355.0,,195.000,158.187,0.00000,5.18479,5.18479,0.000000,0.000000,0,0,3.35200,665.675,2.082,3.000,3.000,4.000,5.000,30.000,0.000,0.000,0,0,1.4097,92,184,92,95,80
28,falling,21,372.0,,195.000,163.349,0.00000,5.37679,5.37679,0.000000,0.000000,0,0,3.35200,665.675,2.082,3.000,3.000,4.000,5.000,30.000,0.000,0.000,0,0,1.4097,92,184,92,95,80
28,falling,22,388.0,,195.000,169.038,0.00000,5.57786,5.57786,0.000000,0.000000,0,0,3.35200,665.675,2.082,3.000,3.000,4.000,5.000,30.000,0.000,0.000,0,0,1.4097,92,184,92,95,80
28,falling,23,405.0,,195.000,174.929,0.00000,5.77585,5.77585,0.000000,0.000000,0,0,3.35200,665.675,2.082,3.000,3.000,4.000,5.000,30.000,0.000,0.000,0,0,1.4097,92,184,92,95,80
28,falling,24,422.0,,195.000,180.650,0.00000,5.95935,5.95935,0.000000,0.000000,0,0,3.35200,665.675,2.082,3.000,3.000,4.000,5.000,30.000,0.000,0.000,0,0,1.4097,92,184,92,95,80
28,falling,25,438.0,,195.000,186.925,0.00000,6.15150,6.15150,0.000000,0.000000,0,0,3.35200,665.675,2.082,3.000,3.000,4.000,5.000,30.000,0.000,0.000,0,0,1.4097,92,184,92,95,80
28,falling,26,455.0,,195.000,193.392,0.00000,6.34072,6.34072,0.000000,0.000000,0,0,3.35200,665.675,2.082,3.000,3.000,4.000,5.000,30.000,0.000,0.000,0,0,1.4097,92,184,92,95,80
28,falling,27,472.0,,195.000,199.648,0.00000,6.51608,6.51608,0.000000,0.000000,0,0,3.35200,665.675,2.082,3.000,3.000,4.000,5.000,30.000,0.000,0.000,0,0,1.4097,92,184,92,95,80
28,falling,28,488.0,,195.000,206.482,0.00000,6.69971,6.69971,0.000000,0.000000,0,0,3.35200,665.675,2.082,3.000,3.000,4.000,5.000,30.000,0.000,0.000,0,0,1.4097,92,184,92,95,80
28,falling,29,505.0,,195.000,213.500,0.00000,6.88054,6.88054,0.000000,0.000000,0,0,3.35200,665.675,2.082,3.000,3.000,4.000,5.000,30.000,0.000,0.000,0,0,1.4097,92,184,92,95,80
28,falling,30,522.0,,195.000,220.266,0.00000,7.04813,7.04813,0.000000,0.000000,0,0,3.35200,665.675,2.082,3.000,3.000,4.000,5.000,30.000,0.000,0.000,0,0,1.4097,92,184,92,95,80
28,falling,31,538.0,,195.000,227.634,0.00000,7.22363,7.22363,0.000000,0.000000,0,0,3.35200,665.675,2.082,3.000,3.000,4.000,5.000,30.000,0.000,0.000,0,0,1.4097,92,184,92,95,80
28,falling,32,555.0,,195.000,235.178,0.00000,7.39644,7.39644,0.000000,0.000000,0,0,3.35200,665.675,2.082,3.000,3.000,4.000,5.000,30.000,0.000,0.000,0,0,1.4097,92,184,92,95,80
28,falling,33,572.0,,195.000,242.433,0.00000,7.55660,7.55660,0.000000,0.000000,0,0,3.35200,665.675,2.082,3.000,3.000,4.000,5.000,30.000,0.000,0.000,0,0,1.4097,92,184,92,95,80
28,falling,34,588.0,,195.000,250.311,0.00000,7.72431,7.72431,0.000000,0.000000,0,0,3.35200,665.675,2.082,3.000,3.000,4.000,5.000,30.000,0.000,0.000,0,0,1.4097,92,184,92,95,80
28,falling,35,605.0,,195.000,258.359,0.00000,7.88946,7.88946,0.000000,0.000000,0,0,3.35200,665.675,2.082,3.000,3.000,4.000,5.000,30.000,0.000,0.000,0,0,1.4097,92,184,92,95,80
28,falling,36,622.0,,195.000,266.572,0.00000,8.05209,8.05209,0.000000,0.000000,0,0,3.35200,665.675,2.082,3.000,3.000,4.000,5.000,30.000,0.000,0.000,0,0,1.4097,92,184,92,95,80
28,falling,37,638.0,,195.000,274.447,0.00000,8.20281,8.20281,0.000000,0.000000,0,0,3.35200,665.675,2.082,3.000,3.000,4.000,5.000,30.000,0.000,0.000,0,0,1.4097,92,184,92,95,80
28,falling,38,655.0,,195.000,282.974,0.00000,8.36064,8.36064,0.000000,0.000000,0,0,3.35200,665.675,2.082,3.000,3.000,4.000,5.000,30.000,0.000,0.000,0,0,1.4097,92,184,92,95,80
28,falling,39,672.0,,195.000,291.661,0.00000,8.51605,8.51605,0.000000,0.000000,0,0,3.35200,665.675,2.082,3.000,3.000,4.000,5.000,30.000,0.000,0.000,0,0,1.4097,92,184,92,95,80
28,falling,40,689.0,,195.000,299.974,0.00000,8.66009,8.66009,0.000000,0.000000,0,0,3.35200,665.675,2.082,3.000,3.000,4.000,5.000,30.000,0.000,0.000,0,0,1.4097,92,184,92,95,80
28,falling,41,705.0,,195.000,308.962,0.00000,8.81092,8.81092,0.000000,0.000000,0,0,3.35200,665.675,2.082,3.000,3.000,4.000,5.000,30.000,0.000,0.000,0,0,1.4097,92,184,92,95,80
28,falling,42,722.0,,195.000,318.100,0.00000,8.95945,8.95945,0.000000,0.000000,0,0,3.35200,665.675,2.082,3.000,3.000,4.000,5.000,30.000,0.000,0.000,0,0,1.4097,92,184,92,95,80
28,falling,43,739.0,,195.000,326.833,0.00000,9.09710,9.09710,0.000000,0.000000,0,0,3.35200,665.675,2.082,3.000,3.000,4.000,5.000,30.000,0.000,0.000,0,0,1.4097,92,184,92,95,80
28,falling,44,755.0,,195.000,336.260,0.00000,9.24125,9.24125,0.000000,0.000000,0,0,3.35200,665.675,2.082,3.000,3.000,4.000,5.000,30.000,0.000,0.000,0,0,1.4097,92,184,92,95,80
28,falling,45,772.0,,195.000,345.830,0.00000,9.38319,9.38319,0.000000,0.000000,0,0,3.35200,665.675,2.082,3.000,3.000,4.000,5.000,30.000,0.000,0.000,0,0,1.4097,92,184,92,95,80
28,falling,46,789.0,,195.000,354.965,0.00000,9.51474,9.51474,0.000000,0.000000,0,0,3.35200,665.675,2.082,3.000,3.000,4.000,5.000,30.000,0.000,0.000,0,0,1.4097,92,184,92,95,80
28,falling,47,805.0,,195.000,364.810,0.00000,9.65250,9.65250,0.000000,0.000000,0,0,3.35200,665.675,2.082,3.000,3.000,4.000,5.000,30.000,0.000,0.000,0,0,1.4097,92,184,92,95,80
28,falling,48,822.0,,195.000,374.794,0.00000,9.78815,9.78815,0.000000,0.000000,0,0,3.35200,665.675,2.082,3.000,3.000,4.000,5.000,30.000,0.000,0.000,0,0,1.4097,92,184,92,95,80
28,falling,49,839.0,,195.000,384.311,0.00000,9.91386,9.91386,0.000000,0.000000,0,0,3.35200,665.675,2.082,3.000,3.000,4.000,5.000,30.000,0.000,0.000,0,0,1.4097,92,184,92,95,80
28,falling,50,855.0,,195.000,394.558,0.00000,10.04551,10.04551,0.000000,0.000000,0,0,3.35200,665.675,2.082,3.000,3.000,4.000,5.000,30.000,0.000,0.000,0,0,1.4097,92,184,92,95,80
28,falling,51,872.0,,195.000,404.936,0.00000,10.17515,10.17515,0.000000,0.000000,0,0,3.35200,665.675,2.082,3.000,3.000,4.000,5.000,30.000,0.000,0.000,0,0,1.4097,92,184,92,95,80
28,falling,52,889.0,,195.000,414.820,0.00000,10.29530,10.29530,0.000000,0.000000,0,0,3.35200,665.675,2.082,3.000,3.000,4.000,5.000,30.000,0.000,0.000,0,0,1.4097,92,184,92,95,80
28,falling,53,905.0,,195.000,425.449,0.00000,10.42111,10.42111,0.000000,0.000000,0,0,3.35200,665.675,2.082,3.000,3.000,4.000,5.000,30.000,0.000,0.000,0,0,1.4097,92,184,92,95,80
28,falling,54,922.0,,195.000,436.205,0.00000,10.54500,10.54500,0.000000,0.000000,0,0,3.35200,665.675,2.082,3.000,3.000,4.000,5.000,30.000,0.000,0.000,0,0,1.4097,92,184,92,95,80
28,falling,55,939.0,,195.000,446.439,0.00000,10.65982,10.65982,0.000000,0.000000,0,0,3.35200,665.675,2.082,3.000,3.000,4.000,5.000,30.000,0.000,0.000,0,0,1.4097,92,184,92,95,80
28,falling,56,955.0,,195.000,457.434,0.00000,10.78006,10.78006,0.000000,0.000000,0,0,3.35200,665.675,2.082,3.000,3.000,4.000,5.000,30.000,0.000,0.000,0,0,1.4097,92,184,92,95,80
28,falling,57,972.0,,195.000,468.551,0.00000,10.89846,10.89846,0.000000,0.000000,0,0,3.35200,665.675,2.082,3.000,3.000,4.000,5.000,30.000,0.000,0.000,0,0,1.4097,92,184,92,95,80
28,falling,58,989.0,,195.000,479.119,0.00000,11.00819,11.00819,0.000000,0.000000,0,0,3.35200,665.675,2.082,3.000,3.000,4.000,5.000,30.000,0.000,0.000,0,0,1.4097,92,184,92,95,80
28,post_landing,59,1006.0,59,195.000,486.524,0.58934,-1.58207,1.68827,-0.077590,0.000000,0,1,3.35200,665.675,2.082,3.000,3.000,4.000,5.000,30.000,0.000,0.000,0,13,1.4097,92,184,92,95,80
28,post_landing,60,1022.0,59,195.592,481.994,0.08075,-0.70099,0.70563,0.008175,-0.077931,0,1,3.35200,665.675,2.082,3.000,2.072,3.069,4.144,29.831,0.000,0.000,0,4,1.4097,92,184,92,95,80
28,post_landing,61,1040.0,59,195.668,480.790,-0.87773,-0.77137,1.16851,0.102181,-0.070196,0,1,3.35200,665.675,2.082,3.000,2.065,3.063,4.130,29.856,0.000,0.000,0,2,1.4097,92,184,92,95,80
28,post_landing,62,1055.0,59,194.787,479.668,-0.86430,-0.47623,0.98682,0.100617,0.032434,0,0,3.35200,665.675,2.082,3.000,3.031,4.063,5.127,30.244,0.000,0.000,0,0,1.4097,92,184,92,95,80
28,post_landing,63,1072.0,59,193.919,478.969,-0.85108,-0.18561,0.87108,0.099078,0.133493,0,0,3.35200,665.675,2.082,3.000,3.106,30.399,30.665,30.798,0.000,0.000,0,0,1.4097,92,184,92,95,80
28,post_landing,64,1089.0,59,193.113,478.642,-0.83882,0.08373,0.84299,0.097651,0.227239,0,0,3.35200,665.675,2.082,3.000,2.174,30.806,31.031,31.031,0.000,0.000,0,0,1.4097,92,184,92,95,80
28,post_landing,65,1105.0,59,192.271,479.015,-0.82599,0.36578,0.90336,0.096157,0.325319,0,0,3.35200,665.675,2.082,3.000,2.215,2.534,5.057,30.983,0.000,0.000,0,0,1.4097,92,184,92,95,80
28,post_landing,66,1122.0,59,191.441,479.671,-0.81335,0.64352,1.03714,0.094686,0.421899,0,0,3.35200,665.675,2.082,3.000,2.234,2.644,4.971,30.645,0.000,0.000,0,0,1.4097,92,184,92,95,80
28,post_landing,67,1139.0,59,190.672,480.536,-0.80164,0.90092,1.20593,0.093322,0.511488,0,0,3.35200,665.675,2.082,3.000,2.234,2.723,4.467,4.956,0.000,0.000,0,0,1.4097,92,184,92,95,80
28,post_landing,68,1156.0,59,189.867,481.571,0.13426,0.05696,0.14584,-0.029443,0.605221,0,1,3.35200,665.675,2.082,3.000,0.569,2.783,4.427,4.996,0.000,0.000,0,1,1.4097,92,184,92,95,80
28,post_landing,69,1172.0,59,190.001,481.474,-0.18446,-0.11535,0.21755,0.019260,0.575648,0,1,3.35200,665.675,2.082,3.000,0.544,2.766,4.444,4.988,0.000,0.000,0,1,1.4097,92,184,92,95,80
28,post_landing,70,1189.0,59,189.827,481.516,-0.26791,-0.10469,0.28764,0.019581,0.593871,0,1,3.35200,665.675,2.082,3.000,0.560,2.777,4.434,4.994,0.000,0.000,0,1,1.4097,92,184,92,95,80
28,post_landing,71,1206.0,59,189.558,481.605,0.15549,0.06613,0.16897,-0.027651,0.613538,0,1,3.35200,665.675,2.082,3.000,0.576,2.787,4.422,4.998,0.000,0.000,0,1,1.4097,92,184,92,95,80
28,post_landing,72,1222.0,59,189.714,481.511,-0.26371,-0.07865,0.27519,0.028786,0.585765,0,1,3.35200,665.675,2.082,3.000,0.553,2.772,4.439,4.992,0.000,0.000,0,1,1.4097,92,184,92,95,80
28,post_landing,73,1239.0,59,189.464,481.600,0.07433,0.07188,0.10340,-0.016370,0.613002,0,1,3.35200,665.675,2.082,3.000,0.575,2.786,4.422,4.998,0.000,0.000,0,1,1.4097,92,184,92,95,80
28,post_landing,74,1256.0,59,189.539,481.551,0.34496,0.11293,0.36298,-0.054728,0.596560,0,1,3.35200,665.675,2.082,3.000,0.562,2.778,4.433,4.994,0.000,0.000,0,1,1.4097,92,184,92,95,80
28,post_landing,75,1272.0,59,189.886,481.391,-0.24075,-0.04681,0.24526,0.054691,0.541592,0,1,3.35200,665.675,2.082,3.000,0.516,2.745,4.459,4.974,0.000,0.000,0,1,1.4097,92,184,92,95,80
28,post_landing,76,1289.0,59,189.658,481.512,0.31862,0.10810,0.33645,-0.046138,0.593339,0,1,3.35200,665.675,2.082,3.000,0.559,2.776,4.435,4.994,0.000,0.000,0,1,1.4097,92,184,92,95,80
28,post_landing,77,1306.0,59,189.978,481.399,-0.21088,-0.05418,0.21773,0.052744,0.546999,0,1,3.35200,665.675,2.082,3.000,0.520,2.748,4.457,4.977,0.000,0.000,0,1,1.4097,92,184,92,95,80
28,post_landing,78,1322.0,59,189.766,481.542,0.26273,0.17939,0.31813,-0.035095,0.599975,0,1,3.35200,665.675,2.082,3.000,0.565,2.780,4.431,4.995,0.000,0.000,0,1,1.4097,92,184,92,95,80
28,post_landing,79,1339.0,59,190.015,481.450,0.28314,0.13642,0.31429,-0.030367,0.566768,0,1,3.35200,665.675,2.082,3.000,0.537,2.761,4.448,4.985,0.000,0.000,0,1,1.4097,92,184,92,95,80
28,post_landing,80,1356.0,59,190.299,481.376,0.40575,0.07795,0.41317,-0.044895,0.536268,0,1,3.35200,665.675,2.082,3.000,0.511,2.741,4.460,4.971,0.000,0.000,0,1,1.4097,92,184,92,95,80
28,post_landing,81,1372.0,59,190.706,481.329,-0.17111,0.00000,0.17111,0.056357,0.491176,0,1,3.35200,665.675,2.082,3.000,2.235,2.707,4.470,4.942,0.000,0.000,0,1,1.4097,92,184,92,95,80
28,post_landing,82,1389.0,59,190.535,481.381,0.35220,0.10657,0.36797,-0.040072,0.547781,0,1,3.35200,665.675,2.082,3.000,0.521,2.749,4.456,4.977,0.000,0.000,0,1,1.4097,92,184,92,95,80
28,post_landing,83,1406.0,59,190.868,481.333,0.32630,0.03769,0.32847,-0.029831,0.509865,0,1,3.35200,665.675,2.082,3.000,2.234,2.722,4.467,4.955,0.000,0.000,0,1,1.4097,92,184,92,95,80
28,post_landing,84,1422.0,59,191.196,481.325,0.41467,-0.01403,0.41491,-0.042195,0.479904,0,1,3.35200,665.675,2.082,3.000,2.236,2.697,4.472,4.933,0.000,0.000,0,1,1.4097,92,184,92,95,80
28,post_landing,85,1439.0,59,191.612,481.371,0.38382,-0.07647,0.39137,-0.035789,0.437524,0,1,3.35200,665.675,2.082,3.000,2.235,2.659,4.953,28.752,0.000,0.000,0,1,1.4097,92,184,92,95,80
28,post_landing,86,1456.0,59,191.975,481.453,0.35560,-0.10161,0.36983,-0.032608,0.403661,0,1,3.35200,665.675,2.082,3.000,2.232,2.625,4.991,30.731,0.000,0.000,0,1,1.4097,92,184,92,95,80
28,post_landing,87,1472.0,59,192.332,481.586,0.32915,-0.15389,0.36335,-0.033674,0.370910,0,1,3.35200,665.675,2.082,3.000,2.226,2.589,5.022,30.860,0.000,0.000,0,1,1.4097,92,184,92,95,80
28,post_landing,88,1489.0,59,192.663,481.762,0.30467,-0.16418,0.34609,-0.036133,0.337089,0,1,3.35200,665.675,2.082,3.000,2.218,2.549,5.049,30.958,0.000,0.000,0,1,1.4097,92,184,92,95,80
28,post_landing,89,1506.0,59,192.951,481.896,0.30028,0.10485,0.31806,-0.035612,0.302901,0,0,3.35200,665.675,2.082,3.000,2.207,2.506,29.112,31.021,0.000,0.000,0,0,1.4097,92,184,92,95,80
28,post_landing,90,1522.0,59,193.253,482.288,0.27794,-0.09792,0.29469,-0.025245,0.267132,0,1,3.35200,665.675,2.082,3.000,2.193,2.457,31.048,31.048,0.000,0.000,0,1,1.4097,92,184,92,95,80
28,post_landing,91,1539.0,59,193.532,482.519,-0.08165,0.07103,0.10822,0.018938,0.241776,0,1,3.35200,665.675,2.082,3.000,2.181,28.862,31.043,31.043,0.000,0.000,0,1,1.4097,92,184,92,95,80
28,post_landing,92,1556.0,59,193.455,482.350,-0.11962,0.09159,0.15066,0.010041,0.259695,0,1,3.35200,665.675,2.082,3.000,2.190,4.123,31.048,31.048,0.000,0.000,0,1,1.4097,92,184,92,95,80
28,post_landing,93,1572.0,59,193.335,482.295,-1.25615,-0.75655,1.46638,0.071912,0.269780,0,1,3.35200,665.675,2.082,3.000,2.194,2.461,31.047,31.047,0.000,0.000,0,1,1.4097,92,184,92,95,80
28,post_landing,94,1589.0,59,192.073,481.742,-0.53698,-0.25390,0.59398,-0.025608,0.342008,0,1,3.35200,665.675,2.082,3.000,2.220,2.555,5.046,30.946,0.000,0.000,0,1,1.4097,92,184,92,95,80
28,post_landing,95,1606.0,59,191.565,481.692,-0.52924,0.01642,0.52950,-0.025239,0.317779,0,0,3.35200,665.675,2.082,3.000,2.212,2.525,29.098,30.998,0.000,0.000,0,0,1.4097,92,184,92,95,80
28,post_landing,96,1622.0,59,191.033,481.997,-0.52115,0.29950,0.60108,-0.024853,0.292429,0,0,3.35200,665.675,2.082,3.000,2.203,2.492,31.033,31.033,0.000,0.000,0,0,1.4097,92,184,92,95,80
28,post_landing,97,1639.0,59,190.510,482.304,-0.31652,-0.77191,0.83429,-0.061604,0.267467,0,1,3.35200,665.675,2.082,3.000,2.193,2.457,31.048,31.048,0.000,0.000,0,1,1.4097,92,184,92,95,80
28,post_landing,98,1656.0,59,190.210,481.829,-0.31196,-0.49413,0.58437,-0.060717,0.209179,0,0,3.35200,665.675,2.082,3.000,28.636,30.800,31.007,31.007,0.000,0.000,0,0,1.4097,92,184,92,95,80
28,post_landing,99,1672.0,59,189.897,481.622,-0.30719,-0.20324,0.36834,-0.059788,0.148195,0,0,3.35200,665.675,2.082,3.000,30.409,30.557,30.852,30.852,0.000,0.000,0,0,1.4097,92,184,92,95,80
28,post_landing,100,1689.0,59,189.589,481.707,-0.30249,0.08320,0.31373,-0.058873,0.088145,0,0,3.35200,665.675,2.082,3.000,3.076,4.161,30.412,30.588,0.000,0.000,0,0,1.4097,92,184,92,95,80
28,post_landing,101,1706.0,59,189.302,481.305,-0.28025,0.06008,0.28661,-0.019678,0.032441,0,1,3.35200,665.675,2.082,3.000,3.031,4.063,5.127,30.244,0.000,0.000,0,1,1.4097,92,184,92,95,80
28,post_landing,102,1722.0,59,189.021,481.106,0.04300,-0.76275,0.76397,0.004239,0.012676,0,1,3.35200,665.675,2.082,3.000,3.012,4.025,5.050,30.099,0.000,0.000,0,1,1.4097,92,184,92,95,80
28,post_landing,103,1739.0,59,189.064,480.629,0.04234,-0.46775,0.46966,0.004174,0.016934,0,0,3.35200,665.675,2.082,3.000,3.017,4.033,5.067,30.131,0.000,0.000,0,0,1.4097,92,184,92,95,80
28,post_landing,104,1756.0,59,189.104,480.443,0.04173,-0.19435,0.19878,0.004114,0.020883,0,0,3.35200,665.675,2.082,3.000,3.020,4.041,5.082,30.161,0.000,0.000,0,0,1.4097,92,184,92,95,80
28,post_landing,105,1772.0,59,189.146,480.536,0.04109,0.09196,0.10072,0.004051,0.025016,0,0,3.35200,665.675,2.082,3.000,3.024,4.049,5.098,30.191,0.000,0.000,0,0,1.4097,92,184,92,95,80
28,post_landing,106,1789.0,59,189.187,480.918,0.04046,0.37388,0.37607,0.003989,0.029085,0,0,3.35200,665.675,2.082,3.000,3.028,4.056,5.114,30.220,0.000,0.000,0,0,1.4097,92,184,92,95,80
28,post_landing,107,1806.0,59,189.226,481.310,0.22181,0.16195,0.27464,-0.009905,0.032859,0,1,3.35200,665.675,2.082,3.000,3.031,4.064,5.129,30.247,0.000,0.000,0,1,1.4097,92,184,92,95,80
28,post_landing,108,1822.0,59,189.448,481.208,0.04075,-0.15575,0.16099,0.029385,0.022911,0,1,3.35200,665.675,2.082,3.000,3.022,4.045,5.090,30.175,0.000,0.000,0,1,1.4097,92,184,92,95,80
28,post_landing,109,1839.0,59,189.489,481.341,0.04012,0.12997,0.13602,0.028935,0.052424,0,0,3.35200,665.675,2.082,3.000,3.048,4.099,30.221,30.378,0.000,0.000,0,0,1.4097,92,184,92,95,80
28,post_landing,110,1856.0,59,189.527,481.720,0.03954,0.39476,0.39674,0.028518,0.079802,0,0,3.35200,665.675,2.082,3.000,3.070,4.147,30.383,30.542,0.000,0.000,0,0,1.4097,92,184,92,95,80
28,post_landing,111,1872.0,59,189.567,482.225,0.46191,-0.24532,0.52301,0.009811,0.108446,0,1,3.35200,665.675,2.082,3.000,3.091,30.365,30.581,30.690,0.000,0.000,0,1,1.4097,92,184,92,95,80
28,post_landing,112,1889.0,59,190.031,482.267,0.45484,0.04176,0.45675,0.009661,0.118300,0,0,3.35200,665.675,2.082,3.000,3.097,30.380,30.616,30.735,0.000,0.000,0,0,1.4097,92,184,92,95,80
28,post_landing,113,1906.0,59,190.461,482.492,1.29480,-0.42732,1.36350,-0.038993,0.127441,0,1,3.35200,665.675,2.082,3.000,3.103,30.392,30.646,30.773,0.000,0.000,0,1,1.4097,92,184,92,95,80
28,post_landing,114,1922.0,59,191.762,481.959,0.92953,-0.73458,1.18475,0.042248,0.088277,0,1,3.35200,665.675,2.082,3.000,3.076,4.161,30.412,30.588,0.000,0.000,0,1,1.4097,92,184,92,95,80
28,post_landing,115,1939.0,59,192.695,481.196,0.91531,-0.44000,1.01558,0.041602,0.130711,0,0,3.35200,665.675,2.082,3.000,3.105,30.396,30.656,30.787,0.000,0.000,0,0,1.4097,92,184,92,95,80
28,post_landing,116,1956.0,59,193.561,480.784,0.90213,-0.16700,0.91746,0.041002,0.170073,0,0,3.35200,665.675,2.082,3.000,30.413,30.583,30.921,30.921,0.000,0.000,0,0,1.4097,92,184,92,95,80
28,post_landing,117,1972.0,59,194.467,480.704,0.88833,0.11889,0.89625,0.040375,0.211256,0,0,3.35200,665.675,2.082,3.000,28.636,30.801,31.011,31.011,0.000,0.000,0,0,1.4097,92,184,92,95,80
28,post_landing,118,1989.0,59,195.360,481.113,0.87474,0.40040,0.96202,0.039757,0.251808,0,0,3.35200,665.675,2.082,3.000,2.186,4.123,31.047,31.047,0.000,0.000,0,0,1.4097,92,184,92,95,80
29,falling,0,32.0,,195.000,97.029,0.00000,0.55000,0.55000,0.000000,0.000000,0,0,4.63200,1624.548,2.816,3.000,3.000,12.000,16.000,22.000,0.000,0.000,0,0,1.4939,83,166,83,91,70
29,falling,1,41.0,,195.000,97.456,0.00000,0.71172,0.71172,0.000000,0.000000,0,0,4.63200,1624.548,2.816,3.000,3.000,12.000,16.000,22.000,0.000,0.000,0,0,1.4939,83,166,83,91,70
29,falling,2,58.0,,195.000,98.460,0.00000,0.98416,0.98416,0.000000,0.000000,0,0,4.63200,1624.548,2.816,3.000,3.000,12.000,16.000,22.000,0.000,0.000,0,0,1.4939,83,166,83,91,70
29,falling,3,75.0,,195.000,99.737,0.00000,1.25244,1.25244,0.000000,0.000000,0,0,4.63200,1624.548,2.816,3.000,3.000,12.000,16.000,22.000,0.000,0.000,0,0,1.4939,83,166,83,91,70
29,falling,4,91.0,,195.000,101.178,0.00000,1.50107,1.50107,0.000000,0.000000,0,0,4.63200,1624.548,2.816,3.000,3.000,12.000,16.000,22.000,0.000,0.000,0,0,1.4939,83,166,83,91,70
29,falling,5,108.0,,195.000,102.975,0.00000,1.76143,1.76143,0.000000,0.000000,0,0,4.63200,1624.548,2.816,3.000,3.000,12.000,16.000,22.000,0.000,0.000,0,0,1.4939,83,166,83,91,70
29,falling,6,125.0,,195.000,105.033,0.00000,2.01782,2.01782,0.000000,0.000000,0,0,4.63200,1624.548,2.816,3.000,3.000,12.000,16.000,22.000,0.000,0.000,0,0,1.4939,83,166,83,91,70
29,falling,7,141.0,,195.000,107.198,0.00000,2.25543,2.25543,0.000000,0.000000,0,0,4.63200,1624.548,2.816,3.000,3.000,12.000,16.000,22.000,0.000,0.000,0,0,1.4939,83,166,83,91,70
29,falling,8,158.0,,195.000,109.753,0.00000,2.50425,2.50425,0.000000,0.000000,0,0,4.63200,1624.548,2.816,3.000,3.000,12.000,16.000,22.000,0.000,0.000,0,0,1.4939,83,166,83,91,70
29,falling,9,175.0,,195.000,112.557,0.00000,2.74927,2.74927,0.000000,0.000000,0,0,4.63200,1624.548,2.816,3.000,3.000,12.000,16.000,22.000,0.000,0.000,0,0,1.4939,83,166,83,91,70
29,falling,10,192.0,,195.000,115.414,0.00000,2.97635,2.97635,0.000000,0.000000,0,0,4.63200,1624.548,2.816,3.000,3.000,12.000,16.000,22.000,0.000,0.000,0,0,1.4939,83,166,83,91,70
29,falling,11,208.0,,195.000,118.693,0.00000,3.21414,3.21414,0.000000,0.000000,0,0,4.63200,1624.548,2.816,3.000,3.000,12.000,16.000,22.000,0.000,0.000,0,0,1.4939,83,166,83,91,70
29,falling,12,225.0,,195.000,122.210,0.00000,3.44830,3.44830,0.000000,0.000000,0,0,4.63200,1624.548,2.816,3.000,3.000,12.000,16.000,22.000,0.000,0.000,0,0,1.4939,83,166,83,91,70
29,falling,13,242.0,,195.000,125.729,0.00000,3.66531,3.66531,0.000000,0.000000,0,0,4.63200,1624.548,2.816,3.000,3.000,12.000,16.000,22.000,0.000,0.000,0,0,1.4939,83,166,83,91,70
29,falling,14,258.0,,195.000,129.699,0.00000,3.89257,3.89257,0.000000,0.000000,0,0,4.63200,1624.548,2.816,3.000,3.000,12.000,16.000,22.000,0.000,0.000,0,0,1.4939,83,166,83,91,70
29,falling,15,275.0,,195.000,133.898,0.00000,4.11634,4.11634,0.000000,0.000000,0,0,4.63200,1624.548,2.816,3.000,3.000,12.000,16.000,22.000,0.000,0.000,0,0,1.4939,83,166,83,91,70
29,falling,16,292.0,,195.000,138.049,0.00000,4.32373,4.32373,0.000000,0.000000,0,0,4.63200,1624.548,2.816,3.000,3.000,12.000,16.000,22.000,0.000,0.000,0,0,1.4939,83,166,83,91,70
29,falling,17,308.0,,195.000,142.680,0.00000,4.54092,4.54092,0.000000,0.000000,0,0,4.63200,1624.548,2.816,3.000,3.000,12.000,16.000,22.000,0.000,0.000,0,0,1.4939,83,166,83,91,70
29,falling,18,325.0,,195.000,147.530,0.00000,4.75477,4.75477,0.000000,0.000000,0,0,4.63200,1624.548,2.816,3.000,3.000,12.000,16.000,22.000,0.000,0.000,0,0,1.4939,83,166,83,91,70
29,falling,19,342.0,,195.000,152.285,0.00000,4.95297,4.95297,0.000000,0.000000,0,0,4.63200,1624.548,2.816,3.000,3.000,12.000,16.000,22.000,0.000,0.000,0,0,1.4939,83,166,83,91,70
29,falling,20,358.0,,195.000,157.549,0.00000,5.16052,5.16052,0.000000,0.000000,0,0,4.63200,1624.548,2.816,3.000,3.000,12.000,16.000,22.000,0.000,0.000,0,0,1.4939,83,166,83,91,70
29,falling,21,375.0,,195.000,163.021,0.00000,5.36490,5.36490,0.000000,0.000000,0,0,4.63200,1624.548,2.816,3.000,3.000,12.000,16.000,22.000,0.000,0.000,0,0,1.4939,83,166,83,91,70
29,falling,22,392.0,,195.000,168.353,0.00000,5.55431,5.55431,0.000000,0.000000,0,0,4.63200,1624.548,2.816,3.000,3.000,12.000,16.000,22.000,0.000,0.000,0,0,1.4939,83,166,83,91,70
29,falling,23,408.0,,195.000,174.221,0.00000,5.75266,5.75266,0.000000,0.000000,0,0,4.63200,1624.548,2.816,3.000,3.000,12.000,16.000,22.000,0.000,0.000,0,0,1.4939,83,166,83,91,70
29,falling,24,425.0,,195.000,180.288,0.00000,5.94798,5.94798,0.000000,0.000000,0,0,4.63200,1624.548,2.816,3.000,3.000,12.000,16.000,22.000,0.000,0.000,0,0,1.4939,83,166,83,91,70
29,falling,25,442.0,,195.000,186.172,0.00000,6.12900,6.12900,0.000000,0.000000,0,0,4.63200,1624.548,2.816,3.000,3.000,12.000,16.000,22.000,0.000,0.000,0,0,1.4939,83,166,83,91,70
29,falling,26,458.0,,195.000,192.617,0.00000,6.31856,6.31856,0.000000,0.000000,0,0,4.63200,1624.548,2.816,3.000,3.000,12.000,16.000,22.000,0.000,0.000,0,0,1.4939,83,166,83,91,70
29,falling,27,475.0,,195.000,199.252,0.00000,6.50522,6.50522,0.000000,0.000000,0,0,4.63200,1624.548,2.816,3.000,3.000,12.000,16.000,22.000,0.000,0.000,0,0,1.4939,83,166,83,91,70
29,falling,28,492.0,,195.000,205.663,0.00000,6.67821,6.67821,0.000000,0.000000,0,0,4.63200,1624.548,2.816,3.000,3.000,12.000,16.000,22.000,0.000,0.000,0,0,1.4939,83,166,83,91,70
29,falling,29,508.0,,195.000,212.660,0.00000,6.85937,6.85937,0.000000,0.000000,0,0,4.63200,1624.548,2.816,3.000,3.000,12.000,16.000,22.000,0.000,0.000,0,0,1.4939,83,166,83,91,70
29,falling,30,525.0,,195.000,219.838,0.00000,7.03775,7.03775,0.000000,0.000000,0,0,4.63200,1624.548,2.816,3.000,3.000,12.000,16.000,22.000,0.000,0.000,0,0,1.4939,83,166,83,91,70
29,falling,31,542.0,,195.000,226.753,0.00000,7.20307,7.20307,0.000000,0.000000,0,0,4.63200,1624.548,2.816,3.000,3.000,12.000,16.000,22.000,0.000,0.000,0,0,1.4939,83,166,83,91,70
29,falling,32,558.0,,195.000,234.277,0.00000,7.37620,7.37620,0.000000,0.000000,0,0,4.63200,1624.548,2.816,3.000,3.000,12.000,16.000,22.000,0.000,0.000,0,0,1.4939,83,166,83,91,70
29,falling,33,575.0,,195.000,241.974,0.00000,7.54668,7.54668,0.000000,0.000000,0,0,4.63200,1624.548,2.816,3.000,3.000,12.000,16.000,22.000,0.000,0.000,0,0,1.4939,83,166,83,91,70
29,falling,34,592.0,,195.000,249.371,0.00000,7.70467,7.70467,0.000000,0.000000,0,0,4.63200,1624.548,2.816,3.000,3.000,12.000,16.000,22.000,0.000,0.000,0,0,1.4939,83,166,83,91,70
29,falling,35,608.0,,195.000,257.398,0.00000,7.87012,7.87012,0.000000,0.000000,0,0,4.63200,1624.548,2.816,3.000,3.000,12.000,16.000,22.000,0.000,0.000,0,0,1.4939,83,166,83,91,70
29,falling,36,625.0,,195.000,265.592,0.00000,8.03304,8.03304,0.000000,0.000000,0,0,4.63200,1624.548,2.816,3.000,3.000,12.000,16.000,22.000,0.000,0.000,0,0,1.4939,83,166,83,91,70
29,falling,37,642.0,,195.000,273.449,0.00000,8.18404,8.18404,0.000000,0.000000,0,0,4.63200,1624.548,2.816,3.000,3.000,12.000,16.000,22.000,0.000,0.000,0,0,1.4939,83,166,83,91,70
29,falling,38,658.0,,195.000,281.958,0.00000,8.34215,8.34215,0.000000,0.000000,0,0,4.63200,1624.548,2.816,3.000,3.000,12.000,16.000,22.000,0.000,0.000,0,0,1.4939,83,166,83,91,70
29,falling,39,676.0,,195.000,290.625,0.00000,8.49785,8.49785,0.000000,0.000000,0,0,4.63200,1624.548,2.816,3.000,3.000,12.000,16.000,22.000,0.000,0.000,0,0,1.4939,83,166,83,91,70
29,falling,40,692.0,,195.000,298.922,0.00000,8.64215,8.64215,0.000000,0.000000,0,0,4.63200,1624.548,2.816,3.000,3.000,12.000,16.000,22.000,0.000,0.000,0,0,1.4939,83,166,83,91,70
29,falling,41,708.0,,195.000,307.891,0.00000,8.79326,8.79326,0.000000,0.000000,0,0,4.63200,1624.548,2.816,3.000,3.000,12.000,16.000,22.000,0.000,0.000,0,0,1.4939,83,166,83,91,70
29,falling,42,725.0,,195.000,317.012,0.00000,8.94205,8.94205,0.000000,0.000000,0,0,4.63200,1624.548,2.816,3.000,3.000,12.000,16.000,22.000,0.000,0.000,0,0,1.4939,83,166,83,91,70
29,falling,43,742.0,,195.000,325.729,0.00000,9.07995,9.07995,0.000000,0.000000,0,0,4.63200,1624.548,2.816,3.000,3.000,12.000,16.000,22.000,0.000,0.000,0,0,1.4939,83,166,83,91,70
29,falling,44,758.0,,195.000,335.138,0.00000,9.22436,9.22436,0.000000,0.000000,0,0,4.63200,1624.548,2.816,3.000,3.000,12.000,16.000,22.000,0.000,0.000,0,0,1.4939,83,166,83,91,70
29,falling,45,775.0,,195.000,344.691,0.00000,9.36657,9.36657,0.000000,0.000000,0,0,4.63200,1624.548,2.816,3.000,3.000,12.000,16.000,22.000,0.000,0.000,0,0,1.4939,83,166,83,91,70
29,falling,46,792.0,,195.000,353.810,0.00000,9.49835,9.49835,0.000000,0.000000,0,0,4.63200,1624.548,2.816,3.000,3.000,12.000,16.000,22.000,0.000,0.000,0,0,1.4939,83,166,83,91,70
29,falling,47,808.0,,195.000,363.639,0.00000,9.63636,9.63636,0.000000,0.000000,0,0,4.63200,1624.548,2.816,3.000,3.000,12.000,16.000,22.000,0.000,0.000,0,0,1.4939,83,166,83,91,70
29,falling,48,825.0,,195.000,373.607,0.00000,9.77226,9.77226,0.000000,0.000000,0,0,4.63200,1624.548,2.816,3.000,3.000,12.000,16.000,22.000,0.000,0.000,0,0,1.4939,83,166,83,91,70
29,falling,49,842.0,,195.000,383.109,0.00000,9.89821,9.89821,0.000000,0.000000,0,0,4.63200,1624.548,2.816,3.000,3.000,12.000,16.000,22.000,0.000,0.000,0,0,1.4939,83,166,83,91,70
29,falling,50,859.0,,195.000,393.340,0.00000,10.03010,10.03010,0.000000,0.000000,0,0,4.63200,1624.548,2.816,3.000,3.000,12.000,16.000,22.000,0.000,0.000,0,0,1.4939,83,166,83,91,70
29,falling,51,875.0,,195.000,403.703,0.00000,10.15997,10.15997,0.000000,0.000000,0,0,4.63200,1624.548,2.816,3.000,3.000,12.000,16.000,22.000,0.000,0.000,0,0,1.4939,83,166,83,91,70
29,falling,52,892.0,,195.000,414.196,0.00000,10.28785,10.28785,0.000000,0.000000,0,0,4.63200,1624.548,2.816,3.000,3.000,12.000,16.000,22.000,0.000,0.000,0,0,1.4939,83,166,83,91,70
29,falling,53,908.0,,195.000,424.187,0.00000,10.40638,10.40638,0.000000,0.000000,0,0,4.63200,1624.548,2.816,3.000,3.000,12.000,16.000,22.000,0.000,0.000,0,0,1.4939,83,166,83,91,70
29,falling,54,925.0,,195.000,434.928,0.00000,10.53049,10.53049,0.000000,0.000000,0,0,4.63200,1624.548,2.816,3.000,3.000,12.000,16.000,22.000,0.000,0.000,0,0,1.4939,83,166,83,91,70
29,falling,55,942.0,,195.000,445.793,0.00000,10.65271,10.65271,0.000000,0.000000,0,0,4.63200,1624.548,2.816,3.000,3.000,12.000,16.000,22.000,0.000,0.000,0,0,1.4939,83,166,83,91,70
29,falling,56,958.0,,195.000,456.129,0.00000,10.76598,10.76598,0.000000,0.000000,0,0,4.63200,1624.548,2.816,3.000,3.000,12.000,16.000,22.000,0.000,0.000,0,0,1.4939,83,166,83,91,70
29,falling,57,975.0,,195.000,467.231,0.00000,10.88459,10.88459,0.000000,0.000000,0,0,4.63200,1624.548,2.816,3.000,3.000,12.000,16.000,22.000,0.000,0.000,0,0,1.4939,83,166,83,91,70
29,falling,58,992.0,,195.000,478.452,0.00000,11.00139,11.00139,0.000000,0.000000,0,0,4.63200,1624.548,2.816,3.000,3.000,12.000,16.000,19.000,0.000,0.000,0,0,1.4939,83,166,83,91,70
29,post_landing,59,1009.0,59,195.000,485.478,-0.05500,-0.06955,0.08867,-0.022357,0.000000,0,1,4.63200,1624.548,2.816,3.000,3.000,12.000,16.000,22.000,0.000,0.000,0,11,1.4939,83,166,83,91,70
29,post_landing,60,1025.0,59,194.945,483.977,-0.27237,-0.23856,0.36207,-0.020018,-0.022455,0,1,4.63200,1624.548,2.816,3.000,2.022,11.020,16.018,22.107,0.000,0.000,0,6,1.4939,83,166,83,91,70
29,post_landing,61,1042.0,59,194.671,483.280,-0.05710,0.00000,0.05710,-0.018150,-0.042561,0,1,4.63200,1624.548,2.816,3.000,2.041,11.033,16.028,22.193,0.000,0.000,0,3,1.4939,83,166,83,91,70
29,post_landing,62,1059.0,59,194.617,483.061,-0.01963,-0.23484,0.23566,-0.017481,-0.059734,0,1,4.63200,1624.548,2.816,3.000,2.056,11.040,16.031,23.317,0.000,0.000,0,2,1.4939,83,166,83,91,70
29,post_landing,63,1075.0,59,194.597,482.748,-0.42302,-0.33582,0.54011,0.003026,-0.077292,0,1,4.63200,1624.548,2.816,3.000,2.071,11.044,16.029,23.395,0.000,0.000,0,1,1.4939,83,166,83,91,70
29,post_landing,64,1092.0,59,194.173,482.714,-0.52286,-0.02604,0.52351,0.007664,-0.074253,0,1,4.63200,1624.548,2.816,3.000,2.069,11.044,16.030,23.382,0.000,0.000,0,1,1.4939,83,166,83,91,70
29,post_landing,65,1109.0,59,193.678,482.637,-0.41789,0.05836,0.42194,-0.004663,-0.067001,0,1,4.63200,1624.548,2.816,3.000,2.062,11.042,16.031,23.350,0.000,0.000,0,1,1.4939,83,166,83,91,70
29,post_landing,66,1125.0,59,193.258,482.688,-0.91234,-0.50334,1.04198,0.010989,-0.071684,0,1,4.63200,1624.548,2.816,3.000,2.066,11.043,16.031,23.371,0.000,0.000,0,1,1.4939,83,166,83,91,70
29,post_landing,67,1142.0,59,192.342,482.471,-0.89838,-0.21230,0.92313,0.010821,-0.060647,0,0,4.63200,1624.548,2.816,3.000,2.057,11.040,16.031,23.321,0.000,0.000,0,0,1.4939,83,166,83,91,70
29,post_landing,68,1159.0,59,191.492,482.468,-0.77551,-0.19548,0.79977,-0.003672,-0.050409,0,1,4.63200,1624.548,2.816,3.000,2.048,11.036,16.030,22.224,0.000,0.000,0,1,1.4939,83,166,83,91,70
29,post_landing,69,1175.0,59,190.713,482.511,-0.50488,-0.02009,0.50528,-0.013494,-0.054097,0,1,4.63200,1624.548,2.816,3.000,2.051,11.038,16.031,22.238,0.000,0.000,0,1,1.4939,83,166,83,91,70
29,post_landing,70,1192.0,59,190.206,482.645,-0.99786,0.09158,1.00205,0.019977,-0.067651,0,1,4.63200,1624.548,2.816,3.000,2.063,11.042,16.031,23.353,0.000,0.000,0,1,1.4939,83,166,83,91,70
29,post_landing,71,1209.0,59,189.262,482.452,-0.94478,-0.23473,0.97350,-0.000824,-0.048748,0,1,4.63200,1624.548,2.816,3.000,2.046,11.036,16.030,22.218,0.000,0.000,0,1,1.4939,83,166,83,91,70
29,post_landing,72,1225.0,59,188.313,482.465,-0.64984,0.01983,0.65014,-0.011385,-0.049576,0,1,4.63200,1624.548,2.816,3.000,2.047,11.036,16.030,22.221,0.000,0.000,0,1,1.4939,83,166,83,91,70
29,post_landing,73,1242.0,59,187.660,482.577,-0.48912,0.02813,0.48993,-0.013413,-0.061011,0,1,4.63200,1624.548,2.816,3.000,2.057,11.041,16.031,23.323,0.000,0.000,0,1,1.4939,83,166,83,91,70
29,post_landing,74,1259.0,59,187.197,482.708,-0.45936,-0.08029,0.46632,-0.021237,-0.073702,0,1,4.63200,1624.548,2.816,3.000,2.068,11.044,16.030,23.379,0.000,0.000,0,1,1.4939,83,166,83,91,70
29,post_landing,75,1275.0,59,186.736,482.945,-0.99707,0.15933,1.00972,0.035243,-0.095033,0,1,4.63200,1624.548,2.816,3.000,2.086,11.045,16.023,23.466,0.000,0.000,0,1,1.4939,83,166,83,91,70
29,post_landing,76,1292.0,59,185.734,482.563,-0.72639,0.13192,0.73827,0.001978,-0.059635,0,1,4.63200,1624.548,2.816,3.000,2.056,11.040,16.031,23.317,0.000,0.000,0,1,1.4939,83,166,83,91,70
29,post_landing,77,1309.0,59,185.047,482.542,-0.68292,-0.14164,0.69745,-0.013868,-0.057763,0,1,4.63200,1624.548,2.816,3.000,2.054,11.039,16.031,22.252,0.000,0.000,0,1,1.4939,83,166,83,91,70
29,post_landing,78,1325.0,59,184.361,482.688,-0.53868,0.01335,0.53884,-0.022130,-0.071692,0,1,4.63200,1624.548,2.816,3.000,2.066,11.043,16.031,23.371,0.000,0.000,0,1,1.4939,83,166,83,91,70
29,post_landing,79,1342.0,59,183.820,482.938,-0.54357,0.16181,0.56715,-0.015216,-0.093919,0,1,4.63200,1624.548,2.816,3.000,2.085,11.045,16.023,23.461,0.000,0.000,0,1,1.4939,83,166,83,91,70
29,post_landing,80,1359.0,59,183.306,483.101,-0.44903,0.00000,0.44903,-0.029125,-0.108316,0,1,4.63200,1624.548,2.816,3.000,2.096,11.044,16.122,23.514,0.000,0.000,0,1,1.4939,83,166,83,91,70
29,post_landing,81,1375.0,59,182.855,483.390,-0.44216,0.28333,0.52515,-0.028679,-0.137569,0,0,4.63200,1624.548,2.816,3.000,10.180,12.161,16.123,23.743,0.000,0.000,0,0,1.4939,83,166,83,91,70
29,post_landing,82,1392.0,59,182.411,483.872,-0.42464,0.10831,0.43823,-0.015853,-0.166374,0,1,4.63200,1624.548,2.816,3.000,10.193,12.166,16.110,24.993,0.000,0.000,0,1,1.4939,83,166,83,91,70
29,post_landing,83,1409.0,59,182.009,484.091,-0.51634,-0.07701,0.52205,-0.009853,-0.181374,0,1,4.63200,1624.548,2.816,3.000,10.197,12.164,15.475,25.049,0.000,0.000,0,1,1.4939,83,166,83,91,70
29,post_landing,84,1425.0,59,181.490,484.235,-0.43493,-0.06487,0.43974,-0.011990,-0.191271,0,1,4.63200,1624.548,2.816,3.000,10.198,12.161,15.487,25.083,0.000,0.000,0,1,1.4939,83,166,83,91,70
29,post_landing,85,1442.0,59,181.053,484.418,-0.35361,-0.04221,0.35612,-0.012769,-0.203313,0,1,4.63200,1624.548,2.816,3.000,10.198,13.338,15.499,25.121,0.000,0.000,0,1,1.4939,83,166,83,91,70
29,post_landing,86,1459.0,59,180.719,484.606,-0.27635,0.00000,0.27635,-0.012318,-0.215396,0,1,4.63200,1624.548,2.816,3.000,10.196,13.341,15.508,29.490,0.000,0.000,0,1,1.4939,83,166,83,91,70
29,post_landing,87,1475.0,59,180.441,484.813,-0.31220,-0.07211,0.32042,-0.010663,-0.227767,0,1,4.63200,1624.548,2.816,3.000,11.393,13.342,17.690,29.535,0.000,0.000,0,1,1.4939,83,166,83,91,70
29,post_landing,88,1492.0,59,180.128,485.014,-0.28557,-0.20415,0.35104,-0.030358,-0.238477,0,1,4.63200,1624.548,2.816,3.000,11.397,13.341,20.851,31.749,0.000,0.000,0,2,1.4939,83,166,83,91,70
29,post_landing,89,1509.0,59,179.858,485.076,-0.28146,0.06545,0.28897,-0.029920,-0.267200,0,0,4.63200,1624.548,2.816,3.000,11.402,13.331,20.874,31.840,0.000,0.000,0,0,1.4939,83,166,83,91,70
29,post_landing,90,1525.0,59,179.575,485.431,-0.27716,0.34779,0.44471,-0.029463,-0.297252,0,0,4.63200,1624.548,2.816,3.000,9.484,12.645,20.880,33.155,0.000,0.000,0,0,1.4939,83,166,83,91,70
29,post_landing,91,1542.0,59,179.296,485.948,-0.28552,0.07937,0.29635,-0.016757,-0.326844,0,1,4.63200,1624.548,2.816,3.000,9.487,12.649,22.136,33.212,0.000,0.000,0,1,1.4939,83,166,83,91,70
29,post_landing,92,1559.0,59,179.026,486.139,-0.26165,0.02199,0.26257,-0.011295,-0.342699,0,1,4.63200,1624.548,2.816,3.000,9.485,12.646,21.525,33.230,0.000,0.000,0,1,1.4939,83,166,83,91,70
29,post_landing,93,1575.0,59,178.763,486.284,-0.48750,-0.20371,0.52835,-0.004076,-0.354043,0,1,4.63200,1624.548,2.816,3.000,9.482,12.643,21.533,33.238,0.000,0.000,0,1,1.4939,83,166,83,91,70
29,post_landing,94,1592.0,59,178.274,486.327,-0.30240,-0.07595,0.31179,-0.011667,-0.358137,0,1,4.63200,1624.548,2.816,3.000,9.481,12.641,21.535,33.239,0.000,0.000,0,1,1.4939,83,166,83,91,70
29,post_landing,95,1609.0,59,177.988,486.469,-0.42900,0.00000,0.42900,-0.000870,-0.369177,0,1,4.63200,1624.548,2.816,3.000,2.226,12.635,21.539,33.963,0.000,0.000,0,1,1.4939,83,166,83,91,70
29,post_landing,96,1625.0,59,177.557,486.499,-0.55951,0.03542,0.56063,0.003775,-0.370051,0,1,4.63200,1624.548,2.816,3.000,2.226,12.634,21.539,33.965,0.000,0.000,0,1,1.4939,83,166,83,91,70
29,post_landing,97,1642.0,59,176.995,486.430,-0.66010,0.12086,0.67107,0.009725,-0.366260,0,1,4.63200,1624.548,2.816,3.000,9.477,12.637,21.538,33.958,0.000,0.000,0,1,1.4939,83,166,83,91,70
29,post_landing,98,1659.0,59,176.370,486.309,-0.78495,0.19959,0.80993,0.018024,-0.357058,0,1,4.63200,1624.548,2.816,3.000,9.481,12.641,21.535,33.239,0.000,0.000,0,1,1.4939,83,166,83,91,70
29,post_landing,99,1676.0,59,175.582,486.390,-1.17685,0.20862,1.19520,0.045415,-0.338955,0,1,4.63200,1624.548,2.816,3.000,9.485,12.647,22.133,33.226,0.000,0.000,0,2,1.4939,83,166,83,91,70
29,post_landing,100,1692.0,59,174.400,486.317,-0.85287,-0.70575,1.10701,-0.032543,-0.293340,0,1,4.63200,1624.548,2.816,3.000,11.398,12.644,20.881,33.146,0.000,0.000,0,5,1.4939,83,166,83,91,70
29,post_landing,101,1709.0,59,173.593,485.906,-0.51046,-0.23591,0.56234,-0.048273,-0.324131,0,1,4.63200,1624.548,2.816,3.000,9.487,12.649,22.136,33.208,0.000,0.000,0,1,1.4939,83,166,83,91,70
29,post_landing,102,1725.0,59,173.080,485.958,-0.50265,0.05104,0.50523,-0.047535,-0.372617,0,0,4.63200,1624.548,2.816,3.000,2.227,12.633,21.540,33.969,0.000,0.000,0,0,1.4939,83,166,83,91,70
29,post_landing,103,1742.0,59,172.575,486.298,-0.49496,0.33359,0.59688,-0.046807,-0.420360,0,0,4.63200,1624.548,2.816,3.000,2.234,11.170,21.932,34.423,0.000,0.000,0,0,1.4939,83,166,83,91,70
29,post_landing,104,1759.0,59,172.107,486.870,-0.48783,0.59545,0.76977,-0.046133,-0.464649,0,0,4.63200,1624.548,2.816,3.000,3.578,17.889,29.517,34.435,0.000,0.000,0,0,1.4939,83,166,83,91,70
29,post_landing,105,1775.0,59,171.617,487.757,-0.48037,0.86967,0.99352,-0.045428,-0.510985,0,0,4.63200,1624.548,2.816,3.000,3.595,12.529,30.887,34.376,0.000,0.000,0,0,1.4939,83,166,83,91,70
29,post_landing,106,1792.0,59,171.135,488.919,-0.47302,1.13970,1.23396,-0.044733,-0.556612,0,0,4.63200,1624.548,2.816,3.000,10.811,21.094,31.906,33.075,0.000,0.000,0,0,1.4939,83,166,83,91,70
29,post_landing,107,1809.0,59,170.687,490.254,-0.46621,1.38996,1.46606,-0.044088,-0.598937,0,0,4.63200,1624.548,2.816,3.000,20.806,22.458,32.448,32.972,0.000,0.000,0,0,1.4939,83,166,83,91,70
29,post_landing,108,1826.0,59,170.219,491.517,-0.58719,0.00000,0.58719,-0.013309,-0.643219,0,1,4.63200,1624.548,2.816,3.000,22.200,23.600,30.800,35.000,0.000,0.000,0,8,1.4939,83,166,83,91,70
29,post_landing,109,1842.0,59,169.629,491.638,-0.66593,0.02029,0.66624,-0.007412,-0.656587,0,1,4.63200,1624.548,2.816,3.000,22.193,23.414,30.790,50.606,0.000,0.000,0,7,1.4939,83,166,83,91,70
29,post_landing,110,1859.0,59,168.999,491.674,-0.54785,0.00000,0.54785,-0.006443,-0.663599,0,1,4.63200,1624.548,2.816,3.000,21.400,23.419,30.782,50.606,0.000,0.000,0,6,1.4939,83,166,83,91,70
29,post_landing,111,1876.0,59,168.449,491.736,-3.46145,-2.01634,4.00591,0.059288,-0.670071,0,1,4.63200,1624.548,2.816,3.000,21.398,23.424,30.773,50.603,0.000,0.000,0,6,1.4939,83,166,83,91,70
29,post_landing,112,1892.0,59,164.972,489.999,-3.40849,-1.70216,3.80988,0.058381,-0.610523,0,0,4.63200,1624.548,2.816,3.000,22.201,22.447,30.803,32.934,0.000,0.000,0,0,1.4939,83,166,83,91,70
29,post_landing,113,1909.0,59,161.747,488.645,-3.35941,-1.41098,3.64369,0.057540,-0.555284,0,0,4.63200,1624.548,2.816,3.000,10.811,21.095,31.905,33.078,0.000,0.000,0,0,1.4939,83,166,83,91,70
29,post_landing,114,1925.0,59,158.373,487.517,-3.30801,-1.10606,3.48802,0.056660,-0.497491,0,0,4.63200,1624.548,2.816,3.000,3.591,12.530,30.885,34.401,0.000,0.000,0,0,1.4939,83,166,83,91,70
29,post_landing,115,1942.0,59,155.050,486.695,-3.25740,-0.80580,3.35559,0.055793,-0.440582,0,0,4.63200,1624.548,2.816,3.000,3.566,11.177,27.730,34.437,0.000,0.000,0,0,1.4939,83,166,83,91,70
29,post_landing,116,1959.0,59,151.968,486.188,-3.21049,-0.52753,3.25354,0.054989,-0.387793,0,0,4.63200,1624.548,2.816,3.000,2.230,12.622,21.540,33.992,0.000,0.000,0,0,1.4939,83,166,83,91,70
29,post_landing,117,1975.0,59,148.744,485.947,-3.16137,-0.23613,3.17018,0.054148,-0.332562,0,0,4.63200,1624.548,2.816,3.000,9.486,12.648,22.135,33.219,0.000,0.000,0,0,1.4939,83,166,83,91,70
29,post_landing,118,1992.0,59,145.568,485.546,-1.97462,0.01931,1.97471,-0.020820,-0.278176,0,1,4.63200,1624.548,2.816,3.000,11.401,12.637,20.879,33.104,0.000,0.000,0,2,1.4939,83,166,83,91,70
30,falling,0,13.0,,195.000,96.616,0.00000,0.43333,0.43333,0.000000,0.000000,0,0,3.61400,888.625,5.169,11.000,11.000,11.000,12.000,12.000,0.000,0.000,0,0,1.6908,61,122,61,63,64
30,falling,1,20.0,,195.000,96.846,0.00000,0.54727,0.54727,0.000000,0.000000,0,0,3.61400,888.625,5.169,11.000,11.000,11.000,12.000,12.000,0.000,0.000,0,0,1.6908,61,122,61,63,64
30,falling,2,37.0,,195.000,97.685,0.00000,0.82223,0.82223,0.000000,0.000000,0,0,3.61400,888.625,5.169,11.000,11.000,11.000,12.000,12.000,0.000,0.000,0,0,1.6908,61,122,61,63,64
30,falling,3,54.0,,195.000,98.719,0.00000,1.07706,1.07706,0.000000,0.000000,0,0,3.61400,888.625,5.169,11.000,11.000,11.000,12.000,12.000,0.000,0.000,0,0,1.6908,61,122,61,63,64
30,falling,4,70.0,,195.000,100.089,0.00000,1.34391,1.34391,0.000000,0.000000,0,0,3.61400,888.625,5.169,11.000,11.000,11.000,12.000,12.000,0.000,0.000,0,0,1.6908,61,122,61,63,64
30,falling,5,87.0,,195.000,101.728,0.00000,1.60668,1.60668,0.000000,0.000000,0,0,3.61400,888.625,5.169,11.000,11.000,11.000,12.000,12.000,0.000,0.000,0,0,1.6908,61,122,61,63,64
30,falling,6,104.0,,195.000,103.631,0.00000,1.86543,1.86543,0.000000,0.000000,0,0,3.61400,888.625,5.169,11.000,11.000,11.000,12.000,12.000,0.000,0.000,0,0,1.6908,61,122,61,63,64
30,falling,7,120.0,,195.000,105.652,0.00000,2.10524,2.10524,0.000000,0.000000,0,0,3.61400,888.625,5.169,11.000,11.000,11.000,12.000,12.000,0.000,0.000,0,0,1.6908,61,122,61,63,64
30,falling,8,137.0,,195.000,108.055,0.00000,2.35636,2.35636,0.000000,0.000000,0,0,3.61400,888.625,5.169,11.000,11.000,11.000,12.000,12.000,0.000,0.000,0,0,1.6908,61,122,61,63,64
30,falling,9,154.0,,195.000,110.711,0.00000,2.60364,2.60364,0.000000,0.000000,0,0,3.61400,888.625,5.169,11.000,11.000,11.000,12.000,12.000,0.000,0.000,0,0,1.6908,61,122,61,63,64
30,falling,10,170.0,,195.000,113.431,0.00000,2.83282,2.83282,0.000000,0.000000,0,0,3.61400,888.625,5.169,11.000,11.000,11.000,12.000,12.000,0.000,0.000,0,0,1.6908,61,122,61,63,64
30,falling,11,187.0,,195.000,116.565,0.00000,3.07281,3.07281,0.000000,0.000000,0,0,3.61400,888.625,5.169,11.000,11.000,11.000,12.000,12.000,0.000,0.000,0,0,1.6908,61,122,61,63,64
30,falling,12,204.0,,195.000,119.940,0.00000,3.30913,3.30913,0.000000,0.000000,0,0,3.61400,888.625,5.169,11.000,11.000,11.000,12.000,12.000,0.000,0.000,0,0,1.6908,61,122,61,63,64
30,falling,13,220.0,,195.000,123.327,0.00000,3.52814,3.52814,0.000000,0.000000,0,0,3.61400,888.625,5.169,11.000,11.000,11.000,12.000,12.000,0.000,0.000,0,0,1.6908,61,122,61,63,64
30,falling,14,237.0,,195.000,127.160,0.00000,3.75750,3.75750,0.000000,0.000000,0,0,3.61400,888.625,5.169,11.000,11.000,11.000,12.000,12.000,0.000,0.000,0,0,1.6908,61,122,61,63,64
30,falling,15,254.0,,195.000,131.223,0.00000,3.98334,3.98334,0.000000,0.000000,0,0,3.61400,888.625,5.169,11.000,11.000,11.000,12.000,12.000,0.000,0.000,0,0,1.6908,61,122,61,63,64
30,falling,16,270.0,,195.000,135.248,0.00000,4.19265,4.19265,0.000000,0.000000,0,0,3.61400,888.625,5.169,11.000,11.000,11.000,12.000,12.000,0.000,0.000,0,0,1.6908,61,122,61,63,64
30,falling,17,287.0,,195.000,139.748,0.00000,4.41183,4.41183,0.000000,0.000000,0,0,3.61400,888.625,5.169,11.000,11.000,11.000,12.000,12.000,0.000,0.000,0,0,1.6908,61,122,61,63,64
30,falling,18,304.0,,195.000,144.178,0.00000,4.61497,4.61497,0.000000,0.000000,0,0,3.61400,888.625,5.169,11.000,11.000,11.000,12.000,12.000,0.000,0.000,0,0,1.6908,61,122,61,63,64
30,falling,19,320.0,,195.000,149.102,0.00000,4.82769,4.82769,0.000000,0.000000,0,0,3.61400,888.625,5.169,11.000,11.000,11.000,12.000,12.000,0.000,0.000,0,0,1.6908,61,122,61,63,64
30,falling,20,337.0,,195.000,154.240,0.00000,5.03716,5.03716,0.000000,0.000000,0,0,3.61400,888.625,5.169,11.000,11.000,11.000,12.000,12.000,0.000,0.000,0,0,1.6908,61,122,61,63,64
30,falling,21,354.0,,195.000,159.262,0.00000,5.23129,5.23129,0.000000,0.000000,0,0,3.61400,888.625,5.169,11.000,11.000,11.000,12.000,12.000,0.000,0.000,0,0,1.6908,61,122,61,63,64
30,falling,22,370.0,,195.000,164.806,0.00000,5.43459,5.43459,0.000000,0.000000,0,0,3.61400,888.625,5.169,11.000,11.000,11.000,12.000,12.000,0.000,0.000,0,0,1.6908,61,122,61,63,64
30,falling,23,387.0,,195.000,170.553,0.00000,5.63477,5.63477,0.000000,0.000000,0,0,3.61400,888.625,5.169,11.000,11.000,11.000,12.000,12.000,0.000,0.000,0,0,1.6908,61,122,61,63,64
30,falling,24,404.0,,195.000,176.141,0.00000,5.82030,5.82030,0.000000,0.000000,0,0,3.61400,888.625,5.169,11.000,11.000,11.000,12.000,12.000,0.000,0.000,0,0,1.6908,61,122,61,63,64
30,falling,25,421.0,,195.000,182.275,0.00000,6.01458,6.01458,0.000000,0.000000,0,0,3.61400,888.625,5.169,11.000,11.000,11.000,12.000,12.000,0.000,0.000,0,0,1.6908,61,122,61,63,64
30,falling,26,437.0,,195.000,188.606,0.00000,6.20589,6.20589,0.000000,0.000000,0,0,3.61400,888.625,5.169,11.000,11.000,11.000,12.000,12.000,0.000,0.000,0,0,1.6908,61,122,61,63,64
30,falling,27,454.0,,195.000,194.733,0.00000,6.38319,6.38319,0.000000,0.000000,0,0,3.61400,888.625,5.169,11.000,11.000,11.000,12.000,12.000,0.000,0.000,0,0,1.6908,61,122,61,63,64
30,falling,28,470.0,,195.000,201.434,0.00000,6.56886,6.56886,0.000000,0.000000,0,0,3.61400,888.625,5.169,11.000,11.000,11.000,12.000,12.000,0.000,0.000,0,0,1.6908,61,122,61,63,64
30,falling,29,487.0,,195.000,208.320,0.00000,6.75169,6.75169,0.000000,0.000000,0,0,3.61400,888.625,5.169,11.000,11.000,11.000,12.000,12.000,0.000,0.000,0,0,1.6908,61,122,61,63,64
30,falling,30,504.0,,195.000,214.965,0.00000,6.92114,6.92114,0.000000,0.000000,0,0,3.61400,888.625,5.169,11.000,11.000,11.000,11.000,12.000,0.000,0.000,0,0,1.6908,61,122,61,63,64
30,falling,31,520.0,,195.000,222.205,0.00000,7.09857,7.09857,0.000000,0.000000,0,0,3.61400,888.625,5.169,11.000,11.000,11.000,12.000,12.000,0.000,0.000,0,0,1.6908,61,122,61,63,64
30,falling,32,537.0,,195.000,229.624,0.00000,7.27330,7.27330,0.000000,0.000000,0,0,3.61400,888.625,5.169,11.000,11.000,11.000,12.000,12.000,0.000,0.000,0,0,1.6908,61,122,61,63,64
30,falling,33,554.0,,195.000,236.762,0.00000,7.43523,7.43523,0.000000,0.000000,0,0,3.61400,888.625,5.169,11.000,11.000,11.000,12.000,12.000,0.000,0.000,0,0,1.6908,61,122,61,63,64
30,falling,34,570.0,,195.000,244.519,0.00000,7.60481,7.60481,0.000000,0.000000,0,0,3.61400,888.625,5.169,11.000,11.000,11.000,12.000,12.000,0.000,0.000,0,0,1.6908,61,122,61,63,64
30,falling,35,587.0,,195.000,252.446,0.00000,7.77179,7.77179,0.000000,0.000000,0,0,3.61400,888.625,5.169,11.000,11.000,11.000,12.000,12.000,0.000,0.000,0,0,1.6908,61,122,61,63,64
30,falling,36,604.0,,195.000,260.541,0.00000,7.93621,7.93621,0.000000,0.000000,0,0,3.61400,888.625,5.169,11.000,11.000,11.000,12.000,12.000,0.000,0.000,0,0,1.6908,61,122,61,63,64
30,falling,37,621.0,,195.000,268.306,0.00000,8.08860,8.08860,0.000000,0.000000,0,0,3.61400,888.625,5.169,11.000,11.000,11.000,12.000,12.000,0.000,0.000,0,0,1.6908,61,122,61,63,64
30,falling,38,637.0,,195.000,276.719,0.00000,8.24817,8.24817,0.000000,0.000000,0,0,3.61400,888.625,5.169,11.000,11.000,11.000,12.000,12.000,0.000,0.000,0,0,1.6908,61,122,61,63,64
30,falling,39,654.0,,195.000,285.292,0.00000,8.40531,8.40531,0.000000,0.000000,0,0,3.61400,888.625,5.169,11.000,11.000,11.000,12.000,12.000,0.000,0.000,0,0,1.6908,61,122,61,63,64
30,falling,40,670.0,,195.000,293.501,0.00000,8.55094,8.55094,0.000000,0.000000,0,0,3.61400,888.625,5.169,11.000,11.000,11.000,12.000,12.000,0.000,0.000,0,0,1.6908,61,122,61,63,64
30,falling,41,687.0,,195.000,302.379,0.00000,8.70344,8.70344,0.000000,0.000000,0,0,3.61400,888.625,5.169,11.000,11.000,11.000,12.000,12.000,0.000,0.000,0,0,1.6908,61,122,61,63,64
30,falling,42,704.0,,195.000,311.410,0.00000,8.85361,8.85361,0.000000,0.000000,0,0,3.61400,888.625,5.169,11.000,11.000,11.000,12.000,12.000,0.000,0.000,0,0,1.6908,61,122,61,63,64
30,falling,43,721.0,,195.000,320.043,0.00000,8.99279,8.99279,0.000000,0.000000,0,0,3.61400,888.625,5.169,11.000,11.000,11.000,12.000,12.000,0.000,0.000,0,0,1.6908,61,122,61,63,64
30,falling,44,737.0,,195.000,329.364,0.00000,9.13853,9.13853,0.000000,0.000000,0,0,3.61400,888.625,5.169,11.000,11.000,11.000,12.000,12.000,0.000,0.000,0,0,1.6908,61,122,61,63,64
30,falling,45,754.0,,195.000,338.832,0.00000,9.28205,9.28205,0.000000,0.000000,0,0,3.61400,888.625,5.169,11.000,11.000,11.000,12.000,12.000,0.000,0.000,0,0,1.6908,61,122,61,63,64
30,falling,46,770.0,,195.000,347.870,0.00000,9.41505,9.41505,0.000000,0.000000,0,0,3.61400,888.625,5.169,11.000,11.000,11.000,12.000,12.000,0.000,0.000,0,0,1.6908,61,122,61,63,64
30,falling,47,787.0,,195.000,357.615,0.00000,9.55433,9.55433,0.000000,0.000000,0,0,3.61400,888.625,5.169,11.000,11.000,11.000,12.000,12.000,0.000,0.000,0,0,1.6908,61,122,61,63,64
30,falling,48,804.0,,195.000,367.501,0.00000,9.69149,9.69149,0.000000,0.000000,0,0,3.61400,888.625,5.169,11.000,11.000,11.000,12.000,12.000,0.000,0.000,0,0,1.6908,61,122,61,63,64
30,falling,49,821.0,,195.000,376.927,0.00000,9.81860,9.81860,0.000000,0.000000,0,0,3.61400,888.625,5.169,11.000,11.000,11.000,12.000,12.000,0.000,0.000,0,0,1.6908,61,122,61,63,64
30,falling,50,837.0,,195.000,387.077,0.00000,9.95170,9.95170,0.000000,0.000000,0,0,3.61400,888.625,5.169,11.000,11.000,11.000,12.000,12.000,0.000,0.000,0,0,1.6908,61,122,61,63,64
30,falling,51,854.0,,195.000,397.362,0.00000,10.08278,10.08278,0.000000,0.000000,0,0,3.61400,888.625,5.169,11.000,11.000,11.000,12.000,12.000,0.000,0.000,0,0,1.6908,61,122,61,63,64
30,falling,52,871.0,,195.000,407.158,0.00000,10.20425,10.20425,0.000000,0.000000,0,0,3.61400,888.625,5.169,11.000,11.000,11.000,12.000,12.000,0.000,0.000,0,0,1.6908,61,122,61,63,64
30,falling,53,887.0,,195.000,417.696,0.00000,10.33146,10.33146,0.000000,0.000000,0,0,3.61400,888.625,5.169,11.000,11.000,11.000,12.000,12.000,0.000,0.000,0,0,1.6908,61,122,61,63,64
30,falling,54,904.0,,195.000,428.362,0.00000,10.45672,10.45672,0.000000,0.000000,0,0,3.61400,888.625,5.169,11.000,11.000,11.000,12.000,12.000,0.000,0.000,0,0,1.6908,61,122,61,63,64
30,falling,55,921.0,,195.000,438.512,0.00000,10.57281,10.57281,0.000000,0.000000,0,0,3.61400,888.625,5.169,11.000,11.000,11.000,12.000,12.000,0.000,0.000,0,0,1.6908,61,122,61,63,64
30,falling,56,937.0,,195.000,449.420,0.00000,10.69438,10.69438,0.000000,0.000000,0,0,3.61400,888.625,5.169,11.000,11.000,11.000,12.000,12.000,0.000,0.000,0,0,1.6908,61,122,61,63,64
30,falling,57,954.0,,195.000,460.450,0.00000,10.81409,10.81409,0.000000,0.000000,0,0,3.61400,888.625,5.169,11.000,11.000,11.000,12.000,12.000,0.000,0.000,0,0,1.6908,61,122,61,63,64
30,falling,58,971.0,,195.000,470.938,0.00000,10.92503,10.92503,0.000000,0.000000,0,0,3.61400,888.625,5.169,11.000,11.000,11.000,12.000,12.000,0.000,0.000,0,0,1.6908,61,122,61,63,64
30,post_landing,59,987.0,59,195.000,478.817,-1.27022,-0.29128,1.30319,-0.008296,0.000000,0,1,3.61400,888.625,5.169,11.000,11.000,11.000,12.000,12.000,0.000,0.000,0,2,1.6908,61,122,61,63,64
30,post_landing,60,1004.0,59,193.724,478.363,-1.25311,-0.28497,1.28510,-0.005109,-0.008332,0,1,3.61400,888.625,5.169,11.000,9.008,11.000,12.025,12.058,0.000,0.000,0,1,1.6908,61,122,61,63,64
30,post_landing,61,1021.0,59,192.539,478.362,-0.78700,0.00000,0.78700,-0.031126,-0.013166,0,1,3.61400,888.625,5.169,11.000,9.012,10.999,12.038,12.091,0.000,0.000,0,1,1.6908,61,122,61,63,64
30,post_landing,62,1037.0,59,191.748,478.602,-0.59531,-0.05857,0.59818,-0.027992,-0.044428,0,1,3.61400,888.625,5.169,11.000,9.036,10.989,12.121,12.299,0.000,0.000,0,1,1.6908,61,122,61,63,64
30,post_landing,63,1054.0,59,191.150,478.821,-0.41787,-0.05919,0.42204,-0.026617,-0.072543,0,1,3.61400,888.625,5.169,11.000,9.049,10.971,12.186,12.476,0.000,0.000,0,1,1.6908,61,122,61,63,64
30,post_landing,64,1071.0,59,190.755,479.043,-0.24566,-0.01229,0.24597,-0.025572,-0.097728,0,1,3.61400,888.625,5.169,11.000,9.055,10.948,12.235,12.626,0.000,0.000,0,1,1.6908,61,122,61,63,64
30,post_landing,65,1087.0,59,190.508,479.307,-0.14591,-0.06026,0.15787,-0.043932,-0.123412,0,1,3.61400,888.625,5.169,11.000,9.055,10.916,12.278,12.770,0.000,0.000,0,1,1.6908,61,122,61,63,64
30,post_landing,66,1104.0,59,190.361,479.536,-0.14368,0.22399,0.26611,-0.043260,-0.167537,0,0,3.61400,888.625,5.169,11.000,9.041,9.041,12.332,12.999,0.000,0.000,0,0,1.6908,61,122,61,63,64
30,post_landing,67,1121.0,59,190.226,480.004,-0.14161,0.48743,0.50759,-0.042637,-0.208468,0,0,3.61400,888.625,5.169,11.000,4.120,9.012,12.568,13.396,0.000,0.000,0,0,1.6908,61,122,61,63,64
30,post_landing,68,1137.0,59,190.083,480.782,-0.13944,0.76331,0.77594,-0.041984,-0.251292,0,0,3.61400,888.625,5.169,11.000,4.123,8.966,12.618,13.612,0.000,0.000,0,0,1.6908,61,122,61,63,64
30,post_landing,69,1154.0,59,189.943,481.619,-0.61164,-0.29621,0.67959,-0.029861,-0.293460,0,1,3.61400,888.625,5.169,11.000,4.118,8.905,12.644,13.801,0.000,0.000,0,2,1.6908,61,122,61,63,64
30,post_landing,70,1171.0,59,189.365,481.594,-0.60283,-0.02528,0.60336,-0.029431,-0.321714,0,0,3.61400,888.625,5.169,11.000,4.111,8.854,12.649,13.914,0.000,0.000,0,0,1.6908,61,122,61,63,64
30,post_landing,71,1187.0,59,188.759,481.858,-0.59361,0.25844,0.64743,-0.028980,-0.351274,0,0,3.61400,888.625,5.169,11.000,4.100,4.100,12.644,14.020,0.000,0.000,0,0,1.6908,61,122,61,63,64
30,post_landing,72,1204.0,59,188.163,482.406,-0.58453,0.53782,0.79431,-0.028537,-0.380382,0,0,3.61400,888.625,5.169,11.000,4.085,4.085,11.142,14.112,0.000,0.000,0,0,1.6908,61,122,61,63,64
30,post_landing,73,1221.0,59,187.610,483.171,-0.57611,0.79674,0.98321,-0.028126,-0.407383,0,0,3.61400,888.625,5.169,11.000,4.069,4.069,11.163,14.188,0.000,0.000,0,0,1.6908,61,122,61,63,64
30,post_landing,74,1237.0,59,187.031,483.832,-0.86724,0.05976,0.86929,-0.018374,-0.435633,0,1,3.61400,888.625,5.169,11.000,4.048,4.048,11.176,14.255,0.000,0.000,0,1,1.6908,61,122,61,63,64
30,post_landing,75,1254.0,59,186.160,484.156,-0.79521,0.03750,0.79610,-0.016235,-0.454088,0,1,3.61400,888.625,5.169,11.000,4.033,4.033,11.180,14.293,0.000,0.000,0,1,1.6908,61,122,61,63,64
30,post_landing,76,1271.0,59,185.408,484.457,-0.71251,0.04672,0.71404,-0.014540,-0.469449,0,1,3.61400,888.625,5.169,11.000,4.020,4.020,11.180,14.321,0.000,0.000,0,1,1.6908,61,122,61,63,64
30,post_landing,77,1287.0,59,184.692,484.760,-0.65778,0.03259,0.65858,-0.014719,-0.484054,0,1,3.61400,888.625,5.169,11.000,4.006,4.006,11.178,14.344,0.000,0.000,0,1,1.6908,61,122,61,63,64
30,post_landing,78,1304.0,59,184.031,485.067,-0.60882,0.03428,0.60978,-0.014239,-0.498837,0,1,3.61400,888.625,5.169,11.000,0.000,3.991,11.173,14.365,0.000,0.000,0,1,1.6908,61,122,61,63,64
30,post_landing,79,1321.0,59,183.455,485.353,-0.55818,0.04562,0.56004,-0.012951,-0.512310,0,1,3.61400,888.625,5.169,11.000,0.000,3.977,11.167,14.381,0.000,0.000,0,1,1.6908,61,122,61,63,64
30,post_landing,80,1337.0,59,182.895,485.643,-0.52641,0.07648,0.53193,-0.024943,-0.525317,0,1,3.61400,888.625,5.169,11.000,0.000,3.962,11.159,14.394,0.000,0.000,0,1,1.6908,61,122,61,63,64
30,post_landing,81,1354.0,59,182.366,486.009,-0.51835,0.35864,0.63033,-0.024561,-0.550370,0,0,3.61400,888.625,5.169,11.000,0.000,3.932,11.138,14.412,0.000,0.000,0,0,1.6908,61,122,61,63,64
30,post_landing,82,1371.0,59,181.875,486.604,-0.51089,0.62014,0.80348,-0.024207,-0.573609,0,0,3.61400,888.625,5.169,11.000,0.000,6.370,6.913,15.506,0.000,0.000,0,0,1.6908,61,122,61,63,64
30,post_landing,83,1387.0,59,181.362,487.350,-0.66667,0.16880,0.68770,-0.017071,-0.597922,0,1,3.61400,888.625,5.169,11.000,0.000,6.384,6.947,24.148,0.000,0.000,0,1,1.6908,61,122,61,63,64
30,post_landing,84,1404.0,59,180.693,487.769,-0.57346,0.12715,0.58739,-0.014648,-0.615068,0,1,3.61400,888.625,5.169,11.000,0.000,6.392,6.969,29.171,0.000,0.000,0,1,1.6908,61,122,61,63,64
30,post_landing,85,1421.0,59,180.150,488.118,-0.47609,0.11870,0.49067,-0.012858,-0.628927,0,1,3.61400,888.625,5.169,11.000,0.000,6.396,6.985,31.982,0.000,0.000,0,1,1.6908,61,122,61,63,64
30,post_landing,86,1438.0,59,179.672,488.458,-0.39616,0.10862,0.41078,-0.013053,-0.641841,0,1,3.61400,888.625,5.169,11.000,0.000,6.400,6.998,33.398,0.000,0.000,0,1,1.6908,61,122,61,63,64
30,post_landing,87,1454.0,59,179.274,488.801,-0.34906,0.09911,0.36286,-0.012297,-0.654952,0,1,3.61400,888.625,5.169,11.000,0.000,6.402,7.011,33.412,0.000,0.000,0,1,1.6908,61,122,61,63,64
30,post_landing,88,1471.0,59,178.944,489.109,-0.31162,0.09565,0.32597,-0.010948,-0.666587,0,1,3.61400,888.625,5.169,11.000,0.000,6.403,7.021,33.419,0.000,0.000,0,1,1.6908,61,122,61,63,64
30,post_landing,89,1488.0,59,178.631,489.412,-0.27869,0.20048,0.34331,-0.019864,-0.677582,0,1,3.61400,888.625,5.169,11.000,0.000,6.403,7.030,35.454,0.000,0.000,0,1,1.6908,61,122,61,63,64
30,post_landing,90,1504.0,59,178.351,489.902,-0.27443,0.48074,0.55355,-0.019560,-0.697533,0,0,3.61400,888.625,5.169,11.000,0.000,6.401,7.044,39.693,0.000,0.000,0,0,1.6908,61,122,61,63,64
30,post_landing,91,1521.0,59,178.091,490.484,-0.34340,0.18955,0.39224,-0.014884,-0.716041,0,1,3.61400,888.625,5.169,11.000,0.000,6.398,7.054,41.766,0.000,0.000,0,1,1.6908,61,122,61,63,64
30,post_landing,92,1537.0,59,177.746,490.909,-0.36576,0.14044,0.39179,-0.008487,-0.730990,0,1,3.61400,888.625,5.169,11.000,0.000,6.393,7.061,41.773,0.000,0.000,0,1,1.6908,61,122,61,63,64
30,post_landing,93,1554.0,59,177.379,491.165,-0.35853,0.13735,0.38394,-0.005420,-0.739515,0,1,3.61400,888.625,5.169,11.000,0.000,6.390,7.064,42.447,0.000,0.000,0,1,1.6908,61,122,61,63,64
30,post_landing,94,1571.0,59,177.040,491.318,-0.33491,0.13173,0.35989,-0.004867,-0.744643,0,1,3.61400,888.625,5.169,11.000,0.000,6.387,7.065,42.449,0.000,0.000,0,1,1.6908,61,122,61,63,64
30,post_landing,95,1587.0,59,176.703,491.466,-0.32186,0.13264,0.34812,-0.004594,-0.749532,0,1,3.61400,888.625,5.169,11.000,0.000,6.385,7.067,42.450,0.000,0.000,0,1,1.6908,61,122,61,63,64
30,post_landing,96,1604.0,59,176.380,491.603,-0.31504,0.13167,0.34144,-0.004392,-0.754146,0,1,3.61400,888.625,5.169,11.000,0.000,2.783,7.068,42.450,0.000,0.000,0,1,1.6908,61,122,61,63,64
30,post_landing,97,1621.0,59,176.082,491.723,-0.30513,0.25532,0.39786,-0.008575,-0.758302,0,1,3.61400,888.625,5.169,11.000,0.000,2.789,7.068,42.449,0.000,0.000,0,1,1.6908,61,122,61,63,64
30,post_landing,98,1637.0,59,175.776,491.984,-0.30621,0.32579,0.44710,-0.015378,-0.766915,0,1,3.61400,888.625,5.169,11.000,0.000,2.802,7.070,42.445,0.000,0.000,0,1,1.6908,61,122,61,63,64
30,post_landing,99,1654.0,59,175.468,492.440,-0.32298,0.37752,0.49683,-0.019578,-0.782360,0,1,3.61400,888.625,5.169,11.000,0.000,2.824,7.071,42.431,0.000,0.000,0,1,1.6908,61,122,61,63,64
30,post_landing,100,1671.0,59,175.162,492.999,-0.33768,0.42077,0.53952,-0.021154,-0.800884,0,1,3.61400,888.625,5.169,11.000,0.000,2.850,29.021,42.399,0.000,0.000,0,1,1.6908,61,122,61,63,64
30,post_landing,101,1687.0,59,174.823,493.664,-0.34430,0.47463,0.58636,-0.022229,-0.822131,0,1,3.61400,888.625,5.169,11.000,0.000,3.611,35.435,41.717,0.000,0.000,0,1,1.6908,61,122,61,63,64
30,post_landing,102,1704.0,59,174.477,494.375,-0.34214,0.52131,0.62356,-0.023353,-0.844457,0,1,3.61400,888.625,5.169,11.000,0.000,3.655,37.620,45.426,0.000,0.000,0,1,1.6908,61,122,61,63,64
30,post_landing,103,1721.0,59,174.154,495.087,-0.33161,0.55458,0.64616,-0.023879,-0.866553,0,1,3.61400,888.625,5.169,11.000,0.000,3.696,38.402,45.450,0.000,0.000,0,1,1.6908,61,122,61,63,64
30,post_landing,104,1737.0,59,173.821,495.882,-0.31120,0.59743,0.67363,-0.024688,-0.890537,0,1,3.61400,888.625,5.169,11.000,0.000,32.164,38.418,45.599,0.000,0.000,0,1,1.6908,61,122,61,63,64
30,post_landing,105,1754.0,59,173.508,496.716,-0.29434,0.63264,0.69776,-0.024963,-0.915334,0,1,3.61400,888.625,5.169,11.000,32.193,35.181,38.412,45.606,0.000,0.000,0,1,1.6908,61,122,61,63,64
30,post_landing,106,1771.0,59,173.212,497.565,-0.43263,0.03552,0.43408,-0.012832,-0.940407,0,1,3.61400,888.625,5.169,11.000,35.215,35.215,42.420,46.612,0.000,0.000,0,2,1.6908,61,122,61,63,64
30,post_landing,107,1788.0,59,172.803,497.705,-0.39820,0.02953,0.39929,-0.012301,-0.952548,0,1,3.61400,888.625,5.169,11.000,35.224,35.224,42.432,46.615,0.000,0.000,0,2,1.6908,61,122,61,63,64
30,post_landing,108,1804.0,59,172.403,497.876,-0.43504,0.00000,0.43504,-0.005376,-0.964903,0,1,3.61400,888.625,5.169,11.000,35.228,35.228,42.438,46.612,0.000,0.000,0,4,1.6908,61,122,61,63,64
30,post_landing,109,1821.0,59,171.992,497.950,-0.46919,0.05025,0.47187,-0.001207,-0.969990,0,1,3.61400,888.625,5.169,11.000,35.228,35.228,42.438,46.609,0.000,0.000,0,5,1.6908,61,122,61,63,64
30,post_landing,110,1838.0,59,171.520,497.968,-0.07211,0.01492,0.07363,-0.032506,-0.971203,0,1,3.61400,888.625,5.169,11.000,10.816,35.228,42.438,46.608,0.000,0.000,0,5,1.6908,61,122,61,63,64
30,post_landing,111,1854.0,59,171.448,497.946,-0.44513,0.03589,0.44658,0.002914,-1.003851,0,1,3.61400,888.625,5.169,11.000,10.814,13.575,39.422,43.870,0.000,0.000,0,3,1.6908,61,122,61,63,64
30,post_landing,112,1871.0,59,171.027,497.933,-0.62415,0.00000,0.62415,0.016030,-1.001094,0,1,3.61400,888.625,5.169,11.000,10.815,35.207,39.418,43.865,0.000,0.000,0,3,1.6908,61,122,61,63,64
30,post_landing,113,1888.0,59,170.400,498.026,0.73125,0.22100,0.76392,-0.092255,-0.984993,0,1,3.61400,888.625,5.169,11.000,10.817,35.222,39.388,43.827,0.000,0.000,0,5,1.6908,61,122,61,63,64
30,post_landing,114,1904.0,59,171.134,498.266,-0.52995,0.06115,0.53347,0.015192,-1.077654,0,1,3.61400,888.625,5.169,11.000,5.824,12.122,17.881,43.887,0.000,0.000,0,3,1.6908,61,122,61,63,64
30,post_landing,115,1921.0,59,170.633,498.276,-0.18452,0.01870,0.18547,-0.007892,-1.063279,0,1,3.61400,888.625,5.169,11.000,5.828,12.142,39.435,43.902,0.000,0.000,0,4,1.6908,61,122,61,63,64
30,post_landing,116,1938.0,59,170.447,498.312,-0.25831,-0.04973,0.26305,-0.005508,-1.071206,0,1,3.61400,888.625,5.169,11.000,5.826,12.131,21.070,43.895,0.000,0.000,0,4,1.6908,61,122,61,63,64
30,post_landing,117,1954.0,59,170.188,498.262,-1.46853,-0.27508,1.49408,0.078473,-1.076738,0,1,3.61400,888.625,5.169,11.000,5.825,12.124,17.880,43.888,0.000,0.000,0,3,1.6908,61,122,61,63,64
30,post_landing,118,1971.0,59,168.713,498.024,-0.16889,-0.04430,0.17460,-0.033376,-0.997920,0,1,3.61400,888.625,5.169,11.000,10.815,35.211,39.413,43.858,0.000,0.000,0,4,1.6908,61,122,61,63,64
31,falling,0,20.0,,195.000,96.964,0.00000,0.53333,0.53333,0.000000,0.000000,0,0,3.29200,592.235,0.868,7.000,7.000,9.000,10.000,20.000,0.000,0.000,0,0,1.8880,58,116,58,65,67
31,falling,1,23.0,,195.000,97.032,0.00000,0.56571,0.56571,0.000000,0.000000,0,0,3.29200,592.235,0.868,7.000,7.000,9.000,10.000,20.000,0.000,0.000,0,0,1.8880,58,116,58,65,67
31,falling,2,39.0,,195.000,97.823,0.00000,0.82423,0.82423,0.000000,0.000000,0,0,3.29200,592.235,0.868,7.000,7.000,9.000,10.000,20.000,0.000,0.000,0,0,1.8880,58,116,58,65,67
31,falling,3,54.0,,195.000,98.859,0.00000,1.07902,1.07902,0.000000,0.000000,0,0,3.29200,592.235,0.868,7.000,7.000,9.000,10.000,20.000,0.000,0.000,0,0,1.8880,58,116,58,65,67
31,falling,4,71.0,,195.000,100.232,0.00000,1.34585,1.34585,0.000000,0.000000,0,0,3.29200,592.235,0.868,7.000,7.000,9.000,10.000,20.000,0.000,0.000,0,0,1.8880,58,116,58,65,67
31,falling,5,88.0,,195.000,101.873,0.00000,1.60859,1.60859,0.000000,0.000000,0,0,3.29200,592.235,0.868,7.000,7.000,9.000,10.000,20.000,0.000,0.000,0,0,1.8880,58,116,58,65,67
31,falling,6,104.0,,195.000,103.651,0.00000,1.85209,1.85209,0.000000,0.000000,0,0,3.29200,592.235,0.868,7.000,7.000,9.000,10.000,20.000,0.000,0.000,0,0,1.8880,58,116,58,65,67
31,falling,7,121.0,,195.000,105.800,0.00000,2.10709,2.10709,0.000000,0.000000,0,0,3.29200,592.235,0.868,7.000,7.000,9.000,10.000,20.000,0.000,0.000,0,0,1.8880,58,116,58,65,67
31,falling,8,138.0,,195.000,108.205,0.00000,2.35819,2.35819,0.000000,0.000000,0,0,3.29200,592.235,0.868,7.000,7.000,9.000,10.000,20.000,0.000,0.000,0,0,1.8880,58,116,58,65,67
31,falling,9,154.0,,195.000,110.692,0.00000,2.59089,2.59089,0.000000,0.000000,0,0,3.29200,592.235,0.868,7.000,7.000,9.000,10.000,20.000,0.000,0.000,0,0,1.8880,58,116,58,65,67
31,falling,10,171.0,,195.000,113.584,0.00000,2.83459,2.83459,0.000000,0.000000,0,0,3.29200,592.235,0.868,7.000,7.000,9.000,10.000,20.000,0.000,0.000,0,0,1.8880,58,116,58,65,67
31,falling,11,188.0,,195.000,116.720,0.00000,3.07455,3.07455,0.000000,0.000000,0,0,3.29200,592.235,0.868,7.000,7.000,9.000,10.000,20.000,0.000,0.000,0,0,1.8880,58,116,58,65,67
31,falling,12,204.0,,195.000,119.885,0.00000,3.29694,3.29694,0.000000,0.000000,0,0,3.29200,592.235,0.868,7.000,7.000,9.000,10.000,20.000,0.000,0.000,0,0,1.8880,58,116,58,65,67
31,falling,13,221.0,,195.000,123.485,0.00000,3.52983,3.52983,0.000000,0.000000,0,0,3.29200,592.235,0.868,7.000,7.000,9.000,10.000,20.000,0.000,0.000,0,0,1.8880,58,116,58,65,67
31,falling,14,238.0,,195.000,127.320,0.00000,3.75916,3.75916,0.000000,0.000000,0,0,3.29200,592.235,0.868,7.000,7.000,9.000,10.000,20.000,0.000,0.000,0,0,1.8880,58,116,58,65,67
31,falling,15,254.0,,195.000,131.132,0.00000,3.97170,3.97170,0.000000,0.000000,0,0,3.29200,592.235,0.868,7.000,7.000,9.000,10.000,20.000,0.000,0.000,0,0,1.8880,58,116,58,65,67
31,falling,16,271.0,,195.000,135.411,0.00000,4.19426,4.19426,0.000000,0.000000,0,0,3.29200,592.235,0.868,7.000,7.000,9.000,10.000,20.000,0.000,0.000,0,0,1.8880,58,116,58,65,67
31,falling,17,288.0,,195.000,139.912,0.00000,4.41342,4.41342,0.000000,0.000000,0,0,3.29200,592.235,0.868,7.000,7.000,9.000,10.000,20.000,0.000,0.000,0,0,1.8880,58,116,58,65,67
31,falling,18,304.0,,195.000,144.344,0.00000,4.61654,4.61654,0.000000,0.000000,0,0,3.29200,592.235,0.868,7.000,7.000,9.000,10.000,20.000,0.000,0.000,0,0,1.8880,58,116,58,65,67
31,falling,19,321.0,,195.000,149.270,0.00000,4.82924,4.82924,0.000000,0.000000,0,0,3.29200,592.235,0.868,7.000,7.000,9.000,10.000,20.000,0.000,0.000,0,0,1.8880,58,116,58,65,67
31,falling,20,338.0,,195.000,154.095,0.00000,5.02636,5.02636,0.000000,0.000000,0,0,3.29200,592.235,0.868,7.000,7.000,9.000,10.000,20.000,0.000,0.000,0,0,1.8880,58,116,58,65,67
31,falling,21,354.0,,195.000,159.433,0.00000,5.23279,5.23279,0.000000,0.000000,0,0,3.29200,592.235,0.868,7.000,7.000,9.000,10.000,20.000,0.000,0.000,0,0,1.8880,58,116,58,65,67
31,falling,22,371.0,,195.000,164.977,0.00000,5.43606,5.43606,0.000000,0.000000,0,0,3.29200,592.235,0.868,7.000,7.000,9.000,10.000,20.000,0.000,0.000,0,0,1.8880,58,116,58,65,67
31,falling,23,388.0,,195.000,170.726,0.00000,5.63623,5.63623,0.000000,0.000000,0,0,3.29200,592.235,0.868,7.000,7.000,9.000,10.000,20.000,0.000,0.000,0,0,1.8880,58,116,58,65,67
31,falling,24,404.0,,195.000,176.315,0.00000,5.82173,5.82173,0.000000,0.000000,0,0,3.29200,592.235,0.868,7.000,7.000,9.000,10.000,20.000,0.000,0.000,0,0,1.8880,58,116,58,65,67
31,falling,25,421.0,,195.000,182.452,0.00000,6.01599,6.01599,0.000000,0.000000,0,0,3.29200,592.235,0.868,7.000,7.000,9.000,10.000,20.000,0.000,0.000,0,0,1.8880,58,116,58,65,67
31,falling,26,438.0,,195.000,188.400,0.00000,6.19603,6.19603,0.000000,0.000000,0,0,3.29200,592.235,0.868,7.000,7.000,9.000,10.000,20.000,0.000,0.000,0,0,1.8880,58,116,58,65,67
31,falling,27,454.0,,195.000,194.912,0.00000,6.38456,6.38456,0.000000,0.000000,0,0,3.29200,592.235,0.868,7.000,7.000,9.000,10.000,20.000,0.000,0.000,0,0,1.8880,58,116,58,65,67
31,falling,28,471.0,,195.000,201.614,0.00000,6.57021,6.57021,0.000000,0.000000,0,0,3.29200,592.235,0.868,7.000,7.000,9.000,10.000,20.000,0.000,0.000,0,0,1.8880,58,116,58,65,67
31,falling,29,488.0,,195.000,208.086,0.00000,6.74227,6.74227,0.000000,0.000000,0,0,3.29200,592.235,0.868,7.000,7.000,9.000,10.000,20.000,0.000,0.000,0,0,1.8880,58,116,58,65,67
31,falling,30,504.0,,195.000,215.147,0.00000,6.92244,6.92244,0.000000,0.000000,0,0,3.29200,592.235,0.868,7.000,7.000,9.000,10.000,20.000,0.000,0.000,0,0,1.8880,58,116,58,65,67
31,falling,31,521.0,,195.000,222.389,0.00000,7.09986,7.09986,0.000000,0.000000,0,0,3.29200,592.235,0.868,7.000,7.000,9.000,10.000,11.000,0.000,0.000,0,0,1.8880,58,116,58,65,67
31,falling,32,538.0,,195.000,229.809,0.00000,7.27457,7.27457,0.000000,0.000000,0,0,3.29200,592.235,0.868,7.000,7.000,9.000,10.000,11.000,0.000,0.000,0,0,1.8880,58,116,58,65,67
31,falling,33,554.0,,195.000,236.948,0.00000,7.43648,7.43648,0.000000,0.000000,0,0,3.29200,592.235,0.868,7.000,7.000,9.000,10.000,11.000,0.000,0.000,0,0,1.8880,58,116,58,65,67
31,falling,34,571.0,,195.000,244.706,0.00000,7.60604,7.60604,0.000000,0.000000,0,0,3.29200,592.235,0.868,7.000,7.000,9.000,10.000,11.000,0.000,0.000,0,0,1.8880,58,116,58,65,67
31,falling,35,588.0,,195.000,252.635,0.00000,7.77300,7.77300,0.000000,0.000000,0,0,3.29200,592.235,0.868,7.000,7.000,9.000,10.000,11.000,0.000,0.000,0,0,1.8880,58,116,58,65,67
31,falling,36,604.0,,195.000,260.245,0.00000,7.92773,7.92773,0.000000,0.000000,0,0,3.29200,592.235,0.868,7.000,7.000,9.000,10.000,11.000,0.000,0.000,0,0,1.8880,58,116,58,65,67
31,falling,37,621.0,,195.000,268.497,0.00000,8.08977,8.08977,0.000000,0.000000,0,0,3.29200,592.235,0.868,7.000,7.000,9.000,10.000,11.000,0.000,0.000,0,0,1.8880,58,116,58,65,67
31,falling,38,638.0,,195.000,276.911,0.00000,8.24933,8.24933,0.000000,0.000000,0,0,3.29200,592.235,0.868,7.000,7.000,9.000,10.000,11.000,0.000,0.000,0,0,1.8880,58,116,58,65,67
31,falling,39,654.0,,195.000,284.972,0.00000,8.39721,8.39721,0.000000,0.000000,0,0,3.29200,592.235,0.868,7.000,7.000,9.000,10.000,11.000,0.000,0.000,0,0,1.8880,58,116,58,65,67
31,falling,40,671.0,,195.000,293.696,0.00000,8.55206,8.55206,0.000000,0.000000,0,0,3.29200,592.235,0.868,7.000,7.000,9.000,10.000,11.000,0.000,0.000,0,0,1.8880,58,116,58,65,67
31,falling,41,688.0,,195.000,302.574,0.00000,8.70455,8.70455,0.000000,0.000000,0,0,3.29200,592.235,0.868,7.000,7.000,9.000,10.000,11.000,0.000,0.000,0,0,1.8880,58,116,58,65,67
31,falling,42,704.0,,195.000,311.066,0.00000,8.84587,8.84587,0.000000,0.000000,0,0,3.29200,592.235,0.868,7.000,7.000,9.000,10.000,11.000,0.000,0.000,0,0,1.8880,58,116,58,65,67
31,falling,43,721.0,,195.000,320.240,0.00000,8.99386,8.99386,0.000000,0.000000,0,0,3.29200,592.235,0.868,7.000,7.000,9.000,10.000,11.000,0.000,0.000,0,0,1.8880,58,116,58,65,67
31,falling,44,738.0,,195.000,329.562,0.00000,9.13959,9.13959,0.000000,0.000000,0,0,3.29200,592.235,0.868,7.000,7.000,9.000,10.000,11.000,0.000,0.000,0,0,1.8880,58,116,58,65,67
31,falling,45,754.0,,195.000,338.466,0.00000,9.27465,9.27465,0.000000,0.000000,0,0,3.29200,592.235,0.868,7.000,7.000,9.000,10.000,11.000,0.000,0.000,0,0,1.8880,58,116,58,65,67
31,falling,46,771.0,,195.000,348.070,0.00000,9.41608,9.41608,0.000000,0.000000,0,0,3.29200,592.235,0.868,7.000,7.000,9.000,10.000,11.000,0.000,0.000,0,0,1.8880,58,116,58,65,67
31,falling,47,788.0,,195.000,357.817,0.00000,9.55535,9.55535,0.000000,0.000000,0,0,3.29200,592.235,0.868,7.000,7.000,9.000,10.000,11.000,0.000,0.000,0,0,1.8880,58,116,58,65,67
31,falling,48,804.0,,195.000,367.114,0.00000,9.68442,9.68442,0.000000,0.000000,0,0,3.29200,592.235,0.868,7.000,7.000,9.000,10.000,11.000,0.000,0.000,0,0,1.8880,58,116,58,65,67
31,falling,49,821.0,,195.000,377.130,0.00000,9.81958,9.81958,0.000000,0.000000,0,0,3.29200,592.235,0.868,7.000,7.000,9.000,10.000,11.000,0.000,0.000,0,0,1.8880,58,116,58,65,67
31,falling,50,838.0,,195.000,387.282,0.00000,9.95267,9.95267,0.000000,0.000000,0,0,3.29200,592.235,0.868,7.000,7.000,9.000,10.000,11.000,0.000,0.000,0,0,1.8880,58,116,58,65,67
31,falling,51,854.0,,195.000,396.955,0.00000,10.07602,10.07602,0.000000,0.000000,0,0,3.29200,592.235,0.868,7.000,7.000,9.000,10.000,11.000,0.000,0.000,0,0,1.8880,58,116,58,65,67
31,falling,52,871.0,,195.000,407.364,0.00000,10.20519,10.20519,0.000000,0.000000,0,0,3.29200,592.235,0.868,7.000,7.000,9.000,10.000,11.000,0.000,0.000,0,0,1.8880,58,116,58,65,67
31,falling,53,888.0,,195.000,417.903,0.00000,10.33238,10.33238,0.000000,0.000000,0,0,3.29200,592.235,0.868,7.000,7.000,9.000,10.000,11.000,0.000,0.000,0,0,1.8880,58,116,58,65,67
31,falling,54,905.0,,195.000,427.935,0.00000,10.45026,10.45026,0.000000,0.000000,0,0,3.29200,592.235,0.868,7.000,7.000,9.000,10.000,11.000,0.000,0.000,0,0,1.8880,58,116,58,65,67
31,falling,55,921.0,,195.000,438.720,0.00000,10.57371,10.57371,0.000000,0.000000,0,0,3.29200,592.235,0.868,7.000,7.000,9.000,10.000,11.000,0.000,0.000,0,0,1.8880,58,116,58,65,67
31,falling,56,938.0,,195.000,449.630,0.00000,10.69526,10.69526,0.000000,0.000000,0,0,3.29200,592.235,0.868,7.000,7.000,9.000,10.000,11.000,0.000,0.000,0,0,1.8880,58,116,58,65,67
31,falling,57,955.0,,195.000,460.005,0.00000,10.80792,10.80792,0.000000,0.000000,0,0,3.29200,592.235,0.868,7.000,7.000,9.000,10.000,11.000,0.000,0.000,0,0,1.8880,58,116,58,65,67
31,falling,58,971.0,,195.000,471.150,0.00000,10.92589,10.92589,0.000000,0.000000,0,0,3.29200,592.235,0.868,7.000,7.000,9.000,10.000,11.000,0.000,0.000,0,0,1.8880,58,116,58,65,67
31,post_landing,59,988.0,59,195.000,481.636,1.04651,0.29533,1.08739,0.050978,0.000000,0,1,3.29200,592.235,0.868,7.000,7.000,9.000,10.000,20.000,0.000,0.000,0,2,1.8880,58,116,58,65,67
31,post_landing,60,1005.0,59,195.990,481.439,1.58748,0.14146,1.59377,-0.036182,0.048234,0,1,3.29200,592.235,0.868,7.000,6.041,9.038,10.085,19.074,0.000,0.000,0,1,1.8880,58,116,58,65,67
31,post_landing,61,1021.0,59,197.585,481.202,1.06927,0.09710,1.07367,0.027442,0.011892,0,1,3.29200,592.235,0.868,7.000,6.011,9.011,10.023,19.022,0.000,0.000,0,1,1.8880,58,116,58,65,67
31,post_landing,62,1038.0,59,198.659,481.378,0.84360,-0.02272,0.84390,0.034490,0.039455,0,1,3.29200,592.235,0.868,7.000,6.035,9.032,10.071,19.064,0.000,0.000,0,1,1.8880,58,116,58,65,67
31,post_landing,63,1055.0,59,199.457,481.623,0.64953,0.02642,0.65007,0.030560,0.072089,0,1,3.29200,592.235,0.868,7.000,6.056,9.049,10.118,20.164,0.000,0.000,0,1,1.8880,58,116,58,65,67
31,post_landing,64,1071.0,59,200.109,481.900,0.76684,-0.77595,1.09094,0.034405,0.102784,0,1,3.29200,592.235,0.868,7.000,6.071,9.055,10.152,20.202,0.000,0.000,0,1,1.8880,58,116,58,65,67
31,post_landing,65,1088.0,59,200.879,481.410,0.75511,-0.48075,0.89516,0.033878,0.137340,0,0,3.29200,592.235,0.868,7.000,6.080,9.052,10.180,20.222,0.000,0.000,0,0,1.8880,58,116,58,65,67
31,post_landing,66,1105.0,59,201.594,481.211,0.74424,-0.20716,0.77253,0.033391,0.169395,0,0,3.29200,592.235,0.868,7.000,6.083,9.040,10.194,20.219,0.000,0.000,0,0,1.8880,58,116,58,65,67
31,post_landing,67,1121.0,59,202.341,481.292,0.73285,0.07935,0.73713,0.032880,0.202932,0,0,3.29200,592.235,0.868,7.000,6.078,10.198,10.601,20.222,0.000,0.000,0,0,1.8880,58,116,58,65,67
31,post_landing,68,1138.0,59,203.077,481.660,0.72164,0.36146,0.80710,0.032377,0.235956,0,0,3.29200,592.235,0.868,7.000,6.068,9.452,10.658,20.344,0.000,0.000,0,0,1.8880,58,116,58,65,67
31,post_landing,69,1155.0,59,203.760,482.258,0.71125,0.62293,0.94547,0.031910,0.266590,0,0,3.29200,592.235,0.868,7.000,4.386,9.472,10.701,21.227,0.000,0.000,0,0,1.8880,58,116,58,65,67
31,post_landing,70,1171.0,59,204.475,483.173,0.70036,0.89673,1.13782,0.031422,0.298641,0,0,3.29200,592.235,0.868,7.000,4.411,9.484,19.263,21.395,0.000,0.000,0,0,1.8880,58,116,58,65,67
31,post_landing,71,1188.0,59,205.178,484.363,0.68965,1.16634,1.35498,0.030941,0.330201,0,0,3.29200,592.235,0.868,7.000,4.432,9.486,20.567,21.864,0.000,0.000,0,0,1.8880,58,116,58,65,67
31,post_landing,72,1205.0,59,205.831,485.582,1.32021,0.02136,1.32038,0.013304,0.359477,0,1,3.29200,592.235,0.868,7.000,4.448,9.480,20.600,23.295,0.000,0.000,0,1,1.8880,58,116,58,65,67
31,post_landing,73,1221.0,59,207.157,485.836,1.25011,0.11566,1.25545,0.003044,0.372839,0,1,3.29200,592.235,0.868,7.000,5.749,9.474,20.609,23.361,0.000,0.000,0,1,1.8880,58,116,58,65,67
31,post_landing,74,1238.0,59,208.412,486.098,1.31860,0.04269,1.31929,-0.003050,0.375897,0,1,3.29200,592.235,0.868,7.000,5.752,9.473,20.610,23.376,0.000,0.000,0,3,1.8880,58,116,58,65,67
31,post_landing,75,1255.0,59,209.660,486.060,1.12301,0.10724,1.12812,0.008291,0.373011,0,1,3.29200,592.235,0.868,7.000,5.749,9.474,20.609,23.362,0.000,0.000,0,3,1.8880,58,116,58,65,67
31,post_landing,76,1271.0,59,210.788,486.202,0.90982,0.07592,0.91298,0.021875,0.381339,0,1,3.29200,592.235,0.868,7.000,5.757,9.470,20.612,24.702,0.000,0.000,0,3,1.8880,58,116,58,65,67
31,post_landing,77,1288.0,59,211.702,486.514,1.09667,0.13607,1.10508,-0.012818,0.403309,0,1,3.29200,592.235,0.868,7.000,5.776,9.455,20.615,24.810,0.000,0.000,0,2,1.8880,58,116,58,65,67
31,post_landing,78,1305.0,59,212.739,486.393,1.96268,-0.31958,1.98853,-0.082326,0.391181,0,1,3.29200,592.235,0.868,7.000,5.766,9.464,20.615,24.752,0.000,0.000,0,3,1.8880,58,116,58,65,67
31,post_landing,79,1321.0,59,214.711,485.243,1.17959,-0.05842,1.18103,0.042763,0.308493,0,1,3.29200,592.235,0.868,7.000,4.418,9.486,19.276,21.443,0.000,0.000,0,4,1.8880,58,116,58,65,67
31,post_landing,80,1338.0,59,215.895,485.364,1.99436,-0.44916,2.04432,-0.030605,0.351444,0,1,3.29200,592.235,0.868,7.000,4.444,9.483,20.593,23.253,0.000,0.000,0,1,1.8880,58,116,58,65,67
31,post_landing,81,1355.0,59,217.782,485.058,2.25086,-0.75084,2.37279,0.002545,0.322486,0,1,3.29200,592.235,0.868,7.000,4.428,9.487,19.291,21.824,0.000,0.000,0,2,1.8880,58,116,58,65,67
31,post_landing,82,1371.0,59,220.043,484.484,2.21642,-0.45602,2.26284,0.002506,0.325042,0,0,3.29200,592.235,0.868,7.000,4.429,9.487,19.293,21.837,0.000,0.000,0,0,1.8880,58,116,58,65,67
31,post_landing,83,1388.0,59,222.269,484.228,2.18251,-0.16571,2.18879,0.002467,0.327559,0,0,3.29200,592.235,0.868,7.000,4.431,9.487,19.295,21.851,0.000,0.000,0,0,1.8880,58,116,58,65,67
31,post_landing,84,1405.0,59,224.334,484.257,2.15108,0.10334,2.15356,0.002432,0.329894,0,0,3.29200,592.235,0.868,7.000,4.432,9.487,20.567,21.863,0.000,0.000,0,0,1.8880,58,116,58,65,67
31,post_landing,85,1421.0,59,226.495,484.650,2.11817,0.38509,2.15289,0.002395,0.332336,0,0,3.29200,592.235,0.868,7.000,4.434,9.486,20.570,21.875,0.000,0.000,0,0,1.8880,58,116,58,65,67
31,post_landing,86,1438.0,59,228.622,485.128,1.92604,0.25176,1.94242,0.004076,0.334742,0,1,3.29200,592.235,0.868,7.000,4.435,9.486,20.574,21.888,0.000,0.000,0,1,1.8880,58,116,58,65,67
31,post_landing,87,1455.0,59,230.445,485.342,1.68294,0.17929,1.69247,0.012808,0.338598,0,1,3.29200,592.235,0.868,7.000,4.437,9.485,20.579,21.907,0.000,0.000,0,2,1.8880,58,116,58,65,67
31,post_landing,88,1471.0,59,232.135,485.565,1.38758,0.11420,1.39227,0.027546,0.351463,0,1,3.29200,592.235,0.868,7.000,4.444,9.483,20.593,23.253,0.000,0.000,0,2,1.8880,58,116,58,65,67
31,post_landing,89,1488.0,59,233.529,485.956,1.22103,0.15040,1.23026,0.016913,0.379130,0,1,3.29200,592.235,0.868,7.000,5.755,9.471,20.612,23.391,0.000,0.000,0,1,1.8880,58,116,58,65,67
31,post_landing,90,1505.0,59,234.684,486.279,1.03257,0.12670,1.04032,0.019387,0.395133,0,1,3.29200,592.235,0.868,7.000,5.770,9.461,20.615,24.771,0.000,0.000,0,1,1.8880,58,116,58,65,67
31,post_landing,91,1521.0,59,235.721,486.679,0.90703,0.10384,0.91296,0.018784,0.414605,0,1,3.29200,592.235,0.868,7.000,5.785,9.446,20.613,24.860,0.000,0.000,0,1,1.8880,58,116,58,65,67
31,post_landing,92,1538.0,59,236.632,487.079,0.80011,0.20046,0.82484,0.032670,0.433472,0,1,3.29200,592.235,0.868,7.000,5.798,18.788,20.603,24.938,0.000,0.000,0,1,1.8880,58,116,58,65,67
31,post_landing,93,1555.0,59,237.389,487.531,0.78859,0.46424,0.91509,0.032200,0.464384,0,0,3.29200,592.235,0.868,7.000,5.814,20.125,20.571,25.046,0.000,0.000,0,0,1.8880,58,116,58,65,67
31,post_landing,94,1571.0,59,238.181,488.291,0.77652,0.74047,1.07298,0.031707,0.496725,0,0,3.29200,592.235,0.868,7.000,15.241,16.597,20.516,27.443,0.000,0.000,0,0,1.8880,58,116,58,65,67
31,post_landing,95,1588.0,59,238.961,489.205,1.10884,0.21433,1.12937,0.004433,0.528571,0,1,3.29200,592.235,0.868,7.000,15.260,16.628,21.954,28.939,0.000,0.000,0,4,1.8880,58,116,58,65,67
31,post_landing,96,1605.0,59,240.010,489.384,0.98832,0.11410,0.99488,0.009921,0.532765,0,1,3.29200,592.235,0.868,7.000,16.631,16.631,21.954,28.955,0.000,0.000,0,5,1.8880,58,116,58,65,67
31,post_landing,97,1622.0,59,241.003,489.576,0.85192,0.10843,0.85880,0.011635,0.542730,0,1,3.29200,592.235,0.868,7.000,16.637,16.637,21.951,28.992,0.000,0.000,0,5,1.8880,58,116,58,65,67
31,post_landing,98,1638.0,59,241.859,489.804,0.75076,0.10062,0.75747,0.010847,0.554416,0,1,3.29200,592.235,0.868,7.000,16.641,16.641,21.945,29.557,0.000,0.000,0,5,1.8880,58,116,58,65,67
31,post_landing,99,1655.0,59,242.569,490.008,0.67024,0.09290,0.67665,0.009537,0.564679,0,1,3.29200,592.235,0.868,7.000,16.643,16.643,22.472,29.597,0.000,0.000,0,5,1.8880,58,116,58,65,67
31,post_landing,100,1672.0,59,243.242,490.199,0.53807,0.05844,0.54124,0.019620,0.574258,0,1,3.29200,592.235,0.868,7.000,16.643,16.643,22.174,29.632,0.000,0.000,0,5,1.8880,58,116,58,65,67
31,post_landing,101,1688.0,59,243.783,490.446,0.78643,-0.44730,0.90473,0.087351,0.593964,0,1,3.29200,592.235,0.868,7.000,16.639,16.639,23.581,29.694,0.000,0.000,0,3,1.8880,58,116,58,65,67
31,post_landing,102,1705.0,59,244.527,490.279,0.77510,-0.17419,0.79443,0.086093,0.676613,0,0,3.29200,592.235,0.868,7.000,12.180,16.551,21.868,31.082,0.000,0.000,0,0,1.8880,58,116,58,65,67
31,post_landing,103,1721.0,59,245.305,490.393,0.76324,0.11181,0.77139,0.084776,0.763084,0,0,3.29200,592.235,0.868,7.000,1.414,12.065,21.931,31.137,0.000,0.000,0,0,1.8880,58,116,58,65,67
31,post_landing,104,1738.0,59,246.072,490.795,0.75156,0.39343,0.84831,0.083479,0.848232,0,0,3.29200,592.235,0.868,7.000,1.411,3.662,24.083,31.051,0.000,0.000,0,0,1.8880,58,116,58,65,67
31,post_landing,105,1755.0,59,246.783,491.423,0.74074,0.65443,0.98842,0.082276,0.927218,0,0,3.29200,592.235,0.868,7.000,1.400,3.800,22.800,28.400,0.000,0.000,0,0,1.8880,58,116,58,65,67
31,post_landing,106,1771.0,59,247.527,492.369,0.72941,0.92775,1.18015,0.081018,1.009856,0,0,3.29200,592.235,0.868,7.000,1.379,11.974,16.110,34.132,0.000,0.000,0,0,1.8880,58,116,58,65,67
31,post_landing,107,1788.0,59,248.260,493.590,0.71825,1.19689,1.39586,0.079778,1.091229,0,0,3.29200,592.235,0.868,7.000,7.595,12.953,16.112,47.413,0.000,0.000,0,0,1.8880,58,116,58,65,67
31,post_landing,108,1805.0,59,248.939,494.978,0.70791,1.44632,1.61027,0.078629,1.166713,0,0,3.29200,592.235,0.868,7.000,12.999,14.838,36.766,52.784,0.000,0.000,0,0,1.8880,58,116,58,65,67
31,post_landing,109,1821.0,59,249.650,496.720,0.69707,1.70753,1.84433,0.077426,1.245688,0,0,3.29200,592.235,0.868,7.000,13.597,36.680,42.366,54.078,0.000,0.000,0,0,1.8880,58,116,58,65,67
31,post_landing,110,1838.0,59,250.350,498.724,0.68641,1.96474,2.08119,0.076242,1.323454,0,0,3.29200,592.235,0.868,7.000,25.953,41.231,42.925,49.957,0.000,0.000,0,0,1.8880,58,116,58,65,67
31,post_landing,111,1855.0,59,251.000,500.839,0.67653,2.20311,2.30464,0.075144,1.395592,0,0,3.29200,592.235,0.868,7.000,3.128,30.587,39.623,49.993,0.000,0.000,0,0,1.8880,58,116,58,65,67
31,post_landing,112,1871.0,59,251.679,502.763,0.18594,-0.02021,0.18703,0.022435,1.471066,0,1,3.29200,592.235,0.868,7.000,9.055,10.149,34.229,54.230,0.000,0.000,0,2,1.8880,58,116,58,65,67
31,post_landing,113,1888.0,59,251.866,502.668,-0.13299,0.00000,0.13299,0.020795,1.493600,0,1,3.29200,592.235,0.868,7.000,9.050,10.124,15.875,53.151,0.000,0.000,0,2,1.8880,58,116,58,65,67
31,post_landing,114,1905.0,59,251.740,502.591,0.06903,-0.07620,0.10281,-0.007499,1.513276,0,1,3.29200,592.235,0.868,7.000,9.043,10.098,15.916,56.080,0.000,0.000,0,2,1.8880,58,116,58,65,67
31,post_landing,115,1921.0,59,251.809,502.621,-0.25813,0.02725,0.25957,0.010368,1.505743,0,1,3.29200,592.235,0.868,7.000,9.046,10.109,15.901,61.131,0.000,0.000,0,2,1.8880,58,116,58,65,67
31,post_landing,116,1938.0,59,251.550,502.582,-0.12991,0.00000,0.12991,-0.005322,1.516157,0,1,3.29200,592.235,0.868,7.000,9.041,10.094,15.922,56.080,0.000,0.000,0,2,1.8880,58,116,58,65,67
31,post_landing,117,1955.0,59,251.427,502.599,-0.22082,0.00000,0.22082,0.000000,1.511121,0,1,3.29200,592.235,0.868,7.000,9.044,10.101,15.912,56.079,0.000,0.000,0,2,1.8880,58,116,58,65,67
31,post_landing,118,1971.0,59,251.205,502.601,-0.41551,0.07349,0.42196,0.014921,1.511121,0,1,3.29200,592.235,0.868,7.000,9.044,10.101,15.912,56.079,0.000,0.000,0,2,1.8880,58,116,58,65,67
32,falling,0,20.0,,195.000,97.029,0.00000,0.55000,0.55000,0.000000,0.000000,0,0,2.09200,204.507,2.907,1.000,1.000,2.000,3.000,4.000,0.000,0.000,0,0,2.0219,65,130,65,69,61
32,falling,1,35.0,,195.000,97.742,0.00000,0.79258,0.79258,0.000000,0.000000,0,0,2.09200,204.507,2.907,1.000,1.000,2.000,3.000,4.000,0.000,0.000,0,0,2.0219,65,130,65,69,61
32,falling,2,51.0,,195.000,98.827,0.00000,1.06378,1.06378,0.000000,0.000000,0,0,2.09200,204.507,2.907,1.000,1.000,2.000,3.000,4.000,0.000,0.000,0,0,2.0219,65,130,65,69,61
32,falling,3,67.0,,195.000,100.090,0.00000,1.31513,1.31513,0.000000,0.000000,0,0,2.09200,204.507,2.907,1.000,1.000,2.000,3.000,4.000,0.000,0.000,0,0,2.0219,65,130,65,69,61
32,falling,4,84.0,,195.000,101.700,0.00000,1.57834,1.57834,0.000000,0.000000,0,0,2.09200,204.507,2.907,1.000,1.000,2.000,3.000,4.000,0.000,0.000,0,0,2.0219,65,130,65,69,61
32,falling,5,101.0,,195.000,103.574,0.00000,1.83753,1.83753,0.000000,0.000000,0,0,2.09200,204.507,2.907,1.000,1.000,2.000,3.000,4.000,0.000,0.000,0,0,2.0219,65,130,65,69,61
32,falling,6,118.0,,195.000,105.569,0.00000,2.07773,2.07773,0.000000,0.000000,0,0,2.09200,204.507,2.907,1.000,1.000,2.000,3.000,4.000,0.000,0.000,0,0,2.0219,65,130,65,69,61
32,falling,7,134.0,,195.000,107.945,0.00000,2.32928,2.32928,0.000000,0.000000,0,0,2.09200,204.507,2.907,1.000,1.000,2.000,3.000,4.000,0.000,0.000,0,0,2.0219,65,130,65,69,61
32,falling,8,151.0,,195.000,110.573,0.00000,2.57697,2.57697,0.000000,0.000000,0,0,2.09200,204.507,2.907,1.000,1.000,2.000,3.000,4.000,0.000,0.000,0,0,2.0219,65,130,65,69,61
32,falling,9,168.0,,195.000,113.267,0.00000,2.80653,2.80653,0.000000,0.000000,0,0,2.09200,204.507,2.907,1.000,1.000,2.000,3.000,4.000,0.000,0.000,0,0,2.0219,65,130,65,69,61
32,falling,10,184.0,,195.000,116.375,0.00000,3.04692,3.04692,0.000000,0.000000,0,0,2.09200,204.507,2.907,1.000,1.000,2.000,3.000,4.000,0.000,0.000,0,0,2.0219,65,130,65,69,61
32,falling,11,201.0,,195.000,119.725,0.00000,3.28364,3.28364,0.000000,0.000000,0,0,2.09200,204.507,2.907,1.000,1.000,2.000,3.000,4.000,0.000,0.000,0,0,2.0219,65,130,65,69,61
32,falling,12,218.0,,195.000,123.087,0.00000,3.50302,3.50302,0.000000,0.000000,0,0,2.09200,204.507,2.907,1.000,1.000,2.000,3.000,4.000,0.000,0.000,0,0,2.0219,65,130,65,69,61
32,falling,13,234.0,,195.000,126.895,0.00000,3.73276,3.73276,0.000000,0.000000,0,0,2.09200,204.507,2.907,1.000,1.000,2.000,3.000,4.000,0.000,0.000,0,0,2.0219,65,130,65,69,61
32,falling,14,251.0,,195.000,130.933,0.00000,3.95898,3.95898,0.000000,0.000000,0,0,2.09200,204.507,2.907,1.000,1.000,2.000,3.000,4.000,0.000,0.000,0,0,2.0219,65,130,65,69,61
32,falling,15,268.0,,195.000,134.935,0.00000,4.16864,4.16864,0.000000,0.000000,0,0,2.09200,204.507,2.907,1.000,1.000,2.000,3.000,4.000,0.000,0.000,0,0,2.0219,65,130,65,69,61
32,falling,16,284.0,,195.000,139.411,0.00000,4.38819,4.38819,0.000000,0.000000,0,0,2.09200,204.507,2.907,1.000,1.000,2.000,3.000,4.000,0.000,0.000,0,0,2.0219,65,130,65,69,61
32,falling,17,301.0,,195.000,144.107,0.00000,4.60439,4.60439,0.000000,0.000000,0,0,2.09200,204.507,2.907,1.000,1.000,2.000,3.000,4.000,0.000,0.000,0,0,2.0219,65,130,65,69,61
32,falling,18,318.0,,195.000,148.720,0.00000,4.80475,4.80475,0.000000,0.000000,0,0,2.09200,204.507,2.907,1.000,1.000,2.000,3.000,4.000,0.000,0.000,0,0,2.0219,65,130,65,69,61
32,falling,19,334.0,,195.000,153.835,0.00000,5.01457,5.01457,0.000000,0.000000,0,0,2.09200,204.507,2.907,1.000,1.000,2.000,3.000,4.000,0.000,0.000,0,0,2.0219,65,130,65,69,61
32,falling,20,351.0,,195.000,159.160,0.00000,5.22118,5.22118,0.000000,0.000000,0,0,2.09200,204.507,2.907,1.000,1.000,2.000,3.000,4.000,0.000,0.000,0,0,2.0219,65,130,65,69,61
32,falling,21,368.0,,195.000,164.357,0.00000,5.41266,5.41266,0.000000,0.000000,0,0,2.09200,204.507,2.907,1.000,1.000,2.000,3.000,4.000,0.000,0.000,0,0,2.0219,65,130,65,69,61
32,falling,22,384.0,,195.000,170.082,0.00000,5.61318,5.61318,0.000000,0.000000,0,0,2.09200,204.507,2.907,1.000,1.000,2.000,3.000,4.000,0.000,0.000,0,0,2.0219,65,130,65,69,61
32,falling,23,401.0,,195.000,176.009,0.00000,5.81063,5.81063,0.000000,0.000000,0,0,2.09200,204.507,2.907,1.000,1.000,2.000,3.000,4.000,0.000,0.000,0,0,2.0219,65,130,65,69,61
32,falling,24,418.0,,195.000,181.763,0.00000,5.99363,5.99363,0.000000,0.000000,0,0,2.09200,204.507,2.907,1.000,1.000,2.000,3.000,4.000,0.000,0.000,0,0,2.0219,65,130,65,69,61
32,falling,25,434.0,,195.000,188.072,0.00000,6.18526,6.18526,0.000000,0.000000,0,0,2.09200,204.507,2.907,1.000,1.000,2.000,3.000,4.000,0.000,0.000,0,0,2.0219,65,130,65,69,61
32,falling,26,451.0,,195.000,194.573,0.00000,6.37396,6.37396,0.000000,0.000000,0,0,2.09200,204.507,2.907,1.000,1.000,2.000,3.000,4.000,0.000,0.000,0,0,2.0219,65,130,65,69,61
32,falling,27,468.0,,195.000,200.860,0.00000,6.54884,6.54884,0.000000,0.000000,0,0,2.09200,204.507,2.907,1.000,1.000,2.000,3.000,4.000,0.000,0.000,0,0,2.0219,65,130,65,69,61
32,falling,28,484.0,,195.000,207.727,0.00000,6.73197,6.73197,0.000000,0.000000,0,0,2.09200,204.507,2.907,1.000,1.000,2.000,3.000,4.000,0.000,0.000,0,0,2.0219,65,130,65,69,61
32,falling,29,501.0,,195.000,214.777,0.00000,6.91231,6.91231,0.000000,0.000000,0,0,2.09200,204.507,2.907,1.000,1.000,2.000,3.000,4.000,0.000,0.000,0,0,2.0219,65,130,65,69,61
32,falling,30,518.0,,195.000,221.573,0.00000,7.07944,7.07944,0.000000,0.000000,0,0,2.09200,204.507,2.907,1.000,1.000,2.000,3.000,4.000,0.000,0.000,0,0,2.0219,65,130,65,69,61
32,falling,31,534.0,,195.000,228.973,0.00000,7.25446,7.25446,0.000000,0.000000,0,0,2.09200,204.507,2.907,1.000,1.000,2.000,3.000,4.000,0.000,0.000,0,0,2.0219,65,130,65,69,61
32,falling,32,551.0,,195.000,236.548,0.00000,7.42680,7.42680,0.000000,0.000000,0,0,2.09200,204.507,2.907,1.000,1.000,2.000,3.000,4.000,0.000,0.000,0,0,2.0219,65,130,65,69,61
32,falling,33,568.0,,195.000,243.831,0.00000,7.58652,7.58652,0.000000,0.000000,0,0,2.09200,204.507,2.907,1.000,1.000,2.000,3.000,4.000,0.000,0.000,0,0,2.0219,65,130,65,69,61
32,falling,34,584.0,,195.000,251.740,0.00000,7.75378,7.75378,0.000000,0.000000,0,0,2.09200,204.507,2.907,1.000,1.000,2.000,3.000,4.000,0.000,0.000,0,0,2.0219,65,130,65,69,61
32,falling,35,601.0,,195.000,259.817,0.00000,7.91848,7.91848,0.000000,0.000000,0,0,2.09200,204.507,2.907,1.000,1.000,2.000,3.000,4.000,0.000,0.000,0,0,2.0219,65,130,65,69,61
32,falling,36,618.0,,195.000,267.565,0.00000,8.07112,8.07112,0.000000,0.000000,0,0,2.09200,204.507,2.907,1.000,1.000,2.000,3.000,4.000,0.000,0.000,0,0,2.0219,65,130,65,69,61
32,falling,37,634.0,,195.000,275.961,0.00000,8.23096,8.23096,0.000000,0.000000,0,0,2.09200,204.507,2.907,1.000,1.000,2.000,3.000,4.000,0.000,0.000,0,0,2.0219,65,130,65,69,61
32,falling,38,651.0,,195.000,284.517,0.00000,8.38836,8.38836,0.000000,0.000000,0,0,2.09200,204.507,2.907,1.000,1.000,2.000,3.000,4.000,0.000,0.000,0,0,2.0219,65,130,65,69,61
32,falling,39,668.0,,195.000,293.231,0.00000,8.54335,8.54335,0.000000,0.000000,0,0,2.09200,204.507,2.907,1.000,1.000,2.000,3.000,4.000,0.000,0.000,0,0,2.0219,65,130,65,69,61
32,falling,40,685.0,,195.000,301.571,0.00000,8.68700,8.68700,0.000000,0.000000,0,0,2.09200,204.507,2.907,1.000,1.000,2.000,3.000,4.000,0.000,0.000,0,0,2.0219,65,130,65,69,61
32,falling,41,701.0,,195.000,310.585,0.00000,8.83742,8.83742,0.000000,0.000000,0,0,2.09200,204.507,2.907,1.000,1.000,2.000,3.000,4.000,0.000,0.000,0,0,2.0219,65,130,65,69,61
32,falling,42,718.0,,195.000,319.203,0.00000,8.97683,8.97683,0.000000,0.000000,0,0,2.09200,204.507,2.907,1.000,1.000,2.000,3.000,4.000,0.000,0.000,0,0,2.0219,65,130,65,69,61
32,falling,43,734.0,,195.000,328.508,0.00000,9.12281,9.12281,0.000000,0.000000,0,0,2.09200,204.507,2.907,1.000,1.000,2.000,3.000,4.000,0.000,0.000,0,0,2.0219,65,130,65,69,61
32,falling,44,751.0,,195.000,337.960,0.00000,9.26657,9.26657,0.000000,0.000000,0,0,2.09200,204.507,2.907,1.000,1.000,2.000,3.000,4.000,0.000,0.000,0,0,2.0219,65,130,65,69,61
32,falling,45,768.0,,195.000,347.556,0.00000,9.40812,9.40812,0.000000,0.000000,0,0,2.09200,204.507,2.907,1.000,1.000,2.000,3.000,4.000,0.000,0.000,0,0,2.0219,65,130,65,69,61
32,falling,46,784.0,,195.000,356.714,0.00000,9.53931,9.53931,0.000000,0.000000,0,0,2.09200,204.507,2.907,1.000,1.000,2.000,3.000,4.000,0.000,0.000,0,0,2.0219,65,130,65,69,61
32,falling,47,801.0,,195.000,366.584,0.00000,9.67669,9.67669,0.000000,0.000000,0,0,2.09200,204.507,2.907,1.000,1.000,2.000,3.000,4.000,0.000,0.000,0,0,2.0219,65,130,65,69,61
32,falling,48,818.0,,195.000,376.592,0.00000,9.81197,9.81197,0.000000,0.000000,0,0,2.09200,204.507,2.907,1.000,1.000,2.000,3.000,4.000,0.000,0.000,0,0,2.0219,65,130,65,69,61
32,falling,49,834.0,,195.000,386.132,0.00000,9.93735,9.93735,0.000000,0.000000,0,0,2.09200,204.507,2.907,1.000,1.000,2.000,3.000,4.000,0.000,0.000,0,0,2.0219,65,130,65,69,61
32,falling,50,851.0,,195.000,396.402,0.00000,10.06864,10.06864,0.000000,0.000000,0,0,2.09200,204.507,2.907,1.000,1.000,2.000,3.000,4.000,0.000,0.000,0,0,2.0219,65,130,65,69,61
32,falling,51,868.0,,195.000,406.804,0.00000,10.19792,10.19792,0.000000,0.000000,0,0,2.09200,204.507,2.907,1.000,1.000,2.000,3.000,4.000,0.000,0.000,0,0,2.0219,65,130,65,69,61
32,falling,52,884.0,,195.000,416.709,0.00000,10.31774,10.31774,0.000000,0.000000,0,0,2.09200,204.507,2.907,1.000,1.000,2.000,3.000,4.000,0.000,0.000,0,0,2.0219,65,130,65,69,61
32,falling,53,901.0,,195.000,427.361,0.00000,10.44321,10.44321,0.000000,0.000000,0,0,2.09200,204.507,2.907,1.000,1.000,2.000,3.000,4.000,0.000,0.000,0,0,2.0219,65,130,65,69,61
32,falling,54,918.0,,195.000,437.498,0.00000,10.55950,10.55950,0.000000,0.000000,0,0,2.09200,204.507,2.907,1.000,1.000,2.000,3.000,4.000,0.000,0.000,0,0,2.0219,65,130,65,69,61
32,falling,55,934.0,,195.000,448.393,0.00000,10.68127,10.68127,0.000000,0.000000,0,0,2.09200,204.507,2.907,1.000,1.000,2.000,3.000,4.000,0.000,0.000,0,0,2.0219,65,130,65,69,61
32,falling,56,951.0,,195.000,459.410,0.00000,10.80118,10.80118,0.000000,0.000000,0,0,2.09200,204.507,2.907,1.000,1.000,2.000,3.000,4.000,0.000,0.000,0,0,2.0219,65,130,65,69,61
32,falling,57,968.0,,195.000,470.548,0.00000,10.91925,10.91925,0.000000,0.000000,0,0,2.09200,204.507,2.907,1.000,1.000,2.000,3.000,4.000,0.000,0.000,0,0,2.0219,65,130,65,69,61
32,falling,58,984.0,,195.000,481.136,0.00000,11.02868,11.02868,0.000000,0.000000,0,0,2.09200,204.507,2.907,1.000,1.000,2.000,3.000,4.000,0.000,0.000,0,0,2.0219,65,130,65,69,61
32,post_landing,59,1001.0,59,195.000,487.849,1.02893,-0.98704,1.42581,0.062327,0.000000,0,1,2.09200,204.507,2.907,1.000,1.000,2.000,3.000,4.000,0.000,0.000,0,6,2.0219,65,130,65,69,61
32,post_landing,60,1018.0,59,196.033,484.481,0.61678,-0.37873,0.72377,0.050219,0.062601,0,1,2.09200,204.507,2.907,1.000,0.998,1.123,2.994,3.992,0.000,0.000,0,3,2.0219,65,130,65,69,61
32,post_landing,61,1035.0,59,196.617,482.765,0.57142,-0.06353,0.57494,0.020821,0.110118,0,1,2.09200,204.507,2.907,1.000,0.994,1.214,2.982,3.976,0.000,0.000,0,1,2.0219,65,130,65,69,61
32,post_landing,62,1051.0,59,197.191,482.772,0.20259,-0.03791,0.20611,0.066923,0.131030,0,1,2.09200,204.507,2.907,1.000,0.991,1.253,2.974,3.966,0.000,0.000,0,1,2.0219,65,130,65,69,61
32,post_landing,63,1068.0,59,197.394,482.910,0.18752,-0.20470,0.27761,0.036224,0.198247,0,1,2.09200,204.507,2.907,1.000,0.980,1.374,2.941,3.922,0.000,0.000,0,1,2.0219,65,130,65,69,61
32,post_landing,64,1084.0,59,197.572,482.973,0.18482,0.06491,0.19589,0.035702,0.232521,0,0,2.09200,204.507,2.907,1.000,0.973,1.434,2.919,3.892,0.000,0.000,0,0,2.0219,65,130,65,69,61
32,post_landing,65,1101.0,59,197.758,483.229,0.17108,-0.25683,0.30859,0.035346,0.268380,0,1,2.09200,204.507,2.907,1.000,0.964,1.495,2.893,3.857,0.000,0.000,0,1,2.0219,65,130,65,69,61
32,post_landing,66,1118.0,59,197.929,483.260,0.16846,0.03043,0.17118,0.034805,0.303882,0,0,2.09200,204.507,2.907,1.000,0.954,1.553,2.863,3.817,0.000,0.000,0,0,2.0219,65,130,65,69,61
32,post_landing,67,1135.0,59,198.089,483.544,0.16603,0.29666,0.33996,0.034304,0.336813,0,0,2.09200,204.507,2.907,1.000,0.944,1.605,2.831,3.823,0.000,0.000,0,0,2.0219,65,130,65,69,61
32,post_landing,68,1151.0,59,198.255,484.033,0.15368,-0.05143,0.16206,0.042174,0.371268,0,1,2.09200,204.507,2.907,1.000,0.932,1.657,2.796,3.884,0.000,0.000,0,1,2.0219,65,130,65,69,61
32,post_landing,69,1168.0,59,198.410,484.270,0.15133,0.23269,0.27757,0.041528,0.413627,0,0,2.09200,204.507,2.907,1.000,0.916,1.720,2.747,6.074,0.000,0.000,0,0,2.0219,65,130,65,69,61
32,post_landing,70,1185.0,59,198.553,484.746,0.14915,0.49600,0.51794,0.040930,0.452920,0,0,2.09200,204.507,2.907,1.000,0.899,1.774,2.236,6.222,0.000,0.000,0,0,2.0219,65,130,65,69,61
32,post_landing,71,1201.0,59,198.703,485.499,0.13806,0.14875,0.20294,0.040125,0.494030,0,1,2.09200,204.507,2.907,1.000,0.880,1.829,2.303,7.721,0.000,0.000,0,1,2.0219,65,130,65,69,61
32,post_landing,72,1218.0,59,198.842,485.938,0.13595,0.42981,0.45079,0.039512,0.534332,0,0,2.09200,204.507,2.907,1.000,0.861,1.879,2.388,9.238,0.000,0.000,0,0,2.0219,65,130,65,69,61
32,post_landing,73,1235.0,59,198.970,486.600,0.13399,0.69029,0.70317,0.038943,0.571717,0,0,2.09200,204.507,2.907,1.000,0.841,1.923,2.464,9.374,0.000,0.000,0,0,2.0219,65,130,65,69,61
32,post_landing,74,1251.0,59,199.105,487.406,0.57607,0.01225,0.57620,0.019527,0.610831,0,1,2.09200,204.507,2.907,1.000,0.819,1.966,2.540,9.586,0.000,0.000,0,1,2.0219,65,130,65,69,61
32,post_landing,75,1268.0,59,199.683,487.754,0.64487,-0.01335,0.64501,0.017046,0.630443,0,1,2.09200,204.507,2.907,1.000,0.808,1.987,2.576,9.716,0.000,0.000,0,1,2.0219,65,130,65,69,61
32,post_landing,76,1285.0,59,200.293,488.035,0.63558,0.25351,0.68428,0.016800,0.646572,0,0,2.09200,204.507,2.907,1.000,0.798,2.003,2.606,11.823,0.000,0.000,0,0,2.0219,65,130,65,69,61
32,post_landing,77,1301.0,59,200.932,488.414,0.85862,0.11105,0.86577,-0.012716,0.663446,0,1,2.09200,204.507,2.907,1.000,0.788,2.020,2.635,11.945,0.000,0.000,0,1,2.0219,65,130,65,69,61
32,post_landing,78,1318.0,59,201.794,488.147,0.90027,0.09034,0.90479,-0.008213,0.650674,0,1,2.09200,204.507,2.907,1.000,0.796,2.007,2.613,11.853,0.000,0.000,0,1,2.0219,65,130,65,69,61
32,post_landing,79,1335.0,59,202.646,488.028,0.92363,0.09915,0.92893,-0.009065,0.642903,0,1,2.09200,204.507,2.907,1.000,0.800,1.999,2.599,9.796,0.000,0.000,0,1,2.0219,65,130,65,69,61
32,post_landing,80,1351.0,59,203.574,487.821,0.96671,0.10069,0.97194,-0.011193,0.633798,0,1,2.09200,204.507,2.907,1.000,0.806,1.990,2.582,9.737,0.000,0.000,0,1,2.0219,65,130,65,69,61
32,post_landing,81,1368.0,59,204.545,487.610,1.00764,0.09721,1.01232,-0.011678,0.622556,0,1,2.09200,204.507,2.907,1.000,0.812,1.979,2.562,9.664,0.000,0.000,0,1,2.0219,65,130,65,69,61
32,post_landing,82,1385.0,59,205.498,487.404,1.01209,0.10273,1.01729,-0.009773,0.611506,0,1,2.09200,204.507,2.907,1.000,0.819,1.967,2.541,9.590,0.000,0.000,0,1,2.0219,65,130,65,69,61
32,post_landing,83,1401.0,59,206.515,487.228,1.07018,0.18477,1.08601,-0.024516,0.601690,0,1,2.09200,204.507,2.907,1.000,0.824,1.956,2.522,9.524,0.000,0.000,0,1,2.0219,65,130,65,69,61
32,post_landing,84,1418.0,59,207.590,486.797,1.14437,0.16521,1.15623,-0.028091,0.577067,0,1,2.09200,204.507,2.907,1.000,0.838,1.929,2.475,9.393,0.000,0.000,0,1,2.0219,65,130,65,69,61
32,post_landing,85,1435.0,59,208.672,486.352,1.17577,0.16374,1.18712,-0.026624,0.550487,0,1,2.09200,204.507,2.907,1.000,0.852,1.898,2.422,9.298,0.000,0.000,0,1,2.0219,65,130,65,69,61
32,post_landing,86,1451.0,59,209.853,485.934,1.27464,0.10802,1.27920,-0.037677,0.523746,0,1,2.09200,204.507,2.907,1.000,0.866,1.866,2.366,7.831,0.000,0.000,0,1,2.0219,65,130,65,69,61
32,post_landing,87,1468.0,59,211.133,485.382,1.34938,0.06077,1.35075,-0.044582,0.485904,0,1,2.09200,204.507,2.907,1.000,0.884,1.818,2.285,7.690,0.000,0.000,0,1,2.0219,65,130,65,69,61
32,post_landing,88,1485.0,59,212.410,484.826,1.46962,0.16464,1.47881,-0.089845,0.443722,0,1,2.09200,204.507,2.907,1.000,0.903,1.762,2.709,6.188,0.000,0.000,0,1,2.0219,65,130,65,69,61
32,post_landing,89,1501.0,59,213.886,483.858,0.94444,-0.11485,0.95140,0.113955,0.353482,0,1,2.09200,204.507,2.907,1.000,0.938,1.631,2.815,3.853,0.000,0.000,0,1,2.0219,65,130,65,69,61
32,post_landing,90,1518.0,59,214.835,484.032,0.92999,0.17024,0.94544,0.112211,0.467938,0,0,2.09200,204.507,2.907,1.000,0.893,1.795,2.246,6.276,0.000,0.000,0,0,2.0219,65,130,65,69,61
32,post_landing,91,1535.0,59,215.715,484.449,0.91660,0.43446,1.01435,0.110595,0.574109,0,0,2.09200,204.507,2.907,1.000,0.840,1.926,2.469,9.383,0.000,0.000,0,0,2.0219,65,130,65,69,61
32,post_landing,92,1551.0,59,216.635,485.174,0.90257,0.71114,1.14907,0.108903,0.685191,0,0,2.09200,204.507,2.907,1.000,0.774,2.040,2.673,12.098,0.000,0.000,0,0,2.0219,65,130,65,69,61
32,post_landing,93,1568.0,59,217.542,486.178,0.88876,0.98360,1.32566,0.107237,0.794572,0,0,2.09200,204.507,2.907,1.000,0.701,2.128,2.841,15.621,0.000,0.000,0,0,2.0219,65,130,65,69,61
32,post_landing,94,1585.0,59,218.383,487.364,0.87597,1.23610,1.51501,0.105693,0.896038,0,0,2.09200,204.507,2.907,1.000,0.625,2.967,5.310,18.428,0.000,0.000,0,0,2.0219,65,130,65,69,61
32,post_landing,95,1601.0,59,219.263,488.895,0.86256,1.50052,1.73077,0.104076,1.002195,0,0,2.09200,204.507,2.907,1.000,0.538,3.066,13.647,38.412,0.000,0.000,0,0,2.0219,65,130,65,69,61
32,post_landing,96,1618.0,59,220.129,490.691,0.84937,1.76090,1.95504,0.102483,1.106728,0,0,2.09200,204.507,2.907,1.000,2.236,3.130,38.906,42.036,0.000,0.000,0,0,2.0219,65,130,65,69,61
32,post_landing,97,1635.0,59,220.933,492.613,0.83713,2.00221,2.17017,0.101008,1.203695,0,0,2.09200,204.507,2.907,1.000,39.560,39.918,42.360,47.242,0.000,0.000,0,0,2.0219,65,130,65,69,61
32,post_landing,98,1651.0,59,221.774,494.913,0.82433,2.25491,2.40086,0.099462,1.305147,0,0,2.09200,204.507,2.907,1.000,3.157,3.157,31.048,49.204,0.000,0.000,0,0,2.0219,65,130,65,69,61
32,post_landing,99,1668.0,59,222.601,497.467,0.81171,2.50374,2.63203,0.097940,1.405046,0,0,2.09200,204.507,2.907,1.000,3.124,5.918,10.193,50.800,0.000,0.000,0,0,2.0219,65,130,65,69,61
32,post_landing,100,1685.0,59,223.369,500.092,0.80003,2.73435,2.84899,0.096530,1.497715,0,0,2.09200,204.507,2.907,1.000,3.065,5.984,12.041,35.126,0.000,0.000,0,0,2.0219,65,130,65,69,61
32,post_landing,101,1701.0,59,224.173,502.721,0.80514,0.02758,0.80562,0.058645,1.594669,0,1,2.09200,204.507,2.907,1.000,4.023,10.021,14.068,19.162,0.000,0.000,0,1,2.0219,65,130,65,69,61
32,post_landing,102,1718.0,59,224.982,502.840,0.57656,0.00000,0.57656,0.041945,1.653572,0,1,2.09200,204.507,2.907,1.000,4.069,10.048,16.276,20.593,0.000,0.000,0,1,2.0219,65,130,65,69,61
32,post_landing,103,1735.0,59,225.527,502.953,0.35387,0.00000,0.35387,0.036181,1.693259,0,1,2.09200,204.507,2.907,1.000,4.092,12.154,16.369,20.827,0.000,0.000,0,1,2.0219,65,130,65,69,61
32,post_landing,104,1751.0,59,225.883,503.086,0.43319,-0.11820,0.44903,0.016062,1.729599,0,1,2.09200,204.507,2.907,1.000,8.216,12.165,17.577,21.013,0.000,0.000,0,1,2.0219,65,130,65,69,61
32,post_landing,105,1768.0,59,226.318,503.159,0.07769,0.00000,0.07769,0.036285,1.745731,0,1,2.09200,204.507,2.907,1.000,8.226,12.165,17.611,22.420,0.000,0.000,0,1,2.0219,65,130,65,69,61
32,post_landing,106,1785.0,59,226.391,503.312,0.37574,0.09563,0.38772,-0.009303,1.780063,0,1,2.09200,204.507,2.907,1.000,8.241,14.318,18.854,28.904,0.000,0.000,0,1,2.0219,65,130,65,69,61
32,post_landing,107,1801.0,59,226.769,503.455,0.37903,0.08516,0.38848,-0.004798,1.770719,0,1,2.09200,204.507,2.907,1.000,8.238,14.317,18.833,28.845,0.000,0.000,0,2,2.0219,65,130,65,69,61
32,post_landing,108,1818.0,59,227.149,503.575,0.09305,0.00000,0.09305,0.035776,1.765900,0,1,2.09200,204.507,2.907,1.000,8.236,14.316,18.822,22.540,0.000,0.000,0,3,2.0219,65,130,65,69,61
32,post_landing,109,1835.0,59,227.237,503.621,0.09234,0.07534,0.11917,0.030978,1.799750,0,1,2.09200,204.507,2.907,1.000,10.420,16.490,18.892,32.168,0.000,0.000,0,3,2.0219,65,130,65,69,61
32,post_landing,110,1851.0,59,227.330,503.754,0.51830,-0.02210,0.51877,-0.024798,1.830864,0,1,2.09200,204.507,2.907,1.000,10.435,16.491,20.161,35.747,0.000,0.000,0,4,2.0219,65,130,65,69,61
32,post_landing,111,1868.0,59,227.851,503.721,0.40137,-0.11183,0.41666,0.000000,1.805958,0,1,2.09200,204.507,2.907,1.000,10.424,16.492,18.903,32.203,0.000,0.000,0,4,2.0219,65,130,65,69,61
32,post_landing,112,1885.0,59,228.230,503.632,0.51012,-0.06703,0.51450,-0.019468,1.805958,0,1,2.09200,204.507,2.907,1.000,10.424,16.492,18.903,32.203,0.000,0.000,0,3,2.0219,65,130,65,69,61
32,post_landing,113,1901.0,59,228.743,503.602,0.50068,-0.09273,0.50919,-0.018151,1.786404,0,1,2.09200,204.507,2.907,1.000,8.243,14.318,18.867,32.087,0.000,0.000,0,3,2.0219,65,130,65,69,61
32,post_landing,114,1918.0,59,229.246,503.578,0.08847,0.05815,0.10587,0.044755,1.768173,0,1,2.09200,204.507,2.907,1.000,8.237,14.316,18.827,22.553,0.000,0.000,0,3,2.0219,65,130,65,69,61
32,post_landing,115,1935.0,59,229.329,503.640,0.08787,0.06755,0.11083,0.032128,1.810519,0,1,2.09200,204.507,2.907,1.000,10.426,16.492,20.119,33.438,0.000,0.000,0,3,2.0219,65,130,65,69,61
32,post_landing,116,1951.0,59,229.418,503.774,0.24830,0.00000,0.24830,0.004989,1.842788,0,1,2.09200,204.507,2.907,1.000,12.633,16.486,20.182,35.817,0.000,0.000,0,4,2.0219,65,130,65,69,61
32,post_landing,117,1968.0,59,229.667,503.846,0.41705,0.00000,0.41705,-0.021602,1.847798,0,1,2.09200,204.507,2.907,1.000,12.636,17.719,20.190,37.079,0.000,0.000,0,5,2.0219,65,130,65,69,61
32,post_landing,118,1985.0,59,230.062,503.747,0.13573,-0.04386,0.14265,0.025013,1.827359,0,1,2.09200,204.507,2.907,1.000,10.434,16.491,20.154,35.726,0.000,0.000,0,4,2.0219,65,130,65,69,61
33,falling,0,6.0,,195.000,96.264,0.00000,0.30000,0.30000,0.000000,0.000000,0,0,4.17400,3360.447,4.337,18.000,18.000,20.000,22.000,23.000,0.000,0.000,0,0,1.1582,60,120,60,61,58
33,falling,1,21.0,,195.000,96.804,0.00000,0.56235,0.56235,0.000000,0.000000,0,0,4.17400,3360.447,4.337,18.000,18.000,20.000,22.000,23.000,0.000,0.000,0,0,1.1582,60,120,60,61,58
33,falling,2,38.0,,195.000,97.592,0.00000,0.82092,0.82092,0.000000,0.000000,0,0,4.17400,3360.447,4.337,18.000,18.000,20.000,22.000,23.000,0.000,0.000,0,0,1.1582,60,120,60,61,58
33,falling,3,54.0,,195.000,98.705,0.00000,1.09169,1.09169,0.000000,0.000000,0,0,4.17400,3360.447,4.337,18.000,18.000,20.000,22.000,23.000,0.000,0.000,0,0,1.1582,60,120,60,61,58
33,falling,4,71.0,,195.000,100.091,0.00000,1.35832,1.35832,0.000000,0.000000,0,0,4.17400,3360.447,4.337,18.000,18.000,20.000,21.000,23.000,0.000,0.000,0,0,1.1582,60,120,60,61,58
33,falling,5,88.0,,195.000,101.632,0.00000,1.60543,1.60543,0.000000,0.000000,0,0,4.17400,3360.447,4.337,18.000,18.000,20.000,21.000,23.000,0.000,0.000,0,0,1.1582,60,120,60,61,58
33,falling,6,104.0,,195.000,103.534,0.00000,1.86420,1.86420,0.000000,0.000000,0,0,4.17400,3360.447,4.337,18.000,18.000,20.000,21.000,23.000,0.000,0.000,0,0,1.1582,60,120,60,61,58
33,falling,7,121.0,,195.000,105.695,0.00000,2.11901,2.11901,0.000000,0.000000,0,0,4.17400,3360.447,4.337,18.000,18.000,20.000,21.000,23.000,0.000,0.000,0,0,1.1582,60,120,60,61,58
33,falling,8,138.0,,195.000,107.956,0.00000,2.35516,2.35516,0.000000,0.000000,0,0,4.17400,3360.447,4.337,18.000,18.000,20.000,21.000,23.000,0.000,0.000,0,0,1.1582,60,120,60,61,58
33,falling,9,154.0,,195.000,110.610,0.00000,2.60246,2.60246,0.000000,0.000000,0,0,4.17400,3360.447,4.337,18.000,18.000,20.000,21.000,23.000,0.000,0.000,0,0,1.1582,60,120,60,61,58
33,falling,10,171.0,,195.000,113.513,0.00000,2.84598,2.84598,0.000000,0.000000,0,0,4.17400,3360.447,4.337,18.000,18.000,20.000,21.000,23.000,0.000,0.000,0,0,1.1582,60,120,60,61,58
33,falling,11,188.0,,195.000,116.462,0.00000,3.07166,3.07166,0.000000,0.000000,0,0,4.17400,3360.447,4.337,18.000,18.000,20.000,21.000,23.000,0.000,0.000,0,0,1.1582,60,120,60,61,58
33,falling,12,204.0,,195.000,119.836,0.00000,3.30800,3.30800,0.000000,0.000000,0,0,4.17400,3360.447,4.337,18.000,18.000,20.000,21.000,23.000,0.000,0.000,0,0,1.1582,60,120,60,61,58
33,falling,13,221.0,,195.000,123.448,0.00000,3.54072,3.54072,0.000000,0.000000,0,0,4.17400,3360.447,4.337,18.000,18.000,20.000,21.000,23.000,0.000,0.000,0,0,1.1582,60,120,60,61,58
33,falling,14,238.0,,195.000,127.054,0.00000,3.75640,3.75640,0.000000,0.000000,0,0,4.17400,3360.447,4.337,18.000,18.000,20.000,21.000,23.000,0.000,0.000,0,0,1.1582,60,120,60,61,58
33,falling,15,254.0,,195.000,131.116,0.00000,3.98226,3.98226,0.000000,0.000000,0,0,4.17400,3360.447,4.337,18.000,18.000,20.000,21.000,23.000,0.000,0.000,0,0,1.1582,60,120,60,61,58
33,falling,16,271.0,,195.000,135.405,0.00000,4.20466,4.20466,0.000000,0.000000,0,0,4.17400,3360.447,4.337,18.000,18.000,20.000,21.000,23.000,0.000,0.000,0,0,1.1582,60,120,60,61,58
33,falling,17,288.0,,195.000,139.639,0.00000,4.41078,4.41078,0.000000,0.000000,0,0,4.17400,3360.447,4.337,18.000,18.000,20.000,21.000,23.000,0.000,0.000,0,0,1.1582,60,120,60,61,58
33,falling,18,304.0,,195.000,144.358,0.00000,4.62663,4.62663,0.000000,0.000000,0,0,4.17400,3360.447,4.337,18.000,18.000,20.000,21.000,23.000,0.000,0.000,0,0,1.1582,60,120,60,61,58
33,falling,19,321.0,,195.000,149.294,0.00000,4.83918,4.83918,0.000000,0.000000,0,0,4.17400,3360.447,4.337,18.000,18.000,20.000,21.000,23.000,0.000,0.000,0,0,1.1582,60,120,60,61,58
33,falling,20,338.0,,195.000,154.129,0.00000,5.03616,5.03616,0.000000,0.000000,0,0,4.17400,3360.447,4.337,18.000,18.000,20.000,21.000,23.000,0.000,0.000,0,0,1.1582,60,120,60,61,58
33,falling,21,354.0,,195.000,159.476,0.00000,5.24244,5.24244,0.000000,0.000000,0,0,4.17400,3360.447,4.337,18.000,18.000,20.000,21.000,23.000,0.000,0.000,0,0,1.1582,60,120,60,61,58
33,falling,22,371.0,,195.000,165.031,0.00000,5.44556,5.44556,0.000000,0.000000,0,0,4.17400,3360.447,4.337,18.000,18.000,20.000,21.000,23.000,0.000,0.000,0,0,1.1582,60,120,60,61,58
33,falling,23,388.0,,195.000,170.439,0.00000,5.63381,5.63381,0.000000,0.000000,0,0,4.17400,3360.447,4.337,18.000,18.000,20.000,21.000,23.000,0.000,0.000,0,0,1.1582,60,120,60,61,58
33,falling,24,404.0,,195.000,176.387,0.00000,5.83095,5.83095,0.000000,0.000000,0,0,4.17400,3360.447,4.337,18.000,18.000,20.000,21.000,23.000,0.000,0.000,0,0,1.1582,60,120,60,61,58
33,falling,25,421.0,,195.000,182.532,0.00000,6.02507,6.02507,0.000000,0.000000,0,0,4.17400,3360.447,4.337,18.000,18.000,20.000,21.000,23.000,0.000,0.000,0,0,1.1582,60,120,60,61,58
33,falling,26,438.0,,195.000,188.489,0.00000,6.20498,6.20498,0.000000,0.000000,0,0,4.17400,3360.447,4.337,18.000,18.000,20.000,21.000,23.000,0.000,0.000,0,0,1.1582,60,120,60,61,58
33,falling,27,454.0,,195.000,195.010,0.00000,6.39337,6.39337,0.000000,0.000000,0,0,4.17400,3360.447,4.337,18.000,18.000,20.000,21.000,23.000,0.000,0.000,0,0,1.1582,60,120,60,61,58
33,falling,28,471.0,,195.000,201.721,0.00000,6.57889,6.57889,0.000000,0.000000,0,0,4.17400,3360.447,4.337,18.000,18.000,20.000,21.000,23.000,0.000,0.000,0,0,1.1582,60,120,60,61,58
33,falling,29,488.0,,195.000,208.201,0.00000,6.75082,6.75082,0.000000,0.000000,0,0,4.17400,3360.447,4.337,18.000,18.000,20.000,21.000,23.000,0.000,0.000,0,0,1.1582,60,120,60,61,58
33,falling,30,504.0,,195.000,215.271,0.00000,6.93086,6.93086,0.000000,0.000000,0,0,4.17400,3360.447,4.337,18.000,18.000,20.000,21.000,23.000,0.000,0.000,0,0,1.1582,60,120,60,61,58
33,falling,31,521.0,,195.000,222.521,0.00000,7.10816,7.10816,0.000000,0.000000,0,0,4.17400,3360.447,4.337,18.000,18.000,20.000,21.000,23.000,0.000,0.000,0,0,1.1582,60,120,60,61,58
33,falling,32,538.0,,195.000,229.503,0.00000,7.27246,7.27246,0.000000,0.000000,0,0,4.17400,3360.447,4.337,18.000,18.000,20.000,21.000,23.000,0.000,0.000,0,0,1.1582,60,120,60,61,58
33,falling,33,554.0,,195.000,237.096,0.00000,7.44453,7.44453,0.000000,0.000000,0,0,4.17400,3360.447,4.337,18.000,18.000,20.000,21.000,23.000,0.000,0.000,0,0,1.1582,60,120,60,61,58
33,falling,34,571.0,,195.000,244.863,0.00000,7.61396,7.61396,0.000000,0.000000,0,0,4.17400,3360.447,4.337,18.000,18.000,20.000,21.000,23.000,0.000,0.000,0,0,1.1582,60,120,60,61,58
33,falling,35,588.0,,195.000,252.323,0.00000,7.77099,7.77099,0.000000,0.000000,0,0,4.17400,3360.447,4.337,18.000,18.000,20.000,21.000,23.000,0.000,0.000,0,0,1.1582,60,120,60,61,58
33,falling,36,604.0,,195.000,260.417,0.00000,7.93542,7.93542,0.000000,0.000000,0,0,4.17400,3360.447,4.337,18.000,18.000,20.000,21.000,23.000,0.000,0.000,0,0,1.1582,60,120,60,61,58
33,falling,37,621.0,,195.000,268.676,0.00000,8.09735,8.09735,0.000000,0.000000,0,0,4.17400,3360.447,4.337,18.000,18.000,20.000,21.000,23.000,0.000,0.000,0,0,1.1582,60,120,60,61,58
33,falling,38,638.0,,195.000,276.594,0.00000,8.24741,8.24741,0.000000,0.000000,0,0,4.17400,3360.447,4.337,18.000,18.000,20.000,21.000,23.000,0.000,0.000,0,0,1.1582,60,120,60,61,58
33,falling,39,654.0,,195.000,285.166,0.00000,8.40456,8.40456,0.000000,0.000000,0,0,4.17400,3360.447,4.337,18.000,18.000,20.000,21.000,23.000,0.000,0.000,0,0,1.1582,60,120,60,61,58
33,falling,40,671.0,,195.000,293.897,0.00000,8.55930,8.55930,0.000000,0.000000,0,0,4.17400,3360.447,4.337,18.000,18.000,20.000,21.000,23.000,0.000,0.000,0,0,1.1582,60,120,60,61,58
33,falling,41,688.0,,195.000,302.251,0.00000,8.70271,8.70271,0.000000,0.000000,0,0,4.17400,3360.447,4.337,18.000,18.000,20.000,21.000,23.000,0.000,0.000,0,0,1.1582,60,120,60,61,58
33,falling,42,704.0,,195.000,311.281,0.00000,8.85290,8.85290,0.000000,0.000000,0,0,4.17400,3360.447,4.337,18.000,18.000,20.000,21.000,23.000,0.000,0.000,0,0,1.1582,60,120,60,61,58
33,falling,43,721.0,,195.000,320.462,0.00000,9.00078,9.00078,0.000000,0.000000,0,0,4.17400,3360.447,4.337,18.000,18.000,20.000,21.000,23.000,0.000,0.000,0,0,1.1582,60,120,60,61,58
33,falling,44,738.0,,195.000,329.234,0.00000,9.13784,9.13784,0.000000,0.000000,0,0,4.17400,3360.447,4.337,18.000,18.000,20.000,21.000,23.000,0.000,0.000,0,0,1.1582,60,120,60,61,58
33,falling,45,754.0,,195.000,338.701,0.00000,9.28136,9.28136,0.000000,0.000000,0,0,4.17400,3360.447,4.337,18.000,18.000,20.000,21.000,23.000,0.000,0.000,0,0,1.1582,60,120,60,61,58
33,falling,46,771.0,,195.000,348.313,0.00000,9.42269,9.42269,0.000000,0.000000,0,0,4.17400,3360.447,4.337,18.000,18.000,20.000,21.000,23.000,0.000,0.000,0,0,1.1582,60,120,60,61,58
33,falling,47,788.0,,195.000,357.484,0.00000,9.55367,9.55367,0.000000,0.000000,0,0,4.17400,3360.447,4.337,18.000,18.000,20.000,21.000,23.000,0.000,0.000,0,0,1.1582,60,120,60,61,58
33,falling,48,804.0,,195.000,367.369,0.00000,9.69083,9.69083,0.000000,0.000000,0,0,4.17400,3360.447,4.337,18.000,18.000,20.000,21.000,23.000,0.000,0.000,0,0,1.1582,60,120,60,61,58
33,falling,49,821.0,,195.000,377.391,0.00000,9.82589,9.82589,0.000000,0.000000,0,0,4.17400,3360.447,4.337,18.000,18.000,20.000,21.000,23.000,0.000,0.000,0,0,1.1582,60,120,60,61,58
33,falling,50,838.0,,195.000,386.944,0.00000,9.95107,9.95107,0.000000,0.000000,0,0,4.17400,3360.447,4.337,18.000,18.000,20.000,21.000,23.000,0.000,0.000,0,0,1.1582,60,120,60,61,58
33,falling,51,854.0,,195.000,397.228,0.00000,10.08215,10.08215,0.000000,0.000000,0,0,4.17400,3360.447,4.337,18.000,18.000,20.000,21.000,23.000,0.000,0.000,0,0,1.1582,60,120,60,61,58
33,falling,52,871.0,,195.000,407.643,0.00000,10.21123,10.21123,0.000000,0.000000,0,0,4.17400,3360.447,4.337,18.000,18.000,20.000,21.000,23.000,0.000,0.000,0,0,1.1582,60,120,60,61,58
33,falling,53,888.0,,195.000,417.561,0.00000,10.33085,10.33085,0.000000,0.000000,0,0,4.17400,3360.447,4.337,18.000,18.000,20.000,21.000,23.000,0.000,0.000,0,0,1.1582,60,120,60,61,58
33,falling,54,904.0,,195.000,428.226,0.00000,10.45612,10.45612,0.000000,0.000000,0,0,4.17400,3360.447,4.337,18.000,18.000,20.000,21.000,23.000,0.000,0.000,0,0,1.1582,60,120,60,61,58
33,falling,55,921.0,,195.000,439.017,0.00000,10.57948,10.57948,0.000000,0.000000,0,0,4.17400,3360.447,4.337,18.000,18.000,20.000,21.000,23.000,0.000,0.000,0,0,1.1582,60,120,60,61,58
33,falling,56,938.0,,195.000,449.283,0.00000,10.69380,10.69380,0.000000,0.000000,0,0,4.17400,3360.447,4.337,18.000,18.000,20.000,21.000,23.000,0.000,0.000,0,0,1.1582,60,120,60,61,58
33,falling,57,954.0,,195.000,460.313,0.00000,10.81352,10.81352,0.000000,0.000000,0,0,4.17400,3360.447,4.337,18.000,18.000,20.000,21.000,23.000,0.000,0.000,0,0,1.1582,60,120,60,61,58
33,falling,58,971.0,,195.000,471.463,0.00000,10.93140,10.93140,0.000000,0.000000,0,0,4.17400,3360.447,4.337,18.000,18.000,20.000,21.000,23.000,0.000,0.000,0,0,1.1582,60,120,60,61,58
33,falling,59,988.0,,195.000,482.062,0.00000,11.04066,11.04066,0.000000,0.000000,0,0,4.17400,3360.447,4.337,18.000,18.000,20.000,21.000,23.000,0.000,0.000,0,0,1.1582,60,120,60,61,58
33,post_landing,60,1004.0,60,195.000,491.422,1.63297,0.06386,1.63422,0.023058,0.000000,0,1,4.17400,3360.447,4.337,18.000,18.000,20.000,22.000,23.000,0.000,0.000,0,5,1.1582,60,120,60,61,58
33,post_landing,61,1021.0,60,196.640,490.938,1.12897,0.06218,1.13068,0.016217,0.023159,0,1,4.17400,3360.447,4.337,18.000,16.019,19.018,21.018,22.994,0.000,0.000,0,3,1.1582,60,120,60,61,58
33,post_landing,62,1038.0,60,197.708,490.887,0.78672,0.04802,0.78818,0.011561,0.038503,0,1,4.17400,3360.447,4.337,18.000,16.027,19.024,21.023,22.983,0.000,0.000,0,2,1.1582,60,120,60,61,58
33,post_landing,63,1054.0,60,198.499,491.008,0.55675,0.03686,0.55797,0.008249,0.050115,0,1,4.17400,3360.447,4.337,18.000,16.030,19.026,21.024,22.971,0.000,0.000,0,2,1.1582,60,120,60,61,58
33,post_landing,64,1071.0,60,199.058,491.096,0.40109,0.02803,0.40207,0.005974,0.058400,0,1,4.17400,3360.447,4.337,18.000,16.031,19.026,21.023,22.961,0.000,0.000,0,2,1.1582,60,120,60,61,58
33,post_landing,65,1088.0,60,199.437,491.155,0.29477,0.02135,0.29555,0.004407,0.064053,0,1,4.17400,3360.447,4.337,18.000,16.031,19.025,21.021,22.953,0.000,0.000,0,2,1.1582,60,120,60,61,58
33,post_landing,66,1104.0,60,199.733,491.205,0.22442,0.03427,0.22702,0.006245,0.068479,0,1,4.17400,3360.447,4.337,18.000,16.031,19.024,21.019,22.946,0.000,0.000,0,2,1.1582,60,120,60,61,58
33,post_landing,67,1121.0,60,199.959,491.275,0.21586,0.03420,0.21855,0.006035,0.074752,0,1,4.17400,3360.447,4.337,18.000,16.030,19.022,21.016,38.193,0.000,0.000,0,2,1.1582,60,120,60,61,58
33,post_landing,68,1138.0,60,200.163,491.353,0.20872,0.03394,0.21146,0.005825,0.080462,0,1,4.17400,3360.447,4.337,18.000,16.029,19.019,21.012,38.199,0.000,0.000,0,2,1.1582,60,120,60,61,58
33,post_landing,69,1154.0,60,200.373,491.425,0.20482,0.03431,0.20768,0.005706,0.086312,0,1,4.17400,3360.447,4.337,18.000,17.109,19.102,21.008,38.203,0.000,0.000,0,2,1.1582,60,120,60,61,58
33,post_landing,70,1171.0,60,200.578,491.492,0.20133,0.03497,0.20434,0.005656,0.092044,0,1,4.17400,3360.447,4.337,18.000,17.112,19.103,21.003,38.207,0.000,0.000,0,2,1.1582,60,120,60,61,58
33,post_landing,71,1188.0,60,200.769,491.551,0.19741,0.03543,0.20056,0.005587,0.097395,0,1,4.17400,3360.447,4.337,18.000,17.114,19.104,20.998,38.209,0.000,0.000,0,2,1.1582,60,120,60,61,58
33,post_landing,72,1204.0,60,200.967,491.621,0.19621,0.03637,0.19955,0.005591,0.103007,0,1,4.17400,3360.447,4.337,18.000,17.116,19.105,20.100,42.292,0.000,0.000,0,2,1.1582,60,120,60,61,58
33,post_landing,73,1221.0,60,201.164,491.690,0.19561,0.03744,0.19916,0.005612,0.108622,0,1,4.17400,3360.447,4.337,18.000,17.117,19.105,20.099,42.295,0.000,0.000,0,2,1.1582,60,120,60,61,58
33,post_landing,74,1238.0,60,201.349,491.751,0.19829,0.03804,0.20191,0.005482,0.113932,0,1,4.17400,3360.447,4.337,18.000,17.117,17.231,20.098,42.296,0.000,0.000,0,2,1.1582,60,120,60,61,58
33,post_landing,75,1254.0,60,201.548,491.823,0.19784,0.03909,0.20166,0.005610,0.119438,0,1,4.17400,3360.447,4.337,18.000,17.117,17.236,20.096,42.297,0.000,0.000,0,2,1.1582,60,120,60,61,58
33,post_landing,76,1271.0,60,201.747,491.894,0.20042,0.04051,0.20447,0.005656,0.125073,0,1,4.17400,3360.447,4.337,18.000,12.156,17.241,20.093,42.296,0.000,0.000,0,2,1.1582,60,120,60,61,58
33,post_landing,77,1288.0,60,201.937,491.958,0.20095,0.04157,0.20520,0.005681,0.130424,0,1,4.17400,3360.447,4.337,18.000,12.158,17.246,20.090,42.294,0.000,0.000,0,2,1.1582,60,120,60,61,58
33,post_landing,78,1305.0,60,202.139,492.036,0.20360,0.04319,0.20813,0.005781,0.136131,0,1,4.17400,3360.447,4.337,18.000,12.160,17.250,20.086,42.290,0.000,0.000,0,2,1.1582,60,120,60,61,58
33,post_landing,79,1321.0,60,202.343,492.112,0.20695,0.04492,0.21177,0.005870,0.141937,0,1,4.17400,3360.447,4.337,18.000,12.162,17.253,20.082,42.709,0.000,0.000,0,2,1.1582,60,120,60,61,58
33,post_landing,80,1338.0,60,202.539,491.889,0.19699,0.04866,0.20291,0.006236,0.147491,0,1,4.17400,3360.447,4.337,18.000,12.164,17.256,20.077,42.720,0.000,0.000,0,1,1.1582,60,120,60,61,58
33,post_landing,81,1355.0,60,202.737,491.925,0.22983,0.05232,0.23571,0.005409,0.153754,0,1,4.17400,3360.447,4.337,18.000,12.165,17.259,20.070,42.730,0.000,0.000,0,1,1.1582,60,120,60,61,58
33,post_landing,82,1371.0,60,202.968,491.968,0.22852,0.05312,0.23461,0.005788,0.159187,0,1,4.17400,3360.447,4.337,18.000,12.165,17.261,20.064,42.737,0.000,0.000,0,1,1.1582,60,120,60,61,58
33,post_landing,83,1388.0,60,203.184,492.009,0.21983,0.05218,0.22594,0.006237,0.164664,0,1,4.17400,3360.447,4.337,18.000,12.166,17.262,19.235,42.743,0.000,0.000,0,1,1.1582,60,120,60,61,58
33,post_landing,84,1405.0,60,203.405,492.065,0.23329,0.05669,0.24008,0.006056,0.170928,0,1,4.17400,3360.447,4.337,18.000,12.165,17.263,19.233,42.749,0.000,0.000,0,1,1.1582,60,120,60,61,58
33,post_landing,85,1421.0,60,203.639,492.118,0.23977,0.05958,0.24707,0.006147,0.177010,0,1,4.17400,3360.447,4.337,18.000,12.165,17.263,19.231,42.752,0.000,0.000,0,1,1.1582,60,120,60,61,58
33,post_landing,86,1438.0,60,203.866,492.165,0.23561,0.05979,0.24308,0.006455,0.182827,0,1,4.17400,3360.447,4.337,18.000,1.165,17.262,19.229,42.754,0.000,0.000,0,1,1.1582,60,120,60,61,58
33,post_landing,87,1455.0,60,204.102,492.226,0.24467,0.06353,0.25278,0.006448,0.189310,0,1,4.17400,3360.447,4.337,18.000,1.170,12.350,19.225,42.755,0.000,0.000,0,1,1.1582,60,120,60,61,58
33,post_landing,88,1471.0,60,204.348,492.286,0.24714,0.06563,0.25571,0.006675,0.195786,0,1,4.17400,3360.447,4.337,18.000,1.175,12.354,19.221,42.754,0.000,0.000,0,1,1.1582,60,120,60,61,58
33,post_landing,89,1488.0,60,204.582,492.340,0.24176,0.06560,0.25050,0.007003,0.202101,0,1,4.17400,3360.447,4.337,18.000,1.180,12.358,19.215,42.751,0.000,0.000,0,1,1.1582,60,120,60,61,58
33,post_landing,90,1505.0,60,204.825,492.411,0.25579,0.07107,0.26548,0.006821,0.209135,0,1,4.17400,3360.447,4.337,18.000,1.186,12.361,19.209,42.746,0.000,0.000,0,1,1.1582,60,120,60,61,58
33,post_landing,91,1521.0,60,205.082,492.478,0.25916,0.07365,0.26942,0.007035,0.215986,0,1,4.17400,3360.447,4.337,18.000,1.191,12.364,19.201,42.739,0.000,0.000,0,1,1.1582,60,120,60,61,58
33,post_landing,92,1538.0,60,205.327,492.539,0.25376,0.07368,0.26424,0.007374,0.222642,0,1,4.17400,3360.447,4.337,18.000,1.196,12.366,19.193,42.730,0.000,0.000,0,1,1.1582,60,120,60,61,58
33,post_landing,93,1555.0,60,205.582,492.618,0.26664,0.07926,0.27817,0.007244,0.230049,0,1,4.17400,3360.447,4.337,18.000,1.202,12.368,17.464,43.174,0.000,0.000,0,1,1.1582,60,120,60,61,58
33,post_landing,94,1571.0,60,205.850,492.693,0.26860,0.08168,0.28075,0.007512,0.237325,0,1,4.17400,3360.447,4.337,18.000,1.207,12.369,17.464,43.174,0.000,0.000,0,1,1.1582,60,120,60,61,58
33,post_landing,95,1588.0,60,206.104,492.764,0.26400,0.08205,0.27646,0.007819,0.244432,0,1,4.17400,3360.447,4.337,18.000,1.212,12.369,17.463,43.172,0.000,0.000,0,1,1.1582,60,120,60,61,58
33,post_landing,96,1604.0,60,206.369,492.851,0.28445,0.09073,0.29857,0.007438,0.252285,0,1,4.17400,3360.447,4.337,18.000,1.218,12.369,17.460,42.448,0.000,0.000,0,1,1.1582,60,120,60,61,58
33,post_landing,97,1621.0,60,206.655,492.934,0.28313,0.09213,0.29775,0.007859,0.259756,0,1,4.17400,3360.447,4.337,18.000,1.223,12.368,17.457,42.450,0.000,0.000,0,1,1.1582,60,120,60,61,58
33,post_landing,98,1638.0,60,206.939,493.022,0.28054,0.09341,0.29569,0.008275,0.267649,0,1,4.17400,3360.447,4.337,18.000,1.229,12.366,17.453,42.714,0.000,0.000,0,1,1.1582,60,120,60,61,58
33,post_landing,99,1655.0,60,207.204,493.106,0.27852,0.09485,0.29423,0.008462,0.275479,0,1,4.17400,3360.447,4.337,18.000,1.234,7.280,17.447,42.718,0.000,0.000,0,1,1.1582,60,120,60,61,58
33,post_landing,100,1671.0,60,207.484,493.208,0.30144,0.10551,0.31937,0.007986,0.283977,0,1,4.17400,3360.447,4.337,18.000,1.240,7.280,37.640,42.720,0.000,0.000,0,1,1.1582,60,120,60,61,58
33,post_landing,101,1688.0,60,207.787,493.304,0.29740,0.10607,0.31575,0.008513,0.291998,0,1,4.17400,3360.447,4.337,18.000,1.246,7.279,37.643,42.719,0.000,0.000,0,1,1.1582,60,120,60,61,58
33,post_landing,102,1704.0,60,208.068,493.397,0.29158,0.10631,0.31036,0.008854,0.300053,0,1,4.17400,3360.447,4.337,18.000,1.251,7.278,37.643,42.715,0.000,0.000,0,1,1.1582,60,120,60,61,58
33,post_landing,103,1721.0,60,208.361,493.510,0.31231,0.11715,0.33355,0.008454,0.308946,0,1,4.17400,3360.447,4.337,18.000,1.257,7.277,37.640,43.012,0.000,0.000,0,1,1.1582,60,120,60,61,58
33,post_landing,104,1738.0,60,208.675,493.617,0.30696,0.11725,0.32859,0.009028,0.317437,0,1,4.17400,3360.447,4.337,18.000,1.262,7.275,34.147,42.371,0.000,0.000,0,1,1.1582,60,120,60,61,58
33,post_landing,105,1755.0,60,208.965,493.721,0.30284,0.11828,0.32512,0.009296,0.325979,0,1,4.17400,3360.447,4.337,18.000,1.268,7.272,34.158,42.377,0.000,0.000,0,1,1.1582,60,120,60,61,58
33,post_landing,106,1771.0,60,209.269,493.846,0.32297,0.12995,0.34813,0.008909,0.335315,0,1,4.17400,3360.447,4.337,18.000,1.273,7.268,34.167,42.379,0.000,0.000,0,1,1.1582,60,120,60,61,58
33,post_landing,107,1788.0,60,209.594,493.966,0.31667,0.12961,0.34216,0.009523,0.344263,0,1,4.17400,3360.447,4.337,18.000,1.279,1.616,34.172,42.378,0.000,0.000,0,1,1.1582,60,120,60,61,58
33,post_landing,108,1805.0,60,209.894,494.083,0.31375,0.13134,0.34013,0.009735,0.353273,0,1,4.17400,3360.447,4.337,18.000,1.284,1.630,34.175,42.373,0.000,0.000,0,1,1.1582,60,120,60,61,58
33,post_landing,109,1821.0,60,210.209,494.221,0.33271,0.14368,0.36241,0.009378,0.363051,0,1,4.17400,3360.447,4.337,18.000,1.290,1.645,34.176,42.364,0.000,0.000,0,1,1.1582,60,120,60,61,58
33,post_landing,110,1838.0,60,210.523,494.342,0.32239,0.14128,0.35199,0.009926,0.371924,0,1,4.17400,3360.447,4.337,18.000,1.295,1.658,34.173,42.353,0.000,0.000,0,1,1.1582,60,120,60,61,58
33,post_landing,111,1854.0,60,210.847,494.487,0.33744,0.15260,0.37034,0.009714,0.381894,0,1,4.17400,3360.447,4.337,18.000,1.301,22.286,34.167,41.781,0.000,0.000,0,1,1.1582,60,120,60,61,58
33,post_landing,112,1871.0,60,211.186,494.630,0.33129,0.15219,0.36457,0.010327,0.391651,0,1,4.17400,3360.447,4.337,18.000,1.306,22.303,34.921,41.773,0.000,0.000,0,1,1.1582,60,120,60,61,58
33,post_landing,113,1888.0,60,211.500,494.769,0.32994,0.15508,0.36456,0.010460,0.401422,0,1,4.17400,3360.447,4.337,18.000,1.311,23.629,34.926,41.761,0.000,0.000,0,1,1.1582,60,120,60,61,58
33,post_landing,114,1904.0,60,211.831,494.931,0.34633,0.16842,0.38511,0.010166,0.411928,0,1,4.17400,3360.447,4.337,18.000,1.317,23.648,34.928,41.743,0.000,0.000,0,1,1.1582,60,120,60,61,58
33,post_landing,115,1921.0,60,212.179,495.088,0.33973,0.16749,0.37878,0.010802,0.422139,0,1,4.17400,3360.447,4.337,18.000,22.341,23.663,34.927,41.722,0.000,0.000,0,1,1.1582,60,120,60,61,58
33,post_landing,116,1938.0,60,212.500,495.242,0.33850,0.17079,0.37915,0.010909,0.432359,0,1,4.17400,3360.447,4.337,18.000,22.350,23.677,35.341,41.696,0.000,0.000,0,1,1.1582,60,120,60,61,58
33,post_landing,117,1955.0,60,212.840,495.420,0.35306,0.18469,0.39845,0.010654,0.443316,0,1,4.17400,3360.447,4.337,18.000,23.688,23.688,35.341,41.664,0.000,0.000,0,1,1.1582,60,120,60,61,58
33,post_landing,118,1971.0,60,213.195,495.694,0.23216,-0.03256,0.23443,0.007568,0.454016,0,1,4.17400,3360.447,4.337,18.000,23.697,23.697,35.337,41.628,0.000,0.000,0,2,1.1582,60,120,60,61,58
33,post_landing,119,1988.0,60,213.415,495.728,0.16698,-0.02285,0.16853,0.005492,0.461177,0,1,4.17400,3360.447,4.337,18.000,23.701,23.701,35.332,40.255,0.000,0.000,0,2,1.1582,60,120,60,61,58
34,falling,0,8.0,,195.000,96.724,0.00000,0.46667,0.46667,0.000000,0.000000,0,0,5.67800,3952.389,3.007,18.000,18.000,20.000,29.000,38.000,0.000,0.000,0,0,1.1538,74,148,74,79,73
34,falling,1,14.0,,195.000,96.927,0.00000,0.56415,0.56415,0.000000,0.000000,0,0,5.67800,3952.389,3.007,18.000,18.000,20.000,29.000,38.000,0.000,0.000,0,0,1.1538,74,148,74,79,73
34,falling,2,31.0,,195.000,97.717,0.00000,0.82269,0.82269,0.000000,0.000000,0,0,5.67800,3952.389,3.007,18.000,18.000,20.000,29.000,38.000,0.000,0.000,0,0,1.1538,74,148,74,79,73
34,falling,3,47.0,,195.000,98.832,0.00000,1.09344,1.09344,0.000000,0.000000,0,0,5.67800,3952.389,3.007,18.000,18.000,20.000,29.000,38.000,0.000,0.000,0,0,1.1538,74,148,74,79,73
34,falling,4,64.0,,195.000,100.219,0.00000,1.36004,1.36004,0.000000,0.000000,0,0,5.67800,3952.389,3.007,18.000,18.000,20.000,29.000,38.000,0.000,0.000,0,0,1.1538,74,148,74,79,73
34,falling,5,81.0,,195.000,101.762,0.00000,1.60712,1.60712,0.000000,0.000000,0,0,5.67800,3952.389,3.007,18.000,18.000,20.000,29.000,38.000,0.000,0.000,0,0,1.1538,74,148,74,79,73
34,falling,6,97.0,,195.000,103.665,0.00000,1.86587,1.86587,0.000000,0.000000,0,0,5.67800,3952.389,3.007,18.000,18.000,20.000,29.000,38.000,0.000,0.000,0,0,1.1538,74,148,74,79,73
34,falling,7,114.0,,195.000,105.829,0.00000,2.12065,2.12065,0.000000,0.000000,0,0,5.67800,3952.389,3.007,18.000,18.000,20.000,29.000,38.000,0.000,0.000,0,0,1.1538,74,148,74,79,73
34,falling,8,131.0,,195.000,108.091,0.00000,2.35678,2.35678,0.000000,0.000000,0,0,5.67800,3952.389,3.007,18.000,18.000,20.000,29.000,38.000,0.000,0.000,0,0,1.1538,74,148,74,79,73
34,falling,9,147.0,,195.000,110.747,0.00000,2.60406,2.60406,0.000000,0.000000,0,0,5.67800,3952.389,3.007,18.000,18.000,20.000,29.000,38.000,0.000,0.000,0,0,1.1538,74,148,74,79,73
34,falling,10,164.0,,195.000,113.652,0.00000,2.84755,2.84755,0.000000,0.000000,0,0,5.67800,3952.389,3.007,18.000,18.000,20.000,29.000,38.000,0.000,0.000,0,0,1.1538,74,148,74,79,73
34,falling,11,181.0,,195.000,116.602,0.00000,3.07321,3.07321,0.000000,0.000000,0,0,5.67800,3952.389,3.007,18.000,18.000,20.000,29.000,38.000,0.000,0.000,0,0,1.1538,74,148,74,79,73
34,falling,12,197.0,,195.000,119.978,0.00000,3.30952,3.30952,0.000000,0.000000,0,0,5.67800,3952.389,3.007,18.000,18.000,20.000,29.000,38.000,0.000,0.000,0,0,1.1538,74,148,74,79,73
34,falling,13,214.0,,195.000,123.591,0.00000,3.54222,3.54222,0.000000,0.000000,0,0,5.67800,3952.389,3.007,18.000,18.000,20.000,29.000,38.000,0.000,0.000,0,0,1.1538,74,148,74,79,73
34,falling,14,231.0,,195.000,127.198,0.00000,3.75788,3.75788,0.000000,0.000000,0,0,5.67800,3952.389,3.007,18.000,18.000,20.000,29.000,38.000,0.000,0.000,0,0,1.1538,74,148,74,79,73
34,falling,15,247.0,,195.000,131.262,0.00000,3.98372,3.98372,0.000000,0.000000,0,0,5.67800,3952.389,3.007,18.000,18.000,20.000,29.000,38.000,0.000,0.000,0,0,1.1538,74,148,74,79,73
34,falling,16,264.0,,195.000,135.552,0.00000,4.20610,4.20610,0.000000,0.000000,0,0,5.67800,3952.389,3.007,18.000,18.000,20.000,29.000,38.000,0.000,0.000,0,0,1.1538,74,148,74,79,73
34,falling,17,281.0,,195.000,139.788,0.00000,4.41220,4.41220,0.000000,0.000000,0,0,5.67800,3952.389,3.007,18.000,18.000,20.000,29.000,38.000,0.000,0.000,0,0,1.1538,74,148,74,79,73
34,falling,18,297.0,,195.000,144.508,0.00000,4.62802,4.62802,0.000000,0.000000,0,0,5.67800,3952.389,3.007,18.000,18.000,20.000,29.000,38.000,0.000,0.000,0,0,1.1538,74,148,74,79,73
34,falling,19,314.0,,195.000,149.446,0.00000,4.84055,4.84055,0.000000,0.000000,0,0,5.67800,3952.389,3.007,18.000,18.000,20.000,29.000,38.000,0.000,0.000,0,0,1.1538,74,148,74,79,73
34,falling,20,331.0,,195.000,154.282,0.00000,5.03751,5.03751,0.000000,0.000000,0,0,5.67800,3952.389,3.007,18.000,18.000,20.000,29.000,38.000,0.000,0.000,0,0,1.1538,74,148,74,79,73
34,falling,21,347.0,,195.000,159.630,0.00000,5.24377,5.24377,0.000000,0.000000,0,0,5.67800,3952.389,3.007,18.000,18.000,20.000,29.000,38.000,0.000,0.000,0,0,1.1538,74,148,74,79,73
34,falling,22,364.0,,195.000,165.186,0.00000,5.44687,5.44687,0.000000,0.000000,0,0,5.67800,3952.389,3.007,18.000,18.000,20.000,29.000,38.000,0.000,0.000,0,0,1.1538,74,148,74,79,73
34,falling,23,381.0,,195.000,170.596,0.00000,5.63511,5.63511,0.000000,0.000000,0,0,5.67800,3952.389,3.007,18.000,18.000,20.000,29.000,38.000,0.000,0.000,0,0,1.1538,74,148,74,79,73
34,falling,24,397.0,,195.000,176.545,0.00000,5.83222,5.83222,0.000000,0.000000,0,0,5.67800,3952.389,3.007,18.000,18.000,20.000,29.000,38.000,0.000,0.000,0,0,1.1538,74,148,74,79,73
34,falling,25,414.0,,195.000,182.691,0.00000,6.02632,6.02632,0.000000,0.000000,0,0,5.67800,3952.389,3.007,18.000,18.000,20.000,29.000,38.000,0.000,0.000,0,0,1.1538,74,148,74,79,73
34,falling,26,431.0,,195.000,188.649,0.00000,6.20621,6.20621,0.000000,0.000000,0,0,5.67800,3952.389,3.007,18.000,18.000,20.000,29.000,38.000,0.000,0.000,0,0,1.1538,74,148,74,79,73
34,falling,27,447.0,,195.000,195.172,0.00000,6.39459,6.39459,0.000000,0.000000,0,0,5.67800,3952.389,3.007,18.000,18.000,20.000,29.000,38.000,0.000,0.000,0,0,1.1538,74,148,74,79,73
34,falling,28,464.0,,195.000,201.884,0.00000,6.58008,6.58008,0.000000,0.000000,0,0,5.67800,3952.389,3.007,18.000,18.000,20.000,29.000,38.000,0.000,0.000,0,0,1.1538,74,148,74,79,73
34,falling,29,481.0,,195.000,208.782,0.00000,6.76274,6.76274,0.000000,0.000000,0,0,5.67800,3952.389,3.007,18.000,18.000,20.000,29.000,38.000,0.000,0.000,0,0,1.1538,74,148,74,79,73
34,falling,30,497.0,,195.000,215.436,0.00000,6.93203,6.93203,0.000000,0.000000,0,0,5.67800,3952.389,3.007,18.000,18.000,20.000,29.000,38.000,0.000,0.000,0,0,1.1538,74,148,74,79,73
34,falling,31,514.0,,195.000,222.688,0.00000,7.10930,7.10930,0.000000,0.000000,0,0,5.67800,3952.389,3.007,18.000,18.000,20.000,29.000,38.000,0.000,0.000,0,0,1.1538,74,148,74,79,73
34,falling,32,531.0,,195.000,229.670,0.00000,7.27359,7.27359,0.000000,0.000000,0,0,5.67800,3952.389,3.007,18.000,18.000,20.000,29.000,38.000,0.000,0.000,0,0,1.1538,74,148,74,79,73
34,falling,33,547.0,,195.000,237.265,0.00000,7.44564,7.44564,0.000000,0.000000,0,0,5.67800,3952.389,3.007,18.000,18.000,20.000,29.000,38.000,0.000,0.000,0,0,1.1538,74,148,74,79,73
34,falling,34,564.0,,195.000,245.032,0.00000,7.61505,7.61505,0.000000,0.000000,0,0,5.67800,3952.389,3.007,18.000,18.000,20.000,29.000,38.000,0.000,0.000,0,0,1.1538,74,148,74,79,73
34,falling,35,581.0,,195.000,252.494,0.00000,7.77206,7.77206,0.000000,0.000000,0,0,5.67800,3952.389,3.007,18.000,18.000,20.000,29.000,38.000,0.000,0.000,0,0,1.1538,74,148,74,79,73
34,falling,36,597.0,,195.000,260.589,0.00000,7.93649,7.93649,0.000000,0.000000,0,0,5.67800,3952.389,3.007,18.000,18.000,20.000,29.000,38.000,0.000,0.000,0,0,1.1538,74,148,74,79,73
34,falling,37,614.0,,195.000,268.849,0.00000,8.09839,8.09839,0.000000,0.000000,0,0,5.67800,3952.389,3.007,18.000,18.000,20.000,29.000,38.000,0.000,0.000,0,0,1.1538,74,148,74,79,73
34,falling,38,631.0,,195.000,276.768,0.00000,8.24844,8.24844,0.000000,0.000000,0,0,5.67800,3952.389,3.007,18.000,18.000,20.000,29.000,38.000,0.000,0.000,0,0,1.1538,74,148,74,79,73
34,falling,39,647.0,,195.000,285.341,0.00000,8.40557,8.40557,0.000000,0.000000,0,0,5.67800,3952.389,3.007,18.000,18.000,20.000,29.000,38.000,0.000,0.000,0,0,1.1538,74,148,74,79,73
34,falling,40,664.0,,195.000,294.073,0.00000,8.56030,8.56030,0.000000,0.000000,0,0,5.67800,3952.389,3.007,18.000,18.000,20.000,29.000,38.000,0.000,0.000,0,0,1.1538,74,148,74,79,73
34,falling,41,681.0,,195.000,302.428,0.00000,8.70370,8.70370,0.000000,0.000000,0,0,5.67800,3952.389,3.007,18.000,18.000,20.000,29.000,38.000,0.000,0.000,0,0,1.1538,74,148,74,79,73
34,falling,42,697.0,,195.000,311.459,0.00000,8.85387,8.85387,0.000000,0.000000,0,0,5.67800,3952.389,3.007,18.000,18.000,20.000,29.000,38.000,0.000,0.000,0,0,1.1538,74,148,74,79,73
34,falling,43,714.0,,195.000,320.641,0.00000,9.00173,9.00173,0.000000,0.000000,0,0,5.67800,3952.389,3.007,18.000,18.000,20.000,29.000,38.000,0.000,0.000,0,0,1.1538,74,148,74,79,73
34,falling,44,731.0,,195.000,329.414,0.00000,9.13878,9.13878,0.000000,0.000000,0,0,5.67800,3952.389,3.007,18.000,18.000,20.000,29.000,38.000,0.000,0.000,0,0,1.1538,74,148,74,79,73
34,falling,45,747.0,,195.000,338.882,0.00000,9.28229,9.28229,0.000000,0.000000,0,0,5.67800,3952.389,3.007,18.000,18.000,20.000,29.000,38.000,0.000,0.000,0,0,1.1538,74,148,74,79,73
34,falling,46,764.0,,195.000,348.494,0.00000,9.42360,9.42360,0.000000,0.000000,0,0,5.67800,3952.389,3.007,18.000,18.000,20.000,29.000,38.000,0.000,0.000,0,0,1.1538,74,148,74,79,73
34,falling,47,781.0,,195.000,357.667,0.00000,9.55457,9.55457,0.000000,0.000000,0,0,5.67800,3952.389,3.007,18.000,18.000,20.000,29.000,38.000,0.000,0.000,0,0,1.1538,74,148,74,79,73
34,falling,48,797.0,,195.000,367.552,0.00000,9.69172,9.69172,0.000000,0.000000,0,0,5.67800,3952.389,3.007,18.000,18.000,20.000,29.000,38.000,0.000,0.000,0,0,1.1538,74,148,74,79,73
34,falling,49,814.0,,195.000,377.576,0.00000,9.82677,9.82677,0.000000,0.000000,0,0,5.67800,3952.389,3.007,18.000,18.000,20.000,29.000,38.000,0.000,0.000,0,0,1.1538,74,148,74,79,73
34,falling,50,831.0,,195.000,387.129,0.00000,9.95193,9.95193,0.000000,0.000000,0,0,5.67800,3952.389,3.007,18.000,18.000,20.000,29.000,38.000,0.000,0.000,0,0,1.1538,74,148,74,79,73
34,falling,51,847.0,,195.000,397.414,0.00000,10.08300,10.08300,0.000000,0.000000,0,0,5.67800,3952.389,3.007,18.000,18.000,20.000,29.000,38.000,0.000,0.000,0,0,1.1538,74,148,74,79,73
34,falling,52,864.0,,195.000,407.830,0.00000,10.21206,10.21206,0.000000,0.000000,0,0,5.67800,3952.389,3.007,18.000,18.000,20.000,29.000,38.000,0.000,0.000,0,0,1.1538,74,148,74,79,73
34,falling,53,881.0,,195.000,417.749,0.00000,10.33167,10.33167,0.000000,0.000000,0,0,5.67800,3952.389,3.007,18.000,18.000,20.000,29.000,38.000,0.000,0.000,0,0,1.1538,74,148,74,79,73
34,falling,54,897.0,,195.000,428.415,0.00000,10.45693,10.45693,0.000000,0.000000,0,0,5.67800,3952.389,3.007,18.000,18.000,20.000,29.000,38.000,0.000,0.000,0,0,1.1538,74,148,74,79,73
34,falling,55,914.0,,195.000,439.207,0.00000,10.58027,10.58027,0.000000,0.000000,0,0,5.67800,3952.389,3.007,18.000,18.000,20.000,29.000,38.000,0.000,0.000,0,0,1.1538,74,148,74,79,73
34,falling,56,931.0,,195.000,449.473,0.00000,10.69458,10.69458,0.000000,0.000000,0,0,5.67800,3952.389,3.007,18.000,18.000,20.000,29.000,38.000,0.000,0.000,0,0,1.1538,74,148,74,79,73
34,falling,57,947.0,,195.000,460.504,0.00000,10.81429,10.81429,0.000000,0.000000,0,0,5.67800,3952.389,3.007,18.000,18.000,20.000,29.000,38.000,0.000,0.000,0,0,1.1538,74,148,74,79,73
34,falling,58,964.0,,195.000,471.655,0.00000,10.93217,10.93217,0.000000,0.000000,0,0,5.67800,3952.389,3.007,18.000,18.000,20.000,29.000,38.000,0.000,0.000,0,0,1.1538,74,148,74,79,73
34,falling,59,981.0,,195.000,482.255,0.00000,11.04141,11.04141,0.000000,0.000000,0,0,5.67800,3952.389,3.007,18.000,18.000,20.000,29.000,38.000,0.000,0.000,0,0,1.1538,74,148,74,79,73
34,post_landing,60,998.0,60,195.000,489.206,1.95758,-0.30278,1.98086,0.015926,0.000000,0,1,5.67800,3952.389,3.007,18.000,18.000,20.000,29.000,38.000,0.000,0.000,0,14,1.1538,74,148,74,79,73
34,post_landing,61,1014.0,60,196.966,487.041,1.36903,-0.20760,1.38468,0.014082,0.015996,0,1,5.67800,3952.389,3.007,18.000,17.014,19.014,29.028,36.011,0.000,0.000,0,7,1.1538,74,148,74,79,73
34,post_landing,62,1031.0,60,198.262,486.172,1.01546,0.01240,1.01553,0.011845,0.029320,0,1,5.67800,3952.389,3.007,18.000,17.022,19.021,29.046,36.014,0.000,0.000,0,4,1.1538,74,148,74,79,73
34,post_landing,63,1047.0,60,199.281,485.807,0.72568,0.02956,0.72628,0.010139,0.041217,0,1,5.67800,3952.389,3.007,18.000,17.027,19.025,31.097,37.051,0.000,0.000,0,2,1.1538,74,148,74,79,73
34,post_landing,64,1064.0,60,200.010,485.911,0.56805,0.01908,0.56837,0.007001,0.051401,0,1,5.67800,3952.389,3.007,18.000,17.029,19.026,31.113,37.054,0.000,0.000,0,2,1.1538,74,148,74,79,73
34,post_landing,65,1081.0,60,200.548,485.980,0.43213,0.01554,0.43241,0.005489,0.058026,0,1,5.67800,3952.389,3.007,18.000,17.029,19.026,31.122,37.054,0.000,0.000,0,2,1.1538,74,148,74,79,73
34,post_landing,66,1098.0,60,200.982,486.041,0.34842,0.02586,0.34937,0.007372,0.063539,0,1,5.67800,3952.389,3.007,18.000,18.091,19.025,31.128,37.052,0.000,0.000,0,2,1.1538,74,148,74,79,73
34,post_landing,67,1114.0,60,201.332,486.123,0.32381,0.02991,0.32518,0.006688,0.070944,0,1,5.67800,3952.389,3.007,18.000,18.096,19.023,31.135,37.049,0.000,0.000,0,2,1.1538,74,148,74,79,73
34,post_landing,68,1131.0,60,201.638,486.192,0.33493,0.02086,0.33557,0.004901,0.077271,0,1,5.67800,3952.389,3.007,18.000,18.101,19.020,31.139,37.044,0.000,0.000,0,2,1.1538,74,148,74,79,73
34,post_landing,69,1148.0,60,201.975,486.250,1.10136,0.23702,1.12658,-0.028829,0.082194,0,1,5.67800,3952.389,3.007,18.000,18.103,19.018,31.142,37.039,0.000,0.000,0,2,1.1538,74,148,74,79,73
34,post_landing,70,1164.0,60,203.081,486.212,0.56253,0.02665,0.56316,0.001323,0.053238,0,1,5.67800,3952.389,3.007,18.000,17.029,19.026,31.116,37.054,0.000,0.000,0,3,1.1538,74,148,74,79,73
34,post_landing,71,1181.0,60,203.613,485.942,0.38145,0.05210,0.38500,0.007678,0.054490,0,1,5.67800,3952.389,3.007,18.000,17.029,19.026,31.117,37.054,0.000,0.000,0,2,1.1538,74,148,74,79,73
34,post_landing,72,1197.0,60,203.996,486.027,0.42166,0.00000,0.42166,0.004638,0.062202,0,1,5.67800,3952.389,3.007,18.000,17.029,19.025,31.127,37.053,0.000,0.000,0,2,1.1538,74,148,74,79,73
34,post_landing,73,1214.0,60,204.420,486.077,0.31543,0.03819,0.31774,0.007745,0.066860,0,1,5.67800,3952.389,3.007,18.000,18.093,19.024,31.131,37.051,0.000,0.000,0,2,1.1538,74,148,74,79,73
34,post_landing,74,1231.0,60,204.718,486.157,0.18139,0.00000,0.18139,0.012090,0.074188,0,1,5.67800,3952.389,3.007,18.000,18.099,19.022,31.137,37.046,0.000,0.000,0,2,1.1538,74,148,74,79,73
34,post_landing,75,1248.0,60,204.900,486.298,0.33682,0.00000,0.33682,0.003914,0.086331,0,1,5.67800,3952.389,3.007,18.000,18.105,19.015,31.143,37.035,0.000,0.000,0,2,1.1538,74,148,74,79,73
34,post_landing,76,1264.0,60,205.239,486.345,-0.50060,-0.11381,0.51338,0.042736,0.090262,0,1,5.67800,3952.389,3.007,18.000,18.107,19.013,31.144,37.030,0.000,0.000,0,2,1.1538,74,148,74,79,73
34,post_landing,77,1281.0,60,204.765,486.376,-0.30407,0.12051,0.32708,0.026251,0.130698,0,1,5.67800,3952.389,3.007,18.000,16.124,27.291,31.127,34.622,0.000,0.000,0,1,1.1538,74,148,74,79,73
34,post_landing,78,1297.0,60,204.460,486.549,-0.13771,0.10779,0.17488,0.016206,0.157064,0,1,5.67800,3952.389,3.007,18.000,4.107,27.293,32.388,34.676,0.000,0.000,0,1,1.1538,74,148,74,79,73
34,post_landing,79,1314.0,60,204.321,486.665,-0.03895,0.08020,0.08916,0.011126,0.173342,0,1,5.67800,3952.389,3.007,18.000,4.113,29.428,31.570,34.698,0.000,0.000,0,1,1.1538,74,148,74,79,73
34,post_landing,80,1331.0,60,204.284,486.739,0.02169,0.06372,0.06731,0.008422,0.183869,0,1,5.67800,3952.389,3.007,18.000,4.115,27.459,31.574,34.707,0.000,0.000,0,1,1.1538,74,148,74,79,73
34,post_landing,81,1347.0,60,204.306,486.808,0.06156,0.05635,0.08346,0.007180,0.192328,0,1,5.67800,3952.389,3.007,18.000,4.117,27.458,31.575,35.285,0.000,0.000,0,1,1.1538,74,148,74,79,73
34,post_landing,82,1364.0,60,204.368,486.866,0.08947,0.05370,0.10435,0.006636,0.199539,0,1,5.67800,3952.389,3.007,18.000,13.337,27.455,31.574,35.308,0.000,0.000,0,1,1.1538,74,148,74,79,73
34,post_landing,83,1381.0,60,204.453,486.913,0.10840,0.05202,0.12024,0.006415,0.205818,0,1,5.67800,3952.389,3.007,18.000,13.339,15.501,32.755,35.326,0.000,0.000,0,1,1.1538,74,148,74,79,73
34,post_landing,84,1397.0,60,204.561,486.971,0.12500,0.05494,0.13654,0.006446,0.212261,0,1,5.67800,3952.389,3.007,18.000,13.340,15.506,32.757,35.344,0.000,0.000,0,1,1.1538,74,148,74,79,73
34,post_landing,85,1414.0,60,204.687,487.027,0.13888,0.05763,0.15037,0.006592,0.218736,0,1,5.67800,3952.389,3.007,18.000,13.341,15.511,32.756,35.360,0.000,0.000,0,1,1.1538,74,148,74,79,73
34,post_landing,86,1431.0,60,204.818,487.078,0.14916,0.05900,0.16041,0.006724,0.224973,0,1,5.67800,3952.389,3.007,18.000,13.342,15.514,32.003,35.374,0.000,0.000,0,1,1.1538,74,148,74,79,73
34,post_landing,87,1447.0,60,204.968,487.143,0.15996,0.06383,0.17222,0.006950,0.231726,0,1,5.67800,3952.389,3.007,18.000,13.342,15.518,32.009,35.388,0.000,0.000,0,1,1.1538,74,148,74,79,73
34,post_landing,88,1464.0,60,205.129,487.208,0.16986,0.06777,0.18288,0.007195,0.238707,0,1,5.67800,3952.389,3.007,18.000,13.341,15.520,32.013,35.400,0.000,0.000,0,1,1.1538,74,148,74,79,73
34,post_landing,89,1481.0,60,205.290,487.269,0.17732,0.06986,0.19058,0.007365,0.245514,0,1,5.67800,3952.389,3.007,18.000,15.522,15.522,32.015,35.411,0.000,0.000,0,1,1.1538,74,148,74,79,73
34,post_landing,90,1497.0,60,205.468,487.345,0.18590,0.07539,0.20061,0.007615,0.252911,0,1,5.67800,3952.389,3.007,18.000,15.524,15.524,33.234,35.421,0.000,0.000,0,1,1.1538,74,148,74,79,73
34,post_landing,91,1514.0,60,205.654,487.572,0.19852,0.00000,0.19852,0.004677,0.260560,0,1,5.67800,3952.389,3.007,18.000,15.524,15.524,33.238,35.429,0.000,0.000,0,2,1.1538,74,148,74,79,73
34,post_landing,92,1531.0,60,205.842,487.599,0.16633,0.00000,0.16633,0.004260,0.264985,0,1,5.67800,3952.389,3.007,18.000,15.524,15.524,33.240,35.432,0.000,0.000,0,2,1.1538,74,148,74,79,73
34,post_landing,93,1547.0,60,206.009,487.626,0.14605,0.00000,0.14605,0.003592,0.269263,0,1,5.67800,3952.389,3.007,18.000,15.524,15.524,33.241,35.435,0.000,0.000,0,2,1.1538,74,148,74,79,73
34,post_landing,94,1564.0,60,206.156,487.646,0.12674,0.00000,0.12674,0.003138,0.272871,0,1,5.67800,3952.389,3.007,18.000,15.523,15.523,33.242,35.437,0.000,0.000,0,2,1.1538,74,148,74,79,73
34,post_landing,95,1581.0,60,206.276,487.658,0.11087,0.00000,0.11087,0.002743,0.275839,0,1,5.67800,3952.389,3.007,18.000,15.522,15.522,33.241,35.438,0.000,0.000,0,2,1.1538,74,148,74,79,73
34,post_landing,96,1597.0,60,206.387,487.677,0.09748,0.00000,0.09748,0.002414,0.278594,0,1,5.67800,3952.389,3.007,18.000,15.522,15.522,33.241,35.439,0.000,0.000,0,2,1.1538,74,148,74,79,73
34,post_landing,97,1614.0,60,206.485,487.691,0.08630,0.00000,0.08630,0.002138,0.281018,0,1,5.67800,3952.389,3.007,18.000,15.521,15.521,33.241,35.440,0.000,0.000,0,2,1.1538,74,148,74,79,73
34,post_landing,98,1631.0,60,206.567,487.698,0.07787,0.00000,0.07787,0.001867,0.283041,0,1,5.67800,3952.389,3.007,18.000,15.520,15.520,33.240,35.440,0.000,0.000,0,2,1.1538,74,148,74,79,73
34,post_landing,99,1647.0,60,206.645,487.713,0.06903,0.00000,0.06903,0.001724,0.284916,0,1,5.67800,3952.389,3.007,18.000,15.520,15.520,33.240,35.440,0.000,0.000,0,2,1.1538,74,148,74,79,73
34,post_landing,100,1664.0,60,206.714,487.723,0.06279,0.00000,0.06279,0.001555,0.286647,0,1,5.67800,3952.389,3.007,18.000,15.519,15.519,33.239,35.440,0.000,0.000,0,2,1.1538,74,148,74,79,73
34,post_landing,101,1681.0,60,206.774,487.728,0.04694,0.00000,0.04694,0.001831,0.288118,0,1,5.67800,3952.389,3.007,18.000,15.518,15.518,33.238,35.440,0.000,0.000,0,2,1.1538,74,148,74,79,73
34,post_landing,102,1697.0,60,206.821,487.742,0.03206,0.00000,0.03206,0.002081,0.289957,0,1,5.67800,3952.389,3.007,18.000,15.517,15.517,33.237,35.440,0.000,0.000,0,2,1.1538,74,148,74,79,73
34,post_landing,103,1714.0,60,206.853,487.755,0.01560,0.00000,0.01560,0.002402,0.292047,0,1,5.67800,3952.389,3.007,18.000,15.517,15.517,33.236,35.439,0.000,0.000,0,2,1.1538,74,148,74,79,73
34,post_landing,104,1731.0,60,206.868,487.764,0.05490,0.00000,0.05490,0.000000,0.294320,0,1,5.67800,3952.389,3.007,18.000,15.515,15.515,31.321,35.439,0.000,0.000,0,2,1.1538,74,148,74,79,73
34,post_landing,105,1747.0,60,206.923,487.769,0.00503,0.00000,0.00503,0.002088,0.294320,0,1,5.67800,3952.389,3.007,18.000,15.515,15.515,31.321,35.439,0.000,0.000,0,2,1.1538,74,148,74,79,73
34,post_landing,106,1764.0,60,206.928,487.889,-0.15563,0.00000,0.15563,0.009854,0.296417,0,1,5.67800,3952.389,3.007,18.000,15.514,17.055,31.321,35.438,0.000,0.000,0,3,1.1538,74,148,74,79,73
34,post_landing,107,1781.0,60,206.781,487.926,0.14037,0.00000,0.14037,-0.002630,0.305741,0,1,5.67800,3952.389,3.007,18.000,12.647,17.064,31.318,35.433,0.000,0.000,0,3,1.1538,74,148,74,79,73
34,post_landing,108,1798.0,60,206.922,487.923,-0.04024,0.00000,0.04024,0.005695,0.303099,0,1,5.67800,3952.389,3.007,18.000,12.647,17.062,31.319,35.435,0.000,0.000,0,3,1.1538,74,148,74,79,73
34,post_landing,109,1814.0,60,206.881,487.944,0.05512,0.00000,0.05512,0.001252,0.308819,0,1,5.67800,3952.389,3.007,18.000,12.648,17.067,31.316,35.431,0.000,0.000,0,3,1.1538,74,148,74,79,73
34,post_landing,110,1831.0,60,206.934,487.946,0.15859,0.00000,0.15859,-0.002915,0.310004,0,1,5.67800,3952.389,3.007,18.000,12.648,17.068,31.316,35.430,0.000,0.000,0,3,1.1538,74,148,74,79,73
34,post_landing,111,1847.0,60,207.093,487.939,-0.11172,0.00000,0.11172,0.008187,0.307077,0,1,5.67800,3952.389,3.007,18.000,12.648,17.065,31.317,35.432,0.000,0.000,0,3,1.1538,74,148,74,79,73
34,post_landing,112,1864.0,60,206.981,487.970,0.04324,0.00000,0.04324,0.000000,0.315300,0,1,5.67800,3952.389,3.007,18.000,12.649,17.072,31.312,35.425,0.000,0.000,0,3,1.1538,74,148,74,79,73
34,post_landing,113,1881.0,60,207.022,487.968,0.08018,0.00000,0.08018,-0.001519,0.315300,0,1,5.67800,3952.389,3.007,18.000,12.649,17.072,31.312,35.425,0.000,0.000,0,3,1.1538,74,148,74,79,73
34,post_landing,114,1897.0,60,207.102,487.966,0.04205,0.00000,0.04205,0.000000,0.313774,0,1,5.67800,3952.389,3.007,18.000,12.649,17.071,31.313,35.426,0.000,0.000,0,3,1.1538,74,148,74,79,73
34,post_landing,115,1914.0,60,207.144,487.966,0.02042,0.00000,0.02042,0.000000,0.313774,0,1,5.67800,3952.389,3.007,18.000,12.649,17.071,31.313,35.426,0.000,0.000,0,3,1.1538,74,148,74,79,73
34,post_landing,116,1931.0,60,207.164,487.962,0.00367,0.00000,0.00367,0.000000,0.313774,0,1,5.67800,3952.389,3.007,18.000,12.649,17.071,31.313,35.426,0.000,0.000,0,3,1.1538,74,148,74,79,73
34,post_landing,117,1947.0,60,207.167,487.966,-0.00004,0.00000,0.00004,0.000000,0.313774,0,1,5.67800,3952.389,3.007,18.000,12.649,17.071,31.313,35.426,0.000,0.000,0,3,1.1538,74,148,74,79,73
34,post_landing,118,1964.0,60,207.167,487.966,-0.00054,0.00000,0.00054,0.000000,0.313774,0,1,5.67800,3952.389,3.007,18.000,12.649,17.071,31.313,35.426,0.000,0.000,0,3,1.1538,74,148,74,79,73
34,post_landing,119,1981.0,60,207.167,487.962,-0.00153,0.00000,0.00153,0.000000,0.313774,0,1,5.67800,3952.389,3.007,18.000,12.649,17.071,31.313,35.426,0.000,0.000,0,3,1.1538,74,148,74,79,73
35,falling,0,28.0,,195.000,97.029,0.00000,0.55000,0.55000,0.000000,0.000000,0,0,3.64800,4219.988,2.161,14.000,14.000,18.000,47.000,60.000,0.000,0.000,0,0,2.1192,38,76,38,38,48
35,falling,1,29.0,,195.000,97.063,0.00000,0.56617,0.56617,0.000000,0.000000,0,0,3.64800,4219.988,2.161,14.000,14.000,18.000,47.000,60.000,0.000,0.000,0,0,2.1192,38,76,38,38,48
35,falling,2,46.0,,195.000,97.855,0.00000,0.82469,0.82469,0.000000,0.000000,0,0,3.64800,4219.988,2.161,14.000,14.000,18.000,47.000,60.000,0.000,0.000,0,0,2.1192,38,76,38,38,48
35,falling,3,62.0,,195.000,98.972,0.00000,1.09540,1.09540,0.000000,0.000000,0,0,3.64800,4219.988,2.161,14.000,14.000,18.000,47.000,60.000,0.000,0.000,0,0,2.1192,38,76,38,38,48
35,falling,4,79.0,,195.000,100.361,0.00000,1.36197,1.36197,0.000000,0.000000,0,0,3.64800,4219.988,2.161,14.000,14.000,18.000,47.000,60.000,0.000,0.000,0,0,2.1192,38,76,38,38,48
35,falling,5,96.0,,195.000,101.906,0.00000,1.60903,1.60903,0.000000,0.000000,0,0,3.64800,4219.988,2.161,14.000,14.000,18.000,47.000,60.000,0.000,0.000,0,0,2.1192,38,76,38,38,48
35,falling,6,112.0,,195.000,103.811,0.00000,1.86774,1.86774,0.000000,0.000000,0,0,3.64800,4219.988,2.161,14.000,14.000,18.000,47.000,60.000,0.000,0.000,0,0,2.1192,38,76,38,38,48
35,falling,7,129.0,,195.000,105.976,0.00000,2.12250,2.12250,0.000000,0.000000,0,0,3.64800,4219.988,2.161,14.000,14.000,18.000,47.000,60.000,0.000,0.000,0,0,2.1192,38,76,38,38,48
35,falling,8,146.0,,195.000,108.240,0.00000,2.35860,2.35860,0.000000,0.000000,0,0,3.64800,4219.988,2.161,14.000,14.000,18.000,47.000,60.000,0.000,0.000,0,0,2.1192,38,76,38,38,48
35,falling,9,162.0,,195.000,110.898,0.00000,2.60585,2.60585,0.000000,0.000000,0,0,3.64800,4219.988,2.161,14.000,14.000,18.000,47.000,60.000,0.000,0.000,0,0,2.1192,38,76,38,38,48
35,falling,10,179.0,,195.000,113.804,0.00000,2.84931,2.84931,0.000000,0.000000,0,0,3.64800,4219.988,2.161,14.000,14.000,18.000,47.000,60.000,0.000,0.000,0,0,2.1192,38,76,38,38,48
35,falling,11,196.0,,195.000,116.756,0.00000,3.07495,3.07495,0.000000,0.000000,0,0,3.64800,4219.988,2.161,14.000,14.000,18.000,47.000,60.000,0.000,0.000,0,0,2.1192,38,76,38,38,48
35,falling,12,212.0,,195.000,120.134,0.00000,3.31124,3.31124,0.000000,0.000000,0,0,3.64800,4219.988,2.161,14.000,14.000,18.000,47.000,60.000,0.000,0.000,0,0,2.1192,38,76,38,38,48
35,falling,13,229.0,,195.000,123.749,0.00000,3.54391,3.54391,0.000000,0.000000,0,0,3.64800,4219.988,2.161,14.000,14.000,18.000,47.000,60.000,0.000,0.000,0,0,2.1192,38,76,38,38,48
35,falling,14,246.0,,195.000,127.358,0.00000,3.75954,3.75954,0.000000,0.000000,0,0,3.64800,4219.988,2.161,14.000,14.000,18.000,47.000,60.000,0.000,0.000,0,0,2.1192,38,76,38,38,48
35,falling,15,262.0,,195.000,131.423,0.00000,3.98536,3.98536,0.000000,0.000000,0,0,3.64800,4219.988,2.161,14.000,14.000,18.000,47.000,60.000,0.000,0.000,0,0,2.1192,38,76,38,38,48
35,falling,16,279.0,,195.000,135.715,0.00000,4.20771,4.20771,0.000000,0.000000,0,0,3.64800,4219.988,2.161,14.000,14.000,18.000,47.000,60.000,0.000,0.000,0,0,2.1192,38,76,38,38,48
35,falling,17,296.0,,195.000,139.952,0.00000,4.41379,4.41379,0.000000,0.000000,0,0,3.64800,4219.988,2.161,14.000,14.000,18.000,47.000,60.000,0.000,0.000,0,0,2.1192,38,76,38,38,48
35,falling,18,312.0,,195.000,144.674,0.00000,4.62959,4.62959,0.000000,0.000000,0,0,3.64800,4219.988,2.161,14.000,14.000,18.000,47.000,60.000,0.000,0.000,0,0,2.1192,38,76,38,38,48
35,falling,19,329.0,,195.000,149.613,0.00000,4.84209,4.84209,0.000000,0.000000,0,0,3.64800,4219.988,2.161,14.000,14.000,18.000,47.000,60.000,0.000,0.000,0,0,2.1192,38,76,38,38,48
35,falling,20,346.0,,195.000,154.451,0.00000,5.03903,5.03903,0.000000,0.000000,0,0,3.64800,4219.988,2.161,14.000,14.000,18.000,47.000,60.000,0.000,0.000,0,0,2.1192,38,76,38,38,48
35,falling,21,362.0,,195.000,159.801,0.00000,5.24527,5.24527,0.000000,0.000000,0,0,3.64800,4219.988,2.161,14.000,14.000,18.000,47.000,60.000,0.000,0.000,0,0,2.1192,38,76,38,38,48
35,falling,22,379.0,,195.000,165.358,0.00000,5.44835,5.44835,0.000000,0.000000,0,0,3.64800,4219.988,2.161,14.000,14.000,18.000,47.000,60.000,0.000,0.000,0,0,2.1192,38,76,38,38,48
35,falling,23,396.0,,195.000,170.769,0.00000,5.63656,5.63656,0.000000,0.000000,0,0,3.64800,4219.988,2.161,14.000,14.000,18.000,47.000,60.000,0.000,0.000,0,0,2.1192,38,76,38,38,48
35,falling,24,412.0,,195.000,176.719,0.00000,5.83365,5.83365,0.000000,0.000000,0,0,3.64800,4219.988,2.161,14.000,14.000,18.000,47.000,60.000,0.000,0.000,0,0,2.1192,38,76,38,38,48
35,falling,25,429.0,,195.000,182.868,0.00000,6.02773,6.02773,0.000000,0.000000,0,0,3.64800,4219.988,2.161,14.000,14.000,18.000,47.000,60.000,0.000,0.000,0,0,2.1192,38,76,38,38,48
35,falling,26,446.0,,195.000,188.827,0.00000,6.20760,6.20760,0.000000,0.000000,0,0,3.64800,4219.988,2.161,14.000,14.000,18.000,47.000,60.000,0.000,0.000,0,0,2.1192,38,76,38,38,48
35,falling,27,462.0,,195.000,195.351,0.00000,6.39596,6.39596,0.000000,0.000000,0,0,3.64800,4219.988,2.161,14.000,14.000,18.000,47.000,60.000,0.000,0.000,0,0,2.1192,38,76,38,38,48
35,falling,28,479.0,,195.000,202.064,0.00000,6.58143,6.58143,0.000000,0.000000,0,0,3.64800,4219.988,2.161,14.000,14.000,18.000,47.000,60.000,0.000,0.000,0,0,2.1192,38,76,38,38,48
35,falling,29,496.0,,195.000,208.547,0.00000,6.75333,6.75333,0.000000,0.000000,0,0,3.64800,4219.988,2.161,14.000,14.000,18.000,47.000,60.000,0.000,0.000,0,0,2.1192,38,76,38,38,48
35,falling,30,512.0,,195.000,215.619,0.00000,6.93333,6.93333,0.000000,0.000000,0,0,3.64800,4219.988,2.161,14.000,14.000,18.000,47.000,60.000,0.000,0.000,0,0,2.1192,38,76,38,38,48
35,falling,31,529.0,,195.000,222.872,0.00000,7.11059,7.11059,0.000000,0.000000,0,0,3.64800,4219.988,2.161,14.000,14.000,18.000,47.000,60.000,0.000,0.000,0,0,2.1192,38,76,38,38,48
35,falling,32,546.0,,195.000,229.856,0.00000,7.27486,7.27486,0.000000,0.000000,0,0,3.64800,4219.988,2.161,14.000,14.000,18.000,47.000,60.000,0.000,0.000,0,0,2.1192,38,76,38,38,48
35,falling,33,562.0,,195.000,237.452,0.00000,7.44689,7.44689,0.000000,0.000000,0,0,3.64800,4219.988,2.161,14.000,14.000,18.000,47.000,60.000,0.000,0.000,0,0,2.1192,38,76,38,38,48
35,falling,34,579.0,,195.000,245.220,0.00000,7.61628,7.61628,0.000000,0.000000,0,0,3.64800,4219.988,2.161,14.000,14.000,18.000,47.000,60.000,0.000,0.000,0,0,2.1192,38,76,38,38,48
35,falling,35,596.0,,195.000,252.683,0.00000,7.77328,7.77328,0.000000,0.000000,0,0,3.64800,4219.988,2.161,14.000,14.000,18.000,47.000,60.000,0.000,0.000,0,0,2.1192,38,76,38,38,48
35,falling,36,612.0,,195.000,260.779,0.00000,7.93768,7.93768,0.000000,0.000000,0,0,3.64800,4219.988,2.161,14.000,14.000,18.000,47.000,60.000,0.000,0.000,0,0,2.1192,38,76,38,38,48
35,falling,37,629.0,,195.000,269.041,0.00000,8.09957,8.09957,0.000000,0.000000,0,0,3.64800,4219.988,2.161,14.000,14.000,18.000,47.000,60.000,0.000,0.000,0,0,2.1192,38,76,38,38,48
35,falling,38,646.0,,195.000,276.960,0.00000,8.24960,8.24960,0.000000,0.000000,0,0,3.64800,4219.988,2.161,14.000,14.000,18.000,47.000,60.000,0.000,0.000,0,0,2.1192,38,76,38,38,48
35,falling,39,662.0,,195.000,285.535,0.00000,8.40671,8.40671,0.000000,0.000000,0,0,3.64800,4219.988,2.161,14.000,14.000,18.000,47.000,60.000,0.000,0.000,0,0,2.1192,38,76,38,38,48
35,falling,40,679.0,,195.000,294.268,0.00000,8.56142,8.56142,0.000000,0.000000,0,0,3.64800,4219.988,2.161,14.000,14.000,18.000,47.000,60.000,0.000,0.000,0,0,2.1192,38,76,38,38,48
35,falling,41,696.0,,195.000,302.624,0.00000,8.70481,8.70481,0.000000,0.000000,0,0,3.64800,4219.988,2.161,14.000,14.000,18.000,47.000,60.000,0.000,0.000,0,0,2.1192,38,76,38,38,48
35,falling,42,712.0,,195.000,311.656,0.00000,8.85496,8.85496,0.000000,0.000000,0,0,3.64800,4219.988,2.161,14.000,14.000,18.000,47.000,60.000,0.000,0.000,0,0,2.1192,38,76,38,38,48
35,falling,43,729.0,,195.000,320.839,0.00000,9.00281,9.00281,0.000000,0.000000,0,0,3.64800,4219.988,2.161,14.000,14.000,18.000,47.000,60.000,0.000,0.000,0,0,2.1192,38,76,38,38,48
35,falling,44,746.0,,195.000,329.613,0.00000,9.13983,9.13983,0.000000,0.000000,0,0,3.64800,4219.988,2.161,14.000,14.000,18.000,47.000,60.000,0.000,0.000,0,0,2.1192,38,76,38,38,48
35,falling,45,762.0,,195.000,339.082,0.00000,9.28333,9.28333,0.000000,0.000000,0,0,3.64800,4219.988,2.161,14.000,14.000,18.000,47.000,60.000,0.000,0.000,0,0,2.1192,38,76,38,38,48
35,falling,46,779.0,,195.000,348.696,0.00000,9.42463,9.42463,0.000000,0.000000,0,0,3.64800,4219.988,2.161,14.000,14.000,18.000,47.000,60.000,0.000,0.000,0,0,2.1192,38,76,38,38,48
35,falling,47,796.0,,195.000,357.869,0.00000,9.55558,9.55558,0.000000,0.000000,0,0,3.64800,4219.988,2.161,14.000,14.000,18.000,47.000,60.000,0.000,0.000,0,0,2.1192,38,76,38,38,48
35,falling,48,812.0,,195.000,367.756,0.00000,9.69271,9.69271,0.000000,0.000000,0,0,3.64800,4219.988,2.161,14.000,14.000,18.000,47.000,60.000,0.000,0.000,0,0,2.1192,38,76,38,38,48
35,falling,49,829.0,,195.000,377.780,0.00000,9.82775,9.82775,0.000000,0.000000,0,0,3.64800,4219.988,2.161,14.000,14.000,18.000,47.000,60.000,0.000,0.000,0,0,2.1192,38,76,38,38,48
35,falling,50,846.0,,195.000,387.335,0.00000,9.95289,9.95289,0.000000,0.000000,0,0,3.64800,4219.988,2.161,14.000,14.000,18.000,47.000,60.000,0.000,0.000,0,0,2.1192,38,76,38,38,48
35,falling,51,862.0,,195.000,397.620,0.00000,10.08395,10.08395,0.000000,0.000000,0,0,3.64800,4219.988,2.161,14.000,14.000,18.000,47.000,60.000,0.000,0.000,0,0,2.1192,38,76,38,38,48
35,falling,52,879.0,,195.000,408.037,0.00000,10.21300,10.21300,0.000000,0.000000,0,0,3.64800,4219.988,2.161,14.000,14.000,18.000,47.000,60.000,0.000,0.000,0,0,2.1192,38,76,38,38,48
35,falling,53,896.0,,195.000,417.957,0.00000,10.33260,10.33260,0.000000,0.000000,0,0,3.64800,4219.988,2.161,14.000,14.000,18.000,47.000,60.000,0.000,0.000,0,0,2.1192,38,76,38,38,48
35,falling,54,912.0,,195.000,428.624,0.00000,10.45784,10.45784,0.000000,0.000000,0,0,3.64800,4219.988,2.161,14.000,14.000,18.000,47.000,60.000,0.000,0.000,0,0,2.1192,38,76,38,38,48
35,falling,55,929.0,,195.000,439.417,0.00000,10.58117,10.58117,0.000000,0.000000,0,0,3.64800,4219.988,2.161,14.000,14.000,18.000,47.000,60.000,0.000,0.000,0,0,2.1192,38,76,38,38,48
35,falling,56,946.0,,195.000,449.684,0.00000,10.69547,10.69547,0.000000,0.000000,0,0,3.64800,4219.988,2.161,14.000,14.000,18.000,47.000,60.000,0.000,0.000,0,0,2.1192,38,76,38,38,48
35,falling,57,962.0,,195.000,460.716,0.00000,10.81516,10.81516,0.000000,0.000000,0,0,3.64800,4219.988,2.161,14.000,14.000,18.000,47.000,60.000,0.000,0.000,0,0,2.1192,38,76,38,38,48
35,falling,58,979.0,,195.000,471.867,0.00000,10.93302,10.93302,0.000000,0.000000,0,0,3.64800,4219.988,2.161,14.000,14.000,18.000,47.000,60.000,0.000,0.000,0,0,2.1192,38,76,38,38,48
35,falling,59,996.0,,195.000,482.468,0.00000,11.04225,11.04225,0.000000,0.000000,0,0,3.64800,4219.988,2.161,14.000,14.000,18.000,47.000,60.000,0.000,0.000,0,0,2.1192,38,76,38,38,48
35,falling,60,1012.0,,195.000,493.848,0.00000,11.15664,11.15664,0.000000,0.000000,0,0,3.64800,4219.988,2.161,14.000,14.000,18.000,47.000,60.000,0.000,0.000,0,0,2.1192,38,76,38,38,48
35,post_landing,61,1029.0,61,195.000,504.285,-0.41220,-0.02725,0.41310,-0.010232,0.000000,0,1,3.64800,4219.988,2.161,14.000,14.000,18.000,47.000,60.000,0.000,0.000,0,3,2.1192,38,76,38,38,48
35,post_landing,62,1046.0,61,194.610,503.810,-0.21163,0.00000,0.21163,-0.005346,-0.009681,0,1,3.64800,4219.988,2.161,14.000,12.009,18.009,44.008,59.017,0.000,0.000,0,2,2.1192,38,76,38,38,48
35,post_landing,63,1062.0,61,194.397,503.381,-0.12825,0.02636,0.13093,-0.003237,-0.015051,0,1,3.64800,4219.988,2.161,14.000,12.014,18.013,44.010,59.023,0.000,0.000,0,1,2.1192,38,76,38,38,48
35,post_landing,64,1079.0,61,194.269,503.403,-0.08675,0.01797,0.08859,-0.002193,-0.018302,0,1,3.64800,4219.988,2.161,14.000,12.016,18.015,44.011,59.027,0.000,0.000,0,1,2.1192,38,76,38,38,48
35,post_landing,65,1096.0,61,194.181,503.417,-0.06567,0.00000,0.06567,-0.001669,-0.020504,0,1,3.64800,4219.988,2.161,14.000,12.018,18.017,44.011,59.029,0.000,0.000,0,1,2.1192,38,76,38,38,48
35,post_landing,66,1112.0,61,194.119,503.426,-0.05275,0.00000,0.05275,-0.001341,-0.022084,0,1,3.64800,4219.988,2.161,14.000,12.019,18.018,44.011,59.030,0.000,0.000,0,1,2.1192,38,76,38,38,48
35,post_landing,67,1129.0,61,194.066,503.437,-0.04736,0.01534,0.04978,-0.002240,-0.023431,0,1,3.64800,4219.988,2.161,14.000,12.020,18.018,44.011,59.031,0.000,0.000,0,1,2.1192,38,76,38,38,48
35,post_landing,68,1146.0,61,194.019,503.452,-0.05874,0.01878,0.06167,-0.002780,-0.025680,0,1,3.64800,4219.988,2.161,14.000,12.022,18.020,44.011,59.032,0.000,0.000,0,1,2.1192,38,76,38,38,48
35,post_landing,69,1163.0,61,193.963,503.468,-0.06673,0.02135,0.07006,-0.003162,-0.028310,0,1,3.64800,4219.988,2.161,14.000,12.023,18.021,44.011,59.033,0.000,0.000,0,1,2.1192,38,76,38,38,48
35,post_landing,70,1179.0,61,193.896,503.491,-0.07437,0.02430,0.07824,-0.003530,-0.031485,0,1,3.64800,4219.988,2.161,14.000,12.026,18.023,44.010,66.062,0.000,0.000,0,1,2.1192,38,76,38,38,48
35,post_landing,71,1196.0,61,193.821,503.516,-0.08065,0.02649,0.08489,-0.003835,-0.035031,0,1,3.64800,4219.988,2.161,14.000,12.028,18.024,44.008,66.065,0.000,0.000,0,1,2.1192,38,76,38,38,48
35,post_landing,72,1213.0,61,193.745,503.539,-0.08461,0.02798,0.08911,-0.004031,-0.038660,0,1,3.64800,4219.988,2.161,14.000,12.030,18.025,38.010,66.067,0.000,0.000,0,1,2.1192,38,76,38,38,48
35,post_landing,73,1229.0,61,193.660,503.569,-0.08905,0.03007,0.09399,-0.004253,-0.042708,0,1,3.64800,4219.988,2.161,14.000,12.032,18.026,38.008,66.068,0.000,0.000,0,1,2.1192,38,76,38,38,48
35,post_landing,74,1246.0,61,193.571,503.600,-0.09281,0.03161,0.09804,-0.004442,-0.046980,0,1,3.64800,4219.988,2.161,14.000,12.034,18.027,38.005,66.068,0.000,0.000,0,1,2.1192,38,76,38,38,48
35,post_landing,75,1262.0,61,193.483,503.628,-0.09473,0.03255,0.10017,-0.004544,-0.051183,0,1,3.64800,4219.988,2.161,14.000,12.035,18.028,29.064,70.113,0.000,0.000,0,1,2.1192,38,76,38,38,48
35,post_landing,76,1279.0,61,193.388,503.663,-0.09759,0.03423,0.10342,-0.004694,-0.055747,0,1,3.64800,4219.988,2.161,14.000,12.037,18.028,29.066,70.114,0.000,0.000,0,1,2.1192,38,76,38,38,48
35,post_landing,77,1296.0,61,193.290,503.697,-0.10008,0.03547,0.10618,-0.004826,-0.060461,0,1,3.64800,4219.988,2.161,14.000,12.038,18.028,29.068,70.114,0.000,0.000,0,1,2.1192,38,76,38,38,48
35,post_landing,78,1313.0,61,193.195,503.747,-0.10177,0.03622,0.10802,-0.004876,-0.065027,0,1,3.64800,4219.988,2.161,14.000,12.040,18.027,29.069,69.179,0.000,0.000,0,1,2.1192,38,76,38,38,48
35,post_landing,79,1329.0,61,193.093,503.767,-0.10316,0.03770,0.10983,-0.005002,-0.069924,0,1,3.64800,4219.988,2.161,14.000,12.041,18.026,29.069,69.181,0.000,0.000,0,1,2.1192,38,76,38,38,48
35,post_landing,80,1346.0,61,192.989,503.825,-0.10598,0.03876,0.11285,-0.005100,-0.074948,0,1,3.64800,4219.988,2.161,14.000,12.041,21.091,29.068,70.253,0.000,0.000,0,1,2.1192,38,76,38,38,48
35,post_landing,81,1363.0,61,192.889,503.859,-0.10649,0.03946,0.11357,-0.005135,-0.079773,0,1,3.64800,4219.988,2.161,14.000,12.042,21.093,29.067,70.256,0.000,0.000,0,1,2.1192,38,76,38,38,48
35,post_landing,82,1379.0,61,192.782,503.903,-0.10838,0.04072,0.11578,-0.005238,-0.084931,0,1,3.64800,4219.988,2.161,14.000,12.042,21.094,33.136,70.257,0.000,0.000,0,1,2.1192,38,76,38,38,48
35,post_landing,83,1396.0,61,192.673,503.945,-0.11008,0.04194,0.11780,-0.005333,-0.090193,0,1,3.64800,4219.988,2.161,14.000,12.041,21.095,33.136,70.256,0.000,0.000,0,1,2.1192,38,76,38,38,48
35,post_landing,84,1413.0,61,192.569,503.980,-0.11030,0.04258,0.11823,-0.005356,-0.095239,0,1,3.64800,4219.988,2.161,14.000,16.118,21.095,33.136,70.253,0.000,0.000,0,1,2.1192,38,76,38,38,48
35,post_landing,85,1429.0,61,192.458,504.163,-0.09267,0.00000,0.09267,-0.004440,-0.100619,0,1,3.64800,4219.988,2.161,14.000,16.120,21.095,33.134,70.349,0.000,0.000,0,2,2.1192,38,76,38,38,48
35,post_landing,86,1446.0,61,192.365,504.192,-0.07630,0.00000,0.07630,-0.003723,-0.105078,0,1,3.64800,4219.988,2.161,14.000,16.122,21.094,33.133,69.459,0.000,0.000,0,2,2.1192,38,76,38,38,48
35,post_landing,87,1463.0,61,192.293,504.205,-0.06419,0.00000,0.06419,-0.003137,-0.108600,0,1,3.64800,4219.988,2.161,14.000,16.123,21.093,33.131,69.461,0.000,0.000,0,2,2.1192,38,76,38,38,48
35,post_landing,88,1479.0,61,192.228,504.223,-0.05484,0.00000,0.05484,-0.002684,-0.111751,0,1,3.64800,4219.988,2.161,14.000,16.123,25.179,36.222,69.462,0.000,0.000,0,2,2.1192,38,76,38,38,48
35,post_landing,89,1496.0,61,192.173,504.236,-0.04752,0.00000,0.04752,-0.002329,-0.114447,0,1,3.64800,4219.988,2.161,14.000,16.124,25.179,34.463,69.462,0.000,0.000,0,2,2.1192,38,76,38,38,48
35,post_landing,90,1513.0,61,192.128,504.243,-0.04159,0.00000,0.04159,-0.002041,-0.116651,0,1,3.64800,4219.988,2.161,14.000,16.124,25.179,34.467,69.462,0.000,0.000,0,2,2.1192,38,76,38,38,48
35,post_landing,91,1529.0,61,192.087,504.257,-0.03717,0.00000,0.03717,-0.001825,-0.118700,0,1,3.64800,4219.988,2.161,14.000,16.124,25.179,34.471,69.462,0.000,0.000,0,2,2.1192,38,76,38,38,48
35,post_landing,92,1546.0,61,192.049,504.266,-0.03373,0.00000,0.03373,-0.001658,-0.120534,0,1,3.64800,4219.988,2.161,14.000,16.124,25.179,34.475,70.574,0.000,0.000,0,2,2.1192,38,76,38,38,48
35,post_landing,93,1563.0,61,192.017,504.269,-0.03084,0.00000,0.03084,-0.001517,-0.122102,0,1,3.64800,4219.988,2.161,14.000,16.124,25.179,34.478,70.575,0.000,0.000,0,2,2.1192,38,76,38,38,48
35,post_landing,94,1579.0,61,191.986,504.281,-0.02883,0.00000,0.02883,-0.001420,-0.123626,0,1,3.64800,4219.988,2.161,14.000,16.125,25.179,34.480,70.576,0.000,0.000,0,2,2.1192,38,76,38,38,48
35,post_landing,95,1596.0,61,191.957,504.288,-0.02731,0.00000,0.02731,-0.001345,-0.125052,0,1,3.64800,4219.988,2.161,14.000,16.125,25.179,34.483,70.576,0.000,0.000,0,2,2.1192,38,76,38,38,48
35,post_landing,96,1613.0,61,191.932,504.290,-0.02591,0.00000,0.02591,-0.001277,-0.126325,0,1,3.64800,4219.988,2.161,14.000,16.124,25.179,34.485,70.576,0.000,0.000,0,2,2.1192,38,76,38,38,48
35,post_landing,97,1629.0,61,191.906,504.300,-0.02510,0.00000,0.02510,-0.001238,-0.127608,0,1,3.64800,4219.988,2.161,14.000,16.124,25.179,34.487,70.576,0.000,0.000,0,2,2.1192,38,76,38,38,48
35,post_landing,98,1646.0,61,191.880,504.307,-0.02452,0.00000,0.02452,-0.001210,-0.128852,0,1,3.64800,4219.988,2.161,14.000,16.124,25.178,34.489,70.576,0.000,0.000,0,2,2.1192,38,76,38,38,48
35,post_landing,99,1663.0,61,191.857,504.309,-0.02386,0.00000,0.02386,-0.001178,-0.129997,0,1,3.64800,4219.988,2.161,14.000,16.124,25.178,34.491,70.576,0.000,0.000,0,2,2.1192,38,76,38,38,48
35,post_landing,100,1679.0,61,191.833,504.318,-0.02364,0.00000,0.02364,-0.001168,-0.131180,0,1,3.64800,4219.988,2.161,14.000,16.124,25.178,34.493,70.576,0.000,0.000,0,2,2.1192,38,76,38,38,48
35,post_landing,101,1697.0,61,191.810,504.324,-0.02352,0.00000,0.02352,-0.001163,-0.132353,0,1,3.64800,4219.988,2.161,14.000,16.124,25.177,34.494,70.575,0.000,0.000,0,2,2.1192,38,76,38,38,48
35,post_landing,102,1713.0,61,191.787,504.326,-0.02322,0.00000,0.02322,-0.001149,-0.133454,0,1,3.64800,4219.988,2.161,14.000,16.124,25.177,34.496,70.575,0.000,0.000,0,2,2.1192,38,76,38,38,48
35,post_landing,103,1729.0,61,191.764,504.336,-0.02330,0.00000,0.02330,-0.001153,-0.134608,0,1,3.64800,4219.988,2.161,14.000,16.124,25.176,34.498,70.575,0.000,0.000,0,2,2.1192,38,76,38,38,48
35,post_landing,104,1746.0,61,191.741,504.342,-0.02335,0.00000,0.02335,-0.001161,-0.135766,0,1,3.64800,4219.988,2.161,14.000,16.123,25.176,34.499,70.574,0.000,0.000,0,2,2.1192,38,76,38,38,48
35,post_landing,105,1763.0,61,191.718,504.343,-0.02324,0.00000,0.02324,-0.001155,-0.136865,0,1,3.64800,4219.988,2.161,14.000,16.123,25.176,34.501,70.573,0.000,0.000,0,2,2.1192,38,76,38,38,48
35,post_landing,106,1779.0,61,191.695,504.353,-0.02348,0.00000,0.02348,-0.001167,-0.138025,0,1,3.64800,4219.988,2.161,14.000,16.123,25.175,34.502,70.573,0.000,0.000,0,2,2.1192,38,76,38,38,48
35,post_landing,107,1796.0,61,191.672,504.359,-0.02373,0.00000,0.02373,-0.001179,-0.139197,0,1,3.64800,4219.988,2.161,14.000,16.123,25.174,34.504,70.572,0.000,0.000,0,2,2.1192,38,76,38,38,48
35,post_landing,108,1813.0,61,191.649,504.361,-0.02371,0.00000,0.02371,-0.001178,-0.140313,0,1,3.64800,4219.988,2.161,14.000,16.122,25.174,34.505,67.740,0.000,0.000,0,2,2.1192,38,76,38,38,48
35,post_landing,109,1829.0,61,191.625,504.371,-0.02403,0.00000,0.02403,-0.001194,-0.141496,0,1,3.64800,4219.988,2.161,14.000,19.233,25.173,42.708,67.741,0.000,0.000,0,2,2.1192,38,76,38,38,48
35,post_landing,110,1846.0,61,191.601,504.378,-0.02435,0.00000,0.02435,-0.001210,-0.142696,0,1,3.64800,4219.988,2.161,14.000,19.234,25.173,42.711,67.741,0.000,0.000,0,2,2.1192,38,76,38,38,48
35,post_landing,111,1863.0,61,191.578,504.379,-0.02437,0.00000,0.02437,-0.001211,-0.143841,0,1,3.64800,4219.988,2.161,14.000,19.234,23.336,42.713,67.742,0.000,0.000,0,2,2.1192,38,76,38,38,48
35,post_landing,112,1879.0,61,191.554,504.390,-0.02474,0.00000,0.02474,-0.001229,-0.145057,0,1,3.64800,4219.988,2.161,14.000,19.234,23.337,42.715,67.742,0.000,0.000,0,2,2.1192,38,76,38,38,48
35,post_landing,113,1896.0,61,191.529,504.396,-0.02510,0.00000,0.02510,-0.001247,-0.146292,0,1,3.64800,4219.988,2.161,14.000,19.234,23.337,42.718,67.742,0.000,0.000,0,2,2.1192,38,76,38,38,48
35,post_landing,114,1913.0,61,191.505,504.399,-0.02514,0.00000,0.02514,-0.001249,-0.147472,0,1,3.64800,4219.988,2.161,14.000,19.235,23.338,42.720,67.742,0.000,0.000,0,2,2.1192,38,76,38,38,48
35,post_landing,115,1929.0,61,191.480,504.409,-0.02554,0.00000,0.02554,-0.001269,-0.148726,0,1,3.64800,4219.988,2.161,14.000,19.235,23.339,42.722,67.742,0.000,0.000,0,2,2.1192,38,76,38,38,48
35,post_landing,116,1946.0,61,191.454,504.416,-0.02592,0.00000,0.02592,-0.001288,-0.150001,0,1,3.64800,4219.988,2.161,14.000,19.235,23.339,42.724,67.742,0.000,0.000,0,2,2.1192,38,76,38,38,48
35,post_landing,117,1963.0,61,191.430,504.418,-0.02597,0.00000,0.02597,-0.001290,-0.151219,0,1,3.64800,4219.988,2.161,14.000,19.235,25.468,42.726,67.742,0.000,0.000,0,2,2.1192,38,76,38,38,48
35,post_landing,118,1979.0,61,191.403,504.536,-0.02443,0.00000,0.02443,-0.001196,-0.152516,0,1,3.64800,4219.988,2.161,14.000,19.235,25.469,42.728,67.742,0.000,0.000,0,3,2.1192,38,76,38,38,48
35,post_landing,119,1996.0,61,191.379,504.547,-0.02095,0.00000,0.02095,-0.001025,-0.153716,0,1,3.64800,4219.988,2.161,14.000,19.235,25.471,46.836,67.741,0.000,0.000,0,3,2.1192,38,76,38,38,48
35,post_landing,120,2013.0,61,191.359,504.546,-0.01602,0.00000,0.01602,0.000000,-0.154686,0,1,3.64800,4219.988,2.161,14.000,19.235,25.472,46.837,67.741,0.000,0.000,0,3,2.1192,38,76,38,38,48
36,falling,0,34.0,,195.000,97.029,0.00000,0.55000,0.55000,0.000000,0.000000,0,0,4.75600,2213.019,1.122,5.000,5.000,5.000,13.000,18.000,0.000,0.000,0,0,1.3877,63,126,63,63,48
36,falling,1,36.0,,195.000,97.137,0.00000,0.59851,0.59851,0.000000,0.000000,0,0,4.75600,2213.019,1.122,5.000,5.000,5.000,13.000,18.000,0.000,0.000,0,0,1.3877,63,126,63,63,48
36,falling,2,53.0,,195.000,98.027,0.00000,0.87269,0.87269,0.000000,0.000000,0,0,4.75600,2213.019,1.122,5.000,5.000,5.000,13.000,18.000,0.000,0.000,0,0,1.3877,63,126,63,63,48
36,falling,3,70.0,,195.000,99.192,0.00000,1.14267,1.14267,0.000000,0.000000,0,0,4.75600,2213.019,1.122,5.000,5.000,5.000,13.000,18.000,0.000,0.000,0,0,1.3877,63,126,63,63,48
36,falling,4,86.0,,195.000,100.530,0.00000,1.39288,1.39288,0.000000,0.000000,0,0,4.75600,2213.019,1.122,5.000,5.000,5.000,13.000,18.000,0.000,0.000,0,0,1.3877,63,126,63,63,48
36,falling,5,103.0,,195.000,102.218,0.00000,1.65491,1.65491,0.000000,0.000000,0,0,4.75600,2213.019,1.122,5.000,5.000,5.000,13.000,18.000,0.000,0.000,0,0,1.3877,63,126,63,63,48
36,falling,6,120.0,,195.000,104.169,0.00000,1.91292,1.91292,0.000000,0.000000,0,0,4.75600,2213.019,1.122,5.000,5.000,5.000,13.000,18.000,0.000,0.000,0,0,1.3877,63,126,63,63,48
36,falling,7,136.0,,195.000,106.235,0.00000,2.15204,2.15204,0.000000,0.000000,0,0,4.75600,2213.019,1.122,5.000,5.000,5.000,13.000,18.000,0.000,0.000,0,0,1.3877,63,126,63,63,48
36,falling,8,153.0,,195.000,108.685,0.00000,2.40245,2.40245,0.000000,0.000000,0,0,4.75600,2213.019,1.122,5.000,5.000,5.000,13.000,18.000,0.000,0.000,0,0,1.3877,63,126,63,63,48
36,falling,9,170.0,,195.000,111.387,0.00000,2.64902,2.64902,0.000000,0.000000,0,0,4.75600,2213.019,1.122,5.000,5.000,5.000,13.000,18.000,0.000,0.000,0,0,1.3877,63,126,63,63,48
36,falling,10,187.0,,195.000,114.150,0.00000,2.87754,2.87754,0.000000,0.000000,0,0,4.75600,2213.019,1.122,5.000,5.000,5.000,13.000,18.000,0.000,0.000,0,0,1.3877,63,126,63,63,48
36,falling,11,203.0,,195.000,117.329,0.00000,3.11685,3.11685,0.000000,0.000000,0,0,4.75600,2213.019,1.122,5.000,5.000,5.000,13.000,18.000,0.000,0.000,0,0,1.3877,63,126,63,63,48
36,falling,12,220.0,,195.000,120.748,0.00000,3.35250,3.35250,0.000000,0.000000,0,0,4.75600,2213.019,1.122,5.000,5.000,5.000,13.000,18.000,0.000,0.000,0,0,1.3877,63,126,63,63,48
36,falling,13,237.0,,195.000,124.176,0.00000,3.57089,3.57089,0.000000,0.000000,0,0,4.75600,2213.019,1.122,5.000,5.000,5.000,13.000,18.000,0.000,0.000,0,0,1.3877,63,126,63,63,48
36,falling,14,253.0,,195.000,128.052,0.00000,3.79959,3.79959,0.000000,0.000000,0,0,4.75600,2213.019,1.122,5.000,5.000,5.000,13.000,18.000,0.000,0.000,0,0,1.3877,63,126,63,63,48
36,falling,15,270.0,,195.000,132.157,0.00000,4.02479,4.02479,0.000000,0.000000,0,0,4.75600,2213.019,1.122,5.000,5.000,5.000,13.000,18.000,0.000,0.000,0,0,1.3877,63,126,63,63,48
36,falling,16,287.0,,195.000,136.221,0.00000,4.23350,4.23350,0.000000,0.000000,0,0,4.75600,2213.019,1.122,5.000,5.000,5.000,13.000,18.000,0.000,0.000,0,0,1.3877,63,126,63,63,48
36,falling,17,303.0,,195.000,140.763,0.00000,4.45206,4.45206,0.000000,0.000000,0,0,4.75600,2213.019,1.122,5.000,5.000,5.000,13.000,18.000,0.000,0.000,0,0,1.3877,63,126,63,63,48
36,falling,18,320.0,,195.000,145.523,0.00000,4.66727,4.66727,0.000000,0.000000,0,0,4.75600,2213.019,1.122,5.000,5.000,5.000,13.000,18.000,0.000,0.000,0,0,1.3877,63,126,63,63,48
36,falling,19,337.0,,195.000,150.195,0.00000,4.86673,4.86673,0.000000,0.000000,0,0,4.75600,2213.019,1.122,5.000,5.000,5.000,13.000,18.000,0.000,0.000,0,0,1.3877,63,126,63,63,48
36,falling,20,353.0,,195.000,155.372,0.00000,5.07560,5.07560,0.000000,0.000000,0,0,4.75600,2213.019,1.122,5.000,5.000,5.000,13.000,18.000,0.000,0.000,0,0,1.3877,63,126,63,63,48
36,falling,21,370.0,,195.000,160.759,0.00000,5.28128,5.28128,0.000000,0.000000,0,0,4.75600,2213.019,1.122,5.000,5.000,5.000,13.000,18.000,0.000,0.000,0,0,1.3877,63,126,63,63,48
36,falling,22,387.0,,195.000,166.012,0.00000,5.47190,5.47190,0.000000,0.000000,0,0,4.75600,2213.019,1.122,5.000,5.000,5.000,13.000,18.000,0.000,0.000,0,0,1.3877,63,126,63,63,48
36,falling,23,403.0,,195.000,171.797,0.00000,5.67151,5.67151,0.000000,0.000000,0,0,4.75600,2213.019,1.122,5.000,5.000,5.000,13.000,18.000,0.000,0.000,0,0,1.3877,63,126,63,63,48
36,falling,24,420.0,,195.000,177.783,0.00000,5.86807,5.86807,0.000000,0.000000,0,0,4.75600,2213.019,1.122,5.000,5.000,5.000,13.000,18.000,0.000,0.000,0,0,1.3877,63,126,63,63,48
36,falling,25,437.0,,195.000,183.591,0.00000,6.05024,6.05024,0.000000,0.000000,0,0,4.75600,2213.019,1.122,5.000,5.000,5.000,13.000,18.000,0.000,0.000,0,0,1.3877,63,126,63,63,48
36,falling,26,453.0,,195.000,189.957,0.00000,6.24100,6.24100,0.000000,0.000000,0,0,4.75600,2213.019,1.122,5.000,5.000,5.000,13.000,18.000,0.000,0.000,0,0,1.3877,63,126,63,63,48
36,falling,27,470.0,,195.000,196.514,0.00000,6.42885,6.42885,0.000000,0.000000,0,0,4.75600,2213.019,1.122,5.000,5.000,5.000,13.000,18.000,0.000,0.000,0,0,1.3877,63,126,63,63,48
36,falling,28,487.0,,195.000,202.853,0.00000,6.60294,6.60294,0.000000,0.000000,0,0,4.75600,2213.019,1.122,5.000,5.000,5.000,13.000,18.000,0.000,0.000,0,0,1.3877,63,126,63,63,48
36,falling,29,503.0,,195.000,209.774,0.00000,6.78525,6.78525,0.000000,0.000000,0,0,4.75600,2213.019,1.122,5.000,5.000,5.000,13.000,18.000,0.000,0.000,0,0,1.3877,63,126,63,63,48
36,falling,30,520.0,,195.000,216.878,0.00000,6.96476,6.96476,0.000000,0.000000,0,0,4.75600,2213.019,1.122,5.000,5.000,5.000,13.000,18.000,0.000,0.000,0,0,1.3877,63,126,63,63,48
36,falling,31,537.0,,195.000,223.724,0.00000,7.13114,7.13114,0.000000,0.000000,0,0,4.75600,2213.019,1.122,5.000,5.000,5.000,13.000,18.000,0.000,0.000,0,0,1.3877,63,126,63,63,48
36,falling,32,553.0,,195.000,231.175,0.00000,7.30537,7.30537,0.000000,0.000000,0,0,4.75600,2213.019,1.122,5.000,5.000,5.000,13.000,18.000,0.000,0.000,0,0,1.3877,63,126,63,63,48
36,falling,33,570.0,,195.000,238.802,0.00000,7.47693,7.47693,0.000000,0.000000,0,0,4.75600,2213.019,1.122,5.000,5.000,5.000,13.000,18.000,0.000,0.000,0,0,1.3877,63,126,63,63,48
36,falling,34,587.0,,195.000,246.132,0.00000,7.63593,7.63593,0.000000,0.000000,0,0,4.75600,2213.019,1.122,5.000,5.000,5.000,13.000,18.000,0.000,0.000,0,0,1.3877,63,126,63,63,48
36,falling,35,603.0,,195.000,254.091,0.00000,7.80243,7.80243,0.000000,0.000000,0,0,4.75600,2213.019,1.122,5.000,5.000,5.000,13.000,18.000,0.000,0.000,0,0,1.3877,63,126,63,63,48
36,falling,36,620.0,,195.000,262.216,0.00000,7.96639,7.96639,0.000000,0.000000,0,0,4.75600,2213.019,1.122,5.000,5.000,5.000,13.000,18.000,0.000,0.000,0,0,1.3877,63,126,63,63,48
36,falling,37,637.0,,195.000,270.010,0.00000,8.11834,8.11834,0.000000,0.000000,0,0,4.75600,2213.019,1.122,5.000,5.000,5.000,13.000,18.000,0.000,0.000,0,0,1.3877,63,126,63,63,48
36,falling,38,653.0,,195.000,278.453,0.00000,8.27746,8.27746,0.000000,0.000000,0,0,4.75600,2213.019,1.122,5.000,5.000,5.000,13.000,18.000,0.000,0.000,0,0,1.3877,63,126,63,63,48
36,falling,39,670.0,,195.000,287.056,0.00000,8.43415,8.43415,0.000000,0.000000,0,0,4.75600,2213.019,1.122,5.000,5.000,5.000,13.000,18.000,0.000,0.000,0,0,1.3877,63,126,63,63,48
36,falling,40,687.0,,195.000,295.292,0.00000,8.57936,8.57936,0.000000,0.000000,0,0,4.75600,2213.019,1.122,5.000,5.000,5.000,13.000,18.000,0.000,0.000,0,0,1.3877,63,126,63,63,48
36,falling,41,703.0,,195.000,304.198,0.00000,8.73143,8.73143,0.000000,0.000000,0,0,4.75600,2213.019,1.122,5.000,5.000,5.000,13.000,18.000,0.000,0.000,0,0,1.3877,63,126,63,63,48
36,falling,42,720.0,,195.000,313.257,0.00000,8.88117,8.88117,0.000000,0.000000,0,0,4.75600,2213.019,1.122,5.000,5.000,5.000,13.000,18.000,0.000,0.000,0,0,1.3877,63,126,63,63,48
36,falling,43,737.0,,195.000,321.916,0.00000,9.01995,9.01995,0.000000,0.000000,0,0,4.75600,2213.019,1.122,5.000,5.000,5.000,13.000,18.000,0.000,0.000,0,0,1.3877,63,126,63,63,48
36,falling,44,753.0,,195.000,331.265,0.00000,9.16528,9.16528,0.000000,0.000000,0,0,4.75600,2213.019,1.122,5.000,5.000,5.000,13.000,18.000,0.000,0.000,0,0,1.3877,63,126,63,63,48
36,falling,45,770.0,,195.000,340.759,0.00000,9.30838,9.30838,0.000000,0.000000,0,0,4.75600,2213.019,1.122,5.000,5.000,5.000,13.000,18.000,0.000,0.000,0,0,1.3877,63,126,63,63,48
36,falling,46,787.0,,195.000,349.823,0.00000,9.44101,9.44101,0.000000,0.000000,0,0,4.75600,2213.019,1.122,5.000,5.000,5.000,13.000,18.000,0.000,0.000,0,0,1.3877,63,126,63,63,48
36,falling,47,803.0,,195.000,359.594,0.00000,9.57990,9.57990,0.000000,0.000000,0,0,4.75600,2213.019,1.122,5.000,5.000,5.000,13.000,18.000,0.000,0.000,0,0,1.3877,63,126,63,63,48
36,falling,48,820.0,,195.000,369.505,0.00000,9.71666,9.71666,0.000000,0.000000,0,0,4.75600,2213.019,1.122,5.000,5.000,5.000,13.000,18.000,0.000,0.000,0,0,1.3877,63,126,63,63,48
36,falling,49,837.0,,195.000,378.955,0.00000,9.84340,9.84340,0.000000,0.000000,0,0,4.75600,2213.019,1.122,5.000,5.000,5.000,13.000,18.000,0.000,0.000,0,0,1.3877,63,126,63,63,48
36,falling,50,853.0,,195.000,389.130,0.00000,9.97613,9.97613,0.000000,0.000000,0,0,4.75600,2213.019,1.122,5.000,5.000,5.000,13.000,18.000,0.000,0.000,0,0,1.3877,63,126,63,63,48
36,falling,51,870.0,,195.000,399.439,0.00000,10.10683,10.10683,0.000000,0.000000,0,0,4.75600,2213.019,1.122,5.000,5.000,5.000,13.000,18.000,0.000,0.000,0,0,1.3877,63,126,63,63,48
36,falling,52,887.0,,195.000,409.258,0.00000,10.22796,10.22796,0.000000,0.000000,0,0,4.75600,2213.019,1.122,5.000,5.000,5.000,13.000,18.000,0.000,0.000,0,0,1.3877,63,126,63,63,48
36,falling,53,903.0,,195.000,419.820,0.00000,10.35481,10.35481,0.000000,0.000000,0,0,4.75600,2213.019,1.122,5.000,5.000,5.000,13.000,18.000,0.000,0.000,0,0,1.3877,63,126,63,63,48
36,falling,54,920.0,,195.000,430.509,0.00000,10.47971,10.47971,0.000000,0.000000,0,0,4.75600,2213.019,1.122,5.000,5.000,5.000,13.000,18.000,0.000,0.000,0,0,1.3877,63,126,63,63,48
36,falling,55,937.0,,195.000,440.681,0.00000,10.59547,10.59547,0.000000,0.000000,0,0,4.75600,2213.019,1.122,5.000,5.000,5.000,13.000,18.000,0.000,0.000,0,0,1.3877,63,126,63,63,48
36,falling,56,953.0,,195.000,451.612,0.00000,10.71669,10.71669,0.000000,0.000000,0,0,4.75600,2213.019,1.122,5.000,5.000,5.000,13.000,18.000,0.000,0.000,0,0,1.3877,63,126,63,63,48
36,falling,57,970.0,,195.000,462.665,0.00000,10.83606,10.83606,0.000000,0.000000,0,0,4.75600,2213.019,1.122,5.000,5.000,5.000,13.000,18.000,0.000,0.000,0,0,1.3877,63,126,63,63,48
36,falling,58,987.0,,195.000,473.174,0.00000,10.94669,10.94669,0.000000,0.000000,0,0,4.75600,2213.019,1.122,5.000,5.000,5.000,13.000,18.000,0.000,0.000,0,0,1.3877,63,126,63,63,48
36,post_landing,59,1004.0,59,195.000,482.792,2.74784,0.38929,2.77528,0.052358,0.000000,0,1,4.75600,2213.019,1.122,5.000,5.000,5.000,13.000,18.000,0.000,0.000,0,4,1.3877,63,126,63,63,48
36,post_landing,60,1020.0,59,197.760,482.517,2.63342,-0.43063,2.66839,0.048926,0.052588,0,1,4.75600,2213.019,1.122,5.000,4.047,4.993,12.141,18.028,0.000,0.000,0,2,1.3877,63,126,63,63,48
36,post_landing,61,1037.0,59,200.252,482.366,2.59550,-0.15777,2.60029,0.048221,0.098880,0,0,4.75600,2213.019,1.122,5.000,4.079,4.976,12.238,19.105,0.000,0.000,0,0,1.3877,63,126,63,63,48
36,post_landing,62,1053.0,59,202.858,482.496,2.55578,0.12798,2.55899,0.047483,0.147313,0,0,4.75600,2213.019,1.122,5.000,4.103,4.946,13.446,21.213,0.000,0.000,0,0,1.3877,63,126,63,63,48
36,post_landing,63,1070.0,59,205.426,482.914,2.51668,0.40936,2.54976,0.046757,0.195005,0,0,4.75600,2213.019,1.122,5.000,4.118,10.198,14.704,21.958,0.000,0.000,0,0,1.3877,63,126,63,63,48
36,post_landing,64,1087.0,59,207.807,483.557,2.48044,0.67013,2.56937,0.046084,0.239245,0,0,4.75600,2213.019,1.122,5.000,4.123,12.369,14.786,23.269,0.000,0.000,0,0,1.3877,63,126,63,63,48
36,post_landing,65,1103.0,59,210.298,484.519,2.44249,0.94321,2.61828,0.045379,0.285532,0,0,4.75600,2213.019,1.122,5.000,4.120,11.681,16.083,23.644,0.000,0.000,0,0,1.3877,63,126,63,63,48
36,post_landing,66,1120.0,59,212.751,485.756,2.40512,1.21211,2.69329,0.044684,0.331109,0,0,4.75600,2213.019,1.122,5.000,9.486,12.974,17.407,25.031,0.000,0.000,0,0,1.3877,63,126,63,63,48
36,post_landing,67,1137.0,59,215.027,487.159,2.37049,1.46132,2.78472,0.044041,0.373389,0,0,4.75600,2213.019,1.122,5.000,8.908,14.293,20.974,26.887,0.000,0.000,0,0,1.3877,63,126,63,63,48
36,post_landing,68,1153.0,59,217.408,488.915,2.33422,1.72230,2.90084,0.043367,0.417623,0,0,4.75600,2213.019,1.122,5.000,10.254,15.636,22.337,27.107,0.000,0.000,0,0,1.3877,63,126,63,63,48
36,post_landing,69,1170.0,59,219.752,490.934,2.29850,1.97928,3.03326,0.042703,0.461180,0,0,4.75600,2213.019,1.122,5.000,11.625,16.993,23.701,30.398,0.000,0.000,0,0,1.3877,63,126,63,63,48
36,post_landing,70,1187.0,59,222.061,493.211,2.26334,2.23233,3.17899,0.042050,0.504071,0,0,4.75600,2213.019,1.122,5.000,11.654,20.591,25.543,30.584,0.000,0.000,0,0,1.3877,63,126,63,63,48
36,post_landing,71,1204.0,59,224.202,495.516,1.84992,0.79855,2.01491,0.032444,0.543858,0,1,4.75600,2213.019,1.122,5.000,11.662,19.383,25.553,35.344,0.000,0.000,0,2,1.3877,63,126,63,63,48
36,post_landing,72,1220.0,59,226.061,496.513,1.28479,0.40647,1.34756,0.023487,0.576445,0,1,4.75600,2213.019,1.122,5.000,7.211,20.793,25.237,38.233,0.000,0.000,0,3,1.3877,63,126,63,63,48
36,post_landing,73,1237.0,59,227.351,497.129,0.88788,0.25976,0.92510,0.016649,0.600036,0,1,4.75600,2213.019,1.122,5.000,12.206,20.806,27.192,56.903,0.000,0.000,0,2,1.3877,63,126,63,63,48
36,post_landing,74,1254.0,59,228.191,497.457,0.61393,0.19862,0.64526,0.011621,0.615788,0,1,4.75600,2213.019,1.122,5.000,12.206,20.809,27.201,61.132,0.000,0.000,0,1,1.3877,63,126,63,63,48
36,post_landing,75,1270.0,59,228.808,497.797,0.42125,0.18199,0.45888,0.008090,0.627460,0,1,4.75600,2213.019,1.122,5.000,13.601,20.807,27.203,61.166,0.000,0.000,0,1,1.3877,63,126,63,63,48
36,post_landing,76,1287.0,59,229.231,498.139,0.31802,0.15696,0.35464,0.006188,0.635586,0,1,4.75600,2213.019,1.122,5.000,13.601,21.398,27.202,63.177,0.000,0.000,0,2,1.3877,63,126,63,63,48
36,post_landing,77,1304.0,59,229.532,498.405,0.26259,0.27008,0.37669,0.009612,0.641441,0,1,4.75600,2213.019,1.122,5.000,13.600,21.400,27.201,63.195,0.000,0.000,0,3,1.3877,63,126,63,63,48
36,post_landing,78,1320.0,59,229.795,498.799,0.32378,0.24901,0.40846,0.012103,0.651095,0,1,4.75600,2213.019,1.122,5.000,14.204,22.802,29.204,63.824,0.000,0.000,0,5,1.3877,63,126,63,63,48
36,post_landing,79,1337.0,59,230.121,499.175,0.35069,0.27763,0.44728,0.013312,0.663252,0,1,4.75600,2213.019,1.122,5.000,14.209,22.803,30.610,64.470,0.000,0.000,0,6,1.3877,63,126,63,63,48
36,post_landing,80,1354.0,59,230.452,499.545,0.36786,0.28561,0.46572,0.014479,0.675847,0,1,4.75600,2213.019,1.122,5.000,14.212,22.801,30.610,64.502,0.000,0.000,0,7,1.3877,63,126,63,63,48
36,post_landing,81,1370.0,59,230.822,499.930,0.39234,0.28722,0.48624,0.015421,0.690390,0,1,4.75600,2213.019,1.122,5.000,14.213,17.028,59.666,65.163,0.000,0.000,0,7,1.3877,63,126,63,63,48
36,post_landing,82,1387.0,59,231.216,500.318,0.40105,0.30366,0.50304,0.016025,0.705878,0,1,4.75600,2213.019,1.122,5.000,14.210,19.088,58.785,65.834,0.000,0.000,0,7,1.3877,63,126,63,63,48
36,post_landing,83,1404.0,59,231.595,500.699,0.40232,0.31517,0.51107,0.016400,0.721041,0,1,4.75600,2213.019,1.122,5.000,14.864,19.098,60.867,67.173,0.000,0.000,0,7,1.3877,63,126,63,63,48
36,post_landing,84,1420.0,59,232.000,501.126,0.40776,0.33035,0.52478,0.016884,0.737513,0,1,4.75600,2213.019,1.122,5.000,16.279,53.074,61.549,67.872,0.000,0.000,0,7,1.3877,63,126,63,63,48
36,post_landing,85,1437.0,59,232.409,501.527,0.41159,0.34507,0.53710,0.017332,0.754472,0,1,4.75600,2213.019,1.122,5.000,14.135,53.758,62.239,67.894,0.000,0.000,0,6,1.3877,63,126,63,63,48
36,post_landing,86,1454.0,59,232.798,501.797,0.15375,-0.05698,0.16396,0.006584,0.770871,0,1,4.75600,2213.019,1.122,5.000,50.210,55.169,62.936,67.896,0.000,0.000,0,4,1.3877,63,126,63,63,48
36,post_landing,87,1470.0,59,232.953,501.914,0.05665,-0.02330,0.06125,0.002436,0.777484,0,1,4.75600,2213.019,1.122,5.000,50.209,55.153,63.638,67.891,0.000,0.000,0,5,1.3877,63,126,63,63,48
36,post_landing,88,1487.0,59,233.010,501.989,-0.00032,0.00000,0.00032,0.000000,0.779931,0,1,4.75600,2213.019,1.122,5.000,52.325,55.154,63.639,67.889,0.000,0.000,0,8,1.3877,63,126,63,63,48
36,post_landing,89,1504.0,59,233.010,501.992,-0.00061,0.00000,0.00061,0.000000,0.779931,0,1,4.75600,2213.019,1.122,5.000,52.325,55.154,63.639,67.889,0.000,0.000,0,8,1.3877,63,126,63,63,48
36,post_landing,90,1520.0,59,233.009,501.996,0.00009,0.00000,0.00009,0.000000,0.779931,0,1,4.75600,2213.019,1.122,5.000,52.325,55.154,63.639,67.889,0.000,0.000,0,8,1.3877,63,126,63,63,48
36,post_landing,91,1538.0,59,233.009,501.997,0.00000,0.00000,0.00000,0.000000,0.779931,0,1,4.75600,2213.019,1.122,5.000,52.325,55.154,63.639,67.889,0.000,0.000,0,8,1.3877,63,126,63,63,48
36,post_landing,92,1554.0,59,233.009,501.993,-0.00010,0.00000,0.00010,0.000000,0.779931,0,1,4.75600,2213.019,1.122,5.000,52.325,55.154,63.639,67.889,0.000,0.000,0,8,1.3877,63,126,63,63,48
36,post_landing,93,1570.0,59,233.009,501.996,0.00010,0.00000,0.00010,0.000000,0.779931,0,1,4.75600,2213.019,1.122,5.000,52.325,55.154,63.639,67.889,0.000,0.000,0,8,1.3877,63,126,63,63,48
36,post_landing,94,1587.0,59,233.009,501.997,0.00000,0.00000,0.00000,0.000000,0.779931,0,1,4.75600,2213.019,1.122,5.000,52.325,55.154,63.639,67.889,0.000,0.000,0,8,1.3877,63,126,63,63,48
36,post_landing,95,1604.0,59,233.009,501.993,-0.00010,0.00000,0.00010,0.000000,0.779931,0,1,4.75600,2213.019,1.122,5.000,52.325,55.154,63.639,67.889,0.000,0.000,0,8,1.3877,63,126,63,63,48
36,post_landing,96,1621.0,59,233.009,501.996,0.00010,0.00000,0.00010,0.000000,0.779931,0,1,4.75600,2213.019,1.122,5.000,52.325,55.154,63.639,67.889,0.000,0.000,0,8,1.3877,63,126,63,63,48
36,post_landing,97,1637.0,59,233.009,501.997,0.00000,0.00000,0.00000,0.000000,0.779931,0,1,4.75600,2213.019,1.122,5.000,52.325,55.154,63.639,67.889,0.000,0.000,0,8,1.3877,63,126,63,63,48
36,post_landing,98,1654.0,59,233.009,501.993,-0.00010,0.00000,0.00010,0.000000,0.779931,0,1,4.75600,2213.019,1.122,5.000,52.325,55.154,63.639,67.889,0.000,0.000,0,8,1.3877,63,126,63,63,48
36,post_landing,99,1670.0,59,233.009,501.996,0.00010,0.00000,0.00010,0.000000,0.779931,0,1,4.75600,2213.019,1.122,5.000,52.325,55.154,63.639,67.889,0.000,0.000,0,8,1.3877,63,126,63,63,48
36,post_landing,100,1687.0,59,233.009,501.997,0.00000,0.00000,0.00000,0.000000,0.779931,0,1,4.75600,2213.019,1.122,5.000,52.325,55.154,63.639,67.889,0.000,0.000,0,8,1.3877,63,126,63,63,48
36,post_landing,101,1704.0,59,233.009,501.993,-0.00010,0.00000,0.00010,0.000000,0.779931,0,1,4.75600,2213.019,1.122,5.000,52.325,55.154,63.639,67.889,0.000,0.000,0,8,1.3877,63,126,63,63,48
36,post_landing,102,1720.0,59,233.009,501.996,0.00010,0.00000,0.00010,0.000000,0.779931,0,1,4.75600,2213.019,1.122,5.000,52.325,55.154,63.639,67.889,0.000,0.000,0,8,1.3877,63,126,63,63,48
36,post_landing,103,1737.0,59,233.009,501.997,0.00000,0.00000,0.00000,0.000000,0.779931,0,1,4.75600,2213.019,1.122,5.000,52.325,55.154,63.639,67.889,0.000,0.000,0,8,1.3877,63,126,63,63,48
36,post_landing,104,1754.0,59,233.009,501.993,-0.00010,0.00000,0.00010,0.000000,0.779931,0,1,4.75600,2213.019,1.122,5.000,52.325,55.154,63.639,67.889,0.000,0.000,0,8,1.3877,63,126,63,63,48
36,post_landing,105,1771.0,59,233.009,501.996,0.00010,0.00000,0.00010,0.000000,0.779931,0,1,4.75600,2213.019,1.122,5.000,52.325,55.154,63.639,67.889,0.000,0.000,0,8,1.3877,63,126,63,63,48
36,post_landing,106,1787.0,59,233.009,501.997,0.00000,0.00000,0.00000,0.000000,0.779931,0,1,4.75600,2213.019,1.122,5.000,52.325,55.154,63.639,67.889,0.000,0.000,0,8,1.3877,63,126,63,63,48
36,post_landing,107,1804.0,59,233.009,501.997,-0.00000,0.00000,0.00000,0.000000,0.779931,0,1,4.75600,2213.019,1.122,5.000,52.325,55.154,63.639,67.889,0.000,0.000,0,8,1.3877,63,126,63,63,48
36,post_landing,108,1821.0,59,233.009,501.993,-0.00010,0.00000,0.00010,0.000000,0.779931,0,1,4.75600,2213.019,1.122,5.000,52.325,55.154,63.639,67.889,0.000,0.000,0,8,1.3877,63,126,63,63,48
36,post_landing,109,1837.0,59,233.009,501.996,0.00010,0.00000,0.00010,0.000000,0.779931,0,1,4.75600,2213.019,1.122,5.000,52.325,55.154,63.639,67.889,0.000,0.000,0,8,1.3877,63,126,63,63,48
36,post_landing,110,1854.0,59,233.009,501.993,-0.00010,0.00000,0.00010,0.000000,0.779931,0,1,4.75600,2213.019,1.122,5.000,52.325,55.154,63.639,67.889,0.000,0.000,0,8,1.3877,63,126,63,63,48
36,post_landing,111,1871.0,59,233.009,501.996,0.00010,0.00000,0.00010,0.000000,0.779931,0,1,4.75600,2213.019,1.122,5.000,52.325,55.154,63.639,67.889,0.000,0.000,0,8,1.3877,63,126,63,63,48
36,post_landing,112,1887.0,59,233.009,501.997,0.00000,0.00000,0.00000,0.000000,0.779931,0,1,4.75600,2213.019,1.122,5.000,52.325,55.154,63.639,67.889,0.000,0.000,0,8,1.3877,63,126,63,63,48
36,post_landing,113,1904.0,59,233.009,501.997,-0.00000,0.00000,0.00000,0.000000,0.779931,0,1,4.75600,2213.019,1.122,5.000,52.325,55.154,63.639,67.889,0.000,0.000,0,8,1.3877,63,126,63,63,48
36,post_landing,114,1921.0,59,233.009,501.993,-0.00010,0.00000,0.00010,0.000000,0.779931,0,1,4.75600,2213.019,1.122,5.000,52.325,55.154,63.639,67.889,0.000,0.000,0,8,1.3877,63,126,63,63,48
36,post_landing,115,1937.0,59,233.009,501.996,0.00010,0.00000,0.00010,0.000000,0.779931,0,1,4.75600,2213.019,1.122,5.000,52.325,55.154,63.639,67.889,0.000,0.000,0,8,1.3877,63,126,63,63,48
36,post_landing,116,1954.0,59,233.009,501.997,0.00000,0.00000,0.00000,0.000000,0.779931,0,1,4.75600,2213.019,1.122,5.000,52.325,55.154,63.639,67.889,0.000,0.000,0,8,1.3877,63,126,63,63,48
36,post_landing,117,1971.0,59,233.009,501.993,-0.00010,0.00000,0.00010,0.000000,0.779931,0,1,4.75600,2213.019,1.122,5.000,52.325,55.154,63.639,67.889,0.000,0.000,0,8,1.3877,63,126,63,63,48
36,post_landing,118,1987.0,59,233.009,501.996,0.00010,0.00000,0.00010,0.000000,0.779931,0,1,4.75600,2213.019,1.122,5.000,52.325,55.154,63.639,67.889,0.000,0.000,0,8,1.3877,63,126,63,63,48
37,falling,0,30.0,,195.000,97.029,0.00000,0.55000,0.55000,0.000000,0.000000,0,0,3.77600,957.905,2.374,13.000,13.000,14.000,23.000,27.000,0.000,0.000,0,0,1.5385,71,142,71,83,62
37,falling,1,31.0,,195.000,97.099,0.00000,0.58234,0.58234,0.000000,0.000000,0,0,3.77600,957.905,2.374,13.000,13.000,14.000,23.000,27.000,0.000,0.000,0,0,1.5385,71,142,71,83,62
37,falling,2,47.0,,195.000,97.906,0.00000,0.84062,0.84062,0.000000,0.000000,0,0,3.77600,957.905,2.374,13.000,13.000,14.000,23.000,27.000,0.000,0.000,0,0,1.5385,71,142,71,83,62
37,falling,3,63.0,,195.000,98.957,0.00000,1.09519,1.09519,0.000000,0.000000,0,0,3.77600,957.905,2.374,13.000,13.000,14.000,23.000,27.000,0.000,0.000,0,0,1.5385,71,142,71,83,62
37,falling,4,80.0,,195.000,100.346,0.00000,1.36176,1.36176,0.000000,0.000000,0,0,3.77600,957.905,2.374,13.000,13.000,14.000,23.000,27.000,0.000,0.000,0,0,1.5385,71,142,71,83,62
37,falling,5,97.0,,195.000,102.003,0.00000,1.62426,1.62426,0.000000,0.000000,0,0,3.77600,957.905,2.374,13.000,13.000,14.000,23.000,27.000,0.000,0.000,0,0,1.5385,71,142,71,83,62
37,falling,6,113.0,,195.000,103.796,0.00000,1.86754,1.86754,0.000000,0.000000,0,0,3.77600,957.905,2.374,13.000,13.000,14.000,23.000,27.000,0.000,0.000,0,0,1.5385,71,142,71,83,62
37,falling,7,130.0,,195.000,105.961,0.00000,2.12230,2.12230,0.000000,0.000000,0,0,3.77600,957.905,2.374,13.000,13.000,14.000,23.000,27.000,0.000,0.000,0,0,1.5385,71,142,71,83,62
37,falling,8,147.0,,195.000,108.381,0.00000,2.37316,2.37316,0.000000,0.000000,0,0,3.77600,957.905,2.374,13.000,13.000,14.000,23.000,27.000,0.000,0.000,0,0,1.5385,71,142,71,83,62
37,falling,9,164.0,,195.000,110.883,0.00000,2.60565,2.60565,0.000000,0.000000,0,0,3.77600,957.905,2.374,13.000,13.000,14.000,23.000,27.000,0.000,0.000,0,0,1.5385,71,142,71,83,62
37,falling,10,180.0,,195.000,113.789,0.00000,2.84912,2.84912,0.000000,0.000000,0,0,3.77600,957.905,2.374,13.000,13.000,14.000,23.000,27.000,0.000,0.000,0,0,1.5385,71,142,71,83,62
37,falling,11,197.0,,195.000,116.939,0.00000,3.08886,3.08886,0.000000,0.000000,0,0,3.77600,957.905,2.374,13.000,13.000,14.000,23.000,27.000,0.000,0.000,0,0,1.5385,71,142,71,83,62
37,falling,12,214.0,,195.000,120.118,0.00000,3.31105,3.31105,0.000000,0.000000,0,0,3.77600,957.905,2.374,13.000,13.000,14.000,23.000,27.000,0.000,0.000,0,0,1.5385,71,142,71,83,62
37,falling,13,230.0,,195.000,123.733,0.00000,3.54372,3.54372,0.000000,0.000000,0,0,3.77600,957.905,2.374,13.000,13.000,14.000,23.000,27.000,0.000,0.000,0,0,1.5385,71,142,71,83,62
37,falling,14,247.0,,195.000,127.581,0.00000,3.77284,3.77284,0.000000,0.000000,0,0,3.77600,957.905,2.374,13.000,13.000,14.000,23.000,27.000,0.000,0.000,0,0,1.5385,71,142,71,83,62
37,falling,15,264.0,,195.000,131.407,0.00000,3.98518,3.98518,0.000000,0.000000,0,0,3.77600,957.905,2.374,13.000,13.000,14.000,23.000,27.000,0.000,0.000,0,0,1.5385,71,142,71,83,62
37,falling,16,280.0,,195.000,135.698,0.00000,4.20754,4.20754,0.000000,0.000000,0,0,3.77600,957.905,2.374,13.000,13.000,14.000,23.000,27.000,0.000,0.000,0,0,1.5385,71,142,71,83,62
37,falling,17,297.0,,195.000,140.213,0.00000,4.42649,4.42649,0.000000,0.000000,0,0,3.77600,957.905,2.374,13.000,13.000,14.000,23.000,27.000,0.000,0.000,0,0,1.5385,71,142,71,83,62
37,falling,18,314.0,,195.000,144.658,0.00000,4.62942,4.62942,0.000000,0.000000,0,0,3.77600,957.905,2.374,13.000,13.000,14.000,23.000,27.000,0.000,0.000,0,0,1.5385,71,142,71,83,62
37,falling,19,330.0,,195.000,149.596,0.00000,4.84192,4.84192,0.000000,0.000000,0,0,3.77600,957.905,2.374,13.000,13.000,14.000,23.000,27.000,0.000,0.000,0,0,1.5385,71,142,71,83,62
37,falling,20,347.0,,195.000,154.749,0.00000,5.05117,5.05117,0.000000,0.000000,0,0,3.77600,957.905,2.374,13.000,13.000,14.000,23.000,27.000,0.000,0.000,0,0,1.5385,71,142,71,83,62
37,falling,21,364.0,,195.000,160.111,0.00000,5.25722,5.25722,0.000000,0.000000,0,0,3.77600,957.905,2.374,13.000,13.000,14.000,23.000,27.000,0.000,0.000,0,0,1.5385,71,142,71,83,62
37,falling,22,380.0,,195.000,165.341,0.00000,5.44819,5.44819,0.000000,0.000000,0,0,3.77600,957.905,2.374,13.000,13.000,14.000,23.000,27.000,0.000,0.000,0,0,1.5385,71,142,71,83,62
37,falling,23,397.0,,195.000,171.102,0.00000,5.64816,5.64816,0.000000,0.000000,0,0,3.77600,957.905,2.374,13.000,13.000,14.000,23.000,27.000,0.000,0.000,0,0,1.5385,71,142,71,83,62
37,falling,24,414.0,,195.000,177.064,0.00000,5.84508,5.84508,0.000000,0.000000,0,0,3.77600,957.905,2.374,13.000,13.000,14.000,23.000,27.000,0.000,0.000,0,0,1.5385,71,142,71,83,62
37,falling,25,431.0,,195.000,182.851,0.00000,6.02758,6.02758,0.000000,0.000000,0,0,3.77600,957.905,2.374,13.000,13.000,14.000,23.000,27.000,0.000,0.000,0,0,1.5385,71,142,71,83,62
37,falling,26,447.0,,195.000,189.194,0.00000,6.21869,6.21869,0.000000,0.000000,0,0,3.77600,957.905,2.374,13.000,13.000,14.000,23.000,27.000,0.000,0.000,0,0,1.5385,71,142,71,83,62
37,falling,27,464.0,,195.000,195.729,0.00000,6.40688,6.40688,0.000000,0.000000,0,0,3.77600,957.905,2.374,13.000,13.000,14.000,23.000,27.000,0.000,0.000,0,0,1.5385,71,142,71,83,62
37,falling,28,481.0,,195.000,202.047,0.00000,6.58128,6.58128,0.000000,0.000000,0,0,3.77600,957.905,2.374,13.000,13.000,14.000,23.000,27.000,0.000,0.000,0,0,1.5385,71,142,71,83,62
37,falling,29,497.0,,195.000,208.946,0.00000,6.76392,6.76392,0.000000,0.000000,0,0,3.77600,957.905,2.374,13.000,13.000,14.000,23.000,27.000,0.000,0.000,0,0,1.5385,71,142,71,83,62
37,falling,30,514.0,,195.000,216.029,0.00000,6.94377,6.94377,0.000000,0.000000,0,0,3.77600,957.905,2.374,13.000,13.000,14.000,23.000,27.000,0.000,0.000,0,0,1.5385,71,142,71,83,62
37,falling,31,531.0,,195.000,222.855,0.00000,7.11045,7.11045,0.000000,0.000000,0,0,3.77600,957.905,2.374,13.000,13.000,14.000,23.000,27.000,0.000,0.000,0,0,1.5385,71,142,71,83,62
37,falling,32,547.0,,195.000,230.285,0.00000,7.28499,7.28499,0.000000,0.000000,0,0,3.77600,957.905,2.374,13.000,13.000,14.000,23.000,27.000,0.000,0.000,0,0,1.5385,71,142,71,83,62
37,falling,33,564.0,,195.000,237.891,0.00000,7.45686,7.45686,0.000000,0.000000,0,0,3.77600,957.905,2.374,13.000,13.000,14.000,23.000,27.000,0.000,0.000,0,0,1.5385,71,142,71,83,62
37,falling,34,581.0,,195.000,245.203,0.00000,7.61615,7.61615,0.000000,0.000000,0,0,3.77600,957.905,2.374,13.000,13.000,14.000,23.000,27.000,0.000,0.000,0,0,1.5385,71,142,71,83,62
37,falling,35,597.0,,195.000,253.142,0.00000,7.78296,7.78296,0.000000,0.000000,0,0,3.77600,957.905,2.374,13.000,13.000,14.000,23.000,27.000,0.000,0.000,0,0,1.5385,71,142,71,83,62
37,falling,36,614.0,,195.000,261.248,0.00000,7.94721,7.94721,0.000000,0.000000,0,0,3.77600,957.905,2.374,13.000,13.000,14.000,23.000,27.000,0.000,0.000,0,0,1.5385,71,142,71,83,62
37,falling,37,631.0,,195.000,269.023,0.00000,8.09944,8.09944,0.000000,0.000000,0,0,3.77600,957.905,2.374,13.000,13.000,14.000,23.000,27.000,0.000,0.000,0,0,1.5385,71,142,71,83,62
37,falling,38,647.0,,195.000,277.447,0.00000,8.25885,8.25885,0.000000,0.000000,0,0,3.77600,957.905,2.374,13.000,13.000,14.000,23.000,27.000,0.000,0.000,0,0,1.5385,71,142,71,83,62
37,falling,39,664.0,,195.000,286.031,0.00000,8.41582,8.41582,0.000000,0.000000,0,0,3.77600,957.905,2.374,13.000,13.000,14.000,23.000,27.000,0.000,0.000,0,0,1.5385,71,142,71,83,62
37,falling,40,681.0,,195.000,294.250,0.00000,8.56130,8.56130,0.000000,0.000000,0,0,3.77600,957.905,2.374,13.000,13.000,14.000,23.000,27.000,0.000,0.000,0,0,1.5385,71,142,71,83,62
37,falling,41,697.0,,195.000,303.138,0.00000,8.71365,8.71365,0.000000,0.000000,0,0,3.77600,957.905,2.374,13.000,13.000,14.000,23.000,27.000,0.000,0.000,0,0,1.5385,71,142,71,83,62
37,falling,42,714.0,,195.000,312.179,0.00000,8.86366,8.86366,0.000000,0.000000,0,0,3.77600,957.905,2.374,13.000,13.000,14.000,23.000,27.000,0.000,0.000,0,0,1.5385,71,142,71,83,62
37,falling,43,731.0,,195.000,320.822,0.00000,9.00269,9.00269,0.000000,0.000000,0,0,3.77600,957.905,2.374,13.000,13.000,14.000,23.000,27.000,0.000,0.000,0,0,1.5385,71,142,71,83,62
37,falling,44,747.0,,195.000,330.153,0.00000,9.14828,9.14828,0.000000,0.000000,0,0,3.77600,957.905,2.374,13.000,13.000,14.000,23.000,27.000,0.000,0.000,0,0,1.5385,71,142,71,83,62
37,falling,45,764.0,,195.000,339.630,0.00000,9.29165,9.29165,0.000000,0.000000,0,0,3.77600,957.905,2.374,13.000,13.000,14.000,23.000,27.000,0.000,0.000,0,0,1.5385,71,142,71,83,62
37,falling,46,781.0,,195.000,348.678,0.00000,9.42451,9.42451,0.000000,0.000000,0,0,3.77600,957.905,2.374,13.000,13.000,14.000,23.000,27.000,0.000,0.000,0,0,1.5385,71,142,71,83,62
37,falling,47,797.0,,195.000,358.433,0.00000,9.56365,9.56365,0.000000,0.000000,0,0,3.77600,957.905,2.374,13.000,13.000,14.000,23.000,27.000,0.000,0.000,0,0,1.5385,71,142,71,83,62
37,falling,48,814.0,,195.000,368.327,0.00000,9.70066,9.70066,0.000000,0.000000,0,0,3.77600,957.905,2.374,13.000,13.000,14.000,23.000,27.000,0.000,0.000,0,0,1.5385,71,142,71,83,62
37,falling,49,831.0,,195.000,378.360,0.00000,9.83558,9.83558,0.000000,0.000000,0,0,3.77600,957.905,2.374,13.000,13.000,14.000,23.000,27.000,0.000,0.000,0,0,1.5385,71,142,71,83,62
37,falling,50,848.0,,195.000,387.922,0.00000,9.96061,9.96061,0.000000,0.000000,0,0,3.77600,957.905,2.374,13.000,13.000,14.000,23.000,27.000,0.000,0.000,0,0,1.5385,71,142,71,83,62
37,falling,51,864.0,,195.000,398.215,0.00000,10.09155,10.09155,0.000000,0.000000,0,0,3.77600,957.905,2.374,13.000,13.000,14.000,23.000,27.000,0.000,0.000,0,0,1.5385,71,142,71,83,62
37,falling,52,881.0,,195.000,408.640,0.00000,10.22048,10.22048,0.000000,0.000000,0,0,3.77600,957.905,2.374,13.000,13.000,14.000,23.000,27.000,0.000,0.000,0,0,1.5385,71,142,71,83,62
37,falling,53,897.0,,195.000,418.567,0.00000,10.33997,10.33997,0.000000,0.000000,0,0,3.77600,957.905,2.374,13.000,13.000,14.000,23.000,27.000,0.000,0.000,0,0,1.5385,71,142,71,83,62
37,falling,54,914.0,,195.000,429.241,0.00000,10.46510,10.46510,0.000000,0.000000,0,0,3.77600,957.905,2.374,13.000,13.000,14.000,23.000,27.000,0.000,0.000,0,0,1.5385,71,142,71,83,62
37,falling,55,931.0,,195.000,440.041,0.00000,10.58832,10.58832,0.000000,0.000000,0,0,3.77600,957.905,2.374,13.000,13.000,14.000,23.000,27.000,0.000,0.000,0,0,1.5385,71,142,71,83,62
37,falling,56,948.0,,195.000,450.315,0.00000,10.70251,10.70251,0.000000,0.000000,0,0,3.77600,957.905,2.374,13.000,13.000,14.000,23.000,27.000,0.000,0.000,0,0,1.5385,71,142,71,83,62
37,falling,57,964.0,,195.000,461.354,0.00000,10.82210,10.82210,0.000000,0.000000,0,0,3.77600,957.905,2.374,13.000,13.000,14.000,23.000,27.000,0.000,0.000,0,0,1.5385,71,142,71,83,62
37,falling,58,981.0,,195.000,472.513,0.00000,10.93985,10.93985,0.000000,0.000000,0,0,3.77600,957.905,2.374,13.000,13.000,14.000,14.000,27.000,0.000,0.000,0,0,1.5385,71,142,71,83,62
37,post_landing,59,998.0,59,195.000,480.763,-0.72742,-0.04976,0.72912,0.043382,0.000000,0,1,3.77600,957.905,2.374,13.000,13.000,14.000,23.000,27.000,0.000,0.000,0,6,1.5385,71,142,71,83,62
37,post_landing,60,1014.0,59,194.269,478.907,-0.66470,-0.21434,0.69841,-0.000979,0.043573,0,1,3.77600,957.905,2.374,13.000,12.032,14.030,14.117,26.931,0.000,0.000,0,4,1.5385,71,142,71,83,62
37,post_landing,61,1031.0,59,193.602,478.313,-0.38075,0.02746,0.38174,-0.018814,0.042589,0,1,3.77600,957.905,2.374,13.000,12.032,14.030,14.115,26.933,0.000,0.000,0,2,1.5385,71,142,71,83,62
37,post_landing,62,1048.0,59,193.241,478.560,-1.47453,-1.38457,2.02269,-0.002744,0.024788,0,1,3.77600,957.905,2.374,13.000,12.021,14.020,14.070,26.967,0.000,0.000,0,2,1.5385,71,142,71,83,62
37,post_landing,63,1064.0,59,191.760,477.458,-1.45197,-1.08006,1.80962,-0.002702,0.022033,0,0,3.77600,957.905,2.374,13.000,12.019,14.019,14.063,26.971,0.000,0.000,0,0,1.5385,71,142,71,83,62
37,post_landing,64,1081.0,59,190.302,476.662,-1.42976,-0.78020,1.62877,-0.002660,0.019319,0,0,3.77600,957.905,2.374,13.000,12.017,14.017,14.055,26.976,0.000,0.000,0,0,1.5385,71,142,71,83,62
37,post_landing,65,1098.0,59,188.949,476.180,-1.40917,-0.50230,1.49601,-0.002622,0.016802,0,0,3.77600,957.905,2.374,13.000,12.015,14.015,14.048,26.979,0.000,0.000,0,0,1.5385,71,142,71,83,62
37,post_landing,66,1114.0,59,187.534,475.965,-1.38761,-0.21128,1.40360,-0.002582,0.014168,0,0,3.77600,957.905,2.374,13.000,12.013,14.013,14.041,26.983,0.000,0.000,0,0,1.5385,71,142,71,83,62
37,post_landing,67,1131.0,59,186.140,476.041,-1.36638,0.07529,1.36845,-0.002543,0.011575,0,0,3.77600,957.905,2.374,13.000,12.011,14.011,14.034,26.987,0.000,0.000,0,0,1.5385,71,142,71,83,62
37,post_landing,68,1148.0,59,184.847,476.369,-1.34670,0.34087,1.38917,-0.002506,0.009169,0,0,3.77600,957.905,2.374,13.000,12.009,14.009,14.027,26.990,0.000,0.000,0,0,1.5385,71,142,71,83,62
37,post_landing,69,1164.0,59,183.495,477.000,-1.32610,0.61899,1.46345,-0.002468,0.006652,0,0,3.77600,957.905,2.374,13.000,12.006,14.006,14.020,26.993,0.000,0.000,0,0,1.5385,71,142,71,83,62
37,post_landing,70,1181.0,59,182.163,477.911,-1.30581,0.89285,1.58187,-0.002430,0.004174,0,0,3.77600,957.905,2.374,13.000,12.004,14.004,14.012,26.996,0.000,0.000,0,0,1.5385,71,142,71,83,62
37,post_landing,71,1198.0,59,180.927,478.901,-1.73470,0.16083,1.74214,0.018842,0.001875,0,1,3.77600,957.905,2.374,13.000,12.002,14.002,14.006,26.998,0.000,0.000,0,2,1.5385,71,142,71,83,62
37,post_landing,72,1214.0,59,179.185,478.620,-1.61185,-0.45192,1.67401,-0.012673,0.020799,0,1,3.77600,957.905,2.374,13.000,12.018,14.018,14.059,26.973,0.000,0.000,0,2,1.5385,71,142,71,83,62
37,post_landing,73,1231.0,59,177.566,478.455,-1.58719,-0.16167,1.59540,-0.012479,0.008071,0,0,3.77600,957.905,2.374,13.000,12.008,14.008,14.024,26.991,0.000,0.000,0,0,1.5385,71,142,71,83,62
37,post_landing,74,1248.0,59,176.064,478.558,-1.56433,0.10733,1.56801,-0.012299,-0.003737,0,0,3.77600,957.905,2.374,13.000,10.004,13.004,23.007,27.022,0.000,0.000,0,0,1.5385,71,142,71,83,62
37,post_landing,75,1264.0,59,174.493,478.954,-1.54040,0.38902,1.58876,-0.012111,-0.016090,0,0,3.77600,957.905,2.374,13.000,10.015,13.014,23.029,27.093,0.000,0.000,0,0,1.5385,71,142,71,83,62
37,post_landing,76,1281.0,59,172.946,479.328,-3.03153,-1.11225,3.22913,0.028300,-0.028255,0,1,3.77600,957.905,2.374,13.000,10.024,13.023,23.047,27.159,0.000,0.000,0,2,1.5385,71,142,71,83,62
37,post_landing,77,1299.0,59,170.078,478.531,-2.98788,-0.82957,3.10091,0.027892,-0.001478,0,0,3.77600,957.905,2.374,13.000,10.001,13.001,23.003,27.009,0.000,0.000,0,0,1.5385,71,142,71,83,62
37,post_landing,78,1314.0,59,167.077,477.987,-2.94217,-0.53354,2.99015,0.027465,0.026536,0,0,3.77600,957.905,2.374,13.000,12.022,14.022,14.075,26.964,0.000,0.000,0,0,1.5385,71,142,71,83,62
37,post_landing,79,1331.0,59,164.122,477.740,-2.89715,-0.24205,2.90724,0.027045,0.054122,0,0,3.77600,957.905,2.374,13.000,12.037,14.034,14.142,26.906,0.000,0.000,0,0,1.5385,71,142,71,83,62
37,post_landing,80,1348.0,59,161.380,477.596,-2.71475,0.00000,2.71475,0.013539,0.079712,0,1,3.77600,957.905,2.374,13.000,12.042,14.035,14.194,26.835,0.000,0.000,0,1,1.5385,71,142,71,83,62
37,post_landing,81,1364.0,59,158.654,477.397,-1.93983,0.10767,1.94282,-0.038406,0.093310,0,1,3.77600,957.905,2.374,13.000,12.041,14.032,14.219,26.789,0.000,0.000,0,1,1.5385,71,142,71,83,62
37,post_landing,82,1381.0,59,156.705,477.795,-1.91015,0.38935,1.94943,-0.037818,0.054735,0,0,3.77600,957.905,2.374,13.000,12.037,14.034,14.143,26.905,0.000,0.000,0,0,1.5385,71,142,71,83,62
37,post_landing,83,1398.0,59,154.898,478.419,-1.88265,0.65041,1.99183,-0.037274,0.018952,0,0,3.77600,957.905,2.374,13.000,12.017,14.016,14.054,26.976,0.000,0.000,0,0,1.5385,71,142,71,83,62
37,post_landing,84,1414.0,59,153.007,479.187,-1.82405,-0.22930,1.83841,-0.051305,-0.018485,0,1,3.77600,957.905,2.374,13.000,10.017,13.016,23.033,27.106,0.000,0.000,0,2,1.5385,71,142,71,83,62
37,post_landing,85,1431.0,59,151.175,479.245,-1.79614,0.05754,1.79707,-0.050520,-0.070016,0,0,3.77600,957.905,2.374,13.000,10.045,13.038,23.084,27.354,0.000,0.000,0,0,1.5385,71,142,71,83,62
37,post_landing,86,1448.0,59,149.475,479.556,-1.77028,0.32338,1.79957,-0.049793,-0.117816,0,0,3.77600,957.905,2.374,13.000,9.055,10.166,27.165,27.518,0.000,0.000,0,0,1.5385,71,142,71,83,62
37,post_landing,87,1465.0,59,147.697,480.170,-1.74319,0.60176,1.84414,-0.049031,-0.167828,0,0,3.77600,957.905,2.374,13.000,4.111,10.194,26.303,27.623,0.000,0.000,0,0,1.5385,71,142,71,83,62
37,post_landing,88,1481.0,59,145.947,481.063,-1.71652,0.87589,1.92708,-0.048281,-0.217074,0,0,3.77600,957.905,2.374,13.000,4.122,23.537,26.251,27.659,0.000,0.000,0,0,1.5385,71,142,71,83,62
37,post_landing,89,1498.0,59,144.322,482.148,-1.69181,1.12994,2.03445,-0.047585,-0.262756,0,0,3.77600,957.905,2.374,13.000,4.122,17.715,23.509,27.632,0.000,0.000,0,0,1.5385,71,142,71,83,62
37,post_landing,90,1514.0,59,142.623,483.572,-1.66592,1.39599,2.17349,-0.046857,-0.310550,0,0,3.77600,957.905,2.374,13.000,17.715,17.715,24.344,27.812,0.000,0.000,0,0,1.5385,71,142,71,83,62
37,post_landing,91,1531.0,59,140.950,484.931,-1.83704,-0.13154,1.84174,-0.036067,-0.357614,0,1,3.77600,957.905,2.374,13.000,14.864,17.675,24.345,31.366,0.000,0.000,0,3,1.5385,71,142,71,83,62
37,post_landing,92,1548.0,59,139.212,485.001,-1.58128,0.01997,1.58140,-0.023984,-0.391740,0,1,3.77600,957.905,2.374,13.000,14.848,17.621,23.388,31.385,0.000,0.000,0,1,1.5385,71,142,71,83,62
37,post_landing,93,1565.0,59,137.624,485.253,-1.84808,0.11514,1.85166,0.014321,-0.415829,0,1,3.77600,957.905,2.374,13.000,4.063,14.827,18.783,32.184,0.000,0.000,0,1,1.5385,71,142,71,83,62
37,post_landing,94,1581.0,59,135.767,485.135,-1.42321,0.02631,1.42345,-0.017860,-0.401445,0,1,3.77600,957.905,2.374,13.000,14.841,14.841,23.377,31.383,0.000,0.000,0,1,1.5385,71,142,71,83,62
37,post_landing,95,1598.0,59,134.338,485.298,-1.07451,0.03901,1.07521,-0.026424,-0.419383,0,1,3.77600,957.905,2.374,13.000,4.061,14.823,18.784,32.188,0.000,0.000,0,1,1.5385,71,142,71,83,62
37,post_landing,96,1615.0,59,133.321,485.571,-1.41231,-0.58977,1.53051,-0.011872,-0.444385,0,1,3.77600,957.905,2.374,13.000,4.041,14.790,18.788,32.202,0.000,0.000,0,1,1.5385,71,142,71,83,62
37,post_landing,97,1631.0,59,131.903,485.268,-1.39070,-0.29741,1.42215,-0.011691,-0.456309,0,0,3.77600,957.905,2.374,13.000,4.031,14.771,18.786,32.202,0.000,0.000,0,0,1.5385,71,142,71,83,62
37,post_landing,98,1648.0,59,130.506,485.258,-1.36943,-0.00952,1.36946,-0.011512,-0.468051,0,0,3.77600,957.905,2.374,13.000,4.021,14.750,18.781,29.971,0.000,0.000,0,0,1.5385,71,142,71,83,62
37,post_landing,99,1665.0,59,129.210,485.505,-1.34971,0.25728,1.37401,-0.011346,-0.478943,0,0,3.77600,957.905,2.374,13.000,4.011,5.786,18.774,29.987,0.000,0.000,0,0,1.5385,71,142,71,83,62
37,post_landing,100,1681.0,59,127.855,486.052,-1.32906,0.53668,1.43332,-0.011172,-0.490339,0,0,3.77600,957.905,2.374,13.000,0.000,5.764,18.764,30.000,0.000,0.000,0,0,1.5385,71,142,71,83,62
37,post_landing,101,1698.0,59,126.520,486.345,-1.56724,0.20257,1.58028,0.009619,-0.501560,0,1,3.77600,957.905,2.374,13.000,0.000,3.988,18.753,30.010,0.000,0.000,0,1,1.5385,71,142,71,83,62
37,post_landing,102,1715.0,59,125.037,486.221,-1.22851,0.02259,1.22872,-0.018852,-0.492459,0,1,3.77600,957.905,2.374,13.000,0.000,5.760,18.762,30.002,0.000,0.000,0,1,1.5385,71,142,71,83,62
37,post_landing,103,1731.0,59,123.803,486.450,-1.34470,0.11612,1.34971,0.004855,-0.511394,0,1,3.77600,957.905,2.374,13.000,0.000,3.978,18.740,30.015,0.000,0.000,0,1,1.5385,71,142,71,83,62
37,post_landing,104,1748.0,59,122.452,486.408,-1.24544,0.12131,1.25134,0.000000,-0.506517,0,1,3.77600,957.905,2.374,13.000,0.000,3.983,18.747,30.012,0.000,0.000,0,1,1.5385,71,142,71,83,62
37,post_landing,105,1765.0,59,121.274,486.401,-1.21634,0.13699,1.22403,0.003219,-0.506517,0,1,3.77600,957.905,2.374,13.000,0.000,3.983,18.747,30.012,0.000,0.000,0,1,1.5385,71,142,71,83,62
37,post_landing,106,1781.0,59,120.052,486.364,-1.15469,0.10058,1.15906,0.000000,-0.503284,0,1,3.77600,957.905,2.374,13.000,0.000,3.986,18.750,30.011,0.000,0.000,0,1,1.5385,71,142,71,83,62
37,post_landing,107,1798.0,59,118.892,486.359,-1.18236,0.24620,1.20772,0.010045,-0.503284,0,1,3.77600,957.905,2.374,13.000,0.000,3.986,18.750,30.011,0.000,0.000,0,1,1.5385,71,142,71,83,62
37,post_landing,108,1815.0,59,117.774,486.242,-1.24222,0.30919,1.28012,0.019747,-0.493780,0,1,3.77600,957.905,2.374,13.000,0.000,5.757,18.761,30.004,0.000,0.000,0,1,1.5385,71,142,71,83,62
37,post_landing,109,1831.0,59,116.526,486.435,-1.87958,-0.55266,1.95914,0.015375,-0.473947,0,1,3.77600,957.905,2.374,13.000,4.015,14.739,18.777,29.980,0.000,0.000,0,2,1.5385,71,142,71,83,62
37,post_landing,110,1848.0,59,114.638,485.772,-1.50906,-0.18427,1.52027,-0.017648,-0.458504,0,1,3.77600,957.905,2.374,13.000,4.029,14.767,18.785,32.201,0.000,0.000,0,1,1.5385,71,142,71,83,62
37,post_landing,111,1865.0,59,113.210,485.535,-1.48733,0.08505,1.48976,-0.017393,-0.475201,0,0,3.77600,957.905,2.374,13.000,4.014,14.736,18.777,29.982,0.000,0.000,0,0,1.5385,71,142,71,83,62
37,post_landing,112,1881.0,59,111.716,485.910,-1.46457,0.36708,1.50988,-0.017127,-0.492671,0,0,3.77600,957.905,2.374,13.000,0.000,5.759,18.762,30.003,0.000,0.000,0,0,1.5385,71,142,71,83,62
37,post_landing,113,1898.0,59,110.245,486.432,-1.53546,0.17944,1.54591,0.000000,-0.509874,0,1,3.77600,957.905,2.374,13.000,0.000,3.979,18.742,30.014,0.000,0.000,0,1,1.5385,71,142,71,83,62
37,post_landing,114,1915.0,59,108.793,486.450,-1.28496,0.16854,1.29596,-0.008392,-0.509874,0,1,3.77600,957.905,2.374,13.000,0.000,3.979,18.742,30.014,0.000,0.000,0,1,1.5385,71,142,71,83,62
37,post_landing,115,1931.0,59,107.502,486.567,-0.97270,0.06738,0.97503,-0.023132,-0.518303,0,1,3.77600,957.905,2.374,13.000,0.000,3.970,16.125,30.016,0.000,0.000,0,1,1.5385,71,142,71,83,62
37,post_landing,116,1948.0,59,106.525,486.889,-1.08962,0.13288,1.09769,0.001822,-0.541537,0,1,3.77600,957.905,2.374,13.000,0.000,3.943,16.120,30.012,0.000,0.000,0,1,1.5385,71,142,71,83,62
37,post_landing,117,1965.0,59,105.494,486.887,-1.14405,0.15110,1.15398,0.008857,-0.539813,0,1,3.77600,957.905,2.374,13.000,0.000,3.945,16.121,30.013,0.000,0.000,0,1,1.5385,71,142,71,83,62
37,post_landing,118,1981.0,59,104.345,486.768,-1.16925,0.14631,1.17837,0.009173,-0.530918,0,1,3.77600,957.905,2.374,13.000,0.000,3.956,16.123,30.016,0.000,0.000,0,1,1.5385,71,142,71,83,62
